t,base_x,base_y,base_z,base_yaw,site_x,site_y,site_z,tracking_error,solve_time_ms,iterations,converged
5.0843e-05,-1.2532141275685372e-06,1.7253729854876522e-08,0.0,-2.841576693003261e-07,0.576641536724259,0.0013453939442792202,0.7678367869973467,0.001118172,10.339382,29.0,1.0
0.020078174,1.9379902897575733e-06,2.0476088335741857e-05,0.0,0.00010300083876988804,0.5766283785593136,0.0013238838170919669,0.7658532262004653,0.006251982,10.307848,29.0,1.0
0.040006052,6.618665863810233e-05,0.0003469454761152799,0.0,0.0016330144742260405,0.5769501919825577,0.0013261756160899353,0.7641471468289045,0.009965708,10.958897,12.0,1.0
0.059989399,0.00018048143815986876,0.0008709470979599435,0.0,0.003571081723787091,0.5775169410416987,0.0013577393556051319,0.7629965442199838,0.012527863,10.290025,14.0,1.0
0.080017203,0.0002997848627874223,0.0013700157508560755,0.0,0.0052369006315772775,0.5781065933948129,0.0013360557579135894,0.762116088633506,0.015127122,10.189007,28.0,1.0
0.099981999,0.00034007112546743067,0.001515767374929469,0.0,0.006096689938282413,0.5782952607169048,0.0013550655885821335,0.7602487925795096,0.019658477,10.259491,26.0,1.0
0.119998382,0.00041738343086484794,0.001787550431451114,0.0,0.007598372274953819,0.5786537208448093,0.0013006477725365341,0.7587029718581636,0.02323068,10.081768,26.0,1.0
0.13998673,0.00044814079271333554,0.0018939816534270448,0.0,0.00858035128991458,0.5788845914336586,0.0011811453253337068,0.7568437656998481,0.027507887,10.475631,11.0,1.0
0.160003365,0.0005172228626771731,0.0021075775199182593,0.0,0.010278709333573968,0.5793165769926777,0.0009278782965469795,0.7553421455262543,0.030639198,10.19182,7.0,1.0
0.180104588,0.0005399372210628429,0.0021791495539522443,0.0,0.0110290086509706,0.5794891049163587,0.0007683016689224749,0.7537205867977907,0.035108237,10.838675,7.0,1.0
0.200129618,0.0006129122950628738,0.0023817930806510528,0.0,0.012924219617387354,0.5799220452732237,0.0004985499292153329,0.7522409761325087,0.038043479,10.340639,15.0,1.0
0.219985588,0.0006381572529127181,0.0024630948712009537,0.0,0.013799150084921828,0.5801376001317465,0.00021640408172619245,0.7505163567069262,0.042185874,10.038699,23.0,1.0
0.240097796,0.0006977964286778427,0.0026235569285508738,0.0,0.015525847288410033,0.5805292679834855,-9.868247359432435e-05,0.7491809948900217,0.045280128,10.163609,23.0,1.0
0.260017958,0.0007359708149248634,0.002729310948947727,0.0,0.016728536721878517,0.5807627520706057,-0.00031641321955578564,0.7473865081931876,0.049231394,10.315593,12.0,1.0
0.279983863,0.0008178326778282742,0.002932062363074258,0.0,0.01878254901323299,0.5812291771304315,-0.0005879961173834235,0.7459327839605873,0.051960163,10.309717,18.0,1.0
0.299981195,0.0008689555450080554,0.0030624153758619134,0.0,0.020206111554764622,0.5814869529258676,-0.0008178594602770622,0.7442035067096151,0.05565324,10.124972,15.0,1.0
0.319988924,0.0009531140210558276,0.0032591563310821227,0.0,0.022128110790666365,0.5819216767078166,-0.0010333664391988955,0.7429157093464213,0.058532209,10.043981,12.0,1.0
0.339983949,0.001007339457173707,0.003389381235550916,0.0,0.023553204056692326,0.5821681998134919,-0.001195808107895956,0.7411524519222465,0.06230151,10.129786,18.0,1.0
0.359984052,0.0011079356977733578,0.003613001816255076,0.0,0.02573516420939092,0.5826285656783634,-0.0013847864299018843,0.7398612280642168,0.064952345,10.129825,23.0,1.0
0.379984332,0.0011645826644512158,0.0037467441861208884,0.0,0.02709411072813564,0.5828767491933615,-0.0015611185666113728,0.7381062180939871,0.068724512,10.399235,10.0,1.0
0.399985794,0.0013152254881696314,0.004067166539405674,0.0,0.029888898344196765,0.5834669040089396,-0.0018715201790940944,0.7368049197419261,0.07048515,10.652888,8.0,1.0
0.419992505,0.001510613370367862,0.004458904125219962,0.0,0.03255905137385203,0.5842262866850425,-0.0022335541919725824,0.7360350798911907,0.071840639,10.109992,13.0,1.0
0.440007294,0.001590628701268002,0.0046204987972864025,0.0,0.03388737891588987,0.584468779322368,-0.002363388523761981,0.7343632383783488,0.075654598,10.730521,9.0,1.0
0.459988783,0.001800227968840106,0.005025671807793631,0.0,0.036834328649556394,0.5850588537495165,-0.002478134570301056,0.73294740198797,0.077480174,10.102318,13.0,1.0
0.479997344,0.002050255752595521,0.005491906597694793,0.0,0.03963301744265867,0.5858358452677348,-0.002593695455284156,0.7320414689722431,0.07898512,10.138507,24.0,1.0
0.50000381,0.0021489630919538246,0.005682850030495058,0.0,0.04103628769863639,0.5860850615449482,-0.0026205948416619645,0.7302953728652339,0.082771346,10.718198,15.0,1.0
0.519994353,0.002407286063983129,0.006159152038983962,0.0,0.04411528721239227,0.5867329702540689,-0.0027501555945799385,0.7289513673290019,0.084355361,11.112586,8.0,1.0
0.540051862,0.0027272951438311217,0.0067308523418264325,0.0,0.04706000405722245,0.5876105277567625,-0.0028829677170480504,0.7281770382870366,0.085501663,10.389626,9.0,1.0
0.560001088,0.002838490144077137,0.00693554998629686,0.0,0.04849059824715936,0.587882967060608,-0.0028936162004708967,0.7265104747004801,0.089191102,11.001464,8.0,1.0
0.579988873,0.0031327200071091816,0.007456550601714875,0.0,0.051671810148856634,0.5885437398649292,-0.002976305140812365,0.7251395888842814,0.090713424,10.44701,12.0,1.0
0.600045103,0.0034777848549856884,0.008050721054986464,0.0,0.054694433212519766,0.5894257026069399,-0.0030023133137879743,0.724290020301136,0.091946149,10.267511,20.0,1.0
0.620036028,0.003606153355622786,0.00827880288628576,0.0,0.05619151471975741,0.5896905311331639,-0.0029533932413087598,0.7225527973611383,0.095627757,10.307027,28.0,1.0
0.639986529,0.003972463229630473,0.008902870806718663,0.0,0.05981661369684443,0.5904469117203095,-0.0030434415550945086,0.721250712121507,0.096620716,10.113288,15.0,1.0
0.660000928,0.0043574425073789,0.009543109366930869,0.0,0.0628151196050939,0.5913880406777678,-0.003002137776168193,0.7204493284401634,0.097806832,10.17088,16.0,1.0
0.679981777,0.004512642328589587,0.009804358631813984,0.0,0.06449957871022813,0.5916641785969875,-0.0028802798044305126,0.7187184462297359,0.10136645,10.013019,21.0,1.0
0.699981285,0.004937770897170548,0.010499671713455313,0.0,0.06829897838487706,0.5924605139559536,-0.0028761611684581154,0.7174218731791121,0.10225261,10.09692,25.0,1.0
0.719981861,0.005378980281535487,0.011207220136365954,0.0,0.07140389943020163,0.5934562211593842,-0.0027369338031276178,0.7166333563509909,0.10335139,10.227775,27.0,1.0
0.740032746,0.005552719808955891,0.011489899515800133,0.0,0.07312414514540796,0.5937412957841244,-0.002564287709000152,0.7149041900060463,0.106897004,10.022278,28.0,1.0
0.759980949,0.006028366984025707,0.01224337132147637,0.0,0.0770126270695619,0.5945688683327545,-0.0025315275492167693,0.713620446968003,0.107678261,10.154251,28.0,1.0
0.779979674,0.006520146633040174,0.013008639816787926,0.0,0.08019061322299317,0.5956114139146863,-0.0023323805383608847,0.7128507452230161,0.108703451,10.237996,28.0,1.0
0.799983807,0.006711409108846931,0.01331034159077277,0.0,0.08194331654092142,0.5959030338567062,-0.002117430698167176,0.7111242237311439,0.112211488,10.103517,17.0,1.0
0.819985935,0.007234644843572171,0.014115638930147034,0.0,0.08590817434252902,0.5967566862696471,-0.0020553301215026527,0.7098501688727872,0.112934845,10.055321,14.0,1.0
0.840020495,0.007774297791393983,0.014932706866159526,0.0,0.08915005496310077,0.5978404458820138,-0.0017985097675145062,0.7090966908932034,0.113913967,10.212784,20.0,1.0
0.860000472,0.007982725341803406,0.015252201784655695,0.0,0.0909325877954137,0.5981373132780522,-0.0015425029913637123,0.7073730326377752,0.117396301,10.115816,25.0,1.0
0.879984756,0.008552412396627533,0.01610580297518978,0.0,0.09496626757864787,0.599013919097031,-0.0014502472132910129,0.7061081613665239,0.118059608,10.311897,27.0,1.0
0.899979671,0.009138907118111151,0.016971344457684598,0.0,0.09826577438107303,0.6001355054654178,-0.001135444759782455,0.7053703797919264,0.118989296,10.056339,28.0,1.0
0.919998309,0.009364452068397878,0.017307886010133198,0.0,0.10007459248043953,0.600436695739324,-0.0008379945854438608,0.7036498843289148,0.122467676,10.322414,19.0,1.0
0.939988225,0.009980358450661598,0.018207695136074814,0.0,0.10416923787696566,0.6013339010580715,-0.0007138573009905641,0.7023936084765691,0.123090357,10.087035,11.0,1.0
0.960005874,0.01061350848447868,0.019119721917422845,0.0,0.10752000296676181,0.6024909437692053,-0.0003391556753992572,0.7016710439616942,0.123998407,10.231138,19.0,1.0
0.979998722,0.010856275353251992,0.01947281710522943,0.0,0.10935145674328542,0.6027957702127367,8.246489896493112e-07,0.6999540518334634,0.127464521,10.159643,24.0,1.0
0.999998956,0.01151861415412293,0.02041747062824538,0.0,0.11349894962215454,0.6037116979135362,0.0001586710420285707,0.6987061082470702,0.128060288,10.349961,27.0,1.0
1.019978417,0.012223626705289259,0.02140967508462995,0.0,0.11709764857322535,0.6049629342992265,0.0006729445805899502,0.697856707933582,0.128813979,10.246782,21.0,1.0
1.040008337,0.012458802484885779,0.0217439463710147,0.0,0.11874473295224548,0.6052103211251482,0.0009795025144176692,0.6962855682452674,0.132419135,10.299303,17.0,1.0
1.059982537,0.013111075273540716,0.022654465930891682,0.0,0.12256482566228605,0.6060771173033246,0.0011834624431203413,0.6950233469972082,0.133369018,10.025301,24.0,1.0
1.079997603,0.014163203967208314,0.024099755747631027,0.0,0.12737845520950103,0.6076243529375337,0.0014900089376067432,0.6944219099942932,0.132450265,10.024156,16.0,1.0
1.099994935,0.015112447377543688,0.025388299376284344,0.0,0.13093126047619258,0.6092322664528085,0.0019964143427603134,0.6941260099200001,0.132540139,10.31106,6.0,1.0
1.120001679,0.015441509360180876,0.025831233017428422,0.0,0.13272143158087163,0.6095628366065473,0.002578882034707833,0.692399116057067,0.136117411,10.10888,6.0,1.0
1.140061832,0.016068174442984084,0.026673445319178694,0.0,0.13575881608027157,0.610331177293178,0.0030355569632352945,0.6911181604037038,0.138042873,10.303887,6.0,1.0
1.160001077,0.016273058719887337,0.026968455894190117,0.0,0.13765221239347442,0.610643847215723,0.00332105513910237,0.6894366941881107,0.141439287,10.910633,8.0,1.0
1.180109689,0.01673790630746108,0.027607914681572473,0.0,0.1409690535719478,0.6113259887917714,0.0032866470404437553,0.6883725677603274,0.142990684,10.301925,11.0,1.0
1.200037087,0.017571852390193175,0.028727674911639235,0.0,0.14550282095692377,0.6126211263674551,0.0033060069368445917,0.6877889365245445,0.142644539,10.418108,12.0,1.0
1.219991663,0.018633711408033958,0.030127346590713134,0.0,0.15022444058463902,0.61430334366416,0.00337455081286789,0.687596060551313,0.141582166,10.10686,17.0,1.0
1.240039193,0.019375392909312113,0.031092361700078362,0.0,0.15318776556514563,0.6153633483941338,0.0035513552957225844,0.6869082743083701,0.142771239,10.066418,20.0,1.0
1.260000914,0.020408189522930904,0.03242390598618423,0.0,0.15725214377434088,0.6168427810348542,0.0037808603025303276,0.6862970935572146,0.142654133,10.45255,8.0,1.0
1.279992598,0.02122751064016135,0.03347099269000849,0.0,0.1604010295914406,0.6179233887818937,0.0041015878551973455,0.6853457069405485,0.143836297,10.567312,11.0,1.0
1.300001873,0.02222902613990512,0.0347410607575984,0.0,0.16413145197055562,0.6192545414372288,0.004376786258259737,0.6847893294411238,0.1441802,10.480619,9.0,1.0
1.320000923,0.02356744943242075,0.03642181038580212,0.0,0.16874974081496474,0.6211116780044725,0.004831168349403475,0.6845197063678288,0.143273268,10.52928,11.0,1.0
1.339987962,0.02452296869090419,0.03761220337162386,0.0,0.1718063031865474,0.6223492880285402,0.005330250258903707,0.6836895903993071,0.144380515,10.20249,18.0,1.0
1.360004449,0.025604440630964984,0.038949842965270313,0.0,0.1754735658747112,0.6237459474145542,0.005723818992509589,0.6831199948070834,0.144847689,10.134591,23.0,1.0
1.379980501,0.02655197986634392,0.04011384005035935,0.0,0.17866302160004519,0.6249064259218813,0.0063117519224420784,0.6821404884012192,0.146120811,10.167958,26.0,1.0
1.399980574,0.02791092127990114,0.04177033985279595,0.0,0.18321458792588896,0.6265278009354605,0.006804566042416598,0.6815327094038097,0.145707673,10.145206,27.0,1.0
1.420007823,0.02907902627324232,0.04318286955695732,0.0,0.18668635594116778,0.628180914123095,0.007630158554294639,0.6812037232295302,0.146337037,10.230755,28.0,1.0
1.439997006,0.02944866934659987,0.043624623579561816,0.0,0.188359268795093,0.6284617653961391,0.00845087166867169,0.679428947146607,0.150205618,10.131631,26.0,1.0
1.459984418,0.030454117807597353,0.04482631907906689,0.0,0.19229898366716416,0.6293534918201639,0.009067405887658905,0.6780162826027826,0.151491251,10.037903,18.0,1.0
1.480083809,0.031691405954287565,0.046298017455002734,0.0,0.1960631316606169,0.6307472467792212,0.010001084904276437,0.6773032162495766,0.152275643,10.294698,15.0,1.0
1.500119929,0.033101972592780894,0.04796251340971344,0.0,0.19947401711408091,0.6325583924036506,0.011201603293244688,0.6768627325339308,0.152860565,10.190488,14.0,1.0
1.519988124,0.03342730028269731,0.048316902010956425,0.0,0.19936158688822278,0.6326426841902679,0.012096193129249477,0.6752603660990524,0.153687772,10.178296,21.0,1.0
1.540084593,0.03428539431488218,0.0492850314701174,0.0,0.20051503857862804,0.6331557407315507,0.012724116120976587,0.6743175335299887,0.152699398,10.22937,26.0,1.0
1.559983507,0.035687603774308914,0.05087076330319129,0.0,0.20213352192922704,0.6344100659518628,0.014062657732229998,0.6740781139003187,0.15054599,10.275824,18.0,1.0
1.579988541,0.03712284452557933,0.05249080707575999,0.0,0.20350538455434486,0.6359982607086352,0.015827924528266604,0.674282002032297,0.148427742,10.524232,11.0,1.0
1.600004246,0.03742697843908346,0.052827969190571755,0.0,0.20384948983192702,0.6361668601239572,0.016674053368424084,0.6729748348801913,0.149003571,10.158232,12.0,1.0
1.620081439,0.03835452028184823,0.05385690210888127,0.0,0.20481755983095193,0.636730976299848,0.017098231650231655,0.6718007076803487,0.148063457,10.154681,19.0,1.0
1.639986607,0.039735471084675796,0.055383512460580916,0.0,0.20601714676022925,0.6379188965669479,0.0180281258784281,0.671479893765208,0.146114525,10.240162,25.0,1.0
1.659964113,0.041026810124719336,0.05680468356166397,0.0,0.207014137717097,0.6393006924138576,0.019374539968917324,0.6716443400394162,0.144398643,10.293268,20.0,1.0
1.680000312,0.04138861891641752,0.0571913003684453,0.0,0.2073248499876611,0.6394837907471485,0.020287987846896935,0.6702126444077117,0.145117729,10.104321,16.0,1.0
1.699984604,0.04233322921472164,0.05820587301404796,0.0,0.20809437223309427,0.6400442839351768,0.02078854608764928,0.6691503260832848,0.144406958,10.175965,22.0,1.0
1.719982567,0.04380092682466819,0.0597785336395263,0.0,0.2091390473942119,0.6412619744511402,0.021816780930697187,0.6690023978553908,0.142513003,10.109222,26.0,1.0
1.740015144,0.045077125276378235,0.061141269063420975,0.0,0.20993198339704267,0.6426412760780928,0.023327941995817177,0.6693090416775777,0.141030588,10.030769,28.0,1.0
1.759980446,0.045542153439033436,0.06162494550378041,0.0,0.21027798406515663,0.642871619604287,0.024268056520114486,0.6679596867990352,0.141679796,10.307733,14.0,1.0
1.779988998,0.04657959947744641,0.06270696458421883,0.0,0.21092723626703977,0.6434980309860947,0.024898612590179482,0.6669787402864871,0.14102843,10.273871,17.0,1.0
1.800000683,0.04785589884793856,0.06403630759558117,0.0,0.21161490852173312,0.6445596557226851,0.025941052674689394,0.6668587909027384,0.139714064,10.227521,23.0,1.0
1.820134973,0.0493059074276525,0.06554245610228181,0.0,0.21231469110852183,0.6460504916620422,0.02762706936578164,0.667241812331303,0.138088585,10.001048,26.0,1.0
1.840019278,0.04970050374356391,0.06593979925491242,0.0,0.21250202799136578,0.6462094288353853,0.028523871871963716,0.6659179175259017,0.139000842,10.701813,12.0,1.0
1.860047289,0.05053753546119195,0.06678770092913686,0.0,0.21288293548583623,0.6466627860234496,0.02902607716071126,0.6650226565468014,0.138830456,10.175079,12.0,1.0
1.88000247,0.051914218167297875,0.06818189927568065,0.0,0.21345901720841937,0.6477440358384414,0.030121054556059103,0.6649151137280084,0.13748098,10.041829,15.0,1.0
1.899988634,0.05323276392945803,0.06951296443480831,0.0,0.2139731257432438,0.6490994021764898,0.03182648049994219,0.6652602069301492,0.136230217,10.503345,12.0,1.0
1.9199849,0.053485441278352766,0.06975953207099986,0.0,0.21403520089639078,0.6491540221128433,0.032605184353984386,0.6639972441844862,0.137480794,10.231651,20.0,1.0
1.939999439,0.054429132970630324,0.07068905852937288,0.0,0.2143298871011227,0.6495860592493896,0.033073834874323874,0.6630145539877972,0.137293973,10.21686,24.0,1.0
1.959980962,0.055890372995862504,0.07212795481416423,0.0,0.2147770685451426,0.6507025204882468,0.03423901260692823,0.6630735208578564,0.135844046,10.096525,26.0,1.0
1.9799802,0.057151587444166374,0.07336763684789267,0.0,0.21513216138324484,0.6519917098639073,0.03590723924194164,0.6636161513333829,0.134666306,10.234437,17.0,1.0
1.999997456,0.057607308980342914,0.07380308069776523,0.0,0.21521929664734454,0.6521814160263266,0.0368763022430144,0.662400338805903,0.135686771,10.198908,12.0,1.0
2.020120526,0.05840515787923711,0.0745680004696378,0.0,0.21535182963511176,0.6526019835971496,0.03748137566875466,0.661553061081955,0.135873076,10.097625,19.0,1.0
2.039996717,0.05981233245552027,0.0759174041161499,0.0,0.21560077768314867,0.6536062805720545,0.03860246658285382,0.6615217194442026,0.134647977,10.174147,13.0,1.0
2.059995268,0.061244421600866156,0.07728852719651294,0.0,0.21584728272793777,0.6550028899368311,0.04043949501683975,0.6621497868336855,0.133219999,10.286401,15.0,1.0
2.079984544,0.061556233373124394,0.07757522568799759,0.0,0.21582208258262026,0.6550896760103836,0.04135794717864099,0.6609109563982059,0.134589329,10.91081,15.0,1.0
2.100097577,0.06239379969409817,0.07835442734489,0.0,0.21582408864937436,0.6554470631662865,0.04182677636863599,0.6600857631939832,0.134759206,10.344309,10.0,1.0
2.119988057,0.06375641767423419,0.07962389900321895,0.0,0.21590953188393164,0.6564416992532263,0.04302951030283033,0.6601652383921265,0.133633225,10.04319,19.0,1.0
2.140088382,0.06501543071578926,0.08079563609109382,0.0,0.21600152944170325,0.6576441210182992,0.04468672345487643,0.6607770337804503,0.132518936,10.320799,25.0,1.0
2.16002395,0.06536197805224278,0.08110641520594228,0.0,0.21594020168971517,0.6577585417151247,0.045649335497708415,0.659601693670787,0.133881519,10.077752,27.0,1.0
2.179982627,0.06634219515645337,0.08199283313391138,0.0,0.21581882838816951,0.6581864982006702,0.04626380679447917,0.6588028447145321,0.133876933,10.31812,17.0,1.0
2.199987976,0.06754435539437674,0.08308127069247506,0.0,0.21576897041046264,0.6590662379277935,0.047427195934435964,0.6589758055406201,0.133005649,10.014271,12.0,1.0
2.219982951,0.06890253725041552,0.08431012303106723,0.0,0.21574245763115313,0.6603454473647613,0.04929810273860728,0.6597502579410368,0.131639824,10.27077,19.0,1.0
2.240001703,0.0692702571794754,0.0846295500072996,0.0,0.21560837712037215,0.6604373783769092,0.050202153356648294,0.6586254047673805,0.132988733,10.570298,12.0,1.0
2.26001048,0.07004970945685962,0.08531282391748556,0.0,0.21540426427796278,0.6607551499228701,0.05075552825492534,0.6578881606092954,0.133354835,10.52366,9.0,1.0
2.279997557,0.07132802169264449,0.08643625244865695,0.0,0.21520143624725474,0.6616288411495082,0.051964872817854384,0.6580499526697478,0.132365451,10.266608,11.0,1.0
2.299987546,0.07254849642073484,0.0875073555881552,0.0,0.21504432037837093,0.6627746264734857,0.05378433722874795,0.6587330020526452,0.131287322,10.11429,12.0,1.0
2.31999791,0.07284453087405464,0.08775607629855328,0.0,0.21489157647100246,0.6627978854733251,0.054536741674446956,0.6576589915833808,0.132769538,10.178188,20.0,1.0
2.339986463,0.07370177507643337,0.08848437442229565,0.0,0.21454822164396345,0.6631195018916088,0.05515638053744165,0.656891349465779,0.133054971,10.060783,25.0,1.0
2.35997986,0.07502577594543766,0.08961220381785832,0.0,0.21418129223758478,0.6639978343912121,0.05641779538932594,0.6572080235452269,0.131872121,10.090615,27.0,1.0
2.380002727,0.07617096663882514,0.09058771677996569,0.0,0.21394489391396823,0.6650688485522877,0.05814694303663083,0.6580459081139326,0.13078009,10.290597,28.0,1.0
2.400073645,0.07651548993623487,0.09086981865035013,0.0,0.2137289707671286,0.6651468902442432,0.059057258971497835,0.6569788407038308,0.13225953,10.243016,28.0,1.0
2.420006495,0.07745409038026072,0.09164419627080804,0.0,0.213234977591073,0.6654952314393037,0.05970133003140286,0.656270469349759,0.132400816,10.025333,28.0,1.0
2.440004739,0.0785955142182017,0.09258800778725718,0.0,0.21282495895862982,0.6662691687156834,0.060898785976288144,0.6565697981132557,0.131563216,10.094624,28.0,1.0
2.459999017,0.07987910775981777,0.09364935117612132,0.0,0.21244310196612456,0.6674175099203213,0.0628034520316865,0.6575186882968903,0.130121657,10.044615,28.0,1.0
2.479978782,0.0802247508406017,0.09392126059749091,0.0,0.2121503508867976,0.6674707519834154,0.06367912366896637,0.6564933453055903,0.131580433,10.187116,21.0,1.0
2.499999092,0.0809572834485717,0.0945042446247232,0.0,0.21165976375428833,0.6677165727573379,0.06424141360153642,0.6558433146157837,0.132075871,10.065503,15.0,1.0
2.51999703,0.08215617612867754,0.09546222685221403,0.0,0.21107296216878985,0.6684719037287864,0.06547198005620006,0.6561445240682934,0.131083641,10.120836,20.0,1.0
2.53997988,0.08338020631333057,0.09644075160353506,0.0,0.2105822789810177,0.6695417715791656,0.06731586835544097,0.6571224716839085,0.129658398,10.197483,22.0,1.0
2.559987583,0.08371129782113716,0.09669085993867348,0.0,0.21023726468034504,0.6695735395102648,0.06816192751270843,0.6561278327996606,0.131145291,10.3711,17.0,1.0
2.579981132,0.08441265018052013,0.09722807587353664,0.0,0.20965838650036267,0.6697844318337545,0.06872327341445046,0.6555093486445436,0.131671961,10.268863,22.0,1.0
2.599980475,0.0855608614368775,0.09811190462528929,0.0,0.20895278273010004,0.6704802454754853,0.06994476107937583,0.6558567246112232,0.130677425,10.192166,17.0,1.0
2.620000843,0.08662600565493479,0.09893232284558053,0.0,0.2083884036005068,0.6713838614831974,0.07157288688856585,0.6567676669807828,0.129522394,10.289822,16.0,1.0
2.640020557,0.0869205751556915,0.09914638447989257,0.0,0.20804966476850703,0.6714076641428036,0.0724250603034992,0.655794811324739,0.131104766,10.474164,17.0,1.0
2.659984191,0.08768811635605868,0.09971205762610247,0.0,0.2073001354492798,0.6716134737303151,0.07304813298726237,0.655147946149383,0.131503237,10.077135,18.0,1.0
2.679980299,0.08887059912960055,0.10058771776260197,0.0,0.20641084904827126,0.6723078262037158,0.07431137833094749,0.6556421408949732,0.130262272,10.337577,14.0,1.0
2.700003133,0.08989123034848959,0.10134434676495158,0.0,0.20578825616278767,0.6731928464230498,0.075995283823046,0.6566730883232511,0.129036108,11.15495,8.0,1.0
2.719992238,0.09019757412195681,0.1015598508160086,0.0,0.20538539683175822,0.6732128440812037,0.07681810514731098,0.6557282831866715,0.130606598,10.175606,12.0,1.0
2.740089118,0.09091265588928901,0.1020677416368954,0.0,0.20457744127272634,0.673388322960585,0.07736097303828691,0.6551380719708934,0.131099111,11.051032,6.0,1.0
2.759994199,0.09198335087154452,0.10283150687910698,0.0,0.2036982148141624,0.6740300068519941,0.0786081494774358,0.6555636708156615,0.13010839,10.086114,8.0,1.0
2.780094156,0.09308968745441859,0.10362120132949887,0.0,0.20290602001373234,0.6748705629299161,0.08020330696000622,0.6566210218330663,0.128597608,10.195977,15.0,1.0
2.800091578,0.09330286305846888,0.10375873650988801,0.0,0.2025753554941832,0.6748982213308338,0.0811433939911529,0.6558570918527838,0.130192088,10.261613,22.0,1.0
2.820042128,0.09393790881074525,0.10418297651385111,0.0,0.20168577261687629,0.6749678748483774,0.08172642071855127,0.6552134574004584,0.130736893,10.230151,26.0,1.0
2.839998005,0.09495841524537667,0.10487195399547952,0.0,0.20057669339556755,0.6754808189566378,0.08289578376799138,0.6557269159931198,0.129561033,10.251316,25.0,1.0
2.860086487,0.09585073733697666,0.10547606471259947,0.0,0.19978120711751313,0.6761976049837581,0.08445841420936787,0.6568065141648673,0.128330778,10.078655,25.0,1.0
2.879999851,0.09612394543824222,0.1056492583092191,0.0,0.1992901594823926,0.6761747961725487,0.08519831882303598,0.6559182208922331,0.129926701,10.226311,20.0,1.0
2.899984685,0.09686580183181565,0.10612571643128542,0.0,0.19816123239548314,0.6763130347292886,0.0858076347137934,0.6553914418465819,0.130188687,10.323423,15.0,1.0
2.919981138,0.09776668670297979,0.10670727288356391,0.0,0.1971362871547157,0.6768004788810439,0.086912852803813,0.6559188238840712,0.129282504,10.096189,21.0,1.0
2.939982695,0.09877916219534254,0.10736150050316932,0.0,0.19614673278762423,0.6775857222559865,0.08864855203913415,0.6571608921479057,0.127585878,10.440876,21.0,1.0
2.959989627,0.09900235923764293,0.1074930768534681,0.0,0.1957018188317095,0.6775290728259913,0.0893516647689989,0.6562582880068181,0.129315281,10.091529,18.0,1.0
2.980000817,0.09959817902908415,0.10785422611120288,0.0,0.1946695218563698,0.6775928450871903,0.08982349754431428,0.6557120008903101,0.129916172,10.452063,11.0,1.0
2.999994253,0.1005621035593217,0.10844296893299432,0.0,0.19340169167142138,0.6780721546904199,0.09095999226379704,0.6562596888795214,0.128765089,10.396999,12.0,1.0
3.019989867,0.10153819109939898,0.10903999001518544,0.0,0.19232568603173736,0.6788123904242872,0.09264300353299249,0.6575284016180313,0.127039477,10.570762,13.0,1.0
3.039998382,0.10174239864461128,0.10915270681444998,0.0,0.19186667977291963,0.6787696465807357,0.09329753140795696,0.6567919001287255,0.128697724,10.158961,14.0,1.0
3.059983686,0.10236274603918315,0.10950529072467273,0.0,0.19069031098109837,0.6788198858378509,0.0938475214952123,0.6562174805375218,0.129205829,10.040945,20.0,1.0
3.079980263,0.10332903597478374,0.11005917422994033,0.0,0.18924581524005127,0.6792662532962817,0.09498515229743089,0.6568285146632398,0.127885391,10.082452,24.0,1.0
3.100001364,0.10416368154837141,0.11053837843645178,0.0,0.18821002193251807,0.6798983704215006,0.09648384802082136,0.6580106785175243,0.126487232,10.24199,26.0,1.0
3.119978939,0.10441371146625748,0.11066967460945334,0.0,0.18760876398920853,0.6798457538452534,0.09715363230900566,0.6571892183515924,0.12811543,10.012628,27.0,1.0
3.139979728,0.10509295411100521,0.11103239869323055,0.0,0.186217782961283,0.679922556725464,0.0977296465084049,0.6567399959528912,0.128352907,10.024718,27.0,1.0
3.1600077,0.1058358353839364,0.11143031672928118,0.0,0.18503090749170867,0.6803040698609104,0.09875447294992612,0.6572831821817008,0.12763821,10.076372,27.0,1.0
3.179997109,0.10649492280610674,0.11177421484006797,0.0,0.18396454824298286,0.6805959345104914,0.09988545417020535,0.6576413262423382,0.127164797,10.159244,27.0,1.0
3.199979596,0.10730010039422382,0.11218751214855008,0.0,0.1826104458057184,0.6810164850036344,0.10119041308982546,0.6584571433114618,0.125879848,10.288631,28.0,1.0
3.219978346,0.10795227699140945,0.1125115641333429,0.0,0.18149279283936365,0.6812808399318103,0.10233591637965456,0.6588947216999488,0.12524515,10.247739,28.0,1.0
3.239992003,0.10862984183173985,0.11284356816774474,0.0,0.1803418098683592,0.6816302580203888,0.10350048817859356,0.6596949982552822,0.124244334,10.092427,28.0,1.0
3.259979595,0.10922162327589872,0.11312374455107237,0.0,0.17924143995373853,0.6818566843377123,0.1045993780077619,0.6601215463426484,0.123714073,10.298302,29.0,1.0
3.279978748,0.10994319892714904,0.11345804078263036,0.0,0.17782948634703413,0.6821806208490804,0.10581638659778009,0.660941406047532,0.12244554,10.05543,28.0,1.0
3.299999619,0.11044948714495212,0.11368379601306247,0.0,0.176839514513939,0.6823500862393183,0.10677015225301804,0.6613104828740899,0.122170617,10.291819,28.0,1.0
3.319978899,0.11113600838606452,0.11398380125340285,0.0,0.17545890677443535,0.6826420371256311,0.10797428640013837,0.6621683235276385,0.120877356,10.14572,28.0,1.0
3.340001265,0.11169359879531181,0.11421575755474549,0.0,0.17421935384011078,0.6828062774865626,0.10902091871945702,0.6626261362485601,0.120255289,10.281759,28.0,1.0
3.359983619,0.11227392220645384,0.11445216581664741,0.0,0.17296250235096475,0.6830400395148692,0.11006888827385002,0.6634032011699614,0.119305912,10.133625,22.0,1.0
3.380012294,0.11278313584015966,0.11464984367885786,0.0,0.1717748182152522,0.6831722666490989,0.11105905553005059,0.663810637247135,0.118835308,10.247314,16.0,1.0
3.399984841,0.11340509032474215,0.11488468802226963,0.0,0.1703206171426159,0.6833901678531233,0.1121709286676965,0.6646362817200633,0.117607065,10.526215,14.0,1.0
3.420006302,0.1138437972672262,0.11504075537844498,0.0,0.16922127624907213,0.6834879470252422,0.11304195466017138,0.6650124088401491,0.117355306,10.405578,15.0,1.0
3.440000402,0.11443972177878328,0.115246307004976,0.0,0.16771916628885544,0.6836748708354381,0.11412667766760387,0.6658351170955948,0.116132307,10.446301,15.0,1.0
3.459989393,0.11489217590321331,0.11539223007830354,0.0,0.166539804660664,0.6837546573367146,0.11505386482583758,0.6662193497761105,0.115745589,10.299641,14.0,1.0
3.480028737,0.11540520764986853,0.11555143152884641,0.0,0.1651206647899609,0.6838893213928563,0.11598397413130093,0.666927652411993,0.114862302,10.448298,22.0,1.0
3.500072186,0.11584950691804025,0.11567928370200652,0.0,0.16386129703096114,0.6839508887260407,0.1168843164153838,0.6673271477307947,0.114435683,10.29701,12.0,1.0
3.519986862,0.11639009126819637,0.11582826792029229,0.0,0.16231868659288076,0.6840804934930687,0.1179102555498548,0.6681417926035036,0.113245244,10.402015,13.0,1.0
3.539999994,0.11677177557315262,0.11592398912173892,0.0,0.16114991239518622,0.6841170497283924,0.118704227305597,0.6685064067951693,0.113039512,10.634655,9.0,1.0
3.559993121,0.11729044297577565,0.116047298566959,0.0,0.15955280044490458,0.6842196602374404,0.11968975319402086,0.6693063356592074,0.111874137,10.555619,14.0,1.0
3.579989168,0.11764800848011571,0.11612295763968625,0.0,0.15839909765543267,0.6842336128839679,0.12050966142701426,0.6696145424001408,0.111752894,10.330795,18.0,1.0
3.600097081,0.11794935752458885,0.11617721083371944,0.0,0.15718737767118363,0.6841521971143946,0.12111505669621482,0.6696006328641241,0.112074922,10.054515,23.0,1.0
3.620083923,0.11837581281014964,0.11624856366360894,0.0,0.1555476052444151,0.6841451068129386,0.12195421365271142,0.6701934006793362,0.111232273,10.070258,26.0,1.0
3.639984471,0.11873621909715142,0.11629766216603153,0.0,0.15409095800502356,0.6840973620956097,0.1227406465548115,0.6705542104636384,0.110824609,10.124567,27.0,1.0
3.660002035,0.11911577286178668,0.11634408743126513,0.0,0.15261598703634224,0.6841122119524641,0.12355214744027299,0.6712781337827698,0.110036128,10.529855,19.0,1.0
3.680003984,0.11945474700687532,0.11637587113789945,0.0,0.15122900311090107,0.6840660902889137,0.12431608296945464,0.671657516616899,0.109698384,10.50514,14.0,1.0
3.699990426,0.1198718189876029,0.11640761218109343,0.0,0.1495353374135722,0.6840681600532111,0.12518637879922861,0.6724476352148356,0.108601718,10.226417,20.0,1.0
3.720077299,0.12013943233691986,0.11641908640837649,0.0,0.14836656595726874,0.6840189665865868,0.12584068379862706,0.6727457588210519,0.108678469,10.272442,25.0,1.0
3.740007089,0.12041375782221304,0.11642083264893843,0.0,0.1469698890920151,0.6838771760362921,0.12644087953166913,0.6727411578542623,0.108867951,10.542198,19.0,1.0
3.759984225,0.12076428722682782,0.1164154869758709,0.0,0.1451773273292109,0.6837929260469686,0.12719292759675876,0.6733165597464978,0.108064296,10.098348,19.0,1.0
3.780073244,0.12101990015655947,0.11640278720156369,0.0,0.1439147202217498,0.6836973602854969,0.12780858229035633,0.6736090655775412,0.108061335,10.176721,25.0,1.0
3.800095938,0.12137152841081257,0.11637777703817949,0.0,0.1421584378244307,0.6836364881594936,0.1286244424692457,0.6744078184081993,0.106990493,10.295303,27.0,1.0
3.819982315,0.12166371057975807,0.11634455667935642,0.0,0.1405944315355572,0.6835335863948224,0.1293290574706873,0.6748404552358155,0.106541701,10.080073,27.0,1.0
3.839985745,0.1219978812883575,0.11629796725996866,0.0,0.13883195830334688,0.6834687814946642,0.1301005009179365,0.6756437306122076,0.105512094,10.015472,27.0,1.0
3.859999796,0.12221576831609278,0.11625881415667873,0.0,0.1376274094181159,0.6833690159327663,0.13065633496094242,0.6759148457484336,0.105676524,10.057664,28.0,1.0
3.879979955,0.12245798757325765,0.1162028886673052,0.0,0.135974683136766,0.6831831854917161,0.1311947437566402,0.6759664007291937,0.105736961,10.491154,20.0,1.0
3.899991579,0.12274043925754072,0.1161289814850461,0.0,0.13416795687848312,0.6830536099815306,0.13185792484708378,0.6765967135974785,0.10496575,10.361733,16.0,1.0
3.919992094,0.12294881004501736,0.11606458930031906,0.0,0.13283215925148012,0.6829189397604923,0.13239200575394372,0.676888107422136,0.105012301,10.577449,14.0,1.0
3.939989367,0.12323528071384277,0.11596634281672098,0.0,0.13098265961043873,0.6828004614775273,0.1330963611410288,0.6776803355718749,0.103996314,10.24119,21.0,1.0
3.959991116,0.12343900582142077,0.11588396100236399,0.0,0.1295326244271992,0.6826521790243331,0.13366772398371266,0.6779998193666716,0.103953243,10.416798,7.0,1.0
3.980057643,0.12359477067489937,0.11581288472765743,0.0,0.12835854703229288,0.6824702289631445,0.13407925298458334,0.6779769042678044,0.104583391,10.120986,15.0,1.0
4.000039777,0.1238353472361859,0.11569210889872748,0.0,0.12643405541949843,0.6822881511397177,0.13468915879940904,0.6785430898009349,0.103859611,11.075935,11.0,1.0
4.020049941,0.12401955493767017,0.11558652381498799,0.0,0.12499452405602961,0.6821071025643183,0.13526055070263798,0.6789014286314639,0.103739066,10.278009,17.0,1.0
4.040004314,0.12422749451061439,0.11545772311553154,0.0,0.1233256317023777,0.6819571144377831,0.13587043978700783,0.6796444837144481,0.103020266,10.023601,25.0,1.0
4.060004831,0.124409588817975,0.11532986262778396,0.0,0.12172184985167671,0.6817778818718315,0.1364360736437729,0.6801032281341242,0.102719622,10.040608,27.0,1.0
4.080032947,0.12463044026192685,0.1151594624528094,0.0,0.11969145799483039,0.6815972142215418,0.1370347472630253,0.6808991152556155,0.101709554,10.22574,27.0,1.0
4.100004332,0.12477045313675698,0.11503951226474732,0.0,0.11840096167979014,0.6814280651189777,0.137462470047211,0.6812028602763087,0.101931848,10.182029,27.0,1.0
4.120036807,0.12491317488780251,0.1149037801804558,0.0,0.11681228786371063,0.6811876753333221,0.13787170119721745,0.6812397674428119,0.102249905,10.200447,28.0,1.0
4.139987194,0.1250919067174687,0.11471728118043298,0.0,0.1147798029674484,0.6809634312986186,0.1383766257752082,0.6818537011481999,0.101533469,10.273854,28.0,1.0
4.160008847,0.12522011807946248,0.11456928224554593,0.0,0.11335938926942565,0.6807668220051596,0.13878667838012831,0.6821781585812746,0.101655358,10.032537,28.0,1.0
4.179997803,0.125392581205485,0.11435324011543305,0.0,0.1113866446658344,0.6805560140252852,0.1393393759796261,0.683007052493568,0.100688275,10.306272,28.0,1.0
4.200029335,0.125531839617218,0.11415643659463266,0.0,0.10964129684753098,0.6803341259584897,0.13980901687077235,0.6834713072332803,0.100383229,10.256844,28.0,1.0
4.220029998,0.12568652684404472,0.11391749659321232,0.0,0.10767545133451217,0.6801181666129016,0.14030226222081701,0.6843024321219301,0.099472305,10.235565,26.0,1.0
4.240041648,0.1257844904746125,0.11374977603477471,0.0,0.10633759998848272,0.6799196304307907,0.14064056245954162,0.6845997204955258,0.099785383,10.040426,28.0,1.0
4.260029785,0.12589018903428734,0.11354782480914843,0.0,0.10451199359188501,0.6796429588285656,0.14097669871523272,0.6846844445811757,0.099994407,10.015893,28.0,1.0
4.279981968,0.126008233809378,0.11329799539525379,0.0,0.1025159461079,0.6793852501679536,0.14137698057076425,0.6853415594771307,0.099354803,10.309299,28.0,1.0
4.30003621,0.12609161309747635,0.11310018182201703,0.0,0.10104826330464511,0.6791600894685966,0.14170422240524636,0.6856588456562989,0.099568224,10.129282,26.0,1.0
4.320061839,0.1262006983633126,0.11281273678401689,0.0,0.09901825930000123,0.6789042478443154,0.14213897789580834,0.6864761664411079,0.098701072,10.143314,28.0,1.0
4.34003368,0.12628511879159052,0.11255499686109978,0.0,0.09723479514147387,0.6786461517343113,0.14251077910175425,0.6869394630043387,0.098476011,10.331919,29.0,1.0
4.360050773,0.12636776680573186,0.11227254805451699,0.0,0.09542851025485655,0.6784087764112612,0.14286005840838037,0.6877086482331556,0.097907021,10.047479,27.0,1.0
4.380049645,0.12643492884732838,0.11200536254010059,0.0,0.09374738646197864,0.678147543803078,0.14317309447471574,0.6881341949460948,0.097839518,10.190716,28.0,1.0
4.400030971,0.12650917359610384,0.11165969935093308,0.0,0.09161082392504837,0.6778625011716637,0.14351870312822132,0.6889316461766581,0.097000793,10.152194,28.0,1.0
4.420035019,0.1265630307205192,0.11135759041542692,0.0,0.08986768674054502,0.6775826615919989,0.14381231249793416,0.6893734344265484,0.096875583,10.187638,28.0,1.0
4.44003442,0.1266122950128666,0.11102910975748137,0.0,0.08807232977377828,0.6773224231663095,0.14410895127985998,0.6901473258265203,0.096351337,10.203877,28.0,1.0
4.460049502,0.1266483329105912,0.11072183121765973,0.0,0.0863848550450818,0.677041765707755,0.14436311715281566,0.690574147874734,0.096336641,10.163781,28.0,1.0
4.480031507,0.12668287070467166,0.11032716024141741,0.0,0.0842390884111049,0.6767296596664923,0.14463679822364692,0.6913657627250115,0.09556046,10.186457,28.0,1.0
4.500048999,0.12670069860682232,0.1100330782882559,0.0,0.08275773442555512,0.6764652421291014,0.14483197672899806,0.6917352544285347,0.09581944,10.014103,27.0,1.0
4.520044311,0.12671582476687138,0.10961721818782544,0.0,0.08070368745491861,0.6761434456603933,0.14509821318915384,0.6925643674086177,0.095053613,10.268231,28.0,1.0
4.540050859,0.12671840277271462,0.10925682955911672,0.0,0.07889689746945694,0.6758334982400322,0.14531568817525956,0.6930203355765472,0.094970188,10.152609,28.0,1.0
4.560054902,0.12671414410114507,0.10890808671527917,0.0,0.07721620825560864,0.6755453266931567,0.1454647935577409,0.6936846654035308,0.094815445,10.086106,28.0,1.0
4.580037859,0.12671250171751605,0.10877861149755315,0.0,0.07622037760834909,0.6752756511492757,0.14544014798779056,0.6929136792671895,0.097051552,10.31046,29.0,1.0
4.600050257,0.1266990784195717,0.10843104505151059,0.0,0.07398625708048293,0.6749065056714558,0.14545516246439436,0.6926486511377231,0.097793357,10.332683,29.0,1.0
4.62003254,0.12667001146464313,0.1079969895419288,0.0,0.07185131185991626,0.6745822054948448,0.1455210016209148,0.6933514845455498,0.097340508,10.043464,28.0,1.0
4.640035952,0.12662347766247692,0.10749209935032317,0.0,0.0697418844581983,0.6742458545141633,0.14568294938610546,0.6947012261174638,0.096032484,10.081314,28.0,1.0
4.660033424,0.1266055542134277,0.10733321491748239,0.0,0.06874839525257287,0.6739855868382396,0.14563988811764847,0.693991941888107,0.09823917,10.17987,27.0,1.0
4.680032973,0.12655782232656063,0.10694515469911706,0.0,0.06667423206838412,0.6736085121733986,0.14555681843748092,0.6936130198676242,0.099278286,10.373561,27.0,1.0
4.700033648,0.1264860588179338,0.1064503039742605,0.0,0.06458592858596952,0.6732608952590027,0.14552077713172007,0.6942000696910133,0.099057924,10.133659,26.0,1.0
4.720034669,0.12639035959314388,0.10587155485040346,0.0,0.062477401366586985,0.6728909208413204,0.14553783062002468,0.6954785966148175,0.097906695,10.348664,28.0,1.0
4.740034644,0.12635941044946516,0.1056949192420081,0.0,0.06147720330246566,0.6726242730334568,0.14545791727304475,0.694787985404374,0.100119658,10.299227,29.0,1.0
4.760037634,0.1262910265020786,0.10532578843564028,0.0,0.05969249353368115,0.6722774329469049,0.14536127623444386,0.6944339392289637,0.101378655,10.288486,29.0,1.0
4.780123301,0.12616398988976005,0.10471130745911239,0.0,0.057304577898733285,0.6718607409531633,0.14527739687034005,0.6950916282015389,0.100881437,10.082454,28.0,1.0
4.800031457,0.12602794646015344,0.10411109035966287,0.0,0.05522015127190573,0.6714663037450922,0.14517259331427737,0.6962813757123707,0.099941821,10.302476,29.0,1.0
4.820112077,0.12599125754339596,0.10395179989238892,0.0,0.05443419656746303,0.6712254496129318,0.14505657528521324,0.6955833696295244,0.102356154,10.050153,28.0,1.0
4.840042637,0.12588052912569359,0.10349523471333995,0.0,0.05240795686093488,0.6708218052790598,0.14494305966028415,0.6952190320684674,0.103448622,10.050918,28.0,1.0
4.860085616,0.12569063688339302,0.10277788007658895,0.0,0.049814456519524396,0.6703611135169303,0.1448136418114808,0.6960105014530206,0.102679191,10.239044,28.0,1.0
4.880085308,0.125513200630658,0.10214679002007683,0.0,0.04789798391834586,0.6699649316121972,0.14464529714976798,0.6972880583651014,0.101789572,10.335881,29.0,1.0
4.900089969,0.12545314140969122,0.101942966932544,0.0,0.04692880447532755,0.6696931156787045,0.14443735043902395,0.6966176772858301,0.104085422,10.187172,28.0,1.0
4.920037527,0.12528603491639786,0.10138874243135368,0.0,0.04466371661516628,0.6692495765558739,0.14425253084947326,0.6963027456785246,0.10500539,10.135812,27.0,1.0
4.940061259,0.12506920938421195,0.10070565485681869,0.0,0.04249364089488872,0.668810989352378,0.1440155173365579,0.6970093052594732,0.104684546,10.311001,29.0,1.0
4.960096683,0.12480997473545263,0.09992484282393868,0.0,0.040355100866204204,0.6683236298570306,0.14376528989701912,0.6984189445199142,0.103454932,10.137537,28.0,1.0
4.980033773,0.12473383579007732,0.09969975794059961,0.0,0.039370500036756975,0.6680447102462421,0.1435786033410991,0.6977763344776327,0.10568196,10.025147,26.0,1.0
5.00011467,0.12457024272248231,0.09922563637915056,0.0,0.037600404688437,0.6676547204954358,0.14339197316241437,0.6974572220848403,0.106972517,10.335242,29.0,1.0
5.020110883,0.12428652084824465,0.09844014072636943,0.0,0.035224298712092275,0.6671490592862434,0.14312285120722637,0.6981749239698005,0.106480317,10.33398,29.0,1.0
5.040038794,0.12394875781722085,0.0975425218765023,0.0,0.032938503762230106,0.6666124038713329,0.14285053996154928,0.6996813294047506,0.104990889,10.259805,29.0,1.0
5.060036402,0.12367183622068224,0.09683439031031323,0.0,0.03111366617688688,0.6661523623577772,0.14266109300534802,0.7004929305460043,0.104672598,10.051327,28.0,1.0
5.080079435,0.12337607397663966,0.09609522446123327,0.0,0.029268181364196972,0.6656668430673016,0.14243295898489228,0.701436413605222,0.104202982,10.156953,28.0,1.0
5.100101622,0.1231077479882013,0.09544227864104624,0.0,0.027569859783596846,0.6652065909908783,0.14220019912398157,0.7019909920730546,0.104316573,10.236789,23.0,1.0
5.120036788,0.1227671009434171,0.09463399653088617,0.0,0.025420832722220458,0.6646591110752738,0.1419337933152469,0.7029021992140867,0.103685935,10.007364,27.0,1.0
5.140041727,0.12251864542562096,0.09405709669570946,0.0,0.023946005008933888,0.6642430458629035,0.1417161550233667,0.7033718552384726,0.104091413,10.010997,28.0,1.0
5.160046042,0.12216857871875296,0.09326183071609766,0.0,0.021905379462250935,0.6636974055680835,0.1414669027825725,0.7043148332301891,0.103490949,10.317351,29.0,1.0
5.180038163,0.12187000869337095,0.09260048926664105,0.0,0.020122178192307702,0.6632232092398245,0.14124757371807165,0.7048757222459461,0.103568276,10.204293,28.0,1.0
5.200065732,0.12154736489487038,0.09189960926334291,0.0,0.018315099654877594,0.6627308869376609,0.14098168492434707,0.7057193907759407,0.103321266,10.142438,15.0,1.0
5.220032591,0.1212510502546622,0.09126984303887617,0.0,0.016644160849554522,0.6622652297102618,0.1407204558530716,0.7062216613164634,0.103568151,10.072935,13.0,1.0
5.24005406,0.12087396373778116,0.09048410235072987,0.0,0.01461424287234003,0.6617125536900204,0.1404304210158413,0.7071182101146094,0.103084686,10.175798,10.0,1.0
5.260048915,0.12061694680831435,0.08995808653893035,0.0,0.013291803434396503,0.6613068701365789,0.1401838127643876,0.7075382660277889,0.103704829,10.224764,18.0,1.0
5.280046206,0.12018099750433106,0.0890844007607335,0.0,0.011004074334826475,0.6607265592055231,0.13994439146520482,0.7084660622137056,0.102980458,10.276944,15.0,1.0
5.300051523,0.11972849384387815,0.0881986982952466,0.0,0.008937539371839208,0.6601056915528681,0.13948756066987347,0.7099299361435368,0.101829343,10.018617,21.0,1.0
5.320008919,0.11959521417605556,0.08794214702713478,0.0,0.008020627158747568,0.6598184953995274,0.139190784628192,0.7092436976002545,0.104179863,10.069417,25.0,1.0
5.340042411,0.11931343495897594,0.08740162866108069,0.0,0.006343577605569834,0.6593897486140107,0.1388623109285126,0.7088277517882453,0.105679112,10.277754,27.0,1.0
5.360039863,0.11883563182636982,0.08650483700132061,0.0,0.00407982009551119,0.6587831482330829,0.13833434128182057,0.7094012856142384,0.105535167,10.305251,28.0,1.0
5.380038621,0.11836322285794934,0.0856347108796452,0.0,0.002097457168866065,0.6581529768700022,0.13765690111817347,0.7105081486750654,0.1049888,10.264984,28.0,1.0
5.400043202,0.11824380590396748,0.08541259410209759,0.0,0.0013694304783153056,0.6579000496295963,0.13736750911168605,0.7098140964933387,0.107463095,10.178905,28.0,1.0
5.420041603,0.11789371762539279,0.084771833643058,0.0,-0.0005174872966416085,0.6574093955425615,0.13703167196258456,0.7094414597077539,0.108709725,10.171923,28.0,1.0
5.440042782,0.11733223484187383,0.0837686413719355,0.0,-0.002948006985272251,0.6567552224967843,0.13647231109763952,0.7101937810357097,0.10822759,10.338001,29.0,1.0
5.460040336,0.11683224683880097,0.08288969746310604,0.0,-0.00475247038291004,0.6561377934777541,0.1357789723166221,0.7114156098873379,0.107649988,10.075949,28.0,1.0
5.48004078,0.11667408897938465,0.08261399391544763,0.0,-0.005644331914272004,0.6558417053643073,0.1353589002293781,0.7107409981811906,0.110004993,10.216134,28.0,1.0
5.500154815,0.11623980207945718,0.08186226354565547,0.0,-0.007731116067108044,0.6552998147932821,0.13493818330337376,0.7104036046785837,0.111079733,10.087583,21.0,1.0
5.520114499,0.11569694773986994,0.08093799061445935,0.0,-0.009744733258192447,0.6546873850043264,0.1343048005405646,0.7110636579729495,0.110983003,10.137577,16.0,1.0
5.540095058,0.11506985361876916,0.07988537651358613,0.0,-0.011733772939367984,0.6539571727878922,0.1334789408724031,0.7124045399138046,0.110064078,10.183702,23.0,1.0
5.560039601,0.11492760546122283,0.07964655649083606,0.0,-0.01243633796961243,0.6536835674032628,0.13309806798239168,0.7117070817143546,0.112505155,10.143497,26.0,1.0
5.580041289,0.11447799031679204,0.07889955282647174,0.0,-0.014420035218715295,0.6531499255343923,0.13270583780707468,0.7113526611273797,0.113611541,10.150195,27.0,1.0
5.600113295,0.1139045175272319,0.07796188849163396,0.0,-0.016382128644732704,0.6525317956097286,0.13204344312098154,0.712009587682172,0.11354775,10.33432,28.0,1.0
5.620040697,0.1132815370131462,0.07695717744397079,0.0,-0.018304828981478907,0.6518125343852563,0.13112541336972208,0.7132189379852447,0.112877842,10.227062,28.0,1.0
5.640028063,0.11312666113653992,0.07670687636895504,0.0,-0.01899290682221719,0.6515567630804516,0.13076280774048443,0.7125520925936722,0.115279661,10.75243,16.0,1.0
5.660055286,0.11267388886536849,0.07598229002200023,0.0,-0.020788682753352983,0.6510306047552944,0.13033890576556129,0.7121987404757189,0.11646929,10.420339,9.0,1.0
5.680072548,0.1119962056902804,0.074915392698602,0.0,-0.022932531510127883,0.6503347384267921,0.12961797528931443,0.7129395282506298,0.116107889,10.105858,7.0,1.0
5.700056758,0.1113115722290161,0.07385096833101608,0.0,-0.024750701679203405,0.6496220252715774,0.12879373129107263,0.7142678539081484,0.11527517,10.495558,10.0,1.0
5.720108302,0.11113650630914174,0.07358062555743834,0.0,-0.025498274685262955,0.6493221948108645,0.12827849456564375,0.7137616003552983,0.117473752,10.050652,19.0,1.0
5.740044294,0.11062746631049754,0.07279812762909303,0.0,-0.027420879242812436,0.6487741220836184,0.12782385396643556,0.7134067512324238,0.118540202,10.970651,14.0,1.0
5.760095434,0.11002195957168907,0.07187849081441332,0.0,-0.02915932446195139,0.6481499226097457,0.1270801028150999,0.7140123053332889,0.118623763,10.096472,13.0,1.0
5.780079678,0.10911181097126182,0.07051654393616452,0.0,-0.03143649550819502,0.6473081322013519,0.1262167510694338,0.7155275531330391,0.117099517,10.068936,20.0,1.0
5.800045029,0.1082266118883327,0.06920808636124187,0.0,-0.03336803521902104,0.6464060678794528,0.12510462389818405,0.7174472062917996,0.115384553,10.123256,25.0,1.0
5.820093086,0.10804033116372744,0.06893944964107564,0.0,-0.033978064993926305,0.6461397035089768,0.12460069705403949,0.7168919461531773,0.117677213,10.268738,27.0,1.0
5.840050459,0.10747487728124921,0.06811698025139348,0.0,-0.03565418431802629,0.6455509010424592,0.12404369765811746,0.7163197204167557,0.119025916,10.288321,28.0,1.0
5.86004254,0.10657657002077014,0.0668244819911091,0.0,-0.03784400518024896,0.644699862896378,0.12307907535934656,0.7168955408720795,0.118650664,10.132016,28.0,1.0
5.880076572,0.10578850543999913,0.06569930773750403,0.0,-0.03948008057282969,0.6438781883811944,0.12190414241343744,0.718025796807481,0.118125204,10.183668,28.0,1.0
5.900082713,0.10555295099627211,0.06536378998149059,0.0,-0.04027070483026918,0.6435619384859067,0.1213099242486342,0.7173715000314606,0.1203592,10.151769,28.0,1.0
5.920043067,0.10490483221060479,0.0644452946981803,0.0,-0.042116282509522665,0.6429374695826398,0.12073557481918955,0.7170658952504461,0.121263309,10.137667,22.0,1.0
5.940100039,0.10410443835252414,0.06332235448437883,0.0,-0.043911289596885554,0.642191916627632,0.11981741037280423,0.7177509933137102,0.121061942,10.094315,17.0,1.0
5.960054725,0.10319193846690179,0.06205295800296235,0.0,-0.04568906135049921,0.6412875053053579,0.11856420645165522,0.7191142277407369,0.120064794,10.044745,16.0,1.0
5.980053614,0.10294519055047617,0.06171143282027243,0.0,-0.04646233372911262,0.640979509746497,0.11802700847286718,0.7184801285331186,0.122214161,11.106681,8.0,1.0
6.00011255,0.10246530714227789,0.06104801742925756,0.0,-0.047721629398890096,0.6404899517970898,0.1175165963542101,0.7180960232064453,0.123618555,10.198407,11.0,1.0
6.02015189,0.10157872153231745,0.05983730044792958,0.0,-0.04970398073356364,0.6397107365530259,0.11664459803089915,0.718703490335645,0.123279366,10.18377,22.0,1.0
6.040099149,0.10074064009996397,0.0587026427319875,0.0,-0.05135303056066182,0.6389004237252419,0.1154719819784398,0.7198835937281194,0.122630666,10.062485,25.0,1.0
6.060049079,0.10050843099806976,0.058389609898333486,0.0,-0.0520151816051098,0.6386005087364119,0.11487252406280316,0.7192414068059946,0.124830744,10.073265,27.0,1.0
6.08004506,0.09984602633948429,0.05750093045159949,0.0,-0.05372251782918203,0.6380015576037759,0.11430065033443962,0.7189303156108955,0.125736989,10.190425,21.0,1.0
6.100077416,0.09902103622024071,0.05640460777404352,0.0,-0.05541116784408363,0.6372786615810183,0.1133582731290901,0.7196136078148829,0.125533049,10.153611,18.0,1.0
6.120088362,0.09807570336767776,0.0551583962804556,0.0,-0.057093088772645524,0.6363940609794262,0.11205585479187798,0.7209794445207817,0.124545763,10.102532,23.0,1.0
6.140045878,0.09786597691249625,0.054883777224314825,0.0,-0.05766562002336401,0.636124126067116,0.11151841710023214,0.7202973068356008,0.126796406,10.03653,26.0,1.0
6.160056071,0.09730074909378036,0.05414542415537325,0.0,-0.059068129486778115,0.6356224611382382,0.11104174934750109,0.7199160739600508,0.127983385,10.067581,27.0,1.0
6.180083336,0.09636612524145574,0.05293612748977467,0.0,-0.060924394871998536,0.6348324399343637,0.11000500676210982,0.7205971883894912,0.127576077,10.214273,28.0,1.0
6.200105816,0.09546496913303591,0.05177963003399639,0.0,-0.06252516903356133,0.6339860822262737,0.10865295998040111,0.7218047816687703,0.126861471,10.288935,28.0,1.0
6.220045223,0.09518117567456784,0.051417123264944214,0.0,-0.06323939972474649,0.6336888481949761,0.10813390606808587,0.7210716310152243,0.12897247,10.084353,28.0,1.0
6.240045698,0.09460008236623343,0.05067777979532617,0.0,-0.06452444472581202,0.6331778824314699,0.10757811590560787,0.7207816151269086,0.13007963,10.054728,28.0,1.0
6.260048586,0.09364455071984054,0.04947303454892408,0.0,-0.06627167027876034,0.6323951259618912,0.10654197053213071,0.7215094508854442,0.129617206,10.040626,28.0,1.0
6.280045702,0.09272197018094447,0.0483189423901027,0.0,-0.06780549163829734,0.6315513700824309,0.1051724301043381,0.7227362196914219,0.128868926,10.202099,28.0,1.0
6.300045856,0.09249499115954822,0.04803680626251558,0.0,-0.06833327070988067,0.6313061514828495,0.10467350225400356,0.7220732055634226,0.131034558,10.022552,27.0,1.0
6.320045785,0.09183381291875875,0.047217146969466176,0.0,-0.06972389428113766,0.630749089138934,0.10407183712250276,0.7217035184962713,0.132039275,10.230555,28.0,1.0
6.340046821,0.09079360840978104,0.0459399817678959,0.0,-0.07154019226760666,0.6299331050118064,0.10298666291273491,0.7224725068067708,0.131401245,10.034797,28.0,1.0
6.360052576,0.08985339626289134,0.04479326031355443,0.0,-0.07297668620369314,0.6290830046475029,0.10151723475483754,0.7237332120376619,0.130637924,10.128668,28.0,1.0
6.380045827,0.08960120006602502,0.04448838567155201,0.0,-0.07353987959926261,0.6288300811950505,0.10098718844902216,0.7230620885325904,0.132743056,10.361782,28.0,1.0
6.400130079,0.088893753210217,0.04363397126363039,0.0,-0.07490350169663834,0.6282513387519678,0.10033002328748843,0.7226787587653904,0.133706872,10.095184,28.0,1.0
6.420045866,0.08779283262732544,0.04231548069506465,0.0,-0.07665412133006362,0.6274033801426104,0.09917293040511731,0.7234352242727243,0.13301715,10.168546,28.0,1.0
6.440052863,0.08683156645367815,0.04117052947608969,0.0,-0.07796079054145778,0.6265674982102367,0.09776085128040392,0.7246695234716254,0.132277298,10.051111,27.0,1.0
6.460047524,0.08653911636298535,0.04082559683691561,0.0,-0.07856533286714255,0.626266936935825,0.09707104695291416,0.7240132786192649,0.134285337,10.251995,28.0,1.0
6.48004683,0.08573833288395673,0.03988192240441508,0.0,-0.07998427550184904,0.625644016249718,0.09637240329656997,0.7236713458042159,0.135040117,10.13297,28.0,1.0
6.500046717,0.08460733405198848,0.038558325266617594,0.0,-0.08157747987379892,0.6247740724204011,0.09510860177071487,0.7244563826492396,0.134336942,10.191531,28.0,1.0
6.520051573,0.083618933127018,0.037407473509294874,0.0,-0.0827885975870925,0.6239270959229284,0.0936721586934575,0.7256669390137703,0.133593421,10.227696,28.0,1.0
6.540064896,0.08331898102694227,0.037061742646409136,0.0,-0.0833629653567111,0.6236278063085444,0.09297100955816831,0.7250037865679653,0.135568585,10.231578,28.0,1.0
6.560047429,0.08249747338172822,0.03611548904859361,0.0,-0.08469809799217573,0.6230047737048747,0.0922602089211028,0.7246564312317654,0.136291225,10.205073,28.0,1.0
6.580047764,0.0814857671498759,0.03495710253000477,0.0,-0.08601425111864161,0.6222333398436816,0.09110678555119527,0.7253031185471048,0.135930436,10.174445,28.0,1.0
6.600065656,0.08033466031310581,0.03364587183197924,0.0,-0.08732373415820201,0.6212805882014275,0.08949503446618089,0.7266296118986776,0.134819501,10.340161,29.0,1.0
6.620048071,0.08002165514735418,0.03329293957977179,0.0,-0.08786086143921609,0.6209917755710227,0.08883444214020894,0.7259806584818483,0.136703686,10.314093,29.0,1.0
6.640057331,0.07935543232645208,0.03254143698650587,0.0,-0.08884711343236333,0.6204818711412123,0.08821641897703555,0.7256077028856511,0.137713356,10.00923,28.0,1.0
6.660048462,0.07824946634247434,0.03130175568281988,0.0,-0.09021063633540415,0.6196668956361557,0.08702001759993509,0.7262275503550811,0.137185363,10.112212,28.0,1.0
6.680048549,0.07699171851682439,0.02990113072172915,0.0,-0.09157806485623154,0.6187024738942553,0.08543055598680054,0.7275732705594641,0.135846376,10.077853,28.0,1.0
6.700020973,0.07600781192986576,0.028813575563106795,0.0,-0.09256848713927095,0.6179683133603889,0.08420417754962566,0.7282873760802407,0.135441465,10.098176,27.0,1.0
6.720049748,0.07488269897586661,0.027575817345510185,0.0,-0.09365855541654936,0.6171374445838507,0.08301139732360409,0.7292587597797159,0.134562102,10.303666,28.0,1.0
6.740067805,0.07363735737672158,0.02621254934528204,0.0,-0.09480882822193949,0.6161249656812429,0.08135949491847312,0.7307239173740843,0.133139752,10.124475,28.0,1.0
6.760048819,0.07330274306537145,0.025852111668320844,0.0,-0.09527476334471692,0.6158283364601713,0.08065710224840358,0.7300307603167285,0.135000079,10.051329,28.0,1.0
6.780052982,0.07259128663611325,0.025083080387522477,0.0,-0.0961362807905379,0.6152953502619022,0.07999615971097239,0.7295521604249279,0.136026478,10.048644,27.0,1.0
6.800053166,0.07134379921655162,0.023742029276900323,0.0,-0.09743534190734152,0.6143976974163796,0.07869527607635113,0.7300805118613749,0.135391372,10.036714,27.0,1.0
6.820049416,0.07022104643924272,0.022539829276952646,0.0,-0.09847883652762297,0.6134511688040655,0.07692564268944811,0.7311313781016764,0.134627791,10.052319,28.0,1.0
6.840052724,0.06992738753096746,0.022228482432983594,0.0,-0.09886511100951532,0.6132083547528437,0.07631657284978056,0.7304108358505024,0.136536796,10.147796,28.0,1.0
6.860068736,0.06910190957881829,0.02135305133129327,0.0,-0.09980581876100453,0.6126183419195037,0.07558374585585922,0.7299499418705827,0.137317931,10.14782,28.0,1.0
6.88004984,0.06782492917061554,0.02000670689129369,0.0,-0.10103298130304539,0.6117251659837613,0.07424736202207068,0.7305826131529253,0.136527165,10.227571,28.0,1.0
6.900067129,0.06668274499342036,0.01880732492560226,0.0,-0.10201127018788692,0.6107853459027965,0.07244731296312454,0.7316927874391568,0.135662966,10.269628,28.0,1.0
6.920066961,0.06638397873099787,0.01849733107425856,0.0,-0.10236455610618,0.6105445935683486,0.07182820655136808,0.7309653047052486,0.137531988,10.154777,28.0,1.0
6.940051314,0.0655447408157662,0.01762560770658594,0.0,-0.10322937862465886,0.6099560690157917,0.07108416562532123,0.7304789653931003,0.138288113,10.065212,28.0,1.0
6.960052959,0.06424743705729626,0.016285467971485886,0.0,-0.10436178890463386,0.6090640411365656,0.06972342720992569,0.7310870711813491,0.137478196,10.882167,19.0,1.0
6.980065957,0.06312127259821439,0.015126081388611245,0.0,-0.10521992731733151,0.6081732617754244,0.06804830845129588,0.7321723180961526,0.136634309,10.686578,9.0,1.0
7.00005741,0.06278491689044667,0.01478436020450697,0.0,-0.10558777658636108,0.60788724291812,0.0672628903449084,0.7314446688745702,0.138415101,10.374905,14.0,1.0
7.020059556,0.061934113442975496,0.013918746262532377,0.0,-0.10637480306306472,0.6073033124808064,0.06651234429087403,0.7309503819066543,0.139135421,10.299801,15.0,1.0
7.040064758,0.06078641887463643,0.012756651467090768,0.0,-0.10728313933304119,0.6065223975436196,0.06529427993770431,0.7314343637476466,0.138648947,10.191404,23.0,1.0
7.060058405,0.059489694282122994,0.011448364840050941,0.0,-0.10818163931034341,0.6055310880131912,0.06343261625636734,0.7326192207826658,0.137431321,10.372246,11.0,1.0
7.080060856,0.05920984172005655,0.011170423685152238,0.0,-0.10842965612241927,0.6052898050809001,0.0627110978502706,0.7318606328439627,0.139269549,10.372939,13.0,1.0
7.100057949,0.05851937560437994,0.01048201558330364,0.0,-0.10900837791672309,0.6048167669809795,0.0621143821174841,0.7313287968480308,0.14023505,10.005483,20.0,1.0
7.120074631,0.05726757667744281,0.009240465324192575,0.0,-0.10992434131884636,0.603999364671519,0.060842583225762914,0.7317829342744783,0.139559717,10.341487,27.0,1.0
7.140055838,0.05606831960496864,0.00805560001068874,0.0,-0.11072480311219908,0.6030758419402608,0.05899804493934876,0.7328051350332104,0.138605222,10.217749,20.0,1.0
7.160069812,0.055780969031238595,0.007775881043700609,0.0,-0.1109460020609472,0.6028593804139779,0.058362434332257934,0.7320661615004743,0.140371942,10.277646,13.0,1.0
7.180057457,0.05494352814806877,0.006959077586715114,0.0,-0.11156354728437538,0.6023156503438033,0.057630437957789056,0.7315629717123384,0.141037891,10.087,18.0,1.0
7.200054545,0.05363779209877845,0.005691696961184254,0.0,-0.11240612547339801,0.601477666681626,0.0562521196034588,0.7321426163723422,0.140150982,10.148187,23.0,1.0
7.220054344,0.052501218472636176,0.00459180340120586,0.0,-0.11305655455899034,0.6006321374666868,0.05453843864136271,0.7331963855447255,0.139224162,10.200223,26.0,1.0
7.240074615,0.052160002582798626,0.004266825209614653,0.0,-0.11331753682720543,0.6003632281602166,0.05373894775067109,0.7324429424531891,0.140887415,10.334333,28.0,1.0
7.260055206,0.05129759968814707,0.0034437538763078136,0.0,-0.11387688371310671,0.599810794464154,0.052979363708976226,0.7319172843564052,0.141507008,10.178018,28.0,1.0
7.280053115,0.04996520937334301,0.0021778506935298814,0.0,-0.11462814779585599,0.5989658985850803,0.051569567656734774,0.7324740987266763,0.140579442,10.192385,28.0,1.0
7.300069993,0.04880907465039531,0.0010824640414097415,0.0,-0.11520813172389001,0.5981150203674105,0.04982513866410885,0.7335085823455284,0.139615333,10.031571,27.0,1.0
7.320056728,0.04839471690846831,0.0006960911842683526,0.0,-0.11547931423367247,0.5978181055943583,0.04898979631227556,0.7327895418305405,0.141086065,10.236401,28.0,1.0
7.340054188,0.04746782662815942,-0.0001693565401200661,0.0,-0.11597988517375574,0.5972321909575287,0.04813799986954681,0.7323278746070921,0.141529679,10.150324,28.0,1.0
7.360053815,0.04632362389207582,-0.0012340864531172448,0.0,-0.11651489813715263,0.5964954748854359,0.04684353683559595,0.7327806465491938,0.140954146,10.196827,28.0,1.0
7.380053287,0.04502109441656155,-0.002442333206112462,0.0,-0.11706745559896406,0.5955666177181494,0.04496615000974427,0.733870993377802,0.13967223,10.280947,28.0,1.0
7.400053405,0.04467121333329751,-0.0027605627081433008,0.0,-0.11723916195731257,0.5953188138281553,0.044203968631558316,0.7331154881787515,0.141203131,10.208116,28.0,1.0
7.420025507,0.043797814126155986,-0.0035576605650283724,0.0,-0.11763118103908175,0.5947871941317423,0.043430038049460246,0.7326202619912319,0.141689133,10.216035,28.0,1.0
7.440063935,0.04269386826575193,-0.004562122874589241,0.0,-0.118075961373978,0.5940981217565079,0.04218332815998578,0.7330439771369086,0.141143596,10.196115,28.0,1.0
7.460066203,0.04129509826497032,-0.005830174380840375,0.0,-0.11857816255937975,0.5931849918558288,0.04034622916501528,0.7342139940340049,0.139565361,10.30904,29.0,1.0
7.480053747,0.040211033193070234,-0.006804650710117505,0.0,-0.1189271546663725,0.5925049399587322,0.038894971114625886,0.7347772241095032,0.138877306,10.250091,28.0,1.0
7.500058288,0.038976021008443176,-0.00791019486537392,0.0,-0.1192963110433428,0.5917314352440369,0.03748734396319442,0.7355445933009498,0.13777291,10.342177,28.0,1.0
7.520054763,0.03761460103954364,-0.00912431541491793,0.0,-0.11969638766688499,0.5907758731717639,0.03557445733764839,0.7367631232995744,0.136171609,10.113522,28.0,1.0
7.540056638,0.03725265585262129,-0.009440123192046,0.0,-0.11980020638019295,0.5905190710563915,0.034792500998835005,0.7359552725042312,0.137666505,10.335218,29.0,1.0
7.560055833,0.036482626158692126,-0.010115207231710463,0.0,-0.12000875553389813,0.5900412940206538,0.03411379571737487,0.7353443078532471,0.138369269,10.019214,28.0,1.0
7.580054575,0.0352135008454147,-0.011224823644422701,0.0,-0.1203435614169253,0.5892484416828864,0.03274281834024425,0.7356269959915187,0.137643101,10.262285,28.0,1.0
7.600055397,0.033998364368301566,-0.012283783019869451,0.0,-0.12065591613560354,0.5883688076531692,0.030881767275907884,0.7364186482466449,0.136661577,10.1737,28.0,1.0
7.620058998,0.03362614882443689,-0.012601689859723302,0.0,-0.12071781234572139,0.5881392552523909,0.030186373727565153,0.7355058334596349,0.138135993,10.13252,28.0,1.0
7.640073287,0.03286468825444772,-0.01325402521543677,0.0,-0.1208634803416248,0.5876893640531357,0.029501577229219922,0.7349888815126843,0.138713106,10.191824,28.0,1.0
7.660055735,0.03162429661708554,-0.014313574749998158,0.0,-0.12111032051917513,0.5869503202091644,0.028134648186614507,0.7353717339683851,0.137869665,10.3013,29.0,1.0
7.680055502,0.03043944945049263,-0.015322238856471552,0.0,-0.12134442426870826,0.586126037934909,0.02629517156115974,0.7362185171949073,0.136810229,10.139961,28.0,1.0
7.700058968,0.03015446389605893,-0.015559253406918359,0.0,-0.12136314038666661,0.5859418952743353,0.02565181929165107,0.7353858995942391,0.138321256,10.254027,21.0,1.0
7.720056934,0.029324951571032806,-0.01625250596465113,0.0,-0.12144776436019951,0.5854732531190256,0.024929545856043824,0.7347498341704543,0.138812382,10.201127,24.0,1.0
7.74005991,0.02803280134618604,-0.017328917381221998,0.0,-0.12161233039641822,0.5847359813713571,0.023550194548358182,0.7351460119752848,0.137820491,10.134827,21.0,1.0
7.760057008,0.026908953506933963,-0.018263179039846457,0.0,-0.12176472345355398,0.5839785381276149,0.02182028831808981,0.7360162429251319,0.136778043,10.000723,28.0,1.0
7.78007539,0.02657156588944198,-0.018537602809320194,0.0,-0.12177044037443738,0.5837437947129511,0.021019890467255584,0.7351562364994237,0.138192326,10.234084,20.0,1.0
7.800060605,0.025648839835624833,-0.019290247372388145,0.0,-0.12178718635627464,0.5832351376172664,0.020261355679849116,0.7345407783393885,0.138489355,10.050724,19.0,1.0
7.820059009,0.024518366183233706,-0.020210247990971434,0.0,-0.1218546035486736,0.5825708673415424,0.01896971257541267,0.7348608491801568,0.137784546,10.010971,23.0,1.0
7.840118672,0.023238982522420074,-0.02124878544793312,0.0,-0.12193888149608738,0.5817313721353701,0.017073661746812296,0.7357900838679244,0.136406168,10.732838,15.0,1.0
7.860063573,0.02296169848963112,-0.02146758519420701,0.0,-0.1218954060453758,0.5815366974037759,0.016329258573816344,0.7349004766147065,0.137860967,10.285044,10.0,1.0
7.880065711,0.022214052900289806,-0.022061781687395414,0.0,-0.12182304254067115,0.5811359273134717,0.015742794306141446,0.7342633205074582,0.138393752,10.025426,14.0,1.0
7.900063291,0.02098985113833708,-0.023032876907858987,0.0,-0.12179512540171374,0.5804417594603766,0.014398146686224727,0.73454407792793,0.137501433,10.666741,16.0,1.0
7.920076636,0.019738120859640704,-0.02402337165855143,0.0,-0.12179574781284615,0.5796369815769444,0.012534162582882598,0.7354468760235507,0.136119321,10.459324,8.0,1.0
7.940077517,0.019538430806424575,-0.024176173598546194,0.0,-0.12174210713001196,0.5794741043314188,0.011826751666591865,0.7346521539567764,0.137593346,10.508175,10.0,1.0
7.960064587,0.018731609424884093,-0.024799858034955016,0.0,-0.12157568531814032,0.5790681713180132,0.011216988766678045,0.7338981892301195,0.138041386,10.259458,18.0,1.0
7.980064922,0.0176193160209982,-0.02565836328623368,0.0,-0.12145619737812728,0.578459684758336,0.010029165586091768,0.734120708498699,0.137313751,10.309146,24.0,1.0
8.000100226,0.016360935948115964,-0.026627630610699005,0.0,-0.12137359578463174,0.5776656441326604,0.008139505163820782,0.7350049176379096,0.135876183,10.353302,17.0,1.0
8.020063979,0.016087805185804598,-0.02683144296598379,0.0,-0.12126889842264303,0.5774786041090841,0.007397585851903868,0.7340934276645668,0.137250714,10.242988,19.0,1.0
8.040007793,0.015226085667121844,-0.027479548753252085,0.0,-0.12101906290257036,0.5770366685687748,0.006726460070779176,0.7334202560434135,0.137516219,10.162677,25.0,1.0
8.060067233,0.01414712537464774,-0.028289916118253284,0.0,-0.1208350815374493,0.5764388232935929,0.005503478461580835,0.7336835387995063,0.136767033,10.1609,27.0,1.0
8.080058798,0.012915672965121512,-0.029212717595415272,0.0,-0.12067414739268398,0.5756719104866936,0.0036557583194826012,0.7345522206884371,0.135320817,10.107416,27.0,1.0
8.1000591,0.012583770257781466,-0.029453339801125956,0.0,-0.1205093213188112,0.5754717217095242,0.0028992237033204794,0.7336659828314518,0.136522109,10.298976,28.0,1.0
8.120058964,0.011877949181486155,-0.029968755286599008,0.0,-0.12024252170236568,0.575103671894398,0.002274449461985054,0.733024471231896,0.136966568,10.193518,28.0,1.0
8.140062655,0.010712213582994923,-0.03081885814178839,0.0,-0.1199430717634398,0.5744843848889446,0.0009829377559722758,0.7332441980526158,0.136025111,10.092748,28.0,1.0
8.160059468,0.009593202398517367,-0.031632415493708474,0.0,-0.11970249971674289,0.5737796778188797,-0.0007939988632213197,0.7339478813906282,0.134820091,10.165245,28.0,1.0
8.180059872,0.009323295907594138,-0.03182212218514594,0.0,-0.119541111927615,0.5736210635952738,-0.0014232189691657376,0.7330515777865222,0.136089634,10.372652,21.0,1.0
8.20006567,0.008538173328115796,-0.0323782705696033,0.0,-0.11916459037494083,0.5732283790604289,-0.0021104074822691134,0.7323434861918464,0.136388117,10.313462,17.0,1.0
8.220065675,0.007384468911792009,-0.033194194551737694,0.0,-0.11877919219834694,0.5726315565896858,-0.0034144344697419927,0.732608163065224,0.135365117,10.063741,23.0,1.0
8.240061432,0.006281811836917585,-0.03397154503646089,0.0,-0.11846283190638562,0.5719529609486067,-0.005185750109984188,0.7333339381473405,0.134097471,10.330777,21.0,1.0
8.260094116,0.0060152967482771606,-0.034152870983402125,0.0,-0.11827427210901885,0.5717970058365216,-0.005808955404220365,0.7324262006725739,0.135331087,10.022568,6.0,1.0
8.280062282,0.005240725769497274,-0.03468416974436898,0.0,-0.11782488473671636,0.571414933364666,-0.006483787667296462,0.7316951275364576,0.135606438,10.165044,18.0,1.0
8.300066021,0.004188342190159945,-0.035404828072362705,0.0,-0.11737326507784032,0.5708842969093839,-0.007633189104218159,0.7318956846149083,0.134747438,10.010549,20.0,1.0
8.320077859,0.002996729502110412,-0.03621911073947979,0.0,-0.11696549756479684,0.570182091153466,-0.009452283312900834,0.7327287666725233,0.133185471,10.312187,25.0,1.0
8.340063734,0.002737532080228528,-0.03638909197344024,0.0,-0.1167463174978414,0.5700097890065576,-0.010170573854106869,0.7317687175544344,0.13440703,10.230554,27.0,1.0
8.360064502,0.0019205261575601146,-0.03693065574093783,0.0,-0.1161721511979759,0.5696195075173195,-0.01080355757707669,0.7310349715903529,0.134570084,10.343073,28.0,1.0
8.380062,0.0008979922169584758,-0.03760792685936301,0.0,-0.11567071482397788,0.5690895091599318,-0.011962678311551424,0.7312329917287235,0.133715906,10.172291,28.0,1.0
8.400060684,-0.00026860160682937265,-0.038378888007519464,0.0,-0.115195676395746,0.5684052375380904,-0.01373894667908738,0.7320279896081019,0.132164373,10.218203,28.0,1.0
8.420060712,-0.0005827013253983033,-0.03857779115157713,0.0,-0.11488623259361849,0.5682216024864963,-0.014469488215292047,0.731092399072578,0.133215841,10.302576,28.0,1.0
8.440061663,-0.0012505305891339729,-0.039004663841257656,0.0,-0.11436025235068831,0.5678946841613035,-0.01505394364362832,0.7304007010714824,0.133544976,10.197538,28.0,1.0
8.460066229,-0.0023528305453691793,-0.03970875093714457,0.0,-0.11371401240413503,0.5673456207908074,-0.016278043655643837,0.7305529822979709,0.132506669,10.190183,28.0,1.0
8.480061487,-0.003410078978870895,-0.04038182718176018,0.0,-0.11317139088669509,0.5667147931244096,-0.017975166458210397,0.7311880974249018,0.131186954,10.156202,28.0,1.0
8.500062018,-0.0036644339818460766,-0.04053670907773176,0.0,-0.11289811462504386,0.5665677009543154,-0.018577561161872064,0.730247726141464,0.132311558,10.017795,28.0,1.0
8.520062225,-0.004404320013664481,-0.040991980467921074,0.0,-0.11223285128088072,0.5662195016468726,-0.01922073078634757,0.7294828832073098,0.132503079,10.3211,28.0,1.0
8.540073584,-0.005555269787215852,-0.04169899225001936,0.0,-0.11144109086453816,0.5656708376373618,-0.020475722032196976,0.7297156572704083,0.131251249,10.102125,15.0,1.0
8.560084047,-0.0065549350693275546,-0.042311907655741346,0.0,-0.11088826693839746,0.5650912740228969,-0.022070377993125827,0.7304293208114588,0.129908509,10.190998,10.0,1.0
8.580072995,-0.006853822551620753,-0.042487962472619406,0.0,-0.11053887059110551,0.5648979975956752,-0.022797127955515736,0.7294480582491673,0.13094246,10.197923,14.0,1.0
8.600067476,-0.007608611924067151,-0.04293513331941877,0.0,-0.1097993325547948,0.5645332116149916,-0.023423619171968384,0.7286523426751663,0.131104175,10.157579,21.0,1.0
8.620027762,-0.008770710224215026,-0.04362196133013508,0.0,-0.1089212107156509,0.5639695836203489,-0.024665143937070276,0.7288555862234397,0.12981915,10.062752,25.0,1.0
8.640064026,-0.009775827609192744,-0.044214626213562445,0.0,-0.10830606735809939,0.5633791683651087,-0.026248830561810647,0.729547793237103,0.12844197,10.214886,27.0,1.0
8.660071655,-0.010073414741891952,-0.04438261558178231,0.0,-0.10792549960101824,0.5631837673117778,-0.026969684613499585,0.7285568389645349,0.129441165,10.262392,16.0,1.0
8.68008177,-0.010771112970695424,-0.04477888123617164,0.0,-0.10715872866456008,0.5628517449689713,-0.027514309872435555,0.7278096624230296,0.129631573,10.167506,14.0,1.0
8.700067406,-0.011881989347243094,-0.045408636271800515,0.0,-0.1062479447457668,0.5622962288010906,-0.02872500014778249,0.7279314867386522,0.128449002,10.125587,20.0,1.0
8.720084363,-0.013003381805336712,-0.04604220078251133,0.0,-0.10548693825566635,0.5616522925897565,-0.030434837504300923,0.7286656821949918,0.126768145,10.283678,25.0,1.0
8.740071126,-0.013299864619206039,-0.046200420895770956,0.0,-0.10504952856123095,0.5614736055818808,-0.031131945950197495,0.7276841124213874,0.127688081,10.248659,12.0,1.0
8.760072706,-0.01393158716456877,-0.04654151773419647,0.0,-0.1042905158556857,0.5611704233656428,-0.03166336613389981,0.7269387964674482,0.127923522,10.185406,15.0,1.0
8.780066982,-0.01497176553450031,-0.047102678923177106,0.0,-0.10333135611487242,0.5606659011156224,-0.03279739225140434,0.7270217870515102,0.126806941,10.042279,22.0,1.0
8.800110685,-0.015965905759925673,-0.047636388725043305,0.0,-0.1025157676592988,0.5600852030027248,-0.034385084844982775,0.7275909744638274,0.125389008,10.218159,14.0,1.0
8.820102678,-0.016201613029922044,-0.04775508125796919,0.0,-0.10214242314383128,0.5599444025794699,-0.03494804306916791,0.726609436913663,0.126392839,10.216222,12.0,1.0
8.840081389,-0.01688854191865857,-0.048106191275646366,0.0,-0.10121912136984769,0.5596312988870189,-0.03553401046031022,0.7257891553648103,0.12650383,10.017746,21.0,1.0
8.860066718,-0.017954577498978417,-0.04864989005372018,0.0,-0.10009676272945305,0.5591438207796215,-0.03668922926444405,0.7259564294457704,0.125184392,10.292824,26.0,1.0
8.880066983,-0.018878319608520374,-0.04911951854583363,0.0,-0.09929897117630927,0.5586258686066445,-0.03816438194162833,0.7266125498818669,0.123751892,10.082316,27.0,1.0
8.900064561,-0.019151350299296578,-0.0492503624537029,0.0,-0.09882925313727009,0.5584433902161319,-0.03882833650824583,0.7255860410901118,0.124676778,10.025245,27.0,1.0
8.920065183,-0.019898307632213553,-0.049611095607980604,0.0,-0.09773781776164066,0.5581048372907133,-0.039406050116318064,0.7247720477650965,0.124642698,10.59292,19.0,1.0
8.940078757,-0.020810383123800125,-0.05005053501841607,0.0,-0.09674358695870618,0.5576637879409203,-0.040429137309984486,0.7248786938507367,0.123621458,10.205509,17.0,1.0
8.960069215,-0.021838342900768054,-0.05054343466617161,0.0,-0.09578445927340119,0.5570984111689158,-0.04201208956897963,0.7255678760006029,0.121904916,10.143192,20.0,1.0
8.98006879,-0.022056638861855184,-0.05063947889517916,0.0,-0.09536576146391007,0.5569435617342904,-0.04263630508036239,0.7245163521414125,0.122890872,10.017326,25.0,1.0
9.000066588,-0.02274786274289283,-0.05095062895133781,0.0,-0.09423551533024858,0.5566408063146738,-0.04315672562724639,0.723677288109966,0.122906293,10.312908,26.0,1.0
9.020065941,-0.023610795859382108,-0.051338634407263224,0.0,-0.09318523364348835,0.5562337626982772,-0.04411466239421485,0.723763425371572,0.121914617,10.193336,27.0,1.0
9.040065938,-0.02452553404345813,-0.05174708712602743,0.0,-0.09217667267163078,0.5557198423383041,-0.04558543925153711,0.7243085348645519,0.120431025,10.090425,27.0,1.0
9.060070024,-0.024802906455504963,-0.05186083884285684,0.0,-0.09160922143094866,0.5555631353605572,-0.046141311578929485,0.7231818742495408,0.121325747,10.018107,27.0,1.0
9.080068433,-0.025369793355155882,-0.05209696352106361,0.0,-0.09064347265334384,0.5553040679630231,-0.0466286653047475,0.7224392362596768,0.121460318,10.014276,27.0,1.0
9.100066511,-0.02628979501902573,-0.05247928731949405,0.0,-0.08940585086803053,0.5548913043933742,-0.047660045964748946,0.7225308239343982,0.120254763,10.327918,28.0,1.0
9.12006627,-0.027164206177613923,-0.05283954212039202,0.0,-0.0883466793558274,0.5544136973485995,-0.049086015910258476,0.7230909314706858,0.118745297,10.240313,28.0,1.0
9.140070417,-0.027370759316730036,-0.052916345356494844,0.0,-0.08788902198639675,0.5542818031118261,-0.049581720283780155,0.7220711138363869,0.119677175,10.112131,28.0,1.0
9.16006668,-0.027972620500757425,-0.053145309709319376,0.0,-0.08674314691018707,0.5540169350716023,-0.05008842130577569,0.7211974143952082,0.119763139,10.216671,22.0,1.0
9.180076332,-0.028853565509565943,-0.05347947887871253,0.0,-0.08544326335388082,0.5536311594823351,-0.05108061487297435,0.7212749981759948,0.118561561,10.042586,17.0,1.0
9.20007012,-0.029760158505206306,-0.05382031764717124,0.0,-0.08428124438524262,0.5532065642324517,-0.052369625630734426,0.7219540701914738,0.116824563,10.350304,22.0,1.0
9.220068142,-0.030495207487452086,-0.05408883663205062,0.0,-0.0833273326013699,0.5528501790137863,-0.053568879475388506,0.7221291894097439,0.11573251,10.039298,25.0,1.0
9.240069344,-0.031504386508511756,-0.054448749805116464,0.0,-0.08193826088926912,0.5524109239475038,-0.05483860819847406,0.7225942518967442,0.11386724,10.576069,18.0,1.0
9.260040146,-0.03234722561517521,-0.054745101346792335,0.0,-0.08090756118539565,0.5519548757612235,-0.05619546579738741,0.7233257876672856,0.112165444,10.066443,19.0,1.0
9.280071643,-0.032589035851881,-0.05482277015740027,0.0,-0.08033914250309344,0.5517689795009213,-0.056757543889973575,0.7222326624738516,0.113046023,10.24571,22.0,1.0
9.300068046,-0.03320118179323863,-0.05502026016321883,0.0,-0.07911070647602327,0.551465182239489,-0.05718598560502908,0.7212514092033578,0.113198028,10.022332,26.0,1.0
9.320068556,-0.03413634936229583,-0.05531870830254915,0.0,-0.07760407775925737,0.5510202322965044,-0.058099079013198274,0.7212415950502649,0.111953223,10.27064,28.0,1.0
9.340068924,-0.034939258924433114,-0.0555719077172624,0.0,-0.07651972721378632,0.5505562573060534,-0.05929410883392116,0.721753492580305,0.11054709,10.228496,28.0,1.0
9.360071962,-0.03516815665441186,-0.05563423327717076,0.0,-0.07591184910031004,0.5503827969385431,-0.059818575560060365,0.720649252315164,0.111411536,10.268027,28.0,1.0
9.380068873,-0.035796229627253574,-0.05580849199419339,0.0,-0.07450347135560191,0.5500958560594674,-0.06026064184910137,0.7197459503839291,0.111381008,10.172725,28.0,1.0
9.400068655,-0.03655981637687792,-0.0560184158880834,0.0,-0.07320004876258034,0.5497306012302243,-0.06105752831237775,0.7197534563764716,0.110386176,10.233346,28.0,1.0
9.420072616,-0.03750145436541137,-0.056272735699783416,0.0,-0.07182507101954692,0.5492588794309965,-0.06235256264544712,0.720420676882058,0.108451606,10.243064,28.0,1.0
9.440069465,-0.03820909114978916,-0.056452919641637025,0.0,-0.07069833737529514,0.54890830153872,-0.06343048069011666,0.7205334497993728,0.107336838,10.018183,28.0,1.0
9.460056302,-0.03900282333016176,-0.05664767887399187,0.0,-0.06945611037746759,0.5485331301578964,-0.06443724513797856,0.7208482586004248,0.105917302,10.448489,24.0,1.0
9.480076027,-0.03986508664402022,-0.056852312154275775,0.0,-0.06818809486880344,0.5480634167453906,-0.06574345582816221,0.7215467810395607,0.104038481,10.32269,17.0,1.0
9.500071016,-0.04003932882262399,-0.05688471014450508,0.0,-0.06767612788301217,0.5479065684695994,-0.06621244771942926,0.7203926380450849,0.105020559,10.243363,15.0,1.0
9.5200187,-0.04059504209138919,-0.05699347977654045,0.0,-0.06625186747394993,0.5476437654143862,-0.06656237558255781,0.7193804888822963,0.1051527,10.343098,18.0,1.0
9.540072849,-0.041284657176380225,-0.057126283012219316,0.0,-0.0648973003760175,0.5473067767842674,-0.06722978340006137,0.7192851081856121,0.104309274,10.252706,24.0,1.0
9.560070328,-0.04214072014284149,-0.057285816079910616,0.0,-0.0634529207852105,0.5468717185745584,-0.06836009996347052,0.7198470858162657,0.10252772,10.132971,26.0,1.0
9.580074064,-0.04278390211846784,-0.05739337102148719,0.0,-0.062266866342428666,0.546548520276443,-0.06932046695986607,0.7198887797544951,0.101508935,10.031673,20.0,1.0
9.600088436,-0.043504010410524444,-0.05750549069990248,0.0,-0.06096147952463116,0.5462082063251135,-0.0702235684874546,0.7201429374182146,0.100180169,10.19244,24.0,1.0
9.620092812,-0.044284595685895364,-0.05761896329485741,0.0,-0.059626396405023756,0.545784586829817,-0.0713895709430614,0.7207735456781936,0.098401705,10.050496,15.0,1.0
9.640079861,-0.044478619044084025,-0.057635777662537975,0.0,-0.05895440502280003,0.5456270111189518,-0.07181077711628304,0.7196167798207111,0.099295022,10.216799,13.0,1.0
9.660082801,-0.044894864285889215,-0.05767501235797926,0.0,-0.05775224835243589,0.5454146083224636,-0.07207637087727747,0.7186531030872589,0.099635729,10.052533,19.0,1.0
9.680073748,-0.0455747843167268,-0.05773610584957933,0.0,-0.056175730559785905,0.5450912825446912,-0.0727038629527539,0.7184484060828357,0.098755679,10.227211,20.0,1.0
9.700071397,-0.0463300932391325,-0.05779647736279594,0.0,-0.05461671176342129,0.5447116638578384,-0.07367335333735582,0.7188978248012037,0.097126503,10.132887,27.0,1.0
9.72007109,-0.04682498302833805,-0.05782581159945916,0.0,-0.05360078123630351,0.5444564151554946,-0.07441369260301535,0.718845047751652,0.096453684,10.159207,27.0,1.0
9.740092613,-0.047538441446658766,-0.05785693921776427,0.0,-0.05207167678118647,0.5441308522610045,-0.07530808378953066,0.7190709994992416,0.094994422,10.216031,28.0,1.0
9.760071885,-0.04829041590330143,-0.05787723757582224,0.0,-0.0505046208769275,0.5437637518436196,-0.07635301831195976,0.7197104301445726,0.0930846,10.236022,28.0,1.0
9.780081633,-0.04877027326037166,-0.05787847534283245,0.0,-0.0494841726272674,0.5435173290800963,-0.07707651544888264,0.7196961108458543,0.09235278,10.104389,24.0,1.0
9.800083951,-0.049395631101281506,-0.057868738006980926,0.0,-0.048060031915511954,0.5432072731390649,-0.07789043941782159,0.7198382035656802,0.091117269,10.141884,18.0,1.0
9.820072854,-0.049844919216584536,-0.057847648950454356,0.0,-0.04694302739721605,0.5429772547351301,-0.07855247582801786,0.7195847217474581,0.090580646,10.242743,17.0,1.0
9.840081413,-0.05034008486334975,-0.057813839157801056,0.0,-0.04560151686587877,0.5427480603327988,-0.0791869714321463,0.7195921638533662,0.089707238,10.026183,13.0,1.0
9.860076498,-0.050751185053980526,-0.057771687452846485,0.0,-0.044416721591344556,0.5425507818498858,-0.07979159264177779,0.719294157378416,0.089228436,10.321129,20.0,1.0
9.880074569,-0.05124003652911165,-0.057710025926914106,0.0,-0.04296849408601545,0.5423415828794723,-0.08047229442633828,0.7193047706778982,0.08824646,10.11866,24.0,1.0
9.900079095,-0.05162358507489103,-0.057645251449626546,0.0,-0.04168334035038022,0.5421797238412128,-0.08106415907622527,0.7190231517970409,0.087720713,10.364837,13.0,1.0
9.920076992,-0.05201709094480143,-0.05756965449469321,0.0,-0.04038190960884931,0.5420223973484365,-0.08163511044511479,0.7190234023951311,0.086956471,10.167381,20.0,1.0
9.940075163,-0.052353115389844225,-0.05749125072347341,0.0,-0.03916449271227329,0.5418822646048107,-0.08217112189984076,0.7186895395571263,0.086569123,10.341848,26.0,1.0
9.960100273,-0.05272410971053496,-0.05739397339754612,0.0,-0.037762094194683835,0.5417494702248182,-0.08270445689011996,0.718649817103055,0.085820577,10.076451,27.0,1.0
9.980074553,-0.053035300598254675,-0.057298261636436414,0.0,-0.03654070921106957,0.5416264100246276,-0.0832117000291594,0.7183084060597043,0.085460684,10.326388,28.0,1.0
10.000080879,-0.0534083731659534,-0.05717194291211362,0.0,-0.03505092298385588,0.5415026002638446,-0.08378910007371247,0.718279350813872,0.084596731,10.244658,28.0,1.0
10.020076971,-0.05370475507537746,-0.05705546627801129,0.0,-0.03373501863226979,0.5413990016873754,-0.08428834710559135,0.717959633836086,0.084180747,10.137922,27.0,1.0
10.040081502,-0.054010737441098265,-0.05692654047910249,0.0,-0.03240454132631907,0.5413027291130742,-0.08476647423192765,0.7179268267531227,0.083520331,10.19172,28.0,1.0
10.060074547,-0.05429288530382567,-0.05679176337761027,0.0,-0.031014323463119938,0.5412098203049295,-0.08522359405128238,0.7175877916382974,0.083114656,10.203045,28.0,1.0
10.080038589,-0.05458158126557657,-0.05664426598689254,0.0,-0.029652507030650914,0.5411249195004324,-0.08566809435381346,0.7175437051008619,0.082471166,10.136813,28.0,1.0
10.100077727,-0.054828914306839165,-0.056503442926989826,0.0,-0.02839818228411731,0.5410395329467581,-0.08608705325232799,0.7171686062963983,0.082213385,10.259162,28.0,1.0
10.120077463,-0.05512776392893671,-0.056321198357137066,0.0,-0.026873402471808982,0.540958999051533,-0.0865586505704737,0.7171043270179512,0.081453316,10.195207,28.0,1.0
10.140074563,-0.055366005745648365,-0.05615842721403655,0.0,-0.025532922433043274,0.540886256417555,-0.08696930007914468,0.71675920983685,0.081128519,10.083925,28.0,1.0
10.160074167,-0.05561197473058754,-0.0559802879663921,0.0,-0.024177007262062438,0.5408245991902567,-0.08736125803889369,0.7167081142053346,0.08054838,10.107964,28.0,1.0
10.180074785,-0.05583843075554186,-0.05579865974386014,0.0,-0.022764475615540073,0.5407598949494573,-0.0877339009225711,0.7163502007505067,0.080227353,10.009397,27.0,1.0
10.200074951,-0.05609085867541428,-0.05558316868625251,0.0,-0.021229487866768603,0.5407001732380946,-0.08812905141786634,0.7162651136408742,0.079551739,10.24024,28.0,1.0
10.220101925,-0.056267344202124724,-0.055418461270893726,0.0,-0.020110236362700696,0.5406459706883143,-0.08842901312493748,0.7158980367664096,0.079493073,10.133538,28.0,1.0
10.240075889,-0.05650532594280612,-0.05518297530824002,0.0,-0.018565683727912518,0.5405967117215321,-0.08881110505546391,0.7158177704882762,0.078814075,10.009244,28.0,1.0
10.260074898,-0.05669389440151929,-0.054976391851312784,0.0,-0.017210957565115106,0.5405467112859258,-0.08914098970381823,0.7154573949535215,0.078574286,10.103252,28.0,1.0
10.280061068,-0.05688784230867389,-0.054752073266844135,0.0,-0.015840768925246825,0.5405114034494689,-0.08945085185020142,0.7153936612481893,0.078073696,10.186103,27.0,1.0
10.300075242,-0.05705342810793876,-0.05454253304103764,0.0,-0.014565173297920132,0.540465628428192,-0.08973314900590512,0.7149955688996301,0.07796103,10.147309,28.0,1.0
10.320075574,-0.05725210955429478,-0.05427352153000132,0.0,-0.012946688586368561,0.5404345620083274,-0.09004562552607741,0.7148756646401213,0.077351222,10.153207,27.0,1.0
10.340023725,-0.05738765801683061,-0.05407289653736528,0.0,-0.011828204894303767,0.540399485042346,-0.0902739368032628,0.7145042928178894,0.077371423,10.264185,28.0,1.0
10.360075411,-0.057568366800797376,-0.0537889975087033,0.0,-0.01028021202075808,0.5403786206730108,-0.090579210470576,0.7144230589773132,0.076766853,10.055004,28.0,1.0
10.380076426,-0.057709462442353206,-0.053542548911395614,0.0,-0.008917541972994332,0.5403496576834023,-0.09083601363398687,0.7140570697599788,0.076607048,10.124156,28.0,1.0
10.400080543,-0.05786641466031121,-0.05325021578522429,0.0,-0.007385184519297886,0.5403368640897196,-0.09108952177645042,0.7139619944212595,0.07607515,10.246502,28.0,1.0
10.420076289,-0.057974573495389405,-0.05302870562972174,0.0,-0.006255370268596591,0.5403132782038189,-0.0912721826452487,0.7135827017462045,0.076157955,10.336128,28.0,1.0
10.440076053,-0.05811853381578019,-0.052714030189335896,0.0,-0.004696037250074088,0.5403090929465579,-0.09150869982918965,0.7134900777459898,0.075616653,10.110727,28.0,1.0
10.46007658,-0.05821353025467074,-0.052480224991470356,0.0,-0.0034805667691350526,0.5402846071037372,-0.09167360740652508,0.7130264551256106,0.075770131,10.097035,28.0,1.0
10.48007659,-0.05828673931402737,-0.05227837547279029,0.0,-0.0023633246246624767,0.5402616902257098,-0.09180083476293484,0.7123716700168543,0.076228619,10.262384,26.0,1.0
10.500077249,-0.05838735322892636,-0.051981187103372274,0.0,-0.0008174590270590212,0.5402728442335131,-0.09198517325376104,0.7121154408885576,0.075948532,10.27279,28.0,1.0
10.520036651,-0.058465514423846836,-0.051715399872150354,0.0,0.0005532514020278532,0.5402723936940788,-0.09215903537423707,0.7116965037615343,0.075958542,10.239823,28.0,1.0
10.540038114,-0.05854457616108406,-0.05142521315343494,0.0,0.0019402960084837961,0.5402976114015006,-0.09231738559400125,0.711624233245713,0.075647018,10.007856,28.0,1.0
10.560083636,-0.05860926403765237,-0.051152819904973,0.0,0.0032310223645468225,0.5403005087761691,-0.09245053237815498,0.7112257282204083,0.07572023,10.098336,28.0,1.0
10.580077627,-0.05868393282426073,-0.05080242095696922,0.0,0.004866327276779352,0.5403322240091832,-0.09259623727147846,0.7111145806524672,0.075270766,10.251363,28.0,1.0
10.600077525,-0.05873869295804051,-0.05049869021008641,0.0,0.006198010720503853,0.5403418289306459,-0.09270773238389773,0.71072603357273,0.075305884,10.248536,28.0,1.0
10.620078504,-0.058792129586332884,-0.05016988444440225,0.0,0.007566652294529254,0.5403777019625211,-0.09281881779102837,0.7106814762607976,0.075007751,10.308208,28.0,1.0
10.640084921,-0.05882898496253804,-0.04989331171728694,0.0,0.008753940942336213,0.5403838052677541,-0.09287474151979325,0.7102512255613692,0.075272383,10.058575,28.0,1.0
10.66007747,-0.05885729285514695,-0.04961139935968354,0.0,0.010127879954942713,0.5403818155837725,-0.09294529773432539,0.7095764401340817,0.075669044,10.119982,28.0,1.0
10.680078026,-0.05888431432040802,-0.049296235558299484,0.0,0.011509363468732468,0.5404208939273677,-0.09299124561891095,0.7093803988963672,0.075609158,10.137256,28.0,1.0
10.700078165,-0.05890208437696977,-0.048996520711520455,0.0,0.012793581114208585,0.5404398829198402,-0.0930331823725623,0.7089444969867154,0.075833195,10.057463,27.0,1.0
10.720078415,-0.05891802823960792,-0.048609120127593546,0.0,0.014419201896587033,0.5404970579781888,-0.09308977691624498,0.7088417407596672,0.07547919,10.203964,28.0,1.0
10.740096059,-0.058923221974908103,-0.0483193550761639,0.0,0.015539545812411626,0.5405211883009188,-0.09310793443549459,0.7084908036916913,0.075766644,10.061743,28.0,1.0
10.760078494,-0.05892460410298433,-0.04790870843036608,0.0,0.01708726384838713,0.5405872780600163,-0.09315247900218988,0.7084461915424279,0.075384735,10.197895,28.0,1.0
10.78007861,-0.05891788215003508,-0.047603590333181775,0.0,0.01829393744907862,0.540611912180612,-0.0931380895634823,0.7080201993686611,0.075733953,10.288767,28.0,1.0
10.800079368,-0.05890390942545631,-0.04729616373815233,0.0,0.0195998221417702,0.5406218851478674,-0.0931391189703375,0.7073491716744691,0.076252702,10.038521,27.0,1.0
10.820079368,-0.05888443590779622,-0.04695096614615833,0.0,0.02094337406844541,0.5406790992105209,-0.09312696960223318,0.7071809928662266,0.076265947,10.282439,28.0,1.0
10.840079317,-0.05885893289529709,-0.04662148644042386,0.0,0.02220964264684732,0.5407144563123495,-0.09309922184351871,0.7067714568790877,0.076562091,10.189417,28.0,1.0
10.860079782,-0.05881992925399373,-0.046195111665931626,0.0,0.023813585879145994,0.5407949940713404,-0.09306980755814981,0.706697784503965,0.076272349,10.092631,28.0,1.0
10.880080057,-0.05878488023541326,-0.04587613727791389,0.0,0.024918787209339304,0.5408353722967465,-0.09301529379123179,0.7063680541678502,0.076635526,10.117821,28.0,1.0
10.900079594,-0.05873004214737696,-0.045424036388096264,0.0,0.02644503375177964,0.5409262343065472,-0.0929686684141364,0.7063513058337643,0.076316554,10.101384,28.0,1.0
10.920079742,-0.05867461159051622,-0.045032437839464465,0.0,0.02777889693080518,0.5409811134660358,-0.09290497335856499,0.7060397747575499,0.076472732,10.08856,27.0,1.0
10.940080725,-0.05861055634811786,-0.044609547995582734,0.0,0.029128095851524056,0.5410719065547757,-0.09280801496891744,0.7060358453898546,0.076340151,10.214911,28.0,1.0
10.960080101,-0.05855096838483872,-0.04425583581821903,0.0,0.030282981076488143,0.5411224781177026,-0.092660833154948,0.7056432445012355,0.076796691,10.200894,28.0,1.0
10.980084057,-0.05848345177042036,-0.043897596485612755,0.0,0.03161224010292236,0.5411485823799516,-0.09257037455879012,0.7050048550617249,0.077371608,10.116967,28.0,1.0
11.000114866,-0.05840493081353711,-0.04349808284718807,0.0,0.032948276045947945,0.5412302622405039,-0.09243519023090638,0.7048582541866896,0.077472823,10.109868,28.0,1.0
11.020091394,-0.05832444831112052,-0.04312013130922178,0.0,0.03418354715533035,0.5412862671654036,-0.09228884576706241,0.7044700915195852,0.077865321,10.293251,28.0,1.0
11.040087034,-0.05821554014737486,-0.042633353857933945,0.0,0.0357436189889351,0.5413952206305814,-0.09213261450763843,0.7044256182110001,0.077657641,10.064043,28.0,1.0
11.060080534,-0.05811481377043911,-0.042212514550312115,0.0,0.03700760739926503,0.5414655275731123,-0.09196991325137477,0.704103105897803,0.077938199,10.134311,28.0,1.0
11.08008094,-0.05800225027623818,-0.04175751105282365,0.0,0.038305671601358886,0.5415771074186285,-0.09180088833045218,0.7041336481501114,0.077865279,10.174211,28.0,1.0
11.100082906,-0.057892114548078154,-0.041337017939759524,0.0,0.039515988285600503,0.5416519774406704,-0.0916011684980669,0.7038200120713246,0.078211871,10.189222,28.0,1.0
11.120080988,-0.057746530500648,-0.04080147842234228,0.0,0.04104445443705914,0.5417801012568252,-0.09137539010819547,0.7038032777317936,0.078005514,10.216899,28.0,1.0
11.140087631,-0.057634100681737375,-0.04040743922229099,0.0,0.04209298429199325,0.5418530874454016,-0.09115754520859927,0.7035069692669541,0.078494773,10.066346,28.0,1.0
11.160081137,-0.057471698661325774,-0.039854162942550966,0.0,0.043538562027814406,0.5419916502632744,-0.09091205644462574,0.7035320524272732,0.078280104,10.1539,28.0,1.0
11.180083698,-0.057325789009734354,-0.03938177534099207,0.0,0.044796283749912125,0.5420831396653514,-0.09066992244609084,0.7032546921102841,0.078560535,10.248428,28.0,1.0
11.200077278,-0.0571656924662355,-0.038875049355866845,0.0,0.046067873206011765,0.5422180229462087,-0.09039591758342261,0.703288304302274,0.078542928,10.236351,23.0,1.0
11.220114501,-0.057013254974800184,-0.038411813268555306,0.0,0.047239748279766784,0.5423117665188434,-0.09009835912127724,0.7029761824297419,0.07895705,10.077162,28.0,1.0
11.240089737,-0.056815282103962896,-0.03782588661078678,0.0,0.048716767220872446,0.5424636082327724,-0.08977321557914074,0.7029676438395402,0.078802965,10.005282,28.0,1.0
11.260082648,-0.05666539963244919,-0.03739790870237912,0.0,0.04972821842779047,0.542552950446072,-0.08947598800904667,0.7026785543419083,0.079350227,10.139115,28.0,1.0
11.280082739,-0.056451515469839474,-0.03679965547425272,0.0,0.051121235475236455,0.5427147761033266,-0.08913533277911079,0.702714898617343,0.079186038,10.166784,28.0,1.0
11.300082733,-0.05626286799156951,-0.036292128081380694,0.0,0.05233103063627067,0.5428238965931909,-0.08880873011960597,0.702446664816525,0.079521688,10.252301,28.0,1.0
11.320082325,-0.056037616312600534,-0.035697514356708863,0.0,0.05368886498865843,0.5429937779963832,-0.08840736532790425,0.7024773173660582,0.079432968,10.208497,21.0,1.0
11.340083779,-0.05586496687710307,-0.03525538421205933,0.0,0.05467921184087128,0.5430903247435245,-0.08807330567098307,0.7021880622733377,0.080021712,10.15015,28.0,1.0
11.360084058,-0.05561699811750619,-0.03463250790565087,0.0,0.05609575348111649,0.5432638903628209,-0.0876608042855665,0.7021910314700224,0.079918187,10.235253,28.0,1.0
11.380084875,-0.05540121461155403,-0.03410653631061239,0.0,0.05723745713749269,0.5433828650447429,-0.08726622054640394,0.7018975463780517,0.080331838,10.034375,27.0,1.0
11.400084883,-0.05516727579373368,-0.033544448486678966,0.0,0.05840914147098716,0.5435513486011853,-0.08686686952589986,0.7019587644970542,0.080392013,10.067355,27.0,1.0
11.42008455,-0.05493198239031862,-0.03299559316825792,0.0,0.05962117819971469,0.5436814609261554,-0.08644290131196715,0.7017019515789439,0.080744685,10.283181,28.0,1.0
11.44006693,-0.05467976245986607,-0.03241490230872108,0.0,0.06080702974098848,0.5438606424514951,-0.0859889760971489,0.7017585766372737,0.08081252,10.010246,28.0,1.0
11.460084219,-0.05444627766946972,-0.03189092214932329,0.0,0.061880971278668116,0.5439896106326721,-0.08552684514348713,0.7014666187959067,0.081320417,10.126574,28.0,1.0
11.480083714,-0.05414808840324252,-0.031232560169331847,0.0,0.06322939864261985,0.5441854668715217,-0.08502940159561881,0.7014832810642531,0.081253313,10.083863,28.0,1.0
11.500083624,-0.05389093070612717,-0.030678810520461567,0.0,0.06431297008227292,0.544321298882304,-0.084559035816648,0.7012015565765685,0.081704736,10.134357,28.0,1.0
11.520084366,-0.05361345630984079,-0.030088203503893553,0.0,0.06542448144611998,0.5445097454148969,-0.08408351741324564,0.7012760652610177,0.08180282,10.15423,28.0,1.0
11.540091776,-0.05335623996415681,-0.0295532723386079,0.0,0.06645438699696533,0.5446476856860087,-0.08358652804892555,0.7010013458790171,0.082328964,10.123839,28.0,1.0
11.560084176,-0.05302815684728952,-0.02888075181913529,0.0,0.06774965944152475,0.5448558715927162,-0.08304090322026897,0.7010331875498715,0.082282744,10.214229,28.0,1.0
11.580084896,-0.05278527490463699,-0.028393299034938178,0.0,0.06863394788328384,0.5449834377980131,-0.08256551206623536,0.7007728548775629,0.08294799,10.045352,28.0,1.0
11.600106577,-0.05244330888172104,-0.027714855357496546,0.0,0.06984959090702825,0.5452005056511323,-0.082004919763591,0.7008474950543596,0.082884787,10.088455,28.0,1.0
11.620085361,-0.05214842371567446,-0.027143613866103707,0.0,0.0708996764379577,0.5453509879645559,-0.08148269904358747,0.7006118010293655,0.083326071,10.220211,28.0,1.0
11.640091402,-0.05183112688607145,-0.02653472990163373,0.0,0.07196092115489042,0.5455558843735329,-0.08093109476484697,0.7006925133069428,0.083462896,10.096741,28.0,1.0
11.660085828,-0.05153828018239865,-0.025983805718233798,0.0,0.07293300968841034,0.5457069228286696,-0.08036408761209927,0.7004238962783407,0.084025025,10.275734,28.0,1.0
11.680085213,-0.05116752935089801,-0.02529355597822232,0.0,0.07410543860953052,0.5459344671050902,-0.07975546468382046,0.7005001583077826,0.083985865,10.267759,26.0,1.0
11.700089591,-0.05084800197172822,-0.024711443647807044,0.0,0.07511158032951074,0.5460937716365566,-0.07918765881485276,0.700270307884219,0.08445078,10.046251,28.0,1.0
11.720095702,-0.05050458940827383,-0.02409099829434787,0.0,0.07612797711175923,0.5463097805431847,-0.07859007716406688,0.7003606500659079,0.084605413,10.057241,28.0,1.0
11.740093435,-0.05016434929433267,-0.023488179200207203,0.0,0.07716201903599289,0.546479109193932,-0.07797554945994296,0.7001331826703533,0.085047856,10.06797,28.0,1.0
11.760085799,-0.04982852956425473,-0.022898937939825115,0.0,0.07814964600759614,0.5467059732541499,-0.07722279552139276,0.700094122826315,0.085458793,10.048617,28.0,1.0
11.780092804,-0.0497201758301963,-0.022722086566073586,0.0,0.07859794122612354,0.5466491259727362,-0.07683561351128972,0.698898541085644,0.087704581,10.255951,28.0,1.0
11.800085863,-0.04942573783413073,-0.022231998903016092,0.0,0.07963523864861141,0.5466791761332745,-0.07644724858844508,0.6980033080696331,0.088866352,10.197092,28.0,1.0
11.820086197,-0.0489656867972929,-0.021460583362986757,0.0,0.08096622067656821,0.5469124859355103,-0.07576818218679347,0.698088585883415,0.088647363,10.188607,27.0,1.0
11.840089452,-0.04856014072083247,-0.020778951354129965,0.0,0.08196369940923073,0.5472441177756102,-0.07486413704969835,0.6986731740781941,0.088426481,10.046092,27.0,1.0
11.860086977,-0.048422475294490994,-0.02055775186311098,0.0,0.08243329045127203,0.5472229085856085,-0.07429598934637503,0.697484515171711,0.090680543,10.262436,27.0,1.0
11.880088841,-0.048050503301639826,-0.019956044084116976,0.0,0.08352118793849403,0.5472798084535606,-0.07385939061565684,0.6965261939884988,0.091766875,10.248287,28.0,1.0
11.900084029,-0.04759278602813962,-0.019212356181931615,0.0,0.08459025041753215,0.5475293618127135,-0.07311508000281781,0.6965300078889264,0.091866598,10.236091,28.0,1.0
11.920086755,-0.04706853264412557,-0.018360426550727334,0.0,0.08565374637719696,0.5479448050668708,-0.07201184132531821,0.697139958502936,0.091379927,10.062686,26.0,1.0
11.940089887,-0.046910554004364724,-0.018118440196207623,0.0,0.086094289499809,0.5479257094488432,-0.07143519668157645,0.6959833556018764,0.093579285,10.040484,28.0,1.0
11.960087036,-0.04652456525019397,-0.01751927305871484,0.0,0.08702541280635691,0.5479951212315131,-0.07097583947746713,0.6950933455891264,0.094679588,10.350497,29.0,1.0
11.98008738,-0.04603749516214804,-0.01675938486583067,0.0,0.08799640448234415,0.5482585587954455,-0.07022874179063815,0.6951353243923044,0.094760766,10.165619,28.0,1.0
12.000112262,-0.045473986784949405,-0.01587993594530682,0.0,0.08899062834582747,0.5487044307759075,-0.06907222992060162,0.6957929866064319,0.094229803,10.278269,28.0,1.0
12.020088283,-0.04530610185959218,-0.015633491257445273,0.0,0.08940117947352916,0.5486875300104918,-0.0684680015412534,0.694659852281649,0.096420021,10.244816,28.0,1.0
12.040095043,-0.044955379555990556,-0.01511147698379532,0.0,0.0901458603199913,0.5487431818133347,-0.06804661491439519,0.6938400927004461,0.09767062,10.050456,28.0,1.0
12.060140472,-0.04437673144139849,-0.014245444995489078,0.0,0.09118187835325618,0.5490417305963823,-0.06720531222725201,0.6938903259925685,0.097526644,10.17119,28.0,1.0
12.080088114,-0.04381669916768398,-0.013407748379887181,0.0,0.09210122727836893,0.5494903489743629,-0.06597737506005315,0.6944826990548006,0.097171643,10.142792,28.0,1.0
12.100102307,-0.04366952059186624,-0.01320007302836619,0.0,0.09240040901240303,0.5494585882686644,-0.06542768764161062,0.6933920906683126,0.099441002,10.175704,28.0,1.0
12.120089396,-0.04324869865192563,-0.01259768434303561,0.0,0.09318717530037582,0.5495258380992547,-0.06495302338830428,0.6925226025862512,0.100559512,10.216986,28.0,1.0
12.140096112,-0.04259358468480562,-0.01165537227594848,0.0,0.09423543325803303,0.549865658215604,-0.06404959001130008,0.6927152383557253,0.100143154,10.204694,28.0,1.0
12.160089645,-0.04200385191185514,-0.010806735644200798,0.0,0.09507819822966786,0.550360386400728,-0.06269434513607469,0.6934323582495082,0.09970152,10.188744,28.0,1.0
12.180090349,-0.04183810831826685,-0.010579462769148711,0.0,0.0953879868824068,0.5503363156992798,-0.0621140185633918,0.6923599700085541,0.101945111,10.197447,28.0,1.0
12.200089414,-0.041378557812117966,-0.009943089385970848,0.0,0.09613369351626043,0.5504212886777423,-0.061596786081312915,0.6915045650777114,0.103030876,10.164118,28.0,1.0
12.220089794,-0.04067012392196455,-0.008958308877426284,0.0,0.09711220934823063,0.5507937704979086,-0.06062521498650688,0.6917275485754951,0.102551328,10.184422,28.0,1.0
12.240112622,-0.04005438578911427,-0.008101525381138926,0.0,0.09785631190110715,0.5512999040771919,-0.05932320206893027,0.6925060605790696,0.102063628,10.18974,28.0,1.0
12.260091081,-0.03985946076900325,-0.007842780380659348,0.0,0.09817654173297059,0.5513076856740206,-0.0585761633337317,0.6914291262981647,0.10428688,10.199368,28.0,1.0
12.280093615,-0.03933043019242017,-0.007134789094371697,0.0,0.09891781543391893,0.5514179094573612,-0.05802962315505085,0.690643281760535,0.105183787,10.277525,28.0,1.0
12.300090537,-0.03868413287295093,-0.006266502379695972,0.0,0.09966987404646822,0.5517781294360907,-0.057066608896800534,0.6908664185088975,0.104999611,10.195205,28.0,1.0
12.320096788,-0.037951372967316245,-0.005281739664909341,0.0,0.10042754034091901,0.5523578698443454,-0.055604557833747736,0.6917473041313571,0.104160463,10.170729,28.0,1.0
12.340098328,-0.03774215829032821,-0.005016204685952633,0.0,0.10070754906505444,0.5523577888684097,-0.05488652285291305,0.6907011179399538,0.106320369,10.132158,28.0,1.0
12.360072073,-0.03730262048730935,-0.004451002662721659,0.0,0.10122359075712321,0.5524399592620185,-0.05439810422011712,0.6899773204332357,0.107478855,10.365845,18.0,1.0
12.380098506,-0.036580130169477136,-0.003517003584302682,0.0,0.10196313345571842,0.5528131926597415,-0.053396773283276355,0.6901846140501398,0.107120891,10.040336,14.0,1.0
12.400094559,-0.03583639130000809,-0.002554497515736434,0.0,0.10264122511642915,0.5533914494793161,-0.051939401570153296,0.691081641720586,0.106277871,10.201419,21.0,1.0
12.420092354,-0.035671616228661995,-0.0023543215485700925,0.0,0.10283053239068647,0.553391238682198,-0.05125323995842161,0.6901706518248534,0.108482398,10.026168,25.0,1.0
12.440110388,-0.03517505137604561,-0.001740441027486589,0.0,0.10334136548400939,0.5534648042428828,-0.050722312205097986,0.689358023122106,0.109569614,10.139021,27.0,1.0
12.460092173,-0.034438188336040704,-0.0008237472633134685,0.0,0.10400141368847225,0.5538372373123048,-0.04970145885459747,0.6896044643910448,0.109169136,10.396033,17.0,1.0
12.480063364,-0.03374868874780117,3.5170891765422876e-05,0.0,0.10457003232074831,0.5543611839644103,-0.04836498805845876,0.6904314683251863,0.108566413,10.43746,11.0,1.0
12.500097468,-0.03354758749543457,0.0002720369018741134,0.0,0.10476219579590866,0.5543622139365331,-0.0475930254013325,0.6894146815966566,0.110781375,10.167152,16.0,1.0
12.52009484,-0.033026755706428955,0.0008934562860982042,0.0,0.1052122813597929,0.5544485159740639,-0.04703593754442158,0.6886762182594927,0.111776836,10.276723,22.0,1.0
12.540097436,-0.032218662380343176,0.001863095770236012,0.0,0.10584032005215727,0.5548535978354117,-0.045957752415500264,0.6890602079390136,0.111109552,10.225369,26.0,1.0
12.560092161,-0.03151571508152386,0.0027084796151781968,0.0,0.10633367845903595,0.5554104355634982,-0.044516138167788676,0.6899974058814732,0.110430725,10.070174,27.0,1.0
12.580101101,-0.03129450708200641,0.0029626598565907054,0.0,0.10652142059069572,0.5554184099466688,-0.04372752230964157,0.6889990907423796,0.112608728,10.003193,27.0,1.0
12.600091783,-0.030693918973779315,0.00365863246307953,0.0,0.10695511672051523,0.5555351842213617,-0.043126039159580215,0.6883112940684092,0.113411744,10.026319,27.0,1.0
12.620092215,-0.029960821814103415,0.004512202391380186,0.0,0.10741789994456122,0.5559258614018522,-0.04206421779823095,0.6886580743088258,0.113074685,10.336366,28.0,1.0
12.640096558,-0.029130730180396167,0.00548001724013154,0.0,0.10789241967461748,0.5565584624676099,-0.04044747120867106,0.6896923618622754,0.112027921,10.170932,28.0,1.0
12.660093537,-0.028895442855946096,0.005739309957403708,0.0,0.10803197711543337,0.5565571239135599,-0.03968599349586505,0.6887187804381854,0.114137092,10.242689,28.0,1.0
12.680093119,-0.028400758529324135,0.006291890330471965,0.0,0.10830054142426163,0.5566438428956425,-0.03915274865256668,0.688078265274545,0.115224601,10.363741,28.0,1.0
12.70009313,-0.02758836310736172,0.007205056972333135,0.0,0.10871385909361021,0.5570458165941318,-0.03804720932833035,0.6884123392547626,0.114695854,10.192417,28.0,1.0
12.720099914,-0.026808491105377,0.008082448362801852,0.0,0.10909438456400604,0.5576416460845736,-0.03645033542445378,0.689322369863142,0.113931833,10.252284,28.0,1.0
12.740093808,-0.026554980207641216,0.008352325325923704,0.0,0.10919587620420228,0.5576056811350882,-0.03576223246070992,0.6882566908929916,0.116055142,10.085364,28.0,1.0
12.760094398,-0.026043084553912993,0.00890462893101174,0.0,0.1094038446345358,0.5577017641870047,-0.03520215667952591,0.6876924717671908,0.117051254,10.135688,28.0,1.0
12.780095081,-0.025163560378323294,0.009859268156568218,0.0,0.10975607278219411,0.5581307096887018,-0.03403979128296336,0.6881687572774641,0.116242878,10.273379,28.0,1.0
12.800094203,-0.024376570634116124,0.010715255479074292,0.0,0.11006305506804703,0.5587528223454802,-0.0323460271876094,0.6891927164213656,0.115388481,10.305894,28.0,1.0
12.820094011,-0.02416130906564571,0.010938559067824028,0.0,0.11012816757853985,0.5587264103810083,-0.031689086686189596,0.6882454652321086,0.117562804,10.167055,28.0,1.0
12.840097767,-0.023562886547608616,0.011566010637381609,0.0,0.11029697781066816,0.5588314352615145,-0.031068351132501518,0.687577673381257,0.11845475,10.172458,28.0,1.0
12.860100057,-0.02264422317321911,0.01253433951190836,0.0,0.11056068412612365,0.5592818839402087,-0.02986255861546296,0.6880660695665285,0.117597976,10.331723,28.0,1.0
12.880114278,-0.021849342892795384,0.013374305444213672,0.0,0.11078473958876332,0.5598937896855177,-0.02827492596218637,0.6891095410291972,0.116738177,10.322519,28.0,1.0
12.900094216,-0.021603303681258505,0.013622409823173283,0.0,0.11082770342193363,0.5599020901987196,-0.027450311232406772,0.6881715694284587,0.118857047,10.182092,28.0,1.0
12.920094304,-0.020934642277064777,0.01430280802138881,0.0,0.1109262607185045,0.5600299752480578,-0.026800787198006125,0.6875720205694369,0.119546401,10.156934,28.0,1.0
12.940068501,-0.020120177436372882,0.01513584664039336,0.0,0.1110728165975053,0.5604512538692361,-0.02565019530109751,0.6880211484949034,0.119044124,10.124686,28.0,1.0
12.960100776,-0.019200622879208595,0.01607808431735534,0.0,0.11123732938220822,0.5611305662860477,-0.023895935217274185,0.6891738108893005,0.117793768,10.218079,28.0,1.0
12.980095288,-0.018943714016586108,0.01632628793800612,0.0,0.1112262632399374,0.5611250699345165,-0.023105497385994933,0.6882579289072087,0.119844023,10.297642,28.0,1.0
13.00009499,-0.018309955198403397,0.01694794066504535,0.0,0.11123104160356177,0.561242931977857,-0.022451729673400932,0.6876884716450122,0.120599088,10.184294,28.0,1.0
13.020096949,-0.017515320019096253,0.01773244065610051,0.0,0.1112881417077583,0.5616372699472372,-0.021347876497878775,0.6881238406658248,0.120153147,10.33927,27.0,1.0
13.040107825,-0.01660547528916941,0.01863280928258214,0.0,0.11136777167296458,0.5622943995903427,-0.019629743408785184,0.6892691076598189,0.118921141,10.253905,24.0,1.0
13.060073484,-0.01640795007647216,0.018815598322825085,0.0,0.11132886702037413,0.5622854198339466,-0.018893523844779374,0.6884683152430678,0.121035159,10.154087,28.0,1.0
13.080103892,-0.01581082940527927,0.019379210706418234,0.0,0.11124956693816682,0.5623583129126222,-0.018280064004757353,0.6878186114586312,0.121938917,10.21383,28.0,1.0
13.100097286,-0.01492696697659288,0.020220212390221617,0.0,0.11121905352971127,0.5627658923049916,-0.01708405719123682,0.6882808673472957,0.1212105,10.136357,28.0,1.0
13.120096488,-0.014079893886613903,0.021027750172804293,0.0,0.11121384824936155,0.5633758424825073,-0.015383481726947165,0.6893189397301454,0.120228658,10.167732,27.0,1.0
13.140103864,-0.013866533606249527,0.02121885916943162,0.0,0.11114251544922306,0.563331066685145,-0.014729306939034334,0.6884213021386751,0.122371695,10.227702,28.0,1.0
13.160103184,-0.013253409158016382,0.021777905838497286,0.0,0.11099275697613883,0.5634136466529183,-0.014090778988245583,0.687841988172892,0.123176637,10.083141,28.0,1.0
13.180097238,-0.012305032931104376,0.022649144347680603,0.0,0.1108605728984201,0.5638442673503921,-0.01283951433973459,0.688435038094358,0.122166929,10.307956,28.0,1.0
13.200101387,-0.011482736989400182,0.023407363723838753,0.0,0.1107952807142954,0.564441802629184,-0.011210866405591142,0.6895694608121892,0.121155791,10.028636,27.0,1.0
13.220103716,-0.01122771287326522,0.02363120898380736,0.0,0.11069068355977545,0.564433357438456,-0.010407562049683959,0.6886846476966177,0.123215357,10.228813,28.0,1.0
13.240104378,-0.010534917358966061,0.024245297076388627,0.0,0.11044656030302943,0.5645441780072591,-0.00973709427201202,0.6881535061291603,0.123817507,10.229783,28.0,1.0
13.260131442,-0.009691316890742317,0.02499760053916169,0.0,0.110265812564108,0.5649506901863586,-0.008552692780218118,0.6886770171981854,0.123196518,10.102013,28.0,1.0
13.280105014,-0.008739210166507125,0.025848838168384597,0.0,0.11010765149962103,0.5656151684930005,-0.006751203973342111,0.6899123707125244,0.121776955,10.195084,28.0,1.0
13.30009844,-0.008473318274014001,0.026071986692003817,0.0,0.10994437610310619,0.5655934765172644,-0.005975246381242317,0.6890456871090191,0.123763727,10.171471,28.0,1.0
13.320049967,-0.007817674336119752,0.02663149719069344,0.0,0.10963435346467458,0.5656965039259041,-0.005302319300700254,0.6885433137200839,0.124423643,10.163754,28.0,1.0
13.340100427,-0.006996130564873541,0.027337797581509518,0.0,0.10937425349507626,0.5660773908592038,-0.004164470662866406,0.6890484764172584,0.123860708,10.263258,28.0,1.0
13.360104515,-0.005960581942456397,0.028230672633179778,0.0,0.10910750749638157,0.5667352394444409,-0.002402054194767132,0.6903625068923592,0.122104784,10.216476,28.0,1.0
13.380105154,-0.005156272664053467,0.028916215568781843,0.0,0.10883835472958012,0.5671564117729699,-0.0009588174331922415,0.6909466078589516,0.121505824,10.192319,25.0,1.0
13.400103855,-0.004325428132765679,0.029620601040477916,0.0,0.1085559180069949,0.5676301056817262,0.0004070919663075462,0.6916950557889037,0.120744559,10.012734,17.0,1.0
13.420115361,-0.0036008693471431636,0.030225784368734677,0.0,0.10827044452706683,0.5679668153281177,0.0016915058829774163,0.6920108921926508,0.120544809,10.151338,22.0,1.0
13.440100337,-0.0027145520068753647,0.03095993424154066,0.0,0.10788742194111767,0.5684177689926557,0.0030982043741275764,0.6927009098081731,0.119623497,10.291184,27.0,1.0
13.460099216,-0.002089437314539997,0.031469372120061415,0.0,0.10760506320931994,0.5686846252045067,0.0042155520045620756,0.6929532347486742,0.119692945,10.290213,28.0,1.0
13.480099034,-0.0012366930693460598,0.032159527007074404,0.0,0.10720153771900741,0.5691035850298254,0.00560041710595207,0.6936723912732332,0.118766016,10.26583,28.0,1.0
13.500098939,-0.0005369101272713763,0.03271504282916489,0.0,0.10681574350087367,0.5693779354659168,0.006812959349594753,0.6939941586633738,0.118513834,10.074273,28.0,1.0
13.520098813,0.0001970172163884638,0.03329435363457706,0.0,0.10642350030281354,0.5697305768986738,0.008045769199180274,0.6946383285389482,0.117939865,10.146647,28.0,1.0
13.540101209,0.0008487016546516725,0.03380024033256012,0.0,0.10603524444216351,0.5699761296036523,0.009225663426271064,0.6949043791382844,0.117840843,10.251754,28.0,1.0
13.560099167,0.0016545187496759398,0.034420580035019646,0.0,0.10552479307442564,0.5703272046938259,0.010540840444781542,0.6955480061642287,0.117024971,10.159764,28.0,1.0
13.580103747,0.002321153881511731,0.03492479998709891,0.0,0.10508339915912776,0.5705553433091739,0.011702870922860173,0.6958166792804342,0.116843022,10.195492,28.0,1.0
13.60010098,0.003023290162437784,0.03545302909627016,0.0,0.10462643800999163,0.5708666405798172,0.012896757349049225,0.6964417798632883,0.116309716,10.169559,28.0,1.0
13.620099468,0.0036965674332830444,0.03595054966931661,0.0,0.10411495648087243,0.571088665761273,0.014058811520740889,0.6967359795907611,0.116071713,10.188212,28.0,1.0
13.640099769,0.004465408484036774,0.03651524870460895,0.0,0.10355454472118122,0.5714167950986864,0.0153826406049857,0.6973916102261427,0.115299375,10.202366,28.0,1.0
13.660100385,0.005024706030034724,0.03691956418288855,0.0,0.10312513773309966,0.571592784590093,0.01638941680088782,0.6975803564532866,0.115473716,10.27662,28.0,1.0
13.680103351,0.005798105899192214,0.03747535291191746,0.0,0.10252124105429915,0.5719013344613095,0.017658246125462216,0.6982090799581359,0.114690494,10.350831,28.0,1.0
13.700100199,0.006442077772650051,0.037929374179725826,0.0,0.10196209557599084,0.5720955286250357,0.01877803205020198,0.6984629695484764,0.114533559,10.14826,28.0,1.0
13.720100417,0.007121712147433624,0.03840613127061503,0.0,0.10139486643750874,0.572367819719523,0.01992955470612071,0.6990376347045258,0.114059448,10.079911,28.0,1.0
13.740118723,0.007730839759783102,0.03882624762637044,0.0,0.10084413815482725,0.5725475834511801,0.021031016204325514,0.6992449688534622,0.114035608,10.212568,28.0,1.0
13.76010081,0.008488402801071056,0.039344586857794746,0.0,0.10012879619757754,0.5728248997406595,0.022271762439581563,0.6998196101901693,0.113307225,10.359006,28.0,1.0
13.780101743,0.009032718753968869,0.03971064896077494,0.0,0.09961781388935975,0.5729765864932753,0.023255448142308822,0.6999908138848461,0.113496842,10.479667,23.0,1.0
13.800105753,0.009783404406316323,0.040212361395138355,0.0,0.09889943883951868,0.5732500509176554,0.02450192722284676,0.7005982174329064,0.112736536,10.166409,15.0,1.0
13.820105914,0.010365840500526243,0.040594294443893,0.0,0.09831477824679438,0.5734071685775624,0.025571584635990355,0.7007874217840788,0.11276504,10.289618,21.0,1.0
13.840105978,0.01103689695614675,0.04103115621087195,0.0,0.09760319087177848,0.5736351780530571,0.026651594713074846,0.7012987323451965,0.112314404,10.321531,25.0,1.0
13.860104582,0.01163009409487689,0.04141019705826285,0.0,0.09695982270676015,0.5737892077966307,0.027727246387938158,0.7014931731735936,0.112293706,10.28536,27.0,1.0
13.880103832,0.012363558132446455,0.0418756216979783,0.0,0.0961644062201292,0.5740381370120381,0.02894677412378663,0.7020813128012713,0.111556273,10.266232,11.0,1.0
13.900095245,0.01289284517816104,0.04220483584490491,0.0,0.09554879684993793,0.574167529737457,0.02990477634212784,0.7022591154273313,0.111736097,10.090852,13.0,1.0
13.920111395,0.013623480113054127,0.04265629681002935,0.0,0.09470256087950939,0.5744065840705694,0.03111157031788494,0.7028296822248784,0.111007886,10.369643,14.0,1.0
13.940110024,0.014191314479680556,0.043000212004413396,0.0,0.09402621599164683,0.5745379357461026,0.032148063015029316,0.7029910395396006,0.111056508,10.491644,13.0,1.0
13.96011306,0.014846150139033001,0.04339378049168414,0.0,0.09320577285003986,0.574739680631074,0.033199469957235196,0.7034766532319711,0.110625602,10.035269,15.0,1.0
13.980104415,0.0154257348788065,0.04373520691859469,0.0,0.09246783019374534,0.574870344513968,0.03424218787637531,0.7036496841559166,0.110616967,10.026481,24.0,1.0
14.00010392,0.016144667762519896,0.04415484877404872,0.0,0.09151380671543145,0.5750872473617394,0.035426983881181415,0.704183272446821,0.109916623,10.339568,26.0,1.0
14.020119382,0.01666207620777415,0.04445095114807572,0.0,0.09083709206110457,0.5751949678356446,0.03635437570626281,0.7043215803942379,0.110129276,10.290261,27.0,1.0
14.040131249,0.017376638387263346,0.04485692500052388,0.0,0.08988909922407223,0.5754108246374846,0.03753566600969168,0.7048801678275987,0.109405364,10.057086,21.0,1.0
14.060104965,0.017974369826146936,0.045188653557639624,0.0,0.08902742773960687,0.5755301728767224,0.03856486680666958,0.7050732571159425,0.109285486,10.123267,24.0,1.0
14.080105129,0.018666268985925556,0.0455696722452494,0.0,0.08805462657268309,0.5757402100990305,0.03973510249914099,0.7056107459978448,0.1086379,10.090726,25.0,1.0
14.100105061,0.019174745181906143,0.04584399773066412,0.0,0.08731970056654316,0.5758350183113774,0.04062485324803297,0.7057233149073726,0.108878505,10.058888,27.0,1.0
14.120120464,0.01988264958840334,0.046222221741395425,0.0,0.08624696606493568,0.5760328916085354,0.04176423181571389,0.7062242958421724,0.108201256,10.312253,28.0,1.0
14.140107017,0.020473461824723375,0.04653052539814215,0.0,0.08535060684898645,0.5761402323082565,0.04276621362944586,0.7063801803362338,0.108115151,10.212346,28.0,1.0
14.160121531,0.021098140813582765,0.04685412437796526,0.0,0.0844256947494086,0.5763252284295656,0.043809177220233995,0.7068812479633768,0.107697419,10.214455,28.0,1.0
14.180105255,0.021606877349485118,0.04711142636505927,0.0,0.08360746610006281,0.5764214809278756,0.044779619069489116,0.7069688075142335,0.107926153,10.42622,18.0,1.0
14.200115978,0.022108672804197118,0.04735640522941035,0.0,0.08263222361305099,0.5764200456834279,0.045586884284965865,0.7067991934587007,0.108280317,10.638365,12.0,1.0
14.220111662,0.02265337705060162,0.047621543168967946,0.0,0.08170623637276489,0.5765226856776824,0.04651290295673022,0.7071555318730256,0.108104936,10.357105,10.0,1.0
14.240124325,0.023161765690474363,0.047861997225611755,0.0,0.08074012633068356,0.5765683171191152,0.047438043048121555,0.7072692069094761,0.108180122,10.578353,9.0,1.0
14.260062839,0.023801265307187163,0.048161411488813144,0.0,0.07957129948327993,0.5766988884742892,0.04850789589960344,0.7077687225627173,0.107530418,10.09837,11.0,1.0
14.280114551,0.024269653577167913,0.048374495879304716,0.0,0.07869319486073374,0.5767491841168835,0.04935539595614975,0.707900098353601,0.107752161,10.166461,21.0,1.0
14.300106254,0.02492020941152374,0.048667432338046254,0.0,0.07749286773050817,0.5768880560935283,0.050439233272414064,0.7084180250646047,0.107056616,10.108537,26.0,1.0
14.320106081,0.02546874798390182,0.04890681464272848,0.0,0.07642582177553003,0.5769493313333383,0.051386893279235415,0.7085875266760918,0.10694861,10.0688,27.0,1.0
14.340109997,0.026050592047324208,0.049158281200644124,0.0,0.07534484549160268,0.5770829676362504,0.05236291915249471,0.7090690631959028,0.106537884,10.251142,28.0,1.0
14.360109958,0.026526906265781598,0.049358083747987155,0.0,0.07440284837267247,0.5771386092750481,0.053268412877344976,0.7091463108807993,0.106766934,10.220976,28.0,1.0
14.380105456,0.02699916532071929,0.04954766760195327,0.0,0.07328765473763785,0.5771072234090537,0.05403087880182717,0.7089786411786665,0.107104777,10.307652,28.0,1.0
14.400089265,0.02751666298364936,0.049753778601737325,0.0,0.07216722499408283,0.5771714608177853,0.054904154099282176,0.7093133453555391,0.106914298,10.215854,28.0,1.0
14.420109218,0.027996637797034152,0.04993861350901799,0.0,0.07109993508966618,0.5771845704917027,0.05577240084403318,0.7094011291291396,0.107004366,10.146404,28.0,1.0
14.440105472,0.028603454184287943,0.05016845056383436,0.0,0.0697333372252711,0.5772750239252623,0.05678846589651869,0.7098770103973714,0.106350045,10.185173,28.0,1.0
14.460110216,0.02911776562611885,0.050356230977907174,0.0,0.06859938569590025,0.5773022163769508,0.057682845981624764,0.7100287931584153,0.10626641,10.305546,28.0,1.0
14.480107721,0.02966526638280876,0.05055359153359174,0.0,0.06743028920657468,0.5774035453763415,0.05861966199241558,0.7105215023453475,0.105842786,10.299959,28.0,1.0
14.500122246,0.03011542405910696,0.050709806138239846,0.0,0.06640223996358739,0.5774323706717388,0.05947812876827541,0.7106086795343568,0.106058704,10.108504,28.0,1.0
14.520110148,0.030563452531598197,0.0508568903514912,0.0,0.06518768330304898,0.5773802700817103,0.06020417771984181,0.7104494785451653,0.106380243,10.319899,28.0,1.0
14.540115545,0.03105496467466403,0.05101635781483892,0.0,0.06396662824014177,0.5774199766562635,0.06103447217669798,0.7107870469178813,0.106178686,10.094576,19.0,1.0
14.560115427,0.03151170574181483,0.05115813858955389,0.0,0.06280668897552502,0.5774114520069622,0.06185883409860918,0.7108791052563861,0.106252827,10.180004,18.0,1.0
14.580109827,0.032089584301267356,0.05133337132667416,0.0,0.061323261074185204,0.5774755346364573,0.0628251835193169,0.7113570932288471,0.105579638,10.039334,23.0,1.0
14.600107868,0.03246910510411005,0.05144296526210149,0.0,0.06037009944526968,0.5774755486662403,0.06356065665455723,0.7114199224266649,0.106007842,10.110746,26.0,1.0
14.620110896,0.0328681439424033,0.051550801170625854,0.0,0.05918705072335586,0.5774022521991934,0.0642503674456483,0.7112369321947556,0.106452539,10.022744,27.0,1.0
14.640108278,0.03339000660153809,0.051688337897552714,0.0,0.05766876218344299,0.5774091882500522,0.06512465167616222,0.7115783015508673,0.105979405,10.041531,27.0,1.0
14.660108126,0.03377958733411933,0.0517853148705149,0.0,0.05659790834596062,0.5773808746288229,0.06584032213657737,0.7116663981126847,0.106248126,10.107846,22.0,1.0
14.680118818,0.03432625285851108,0.05191804301560531,0.0,0.05510662346438036,0.5774233328598231,0.0667921282696833,0.7121932459797319,0.105529502,10.100148,17.0,1.0
14.700109583,0.034718944472616434,0.05200714630212164,0.0,0.0540157491422979,0.577404731942129,0.06757677855708652,0.7122845949436964,0.10577367,10.099883,24.0,1.0
14.720112268,0.03506225779420735,0.05207839599918666,0.0,0.052870382920728355,0.5773229625020115,0.06816470681829687,0.7121248539147306,0.106365184,10.095695,26.0,1.0
14.740125226,0.03555929026034572,0.05217876042595019,0.0,0.05131920299155974,0.5773131009661805,0.06900158118334836,0.7124883097350371,0.105873031,10.01867,27.0,1.0
14.760108225,0.0359936398264101,0.05225893052480505,0.0,0.0499407679834382,0.5772682339939998,0.06977897874623253,0.7126320013888243,0.105787632,10.024217,27.0,1.0
14.780109394,0.03650449930543125,0.05234946884655878,0.0,0.04838853346692374,0.577293780835233,0.07067848263079621,0.7131501385809541,0.105116746,10.235936,28.0,1.0
14.800110547,0.036847913889667766,0.05240499669675091,0.0,0.04732565041268932,0.5772624968831808,0.0713363418024816,0.7132144734508307,0.105546078,10.26119,28.0,1.0
14.820125904,0.03724174224196242,0.052460508650708455,0.0,0.04586327421427376,0.5771648253791385,0.07197726436138993,0.7130818861025837,0.105799865,10.15957,28.0,1.0
14.840108344,0.037713090063102084,0.052523436822115126,0.0,0.044264966634770996,0.5771473601441336,0.07278877778609343,0.7134633799045236,0.105308663,10.100196,28.0,1.0
14.86010908,0.038070892677399985,0.052565510203258094,0.0,0.04307927818079861,0.577096222705076,0.07343462044305939,0.713551761446138,0.105573397,10.226631,28.0,1.0
14.880113629,0.03857511237777844,0.05262067207871612,0.0,0.0414356163267745,0.5771086124135202,0.07429238685810496,0.7140760718737352,0.104840413,10.174924,28.0,1.0
14.900113025,0.0389449192319795,0.052653722562069814,0.0,0.04014466427229846,0.5770623207685234,0.07499784617249423,0.7141615136234043,0.105032566,10.146936,28.0,1.0
14.920113029,0.03925971998831121,0.05267566958355464,0.0,0.0389505603530949,0.5769661672958117,0.07553124608002723,0.7140068667437909,0.105635099,10.194226,27.0,1.0
14.940113382,0.03971582836846333,0.052703842675116686,0.0,0.03729103522175901,0.5769331355588355,0.07630295889621876,0.7143827408934257,0.105122991,10.178189,28.0,1.0
14.960109437,0.040114438876301485,0.05272031432743604,0.0,0.03579966015346989,0.5768675472501539,0.07701113843089674,0.7145373400672039,0.105019712,10.222475,28.0,1.0
14.980111859,0.040541705496803276,0.052734135125069796,0.0,0.03428848265317899,0.5768683212603123,0.077746807446891,0.7150289365759164,0.104574329,10.2245,28.0,1.0
15.000110179,0.04089612091908516,0.05273897003731364,0.0,0.0329805480524681,0.57681592638936,0.07840916343071493,0.7151323206113313,0.104759999,10.30448,28.0,1.0
15.020110194,0.04125163282531942,0.05273526347429913,0.0,0.0314499133880409,0.5767035725680137,0.07898487764225084,0.7150074246053664,0.105029539,10.232175,28.0,1.0
15.040082526,0.04168022640786319,0.05272627892350524,0.0,0.029737681079435058,0.5766645789280479,0.07970369454713684,0.7153911788586378,0.1045401,10.238716,28.0,1.0
15.060115213,0.04200601988132112,0.052713122303075725,0.0,0.028461924746344593,0.5765968107053685,0.08027741417103867,0.7154845303590899,0.104808665,10.045291,27.0,1.0
15.080111549,0.04246449786704479,0.05268933195852685,0.0,0.026694170013093297,0.5765834513254146,0.08104318093459463,0.7160123836064689,0.104063784,10.022182,27.0,1.0
15.100114656,0.04279986800622044,0.05266376873051843,0.0,0.025308777572860878,0.5765168914835139,0.08166540271268931,0.7161023143425193,0.104253357,10.136642,28.0,1.0
15.120110781,0.043084694350004345,0.052635469286288594,0.0,0.024029728908642797,0.5764073616701659,0.08213752947345945,0.7159557770749924,0.104854752,10.298126,28.0,1.0
15.140112321,0.04349639739487951,0.05258966344847373,0.0,0.022252510752055282,0.5763517267510223,0.0828220988455814,0.7163356953362581,0.104334983,10.252982,20.0,1.0
15.160115964,0.04385500734018421,0.05254062535384232,0.0,0.020660719550984454,0.576266601420576,0.0834498729833123,0.7164947018031261,0.104229227,10.85569,11.0,1.0
15.180122596,0.044236102920116184,0.05248419697848616,0.0,0.0191306350652796,0.576247421042962,0.08410282260765445,0.7170085790301293,0.103792108,10.376684,26.0,1.0
15.200120334,0.04458637908486448,0.0524234720856435,0.0,0.017579268209572188,0.5761784409258924,0.08471612130442192,0.7172000857498458,0.103711545,10.364414,17.0,1.0
15.220114571,0.04502385732083213,0.05234044498461439,0.0,0.015708963439588358,0.5761598742458138,0.08539447627208965,0.7177268056078737,0.102947678,10.229617,23.0,1.0
15.240113867,0.04530950703124408,0.05227860471901149,0.0,0.014442431197491687,0.576099400482219,0.08589540716129221,0.7178228179124718,0.103336079,10.196764,25.0,1.0
15.260116493,0.04560684438857719,0.05220589041629113,0.0,0.012936952536968603,0.5759740471507379,0.08636764029371125,0.7176616223860246,0.103760583,10.326963,27.0,1.0
15.280116084,0.04599228185772316,0.05210431726247298,0.0,0.011007002403826668,0.5759048089848676,0.08696951419860667,0.7180084937847315,0.103249625,10.099364,27.0,1.0
15.30011241,0.04627745716218722,0.05202148011263095,0.0,0.00965531219953697,0.5758190881438077,0.08745757595075423,0.7181072662686508,0.103520538,10.477444,21.0,1.0
15.320116153,0.046674617430972995,0.05189892989917946,0.0,0.007775916700776874,0.57577505609529,0.0881134691615265,0.7186370906928312,0.102775565,10.170741,20.0,1.0
15.340113716,0.046986444922689524,0.05179308487001086,0.0,0.0062960998006166965,0.5756917377050841,0.08865772608569798,0.7187953064669557,0.102805216,10.203811,21.0,1.0
15.360132862,0.04734647184344166,0.05166332956892056,0.0,0.004521138972459849,0.5756559736132989,0.08920895967253195,0.7192585997103783,0.102337947,10.014199,18.0,1.0
15.380126644,0.04766542070433518,0.05153826089682745,0.0,0.002958403369901858,0.5755769088549941,0.08971768060136179,0.7194255667080427,0.102310539,10.296231,24.0,1.0
15.400114297,0.0480586211326827,0.05137515783577447,0.0,0.0010479158474880402,0.5755420617430216,0.09031926088531719,0.7199609085925889,0.101549429,10.020526,26.0,1.0
15.420113059,0.04831262046048051,0.05126081936982754,0.0,-0.0002664129342782381,0.5754693371492194,0.09074287154914841,0.720056413808348,0.101960323,10.126126,27.0,1.0
15.440121633,0.04857489284216136,0.051133335645113576,0.0,-0.0018283530725262016,0.5753342320534698,0.09113793381625482,0.7198909736377324,0.102414962,10.352208,28.0,1.0
15.460113625,0.04891115094335389,0.05096128117199225,0.0,-0.0037449304507541944,0.5752521646742396,0.09165089965470433,0.7202506492808165,0.10194458,10.131707,28.0,1.0
15.480113342,0.04919953862511999,0.05080144133622804,0.0,-0.005453969701047302,0.5751428655760646,0.0921221701493938,0.7203915208992048,0.101893716,10.182788,28.0,1.0
15.500113573,0.04950529933354429,0.05062398385701798,0.0,-0.007186161540612625,0.5750870907420786,0.09259586269886651,0.7208585886724126,0.101512384,10.181525,28.0,1.0
15.520114112,0.049801082020660144,0.05043912512461966,0.0,-0.008993628269521365,0.5749862560712125,0.09304000332180164,0.7210431581875898,0.101352061,10.318705,28.0,1.0
15.540114373,0.050087302454559925,0.050251503687870645,0.0,-0.010720187584428024,0.5749243256087184,0.09346210649745318,0.7213994983190077,0.101176442,10.650247,18.0,1.0
15.560124329,0.050176359422408466,0.050185689743720126,0.0,-0.011568044035875897,0.5747411108119159,0.09355420419122189,0.7205492278853101,0.103296131,10.43525,10.0,1.0
15.580121779,0.050415881573588034,0.050007957283979665,0.0,-0.013519578879788009,0.5745776107786216,0.09372812170014706,0.720124553212426,0.103975066,10.052761,16.0,1.0
15.600117126,0.05078018586315923,0.04972607154039716,0.0,-0.01596870789155038,0.5745110814993445,0.09412660896899666,0.7206413861817218,0.103007681,10.143903,22.0,1.0
15.620116004,0.05109358736356615,0.04947396533467716,0.0,-0.017764642228638893,0.5745188085106493,0.0945828372970385,0.7215116733913478,0.102214237,10.314994,26.0,1.0
15.64012222,0.0511927981577552,0.0493834276663536,0.0,-0.01869008048909714,0.5743461933337001,0.09464026127206884,0.7206446852832268,0.104312212,10.050525,27.0,1.0
15.660122963,0.051460007097580245,0.04913896586516185,0.0,-0.020861123111813134,0.5742027506290988,0.09472892542327829,0.7201581905708097,0.104929572,10.229785,28.0,1.0
15.68011947,0.051781237465167905,0.04883482938470103,0.0,-0.022924854825932754,0.5741712012824169,0.09496249864681404,0.7205379054200687,0.104513981,10.129978,24.0,1.0
15.700122039,0.05213920288964251,0.04848239146800029,0.0,-0.024952862596491678,0.5742000354494688,0.09538088405057404,0.7214477298674411,0.103414087,10.218812,19.0,1.0
15.720208648,0.05223836694074248,0.04837135066109659,0.0,-0.025910329008390416,0.5740263922237435,0.0954492456569127,0.7206068282641307,0.10544795,10.151248,13.0,1.0
15.740136085,0.05244559351007401,0.04814036003073141,0.0,-0.027627402099585273,0.5738999305988878,0.09550579471861803,0.7201533371666562,0.106420039,10.126879,24.0,1.0
15.760116346,0.052778614398474685,0.047755720992337096,0.0,-0.02991494453971634,0.5738592916625503,0.09573217471877685,0.7205399534002318,0.105769008,10.07244,26.0,1.0
15.780115784,0.05309040429699488,0.04737869854526349,0.0,-0.03190587879051468,0.5738780193467272,0.09602671731850304,0.7213260292227851,0.104960332,10.156218,27.0,1.0
15.80008771,0.053187551030130016,0.04724687685989617,0.0,-0.032891933563063885,0.573691208544276,0.0960624741232429,0.7204178164029356,0.107023992,10.332125,28.0,1.0
15.820134216,0.05338207377856419,0.04698166986551019,0.0,-0.03462327641472103,0.5735649315385869,0.09611937905176879,0.7200262540851006,0.107930561,10.169244,28.0,1.0
15.840118578,0.053688950911639215,0.046545784686289816,0.0,-0.036925318769060245,0.5735202892783706,0.09632343467017432,0.720483794114261,0.107194104,10.200097,28.0,1.0
15.860116532,0.053973012192644484,0.04612138179077001,0.0,-0.038928536517371395,0.5735302592381901,0.09656899827476881,0.7213188436200502,0.106334152,10.248255,28.0,1.0
15.880121237,0.05404047794164522,0.04600722045365684,0.0,-0.03968969828787808,0.5733642204005226,0.0965693972151054,0.7204998729642447,0.108543821,10.149285,18.0,1.0
15.900136158,0.05423336386280164,0.045680665317812244,0.0,-0.041654471339979696,0.5732112376337726,0.09661096340249456,0.7200319246167034,0.109319006,10.107619,18.0,1.0
15.92011882,0.05452106278180142,0.045167432796422415,0.0,-0.04416121526649135,0.5731546829909916,0.09677160291941735,0.7205405260409873,0.108386565,10.236308,25.0,1.0
15.940119514,0.05476263156264165,0.044715348993457915,0.0,-0.04600691721522632,0.5731633761034892,0.09694491201477165,0.7214283462607822,0.107617329,10.216025,27.0,1.0
15.960118523,0.05483134151348418,0.0445672484976463,0.0,-0.04694788376218633,0.572992728983429,0.09688861206543924,0.7205982560035807,0.109738139,10.047255,27.0,1.0
15.98012001,0.05501699972183095,0.04416479872501921,0.0,-0.04915168692091182,0.5728381447773103,0.09687677395318327,0.720179407204731,0.110308821,10.33513,23.0,1.0
16.000119579,0.055235204892438286,0.0436683926462412,0.0,-0.05125342784327041,0.5727835803915976,0.09692559188136976,0.7206247957021684,0.109852069,10.102967,24.0,1.0
16.020118021,0.05547170608465434,0.04309988033510451,0.0,-0.053320463399780256,0.5727726408758133,0.09706713070435473,0.7216015064501969,0.108717475,10.286406,17.0,1.0
16.040128351,0.055530737190046565,0.04293310770032547,0.0,-0.054282291966562236,0.5725952806125869,0.0970303751681449,0.7207965683813583,0.110763887,10.374384,16.0,1.0
16.060121389,0.055645013716863416,0.042613502397916,0.0,-0.05583214161998833,0.5724514051301123,0.09697932450011794,0.72034996420263,0.111925398,10.284505,23.0,1.0
16.080127545,0.05584205085008998,0.04202655338367672,0.0,-0.0582337896885227,0.5723572500841817,0.09703738096310413,0.7207513694907364,0.111232027,10.314811,17.0,1.0
16.10012072,0.05603391073913278,0.04141467382457329,0.0,-0.060335624365663074,0.5723265636517987,0.09708426600531452,0.7217278048033613,0.110120764,10.157313,16.0,1.0
16.120140138,0.056069483567966046,0.04127666652446475,0.0,-0.06106810681020529,0.5721691902190464,0.09701622475805594,0.7210107902968604,0.112303551,10.349224,13.0,1.0
16.140122648,0.056178309095245155,0.04086045881648588,0.0,-0.06302424479431717,0.5719905609792357,0.09696410998077716,0.7205259057740032,0.113140441,10.499434,11.0,1.0
16.160128472,0.056329261615485564,0.04023763933324818,0.0,-0.0653396729057929,0.5718858146763746,0.09694707650585783,0.7209733575150181,0.112474779,10.296893,6.0,1.0
16.180136571,0.05646005344874739,0.039649865240241576,0.0,-0.06726407774491187,0.5718320604344795,0.09693696094406544,0.7218290002859746,0.11173582,10.224875,11.0,1.0
16.20012523,0.05649127252377786,0.03947636948613055,0.0,-0.06811124127533638,0.5716510838097812,0.09682520123522115,0.721022044053788,0.113897899,10.008765,15.0,1.0
16.220128249,0.05656572292129088,0.03905834370980821,0.0,-0.06996607838380658,0.5714794925538765,0.09676935013344239,0.7206237366967767,0.114770004,11.139354,7.0,1.0
16.240143381,0.056674150938559986,0.03838169275570919,0.0,-0.07234325064497224,0.5713560788426914,0.09669431887070601,0.7211144227862081,0.114020575,10.343246,12.0,1.0
16.260105803,0.0567705149847552,0.03770840021206516,0.0,-0.07430982692846684,0.5712820640860163,0.09667322680800675,0.7220995510029312,0.112991166,10.004336,10.0,1.0
16.280127802,0.05678803385588216,0.03753129727672761,0.0,-0.07513371192359738,0.5711121808298445,0.09653346833060533,0.7214097799087829,0.115087786,10.587847,8.0,1.0
16.300136392,0.05683554790247173,0.037061514580585035,0.0,-0.07707112206721001,0.5709156477525786,0.09642512802850815,0.7209330824333778,0.115940202,10.182861,12.0,1.0
16.320124424,0.05688852321631675,0.036451103245960056,0.0,-0.07907459719903137,0.5707891200465962,0.09630016491858144,0.7213010673025468,0.115708331,10.228497,19.0,1.0
16.340124594,0.056945241255784686,0.03562655211098285,0.0,-0.08142793713030409,0.5706734416825456,0.09622366947396684,0.7223530093473026,0.114210197,10.117461,25.0,1.0
16.360120668,0.05697423642854179,0.03499802970865844,0.0,-0.0831554800803244,0.5705213063482968,0.09619741775493061,0.7228367718129268,0.113803302,10.256107,27.0,1.0
16.380120155,0.05699544886862329,0.03434645199752624,0.0,-0.08491803235122271,0.57038268961765,0.09615231948362629,0.7234799556246388,0.113247062,10.033887,27.0,1.0
16.400139002,0.0570028694611624,0.033770310569729914,0.0,-0.08655675869665512,0.5702130856984537,0.09608212865375781,0.723746265695498,0.113222781,10.156987,18.0,1.0
16.420123267,0.0570014469324028,0.033056205892233445,0.0,-0.08854940992873214,0.5700436661227658,0.09600039046566484,0.7243644191845435,0.112476951,10.084194,23.0,1.0
16.44012189,0.05698788276938253,0.03246129998882347,0.0,-0.09028353236483694,0.5698613510326054,0.09592954104565232,0.7246371661096037,0.112378909,10.199841,26.0,1.0
16.460121698,0.05696537921653753,0.031830476007241496,0.0,-0.09203913216917436,0.5697006762325445,0.09581841915968023,0.7251856533107768,0.112012489,10.123786,27.0,1.0
16.480120914,0.05693172766559731,0.031221522495573143,0.0,-0.09384977738834226,0.5695079940167576,0.09570812547378733,0.7254448824377261,0.111905652,10.261871,28.0,1.0
16.500124737,0.05688340464955024,0.030520106216415814,0.0,-0.09581593783747554,0.56931686802902,0.09554461826433372,0.7260146463481061,0.111311307,10.178454,28.0,1.0
16.520121131,0.05683955325878561,0.03000600174337963,0.0,-0.0972353600422158,0.5691413190904904,0.09543226605927838,0.7261833020449938,0.111665174,10.169133,28.0,1.0
16.54012216,0.05676933961470054,0.02928872900280835,0.0,-0.09919172273570666,0.5689393637203114,0.0952856604640162,0.7267434201780161,0.11105672,10.101872,28.0,1.0
16.560122213,0.05669944324959744,0.028685535899310874,0.0,-0.10088802353602278,0.5687341498750178,0.09515850148559851,0.7269696862112264,0.111065825,10.226361,28.0,1.0
16.58014431,0.05661793525641981,0.028043105377939116,0.0,-0.10260491039484655,0.5685469368406907,0.0949835308204387,0.7274689017538144,0.110813179,10.26925,27.0,1.0
16.6001466,0.05653528432900841,0.02746218815060039,0.0,-0.10418816536542012,0.5683404022606855,0.09481271158866429,0.7276420857974432,0.110993702,10.296877,14.0,1.0
16.620126627,0.05642324975897198,0.026734344507890855,0.0,-0.10611043348871914,0.5681225271801728,0.09461573469929829,0.7281675343908053,0.110463259,10.084722,20.0,1.0
16.640115207,0.056333671789075224,0.02620462352236697,0.0,-0.10752593931263195,0.567931864315427,0.0944538208561626,0.7283253006020795,0.110860215,10.503616,14.0,1.0
16.66015084,0.056201251282934586,0.02546709421202179,0.0,-0.10944787164526124,0.5677059615749098,0.09422098452532567,0.7288312118286897,0.11036646,10.229429,20.0,1.0
16.680122734,0.05608977037347405,0.024890120482166548,0.0,-0.11091993292307499,0.5674924218981431,0.09403023583213545,0.7289712794948944,0.110651304,10.424686,17.0,1.0
16.700135325,0.05595306971295101,0.024218716560724673,0.0,-0.11267675956239435,0.5672828005605576,0.09381377951373199,0.7293999994758477,0.110465622,10.488997,13.0,1.0
16.720129483,0.05582328773958676,0.02361927533894715,0.0,-0.11420764390536013,0.5670628461796065,0.09357159174586649,0.7295396843210231,0.110727913,10.638055,14.0,1.0
16.740133779,0.05565357955332076,0.022870243815910848,0.0,-0.11607151230734326,0.5668264704304244,0.09330404899601069,0.7300265053375284,0.110291909,10.047231,14.0,1.0
16.760140839,0.05552259057471888,0.022324157155479595,0.0,-0.11745067295388728,0.5666254995764993,0.0930855442880046,0.7301524093844313,0.110762336,10.124536,21.0,1.0
16.780124096,0.05533294550366428,0.02156226241034608,0.0,-0.11932531189227243,0.5663830592471006,0.09277418968989887,0.7306155717737086,0.110352107,10.01366,26.0,1.0
16.800136886,0.05517505819846652,0.02096141221120991,0.0,-0.12087137711227187,0.5661702292054285,0.09252322209601922,0.7307633948877796,0.110670538,10.207897,27.0,1.0
16.820123797,0.0549887609177496,0.02026975724039382,0.0,-0.1225066843440623,0.5659333601800682,0.09211694051354494,0.7311441897564275,0.110643946,10.141141,28.0,1.0
16.840126714,0.05493544724711349,0.020081759437139215,0.0,-0.12326809297702089,0.5657696337542804,0.09189811572207689,0.7303554144671222,0.112941859,10.297069,22.0,1.0
16.86012429,0.054781495655205105,0.019543757510165457,0.0,-0.12504256474502018,0.5655487738475661,0.09161130311782963,0.7298718856503268,0.113950997,10.302282,28.0,1.0
16.880124347,0.054526705846044014,0.01868764680001707,0.0,-0.12728867239208846,0.565306380513395,0.09118227883657995,0.7302564040620155,0.113471802,10.134163,28.0,1.0
16.900124799,0.05429433629118984,0.01792804941194415,0.0,-0.12894774599409492,0.5650886877855988,0.09065124601597976,0.730967188268091,0.113192625,10.135336,28.0,1.0
16.920125618,0.054213482733474615,0.017677949472487024,0.0,-0.12976418572667367,0.564899435713265,0.09031372613108735,0.7300840596168554,0.115491283,10.293205,28.0,1.0
16.940130065,0.05401066827512702,0.017050482945920906,0.0,-0.13151163333674076,0.5646503373760189,0.08994220339723191,0.7295451968105225,0.116510742,10.168408,27.0,1.0
16.960128343,0.05372738568828426,0.01619677837062784,0.0,-0.1334472668114832,0.5644027673751884,0.08943149446790837,0.7298235519923034,0.116406978,10.336554,20.0,1.0
16.980129438,0.053395997920123596,0.015220259667476586,0.0,-0.13531538932988377,0.5641198326768478,0.08868824958071866,0.7306018748862414,0.115748661,10.195319,22.0,1.0
17.000125065,0.05331481441193333,0.01499221602358846,0.0,-0.13594473271415036,0.5639365105560916,0.0883620921181573,0.7297099972853827,0.118139313,10.021807,27.0,1.0
17.020124542,0.053062302831250734,0.014282484155257784,0.0,-0.13775844410119814,0.5636690856662799,0.08798708338668033,0.7292062943702167,0.118996229,10.020668,27.0,1.0
17.040131934,0.05273839503114842,0.013389570050124535,0.0,-0.13954789785640995,0.5634092799932613,0.08737434268677535,0.7295080996531622,0.118933474,10.158251,26.0,1.0
17.060143766,0.05231888749457662,0.012257260558241617,0.0,-0.14147214340226977,0.5630928169531577,0.08659145823417377,0.730384886723565,0.117919578,10.140368,28.0,1.0
17.080125416,0.0519797486293449,0.011369132562990764,0.0,-0.14297584894512178,0.5628024383657692,0.0860172973780854,0.7306968124198708,0.117832787,10.120487,28.0,1.0
17.100130652,0.05162114911335793,0.01044391685944942,0.0,-0.1444928400556562,0.5625049742143825,0.08539913040015996,0.7311657110685665,0.117599579,10.11592,22.0,1.0
17.120130481,0.051297871412604425,0.009630211018429487,0.0,-0.14587551996926315,0.5622196791929134,0.08482356225602361,0.731285562101437,0.117846547,10.186037,25.0,1.0
17.140128805,0.050892570481087904,0.008627020802517921,0.0,-0.1475479280440152,0.5618941148651779,0.0841675326312984,0.7317333090720629,0.117413616,10.3362,28.0,1.0
17.160127174,0.05059688380852713,0.007913324843219655,0.0,-0.14877074836750906,0.561642996534562,0.08366260883602372,0.7318336628639616,0.11789879,10.233346,28.0,1.0
17.180130283,0.05018395990549751,0.006931796293518785,0.0,-0.1504285158499428,0.5613235161641541,0.08299815474197646,0.7322620606297576,0.117507608,10.10673,28.0,1.0
17.200127176,0.04983362672378481,0.006120493861523887,0.0,-0.15184598389496307,0.5610425396090887,0.08244409229983883,0.7323786830838337,0.117705154,10.323778,28.0,1.0
17.220127915,0.049458221752351074,0.005262841886351692,0.0,-0.15328066799579465,0.5607609378144417,0.08182641761586718,0.7327598344839992,0.117650763,10.169706,28.0,1.0
17.240126789,0.04911513010603247,0.004496374589970673,0.0,-0.15459445921983123,0.5604894321688442,0.08125091858171037,0.7328283103697831,0.118004438,10.311661,28.0,1.0
17.260126577,0.048681971063818566,0.0035428600975720825,0.0,-0.15618505314280917,0.5601770534638868,0.08058648445753668,0.7332297797451371,0.117679104,10.198737,28.0,1.0
17.28012711,0.04836309090910381,0.0028564548918351387,0.0,-0.15734719246271958,0.5599344233407455,0.08006998160436107,0.7332957708837663,0.118232048,10.185898,28.0,1.0
17.300126876,0.047915903587768295,0.001906283655650928,0.0,-0.1589225759257142,0.5596225163390642,0.07938086738463244,0.7336806504069505,0.117926295,10.190459,28.0,1.0
17.320126999,0.04753416631681082,0.0011133584110654216,0.0,-0.16026675886791306,0.5593473240430407,0.07879935698657309,0.7337599177171007,0.118189351,10.338019,28.0,1.0
17.340128029,0.04708477620381159,0.00019155476547855031,0.0,-0.16177674149590807,0.5590397463353922,0.07807394465613988,0.7341178972237182,0.117989396,10.178444,28.0,1.0
17.360143192,0.046748285468852326,-0.00048619975170834985,0.0,-0.16287029599554298,0.5587996802734523,0.07753598739125006,0.7341349204756176,0.118613995,10.442297,21.0,1.0
17.380132031,0.04627313179499939,-0.0014320863079880645,0.0,-0.16437345242727724,0.5584868403065949,0.07682345320591272,0.7344934238624383,0.118356196,10.560714,12.0,1.0
17.400140268,0.04592328091437424,-0.0021157210747094813,0.0,-0.16546814331391493,0.5582453346912096,0.07626801161251288,0.7345262351394927,0.118959717,10.320532,10.0,1.0
17.420137292,0.04543253302115905,-0.0030646321072341927,0.0,-0.1669517948123968,0.5579314387925035,0.07552510834924818,0.7348685575947959,0.118717706,10.010525,7.0,1.0
17.440137253,0.0450714276502874,-0.0037502153792031917,0.0,-0.16802639174226075,0.5576897440837725,0.07495225651333631,0.7348887078882637,0.119332175,10.239712,7.0,1.0
17.46015666,0.04456500226936688,-0.0047020835794446885,0.0,-0.16948216393695772,0.557374261466218,0.0741885612250971,0.7352169577216375,0.119106477,10.402384,11.0,1.0
17.480131132,0.04416370674962282,-0.005443628260631459,0.0,-0.1705867960404697,0.5571101232084813,0.07355421699626868,0.7352143611552948,0.119593642,10.21509,10.0,1.0
17.500142558,0.04369323221575184,-0.006304015103500277,0.0,-0.17189865563681073,0.5568244172121203,0.07287342165608772,0.7354910602775995,0.119637591,10.008004,14.0,1.0
17.520128879,0.04326905527779187,-0.007067760632306906,0.0,-0.1730311272762458,0.5565554839361243,0.07218407285929265,0.7354856395491596,0.120093785,10.20471,28.0,1.0
17.540131662,0.042733418489072715,-0.008021567444857547,0.0,-0.17446118145371609,0.5562375299895912,0.07138052651858827,0.7357697266587953,0.119916631,10.275791,27.0,1.0
17.560128944,0.042341036944752726,-0.008710354876632007,0.0,-0.17543509482514094,0.5559963854967601,0.07075486691230944,0.7357481767280165,0.120580208,10.081985,27.0,1.0
17.580136489,0.04179041437789985,-0.009668263390367103,0.0,-0.17677788549627146,0.5556781254739778,0.06994429388096993,0.7360560786232114,0.120380917,10.403961,20.0,1.0
17.600138168,0.04132002231134491,-0.010473056833274328,0.0,-0.17793081481026116,0.5554020270471571,0.0692455031134219,0.7360658665364155,0.120725156,10.007121,15.0,1.0
17.620138523,0.040815200230064276,-0.011330534031423157,0.0,-0.17909823412047596,0.5551144562330628,0.06846417055746654,0.7363321272251121,0.120828408,10.140212,20.0,1.0
17.640137148,0.040352784087700766,-0.012104961533833065,0.0,-0.18016051170739614,0.5548430339450771,0.06772825179146505,0.7362922094647357,0.121309331,10.164149,28.0,1.0
17.66013629,0.03976670736632987,-0.013077370357250788,0.0,-0.18149567424425453,0.5545156980799184,0.06685348054636996,0.7365358430711769,0.121161895,10.133169,28.0,1.0
17.680134082,0.03926854817906495,-0.013892644969150963,0.0,-0.18255827479865042,0.5542353166969594,0.06610154561704545,0.7365039509041575,0.121545001,10.150464,24.0,1.0
17.700132932,0.03873409190463553,-0.01476127665534351,0.0,-0.18365052538215898,0.5539410631344348,0.06528670415265884,0.7367606290883388,0.121655159,10.183124,28.0,1.0
17.720133512,0.038245083389441846,-0.015545458899613479,0.0,-0.18465215498257415,0.5536660523164891,0.06451402218472022,0.7367088736237648,0.122140203,10.291186,21.0,1.0
17.740133549,0.037626043391927586,-0.016529663916554173,0.0,-0.18591070026504772,0.5533323465387534,0.06359455259618817,0.7369342122448564,0.122002698,10.506796,24.0,1.0
17.760137516,0.03717345863188243,-0.017240544502398973,0.0,-0.1867602479911726,0.5530837786034856,0.06287651275810398,0.7368691412448392,0.12268875,10.038746,16.0,1.0
17.780134624,0.03653994308804955,-0.01822853571743366,0.0,-0.18792873258493806,0.5527496930893763,0.061947075887088775,0.7371226785919417,0.12252009,10.107116,20.0,1.0
17.800130659,0.036000899093015126,-0.019057149824455947,0.0,-0.1889253641675208,0.5524655934841347,0.06114678363426915,0.7370863216407665,0.122885195,10.084855,20.0,1.0
17.820155749,0.03542378799144526,-0.019939214840169032,0.0,-0.18993420332770572,0.5521643594995409,0.06026230905873989,0.737304740833324,0.123015032,10.007014,20.0,1.0
17.840138237,0.034896936948131625,-0.020734575539896764,0.0,-0.19084745530505484,0.551885804935518,0.05942971188688092,0.7372200149126534,0.123509153,10.224939,9.0,1.0
17.860148122,0.03423348307333985,-0.021729454581535017,0.0,-0.19194813730577143,0.551546777332746,0.05845922551467242,0.7374456355040854,0.123358595,10.697999,9.0,1.0
17.880158561,0.03378417060318626,-0.02239559448002158,0.0,-0.192651353452613,0.551305140342611,0.05770222620454167,0.7373495875708521,0.124184226,10.274137,15.0,1.0
17.900157543,0.033100403405303444,-0.023401126180021745,0.0,-0.19375290400923093,0.5509673101208152,0.05676439035176492,0.737540248381771,0.124006202,10.116465,28.0,1.0
17.920132242,0.032536442037694416,-0.024218996593837513,0.0,-0.19463094139197357,0.5506920110066041,0.055911951199452026,0.7374778055966545,0.124390074,10.273968,28.0,1.0
17.940138799,0.031936485401390796,-0.02508424201607626,0.0,-0.1955268070140429,0.5504027920176514,0.05500168675893426,0.7376735781551472,0.124535957,10.1388,28.0,1.0
17.960138904,0.03138840716008107,-0.025865280468004025,0.0,-0.19634525948683126,0.5501361804973711,0.05414303521203216,0.7375646540821245,0.125043713,10.140163,28.0,1.0
17.980132524,0.030694340711960057,-0.02684736653248092,0.0,-0.1973711778830417,0.5498055349113358,0.05312588308848773,0.7377283871753216,0.124934244,10.200337,28.0,1.0
18.00013611,0.030104597835302782,-0.02767224195177201,0.0,-0.1981809196305105,0.5495273306081692,0.05224368428975725,0.7376260055293891,0.125335575,10.222326,28.0,1.0
18.020132644,0.02947239309489753,-0.028552044506724182,0.0,-0.19901273476932038,0.5492269578117969,0.051291576262106855,0.7378105428835846,0.125470467,10.209011,28.0,1.0
18.0401538,0.028894555483398587,-0.029347151019015947,0.0,-0.19976770442333888,0.5489519119899404,0.05038805637010111,0.7376901749787103,0.125968394,10.27942,18.0,1.0
18.060139233,0.02816406948602032,-0.03034568660448084,0.0,-0.2007109241866443,0.5486088244761935,0.04932010321406395,0.7378374374697015,0.125847476,10.232394,17.0,1.0
18.080136722,0.027630816217689726,-0.031067049611050498,0.0,-0.2013413804432797,0.5483589325590024,0.04848313006663789,0.7377111458525667,0.126531268,10.177351,23.0,1.0
18.100133867,0.02688553971491216,-0.03206975269336762,0.0,-0.2022047204577469,0.5480141370098701,0.047400268403573045,0.7378872516996584,0.126371916,10.602329,15.0,1.0
18.12014347,0.02629810740997831,-0.032851042462682195,0.0,-0.20285432482674656,0.5477411023049895,0.046485195775827305,0.7377524818774258,0.126896698,10.08584,12.0,1.0
18.140140887,0.025612714978458996,-0.03375745351585276,0.0,-0.20361891002395152,0.5474280919365179,0.045516970539562024,0.7378875018960792,0.126990625,10.033707,19.0,1.0
18.160136551,0.024998463736897493,-0.034561027723069154,0.0,-0.2042683848829297,0.5471480750982266,0.04454457309159336,0.7377421478187712,0.12747203,10.289269,24.0,1.0
18.180134981,0.024229845467821177,-0.03556107283569661,0.0,-0.20504915307622681,0.5468029598962006,0.04342927626143475,0.7378999416883841,0.127312841,10.201981,27.0,1.0
18.200141452,0.02366751312243331,-0.036284283512673515,0.0,-0.20560701859465488,0.5465530169224787,0.042559065085530534,0.7377748056348884,0.127965586,10.066258,27.0,1.0
18.220138135,0.022882791068031285,-0.03728875971719381,0.0,-0.20635740694769436,0.5462044914563381,0.041415999599513045,0.7379125601662045,0.127800777,10.278315,28.0,1.0
18.240134597,0.022265151448669685,-0.038070667740539174,0.0,-0.20691217470695403,0.5459310031045141,0.04045224011941659,0.7377477338479002,0.128314678,10.273677,28.0,1.0
18.260134031,0.021477194425548688,-0.03906218416789538,0.0,-0.2076296711769907,0.545583183596962,0.03932024166715403,0.7378486278914916,0.128197355,10.249728,28.0,1.0
18.280134277,0.020900392362155323,-0.03978074085097523,0.0,-0.2081108610958132,0.5453335448819523,0.03842148265838874,0.7376860964126624,0.128864899,10.278624,28.0,1.0
18.30013398,0.020094274433854965,-0.04078010529883881,0.0,-0.20876766529603127,0.5449847231882117,0.03725583497515537,0.7378168961899165,0.128691242,10.24488,28.0,1.0
18.320134599,0.01941054537119249,-0.04161769174732256,0.0,-0.20931119931228345,0.5446982312356867,0.03624722484109451,0.7376732627372953,0.12903175,10.236556,28.0,1.0
18.340135771,0.018680294109008528,-0.04250888514672861,0.0,-0.2098608652036994,0.5443811980751889,0.035154627139637476,0.7377818883116753,0.129137571,10.185799,28.0,1.0
18.360134481,0.01801600600685911,-0.04331131585292402,0.0,-0.21034446765835824,0.544098665962788,0.034121812626927775,0.7375919556446106,0.129594355,10.167056,28.0,1.0
18.380136036,0.017179035661531297,-0.0443166706466748,0.0,-0.21094055756179117,0.5437388015582187,0.032915921042583236,0.7376651143247999,0.129436377,10.204449,28.0,1.0
18.400138571,0.016570282207457442,-0.045040805172723776,0.0,-0.21133032174913513,0.5434832359094091,0.03196898241835003,0.7374816561837704,0.130074796,10.254894,28.0,1.0
18.420142667,0.015721710648138515,-0.04604556615926031,0.0,-0.21185861306802958,0.5431234722227933,0.03074886169347362,0.7375866552295172,0.129871834,10.296591,27.0,1.0
18.44013594,0.015004188877368712,-0.04688525460104561,0.0,-0.21228745649286684,0.5428312494927751,0.029693235618421625,0.7374202760022405,0.130184528,10.221753,21.0,1.0
18.460164924,0.014238957075481597,-0.047777529204854174,0.0,-0.21272070633192494,0.5425056564146484,0.0285559843750361,0.7375056062564693,0.13026848,10.094837,18.0,1.0
18.480138679,0.013544290611005864,-0.04857935216334718,0.0,-0.21309559885680215,0.5422185738554886,0.02748037195409782,0.7372930603064172,0.130696,10.232655,12.0,1.0
18.500144897,0.012673241368996165,-0.049580149682908074,0.0,-0.21353851622624487,0.5418530866710008,0.026238489168741858,0.7373746022667231,0.130486525,10.245027,14.0,1.0
18.520156786,0.012086430765250048,-0.05024785299650879,0.0,-0.2138096776326978,0.541604927540273,0.02526735881217411,0.7371671022596026,0.131239991,10.016039,20.0,1.0
18.540141884,0.011197439158246484,-0.051253163027868094,0.0,-0.2142162215301654,0.5412444803188831,0.024069482459924095,0.7372177286867387,0.130992887,10.212847,25.0,1.0
18.560136774,0.01051987360177543,-0.05201062441854358,0.0,-0.2144937527844492,0.5409794748563048,0.022992540664416673,0.7369988362118507,0.131456297,10.222795,27.0,1.0
18.580140924,0.009663452969383333,-0.0529623882403408,0.0,-0.21484507426663718,0.5406448964717973,0.02176540525889447,0.7370389700567204,0.131297764,10.070653,27.0,1.0
18.600136789,0.009037353006003961,-0.05365127452699411,0.0,-0.2150734212495832,0.5404081080263462,0.02079388005597485,0.7368233477872445,0.131915836,10.056373,27.0,1.0
18.62013705,0.008162126395125714,-0.05461009557898968,0.0,-0.21537896738220885,0.5400691197660163,0.019538053242418314,0.7368871768432149,0.131697931,10.321493,28.0,1.0
18.6401368,0.007419103777993154,-0.05541471073692655,0.0,-0.21561259855396492,0.5397934365519876,0.018444926761610803,0.7366827847132952,0.131985608,10.234423,28.0,1.0
18.660137334,0.006625386823660388,-0.05627136327524393,0.0,-0.2158482312053063,0.53948025676348,0.017271713052034184,0.7367306800188556,0.132041178,10.17222,28.0,1.0
18.680141225,0.005903252962975811,-0.05704305583150651,0.0,-0.21603918317386483,0.5392046581949186,0.01615699181666907,0.7364807749275404,0.132438627,10.355392,28.0,1.0
18.700137252,0.004993621612118949,-0.05801011940317133,0.0,-0.21626257682261435,0.5388459295670968,0.01486400271203061,0.7364875588652154,0.132221551,10.23298,28.0,1.0
18.720137241,0.004226219420259793,-0.05881769220813038,0.0,-0.21641414239262322,0.5385583820525442,0.0137323831483826,0.7362452990196273,0.132497247,10.324835,28.0,1.0
18.740140505,0.0034073537306421498,-0.05967636114863146,0.0,-0.2165673796108334,0.53823313505863,0.012531640831639896,0.7362894555240883,0.132520847,10.14843,28.0,1.0
18.760180642,0.0026640020275856087,-0.060448031236814706,0.0,-0.21668249021571157,0.5379495094589686,0.011390309454403579,0.7360326694580642,0.132891606,10.114309,26.0,1.0
18.780142487,0.0017292636530965941,-0.0614133643325151,0.0,-0.21680939519469236,0.5375802644828305,0.0100697564646066,0.7360267259094201,0.132641224,10.266669,22.0,1.0
18.800142023,0.0010510246451859344,-0.06210702330284783,0.0,-0.2168754045705803,0.5373233597321326,0.009026679088351447,0.7357776946298016,0.133190005,10.270369,26.0,1.0
18.820146235,0.00010731607218298711,-0.06306812403956137,0.0,-0.21695396886269816,0.5369544992215682,0.007688943584785035,0.7358013481966738,0.132897651,10.142669,27.0,1.0
18.840139076,-0.0006883139851470399,-0.06386903337664195,0.0,-0.21698661458080898,0.5366611989862361,0.006526008764540261,0.7355618367313186,0.133116511,10.258119,28.0,1.0
18.860145509,-0.0015354112456026387,-0.06471888257377789,0.0,-0.2170183812240582,0.5363265057366219,0.005290797523172675,0.7355741262581553,0.133108132,10.218773,28.0,1.0
18.880139362,-0.002302371289382227,-0.06548057507713215,0.0,-0.2170197285312033,0.5360375062877065,0.004116787304804706,0.7352894062682286,0.133440128,10.189355,28.0,1.0
18.90013844,-0.0032652592907298477,-0.06643184591298071,0.0,-0.21700175965518123,0.5356605257482067,0.002765290360134908,0.7352571432337185,0.133158331,10.247511,28.0,1.0
18.920138754,-0.004074356772618803,-0.06722281198052434,0.0,-0.2169567476773634,0.5353629161655213,0.00158043491343891,0.7349795680957862,0.133371195,10.328738,28.0,1.0
18.940135358,-0.004935820199590467,-0.06806190857571907,0.0,-0.2169075419979185,0.5350245590972629,0.0003302357636108602,0.734988871263667,0.133334893,10.127962,23.0,1.0
18.960141178,-0.005773459803173996,-0.06886869576762297,0.0,-0.21681793791068588,0.5347180087956995,-0.0008802010294494435,0.734724996909857,0.133478729,10.277504,13.0,1.0
18.980103178,-0.0066560572544659535,-0.06971591009573809,0.0,-0.21672812081582582,0.5343694461438306,-0.002162752020533995,0.7347138954327622,0.133406871,10.037248,7.0,1.0
19.000155804,-0.007449316864441636,-0.07046963288826308,0.0,-0.21661602168878213,0.5340714443854522,-0.0033738924637457014,0.7344079385990078,0.133698474,10.335186,7.0,1.0
19.020152138,-0.00843926736022848,-0.07140600697515588,0.0,-0.2164644366738262,0.5336841918174078,-0.004750744507526945,0.734387376382752,0.133346369,10.373613,14.0,1.0
19.040144337,-0.009102612421537967,-0.07202708684295635,0.0,-0.21634683325709314,0.5334280509132413,-0.0058324884381969165,0.7340994575656437,0.133962583,10.311336,22.0,1.0
19.060141606,-0.010103603777592753,-0.07295849283973173,0.0,-0.2161304067547779,0.5330516244429033,-0.007155249376560587,0.7340500749486369,0.133577763,10.092231,25.0,1.0
19.080158658,-0.01091976579274788,-0.07370786956703747,0.0,-0.215927853123566,0.5327689933432709,-0.008376554236376007,0.7337680339520233,0.133740663,10.286579,27.0,1.0
19.100140539,-0.011782134744049528,-0.0744966706772901,0.0,-0.21571652310953254,0.5324529977030233,-0.009644773837322249,0.7337429470790797,0.133676276,10.245896,28.0,1.0
19.120157858,-0.01256195055089869,-0.07520235086193683,0.0,-0.2154897018091432,0.5321811851204957,-0.010843506842623599,0.7334179483071722,0.133954686,10.308887,28.0,1.0
19.140141705,-0.013541705717885603,-0.0760841036507355,0.0,-0.21518060767613015,0.5318209067753927,-0.012211021645501204,0.7333417004329638,0.133617705,10.176852,28.0,1.0
19.160141045,-0.014252291261400358,-0.07671694040010683,0.0,-0.21494605359040575,0.5315718408626802,-0.013296978645396928,0.733035913300932,0.134074226,10.28116,23.0,1.0
19.180149154,-0.015240632705924921,-0.07759325664294175,0.0,-0.21460758576501737,0.5312092555499298,-0.014684066665124722,0.7329923284772367,0.133689959,10.457793,13.0,1.0
19.200146373,-0.016014175958097322,-0.07827117993866835,0.0,-0.21431598072471736,0.530938296076163,-0.015876164585669667,0.732664761884329,0.133973372,10.209296,18.0,1.0
19.220142988,-0.016912177205096923,-0.07905429261613271,0.0,-0.21395128691223725,0.530609154757411,-0.017094325331165488,0.7326059785016166,0.133841429,10.341191,24.0,1.0
19.2401471,-0.0177115044270955,-0.07974350268958819,0.0,-0.2136095799837015,0.5303276812669164,-0.018320431711453655,0.732265284631678,0.134068212,10.154949,27.0,1.0
19.26014168,-0.018709627513701695,-0.0805992000585384,0.0,-0.2131549377090534,0.5299631595122574,-0.01971546651300188,0.7321738995905506,0.133684243,10.167649,22.0,1.0
19.280118931,-0.019431493784682053,-0.08121140647970132,0.0,-0.2128205673520657,0.5297127453065229,-0.020817375488864726,0.7318530924145855,0.134097661,10.298331,19.0,1.0
19.30014714,-0.020434391676549035,-0.08205808690553928,0.0,-0.21234348293814334,0.5293475642479358,-0.02221788015853835,0.7317902351499079,0.13367439,10.053524,18.0,1.0
19.320149808,-0.021218291382594796,-0.08271199891402581,0.0,-0.21194396459945178,0.5290755899593236,-0.0234229527866366,0.7314449470340981,0.13391851,10.221306,19.0,1.0
19.340150399,-0.022209414091953407,-0.08353472666704156,0.0,-0.2114245102635086,0.5287144129081964,-0.024786690172740558,0.7313762340593426,0.13351597,10.39074,14.0,1.0
19.360149245,-0.022933646213503567,-0.08412833615834711,0.0,-0.2110078374327794,0.5284659557810236,-0.025878471319868424,0.7310680283050985,0.133900706,10.525499,11.0,1.0
19.380173242,-0.023940417316493347,-0.08494982644659514,0.0,-0.21043058037577098,0.5281007430797265,-0.027275691656294537,0.7309793843296879,0.133463826,10.582231,12.0,1.0
19.400187324,-0.02467054167345994,-0.08553817695873432,0.0,-0.20997981653485495,0.5278509444045264,-0.028382530303122103,0.7306586113384336,0.133832918,10.379384,12.0,1.0
19.420164152,-0.02568112750133463,-0.08634953828260167,0.0,-0.2093839283577711,0.5274843176289225,-0.029784334002686833,0.7305853502539892,0.133356517,10.069029,20.0,1.0
19.440145783,-0.02647263831983411,-0.08697644113288074,0.0,-0.20886153163019278,0.5272139450092118,-0.030996039414736484,0.7302454708982105,0.133545823,10.035678,26.0,1.0
19.460153103,-0.027390074148343616,-0.087699237897668,0.0,-0.2082295048983891,0.5268814072978691,-0.0322219257539047,0.7301373803232146,0.133346474,10.039633,27.0,1.0
19.48014324,-0.028204836045504392,-0.08833338215785913,0.0,-0.20766107925343577,0.5265981473019681,-0.033459786556664727,0.729751189374107,0.133497387,10.352666,21.0,1.0
19.500148643,-0.029217780342622755,-0.08911764631317787,0.0,-0.20695436673848017,0.5262337051859493,-0.03486265655444648,0.7296511874505072,0.133017937,10.369001,18.0,1.0
19.520118462,-0.02989613215268016,-0.08963670542961401,0.0,-0.2064743641639167,0.5259925925140525,-0.03596601261225976,0.7292979514268509,0.133499656,10.389705,20.0,1.0
19.540152392,-0.030919873948091228,-0.09041453845008209,0.0,-0.20567946252661592,0.5256363591957097,-0.03730368133482745,0.7291690462068408,0.132986641,10.071029,20.0,1.0
19.560145778,-0.03169629725576282,-0.09099594866389464,0.0,-0.2050860161976999,0.5253816922298244,-0.03852935801722633,0.7287866889622417,0.133165541,10.06188,24.0,1.0
19.580170956,-0.03259001513910966,-0.09166128654328608,0.0,-0.2043487193235864,0.5250823027181483,-0.039760416250983754,0.7286798441838298,0.132941155,10.221863,24.0,1.0
19.600153381,-0.03338496981858996,-0.09224551496180115,0.0,-0.2036730432360027,0.5248244580481092,-0.04098566322497203,0.7282865492638714,0.1330635,10.30957,24.0,1.0
19.620144043,-0.034375521971622885,-0.09296948350760709,0.0,-0.20283253395884102,0.5244877975302726,-0.04236560124554853,0.7281743306105777,0.13256116,10.008796,25.0,1.0
19.640147213,-0.035096031467019756,-0.09348884336029713,0.0,-0.20217953338114147,0.5242549108226767,-0.04345966267373161,0.7278300899018,0.132861821,10.031824,23.0,1.0
19.660145606,-0.03609737048470442,-0.09420690134807064,0.0,-0.20127950734894412,0.523908017055845,-0.04483886064558862,0.7277002604038119,0.132340174,10.0919,26.0,1.0
19.680145432,-0.036880393828258036,-0.0947607417585482,0.0,-0.2005590940210068,0.523648706259777,-0.04603863893699247,0.7272965517404856,0.13248246,11.0966,17.0,1.0
19.700144869,-0.03787058792249372,-0.09545704756325268,0.0,-0.1996342168957741,0.5233026583012017,-0.04738663042771782,0.7271715876367941,0.131980031,10.070938,28.0,1.0
19.720144936,-0.03859410470990196,-0.09595838573697422,0.0,-0.19891452025441458,0.5230637830031728,-0.04846981316454584,0.7268180201597625,0.132258847,10.255912,25.0,1.0
19.740151943,-0.039599685833865056,-0.09665134970198919,0.0,-0.19792538925787403,0.5227106333551466,-0.04984323637905577,0.726677161274428,0.131713895,10.288081,19.0,1.0
19.760146765,-0.04038516756271682,-0.09718487472514999,0.0,-0.19713672728355178,0.5224477017156861,-0.051041601549276526,0.7262636857053772,0.131829386,10.589402,15.0,1.0
19.780154269,-0.04129573189421897,-0.09779939582998422,0.0,-0.19617866956922492,0.5221282136825308,-0.05224767924312612,0.7261268690346496,0.131535267,10.233015,16.0,1.0
19.800149442,-0.04210440938875295,-0.09833734556162416,0.0,-0.19531951107380235,0.5218535961268784,-0.05346315075609058,0.7257076359529931,0.131585256,10.035102,23.0,1.0
19.820146645,-0.04311237068105087,-0.09900281808935975,0.0,-0.19420755215695307,0.5214982537832608,-0.054834081335044686,0.7255352741549336,0.131024136,10.154508,26.0,1.0
19.840151032,-0.043839566256846596,-0.09947622915851406,0.0,-0.1934204652096096,0.5212533789228855,-0.055923572719776424,0.7251459767391064,0.131271202,10.322946,28.0,1.0
19.860146305,-0.044848129260735725,-0.1001287254731891,0.0,-0.1923166474174628,0.5208967956818433,-0.05729823347095044,0.7250046540006434,0.130672797,10.234031,28.0,1.0
19.880146285,-0.04569395234966341,-0.10066684591207492,0.0,-0.1913147022614053,0.5206182339223526,-0.058509698227357285,0.7246118662307529,0.130574757,10.290184,28.0,1.0
19.900109421,-0.04649830225806388,-0.10117601947134319,0.0,-0.19038529049307182,0.5202997129607019,-0.05974472178810597,0.7244036883748117,0.130562518,10.152791,28.0,1.0
19.920146327,-0.04677579058811103,-0.10134200574453386,0.0,-0.18978039584474946,0.5202045257556807,-0.060387477602032495,0.7231268991485327,0.13234935,10.252974,28.0,1.0
19.940148764,-0.047468085417270406,-0.10176208950705089,0.0,-0.18855397865817566,0.5200033534649426,-0.061028227053981005,0.7221883529267323,0.13290145,10.203524,28.0,1.0
19.960146708,-0.04855451579809787,-0.1024225212319956,0.0,-0.18705271744695764,0.5196736007748066,-0.06224822846000471,0.7220125494411599,0.132080401,10.173447,28.0,1.0
19.98014676,-0.049510950469907215,-0.10300408871465734,0.0,-0.18597654812824185,0.5193030270014001,-0.06380825916193644,0.7221835778925184,0.131505335,10.187902,28.0,1.0
