scenario,sample_id,method,iter,elapsed_ms,iter_ms,cost,best_cost,terminal_q_error,success,stop
"stanford_tidybot",0,"TetraPGA",0,0,0,1975.044015838,1975.044015838,1.986489841,0,nan
"stanford_tidybot",0,"TetraPGA",1,1.733504,1.733504,1631.634407827,1631.634407827,1.749212604,0,1967.28120017
"stanford_tidybot",0,"TetraPGA",2,3.174078,1.440574,1232.652720292,1232.652720292,1.548432049,0,1623.903306264
"stanford_tidybot",0,"TetraPGA",3,4.770022,1.595944,1071.592717092,1071.592717092,1.45486622,0,1224.930748313
"stanford_tidybot",0,"TetraPGA",4,6.370292,1.60027,984.929644564,984.929644564,1.36697603,0,1063.868568806
"stanford_tidybot",0,"TetraPGA",5,8.112916,1.742624,925.444675009,925.444675009,1.283945182,0,977.208421525
"stanford_tidybot",0,"TetraPGA",6,9.902515,1.789599,882.759801945,882.759801945,1.205475251,0,917.728281111
"stanford_tidybot",0,"TetraPGA",7,11.542758,1.640243,849.639673227,849.639673227,1.131427041,0,875.049071508
"stanford_tidybot",0,"TetraPGA",8,13.175534,1.632776,818.938238583,818.938238583,1.061677276,0,841.934999319
"stanford_tidybot",0,"TetraPGA",9,14.819476,1.643942,785.103246314,785.103246314,0.996075196,0,811.239754579
"stanford_tidybot",0,"TetraPGA",10,16.492978,1.673502,745.077260373,745.077260373,0.934440846,0,777.410897203
"stanford_tidybot",0,"TetraPGA",11,18.17715,1.684172,698.154527614,698.154527614,0.876575838,0,737.390849869
"stanford_tidybot",0,"TetraPGA",12,19.931644,1.754494,645.321249892,645.321249892,0.822274544,0,690.473757705
"stanford_tidybot",0,"TetraPGA",13,21.63268,1.701036,588.517405523,588.517405523,0.771332272,0,637.645754625
"stanford_tidybot",0,"TetraPGA",14,23.310276,1.677596,530.022961531,530.022961531,0.723550291,0,580.846778944
"stanford_tidybot",0,"TetraPGA",15,24.98769,1.677414,472.023657698,472.023657698,0.678738466,0,522.356780016
"stanford_tidybot",0,"TetraPGA",16,26.496454,1.508764,434.597202603,434.597202603,0.594697909,0,464.361497183
"stanford_tidybot",0,"TetraPGA",17,28.017546,1.521092,363.441763001,363.441763001,0.521137219,0,426.941545521
"stanford_tidybot",0,"TetraPGA",18,29.528206,1.51066,280.360299233,280.360299233,0.45673952,0,355.7915099
"stanford_tidybot",0,"TetraPGA",19,30.871009,1.342803,233.790563406,233.790563406,0.343982522,0,272.714360031
"stanford_tidybot",0,"TetraPGA",20,32.213225,1.342216,105.061953935,105.061953935,0.259252874,0,226.150485069
"stanford_tidybot",0,"TetraPGA",21,33.389699,1.176474,19.431368273,19.431368273,0.132089932,0,97.425483331
"stanford_tidybot",0,"TetraPGA",22,34.73453,1.344831,15.845719908,15.845719908,0.100564668,0,11.798148585
"stanford_tidybot",0,"TetraPGA",23,36.097398,1.362868,14.376987554,14.376987554,0.0770313,0,8.212873145
"stanford_tidybot",0,"TetraPGA",24,37.459778,1.36238,12.817484756,12.817484756,0.059460632,0,6.744328428
"stanford_tidybot",0,"TetraPGA",25,38.644768,1.18499,11.767809754,11.767809754,0.033230238,0,5.184921576
"stanford_tidybot",0,"Pinocchio",0,0,0,2008.787891056,2008.787891056,1.986489841,0,nan
"stanford_tidybot",0,"Pinocchio",1,1.370443,1.370443,1589.655687625,1589.655687625,1.731835935,0,2000.902153911
"stanford_tidybot",0,"Pinocchio",2,2.515523,1.14508,1335.757076729,1335.757076729,1.518881165,0,1581.873872684
"stanford_tidybot",0,"Pinocchio",3,3.673151,1.157628,1143.503232421,1143.503232421,1.34711932,0,1328.024089575
"stanford_tidybot",0,"Pinocchio",4,4.713448,1.040297,694.290560976,694.290560976,1.093287131,0,1135.791524046
"stanford_tidybot",0,"Pinocchio",5,5.93338,1.219932,646.780960234,646.780960234,0.967289099,0,686.612745262
"stanford_tidybot",0,"Pinocchio",6,7.170259,1.236879,530.247484148,530.247484148,0.853325309,0,639.112184617
"stanford_tidybot",0,"Pinocchio",7,8.409416,1.239157,465.790787682,465.790787682,0.749952005,0,522.586157219
"stanford_tidybot",0,"Pinocchio",8,9.650726,1.24131,423.966393221,423.966393221,0.657487002,0,458.134949499
"stanford_tidybot",0,"Pinocchio",9,10.886277,1.235551,378.896389574,378.896389574,0.575812834,0,416.31470524
"stanford_tidybot",0,"Pinocchio",10,12.256078,1.369801,325.167159251,325.167159251,0.504193941,0,371.247795095
"stanford_tidybot",0,"Pinocchio",11,13.563257,1.307179,268.531514363,268.531514363,0.441585419,0,317.520797209
"stanford_tidybot",0,"Pinocchio",12,14.68004,1.116783,257.409989176,257.409989176,0.332170056,0,260.886713237
"stanford_tidybot",0,"Pinocchio",13,15.782964,1.102924,165.341208532,165.341208532,0.250140398,0,249.767504989
"stanford_tidybot",0,"Pinocchio",14,16.73971,0.956746,83.006825091,83.006825091,0.127855193,0,157.699575811
"stanford_tidybot",0,"Pinocchio",15,17.552469,0.812759,28.589778728,28.589778728,0.016245081,0,75.365711294
"stanford_tidybot",0,"Pinocchio",16,18.360975,0.808506,7.662140356,7.662140356,0.008659835,1,20.947947146
"stanford_tidybot",0,"Pinocchio",17,19.178684,0.817709,7.641847854,7.641847854,0.008699889,1,0.020301775
"stanford_tidybot",0,"Pinocchio",18,19.977815,0.799131,7.641838152,7.641838152,0.008701062,1,0.000009702
"stanford_tidybot",0,"CasADi",0,0,0,2008.787891056,2008.787891056,1.986489841,0,nan
"stanford_tidybot",0,"CasADi",1,2.851923,2.851923,1589.655687804,1589.655687804,1.731835935,0,2000.902153911
"stanford_tidybot",0,"CasADi",2,5.520427,2.668504,1335.75707735,1335.75707735,1.518881165,0,1581.873872863
"stanford_tidybot",0,"CasADi",3,8.268606,2.748179,1143.503227991,1143.503227991,1.34711932,0,1328.024090196
"stanford_tidybot",0,"CasADi",4,10.84639,2.577784,694.291138806,694.291138806,1.093287092,0,1135.791519616
"stanford_tidybot",0,"CasADi",5,13.615912,2.769522,646.782003698,646.782003698,0.967289093,0,686.613323036
"stanford_tidybot",0,"CasADi",6,16.401003,2.785091,530.248047268,530.248047268,0.853325306,0,639.113228059
"stanford_tidybot",0,"CasADi",7,19.190467,2.789464,465.791265329,465.791265329,0.749952003,0,522.586720322
"stanford_tidybot",0,"CasADi",8,21.975598,2.785131,423.966842087,423.966842087,0.657487,0,458.135427132
"stanford_tidybot",0,"CasADi",9,24.82855,2.852952,378.896805256,378.896805256,0.575812832,0,416.315154095
"stanford_tidybot",0,"CasADi",10,27.644018,2.815468,325.167528807,325.167528807,0.504193939,0,371.248210769
"stanford_tidybot",0,"CasADi",11,30.429525,2.785507,268.531829667,268.531829667,0.441585417,0,317.521166758
"stanford_tidybot",0,"CasADi",12,33.063119,2.633594,257.410300885,257.410300885,0.332170054,0,260.887028536
"stanford_tidybot",0,"CasADi",13,35.709109,2.64599,165.341420854,165.341420854,0.250140396,0,249.767816694
"stanford_tidybot",0,"CasADi",14,38.192235,2.483126,83.006931636,83.006931636,0.127855191,0,157.699788131
"stanford_tidybot",0,"CasADi",15,40.552978,2.360743,28.58973661,28.58973661,0.016245083,0,75.365817838
"stanford_tidybot",0,"CasADi",16,42.88497,2.331992,7.662140343,7.662140343,0.008659835,1,20.947905027
"stanford_tidybot",0,"CasADi",17,45.214952,2.329982,7.641847854,7.641847854,0.008699889,1,0.020301762
"stanford_tidybot",0,"CasADi",18,47.546373,2.331421,7.641838152,7.641838152,0.008701062,1,0.000009702
"stanford_tidybot",1,"TetraPGA",0,0,0,2037.089236411,2037.089236411,2.017450957,0,nan
"stanford_tidybot",1,"TetraPGA",1,1.678521,1.678521,1773.852639866,1773.852639866,1.791676073,0,2030.48966813
"stanford_tidybot",1,"TetraPGA",2,3.184024,1.505503,1716.078516605,1716.078516605,1.59670497,0,1767.254408084
"stanford_tidybot",1,"TetraPGA",3,4.68318,1.499156,1571.720392173,1571.720392173,1.425591479,0,1709.482971634
"stanford_tidybot",1,"TetraPGA",4,6.027063,1.343883,1065.28553691,1065.28553691,1.179148424,0,1565.127208208
"stanford_tidybot",1,"TetraPGA",5,7.212506,1.185443,456.083291287,456.083291287,0.867152545,0,1058.695406212
"stanford_tidybot",1,"TetraPGA",6,8.404475,1.191969,301.658248127,301.658248127,0.431523419,0,449.497160505
"stanford_tidybot",1,"TetraPGA",7,9.642756,1.238281,74.529520002,74.529520002,0.199533503,0,295.075838425
"stanford_tidybot",1,"TetraPGA",8,10.693323,1.050567,44.385209239,44.385209239,0.03102028,0,67.948049611
"stanford_tidybot",1,"TetraPGA",9,11.72422,1.030897,6.691558812,6.691558812,0.007497967,1,37.803814479
"stanford_tidybot",1,"TetraPGA",10,12.744128,1.019908,6.581394595,6.581394595,0.007611293,1,0.110164313
"stanford_tidybot",1,"TetraPGA",11,13.757842,1.013714,6.581394509,6.581394509,0.00761126,1,0.000000086
"stanford_tidybot",1,"Pinocchio",0,0,0,2040.583246236,2040.583246236,2.017450957,0,nan
"stanford_tidybot",1,"Pinocchio",1,1.399951,1.399951,1902.322183829,1902.322183829,1.802246426,0,2033.995947113
"stanford_tidybot",1,"Pinocchio",2,2.491069,1.091118,1545.87049333,1545.87049333,1.518606414,0,1895.737118703
"stanford_tidybot",1,"Pinocchio",3,3.723991,1.232922,1057.589035596,1057.589035596,1.352948865,0,1539.275733157
"stanford_tidybot",1,"Pinocchio",4,4.816696,1.092705,871.763249239,871.763249239,1.093138775,0,1050.990249316
"stanford_tidybot",1,"Pinocchio",5,5.911921,1.095225,384.822284667,384.822284667,0.78787096,0,865.154831948
"stanford_tidybot",1,"Pinocchio",6,7.012028,1.100107,177.366960696,177.366960696,0.533049246,0,378.213349598
"stanford_tidybot",1,"Pinocchio",7,8.113904,1.101876,166.690154172,166.690154172,0.386274466,0,170.757135219
"stanford_tidybot",1,"Pinocchio",8,9.216886,1.102982,106.228346122,106.228346122,0.287939876,0,160.078436265
"stanford_tidybot",1,"Pinocchio",9,10.188228,0.971342,65.758595671,65.758595671,0.138942448,0,99.615178004
"stanford_tidybot",1,"Pinocchio",10,11.018233,0.830005,52.312638659,52.312638659,0.008822026,1,59.143983327
"stanford_tidybot",1,"Pinocchio",11,11.82446,0.806227,6.616503794,6.616503794,0.007578496,1,45.697429401
"stanford_tidybot",1,"Pinocchio",12,12.629805,0.805345,6.615208892,6.615208892,0.007614476,1,0.001295125
"stanford_tidybot",1,"Pinocchio",13,13.432568,0.802763,6.61520861,6.61520861,0.007614819,1,0.000000282
"stanford_tidybot",1,"CasADi",0,0,0,2040.583246236,2040.583246236,2.017450957,0,nan
"stanford_tidybot",1,"CasADi",1,2.966216,2.966216,1902.322181165,1902.322181165,1.802246426,0,2033.995947113
"stanford_tidybot",1,"CasADi",2,5.621889,2.655673,1545.870468058,1545.870468058,1.518606414,0,1895.737116038
"stanford_tidybot",1,"CasADi",3,8.397679,2.77579,1057.589026879,1057.589026879,1.352948865,0,1539.275707885
"stanford_tidybot",1,"CasADi",4,11.040763,2.643084,871.763251945,871.763251945,1.093138775,0,1050.990240598
"stanford_tidybot",1,"CasADi",5,13.700879,2.660116,384.822285675,384.822285675,0.78787096,0,865.154834654
"stanford_tidybot",1,"CasADi",6,16.342404,2.641525,177.366960232,177.366960232,0.533049246,0,378.213350606
"stanford_tidybot",1,"CasADi",7,18.982324,2.63992,166.690153259,166.690153259,0.386274466,0,170.757134755
"stanford_tidybot",1,"CasADi",8,21.617032,2.634708,106.228345614,106.228345614,0.287939876,0,160.078435352
"stanford_tidybot",1,"CasADi",9,24.091755,2.474723,65.758595541,65.758595541,0.138942448,0,99.615177496
"stanford_tidybot",1,"CasADi",10,26.426536,2.334781,52.312638753,52.312638753,0.008822026,1,59.143983196
"stanford_tidybot",1,"CasADi",11,28.752427,2.325891,6.616503794,6.616503794,0.007578496,1,45.697429495
"stanford_tidybot",1,"CasADi",12,31.078443,2.326016,6.615208892,6.615208892,0.007614476,1,0.001295125
"stanford_tidybot",1,"CasADi",13,33.401478,2.323035,6.61520861,6.61520861,0.007614819,1,0.000000282
"stanford_tidybot",2,"TetraPGA",0,0,0,2872.906723419,2872.906723419,2.395845023,0,nan
"stanford_tidybot",2,"TetraPGA",1,1.496136,1.496136,1652.539796413,1652.539796413,1.807359636,0,2863.151719068
"stanford_tidybot",2,"TetraPGA",2,2.679301,1.183165,583.325472907,583.325472907,0.945813845,0,1642.779938906
"stanford_tidybot",2,"TetraPGA",3,4.185598,1.506297,479.663311952,479.663311952,0.830328157,0,573.569904151
"stanford_tidybot",2,"TetraPGA",4,5.527799,1.342201,409.06332192,409.06332192,0.63130336,0,469.908943243
"stanford_tidybot",2,"TetraPGA",5,6.868375,1.340576,282.404126837,282.404126837,0.479446746,0,399.310816887
"stanford_tidybot",2,"TetraPGA",6,8.054093,1.185718,144.784335273,144.784335273,0.253399248,0,272.652787114
"stanford_tidybot",2,"TetraPGA",7,9.072783,1.01869,22.9507512,22.9507512,0.020253121,0,135.034176494
"stanford_tidybot",2,"TetraPGA",8,10.101181,1.028398,9.825107827,9.825107827,0.009403565,1,13.200739777
"stanford_tidybot",2,"TetraPGA",9,11.134194,1.033013,9.750022904,9.750022904,0.009445904,1,0.075084921
"stanford_tidybot",2,"TetraPGA",10,12.171643,1.037449,9.750022903,9.750022903,0.009445899,1,0.000000001
"stanford_tidybot",2,"Pinocchio",0,0,0,2906.233880961,2906.233880961,2.395845023,0,nan
"stanford_tidybot",2,"Pinocchio",1,1.359012,1.359012,2257.111993917,2257.111993917,2.093364887,0,2896.312021129
"stanford_tidybot",2,"Pinocchio",2,2.397414,1.038402,1925.553328472,1925.553328472,1.543872206,0,2247.255715055
"stanford_tidybot",2,"Pinocchio",3,3.466253,1.068839,1725.535072779,1725.535072779,1.176232152,0,1915.766224207
"stanford_tidybot",2,"Pinocchio",4,4.431405,0.965152,1242.190363592,1242.190363592,0.622470038,0,1715.762475268
"stanford_tidybot",2,"Pinocchio",5,5.239661,0.808256,419.556417862,419.556417862,0.090319701,0,1232.434392957
"stanford_tidybot",2,"Pinocchio",6,6.037474,0.797813,10.795629438,10.795629438,0.014366337,0,409.801022431
"stanford_tidybot",2,"Pinocchio",7,6.83605,0.798576,9.757790571,9.757790571,0.009458213,1,1.040122739
"stanford_tidybot",2,"Pinocchio",8,7.634532,0.798482,9.755506519,9.755506519,0.009450156,1,0.002284052
"stanford_tidybot",2,"Pinocchio",9,8.429374,0.794842,9.755506519,9.755506519,0.009450153,1,0
"stanford_tidybot",2,"CasADi",0,0,0,2906.233880961,2906.233880961,2.395845023,0,nan
"stanford_tidybot",2,"CasADi",1,2.872607,2.872607,2257.111994009,2257.111994009,2.093364887,0,2896.312021129
"stanford_tidybot",2,"CasADi",2,5.453102,2.580495,1925.560119776,1925.560119776,1.543872171,0,2247.255715147
"stanford_tidybot",2,"CasADi",3,8.075649,2.622547,1725.566566915,1725.566566915,1.176232303,0,1915.773015528
"stanford_tidybot",2,"CasADi",4,10.570298,2.494649,1242.165160363,1242.165160363,0.622469923,0,1715.793969385
"stanford_tidybot",2,"CasADi",5,12.912317,2.342019,419.549792254,419.549792254,0.090319656,0,1232.409189733
"stanford_tidybot",2,"CasADi",6,15.233132,2.320815,10.795593652,10.795593652,0.01436632,0,409.794396823
"stanford_tidybot",2,"CasADi",7,17.571717,2.338585,9.757790586,9.757790586,0.009458213,1,1.040086953
"stanford_tidybot",2,"CasADi",8,19.897972,2.326255,9.755506519,9.755506519,0.009450156,1,0.002284067
"stanford_tidybot",2,"CasADi",9,22.315755,2.417783,9.755506519,9.755506519,0.009450153,1,0
"stanford_tidybot",3,"TetraPGA",0,0,0,1941.169153454,1941.169153454,1.969380574,0,nan
"stanford_tidybot",3,"TetraPGA",1,1.54834,1.54834,1505.182895386,1505.182895386,1.72511754,0,1933.413503473
"stanford_tidybot",3,"TetraPGA",2,2.93626,1.38792,1239.900180497,1239.900180497,1.508408207,0,1497.433425578
"stanford_tidybot",3,"TetraPGA",3,4.21994,1.28368,1095.909749924,1095.909749924,1.139410342,0,1232.154055854
"stanford_tidybot",3,"TetraPGA",4,5.731437,1.511497,857.27089146,857.27089146,0.991554289,0,1088.15032077
"stanford_tidybot",3,"TetraPGA",5,7.24809,1.516653,803.664464778,803.664464778,0.864359873,0,849.503622913
"stanford_tidybot",3,"TetraPGA",6,8.757414,1.509324,712.2420064,712.2420064,0.75448882,0,795.886794016
"stanford_tidybot",3,"TetraPGA",7,10.267867,1.510453,596.752800672,596.752800672,0.659349334,0,704.454149514
"stanford_tidybot",3,"TetraPGA",8,11.613906,1.346039,549.157923307,549.157923307,0.491615833,0,588.955979491
"stanford_tidybot",3,"TetraPGA",9,12.966785,1.352879,342.268141594,342.268141594,0.369163552,0,541.347282457
"stanford_tidybot",3,"TetraPGA",10,14.156817,1.190032,117.537182903,117.537182903,0.186868189,0,334.44854724
"stanford_tidybot",3,"TetraPGA",11,15.19637,1.039553,13.486938566,13.486938566,0.010612139,0,109.708618621
"stanford_tidybot",3,"TetraPGA",12,16.216769,1.020399,7.8800852,7.8800852,0.009050468,1,5.655453201
"stanford_tidybot",3,"TetraPGA",13,17.240852,1.024083,7.832277821,7.832277821,0.008963795,1,0.048627169
"stanford_tidybot",3,"TetraPGA",14,18.25624,1.015388,7.831455558,7.831455558,0.008967842,1,0.000822275
"stanford_tidybot",3,"TetraPGA",15,19.280547,1.024307,7.831455556,7.831455556,0.008967868,1,0.000000002
"stanford_tidybot",3,"Pinocchio",0,0,0,1968.363804797,1968.363804797,1.969380574,0,nan
"stanford_tidybot",3,"Pinocchio",1,1.266234,1.266234,1572.034687608,1572.034687608,1.722551024,0,1960.672494092
"stanford_tidybot",3,"Pinocchio",2,2.554371,1.288137,1434.444495411,1434.444495411,1.615059108,0,1564.244780021
"stanford_tidybot",3,"Pinocchio",3,3.85131,1.296939,1229.356570125,1229.356570125,1.512741234,0,1426.624961247
"stanford_tidybot",3,"Pinocchio",4,5.1617,1.31039,1133.511298063,1133.511298063,1.406536584,0,1221.491326987
"stanford_tidybot",3,"Pinocchio",5,6.635649,1.473949,1095.402387792,1095.402387792,1.361149645,0,1125.620648019
"stanford_tidybot",3,"Pinocchio",6,8.11524,1.479591,1077.509815596,1077.509815596,1.317500554,0,1087.508045301
"stanford_tidybot",3,"Pinocchio",7,9.606735,1.491495,1068.017775617,1068.017775617,1.275536276,0,1069.613763546
"stanford_tidybot",3,"Pinocchio",8,11.147255,1.54052,1057.008694842,1057.008694842,1.235144269,0,1060.121382337
"stanford_tidybot",3,"Pinocchio",9,12.817458,1.670203,1038.920952332,1038.920952332,1.196209473,0,1049.112846858
"stanford_tidybot",3,"Pinocchio",10,13.787819,0.970361,466.953127116,466.953127116,0.660253052,0,1031.026197832
"stanford_tidybot",3,"Pinocchio",11,15.009671,1.221852,360.473262808,360.473262808,0.580316956,0,459.095756245
"stanford_tidybot",3,"Pinocchio",12,16.244827,1.235156,287.138882472,287.138882472,0.510162294,0,352.617026001
"stanford_tidybot",3,"Pinocchio",13,17.32991,1.085083,192.825832172,192.825832172,0.388192921,0,279.284412607
"stanford_tidybot",3,"Pinocchio",14,18.276902,0.946992,83.916963892,83.916963892,0.208520366,0,184.974303352
"stanford_tidybot",3,"Pinocchio",15,19.088566,0.811664,61.500838013,61.500838013,0.040233303,0,76.070132343
"stanford_tidybot",3,"Pinocchio",16,19.903499,0.814933,9.177273993,9.177273993,0.012846616,0,53.657309331
"stanford_tidybot",3,"Pinocchio",17,20.710359,0.80686,7.859596265,7.859596265,0.009039576,1,1.333693068
"stanford_tidybot",3,"Pinocchio",18,21.515497,0.805138,7.843598748,7.843598748,0.008967012,1,0.016002059
"stanford_tidybot",3,"Pinocchio",19,22.318816,0.803319,7.843594628,7.843594628,0.008965714,1,0.000004119
"stanford_tidybot",3,"CasADi",0,0,0,1968.363804797,1968.363804797,1.969380574,0,nan
"stanford_tidybot",3,"CasADi",1,2.815331,2.815331,1572.034620293,1572.034620293,1.722551025,0,1960.672494092
"stanford_tidybot",3,"CasADi",2,5.651835,2.836504,1434.444645106,1434.444645106,1.615059107,0,1564.244712698
"stanford_tidybot",3,"CasADi",3,8.515269,2.863434,1229.356592488,1229.356592488,1.512741234,0,1426.625110951
"stanford_tidybot",3,"CasADi",4,11.374621,2.859352,1133.511306336,1133.511306336,1.406536583,0,1221.491349346
"stanford_tidybot",3,"CasADi",5,14.450481,3.07586,1095.402384364,1095.402384364,1.361149644,0,1125.620656292
"stanford_tidybot",3,"CasADi",6,17.478977,3.028496,1077.50980263,1077.50980263,1.317500554,0,1087.508041873
"stanford_tidybot",3,"CasADi",7,20.520055,3.041078,1068.017755504,1068.017755504,1.275536276,0,1069.613750579
"stanford_tidybot",3,"CasADi",8,23.711929,3.191874,1057.008670001,1057.008670001,1.235144269,0,1060.121362223
"stanford_tidybot",3,"CasADi",9,26.813197,3.101268,1038.920924618,1038.920924618,1.196209473,0,1049.112822018
"stanford_tidybot",3,"CasADi",10,29.336413,2.523216,466.953132732,466.953132732,0.660253052,0,1031.026170118
"stanford_tidybot",3,"CasADi",11,32.099129,2.762716,360.473261189,360.473261189,0.580316956,0,459.095761861
"stanford_tidybot",3,"CasADi",12,34.859282,2.760153,287.138880645,287.138880645,0.510162295,0,352.617024383
"stanford_tidybot",3,"CasADi",13,37.508188,2.648906,192.825825665,192.825825665,0.388192921,0,279.28441078
"stanford_tidybot",3,"CasADi",14,40.003492,2.495304,83.916962408,83.916962408,0.208520366,0,184.974296845
"stanford_tidybot",3,"CasADi",15,42.347257,2.343765,61.500838083,61.500838083,0.040233303,0,76.070130859
"stanford_tidybot",3,"CasADi",16,44.680281,2.333024,9.177273996,9.177273996,0.012846616,0,53.657309401
"stanford_tidybot",3,"CasADi",17,47.025817,2.345536,7.859596265,7.859596265,0.009039576,1,1.333693071
"stanford_tidybot",3,"CasADi",18,49.358379,2.332562,7.843598748,7.843598748,0.008967012,1,0.016002058
"stanford_tidybot",3,"CasADi",19,51.687256,2.328877,7.843594628,7.843594628,0.008965714,1,0.000004119
"stanford_tidybot",4,"TetraPGA",0,0,0,1411.271359422,1411.271359422,1.679203084,0,nan
"stanford_tidybot",4,"TetraPGA",1,1.214228,1.214228,981.923472475,981.923472475,0.347375822,0,1407.821340289
"stanford_tidybot",4,"TetraPGA",2,2.271674,1.057446,218.848092368,218.848092368,0.017969874,0,978.470884215
"stanford_tidybot",4,"TetraPGA",3,3.308069,1.036395,3.87222045,3.87222045,0.004681253,1,215.397029786
"stanford_tidybot",4,"TetraPGA",4,4.32548,1.017411,3.451228827,3.451228827,0.004749788,1,0.421007394
"stanford_tidybot",4,"TetraPGA",5,5.343132,1.017652,3.451213196,3.451213196,0.004749267,1,0.000015631
"stanford_tidybot",4,"Pinocchio",0,0,0,1436.015330572,1436.015330572,1.679203084,0,nan
"stanford_tidybot",4,"Pinocchio",1,1.22994,1.22994,843.4923166,843.4923166,1.249892211,0,1432.515482396
"stanford_tidybot",4,"Pinocchio",2,2.331527,1.101587,496.941951027,496.941951027,0.933775949,0,840.007143801
"stanford_tidybot",4,"Pinocchio",3,3.295117,0.96359,192.460360608,192.460360608,0.463869039,0,493.463359359
"stanford_tidybot",4,"Pinocchio",4,4.115324,0.820207,86.063443525,86.063443525,0.00632982,1,188.988096677
"stanford_tidybot",4,"Pinocchio",5,4.9285,0.813176,3.479090284,3.479090284,0.004707789,1,82.591725931
"stanford_tidybot",4,"Pinocchio",6,5.735105,0.806605,3.471726165,3.471726165,0.004747935,1,0.007364137
"stanford_tidybot",4,"Pinocchio",7,6.536926,0.801821,3.471726155,3.471726155,0.004747965,1,0.00000001
"stanford_tidybot",4,"CasADi",0,0,0,1436.015330572,1436.015330572,1.679203084,0,nan
"stanford_tidybot",4,"CasADi",1,2.781705,2.781705,843.492316612,843.492316612,1.249892211,0,1432.515482396
"stanford_tidybot",4,"CasADi",2,5.442189,2.660484,496.941951022,496.941951022,0.933775949,0,840.007143814
"stanford_tidybot",4,"CasADi",3,7.947013,2.504824,192.460360587,192.460360587,0.463869039,0,493.463359353
"stanford_tidybot",4,"CasADi",4,10.297514,2.350501,86.063443207,86.063443207,0.00632982,1,188.988096656
"stanford_tidybot",4,"CasADi",5,12.642268,2.344754,3.479090284,3.479090284,0.004707789,1,82.591725613
"stanford_tidybot",4,"CasADi",6,14.975583,2.333315,3.471726165,3.471726165,0.004747935,1,0.007364137
"stanford_tidybot",4,"CasADi",7,17.30176,2.326177,3.471726155,3.471726155,0.004747965,1,0.00000001
"stanford_tidybot",5,"TetraPGA",0,0,0,1970.290689704,1970.290689704,1.984097965,0,nan
"stanford_tidybot",5,"TetraPGA",1,1.550977,1.550977,1236.00707974,1236.00707974,1.470909277,0,1962.841430514
"stanford_tidybot",5,"TetraPGA",2,2.745375,1.194398,409.918048606,409.918048606,0.758370524,0,1228.565770915
"stanford_tidybot",5,"TetraPGA",3,3.853729,1.108354,135.510311593,135.510311593,0.0812596,0,402.467583737
"stanford_tidybot",5,"TetraPGA",4,4.886868,1.033139,76.693106193,76.693106193,0.009766283,1,128.060363774
"stanford_tidybot",5,"TetraPGA",5,5.904084,1.017216,7.451841512,7.451841512,0.008572035,1,69.243008376
"stanford_tidybot",5,"TetraPGA",6,6.92214,1.018056,7.450137462,7.450137462,0.008561029,1,0.00170405
"stanford_tidybot",5,"TetraPGA",7,7.951566,1.029426,7.450137457,7.450137457,0.00856103,1,0.000000005
"stanford_tidybot",5,"Pinocchio",0,0,0,2018.562356968,2018.562356968,1.984097965,0,nan
"stanford_tidybot",5,"Pinocchio",1,1.298093,1.298093,1154.93472267,1154.93472267,1.485820724,0,2011.506855671
"stanford_tidybot",5,"Pinocchio",2,2.271792,0.973699,921.524175089,921.524175089,0.746813596,0,1147.697722698
"stanford_tidybot",5,"Pinocchio",3,3.234039,0.962247,185.82805197,185.82805197,0.416323777,0,914.089025389
"stanford_tidybot",5,"Pinocchio",4,4.050554,0.816515,98.502176593,98.502176593,0.057341656,0,178.36110755
"stanford_tidybot",5,"Pinocchio",5,4.858945,0.808391,52.792990069,52.792990069,0.031810541,0,91.042817314
"stanford_tidybot",5,"Pinocchio",6,5.659761,0.800816,7.682019668,7.682019668,0.009259858,1,45.337986387
"stanford_tidybot",5,"Pinocchio",7,6.469765,0.810004,7.455219047,7.455219047,0.008561624,1,0.226995916
"stanford_tidybot",5,"Pinocchio",8,7.287455,0.81769,7.455024119,7.455024119,0.008562659,1,0.000194928
"stanford_tidybot",5,"Pinocchio",9,8.08859,0.801135,7.455024119,7.455024119,0.008562658,1,0
"stanford_tidybot",5,"CasADi",0,0,0,2018.562356968,2018.562356968,1.984097965,0,nan
"stanford_tidybot",5,"CasADi",1,2.848942,2.848942,1154.93472266,1154.93472266,1.485820724,0,2011.506855671
"stanford_tidybot",5,"CasADi",2,5.337903,2.488961,921.524175735,921.524175735,0.746813596,0,1147.697722689
"stanford_tidybot",5,"CasADi",3,7.848067,2.510164,185.82805192,185.82805192,0.416323777,0,914.089026035
"stanford_tidybot",5,"CasADi",4,10.193442,2.345375,98.502176633,98.502176633,0.057341656,0,178.361107501
"stanford_tidybot",5,"CasADi",5,12.519981,2.326539,52.792990082,52.792990082,0.031810541,0,91.042817355
"stanford_tidybot",5,"CasADi",6,14.855382,2.335401,7.682019668,7.682019668,0.009259858,1,45.337986401
"stanford_tidybot",5,"CasADi",7,17.188666,2.333284,7.455219047,7.455219047,0.008561624,1,0.226995916
"stanford_tidybot",5,"CasADi",8,19.609209,2.420543,7.455024119,7.455024119,0.008562659,1,0.000194928
"stanford_tidybot",5,"CasADi",9,21.971391,2.362182,7.455024119,7.455024119,0.008562658,1,0
"stanford_tidybot",6,"TetraPGA",0,0,0,2009.552004271,2009.552004271,2.003768679,0,nan
"stanford_tidybot",6,"TetraPGA",1,1.594257,1.594257,1554.979018095,1554.979018095,1.756763092,0,2003.330181099
"stanford_tidybot",6,"TetraPGA",2,2.984042,1.389785,1246.652086969,1246.652086969,1.540744242,0,1548.716260898
"stanford_tidybot",6,"TetraPGA",3,4.351442,1.3674,1169.326360473,1169.326360473,1.353710558,0,1240.384449599
"stanford_tidybot",6,"TetraPGA",4,6.054831,1.703389,1112.854849462,1112.854849462,1.312034457,0,1163.066335581
"stanford_tidybot",6,"TetraPGA",5,7.777916,1.723085,1061.152196561,1061.152196561,1.271817448,0,1106.597660578
"stanford_tidybot",6,"TetraPGA",6,9.478725,1.700809,1014.764452812,1014.764452812,1.232978803,0,1054.897992402
"stanford_tidybot",6,"TetraPGA",7,11.193017,1.714292,974.017750032,974.017750032,1.195413992,0,1008.51337354
"stanford_tidybot",6,"TetraPGA",8,12.915763,1.722746,938.656461367,938.656461367,1.159010544,0,967.769960944
"stanford_tidybot",6,"TetraPGA",9,14.629395,1.713632,907.715545718,907.715545718,1.123672112,0,932.412193945
"stanford_tidybot",6,"TetraPGA",10,16.365356,1.735961,879.751446079,879.751446079,1.089332712,0,901.475105153
"stanford_tidybot",6,"TetraPGA",11,18.123781,1.758425,853.247977035,853.247977035,1.055954327,0,873.515187223
"stanford_tidybot",6,"TetraPGA",12,19.890856,1.767075,826.955432633,826.955432633,1.023516313,0,847.016266661
"stanford_tidybot",6,"TetraPGA",13,21.651372,1.760516,800.048289727,800.048289727,0.992005492,0,820.728613536
"stanford_tidybot",6,"TetraPGA",14,23.410559,1.759187,772.122009006,772.122009006,0.961410018,0,793.826654833
"stanford_tidybot",6,"TetraPGA",15,25.191357,1.780798,743.103393327,743.103393327,0.93171655,0,765.905787085
"stanford_tidybot",6,"TetraPGA",16,26.954911,1.763554,713.13896048,713.13896048,0.902909418,0,736.892744296
"stanford_tidybot",6,"TetraPGA",17,28.78373,1.828819,682.496726405,682.496726405,0.874970734,0,706.933977253
"stanford_tidybot",6,"TetraPGA",18,30.602287,1.818557,651.493519077,651.493519077,0.847880862,0,676.297440594
"stanford_tidybot",6,"TetraPGA",19,32.237769,1.635482,636.789914793,636.789914793,0.795391355,0,645.29990856
"stanford_tidybot",6,"TetraPGA",20,33.855914,1.618145,609.886928367,609.886928367,0.746106594,0,630.605979685
"stanford_tidybot",6,"TetraPGA",21,35.526508,1.670594,572.118968711,572.118968711,0.699860247,0,603.712821681
"stanford_tidybot",6,"TetraPGA",22,37.218267,1.691759,527.251631117,527.251631117,0.656481199,0,565.954449386
"stanford_tidybot",6,"TetraPGA",23,38.897211,1.678944,479.093563322,479.093563322,0.61580026,0,521.09619671
"stanford_tidybot",6,"TetraPGA",24,40.41057,1.513359,454.760719908,454.760719908,0.539394419,0,472.946557967
"stanford_tidybot",6,"TetraPGA",25,41.941701,1.531131,384.365860307,384.365860307,0.4725803,0,448.627601884
"stanford_tidybot",6,"Pinocchio",0,0,0,2034.861674083,2034.861674083,2.003768679,0,nan
"stanford_tidybot",6,"Pinocchio",1,1.289885,1.289885,1778.923035006,1778.923035006,1.756053335,0,2028.306769763
"stanford_tidybot",6,"Pinocchio",2,2.40908,1.119195,1477.344003143,1477.344003143,1.53932053,0,1772.586688115
"stanford_tidybot",6,"Pinocchio",3,3.672765,1.263685,1108.036288868,1108.036288868,1.445546145,0,1471.13341756
"stanford_tidybot",6,"Pinocchio",4,4.934432,1.261667,1006.60467076,1006.60467076,1.355843995,0,1101.86974214
"stanford_tidybot",6,"Pinocchio",5,6.058901,1.124469,857.886312811,857.886312811,1.185187031,0,1000.4771712
"stanford_tidybot",6,"Pinocchio",6,7.338522,1.279621,685.500845822,685.500845822,1.112470074,0,851.808029776
"stanford_tidybot",6,"Pinocchio",7,8.657273,1.318751,616.980135041,616.980135041,1.04504448,0,679.425225473
"stanford_tidybot",6,"Pinocchio",8,10.106337,1.449064,591.966568063,591.966568063,1.012838275,0,610.901039726
"stanford_tidybot",6,"Pinocchio",9,11.564758,1.458421,569.498363111,569.498363111,0.981599776,0,585.888847449
"stanford_tidybot",6,"Pinocchio",10,13.01839,1.453632,548.594155029,548.594155029,0.951301571,0,563.42166171
"stanford_tidybot",6,"Pinocchio",11,14.480417,1.462027,528.511258534,528.511258534,0.921919043,0,542.518213917
"stanford_tidybot",6,"Pinocchio",12,15.936705,1.456288,508.760781007,508.760781007,0.893428595,0,522.435879653
"stanford_tidybot",6,"Pinocchio",13,17.391476,1.454771,489.070365117,489.070365117,0.865806877,0,502.685803841
"stanford_tidybot",6,"Pinocchio",14,18.866294,1.474818,469.329279237,469.329279237,0.83903054,0,482.995652341
"stanford_tidybot",6,"Pinocchio",15,20.397215,1.530921,449.53530282,449.53530282,0.813076238,0,463.254708402
"stanford_tidybot",6,"Pinocchio",16,21.890447,1.493232,429.751452944,429.751452944,0.787920724,0,443.460761854
"stanford_tidybot",6,"Pinocchio",17,23.373477,1.48303,410.07415938,410.07415938,0.763540957,0,423.676837954
"stanford_tidybot",6,"Pinocchio",18,24.762293,1.388816,401.799791995,401.799791995,0.716358912,0,403.999373764
"stanford_tidybot",6,"Pinocchio",19,26.147772,1.385479,385.845727318,385.845727318,0.672079585,0,395.723502163
"stanford_tidybot",6,"Pinocchio",20,27.540293,1.392521,363.258570709,363.258570709,0.630536999,0,379.768227336
"stanford_tidybot",6,"Pinocchio",21,28.92228,1.381987,336.302209108,336.302209108,0.591568427,0,357.179976475
"stanford_tidybot",6,"Pinocchio",22,30.310663,1.388383,307.202417493,307.202417493,0.555017684,0,330.222532964
"stanford_tidybot",6,"Pinocchio",23,31.706321,1.395658,277.717677399,277.717677399,0.520736567,0,301.121621296
"stanford_tidybot",6,"Pinocchio",24,32.953139,1.246818,256.468752788,256.468752788,0.456472443,0,271.635706841
"stanford_tidybot",6,"Pinocchio",25,34.189124,1.235985,214.607120796,214.607120796,0.400208505,0,250.384341219
"stanford_tidybot",6,"CasADi",0,0,0,2034.861674083,2034.861674083,2.003768679,0,nan
"stanford_tidybot",6,"CasADi",1,2.866742,2.866742,1778.923034941,1778.923034941,1.756053335,0,2028.306769763
"stanford_tidybot",6,"CasADi",2,5.530536,2.663794,1477.344001574,1477.344001574,1.53932053,0,1772.586688049
"stanford_tidybot",6,"CasADi",3,8.339854,2.809318,1108.036288979,1108.036288979,1.445546145,0,1471.133415992
"stanford_tidybot",6,"CasADi",4,11.145588,2.805734,1006.604671007,1006.604671007,1.355843995,0,1101.86974225
"stanford_tidybot",6,"CasADi",5,13.817119,2.671531,857.886277224,857.886277224,1.18518703,0,1000.477171447
"stanford_tidybot",6,"CasADi",6,16.65468,2.837561,685.500842969,685.500842969,1.112470074,0,851.807994187
"stanford_tidybot",6,"CasADi",7,19.607807,2.953127,616.980136947,616.980136947,1.04504448,0,679.42522262
"stanford_tidybot",6,"CasADi",8,22.630477,3.02267,591.966570066,591.966570066,1.012838275,0,610.901041631
"stanford_tidybot",6,"CasADi",9,25.648392,3.017915,569.498365178,569.498365178,0.981599776,0,585.888849451
"stanford_tidybot",6,"CasADi",10,28.641956,2.993564,548.594157099,548.594157099,0.951301571,0,563.421663778
"stanford_tidybot",6,"CasADi",11,31.649923,3.007967,528.511260573,528.511260573,0.921919043,0,542.518215987
"stanford_tidybot",6,"CasADi",12,34.671181,3.021258,508.760782984,508.760782984,0.893428595,0,522.435881693
"stanford_tidybot",6,"CasADi",13,37.674955,3.003774,489.070367042,489.070367042,0.865806876,0,502.685805817
"stanford_tidybot",6,"CasADi",14,40.679497,3.004542,469.329281066,469.329281066,0.83903054,0,482.995654266
"stanford_tidybot",6,"CasADi",15,43.69435,3.014853,449.535304588,449.535304588,0.813076238,0,463.254710231
"stanford_tidybot",6,"CasADi",16,46.709747,3.015397,429.751454658,429.751454658,0.787920724,0,443.460763623
"stanford_tidybot",6,"CasADi",17,49.810147,3.1004,410.074161019,410.074161019,0.763540957,0,423.676839668
"stanford_tidybot",6,"CasADi",18,52.915602,3.105455,401.799793666,401.799793666,0.716358912,0,403.999375403
"stanford_tidybot",6,"CasADi",19,55.872273,2.956671,385.845729002,385.845729002,0.672079585,0,395.723503834
"stanford_tidybot",6,"CasADi",20,58.81581,2.943537,363.258572399,363.258572399,0.630536999,0,379.76822902
"stanford_tidybot",6,"CasADi",21,61.739202,2.923392,336.302210698,336.302210698,0.591568427,0,357.179978165
"stanford_tidybot",6,"CasADi",22,64.67633,2.937128,307.202418968,307.202418968,0.555017684,0,330.222534554
"stanford_tidybot",6,"CasADi",23,67.652083,2.975753,277.717678763,277.717678763,0.520736567,0,301.121622771
"stanford_tidybot",6,"CasADi",24,70.448636,2.796553,256.468754166,256.468754166,0.456472443,0,271.635708205
"stanford_tidybot",6,"CasADi",25,73.250819,2.802183,214.607122002,214.607122002,0.400208505,0,250.384342597
"stanford_tidybot",7,"TetraPGA",0,0,0,3338.412170566,3338.412170566,2.582664165,0,nan
"stanford_tidybot",7,"TetraPGA",1,1.432138,1.432138,2131.088571935,2131.088571935,1.933630497,0,3330.659375628
"stanford_tidybot",7,"TetraPGA",2,2.850884,1.418746,1648.503978179,1648.503978179,1.690812099,0,2123.350844837
"stanford_tidybot",7,"TetraPGA",3,4.275162,1.424278,1361.125117545,1361.125117545,1.478782372,0,1640.779937953
"stanford_tidybot",7,"TetraPGA",4,5.71373,1.438568,1123.684237909,1123.684237909,1.295698581,0,1353.382785091
"stanford_tidybot",7,"TetraPGA",5,7.158908,1.445178,966.338982907,966.338982907,1.137053274,0,1115.963846155
"stanford_tidybot",7,"TetraPGA",6,8.62837,1.469462,549.713444981,549.713444981,1.008498711,0,958.59189387
"stanford_tidybot",7,"TetraPGA",7,9.968747,1.340377,498.294918359,498.294918359,0.801245053,0,541.978897081
"stanford_tidybot",7,"TetraPGA",8,11.469357,1.50061,387.926031924,387.926031924,0.705663617,0,490.558726876
"stanford_tidybot",7,"TetraPGA",9,12.985107,1.51575,306.085279944,306.085279944,0.61971351,0,380.194155776
"stanford_tidybot",7,"TetraPGA",10,14.50155,1.516443,239.527367822,239.527367822,0.543335627,0,298.356702186
"stanford_tidybot",7,"TetraPGA",11,15.856981,1.355431,197.715991435,197.715991435,0.408592705,0,231.801398318
"stanford_tidybot",7,"TetraPGA",12,17.212016,1.355035,121.170249244,121.170249244,0.305805451,0,189.992804003
"stanford_tidybot",7,"TetraPGA",13,18.398686,1.18667,55.143964252,55.143964252,0.149000164,0,113.449480948
"stanford_tidybot",7,"TetraPGA",14,19.58444,1.185754,13.466355674,13.466355674,0.074665658,0,47.425325074
"stanford_tidybot",7,"TetraPGA",15,20.936161,1.351721,12.008919072,12.008919072,0.057191553,0,5.748479151
"stanford_tidybot",7,"TetraPGA",16,22.131343,1.195182,11.390964602,11.390964602,0.031086651,0,4.291057672
"stanford_tidybot",7,"TetraPGA",17,23.156478,1.025135,9.02782615,9.02782615,0.006788441,1,3.673110212
"stanford_tidybot",7,"TetraPGA",18,24.173753,1.017275,7.71787249,7.71787249,0.006789912,1,1.309953685
"stanford_tidybot",7,"TetraPGA",19,25.192061,1.018308,7.717872264,7.717872264,0.006791839,1,0.000000227
"stanford_tidybot",7,"Pinocchio",0,0,0,3375.469526221,3375.469526221,2.582664165,0,nan
"stanford_tidybot",7,"Pinocchio",1,1.237658,1.237658,2646.325427298,2646.325427298,2.245185084,0,3367.69528017
"stanford_tidybot",7,"Pinocchio",2,2.299021,1.061363,2153.776595863,2153.776595863,1.955302931,0,2638.613317566
"stanford_tidybot",7,"Pinocchio",3,3.381195,1.082174,1924.774510081,1924.774510081,1.703944619,0,2146.084616406
"stanford_tidybot",7,"Pinocchio",4,4.776312,1.395117,1869.933742029,1869.933742029,1.650533685,0,1917.099110421
"stanford_tidybot",7,"Pinocchio",5,6.157628,1.381316,1819.859260079,1819.859260079,1.598806675,0,1862.258760848
"stanford_tidybot",7,"Pinocchio",6,7.549742,1.392114,1769.154699588,1769.154699588,1.548721756,0,1812.184428286
"stanford_tidybot",7,"Pinocchio",7,8.944018,1.394276,1711.260982422,1711.260982422,1.500242918,0,1761.479736459
"stanford_tidybot",7,"Pinocchio",8,10.351745,1.407727,1640.012476754,1640.012476754,1.45333796,0,1703.585568368
"stanford_tidybot",7,"Pinocchio",9,11.761822,1.410077,1552.137363958,1552.137363958,1.407974418,0,1632.336242754
"stanford_tidybot",7,"Pinocchio",10,13.170531,1.408709,1449.274945748,1449.274945748,1.364114527,0,1544.459910589
"stanford_tidybot",7,"Pinocchio",11,14.444869,1.274338,1377.512235034,1377.512235034,1.280121921,0,1441.595892431
"stanford_tidybot",7,"Pinocchio",12,15.719542,1.274673,962.098407287,962.098407287,1.203314238,0,1369.835358673
"stanford_tidybot",7,"Pinocchio",13,16.889584,1.170042,822.439568213,822.439568213,1.107873816,0,954.414601306
"stanford_tidybot",7,"Pinocchio",14,18.085376,1.195792,781.881739961,781.881739961,0.989106301,0,814.760072089
"stanford_tidybot",7,"Pinocchio",15,19.413539,1.328163,722.585644807,722.585644807,0.929338752,0,774.186278814
"stanford_tidybot",7,"Pinocchio",16,20.73907,1.325531,660.235111573,660.235111573,0.872846969,0,714.886914266
"stanford_tidybot",7,"Pinocchio",17,22.068179,1.329109,598.200659688,598.200659688,0.819541692,0,652.53357444
"stanford_tidybot",7,"Pinocchio",18,23.27007,1.201891,580.887197711,580.887197711,0.720473885,0,590.496645848
"stanford_tidybot",7,"Pinocchio",19,24.519275,1.249205,515.919918072,515.919918072,0.632302182,0,573.178880258
"stanford_tidybot",7,"Pinocchio",20,25.765238,1.245963,430.56975859,430.56975859,0.554416922,0,508.208319691
"stanford_tidybot",7,"Pinocchio",21,27.009925,1.244687,344.159345013,344.159345013,0.485897989,0,422.855530337
"stanford_tidybot",7,"Pinocchio",22,28.119202,1.109277,279.022332508,279.022332508,0.365199552,0,336.442953292
"stanford_tidybot",7,"Pinocchio",23,29.231667,1.112465,159.783368359,159.783368359,0.274274549,0,271.302838877
"stanford_tidybot",7,"Pinocchio",24,30.189209,0.957542,47.581558846,47.581558846,0.136424575,0,152.061753601
"stanford_tidybot",7,"Pinocchio",25,31.147154,0.957945,13.292276352,13.292276352,0.069659123,0,39.857449887
"stanford_tidybot",7,"CasADi",0,0,0,3375.469526221,3375.469526221,2.582664165,0,nan
"stanford_tidybot",7,"CasADi",1,2.788561,2.788561,2646.325427217,2646.325427217,2.245185084,0,3367.69528017
"stanford_tidybot",7,"CasADi",2,5.393968,2.605407,2153.776596021,2153.776596021,1.955302931,0,2638.613317485
"stanford_tidybot",7,"CasADi",3,8.021315,2.627347,1924.774511483,1924.774511483,1.703944619,0,2146.084616564
"stanford_tidybot",7,"CasADi",4,10.94924,2.927925,1869.933743384,1869.933743384,1.650533685,0,1917.099111822
"stanford_tidybot",7,"CasADi",5,13.896602,2.947362,1819.859261213,1819.859261213,1.598806675,0,1862.258762204
"stanford_tidybot",7,"CasADi",6,16.844847,2.948245,1769.154700553,1769.154700553,1.548721756,0,1812.184429422
"stanford_tidybot",7,"CasADi",7,19.817507,2.97266,1711.2609831,1711.2609831,1.500242918,0,1761.479737424
"stanford_tidybot",7,"CasADi",8,22.766596,2.949089,1640.012477235,1640.012477235,1.45333796,0,1703.585569046
"stanford_tidybot",7,"CasADi",9,25.728277,2.961681,1552.137364348,1552.137364348,1.407974418,0,1632.336243235
"stanford_tidybot",7,"CasADi",10,28.68548,2.957203,1449.274946007,1449.274946007,1.364114527,0,1544.459910978
"stanford_tidybot",7,"CasADi",11,31.497402,2.811922,1377.512235103,1377.512235103,1.280121921,0,1441.595892691
"stanford_tidybot",7,"CasADi",12,34.320946,2.823544,962.098407545,962.098407545,1.203314238,0,1369.835358742
"stanford_tidybot",7,"CasADi",13,37.017549,2.696603,822.439568887,822.439568887,1.107873816,0,954.414601564
"stanford_tidybot",7,"CasADi",14,39.747275,2.729726,781.881741765,781.881741765,0.989106301,0,814.760072763
"stanford_tidybot",7,"CasADi",15,42.617688,2.870413,722.585646258,722.585646258,0.929338752,0,774.186280619
"stanford_tidybot",7,"CasADi",16,45.494841,2.877153,660.235112792,660.235112792,0.872846969,0,714.886915717
"stanford_tidybot",7,"CasADi",17,48.36916,2.874319,598.200660749,598.200660749,0.819541692,0,652.533575658
"stanford_tidybot",7,"CasADi",18,51.156888,2.787728,580.887198585,580.887198585,0.720473885,0,590.496646909
"stanford_tidybot",7,"CasADi",19,53.948409,2.791521,515.919918726,515.919918726,0.632302182,0,573.178881132
"stanford_tidybot",7,"CasADi",20,56.7512,2.802791,430.569759072,430.569759072,0.554416922,0,508.208320345
"stanford_tidybot",7,"CasADi",21,59.540889,2.789689,344.159345401,344.159345401,0.485897989,0,422.855530819
"stanford_tidybot",7,"CasADi",22,62.179695,2.638806,279.022332748,279.022332748,0.365199552,0,336.44295368
"stanford_tidybot",7,"CasADi",23,64.808965,2.62927,159.783368502,159.783368502,0.274274549,0,271.302839118
"stanford_tidybot",7,"CasADi",24,67.326222,2.517257,47.581559138,47.581559138,0.136424575,0,152.061753743
"stanford_tidybot",7,"CasADi",25,69.825526,2.499304,13.292276311,13.292276311,0.069659123,0,39.85745018
"stanford_tidybot",8,"TetraPGA",0,0,0,2200.209900798,2200.209900798,2.096669687,0,nan
"stanford_tidybot",8,"TetraPGA",1,1.483018,1.483018,2073.365466745,2073.365466745,1.446055891,0,2194.421986778
"stanford_tidybot",8,"TetraPGA",2,3.110191,1.627173,1950.572939704,1950.572939704,1.350846071,0,2067.5495993
"stanford_tidybot",8,"TetraPGA",3,4.761269,1.651078,1787.929974498,1787.929974498,1.262481273,0,1944.749082534
"stanford_tidybot",8,"TetraPGA",4,6.242365,1.481096,1639.061659784,1639.061659784,1.090944387,0,1782.098448495
"stanford_tidybot",8,"TetraPGA",5,7.745508,1.503143,1324.50945024,1324.50945024,0.947877674,0,1633.218839551
"stanford_tidybot",8,"TetraPGA",6,9.100452,1.354944,1198.994271108,1198.994271108,0.702358844,0,1318.657291142
"stanford_tidybot",8,"TetraPGA",7,10.456164,1.355712,914.299842697,914.299842697,0.529095263,0,1193.133928474
"stanford_tidybot",8,"TetraPGA",8,11.648393,1.192229,717.857874009,717.857874009,0.277818634,0,908.437513537
"stanford_tidybot",8,"TetraPGA",9,12.690004,1.041611,253.234036122,253.234036122,0.023648338,0,711.996886603
"stanford_tidybot",8,"TetraPGA",10,13.722848,1.032844,6.027290482,6.027290482,0.007461893,1,247.37421542
"stanford_tidybot",8,"TetraPGA",11,14.753724,1.030876,5.864476185,5.864476185,0.006554762,1,0.167393128
"stanford_tidybot",8,"TetraPGA",12,15.770132,1.016408,5.859897715,5.859897715,0.006540409,1,0.004578505
"stanford_tidybot",8,"TetraPGA",13,16.786633,1.016501,5.8598977,5.8598977,0.006540321,1,0.000000015
"stanford_tidybot",8,"Pinocchio",0,0,0,2228.790733506,2228.790733506,2.096669687,0,nan
"stanford_tidybot",8,"Pinocchio",1,1.513141,1.513141,1961.628832208,1961.628832208,1.944391694,0,2223.035006007
"stanford_tidybot",8,"Pinocchio",2,2.848258,1.335117,1741.962075276,1741.962075276,1.803548636,0,1955.860163439
"stanford_tidybot",8,"Pinocchio",3,4.198724,1.350466,1526.044566621,1526.044566621,1.674094459,0,1736.181126736
"stanford_tidybot",8,"Pinocchio",4,5.539069,1.340345,1314.737950756,1314.737950756,1.556040254,0,1520.251476595
"stanford_tidybot",8,"Pinocchio",5,6.878072,1.339003,1119.698906953,1119.698906953,1.448949975,0,1308.932848934
"stanford_tidybot",8,"Pinocchio",6,8.08883,1.210758,842.653878406,842.653878406,1.224992684,0,1113.882378116
"stanford_tidybot",8,"Pinocchio",7,9.311465,1.222635,651.247049739,651.247049739,1.067058205,0,836.827217392
"stanford_tidybot",8,"Pinocchio",8,10.413735,1.10227,358.486874044,358.486874044,0.798232256,0,645.401222258
"stanford_tidybot",8,"Pinocchio",9,11.538317,1.124582,315.144862313,315.144862313,0.601091053,0,352.617712965
"stanford_tidybot",8,"Pinocchio",10,12.78472,1.246403,296.946020409,296.946020409,0.526774578,0,309.267760031
"stanford_tidybot",8,"Pinocchio",11,14.025716,1.240996,275.755234589,275.755234589,0.461713496,0,291.0662455
"stanford_tidybot",8,"Pinocchio",12,15.276545,1.250829,250.39437489,250.39437489,0.404749133,0,269.873519823
"stanford_tidybot",8,"Pinocchio",13,16.52289,1.246345,222.152313653,222.152313653,0.354873322,0,244.511275881
"stanford_tidybot",8,"Pinocchio",14,17.777415,1.254525,193.006366747,193.006366747,0.31120554,0,216.268240114
"stanford_tidybot",8,"Pinocchio",15,18.883036,1.105621,171.712721958,171.712721958,0.234908236,0,187.121614922
"stanford_tidybot",8,"Pinocchio",16,19.984298,1.101262,131.056517343,131.056517343,0.17754879,0,165.827147003
"stanford_tidybot",8,"Pinocchio",17,20.943595,0.959297,89.885139214,89.885139214,0.091582536,0,125.170573619
"stanford_tidybot",8,"Pinocchio",18,21.756787,0.813192,20.400394638,20.400394638,0.006732161,1,83.998968387
"stanford_tidybot",8,"Pinocchio",19,22.560143,0.803356,5.886213663,5.886213663,0.006547669,1,14.514248674
"stanford_tidybot",8,"Pinocchio",20,23.362722,0.802579,5.886144968,5.886144968,0.006549244,1,0.000068694
"stanford_tidybot",8,"CasADi",0,0,0,2228.790733506,2228.790733506,2.096669687,0,nan
"stanford_tidybot",8,"CasADi",1,3.089186,3.089186,1961.628832272,1961.628832272,1.944391694,0,2223.035006007
"stanford_tidybot",8,"CasADi",2,6.259067,3.169881,1741.962075282,1741.962075282,1.803548636,0,1955.860163502
"stanford_tidybot",8,"CasADi",3,9.181221,2.922154,1526.04456659,1526.04456659,1.674094459,0,1736.181126742
"stanford_tidybot",8,"CasADi",4,12.088623,2.907402,1314.73795079,1314.73795079,1.556040254,0,1520.251476563
"stanford_tidybot",8,"CasADi",5,14.979258,2.890635,1119.698906936,1119.698906936,1.448949975,0,1308.932848968
"stanford_tidybot",8,"CasADi",6,17.73788,2.758622,842.653878412,842.653878412,1.224992684,0,1113.882378098
"stanford_tidybot",8,"CasADi",7,20.531098,2.793218,651.247049533,651.247049533,1.067058205,0,836.827217397
"stanford_tidybot",8,"CasADi",8,23.183485,2.652387,358.486874178,358.486874178,0.798232256,0,645.401222051
"stanford_tidybot",8,"CasADi",9,25.82418,2.640695,315.144864184,315.144864184,0.601091053,0,352.617713099
"stanford_tidybot",8,"CasADi",10,28.646902,2.822722,296.946021915,296.946021915,0.526774578,0,309.267761902
"stanford_tidybot",8,"CasADi",11,31.441143,2.794241,275.755235277,275.755235277,0.461713496,0,291.066247006
"stanford_tidybot",8,"CasADi",12,34.232593,2.79145,250.394373281,250.394373281,0.404749133,0,269.873520511
"stanford_tidybot",8,"CasADi",13,37.073182,2.840589,222.152312502,222.152312502,0.354873322,0,244.511274273
"stanford_tidybot",8,"CasADi",14,39.945213,2.872031,193.0063657,193.0063657,0.31120554,0,216.268238962
"stanford_tidybot",8,"CasADi",15,42.612112,2.666899,171.712722927,171.712722927,0.234908236,0,187.121613875
"stanford_tidybot",8,"CasADi",16,45.290255,2.678143,131.056519197,131.056519197,0.17754879,0,165.827147972
"stanford_tidybot",8,"CasADi",17,47.782728,2.492473,89.885141451,89.885141451,0.091582536,0,125.170575473
"stanford_tidybot",8,"CasADi",18,50.132357,2.349629,20.400394227,20.400394227,0.006732161,1,83.998970624
"stanford_tidybot",8,"CasADi",19,52.469364,2.337007,5.886213663,5.886213663,0.006547669,1,14.514248263
"stanford_tidybot",8,"CasADi",20,54.842163,2.372799,5.886144968,5.886144968,0.006549244,1,0.000068694
"stanford_tidybot",9,"TetraPGA",0,0,0,2298.492541384,2298.492541384,2.142986862,0,nan
"stanford_tidybot",9,"TetraPGA",1,1.455123,1.455123,1385.940146785,1385.940146785,1.61843014,0,2294.651411142
"stanford_tidybot",9,"TetraPGA",2,2.883393,1.42827,1192.108091217,1192.108091217,1.419055562,0,1382.091918548
"stanford_tidybot",9,"TetraPGA",3,4.305047,1.421654,810.804312827,810.804312827,1.243367778,0,1188.259388794
"stanford_tidybot",9,"TetraPGA",4,5.898468,1.593421,742.439171264,742.439171264,1.167190001,0,806.947497542
"stanford_tidybot",9,"TetraPGA",5,7.338779,1.440311,708.211545379,708.211545379,1.025667097,0,738.584417668
"stanford_tidybot",9,"TetraPGA",6,8.634066,1.295287,618.967889789,618.967889789,0.775526157,0,704.358126325
"stanford_tidybot",9,"TetraPGA",7,9.952561,1.318495,551.009398468,551.009398468,0.586414399,0,615.112987099
"stanford_tidybot",9,"TetraPGA",8,11.145004,1.192443,508.464927156,508.464927156,0.30294022,0,547.153603455
"stanford_tidybot",9,"TetraPGA",9,12.168625,1.023621,111.140216463,111.140216463,0.033261665,0,504.606814831
"stanford_tidybot",9,"TetraPGA",10,13.18027,1.011645,4.02275052,4.02275052,0.002768986,1,107.279579011
"stanford_tidybot",9,"TetraPGA",11,14.216757,1.036487,3.860698084,3.860698084,0.002972434,1,0.162053151
"stanford_tidybot",9,"TetraPGA",12,15.269935,1.053178,3.860697379,3.860697379,0.002966056,1,0.000000705
"stanford_tidybot",9,"Pinocchio",0,0,0,2330.508556394,2330.508556394,2.142986862,0,nan
"stanford_tidybot",9,"Pinocchio",1,1.198414,1.198414,1519.31205054,1519.31205054,1.601779182,0,2326.648475662
"stanford_tidybot",9,"Pinocchio",2,2.35929,1.160876,1155.823557616,1155.823557616,1.402818843,0,1515.449967795
"stanford_tidybot",9,"Pinocchio",3,3.662859,1.303569,1090.053271135,1090.053271135,1.315689843,0,1151.957648189
"stanford_tidybot",9,"Pinocchio",4,4.984544,1.321685,1010.244613319,1010.244613319,1.234030539,0,1086.18757647
"stanford_tidybot",9,"Pinocchio",5,6.150546,1.166002,896.83169785,896.83169785,1.082314535,0,1006.378674087
"stanford_tidybot",9,"Pinocchio",6,7.178509,1.027963,804.874783503,804.874783503,0.823497245,0,892.965397098
"stanford_tidybot",9,"Pinocchio",7,8.237804,1.059295,603.05294852,603.05294852,0.62861513,0,801.007241285
"stanford_tidybot",9,"Pinocchio",8,9.196283,0.958479,290.813799114,290.813799114,0.337863666,0,599.184938604
"stanford_tidybot",9,"Pinocchio",9,10.012372,0.816089,10.438641124,10.438641124,0.042728011,0,286.944518274
"stanford_tidybot",9,"Pinocchio",10,10.826497,0.814125,3.91458272,3.91458272,0.002691223,1,6.56837906
"stanford_tidybot",9,"Pinocchio",11,11.628357,0.80186,3.870270769,3.870270769,0.002971002,1,0.044312113
"stanford_tidybot",9,"Pinocchio",12,12.426258,0.797901,3.870270578,3.870270578,0.002971111,1,0.000000191
"stanford_tidybot",9,"CasADi",0,0,0,2330.508556394,2330.508556394,2.142986862,0,nan
"stanford_tidybot",9,"CasADi",1,2.778084,2.778084,1519.312155329,1519.312155329,1.601779182,0,2326.648475662
"stanford_tidybot",9,"CasADi",2,5.469144,2.69106,1155.823407508,1155.823407508,1.402818843,0,1515.450072585
"stanford_tidybot",9,"CasADi",3,8.324896,2.855752,1090.053215264,1090.053215264,1.315689843,0,1151.957498078
"stanford_tidybot",9,"CasADi",4,11.169814,2.844918,1010.244596549,1010.244596549,1.234030539,0,1086.187520598
"stanford_tidybot",9,"CasADi",5,13.870005,2.700191,896.831724015,896.831724015,1.082314535,0,1006.378657316
"stanford_tidybot",9,"CasADi",6,16.443818,2.573813,804.87451493,804.87451493,0.823497243,0,892.965423264
"stanford_tidybot",9,"CasADi",7,19.144797,2.700979,603.052934156,603.052934156,0.628615131,0,801.006972708
"stanford_tidybot",9,"CasADi",8,21.664971,2.520174,290.813736404,290.813736404,0.337863664,0,599.184924241
"stanford_tidybot",9,"CasADi",9,24.027501,2.36253,10.438642982,10.438642982,0.042728012,0,286.944455564
"stanford_tidybot",9,"CasADi",10,26.356619,2.329118,3.914582637,3.914582637,0.002691223,1,6.568380919
"stanford_tidybot",9,"CasADi",11,28.679744,2.323125,3.870270769,3.870270769,0.002971002,1,0.04431203
"stanford_tidybot",9,"CasADi",12,31.026973,2.347229,3.870270578,3.870270578,0.002971111,1,0.000000191
"stanford_tidybot",10,"TetraPGA",0,0,0,2636.416103811,2636.416103811,2.295117566,0,nan
"stanford_tidybot",10,"TetraPGA",1,1.746375,1.746375,2379.084342463,2379.084342463,2.152863633,0,2628.392847673
"stanford_tidybot",10,"TetraPGA",2,3.181638,1.435263,2178.353023388,2178.353023388,1.885154457,0,2371.095685859
"stanford_tidybot",10,"TetraPGA",3,4.474925,1.293287,2047.576019344,2047.576019344,1.418402461,0,2170.41927764
"stanford_tidybot",10,"TetraPGA",4,5.632219,1.157294,1104.304087009,1104.304087009,0.683225644,0,2039.708334222
"stanford_tidybot",10,"TetraPGA",5,7.136506,1.504287,558.43298999,558.43298999,0.597760905,0,1096.480263123
"stanford_tidybot",10,"TetraPGA",6,8.487398,1.350892,506.123508731,506.123508731,0.448452276,0,550.623537674
"stanford_tidybot",10,"TetraPGA",7,9.839254,1.351856,217.288758279,217.288758279,0.339748225,0,498.330517721
"stanford_tidybot",10,"TetraPGA",8,11.026971,1.187717,76.110696035,76.110696035,0.182947485,0,209.495521122
"stanford_tidybot",10,"TetraPGA",9,12.374282,1.347311,53.700893062,53.700893062,0.14163612,0,68.322369646
"stanford_tidybot",10,"TetraPGA",10,13.556792,1.18251,16.747430571,16.747430571,0.083395184,0,45.912760672
"stanford_tidybot",10,"TetraPGA",11,14.742915,1.186123,9.721679226,9.721679226,0.046161887,0,8.959503034
"stanford_tidybot",10,"TetraPGA",12,15.940839,1.197924,8.642303056,8.642303056,0.026146531,0,1.933820474
"stanford_tidybot",10,"TetraPGA",13,16.967791,1.026952,7.8984624,7.8984624,0.007934596,1,0.854455676
"stanford_tidybot",10,"TetraPGA",14,17.98367,1.015879,7.787845263,7.787845263,0.007926557,1,0.110617273
"stanford_tidybot",10,"TetraPGA",15,19.036737,1.053067,7.787845062,7.787845062,0.007926679,1,0.000000201
"stanford_tidybot",10,"Pinocchio",0,0,0,2639.572637175,2639.572637175,2.295117566,0,nan
"stanford_tidybot",10,"Pinocchio",1,1.489473,1.489473,2436.051835798,2436.051835798,2.149292663,0,2631.72956937
"stanford_tidybot",10,"Pinocchio",2,2.810788,1.321315,2187.150395918,2187.150395918,2.014405915,0,2428.246551927
"stanford_tidybot",10,"Pinocchio",3,3.977362,1.166574,1720.840026191,1720.840026191,1.750723438,0,2179.360974589
"stanford_tidybot",10,"Pinocchio",4,5.017816,1.040454,980.473323544,980.473323544,1.260293825,0,1713.074001568
"stanford_tidybot",10,"Pinocchio",5,6.077853,1.060037,561.789457668,561.789457668,0.921664564,0,972.714949861
"stanford_tidybot",10,"Pinocchio",6,7.148353,1.0705,424.046819413,424.046819413,0.680446474,0,554.008963229
"stanford_tidybot",10,"Pinocchio",7,8.093515,0.945162,154.599453166,154.599453166,0.324649568,0,416.257088588
"stanford_tidybot",10,"Pinocchio",8,9.04996,0.956445,111.290505577,111.290505577,0.1952081,0,146.797041106
"stanford_tidybot",10,"Pinocchio",9,10.009882,0.959922,62.148668778,62.148668778,0.129705074,0,103.487438747
"stanford_tidybot",10,"Pinocchio",10,11.124511,1.114629,54.322620165,54.322620165,0.09892036,0,54.344630412
"stanford_tidybot",10,"Pinocchio",11,12.221448,1.096937,43.401316503,43.401316503,0.075463062,0,46.518518063
"stanford_tidybot",10,"Pinocchio",12,13.180779,0.959331,34.693535388,34.693535388,0.040409333,0,35.597172359
"stanford_tidybot",10,"Pinocchio",13,13.994281,0.813502,14.489620218,14.489620218,0.007902878,1,26.889349951
"stanford_tidybot",10,"Pinocchio",14,14.798264,0.803983,7.804228598,7.804228598,0.00792465,1,6.685395479
"stanford_tidybot",10,"Pinocchio",15,15.602938,0.804674,7.804225393,7.804225393,0.007925388,1,0.000003205
"stanford_tidybot",10,"CasADi",0,0,0,2639.572637175,2639.572637175,2.295117566,0,nan
"stanford_tidybot",10,"CasADi",1,3.028536,3.028536,2436.051835347,2436.051835347,2.149292663,0,2631.72956937
"stanford_tidybot",10,"CasADi",2,5.87468,2.846144,2187.150395563,2187.150395563,2.014405915,0,2428.246551476
"stanford_tidybot",10,"CasADi",3,8.588032,2.713352,1720.840026132,1720.840026132,1.750723438,0,2179.360974235
"stanford_tidybot",10,"CasADi",4,11.159653,2.571621,980.473324481,980.473324481,1.260293825,0,1713.074001509
"stanford_tidybot",10,"CasADi",5,13.759759,2.600106,561.789458647,561.789458647,0.921664564,0,972.714950797
"stanford_tidybot",10,"CasADi",6,16.449061,2.689302,424.046817963,424.046817963,0.680446474,0,554.008964208
"stanford_tidybot",10,"CasADi",7,18.996591,2.54753,154.186484873,154.186484873,0.32464482,0,416.257087138
"stanford_tidybot",10,"CasADi",8,21.500424,2.503833,109.837678058,109.837678058,0.195250141,0,146.384076301
"stanford_tidybot",10,"CasADi",9,23.982544,2.48212,62.25295139,62.25295139,0.129698491,0,102.034607351
"stanford_tidybot",10,"CasADi",10,26.615389,2.632845,54.378470568,54.378470568,0.098916722,0,54.44891381
"stanford_tidybot",10,"CasADi",11,29.267858,2.652469,43.430406966,43.430406966,0.075460933,0,46.574368874
"stanford_tidybot",10,"CasADi",12,31.743466,2.475608,34.692049671,34.692049671,0.040409295,0,35.626263038
"stanford_tidybot",10,"CasADi",13,34.097303,2.353837,14.483025874,14.483025874,0.007902838,1,26.887864271
"stanford_tidybot",10,"CasADi",14,36.421898,2.324595,7.804228602,7.804228602,0.00792465,1,6.678801134
"stanford_tidybot",10,"CasADi",15,38.754092,2.332194,7.804225393,7.804225393,0.007925388,1,0.000003208
"stanford_tidybot",11,"TetraPGA",0,0,0,1803.306041705,1803.306041705,1.898159391,0,nan
"stanford_tidybot",11,"TetraPGA",1,1.343223,1.343223,712.790967799,712.790967799,0.968416028,0,1800.009009998
"stanford_tidybot",11,"TetraPGA",2,2.682172,1.338949,580.426226487,580.426226487,0.725560134,0,709.475402359
"stanford_tidybot",11,"TetraPGA",3,4.039997,1.357825,188.844570999,188.844570999,0.525309724,0,577.103197537
"stanford_tidybot",11,"TetraPGA",4,5.385315,1.345318,108.445682326,108.445682326,0.388229229,0,185.520424569
"stanford_tidybot",11,"TetraPGA",5,6.568635,1.18332,85.178772911,85.178772911,0.18265708,0,105.119779189
"stanford_tidybot",11,"TetraPGA",6,7.589459,1.020824,24.984857431,24.984857431,0.02224828,0,81.851335108
"stanford_tidybot",11,"TetraPGA",7,8.605607,1.016148,3.421700595,3.421700595,0.003221789,1,21.656718104
"stanford_tidybot",11,"TetraPGA",8,9.656005,1.050398,3.328140175,3.328140175,0.003425596,1,0.093561014
"stanford_tidybot",11,"TetraPGA",9,10.706719,1.050714,3.328139601,3.328139601,0.00342628,1,0.000000574
"stanford_tidybot",11,"Pinocchio",0,0,0,1843.43439933,1843.43439933,1.898159391,0,nan
"stanford_tidybot",11,"Pinocchio",1,1.347317,1.347317,1423.996101341,1423.996101341,1.665354389,0,1840.086532193
"stanford_tidybot",11,"Pinocchio",2,2.518119,1.170802,1099.396711398,1099.396711398,1.459191376,0,1420.643505519
"stanford_tidybot",11,"Pinocchio",3,3.563829,1.04571,688.43916153,688.43916153,1.10110494,0,1096.04465961
"stanford_tidybot",11,"Pinocchio",4,4.498607,0.934778,460.820198673,460.820198673,0.512207887,0,685.09189608
"stanford_tidybot",11,"Pinocchio",5,5.599987,1.10138,299.997036533,299.997036533,0.375149464,0,457.483088959
"stanford_tidybot",11,"Pinocchio",6,6.559163,0.959176,230.146197116,230.146197116,0.176179254,0,296.662299662
"stanford_tidybot",11,"Pinocchio",7,7.374084,0.814921,144.159142822,144.159142822,0.016142228,0,226.813438011
"stanford_tidybot",11,"Pinocchio",8,8.189257,0.815173,3.342305651,3.342305651,0.003105182,1,140.826573305
"stanford_tidybot",11,"Pinocchio",9,8.994256,0.804999,3.332586229,3.332586229,0.003426431,1,0.009735887
"stanford_tidybot",11,"Pinocchio",10,9.802762,0.808506,3.332569797,3.332569797,0.003423588,1,0.000016431
"stanford_tidybot",11,"CasADi",0,0,0,1843.43439933,1843.43439933,1.898159391,0,nan
"stanford_tidybot",11,"CasADi",1,2.848425,2.848425,1423.996101333,1423.996101333,1.665354389,0,1840.086532193
"stanford_tidybot",11,"CasADi",2,5.5933,2.744875,1099.396711405,1099.396711405,1.459191376,0,1420.643505512
"stanford_tidybot",11,"CasADi",3,8.181548,2.588248,688.439161655,688.439161655,1.10110494,0,1096.044659617
"stanford_tidybot",11,"CasADi",4,10.666993,2.485445,460.82020174,460.82020174,0.512207887,0,685.091896205
"stanford_tidybot",11,"CasADi",5,13.298957,2.631964,299.997037909,299.997037909,0.375149464,0,457.483092026
"stanford_tidybot",11,"CasADi",6,15.792943,2.493986,230.146197584,230.146197584,0.176179254,0,296.662301038
"stanford_tidybot",11,"CasADi",7,18.131806,2.338863,144.159143868,144.159143868,0.016142228,0,226.81343848
"stanford_tidybot",11,"CasADi",8,20.579589,2.447783,3.342305651,3.342305651,0.003105182,1,140.826574351
"stanford_tidybot",11,"CasADi",9,22.9412,2.361611,3.332586229,3.332586229,0.003426431,1,0.009735887
"stanford_tidybot",11,"CasADi",10,25.26979,2.32859,3.332569797,3.332569797,0.003423588,1,0.000016431
"stanford_tidybot",12,"TetraPGA",0,0,0,1752.759892058,1752.759892058,1.871367886,0,nan
"stanford_tidybot",12,"TetraPGA",1,1.468023,1.468023,989.719465496,989.719465496,1.390701378,0,1749.199862234
"stanford_tidybot",12,"TetraPGA",2,2.74899,1.280967,670.720422875,670.720422875,1.045221768,0,986.159414719
"stanford_tidybot",12,"TetraPGA",3,4.372662,1.623672,490.741640483,490.741640483,0.976922304,0,667.150958785
"stanford_tidybot",12,"TetraPGA",4,5.995467,1.622805,424.167840892,424.167840892,0.913069939,0,487.173876613
"stanford_tidybot",12,"TetraPGA",5,7.640428,1.644961,386.325993794,386.325993794,0.853262655,0,420.600661037
"stanford_tidybot",12,"TetraPGA",6,9.274622,1.634194,353.89319681,353.89319681,0.797228396,0,382.758680521
"stanford_tidybot",12,"TetraPGA",7,10.761304,1.486682,334.718631792,334.718631792,0.685955686,0,350.325366859
"stanford_tidybot",12,"TetraPGA",8,12.245706,1.484402,282.253701338,282.253701338,0.591239698,0,331.150009789
"stanford_tidybot",12,"TetraPGA",9,13.74741,1.501704,242.242205314,242.242205314,0.510245475,0,278.683413963
"stanford_tidybot",12,"TetraPGA",10,15.269576,1.522166,212.628905152,212.628905152,0.441060556,0,238.670529709
"stanford_tidybot",12,"TetraPGA",11,16.782886,1.51331,189.633945297,189.633945297,0.381894282,0,209.056102529
"stanford_tidybot",12,"TetraPGA",12,18.29874,1.515854,170.532764795,170.532764795,0.33119531,0,186.06022307
"stanford_tidybot",12,"TetraPGA",13,19.806401,1.507661,153.619320326,153.619320326,0.287656201,0,166.958288467
"stanford_tidybot",12,"TetraPGA",14,21.321308,1.514907,137.935273064,137.935273064,0.250184018,0,150.044224281
"stanford_tidybot",12,"TetraPGA",15,22.840632,1.519324,123.031235818,123.031235818,0.217866745,0,134.359667765
"stanford_tidybot",12,"TetraPGA",16,24.348647,1.508015,108.781436553,108.781436553,0.189942653,0,119.455212695
"stanford_tidybot",12,"TetraPGA",17,25.697744,1.349097,102.21227859,102.21227859,0.139976029,0,105.205071537
"stanford_tidybot",12,"TetraPGA",18,27.074108,1.376364,85.184084666,85.184084666,0.104135244,0,98.635438456
"stanford_tidybot",12,"TetraPGA",19,28.28871,1.214602,76.305226356,76.305226356,0.050699098,0,81.606912786
"stanford_tidybot",12,"TetraPGA",20,29.326003,1.037293,37.123608669,37.123608669,0.008083795,1,72.72769435
"stanford_tidybot",12,"TetraPGA",21,30.341247,1.015244,3.578178434,3.578178434,0.004093144,1,33.545849072
"stanford_tidybot",12,"TetraPGA",22,31.356454,1.015207,3.57775824,3.57775824,0.004106412,1,0.000420195
"stanford_tidybot",12,"TetraPGA",23,32.374655,1.018201,3.577758239,3.577758239,0.004106429,1,0.000000001
"stanford_tidybot",12,"Pinocchio",0,0,0,1768.610765754,1768.610765754,1.871367886,0,nan
"stanford_tidybot",12,"Pinocchio",1,1.298796,1.298796,1392.031225882,1392.031225882,1.645463744,0,1765.062552173
"stanford_tidybot",12,"Pinocchio",2,2.292249,0.993453,1161.809074145,1161.809074145,1.2942297,0,1388.482511479
"stanford_tidybot",12,"Pinocchio",3,3.455403,1.163154,767.181409636,767.181409636,1.124999895,0,1158.240496306
"stanford_tidybot",12,"Pinocchio",4,4.773585,1.318182,651.173281614,651.173281614,1.050052241,0,763.609929929
"stanford_tidybot",12,"Pinocchio",5,6.091925,1.31834,566.203313243,566.203313243,0.979234483,0,647.60241254
"stanford_tidybot",12,"Pinocchio",6,7.276786,1.184861,454.173985432,454.173985432,0.820788858,0,562.63194219
"stanford_tidybot",12,"Pinocchio",7,8.475628,1.198842,373.599744982,373.599744982,0.69601389,0,450.602731099
"stanford_tidybot",12,"Pinocchio",8,9.823583,1.347955,339.289467886,339.289467886,0.649432048,0,370.022082968
"stanford_tidybot",12,"Pinocchio",9,11.171355,1.347772,303.82722043,303.82722043,0.606230202,0,335.711480944
"stanford_tidybot",12,"Pinocchio",10,12.531195,1.35984,268.977479958,268.977479958,0.566145135,0,300.249022137
"stanford_tidybot",12,"Pinocchio",11,13.748384,1.217189,253.675519023,253.675519023,0.485644046,0,265.399131687
"stanford_tidybot",12,"Pinocchio",12,14.985614,1.23723,213.309705679,213.309705679,0.419037046,0,250.096718588
"stanford_tidybot",12,"Pinocchio",13,15.938488,0.952874,196.601555642,196.601555642,0.420767825,0,209.73076806
"stanford_tidybot",12,"Pinocchio",14,16.892207,0.953719,78.406652212,78.406652212,0.210833351,0,193.024372365
"stanford_tidybot",12,"Pinocchio",15,17.710768,0.818561,59.105116372,59.105116372,0.01235363,0,74.827509962
"stanford_tidybot",12,"Pinocchio",16,18.51378,0.803012,23.46985529,23.46985529,0.006400345,1,55.524219389
"stanford_tidybot",12,"Pinocchio",17,19.320027,0.806247,3.581219041,3.581219041,0.004054724,1,19.889024697
"stanford_tidybot",12,"Pinocchio",18,20.127717,0.80769,3.580831867,3.580831867,0.004106561,1,0.000387176
"stanford_tidybot",12,"Pinocchio",19,20.934234,0.806517,3.580831865,3.580831865,0.004106679,1,0.000000003
"stanford_tidybot",12,"CasADi",0,0,0,1768.610765754,1768.610765754,1.871367886,0,nan
"stanford_tidybot",12,"CasADi",1,2.839601,2.839601,1392.031225902,1392.031225902,1.645463744,0,1765.062552173
"stanford_tidybot",12,"CasADi",2,5.443476,2.603875,1161.848794714,1161.848794714,1.29423014,0,1388.482511499
"stanford_tidybot",12,"CasADi",3,8.168034,2.724558,767.165931644,767.165931644,1.124999164,0,1158.280216325
"stanford_tidybot",12,"CasADi",4,11.04029,2.872256,651.180772561,651.180772561,1.050051863,0,763.594452887
"stanford_tidybot",12,"CasADi",5,13.912788,2.872498,566.211577468,566.211577468,0.979234317,0,647.609904056
"stanford_tidybot",12,"CasADi",6,16.626517,2.713729,454.162352861,454.162352861,0.820789334,0,562.64020677
"stanford_tidybot",12,"CasADi",7,19.371456,2.744939,373.59932099,373.59932099,0.696013927,0,450.591098309
"stanford_tidybot",12,"CasADi",8,22.248093,2.876637,339.289312285,339.289312285,0.64943209,0,370.021659054
"stanford_tidybot",12,"CasADi",9,25.138912,2.890819,303.827223876,303.827223876,0.606230246,0,335.71132541
"stanford_tidybot",12,"CasADi",10,28.049939,2.911027,268.977562753,268.977562753,0.566145178,0,300.249025643
"stanford_tidybot",12,"CasADi",11,30.800623,2.750684,253.675672518,253.675672518,0.48564409,0,265.399214534
"stanford_tidybot",12,"CasADi",12,33.57429,2.773667,213.309660425,213.309660425,0.419037083,0,250.096872122
"stanford_tidybot",12,"CasADi",13,36.080491,2.506201,196.598481587,196.598481587,0.420767721,0,209.730722838
"stanford_tidybot",12,"CasADi",14,38.61613,2.535639,78.406808676,78.406808676,0.210833377,0,193.021298315
"stanford_tidybot",12,"CasADi",15,40.976667,2.360537,59.106500092,59.106500092,0.012353562,0,74.827666433
"stanford_tidybot",12,"CasADi",16,43.318138,2.341471,23.470002818,23.470002818,0.006400356,1,55.525603108
"stanford_tidybot",12,"CasADi",17,45.662731,2.344593,3.581219046,3.581219046,0.004054724,1,19.889172225
"stanford_tidybot",12,"CasADi",18,47.990007,2.327276,3.580831867,3.580831867,0.004106561,1,0.000387181
"stanford_tidybot",12,"CasADi",19,50.333574,2.343567,3.580831865,3.580831865,0.004106679,1,0.000000003
"stanford_tidybot",13,"TetraPGA",0,0,0,1232.165927008,1232.165927008,1.56903473,0,nan
"stanford_tidybot",13,"TetraPGA",1,1.502117,1.502117,712.955715337,712.955715337,1.17616951,0,1228.326556646
"stanford_tidybot",13,"TetraPGA",2,2.824441,1.322324,594.70182949,594.70182949,0.879513519,0,709.091425556
"stanford_tidybot",13,"TetraPGA",3,4.317938,1.493497,516.172707542,516.172707542,0.769696769,0,590.829694842
"stanford_tidybot",13,"TetraPGA",4,5.826345,1.508407,428.702676613,428.702676613,0.673645978,0,512.299627552
"stanford_tidybot",13,"TetraPGA",5,7.352542,1.526197,347.575556012,347.575556012,0.589690049,0,424.82947425
"stanford_tidybot",13,"TetraPGA",6,8.857108,1.504566,274.543404544,274.543404544,0.516283238,0,343.70272776
"stanford_tidybot",13,"TetraPGA",7,10.204289,1.347181,237.644266648,237.644266648,0.388342009,0,270.671197489
"stanford_tidybot",13,"TetraPGA",8,11.55286,1.348571,137.753953262,137.753953262,0.292089307,0,233.773384985
"stanford_tidybot",13,"TetraPGA",9,12.737126,1.184266,49.048484259,49.048484259,0.148305714,0,133.884324967
"stanford_tidybot",13,"TetraPGA",10,13.925783,1.188657,10.532793118,10.532793118,0.076014515,0,45.180442818
"stanford_tidybot",13,"TetraPGA",11,15.295835,1.370052,8.956748403,8.956748403,0.05809817,0,6.665297035
"stanford_tidybot",13,"TetraPGA",12,16.489092,1.193257,8.32245907,8.32245907,0.031342992,0,5.089304557
"stanford_tidybot",13,"TetraPGA",13,17.512709,1.023617,5.643969558,5.643969558,0.00599218,1,4.455062463
"stanford_tidybot",13,"TetraPGA",14,18.527562,1.014853,3.867392016,3.867392016,0.005764078,1,1.776578824
"stanford_tidybot",13,"TetraPGA",15,19.552636,1.025074,3.86739096,3.86739096,0.005764173,1,0.000001057
"stanford_tidybot",13,"Pinocchio",0,0,0,1261.113294609,1261.113294609,1.56903473,0,nan
"stanford_tidybot",13,"Pinocchio",1,1.344327,1.344327,995.516851434,995.516851434,1.362548768,0,1257.18912278
"stanford_tidybot",13,"Pinocchio",2,2.480543,1.136216,828.745232003,828.745232003,1.183352053,0,991.585015016
"stanford_tidybot",13,"Pinocchio",3,3.761879,1.281336,764.992708863,764.992708863,1.110073223,0,824.807892654
"stanford_tidybot",13,"Pinocchio",4,5.047724,1.285845,736.199093489,736.199093489,1.041255561,0,761.060793463
"stanford_tidybot",13,"Pinocchio",5,6.35098,1.303256,713.346021506,713.346021506,0.976648853,0,732.272118231
"stanford_tidybot",13,"Pinocchio",6,7.663511,1.312531,682.600465558,682.600465558,0.916013991,0,709.423629971
"stanford_tidybot",13,"Pinocchio",7,8.965547,1.302036,640.029370379,640.029370379,0.859120863,0,678.682364976
"stanford_tidybot",13,"Pinocchio",8,10.28961,1.324063,587.266964573,587.266964573,0.80574845,0,636.115292562
"stanford_tidybot",13,"Pinocchio",9,11.615623,1.326013,528.293146628,528.293146628,0.755685638,0,583.356644554
"stanford_tidybot",13,"Pinocchio",10,12.807079,1.191456,486.525290733,486.525290733,0.662115247,0,524.386313491
"stanford_tidybot",13,"Pinocchio",11,14.017259,1.21018,388.055113031,388.055113031,0.580178044,0,482.623602894
"stanford_tidybot",13,"Pinocchio",12,15.26368,1.246421,279.118480782,279.118480782,0.5083023,0,384.158357734
"stanford_tidybot",13,"Pinocchio",13,16.352635,1.088955,180.06593504,180.06593504,0.383892165,0,275.225930462
"stanford_tidybot",13,"Pinocchio",14,17.312362,0.959727,92.084999213,92.084999213,0.201015148,0,176.178885935
"stanford_tidybot",13,"Pinocchio",15,18.421124,1.108762,28.320764389,28.320764389,0.150553182,0,88.203564316
"stanford_tidybot",13,"Pinocchio",16,19.513022,1.091898,22.793281801,22.793281801,0.113282971,0,24.440279024
"stanford_tidybot",13,"Pinocchio",17,20.744304,1.231282,20.273233886,20.273233886,0.09955704,0,18.913092008
"stanford_tidybot",13,"Pinocchio",18,21.976712,1.232408,17.988120157,17.988120157,0.087574215,0,16.393078274
"stanford_tidybot",13,"Pinocchio",19,23.074766,1.098054,16.815808334,16.815808334,0.066552536,0,14.107973974
"stanford_tidybot",13,"Pinocchio",20,24.184446,1.10968,14.208098286,14.208098286,0.050904118,0,12.935651298
"stanford_tidybot",13,"Pinocchio",21,25.145199,0.960753,12.394829269,12.394829269,0.027548273,0,10.327912429
"stanford_tidybot",13,"Pinocchio",22,25.958149,0.81295,6.12848916,6.12848916,0.005915778,1,8.514596536
"stanford_tidybot",13,"Pinocchio",23,26.763942,0.805793,3.880262312,3.880262312,0.005769526,1,2.248227371
"stanford_tidybot",13,"Pinocchio",24,27.567269,0.803327,3.880261801,3.880261801,0.005769519,1,0.000000511
"stanford_tidybot",13,"CasADi",0,0,0,1261.113294609,1261.113294609,1.56903473,0,nan
"stanford_tidybot",13,"CasADi",1,2.839707,2.839707,995.516851241,995.516851241,1.362548768,0,1257.18912278
"stanford_tidybot",13,"CasADi",2,5.670564,2.830857,828.745232104,828.745232104,1.183352053,0,991.585014823
"stanford_tidybot",13,"CasADi",3,8.516092,2.845528,764.992709308,764.992709308,1.110073223,0,824.807892755
"stanford_tidybot",13,"CasADi",4,11.376041,2.859949,736.199093992,736.199093992,1.041255561,0,761.060793908
"stanford_tidybot",13,"CasADi",5,14.220178,2.844137,713.346021845,713.346021845,0.976648853,0,732.272118734
"stanford_tidybot",13,"CasADi",6,17.067185,2.847007,682.600465804,682.600465804,0.916013991,0,709.42363031
"stanford_tidybot",13,"CasADi",7,19.932131,2.864946,640.02937059,640.02937059,0.859120863,0,678.682365222
"stanford_tidybot",13,"CasADi",8,22.814095,2.881964,587.26696471,587.26696471,0.80574845,0,636.115292773
"stanford_tidybot",13,"CasADi",9,25.701806,2.887711,528.293146598,528.293146598,0.755685638,0,583.35664469
"stanford_tidybot",13,"CasADi",10,28.431548,2.729742,486.525290213,486.525290213,0.662115247,0,524.386313461
"stanford_tidybot",13,"CasADi",11,31.190427,2.758879,388.055112249,388.055112249,0.580178044,0,482.623602375
"stanford_tidybot",13,"CasADi",12,33.951079,2.760652,279.118480746,279.118480746,0.5083023,0,384.158356952
"stanford_tidybot",13,"CasADi",13,36.632809,2.68173,180.06593457,180.06593457,0.383892165,0,275.225930425
"stanford_tidybot",13,"CasADi",14,39.17607,2.543261,92.084998909,92.084998909,0.201015148,0,176.178885466
"stanford_tidybot",13,"CasADi",15,41.83538,2.65931,28.32076436,28.32076436,0.150553182,0,88.203564013
"stanford_tidybot",13,"CasADi",16,44.502369,2.666989,22.79328181,22.79328181,0.113282971,0,24.440278995
"stanford_tidybot",13,"CasADi",17,47.286047,2.783678,20.273233892,20.273233892,0.09955704,0,18.913092017
"stanford_tidybot",13,"CasADi",18,50.067412,2.781365,17.988120161,17.988120161,0.087574215,0,16.39307828
"stanford_tidybot",13,"CasADi",19,52.709649,2.642237,16.815808358,16.815808358,0.066552536,0,14.107973978
"stanford_tidybot",13,"CasADi",20,55.366406,2.656757,14.208098293,14.208098293,0.050904118,0,12.935651322
"stanford_tidybot",13,"CasADi",21,57.862616,2.49621,12.394829273,12.394829273,0.027548273,0,10.327912436
"stanford_tidybot",13,"CasADi",22,60.224015,2.361399,6.128489169,6.128489169,0.005915778,1,8.51459654
"stanford_tidybot",13,"CasADi",23,62.562461,2.338446,3.880262312,3.880262312,0.005769526,1,2.248227379
"stanford_tidybot",13,"CasADi",24,64.892196,2.329735,3.880261801,3.880261801,0.005769519,1,0.000000511
"stanford_tidybot",14,"TetraPGA",0,0,0,2764.172180837,2764.172180837,2.350068412,0,nan
"stanford_tidybot",14,"TetraPGA",1,1.355424,1.355424,1476.026085322,1476.026085322,1.049673192,0,2758.190971799
"stanford_tidybot",14,"TetraPGA",2,2.869513,1.514089,1074.162302381,1074.162302381,0.916822908,0,1470.026199194
"stanford_tidybot",14,"TetraPGA",3,4.424958,1.555445,864.681893949,864.681893949,0.801472681,0,1068.162281588
"stanford_tidybot",14,"TetraPGA",4,5.796615,1.371657,777.628611208,777.628611208,0.599945811,0,858.681117363
"stanford_tidybot",14,"TetraPGA",5,6.830859,1.034244,603.755399977,603.755399977,0.473375803,0,771.626800378
"stanford_tidybot",14,"TetraPGA",6,7.845508,1.014649,54.759749501,54.759749501,0.046258845,0,597.749525506
"stanford_tidybot",14,"TetraPGA",7,8.865808,1.0203,9.830267671,9.830267671,0.005730083,1,48.754129575
"stanford_tidybot",14,"TetraPGA",8,9.886324,1.020516,6.005553988,6.005553988,0.005678446,1,3.824713696
"stanford_tidybot",14,"TetraPGA",9,10.90649,1.020166,6.005553896,6.005553896,0.005678457,1,0.000000092
"stanford_tidybot",14,"Pinocchio",0,0,0,2801.553673206,2801.553673206,2.350068412,0,nan
"stanford_tidybot",14,"Pinocchio",1,1.346705,1.346705,2182.627316906,2182.627316906,2.040955454,0,2795.460358362
"stanford_tidybot",14,"Pinocchio",2,2.515314,1.168609,1732.559406377,1732.559406377,1.778379181,0,2176.566073136
"stanford_tidybot",14,"Pinocchio",3,3.702674,1.18736,1373.763560961,1373.763560961,1.552352125,0,1726.517052336
"stanford_tidybot",14,"Pinocchio",4,4.778901,1.076227,1320.283113406,1320.283113406,1.155446679,0,1367.732461779
"stanford_tidybot",14,"Pinocchio",5,6.008568,1.229667,1091.545290073,1091.545290073,1.010930095,0,1314.266408528
"stanford_tidybot",14,"Pinocchio",6,7.246337,1.237769,901.242764851,901.242764851,0.884762915,0,1085.529937078
"stanford_tidybot",14,"Pinocchio",7,8.351569,1.105232,838.811893502,838.811893502,0.663740152,0,895.228057312
"stanford_tidybot",14,"Pinocchio",8,9.4529,1.101331,581.250843558,581.250843558,0.498967573,0,832.797890482
"stanford_tidybot",14,"Pinocchio",9,10.412037,0.959137,303.864856143,303.864856143,0.252980314,0,575.236464746
"stanford_tidybot",14,"Pinocchio",10,11.224255,0.812218,25.332082663,25.332082663,0.023006597,0,297.849803643
"stanford_tidybot",14,"Pinocchio",11,12.030673,0.806418,6.077665016,6.077665016,0.006104248,1,19.31648061
"stanford_tidybot",14,"Pinocchio",12,12.828128,0.797455,6.015720313,6.015720313,0.005670692,1,0.062085204
"stanford_tidybot",14,"Pinocchio",13,13.625175,0.797047,6.015579026,6.015579026,0.00567744,1,0.000141287
"stanford_tidybot",14,"Pinocchio",14,14.424664,0.799489,6.015579026,6.015579026,0.005677468,1,0
"stanford_tidybot",14,"CasADi",0,0,0,2801.553673206,2801.553673206,2.350068412,0,nan
"stanford_tidybot",14,"CasADi",1,2.880347,2.880347,2182.627316897,2182.627316897,2.040955454,0,2795.460358362
"stanford_tidybot",14,"CasADi",2,5.57628,2.695933,1732.559406323,1732.559406323,1.778379181,0,2176.566073127
"stanford_tidybot",14,"CasADi",3,8.295371,2.719091,1373.763560973,1373.763560973,1.552352125,0,1726.517052281
"stanford_tidybot",14,"CasADi",4,10.98401,2.688639,1320.283116894,1320.283116894,1.155446679,0,1367.732461791
"stanford_tidybot",14,"CasADi",5,13.7729,2.78889,1091.5452921,1091.5452921,1.010930095,0,1314.266412016
"stanford_tidybot",14,"CasADi",6,16.575702,2.802802,901.242766025,901.242766025,0.884762915,0,1085.529939104
"stanford_tidybot",14,"CasADi",7,19.22334,2.647638,838.811896377,838.811896377,0.663740152,0,895.228058486
"stanford_tidybot",14,"CasADi",8,21.856482,2.633142,581.25084581,581.25084581,0.498967573,0,832.797893357
"stanford_tidybot",14,"CasADi",9,24.355124,2.498642,303.864857267,303.864857267,0.252980314,0,575.236466997
"stanford_tidybot",14,"CasADi",10,26.709225,2.354101,25.332082885,25.332082885,0.023006597,0,297.849804768
"stanford_tidybot",14,"CasADi",11,29.040613,2.331388,6.077665015,6.077665015,0.006104248,1,19.316480832
"stanford_tidybot",14,"CasADi",12,31.362704,2.322091,6.015720313,6.015720313,0.005670692,1,0.062085202
"stanford_tidybot",14,"CasADi",13,33.700367,2.337663,6.015579026,6.015579026,0.00567744,1,0.000141287
"stanford_tidybot",14,"CasADi",14,36.029904,2.329537,6.015579026,6.015579026,0.005677468,1,0
"stanford_tidybot",15,"TetraPGA",0,0,0,1444.794940047,1444.794940047,1.699030069,0,nan
"stanford_tidybot",15,"TetraPGA",1,1.467052,1.467052,900.818004701,900.818004701,1.271303863,0,1442.055496642
"stanford_tidybot",15,"TetraPGA",2,2.757949,1.290897,719.633848277,719.633848277,0.956718755,0,898.085287997
"stanford_tidybot",15,"TetraPGA",3,4.559858,1.801909,690.084717222,690.084717222,0.926372013,0,716.899554896
"stanford_tidybot",15,"TetraPGA",4,6.438888,1.87903,662.412466431,662.412466431,0.896989814,0,687.350010354
"stanford_tidybot",15,"TetraPGA",5,8.300746,1.861858,635.660034001,635.660034001,0.868541388,0,659.67732344
"stanford_tidybot",15,"TetraPGA",6,9.963672,1.662926,622.266535391,622.266535391,0.812271115,0,632.924434168
"stanford_tidybot",15,"TetraPGA",7,11.635828,1.672156,593.861880536,593.861880536,0.759916388,0,619.53027657
"stanford_tidybot",15,"TetraPGA",8,13.306156,1.670328,552.052331922,552.052331922,0.711060353,0,591.124743933
"stanford_tidybot",15,"TetraPGA",9,14.983069,1.676913,503.831049685,503.831049685,0.66544065,0,549.314210503
"stanford_tidybot",15,"TetraPGA",10,16.494033,1.510964,463.002435144,463.002435144,0.57771478,0,501.091907144
"stanford_tidybot",15,"TetraPGA",11,18.009256,1.515223,392.280559007,392.280559007,0.502684983,0,460.261560893
"stanford_tidybot",15,"TetraPGA",12,19.532476,1.52322,316.310422684,316.310422684,0.438190088,0,389.537926479
"stanford_tidybot",15,"TetraPGA",13,20.885801,1.353325,266.726898725,266.726898725,0.324361125,0,313.566205936
"stanford_tidybot",15,"TetraPGA",14,22.234461,1.34866,161.803157995,161.803157995,0.242179069,0,263.980393704
"stanford_tidybot",15,"TetraPGA",15,23.42598,1.191519,66.119071705,66.119071705,0.120557231,0,159.05494082
"stanford_tidybot",15,"TetraPGA",16,24.451776,1.025796,16.146492879,16.146492879,0.010951746,0,63.369111842
"stanford_tidybot",15,"TetraPGA",17,25.470752,1.018976,2.760891064,2.760891064,0.003126502,1,13.395952015
"stanford_tidybot",15,"TetraPGA",18,26.49416,1.023408,2.750583587,2.750583587,0.003268718,1,0.010354089
"stanford_tidybot",15,"TetraPGA",19,27.515242,1.021082,2.750536477,2.750536477,0.003274014,1,0.00004711
"stanford_tidybot",15,"Pinocchio",0,0,0,1471.372394227,1471.372394227,1.699030069,0,nan
"stanford_tidybot",15,"Pinocchio",1,1.308823,1.308823,1178.774597284,1178.774597284,1.493636197,0,1468.645727045
"stanford_tidybot",15,"Pinocchio",2,2.577423,1.2686,1045.950217658,1045.950217658,1.400325292,0,1176.015215971
"stanford_tidybot",15,"Pinocchio",3,3.851438,1.274015,940.761365559,940.761365559,1.311837061,0,1043.182447135
"stanford_tidybot",15,"Pinocchio",4,5.136028,1.28459,889.041598508,889.041598508,1.228164542,0,937.987494046
"stanford_tidybot",15,"Pinocchio",5,6.278333,1.142305,729.946191399,729.946191399,1.068878862,0,886.263542609
"stanford_tidybot",15,"Pinocchio",6,7.728147,1.449814,707.41293944,707.41293944,1.035427118,0,727.163715131
"stanford_tidybot",15,"Pinocchio",7,9.172412,1.444265,690.572347538,690.572347538,1.003003494,0,704.63043413
"stanford_tidybot",15,"Pinocchio",8,10.6602,1.487788,674.926793993,674.926793993,0.971584986,0,687.789991231
"stanford_tidybot",15,"Pinocchio",9,12.245068,1.584868,657.774215195,657.774215195,0.941148996,0,672.144736123
"stanford_tidybot",15,"Pinocchio",10,13.749002,1.503934,637.783127946,637.783127946,0.911672782,0,654.992577833
"stanford_tidybot",15,"Pinocchio",11,15.089107,1.340105,624.789585446,624.789585446,0.854506252,0,635.002007698
"stanford_tidybot",15,"Pinocchio",12,16.139936,1.050829,282.611280419,282.611280419,0.700539619,0,622.0094418
"stanford_tidybot",15,"Pinocchio",13,17.382314,1.242378,252.919284447,252.919284447,0.613936489,0,279.836904058
"stanford_tidybot",15,"Pinocchio",14,18.764541,1.382227,240.4329156,240.4329156,0.576307541,0,250.14787148
"stanford_tidybot",15,"Pinocchio",15,20.15911,1.394569,227.955097811,227.955097811,0.541056654,0,237.662409286
"stanford_tidybot",15,"Pinocchio",16,21.550805,1.391695,215.077225875,215.077225875,0.507997322,0,225.185393454
"stanford_tidybot",15,"Pinocchio",17,22.947194,1.396389,201.763910266,201.763910266,0.476972758,0,212.308232609
"stanford_tidybot",15,"Pinocchio",18,24.331937,1.384743,188.158579048,188.158579048,0.447846195,0,198.99554928
"stanford_tidybot",15,"Pinocchio",19,25.709245,1.377308,174.473532839,174.473532839,0.420495254,0,185.390781827
"stanford_tidybot",15,"Pinocchio",20,26.948104,1.238859,170.359337894,170.359337894,0.369711181,0,171.70623956
"stanford_tidybot",15,"Pinocchio",21,28.190853,1.242749,156.863483297,156.863483297,0.32503952,0,167.592922562
"stanford_tidybot",15,"Pinocchio",22,29.433131,1.242278,138.041338047,138.041338047,0.285730376,0,154.097755435
"stanford_tidybot",15,"Pinocchio",23,30.675448,1.242317,117.489598584,117.489598584,0.251140387,0,135.27615839
"stanford_tidybot",15,"Pinocchio",24,31.776311,1.100863,103.564680346,103.564680346,0.191090566,0,114.724860837
"stanford_tidybot",15,"Pinocchio",25,32.881606,1.105295,72.649251436,72.649251436,0.145376443,0,100.800587398
"stanford_tidybot",15,"CasADi",0,0,0,1471.372394227,1471.372394227,1.699030069,0,nan
"stanford_tidybot",15,"CasADi",1,2.832014,2.832014,1178.774597431,1178.774597431,1.493636197,0,1468.645727045
"stanford_tidybot",15,"CasADi",2,5.641643,2.809629,1045.95021767,1045.95021767,1.400325292,0,1176.015216118
"stanford_tidybot",15,"CasADi",3,8.466244,2.824601,940.761365435,940.761365435,1.311837061,0,1043.182447148
"stanford_tidybot",15,"CasADi",4,11.470512,3.004268,889.041598319,889.041598319,1.228164542,0,937.987493923
"stanford_tidybot",15,"CasADi",5,14.186515,2.716003,729.94619126,729.94619126,1.068878862,0,886.26354242
"stanford_tidybot",15,"CasADi",6,17.188006,3.001491,707.412939299,707.412939299,1.035427118,0,727.163714992
"stanford_tidybot",15,"CasADi",7,20.179984,2.991978,690.5723474,690.5723474,1.003003494,0,704.630433988
"stanford_tidybot",15,"CasADi",8,23.17913,2.999146,674.926793879,674.926793879,0.971584986,0,687.789991093
"stanford_tidybot",15,"CasADi",9,26.19675,3.01762,657.774215097,657.774215097,0.941148996,0,672.14473601
"stanford_tidybot",15,"CasADi",10,29.235133,3.038383,637.783127861,637.783127861,0.911672782,0,654.992577735
"stanford_tidybot",15,"CasADi",11,32.115966,2.880833,624.789585291,624.789585291,0.854506252,0,635.002007614
"stanford_tidybot",15,"CasADi",12,34.706608,2.590642,282.611280774,282.611280774,0.700539619,0,622.009441644
"stanford_tidybot",15,"CasADi",13,37.502894,2.796286,252.91928389,252.91928389,0.613936489,0,279.836904413
"stanford_tidybot",15,"CasADi",14,40.433305,2.930411,240.432915023,240.432915023,0.576307541,0,250.147870923
"stanford_tidybot",15,"CasADi",15,43.422376,2.989071,227.955097252,227.955097252,0.541056654,0,237.662408709
"stanford_tidybot",15,"CasADi",16,46.520506,3.09813,215.077225344,215.077225344,0.507997322,0,225.185392895
"stanford_tidybot",15,"CasADi",17,49.474599,2.954093,201.763909767,201.763909767,0.476972758,0,212.308232078
"stanford_tidybot",15,"CasADi",18,52.427599,2.953,188.158578574,188.158578574,0.447846195,0,198.995548781
"stanford_tidybot",15,"CasADi",19,55.357133,2.929534,174.473532394,174.473532394,0.420495254,0,185.390781353
"stanford_tidybot",15,"CasADi",20,58.152449,2.795316,170.359337643,170.359337643,0.369711181,0,171.706239114
"stanford_tidybot",15,"CasADi",21,60.967286,2.814837,156.863483107,156.863483107,0.32503952,0,167.592922311
"stanford_tidybot",15,"CasADi",22,63.753349,2.786063,138.041337897,138.041337897,0.285730376,0,154.097755245
"stanford_tidybot",15,"CasADi",23,66.535976,2.782627,117.489598426,117.489598426,0.251140387,0,135.27615824
"stanford_tidybot",15,"CasADi",24,69.198065,2.662089,103.564680188,103.564680188,0.191090566,0,114.72486068
"stanford_tidybot",15,"CasADi",25,71.837539,2.639474,72.649251374,72.649251374,0.145376443,0,100.800587241
"stanford_tidybot",16,"TetraPGA",0,0,0,2802.035341549,2802.035341549,2.366109087,0,nan
"stanford_tidybot",16,"TetraPGA",1,1.61183,1.61183,2182.266519593,2182.266519593,2.013460343,0,2795.518864679
"stanford_tidybot",16,"TetraPGA",2,3.205775,1.593945,2065.870672523,2065.870672523,1.863375649,0,2175.733016431
"stanford_tidybot",16,"TetraPGA",3,4.856537,1.650762,1823.08350084,1823.08350084,1.728663726,0,2059.328226258
"stanford_tidybot",16,"TetraPGA",4,6.496221,1.639684,1691.573885529,1691.573885529,1.606314804,0,1816.52183126
"stanford_tidybot",16,"TetraPGA",5,8.114019,1.617798,1606.068955526,1606.068955526,1.49491843,0,1684.9977263
"stanford_tidybot",16,"TetraPGA",6,9.74281,1.628791,1540.98562362,1540.98562362,1.3926954,0,1599.479829118
"stanford_tidybot",16,"TetraPGA",7,11.387783,1.644973,1484.981997483,1484.981997483,1.298307723,0,1534.384311013
"stanford_tidybot",16,"TetraPGA",8,13.018587,1.630804,1433.897503368,1433.897503368,1.210780064,0,1478.36923961
"stanford_tidybot",16,"TetraPGA",9,14.657531,1.638944,1387.109754113,1387.109754113,1.129380073,0,1427.274157023
"stanford_tidybot",16,"TetraPGA",10,16.298275,1.640744,1345.446485834,1345.446485834,1.053539388,0,1380.476776542
"stanford_tidybot",16,"TetraPGA",11,17.951204,1.652929,1309.936795659,1309.936795659,0.982804535,0,1338.804879206
"stanford_tidybot",16,"TetraPGA",12,19.591697,1.640493,1281.061740674,1281.061740674,0.916804606,0,1303.287554053
"stanford_tidybot",16,"TetraPGA",13,21.262094,1.670397,1258.373352743,1258.373352743,0.855228025,0,1274.405810752
"stanford_tidybot",16,"TetraPGA",14,22.908118,1.646024,1240.434158157,1240.434158157,0.797804654,0,1251.711608798
"stanford_tidybot",16,"TetraPGA",15,24.560338,1.65222,1225.027950968,1225.027950968,0.744291699,0,1233.767389139
"stanford_tidybot",16,"TetraPGA",16,26.214333,1.653995,1209.554493738,1209.554493738,0.694462985,0,1218.356856515
"stanford_tidybot",16,"TetraPGA",17,27.88163,1.667297,1191.48809183,1191.48809183,0.648101478,0,1202.879686436
"stanford_tidybot",16,"TetraPGA",18,29.536378,1.654748,1168.778699642,1168.778699642,0.60499491,0,1184.810103343
"stanford_tidybot",16,"TetraPGA",19,31.194385,1.658007,1140.10837445,1140.10837445,0.564934076,0,1162.09798885
"stanford_tidybot",16,"TetraPGA",20,32.858676,1.664291,1104.970921836,1104.970921836,0.527713177,0,1133.425336216
"stanford_tidybot",16,"TetraPGA",21,34.517708,1.659032,1063.595887998,1063.595887998,0.493131428,0,1098.285895482
"stanford_tidybot",16,"TetraPGA",22,36.283639,1.765931,1016.771891924,1016.771891924,0.460995221,0,1056.909164993
"stanford_tidybot",16,"TetraPGA",23,38.126695,1.843056,965.63256043,965.63256043,0.431120213,0,1010.083722569
"stanford_tidybot",16,"TetraPGA",24,39.833216,1.706521,911.456322967,911.456322967,0.403333003,0,958.943159562
"stanford_tidybot",16,"TetraPGA",25,41.514526,1.68131,855.510064855,855.510064855,0.37747217,0,904.765874797
"stanford_tidybot",16,"Pinocchio",0,0,0,2846.77504473,2846.77504473,2.366109087,0,nan
"stanford_tidybot",16,"Pinocchio",1,1.460722,1.460722,2685.086309527,2685.086309527,2.08643592,0,2840.189066946
"stanford_tidybot",16,"Pinocchio",2,2.841894,1.381172,2217.965906859,2217.965906859,2.010412948,0,2678.468622258
"stanford_tidybot",16,"Pinocchio",3,3.9303,1.088406,1709.350671361,1709.350671361,1.699642897,0,2211.316689834
"stanford_tidybot",16,"Pinocchio",4,5.166314,1.236014,1361.935920294,1361.935920294,1.565919642,0,1702.67229485
"stanford_tidybot",16,"Pinocchio",5,6.409989,1.243675,1248.011670903,1248.011670903,1.453554118,0,1355.235992648
"stanford_tidybot",16,"Pinocchio",6,7.650377,1.240388,1194.093076811,1194.093076811,1.352684804,0,1241.310490999
"stanford_tidybot",16,"Pinocchio",7,8.890103,1.239726,1170.812319208,1170.812319208,1.260154957,0,1187.3914537
"stanford_tidybot",16,"Pinocchio",8,10.294758,1.404655,1123.403037574,1123.403037574,1.219211144,0,1164.109862819
"stanford_tidybot",16,"Pinocchio",9,11.719957,1.425199,1078.845225804,1078.845225804,1.179651152,0,1116.699416982
"stanford_tidybot",16,"Pinocchio",10,13.142862,1.422905,1037.078317425,1037.078317425,1.14140952,0,1072.140575473
"stanford_tidybot",16,"Pinocchio",11,14.561153,1.418291,998.05453286,998.05453286,1.104428567,0,1030.372761823
"stanford_tidybot",16,"Pinocchio",12,15.97946,1.418307,961.730045383,961.730045383,1.068656651,0,991.348186386
"stanford_tidybot",16,"Pinocchio",13,17.383685,1.404225,928.058312494,928.058312494,1.034046956,0,955.023012342
"stanford_tidybot",16,"Pinocchio",14,18.807132,1.423447,896.984859354,896.984859354,1.00055662,0,921.350687196
"stanford_tidybot",16,"Pinocchio",15,20.22849,1.421358,868.443126068,868.443126068,0.968146088,0,890.276726347
"stanford_tidybot",16,"Pinocchio",16,21.663693,1.435203,842.351215316,842.351215316,0.936778607,0,861.734560491
"stanford_tidybot",16,"Pinocchio",17,23.10183,1.438137,818.609510524,818.609510524,0.906419824,0,835.642283354
"stanford_tidybot",16,"Pinocchio",18,24.559365,1.457535,797.099207967,797.099207967,0.877037455,0,811.900269933
"stanford_tidybot",16,"Pinocchio",19,26.008015,1.44865,777.681825928,777.681825928,0.84860101,0,790.389708646
"stanford_tidybot",16,"Pinocchio",20,27.474644,1.466629,760.19973579,760.19973579,0.821081541,0,770.972110518
"stanford_tidybot",16,"Pinocchio",21,28.983216,1.508572,744.477719232,744.477719232,0.794451443,0,753.489840293
"stanford_tidybot",16,"Pinocchio",22,30.453188,1.469972,730.325497716,730.325497716,0.768684262,0,737.767673624
"stanford_tidybot",16,"Pinocchio",23,31.911539,1.458351,717.541118734,717.541118734,0.743754537,0,723.615326556
"stanford_tidybot",16,"Pinocchio",24,33.378145,1.466606,705.915028196,705.915028196,0.71963766,0,710.830841756
"stanford_tidybot",16,"Pinocchio",25,34.84038,1.462235,695.234609497,695.234609497,0.696309755,0,699.204660878
"stanford_tidybot",16,"CasADi",0,0,0,2846.77504473,2846.77504473,2.366109087,0,nan
"stanford_tidybot",16,"CasADi",1,2.974062,2.974062,2685.086310726,2685.086310726,2.08643592,0,2840.189066946
"stanford_tidybot",16,"CasADi",2,5.908712,2.93465,2217.965906517,2217.965906517,2.010412948,0,2678.46862346
"stanford_tidybot",16,"CasADi",3,8.541646,2.632934,1709.350641097,1709.350641097,1.699642898,0,2211.316689497
"stanford_tidybot",16,"CasADi",4,11.314289,2.772643,1361.935915132,1361.935915132,1.565919642,0,1702.672264584
"stanford_tidybot",16,"CasADi",5,14.104256,2.789967,1248.011666293,1248.011666293,1.453554119,0,1355.235987487
"stanford_tidybot",16,"CasADi",6,16.892352,2.788096,1194.093071785,1194.093071785,1.352684804,0,1241.310486389
"stanford_tidybot",16,"CasADi",7,19.682646,2.790294,1170.812314596,1170.812314596,1.260154957,0,1187.391448674
"stanford_tidybot",16,"CasADi",8,22.636809,2.954163,1123.403033202,1123.403033202,1.219211144,0,1164.109858208
"stanford_tidybot",16,"CasADi",9,25.592573,2.955764,1078.845221657,1078.845221657,1.179651153,0,1116.69941261
"stanford_tidybot",16,"CasADi",10,28.568979,2.976406,1037.078313446,1037.078313446,1.14140952,0,1072.140571326
"stanford_tidybot",16,"CasADi",11,31.528373,2.959394,998.054529117,998.054529117,1.104428567,0,1030.372757844
"stanford_tidybot",16,"CasADi",12,34.491676,2.963303,961.730041866,961.730041866,1.068656651,0,991.348182643
"stanford_tidybot",16,"CasADi",13,37.464348,2.972672,928.058309195,928.058309195,1.034046956,0,955.023008825
"stanford_tidybot",16,"CasADi",14,40.45831,2.993962,896.984856195,896.984856195,1.00055662,0,921.350683897
"stanford_tidybot",16,"CasADi",15,43.427836,2.969526,868.443123068,868.443123068,0.968146089,0,890.276723187
"stanford_tidybot",16,"CasADi",16,46.415321,2.987485,842.351212504,842.351212504,0.936778607,0,861.73455749
"stanford_tidybot",16,"CasADi",17,49.421614,3.006293,818.609507842,818.609507842,0.906419824,0,835.642280542
"stanford_tidybot",16,"CasADi",18,52.404901,2.983287,797.099205415,797.099205415,0.877037456,0,811.900267251
"stanford_tidybot",16,"CasADi",19,55.409244,3.004343,777.681823435,777.681823435,0.84860101,0,790.389706094
"stanford_tidybot",16,"CasADi",20,58.396471,2.987227,760.19973336,760.19973336,0.821081541,0,770.972108025
"stanford_tidybot",16,"CasADi",21,61.43828,3.041809,744.477716904,744.477716904,0.794451443,0,753.489837863
"stanford_tidybot",16,"CasADi",22,64.458607,3.020327,730.325495433,730.325495433,0.768684262,0,737.767671296
"stanford_tidybot",16,"CasADi",23,67.473601,3.014994,717.541116475,717.541116475,0.743754538,0,723.615324273
"stanford_tidybot",16,"CasADi",24,70.507247,3.033646,705.915025989,705.915025989,0.71963766,0,710.830839497
"stanford_tidybot",16,"CasADi",25,73.511136,3.003889,695.23460737,695.23460737,0.696309755,0,699.204658671
"stanford_tidybot",17,"TetraPGA",0,0,0,2225.565471825,2225.565471825,2.108716259,0,nan
"stanford_tidybot",17,"TetraPGA",1,1.444936,1.444936,1264.944354269,1264.944354269,1.582258871,0,2220.970146623
"stanford_tidybot",17,"TetraPGA",2,2.838868,1.393932,966.399258893,966.399258893,1.381076995,0,1260.356570429
"stanford_tidybot",17,"TetraPGA",3,4.41456,1.575692,879.656476977,879.656476977,1.293202498,0,961.803932209
"stanford_tidybot",17,"TetraPGA",4,5.968097,1.553537,821.447662241,821.447662241,1.210773993,0,875.05929651
"stanford_tidybot",17,"TetraPGA",5,7.519449,1.551352,779.181322076,779.181322076,1.133471677,0,816.848031034
"stanford_tidybot",17,"TetraPGA",6,9.077439,1.55799,749.544504225,749.544504225,1.061099848,0,774.57891282
"stanford_tidybot",17,"TetraPGA",7,10.645399,1.56796,728.888950246,728.888950246,0.993573626,0,744.939219737
"stanford_tidybot",17,"TetraPGA",8,12.23217,1.586771,709.69394258,709.69394258,0.930753128,0,724.280790151
"stanford_tidybot",17,"TetraPGA",9,13.842731,1.610561,685.127204653,685.127204653,0.872313795,0,705.082890816
"stanford_tidybot",17,"TetraPGA",10,15.451125,1.608394,653.079188032,653.079188032,0.817837982,0,680.5132426
"stanford_tidybot",17,"TetraPGA",11,17.066598,1.615473,614.817191727,614.817191727,0.766942938,0,648.46235944
"stanford_tidybot",17,"TetraPGA",12,18.734518,1.66792,572.608286333,572.608286333,0.71931629,0,610.197621921
"stanford_tidybot",17,"TetraPGA",13,20.35789,1.623372,528.587546158,528.587546158,0.67470308,0,567.986163317
"stanford_tidybot",17,"TetraPGA",14,21.977569,1.619679,484.439391847,484.439391847,0.632887629,0,523.963093997
"stanford_tidybot",17,"TetraPGA",15,23.444851,1.467282,466.032559322,466.032559322,0.554946266,0,479.812848597
"stanford_tidybot",17,"TetraPGA",16,24.964219,1.519368,417.404226024,417.404226024,0.486623388,0,461.402806253
"stanford_tidybot",17,"TetraPGA",17,26.472977,1.508758,356.028341359,356.028341359,0.426676375,0,412.771807035
"stanford_tidybot",17,"TetraPGA",18,27.984751,1.511774,294.250948776,294.250948776,0.374079664,0,351.393862202
"stanford_tidybot",17,"TetraPGA",19,29.329462,1.344711,241.177040235,241.177040235,0.28273273,0,289.614936503
"stanford_tidybot",17,"TetraPGA",20,30.681704,1.352242,157.527369464,157.527369464,0.213352272,0,236.539075038
"stanford_tidybot",17,"TetraPGA",21,31.869939,1.188235,73.217855806,73.217855806,0.109586375,0,152.88837946
"stanford_tidybot",17,"TetraPGA",22,32.896179,1.02624,4.748799723,4.748799723,0.004747271,1,68.578075805
"stanford_tidybot",17,"TetraPGA",23,33.937433,1.041254,4.646464068,4.646464068,0.004872143,1,0.108853255
"stanford_tidybot",17,"TetraPGA",24,34.958256,1.020823,4.639980049,4.639980049,0.004802253,1,0.006505817
"stanford_tidybot",17,"TetraPGA",25,35.976378,1.018122,4.639958328,4.639958328,0.004796335,1,0.000021721
"stanford_tidybot",17,"Pinocchio",0,0,0,2252.727050384,2252.727050384,2.108716259,0,nan
"stanford_tidybot",17,"Pinocchio",1,1.466461,1.466461,2118.852915977,2118.852915977,2.043832163,0,2248.230548243
"stanford_tidybot",17,"Pinocchio",2,2.7592,1.292739,1996.384657762,1996.384657762,1.980949004,0,2114.356153095
"stanford_tidybot",17,"Pinocchio",3,4.058645,1.299445,1882.32412905,1882.32412905,1.919983774,0,1991.885383041
"stanford_tidybot",17,"Pinocchio",4,5.369794,1.311149,1774.546892136,1774.546892136,1.860859824,0,1877.820649015
"stanford_tidybot",17,"Pinocchio",5,6.677134,1.30734,1671.673036054,1671.673036054,1.803506515,0,1770.037982325
"stanford_tidybot",17,"Pinocchio",6,7.850503,1.173369,1563.112930104,1563.112930104,1.698391763,0,1667.15785941
"stanford_tidybot",17,"Pinocchio",7,9.034479,1.183976,1323.312184294,1323.312184294,1.596523951,0,1558.576274752
"stanford_tidybot",17,"Pinocchio",8,10.238865,1.204386,1203.770793607,1203.770793607,1.498087653,0,1318.758375521
"stanford_tidybot",17,"Pinocchio",9,11.59749,1.358625,1170.031611884,1170.031611884,1.450834705,0,1199.204345359
"stanford_tidybot",17,"Pinocchio",10,12.966425,1.368935,1149.02674824,1149.02674824,1.404950196,0,1165.460084452
"stanford_tidybot",17,"Pinocchio",11,14.41706,1.450635,1137.826069014,1137.826069014,1.36038647,0,1144.450527309
"stanford_tidybot",17,"Pinocchio",12,15.958596,1.541536,1117.660267107,1117.660267107,1.338980849,0,1133.245517451
"stanford_tidybot",17,"Pinocchio",13,17.470178,1.511582,1098.1598776,1098.1598776,1.317893579,0,1113.077355758
"stanford_tidybot",17,"Pinocchio",14,18.985278,1.5151,1079.238391055,1079.238391055,1.297119778,0,1093.574692139
"stanford_tidybot",17,"Pinocchio",15,20.515029,1.529751,1060.803843162,1060.803843162,1.276654822,0,1074.651014858
"stanford_tidybot",17,"Pinocchio",16,22.034897,1.519868,1042.758706164,1042.758706164,1.256494387,0,1056.214356867
"stanford_tidybot",17,"Pinocchio",17,23.565016,1.530119,1025.000385223,1025.000385223,1.23663449,0,1038.167187274
"stanford_tidybot",17,"Pinocchio",18,25.090031,1.525015,1007.422519378,1007.422519378,1.217071521,0,1020.406907755
"stanford_tidybot",17,"Pinocchio",19,26.613497,1.523466,989.917254268,989.917254268,1.197802277,0,1002.827153578
"stanford_tidybot",17,"Pinocchio",20,28.146986,1.533489,972.378564029,972.378564029,1.17882397,0,985.320066406
"stanford_tidybot",17,"Pinocchio",21,29.550634,1.403648,965.73292955,965.73292955,1.14063122,0,967.779616307
"stanford_tidybot",17,"Pinocchio",22,30.955091,1.404457,951.703603213,951.703603213,1.103628585,0,961.13122973
"stanford_tidybot",17,"Pinocchio",23,32.35268,1.397589,928.754041321,928.754041321,1.067824854,0,947.09918079
"stanford_tidybot",17,"Pinocchio",24,33.75395,1.40127,897.191278907,897.191278907,1.033229564,0,924.146913858
"stanford_tidybot",17,"Pinocchio",25,35.150704,1.396754,858.708871249,858.708871249,0.999844231,0,892.581475343
"stanford_tidybot",17,"CasADi",0,0,0,2252.727050384,2252.727050384,2.108716259,0,nan
"stanford_tidybot",17,"CasADi",1,3.029393,3.029393,2118.85291595,2118.85291595,2.043832163,0,2248.230548239
"stanford_tidybot",17,"CasADi",2,5.881402,2.852009,1996.384657761,1996.384657761,1.980949004,0,2114.35615307
"stanford_tidybot",17,"CasADi",3,8.734084,2.852682,1882.324129088,1882.324129088,1.919983774,0,1991.885383039
"stanford_tidybot",17,"CasADi",4,11.809036,3.074952,1774.546892281,1774.546892281,1.860859824,0,1877.820649051
"stanford_tidybot",17,"CasADi",5,14.689637,2.880601,1671.673036193,1671.673036193,1.803506515,0,1770.037982467
"stanford_tidybot",17,"CasADi",6,17.415339,2.725702,1563.112929491,1563.112929491,1.698391763,0,1667.157859551
"stanford_tidybot",17,"CasADi",7,20.144808,2.729469,1323.312183821,1323.312183821,1.596523951,0,1558.57627414
"stanford_tidybot",17,"CasADi",8,22.895179,2.750371,1203.770794691,1203.770794691,1.498087653,0,1318.758375049
"stanford_tidybot",17,"CasADi",9,25.79955,2.904371,1170.031613344,1170.031613344,1.450834705,0,1199.204346444
"stanford_tidybot",17,"CasADi",10,28.743893,2.944343,1149.026750097,1149.026750097,1.404950196,0,1165.460085913
"stanford_tidybot",17,"CasADi",11,31.661768,2.917875,1137.826070884,1137.826070884,1.36038647,0,1144.450529166
"stanford_tidybot",17,"CasADi",12,34.731822,3.070054,1117.660268993,1117.660268993,1.338980849,0,1133.245519321
"stanford_tidybot",17,"CasADi",13,37.805021,3.073199,1098.159879484,1098.159879484,1.317893579,0,1113.077357645
"stanford_tidybot",17,"CasADi",14,40.877742,3.072721,1079.238392938,1079.238392938,1.297119778,0,1093.574694023
"stanford_tidybot",17,"CasADi",15,44.012799,3.135057,1060.803845018,1060.803845018,1.276654822,0,1074.651016741
"stanford_tidybot",17,"CasADi",16,47.169827,3.157028,1042.758708024,1042.758708024,1.256494387,0,1056.214358723
"stanford_tidybot",17,"CasADi",17,50.282424,3.112597,1025.000387073,1025.000387073,1.23663449,0,1038.167189134
"stanford_tidybot",17,"CasADi",18,53.356209,3.073785,1007.422521204,1007.422521204,1.217071521,0,1020.406909605
"stanford_tidybot",17,"CasADi",19,56.430802,3.074593,989.917256065,989.917256065,1.197802277,0,1002.827155404
"stanford_tidybot",17,"CasADi",20,59.525843,3.095041,972.378565787,972.378565787,1.17882397,0,985.320068204
"stanford_tidybot",17,"CasADi",21,62.483287,2.957444,965.732931308,965.732931308,1.14063122,0,967.779618064
"stanford_tidybot",17,"CasADi",22,65.416994,2.933707,951.703604846,951.703604846,1.103628585,0,961.131231489
"stanford_tidybot",17,"CasADi",23,68.390014,2.97302,928.754042711,928.754042711,1.067824854,0,947.099182423
"stanford_tidybot",17,"CasADi",24,71.354703,2.964689,897.191280336,897.191280336,1.033229564,0,924.146915249
"stanford_tidybot",17,"CasADi",25,74.3249,2.970197,858.708872547,858.708872547,0.999844231,0,892.581476772
"stanford_tidybot",18,"TetraPGA",0,0,0,1463.591909864,1463.591909864,1.710046654,0,nan
"stanford_tidybot",18,"TetraPGA",1,1.602928,1.602928,1047.435020624,1047.435020624,1.333108563,0,1461.04045106
"stanford_tidybot",18,"TetraPGA",2,2.811548,1.20862,432.181368454,432.181368454,0.782201672,0,1044.886392831
"stanford_tidybot",18,"TetraPGA",3,4.010756,1.199208,352.647544911,352.647544911,0.396178296,0,429.6329586
"stanford_tidybot",18,"TetraPGA",4,5.038162,1.027406,230.337856296,230.337856296,0.049466898,0,350.099022133
"stanford_tidybot",18,"TetraPGA",5,6.058662,1.0205,2.818358621,2.818358621,0.00248309,1,227.789713463
"stanford_tidybot",18,"TetraPGA",6,7.079516,1.020854,2.548251985,2.548251985,0.002644105,1,0.27020608
"stanford_tidybot",18,"TetraPGA",7,8.106028,1.026512,2.54815256,2.54815256,0.002647193,1,0.000099425
"stanford_tidybot",18,"Pinocchio",0,0,0,1469.327356609,1469.327356609,1.710046654,0,nan
"stanford_tidybot",18,"Pinocchio",1,1.432403,1.432403,1184.684789507,1184.684789507,1.503682389,0,1466.753742546
"stanford_tidybot",18,"Pinocchio",2,2.673671,1.241268,961.717383458,961.717383458,1.326445331,0,1182.116499027
"stanford_tidybot",18,"Pinocchio",3,3.777888,1.104217,745.716424545,745.716424545,1.020873057,0,959.151909376
"stanford_tidybot",18,"Pinocchio",4,4.88524,1.107352,448.319813134,448.319813134,0.780952138,0,743.154742315
"stanford_tidybot",18,"Pinocchio",5,5.991318,1.106078,334.297735234,334.297735234,0.594844419,0,445.759304943
"stanford_tidybot",18,"Pinocchio",6,7.082632,1.091314,262.013078038,262.013078038,0.45211265,0,331.737906227
"stanford_tidybot",18,"Pinocchio",7,8.176434,1.093802,192.720378549,192.720378549,0.343148051,0,259.453679496
"stanford_tidybot",18,"Pinocchio",8,9.140461,0.964027,138.241164785,138.241164785,0.181641422,0,190.161249456
"stanford_tidybot",18,"Pinocchio",9,9.957641,0.81718,41.539367888,41.539367888,0.02438818,0,135.682304928
"stanford_tidybot",18,"Pinocchio",10,10.762115,0.804474,2.581153961,2.581153961,0.002620832,1,38.980646423
"stanford_tidybot",18,"Pinocchio",11,11.562339,0.800224,2.558718962,2.558718962,0.002651082,1,0.022435009
"stanford_tidybot",18,"Pinocchio",12,12.365723,0.803384,2.558718951,2.558718951,0.002651352,1,0.000000011
"stanford_tidybot",18,"CasADi",0,0,0,1469.327356609,1469.327356609,1.710046654,0,nan
"stanford_tidybot",18,"CasADi",1,2.972626,2.972626,1184.684789774,1184.684789774,1.503682389,0,1466.753742546
"stanford_tidybot",18,"CasADi",2,5.76324,2.790614,961.717383232,961.717383232,1.326445331,0,1182.116499294
"stanford_tidybot",18,"CasADi",3,8.4017,2.63846,745.716425637,745.716425637,1.020873057,0,959.15190915
"stanford_tidybot",18,"CasADi",4,11.025011,2.623311,448.319813527,448.319813527,0.780952138,0,743.154743406
"stanford_tidybot",18,"CasADi",5,13.887486,2.862475,334.297735289,334.297735289,0.594844419,0,445.759305336
"stanford_tidybot",18,"CasADi",6,16.559608,2.672122,262.013077978,262.013077978,0.45211265,0,331.737906283
"stanford_tidybot",18,"CasADi",7,19.214732,2.655124,192.720378462,192.720378462,0.343148051,0,259.453679436
"stanford_tidybot",18,"CasADi",8,21.712264,2.497532,138.241164698,138.241164698,0.181641422,0,190.161249369
"stanford_tidybot",18,"CasADi",9,24.050601,2.338337,41.539367841,41.539367841,0.02438818,0,135.682304841
"stanford_tidybot",18,"CasADi",10,26.393454,2.342853,2.581153961,2.581153961,0.002620832,1,38.980646376
"stanford_tidybot",18,"CasADi",11,28.73271,2.339256,2.558718962,2.558718962,0.002651082,1,0.022435009
"stanford_tidybot",18,"CasADi",12,31.065365,2.332655,2.558718951,2.558718951,0.002651352,1,0.000000011
"stanford_tidybot",19,"TetraPGA",0,0,0,2042.463001651,2042.463001651,2.020110185,0,nan
"stanford_tidybot",19,"TetraPGA",1,1.492479,1.492479,1165.114350059,1165.114350059,1.506405111,0,2034.426142015
"stanford_tidybot",19,"TetraPGA",2,2.925758,1.433279,907.524444416,907.524444416,1.317295909,0,1157.026598282
"stanford_tidybot",19,"TetraPGA",3,4.203887,1.278129,641.192350137,641.192350137,0.996843997,0,899.424828718
"stanford_tidybot",19,"TetraPGA",4,5.814903,1.611016,571.918023195,571.918023195,0.935372149,0,633.0812083
"stanford_tidybot",19,"TetraPGA",5,7.277054,1.462151,525.481919492,525.481919492,0.823662361,0,563.806491784
"stanford_tidybot",19,"TetraPGA",6,8.75301,1.475956,463.338994622,463.338994622,0.727458184,0,517.368727233
"stanford_tidybot",19,"TetraPGA",7,10.232932,1.479922,406.320828566,406.320828566,0.64077108,0,455.224871725
"stanford_tidybot",19,"TetraPGA",8,11.73665,1.503718,345.345557815,345.345557815,0.563109923,0,398.206161375
"stanford_tidybot",19,"TetraPGA",9,13.117216,1.380566,304.066472824,304.066472824,0.427068374,0,337.230922563
"stanford_tidybot",19,"TetraPGA",10,14.537756,1.42054,208.675256781,208.675256781,0.322547341,0,295.951326331
"stanford_tidybot",19,"TetraPGA",11,15.736371,1.198615,104.086520805,104.086520805,0.165501696,0,200.562080813
"stanford_tidybot",19,"TetraPGA",12,16.7626,1.026229,51.198333935,51.198333935,0.013076986,0,95.976658942
"stanford_tidybot",19,"TetraPGA",13,17.779963,1.017363,8.147591902,8.147591902,0.009032903,1,43.091195279
"stanford_tidybot",19,"TetraPGA",14,18.801489,1.021526,8.10736776,8.10736776,0.009062293,1,0.040225566
"stanford_tidybot",19,"TetraPGA",15,19.819062,1.017573,8.107366417,8.107366417,0.00906194,1,0.000001343
"stanford_tidybot",19,"Pinocchio",0,0,0,2044.149924124,2044.149924124,2.020110185,0,nan
"stanford_tidybot",19,"Pinocchio",1,1.230607,1.230607,1637.644314695,1637.644314695,1.499931447,0,2035.989236057
"stanford_tidybot",19,"Pinocchio",2,2.401201,1.170594,1142.964051583,1142.964051583,1.317592556,0,1629.485455275
"stanford_tidybot",19,"Pinocchio",3,3.579755,1.178554,1000.745676155,1000.745676155,1.156427873,0,1134.806228506
"stanford_tidybot",19,"Pinocchio",4,4.746992,1.167237,873.220582757,873.220582757,1.017305368,0,992.593916976
"stanford_tidybot",19,"Pinocchio",5,6.068071,1.321079,803.671424479,803.671424479,0.955479251,0,865.073034869
"stanford_tidybot",19,"Pinocchio",6,7.38537,1.317299,739.239094606,739.239094606,0.897786896,0,795.525669986
"stanford_tidybot",19,"Pinocchio",7,8.71135,1.32598,678.670448841,678.670448841,0.843875563,0,731.094883769
"stanford_tidybot",19,"Pinocchio",8,10.063376,1.352026,620.262864763,620.262864763,0.793323869,0,670.527565098
"stanford_tidybot",19,"Pinocchio",9,11.277756,1.21438,592.847276738,592.847276738,0.701221966,0,612.121141769
"stanford_tidybot",19,"Pinocchio",10,12.516001,1.238245,533.902531595,533.902531595,0.618752661,0,584.706487815
"stanford_tidybot",19,"Pinocchio",11,13.759353,1.243352,450.798009867,450.798009867,0.544600688,0,525.762744068
"stanford_tidybot",19,"Pinocchio",12,14.858171,1.098818,406.286876434,406.286876434,0.415272483,0,442.659624233
"stanford_tidybot",19,"Pinocchio",13,15.966789,1.108618,256.420468744,256.420468744,0.314415089,0,398.149849192
"stanford_tidybot",19,"Pinocchio",14,16.931663,0.964874,96.922145399,96.922145399,0.16136512,0,248.286915002
"stanford_tidybot",19,"Pinocchio",15,17.891603,0.95994,32.367004236,32.367004236,0.084721263,0,88.793341297
"stanford_tidybot",19,"Pinocchio",16,18.848292,0.956689,21.94668044,21.94668044,0.046359037,0,24.240168301
"stanford_tidybot",19,"Pinocchio",17,19.664853,0.816561,12.76362524,12.76362524,0.009251316,1,13.820039818
"stanford_tidybot",19,"Pinocchio",18,20.474875,0.810022,8.126694858,8.126694858,0.009069069,1,4.636935754
"stanford_tidybot",19,"Pinocchio",19,21.270288,0.795413,8.126691493,8.126691493,0.009070606,1,0.000003366
"stanford_tidybot",19,"CasADi",0,0,0,2044.149924124,2044.149924124,2.020110185,0,nan
"stanford_tidybot",19,"CasADi",1,2.740052,2.740052,1637.644315213,1637.644315213,1.499931447,0,2035.989236057
"stanford_tidybot",19,"CasADi",2,5.68501,2.944958,1142.964053723,1142.964053723,1.317592556,0,1629.485455793
"stanford_tidybot",19,"CasADi",3,8.434025,2.749015,1000.745678176,1000.745678176,1.156427873,0,1134.806230646
"stanford_tidybot",19,"CasADi",4,11.163129,2.729104,873.220598436,873.220598436,1.017305368,0,992.593918997
"stanford_tidybot",19,"CasADi",5,14.02652,2.863391,803.671431662,803.671431662,0.955479251,0,865.073050549
"stanford_tidybot",19,"CasADi",6,16.913756,2.887236,739.239099993,739.239099993,0.897786896,0,795.525677169
"stanford_tidybot",19,"CasADi",7,19.816473,2.902717,678.670453381,678.670453381,0.843875563,0,731.094889157
"stanford_tidybot",19,"CasADi",8,22.748002,2.931529,620.262868917,620.262868917,0.793323869,0,670.527569637
"stanford_tidybot",19,"CasADi",9,25.501492,2.75349,592.847280417,592.847280417,0.701221966,0,612.121145922
"stanford_tidybot",19,"CasADi",10,28.267558,2.766066,533.902534618,533.902534618,0.618752661,0,584.706491494
"stanford_tidybot",19,"CasADi",11,31.06075,2.793192,450.798012292,450.798012292,0.544600688,0,525.762747091
"stanford_tidybot",19,"CasADi",12,33.701771,2.641021,406.286877949,406.286877949,0.415272483,0,442.659626658
"stanford_tidybot",19,"CasADi",13,36.398078,2.696307,256.420469701,256.420469701,0.314415089,0,398.149850706
"stanford_tidybot",19,"CasADi",14,38.960404,2.562326,96.922145771,96.922145771,0.16136512,0,248.28691596
"stanford_tidybot",19,"CasADi",15,41.467059,2.506655,32.367004288,32.367004288,0.084721263,0,88.793341669
"stanford_tidybot",19,"CasADi",16,43.966633,2.499574,21.94668043,21.94668043,0.046359037,0,24.240168353
"stanford_tidybot",19,"CasADi",17,46.321925,2.355292,12.763625229,12.763625229,0.009251316,1,13.820039808
"stanford_tidybot",19,"CasADi",18,48.678506,2.356581,8.126694858,8.126694858,0.009069069,1,4.636935743
"stanford_tidybot",19,"CasADi",19,51.03,2.351494,8.126691493,8.126691493,0.009070606,1,0.000003366
