robot,backend,t,tracking_error,velocity_error,torque_ratio,solve_time_ms,cycle_time_ms,realtime_ratio,iterations,converged,failed,best_cost,final_stop,plant_mass_scale,plant_payload_mass,controller_payload_mass,model_payload,plant_payload_com,controller_payload_com,payload_com_attachment,external_force_body_name,external_force_start_s,external_force_duration_s,external_force,external_torque,failure_message,q,dq,q_ref,dq_ref,q_cmd,dq_cmd,u_cmd,effort
ur,tetrapga,0.000055972,2.08543789,8.854632635,1,42.07092,53.850383,5.258865,1,0,0,6.07698632,100.493989769,1,5,5,1,0 0 0.060000000000000005,0 0 0.050000000000000003,0 0 0.050000000000000003,wrist_3_link,-1,0,0 0 0,0 0 0,,0.0015760725239793339 -0.0097386473248559074 0.012856086444340886 -0.18804300325659834 -0.0036049825875845527 1.2265182899644079e-05,0.061771080202428462 -0.30466460321726685 0.29452230569726645 -8.68309054231689 -0.068051803157180984 0.00020255759320041605,8.4290998682429384e-07 -1.5707922159464502 7.5657530849437879e-06 -1.5707874935178654 8.7563595254973254e-06 8.2900643081200527e-06,0.015068182822007271 0.073451856120377579 0.13517680677404834 0.15782004869883162 0.15644335465739181 0.14811041178129483,0.00013132298068742633 -1.5701964621071227 0.0010963803277440358 -1.5695203245559493 0.001262074710006683 0.0011925774857241003,0.017551744667150575 0.075485500817131485 0.13702454789172006 0.15896929645370017 0.15688317848069216 0.14795934282384482,0 0 0 0 0 0,-34.054654620671478 -330 -150 -56 21.072778909049145 -0.066410695594520661
ur,tetrapga,0.053963667,2.076440236,8.862377932,1,41.992646,49.624337,5.24908075,1,0,0,6.144814463,99.308277962,1,5,5,1,0 0 0.060000000000000005,0 0 0.050000000000000003,0 0 0.050000000000000003,wrist_3_link,-1,0,0 0 0,0 0 0,,0.0015760725239793339 -0.0097386473248559074 0.012856086444340886 -0.18804300325659834 -0.0036049825875845527 1.2265182899644079e-05,0.061771080202428462 -0.30466460321726685 0.29452230569726645 -8.68309054231689 -0.068051803157180984 0.00020255759320041605,0.001263967070032678 -1.5664653978049019 0.0076258138879944848 -1.5620765957695377 0.0085163143656179045 0.0079611533427009842,0.03178679235882792 0.087021977358716085 0.14735683042957673 0.16522490417608462 0.15905161345627269 0.14684940827695545,0.00028166917221179915 -1.5695844657652371 0.0021999217156280161 -1.5682440312157879 0.0025188383033024815 0.0023756059584301571,0.020034686844293634 0.077512458579324622 0.13885848764297207 0.16010112880665184 0.15730466038279717 0.14779567724275638,0 0 0 0 0 0,-34.054654620671478 -330 -150 -56 21.072778909049145 -0.066410695594520661
ur,tetrapga,0.103688633,1.707868204,8.025568158,1,41.894967,49.54959,5.236870875,1,0,0,4.896452652,79.390702021,1,5,5,1,0 0 0.060000000000000005,0 0 0.050000000000000003,0 0 0.050000000000000003,wrist_3_link,-1,0,0 0 0,0 0 0,,0.0027083505158042951 -0.030159627924006401 0.024950787657605545 -0.79866727300254325 -0.003069352814966432 6.8860724395267473e-05,-0.034328336166080671 -0.47021733965322876 0.13817130494964902 -7.8312519295659992 0.022628593784516104 0.011179898739908834,0.0032268055225717703 -1.5618332191801623 0.015220304132468171 -1.5537059627883116 0.01646943740938514 0.015223798894229621,0.047148084298704575 0.099239139848087105 0.15800672124013879 0.17133561494484845 0.16071344719636393 0.14518320642449187,0.0004518758988329805 -1.5689562809720676 0.0033180789685235842 -1.5669587531658276 0.0037789002864296959 0.0035572747737180992,0.022516852261069066 0.079532590524739016 0.14067849185924342 0.1612154596568017 0.15770777119340124 0.14761943122651425,0 0 0 0 0 0,2.6361311070398039 -330 -131.36526964455422 44.457006933032062 3.788757394302495 0.09145331490564157
ur,tetrapga,0.153373177,1.561905443,5.076085511,1,36.268667,44.038313,4.533583375,1,0,0,1.812516817,66.884086661,1,5,5,1,0 0 0.060000000000000005,0 0 0.050000000000000003,0 0 0.050000000000000003,wrist_3_link,-1,0,0 0 0,0 0 0,,0.00054659294167629406 -0.061923037457864961 0.030319887038585742 -1.0932093421428031 -0.0029355548738035815 0.00055888626608315321,-0.046047947221861549 -0.84576346774734512 0.097946876012735232 -4.8025300671482292 0.0013335119063421258 0.018272437710969862,0.0059487212026571989 -1.5566058906269009 0.023322954088649497 -1.5450561812520889 0.024480813174878015 0.022385919348016387,0.062400670031594579 0.11112544242905591 0.16805602484618781 0.17673298506624974 0.16165643891219805 0.14304162748402671,0.00064193631817696141 -1.5683119628883235 0.0044507400685260224 -1.5656646307583506 0.0050421135786396717 0.0047374833552244746,0.024998083849451017 0.081545758178096242 0.14248442728759789 0.16231220414676364 0.15809248314175706 0.14743062167265844,0 0 0 0 0 0,19.309880327480165 -330 -132.21772042331369 19.144710343263796 10.544496515900311 0.057616794091359225
ur,tetrapga,0.197482785,1.471182129,3.510083523,1,36.081566,43.668942,4.51019575,1,0,0,1.328856688,56.738293367,1,5,5,1,0 0 0.060000000000000005,0 0 0.050000000000000003,0 0 0.050000000000000003,wrist_3_link,-1,0,0 0 0,0 0 0,,-0.0011624699426499093 -0.10697121570112891 0.033840712725537722 -1.2620144313165926 -0.0031390505690882167 0.0012250428973535218,-0.031380156923322217 -1.1856117221985252 0.070047892778682744 -3.0671096100482576 0.0017224036936710121 0.021193525071979986,0.0089978301040403112 -1.551476887161765 0.030922991525229052 -1.5371661349820984 0.031618671239029977 0.028646155333938206,0.075831080724069341 0.1213836369703797 0.17645866907518828 0.18091828483293443 0.16189089817052729 0.14074609457461076,0.00085184233145026134 -1.5676515677808625 0.0055977919353967006 -1.5643618050195069 0.0063083308826221074 0.0059161312645991306,0.027478224573965909 0.083551823478899001 0.14427616159884391 0.16339127866815706 0.15845876985849541 0.14722926618680804,0 0 0 0 0 0,21.447932914154585 -330 -129.28344622928739 10.399480671841047 15.514260137410957 2.3352069350077995
ur,tetrapga,0.241272581,1.393085764,2.737644041,1,36.158933,43.999983,4.519866625,1,0,0,1.581606342,47.44382486,1,5,5,1,0 0 0.060000000000000005,0 0 0.050000000000000003,0 0 0.050000000000000003,wrist_3_link,-1,0,0 0 0,0 0 0,,-0.0021611616866577198 -0.16356280696664968 0.03638105824223431 -1.3658615765667255 -0.0031045816400052232 0.0020263553268473847,-0.017909167527231491 -1.4898179288564253 0.048813834054646045 -2.005354615698852 -0.0011862088983467152 0.015521017853781247,0.01260806060868391 -1.5459439178674712 0.038823578283322321 -1.5291632620313254 0.038702694901746722 0.034752890215313068,0.089034378476320078 0.13127131281117907 0.18429781000527121 0.18449869127049559 0.16156280578239243 0.13810563186314584,0.0010815845837331862 -1.5669751530193408 0.0067591204339853489 -1.563050417639299 0.0075774046957230437 0.0070931182071658234,0.029957117439901898 0.085550648789250658 0.14605356339560147 0.16445260086703609 0.15880660637735042 0.1470153830816488,0 0 0 0 0 0,19.873027164078742 -330 -132.83357004661656 -1.6894039658718611 13.973339078436538 -0.043178221326705568
ur,tetrapga,0.285343573,1.311820828,2.447828523,1,36.237845,44.035749,4.529730625,1,0,0,2.031773163,38.397763518,1,5,5,1,0 0 0.060000000000000005,0 0 0.050000000000000003,0 0 0.050000000000000003,wrist_3_link,-1,0,0 0 0,0 0 0,,-0.0027271096503583381 -0.23267481430040185 0.038382191999316174 -1.4333795574724166 -0.0027588404342410167 0.0029554224049882756,-0.01077330038950117 -1.7809631027431907 0.03828606328193334 -1.3039195928331233 0.0059325745063940911 0.01808282332977016,0.016821885716748711 -1.5399451953131895 0.047110038426541476 -1.5209635707840485 0.045805317027451248 0.040774203008803113,0.1021663662868247 0.14090363590691968 0.19166374898184635 0.18751540713088113 0.16066963879175331 0.13509015885929726,0.0013311524643387527 -1.5662827770728014 0.0079346103817166218 -1.5617306109615248 0.0088491873211762728 0.0082683440375745723,0.032434605501516625 0.087542096901651961 0.14781650222031431 0.16549608964923909 0.15913596913679071 0.14678899137588583,0 0 0 0 0 0,19.981080070109858 -330 -132.19725955930659 -6.4522065193596063 14.401122700630427 -0.0534618568197196
ur,tetrapga,0.329454488,1.218390986,2.460423365,1,36.201302,43.909434,4.52516275,1,0,0,2.617754535,29.345424388,1,5,5,1,0 0 0.060000000000000005,0 0 0.050000000000000003,0 0 0.050000000000000003,wrist_3_link,-1,0,0 0 0,0 0 0,,-0.0031530039167073564 -0.31794403896222395 0.040095438118772926 -1.4787632789607135 -0.0021015502303119646 0.0040281281722672488,-0.0098314664909426759 -2.0786408732827817 0.036465369997605461 -0.81730024627921005 0.021661082066800987 0.028681185037800226,0.021615128816064883 -1.5335233947414051 0.055717160182893841 -1.5126364556426715 0.052862531922405934 0.046660079131587616,0.11512797716860164 0.15020392250318385 0.19849342471896972 0.18993801491642692 0.15921266888481991 0.13171858641885154,0.0016005341072372714 -1.5655744995062 0.0091241455561405747 -1.5604025279736793 0.01012353087934743 0.0094417087654455351,0.034910531870242942 0.089526031046774937 0.14956484856320787 0.16652166518566028 0.15944683598155596 0.14655011079316124,0 0 0 0 0 0,23.373353374081365 -330 -127.33025466588334 -4.9954144312550852 17.127502753222171 2.2949526892870704
ur,tetrapga,0.373430864,1.118688869,2.632669677,1,36.097871,43.869007,4.512233875,1,0,0,3.32361969,21.230731369,1,5,5,1,0 0 0.060000000000000005,0 0 0.050000000000000003,0 0 0.050000000000000003,wrist_3_link,-1,0,0 0 0,0 0 0,,-0.0036235656044943465 -0.41136454944311857 0.041474421729728102 -1.5063887761346031 -0.0012948384027886047 0.0050828229691638705,-0.013256074772911096 -2.3550756547109737 0.025845317995572409 -0.53364616115429886 0.015459915624656371 0.020413533953761751,0.026958431103967725 -1.5267206454337656 0.064585721725400239 -1.504241561936341 0.059821974690362004 0.052372339579902366,0.12784340914122175 0.15911668095172912 0.2047456711975863 0.19175265881961176 0.15720329506803862 0.12801229108214129,0.0018897163915465604 -1.5648503809768683 0.010327608702546542 -1.5590663122968131 0.011400287318989991 0.010613112561004027,0.037384739722892052 0.091502314901213216 0.15129847387019185 0.16752924891744134 0.1597391861640988 0.14629876176093615,0 0 0 0 0 0,26.898967203652816 -330 -130.59060464532763 -11.472515092739741 14.649911884428032 -0.063328610243241101
ur,tetrapga,0.417408049,1.008075456,2.872270912,1,36.271996,44.034346,4.5339995,1,0,0,4.139802594,14.001062365,1,5,5,1,0 0 0.060000000000000005,0 0 0.050000000000000003,0 0 0.050000000000000003,wrist_3_link,-1,0,0 0 0,0 0 0,,-0.0042865929444659747 -0.51658431270436078 0.042698293996796151 -1.5240285804854423 -0.00033679579523124292 0.0061759671598812151,-0.018627669663414628 -2.6387217233282638 0.023077581914158842 -0.34068496242691171 0.018592586410501925 0.02125065007653635,0.032856034397580877 -1.5195340466417593 0.073716911924726625 -1.495779988199782 0.0666810433307925 0.05791427243437848,0.14032798320989834 0.16765185475997069 0.21042749294145932 0.19296276195966627 0.1546429708501163 0.12396891941727883,0.0021986849420877761 -1.5641104832309161 0.011544881541640056 -1.5577221081753492 0.01267930842851242 0.011782455760706497,0.039857072309853921 0.09347081259520873 0.15301725055070753 0.16851876356108383 0.16001300034593205 0.14603496540933739,0 0 0 0 0 0,33.348507425361163 -330 -129.79053274343431 -12.676016251180954 14.652779994140614 -0.066651080344701796
ur,tetrapga,0.46151509,0.880254414,3.165135643,1,36.307512,44.183188,4.538439,1,0,0,4.250767382,7.87103522,1,5,5,1,0 0 0.060000000000000005,0 0 0.050000000000000003,0 0 0.050000000000000003,wrist_3_link,-1,0,0 0 0,0 0 0,,-0.0052331252733123267 -0.63984000293661625 0.043887832815312562 -1.5355236351798001 0.00079335198278915212 0.0073581184170478271,-0.024438647182480851 -2.950620060431234 0.027097103289519475 -0.19906083034900807 0.030805583317908322 0.030633533388724037,0.039316958034341189 -1.511957911282183 0.083113163194454179 -1.4872534242707245 0.073435193952345143 0.063286654719326527,0.1525927914530725 0.17581426603285427 0.21553929794106202 0.19356555196035213 0.15152812310097749 0.11958319755952948,-0.0014695199864333949 -1.1132716290304587 0.028468030896550152 -1.5447590924814776 0.0089318376952490681 0.011262917913463389,0.0065800096340659781 -1.4115584321855021 0.094384538524350803 0.2332144842882784 0.27450147782776824 0.21150928034884897,4.0260461737350974 -17.60712504401139 -2.4428281212825067 0.2286760608104208 0.51693163499398864 0.016609871764339226,42.74668861842855 -330 -124.75822669619832 -8.7862155385673759 17.178174227424794 2.2752555411017745
ur,tetrapga,0.505774547,0.746131546,3.47538403,1,30.232104,38.152665,3.779013,1,0,0,4.516463813,5.518301494,1,5,5,1,0 0 0.060000000000000005,0 0 0.050000000000000003,0 0 0.050000000000000003,wrist_3_link,-1,0,0 0 0,0 0 0,,-0.0063538600916956608 -0.77057802563567579 0.044956928592239334 -1.5421938431362745 0.0019216080184117513 0.0084785939513346217,-0.029017482615077552 -3.2620220161453641 0.019897796162690398 -0.12889051596302645 0.021904130018404737 0.021683839068152366,0.046337820283567567 -1.5040028959307001 0.092755227768557144 -1.4786843096344584 0.080062553601388697 0.068475964396670558,0.16461730766070215 0.18358627142435324 0.22006537681121743 0.19355312098974026 0.14785962846490755 0.11485844459475721,-0.0014160800680816299 -1.1245159321929346 0.029836068380544058 -1.5437152806252865 0.012673876545702324 0.013726143901879123,0.007296923380734701 -1.4050501038980761 0.17142622882837891 0.13071400876140093 0.46781325466446744 0.30783057604195929,-2.4726335861121855 -16.601008799120308 -1.488478832383727 -1.01336283526406 1.7073092933960325 0.0031990414625997048,49.781700460072173 -330 -128.20595111180211 -13.928418503368448 14.577751852934597 -0.069040990901569899
ur,tetrapga,0.543999084,0.615219803,3.783358322,1,32.679697,40.514827,4.084962125,1,0,0,4.835225703,4.757149035,1,5,5,1,0 0 0.060000000000000005,0 0 0.050000000000000003,0 0 0.050000000000000003,wrist_3_link,-1,0,0 0 0,0 0 0,,-0.0074861915204797449 -0.90069466002362975 0.045914951772788995 -1.5458013903978358 0.0030141057596463345 0.0095237190687604521,-0.030693888908542816 -3.5696366882097976 0.02051285772639112 -0.078622778749415714 0.024062241469586104 0.022947098186677846,0.052824766755216634 -1.4968627585916072 0.10123384141013592 -1.4712940912376189 0.08564689441348794 0.072784272736540798,0.1747559245347583 0.18994775214720952 0.22347898751814452 0.19304392225353914 0.14426059670195746 0.110523989645406,-0.0013538377858643468 -1.1355937274468566 0.031312003341634989 -1.5426493077570096 0.016466622455477475 0.016167063890337625,0.0083966260983164166 -1.3842386686641308 0.18490960190744007 0.1334795589304637 0.47414699009236505 0.30503923209853956,-4.2795603436290657 -14.133072182209808 -1.7820994911446526 -0.13544332282490879 0.14994040285770704 0.0013704994795722403,57.069718611279455 -330 -127.5151073053536 -14.197703823133452 14.519816310076877 -0.073334619001592216
ur,tetrapga,0.584612351,0.515917091,2.891534434,1,30.799855,38.681948,3.849981875,1,0,0,4.613078127,1.848104723,1,5,5,1,0 0 0.060000000000000005,0 0 0.050000000000000003,0 0 0.050000000000000003,wrist_3_link,-1,0,0 0 0,0 0 0,,-0.0052881571276137684 -1.004492145682647 0.018168721407235529 -1.5471034103262542 0.0070044889159668012 0.010068416199110648,0.13239378748017486 -2.289107790670688 -1.2301259102477407 -0.029849834494820201 0.11297742704776519 0.012107033085188011,0.0601364443202645 -1.489017290123835 0.11037512260104303 -1.4634734460698804 0.09142089560855933 0.077175269690582762,0.18526011478670995 0.19633794420925665 0.22659499321041834 0.19199684737797112 0.14000692835284079 0.10566824716414548,-0.0012777031711050445 -1.1464895210418926 0.032857124395694347 -1.541532273082866 0.020245563617285689 0.018564001354865238,0.010132535811721615 -1.3614905481129864 0.19355402109724473 0.13985769034305129 0.47241674624540636 0.29953832866959668,-4.2002386795594369 -11.659179797967472 -0.96811629259148546 -0.0021340513374679126 0.007272926143718772 0.0012881774135439436,-39.074189082319108 330 150 18.624935196653496 -18.710573289818448 -0.033276757275299218
ur,tetrapga,0.6233693,0.467756877,2.428264781,1,30.493486,38.626145,3.81168575,1,0,0,4.469426346,0.567798117,1,5,5,1,0 0 0.060000000000000005,0 0 0.050000000000000003,0 0 0.050000000000000003,wrist_3_link,-1,0,0 0 0,0 0 0,,0.00028153813824884164 -1.0705427893207968 -0.038860514126731568 -1.5477707191017982 0.011588262044647373 0.011115033845988907,0.14034448498386001 -1.2840710595283777 -1.67798984236048 -0.013488884576279883 0.10651624156461376 0.026482396366692331,0.067506399590251176 -1.4812955693669427 0.11920681720175764 -1.4560594718030908 0.096761890876103748 0.081177053970306279,0.1950106269725308 0.20207065825206191 0.22907122627660348 0.19051242918005837 0.13554268974599629 0.10080104904034222,0.0019530197647719826 -1.0842737841700587 -0.044199401077029625 -1.5353894973086848 0.015291771046004014 0.0070601229075409446,0.20893520331539261 -1.716374356157742 -0.66736086878725698 1.5476527241391738 0.46293862516958012 -0.50686386730599542,8.0189918654009329 148.51626467839833 150 24.398441648517309 -21.146730895167579 0.068272164141710709,-70.402834082009335 330 150 18.906932769144987 -19.1298841398946 -0.075934137253259593
ur,tetrapga,0.662072677,0.453343894,1.683486614,1,30.284735,38.330251,3.785591875,1,0,0,2.987063209,1.067270983,1,5,5,1,0 0 0.060000000000000005,0 0 0.050000000000000003,0 0 0.050000000000000003,wrist_3_link,-1,0,0 0 0,0 0 0,,0.0044424361164017243 -1.1116572905647797 -0.08919563335184201 -1.5478761652543893 0.015978337230806341 0.01264005583738516,0.088011694177472927 -0.9029672779785145 -1.0127844700208477 -0.00073720805089962744 0.098692197046122282 0.035763749311847039,0.075237873086027113 -1.4733698623165752 0.12811260051215231 -1.4487222856504434 0.10191533526760169 0.084980774470792178,0.20446564994810168 0.20742901842111511 0.23105373653914488 0.18855895595889918 0.13069833977734097 0.09572045912219275,0.0058567777054885058 -1.1242803109465918 -0.084575202923960549 -1.5444915534215489 0.019317010488961568 0.015036039146500932,0.17679269863584768 -1.5778775477265206 0.57755380348518282 0.42307647910504498 0.41733415726940348 0.29949791363947159,24.32899553715734 57.187204564529509 136.75822254154193 19.812065596289976 -16.856300192819795 0.068143718920808199,-65.815589577470035 299.49078654782443 150 18.572967609819898 -18.793289875645868 -0.10094810964605472
ur,tetrapga,0.700477033,0.44241256,1.012380583,1,30.378237,38.375359,3.797279625,1,0,0,2.42016686,0.424171746,1,5,5,1,0 0 0.060000000000000005,0 0 0.050000000000000003,0 0 0.050000000000000003,wrist_3_link,-1,0,0 0 0,0 0 0,,0.0069113994525383223 -1.1406231773822524 -0.10828142520149535 -1.547567617322684 0.019899790640897405 0.014359601941805609,0.056706809085062364 -0.68667155166099869 -0.16416168340066056 0.0089493467818503192 0.094323413060572653 0.04264035455659463,0.083265727336299375 -1.465307520958647 0.13701602098289972 -1.4415254384563221 0.10683643418410706 0.088556677178276907,0.21355447244763975 0.21237453634024203 0.23253195248528938 0.18615772364465918 0.12551871849945648 0.090469113499893325,0.0082933358119001415 -1.1487698722223643 -0.10323846216807121 -1.5439854101626602 0.023139701435400218 0.016755973973532283,0.17274204492022741 -1.0183368550139789 0.63037037917801686 0.44777589500295845 0.40498884931285162 0.29954650396583427,38.904091964872393 -9.1695827282912603 56.864140329361554 8.5896063686763515 -6.2760226142525219 0.049266991923155395,-62.441777019994063 283.27822457365619 150 18.013356952667891 -18.205568029198147 -0.12189394879312232
ur,tetrapga,0.738984377,0.443310853,0.58786288,1,30.286405,37.928765,3.785800625,1,0,0,2.36546581,0.396939507,1,5,5,1,0 0 0.060000000000000005,0 0 0.050000000000000003,0 0 0.050000000000000003,wrist_3_link,-1,0,0 0 0,0 0 0,,0.0097465660482816997 -1.1513158194075281 -0.11777539823998343 -1.5456027373705672 0.02149408138619362 0.012572669936279106,0.067432084461224867 0.051184867107007079 -0.26480570634680378 0.051240895221285374 0.028051372814933619 -0.056018943151407923,0.091659696879092464 -1.4570401559435524 0.14599084424352293 -1.4344107347260238 0.11156399001909897 0.09193576520566539,0.22236026487945018 0.21695284628482359 0.23352115369483109 0.18329038323077101 0.11996196411507826 0.085001332188275686,0.010383804887349024 -1.1570316777951515 -0.097225424376466821 -1.5402537971177137 0.026214684516404047 0.019135221693815391,0.26130863443111041 -1.0327256965984006 0.75162972395054939 0.46645163061831429 0.38437288512547857 0.29740596503538863,22.511766554586718 5.0982732305676564 18.531771796099079 2.2615617398976933 -1.824488992676641 0.0052811359679178719,-66.440913127518016 284.17551728929993 150 17.810035230427275 -18.021429913081352 0.18148507598758989
ur,tetrapga,0.776990306,0.446254892,0.33094931,0.212881341,30.315492,37.976446,3.7894365,1,0,0,2.397966696,0.962660672,1,5,5,1,0 0 0.060000000000000005,0 0 0.050000000000000003,0 0 0.050000000000000003,wrist_3_link,-1,0,0 0 0,0 0 0,,0.010846901899192381 -1.148924614065796 -0.1129512870885835 -1.5456749495757653 0.021889642864572578 0.013101229023199344,0.0013458691570828224 0.14803117099069665 0.19970003772500411 0.001242144075652726 -0.0077713335807111997 0.01963331327682033,0.10027088319966462 -1.4487148349071639 0.15487686510328694 -1.4275054934962057 0.11601352167392384 0.095060728870638642,0.23073605118743618 0.2210897097413726 0.23401031249230614 0.18001294775395416 0.11413082081720201 0.079413826636080986,0.013015248746470365 -1.1650855619951708 -0.090976346585788626 -1.5365075942584396 0.029259786468238982 0.021500534121809366,0.32893048239016759 -1.0067355250024126 0.78113472383477345 0.4682753574092634 0.38063774397936678 0.29566405349924674,12.7722892413032 5.2586430840714229 12.093723313151578 1.2646570740089311 -0.86805833146964417 0.002398795604619813,-24.111598346455718 49.553740938760711 31.932201224369351 4.0123855235333394 -3.8968417341624288 -0.058138127813904816
ur,tetrapga,0.815042017,0.451326692,0.351755176,0.289319824,30.253749,38.24465,3.781718625,1,0,0,2.511649222,0.887363863,1,5,5,1,0 0 0.060000000000000005,0 0 0.050000000000000003,0 0 0.050000000000000003,wrist_3_link,-1,0,0 0 0,0 0 0,,0.010072615613702171 -1.142975601322054 -0.10703625189704323 -1.5448966392327725 0.021641376917885622 0.014155296020627475,-0.02828650637095733 0.15571996450189302 0.14335741459196058 0.021676970664798248 -0.0072228236076929547 0.026408759827733313,0.10920517134312409 -1.4402293256176744 0.16378295481527957 -1.4207251184968002 0.12023999625650023 0.097973226716746964,0.23879504368242332 0.22484385248259459 0.23401283385942295 0.17629085409741257 0.10795800325355553 0.073637530071489016,0.016052541666212332 -1.1729030919641619 -0.084613683775088933 -1.5327619448939234 0.032285475555992871 0.0238530025478223,0.37966161496774581 -0.97719124612388841 0.79533285133746112 0.46820617056452685 0.37821113596923583 0.29405855325161667,5.435538877188872 3.8060168485321526 10.130571110001824 1.0561696317256111 -0.68959627278370927 0.0018238593834694781,4.5194330237337539 -95.47554190693063 -36.567790732037508 -4.3600644514135638 4.4005479486497947 -0.082006486158221037
ur,tetrapga,0.853360339,0.453990748,0.346451549,0.343119596,36.087605,44.107924,4.510950625,1,0,0,2.58268635,0.551233667,1,5,5,1,0 0 0.060000000000000005,0 0 0.050000000000000003,0 0 0.050000000000000003,wrist_3_link,-1,0,0 0 0,0 0 0,,0.0094734252601988197 -1.1392195503911451 -0.10014151075620807 -1.5430633046948981 0.022147700613656871 0.015660976836239567,-0.0085370527010095922 0.07272035247850768 0.15872111754659701 0.043983556834851827 0.013597342280140387 0.03528091782643325,0.11850542485536972 -1.4315476154296483 0.17274209751532094 -1.4140487942544018 0.12425243172883389 0.10068063029007202,0.24656720085683237 0.22822503375413167 0.23352103830019569 0.17210241863231918 0.10141470164312365 0.067644945680707919,0.014867258973340861 -1.1611811606475655 -0.085252369757082141 -1.5339325809889846 0.030301454487489207 0.022155507336914723,0.26303443876691035 -0.63997993373901063 0.89065343857079637 0.49750547567826064 0.38560830033304261 0.29981470561047341,34.302012649464004 -86.096697024794153 -4.7320141036644436 0.30363982545036328 0.90796303514864429 0.025635613849602445,8.0475689789145477 -113.22946664288065 -45.521984754732557 -5.5868915227911202 5.4339138211707905 -0.10987044079938357
ur,tetrapga,0.897549146,0.454404737,0.377779366,0.341587497,30.425631,38.252992,3.803203875,1,0,0,2.709601499,0.335626515,1,5,5,1,0 0 0.060000000000000005,0 0 0.050000000000000003,0 0 0.050000000000000003,wrist_3_link,-1,0,0 0 0,0 0 0,,0.0098359605096688067 -1.138747133781115 -0.092533039297074376 -1.5403588697932216 0.023509016634731175 0.017600099108485607,0.015790560770656232 -0.015018529765616198 0.14479243057675009 0.054587486555722972 0.030648550139212659 0.039608567507125526,0.12959093862718812 -1.421385644636513 0.18303738395526867 -1.4065603393979169 0.12855995640822168 0.10351329750927472,0.25508614055281587 0.23161800343543038 0.23233680821398689 0.16673179920125325 0.093476683500360536 0.060526417742006122,0.017505857252401173 -1.1664455059552068 -0.077673796881817345 -1.5299201900034607 0.033286367624188282 0.024574097908568387,0.32982478488253902 -0.65804316345515446 0.94732160940810028 0.50154887319049368 0.37311414208738442 0.30232382145670816,27.278864973574368 -74.786280361438727 -23.29791695917767 -2.8276388005017563 2.9514774730128117 0.0019603916025516897,7.4172459183229691 -112.72387408823215 -45.697081871953344 -5.6889203094478944 5.4254512984247754 -0.12330022376681882
ur,tetrapga,0.935875298,0.452465624,0.416816587,0.316465784,36.126864,43.731093,4.515858,1,0,0,2.711784563,0.033190328,1,5,5,1,0 0 0.060000000000000005,0 0 0.050000000000000003,0 0 0.050000000000000003,wrist_3_link,-1,0,0 0 0,0 0 0,,0.011144120333976262 -1.1414656587282992 -0.08594492347245325 -1.537463361354257 0.025402480496813241 0.019577027585309423,0.037708613831699517 -0.085010634558340223 0.13202983878321531 0.061991666437649723 0.044269541464266385 0.043421072923843194,0.13950256272593167 -1.4124594392320013 0.19191360421662298 -1.400266894320398 0.13200531767960144 0.10571195339119201,0.26207616608698586 0.23411472391410354 0.23077423920362999 0.161612678871558 0.086265656339049077 0.054182012876304884,0.016539281214544746 -1.1583699703687036 -0.074354377456755466 -1.5295598376017767 0.032432275490852584 0.024463725495111138,0.27678655266950342 -0.55179850336883163 0.93187284004747739 0.51649225963524825 0.38598142879397762 0.29852034352152923,44.798441598502954 -99.310689566306252 -12.59106790525377 -0.73249803701862115 1.8533711012503997 0.024363769426995075,5.3830609007602561 -104.43370883525222 -42.14476358658851 -5.321235696259464 4.9800954476380284 -0.13496179967387434
ur,tetrapga,0.979680285,0.455355285,0.430874417,0.192796113,36.22598,43.860789,4.5282475,1,0,0,2.773978673,0.013848118,1,5,5,1,0 0 0.060000000000000005,0 0 0.050000000000000003,0 0 0.050000000000000003,wrist_3_link,-1,0,0 0 0,0 0 0,,0.012582354611510121 -1.1435427298933882 -0.083368164625047633 -1.535936113277764 0.026637321336541071 0.020516760158978728,0.028236405694410383 -0.034737189965061817 0.044658447736744294 0.027846328577075748 0.023241125813804914 0.016638916338655045,0.15114937094244907 -1.4021508066604014 0.20197259270062926 -1.3933248828730405 0.13559726642901082 0.10792328030247607,0.26959633436277503 0.23645335053111777 0.22837999705384571 0.15524756908551984 0.077670275386289012 0.04674909383919662,0.016716206743977943 -1.154967588340194 -0.071318622738839321 -1.5285144294800519 0.032639285012065561 0.024862718133825581,0.26942360386881359 -0.50140477614351719 0.94283103775777832 0.52919324496479991 0.38806082479609183 0.29655941334758118,56.510023300830838 -105.61140974601906 -11.407053573635118 -0.49979249874752973 1.7080843626228943 0.027354583090655471,-2.4611394831472211 -63.622717329711122 -22.17280504073716 -2.73063816830836 2.6713790667561028 -0.051310557444182336
ur,tetrapga,1.023609559,0.456845885,0.415225018,0.209652828,36.097943,43.759226,4.512242875,1,0,0,2.816887124,0.032734486,1,5,5,1,0 0 0.060000000000000005,0 0 0.050000000000000003,0 0 0.050000000000000003,wrist_3_link,-1,0,0 0 0,0 0 0,,0.014239260624411816 -1.1460446665008333 -0.079035224444399532 -1.5335882246675208 0.028390254720552819 0.021905716522490137,0.03613662563305424 -0.05035164961052007 0.08592388400190934 0.045843748767348272 0.033850227411871228 0.02709436024876587,0.1631487317742859 -1.3917222831453362 0.21194053106778657 -1.3866550562160298 0.13881332553589734 0.10980986888736828,0.27661942292608088 0.23823978039259888 0.22532941677657678 0.14832567877290026 0.068691401144289593 0.039113943318446365,0.017749868058998607 -1.1543034020647656 -0.067538701954229424 -1.5267346979789989 0.033604300227473169 0.025715634557516683,0.28401679685046566 -0.47465933053148934 0.95477770467375112 0.539578636848423 0.38619129514549744 0.29142715366985311,62.816408647197903 -104.41043538838154 -11.872693056929748 -0.64120431166433622 1.8273685584810058 0.026549668119915781,-1.5491449758260956 -69.185433278430537 -25.334497302492082 -3.2156558556944219 3.0221978860897067 -0.083777601668678869
ur,tetrapga,1.067435682,0.46119728,0.401583434,0.163625719,36.033503,43.86101,4.504187875,1,0,0,2.900353981,0.029881806,1,5,5,1,0 0 0.060000000000000005,0 0 0.050000000000000003,0 0 0.050000000000000003,wrist_3_link,-1,0,0 0 0,0 0 0,,0.015437228685094756 -1.1467017144990856 -0.076009476164088319 -1.5320334219091611 0.029460161723548192 0.022786971455437319,0.02021779302379496 0.005009690847144933 0.068981399441714622 0.0312706906480077 0.018500208305776287 0.017023854503860472,0.17541571550622684 -1.3812523961908718 0.22173737083393683 -1.380315434903256 0.14162131375497039 0.11135409664669334,0.28309293246489697 0.23945788963946277 0.22164123821342058 0.14089620006573522 0.059396509974319389 0.03133018924542158,0.018956005236267073 -1.1540171725097597 -0.064038883650893094 -1.5250018420846896 0.034597833384809415 0.026535286626992179,0.29530710802754923 -0.43932677847925361 0.9669006760332215 0.54777723242381082 0.38320030116234216 0.28549795256439725,68.763853646659584 -106.47044210652386 -11.963497792029102 -0.65476723831012729 1.882042770891815 0.027444743199664366,-4.3008307150391403 -53.996487351309952 -17.989907012692555 -2.2468253384058698 2.1982698852861731 -0.052294692365045137
ur,tetrapga,1.111370488,0.466799401,0.377662052,0.175250288,36.108439,44.115742,4.513554875,1,0,0,3.013342545,0.06640273,1,5,5,1,0 0 0.060000000000000005,0 0 0.050000000000000003,0 0 0.050000000000000003,wrist_3_link,-1,0,0 0 0,0 0 0,,0.016210730275108456 -1.145537550816381 -0.072596937276910384 -1.5305490957460497 0.030228886089494717 0.023541004462465168,0.013649411903636962 0.036305033023454496 0.090569504035839618 0.041357183499634478 0.02149305023657376 0.020305782975784684,0.18798587848858231 -1.3707154775513415 0.23138216072695506 -1.3742981655925619 0.14402037561872902 0.1125563538888425,0.28903307054282767 0.24010796500156706 0.21730221063398833 0.13293806099342542 0.049762759529099421 0.023374763612276445,0.020042198141766304 -1.153017303703112 -0.060457547018027309 -1.5233384985667975 0.035441826919403216 0.027271620268000916,0.30735379825981757 -0.40499275500520981 0.98254543073430334 0.55462129357152268 0.37855839778139383 0.27918434040903045,74.239431440369515 -109.51458211783634 -13.550676873990238 -0.88152525214914634 2.0855416821198891 0.027134859261184641,1.7459404721843725 -57.83259501768589 -8.051913659926015 3.6067422639171127 4.5531657197072732 1.6641309569023832
ur,tetrapga,1.155564246,0.472681134,0.37475743,0.215930725,36.076758,43.810652,4.50959475,1,0,0,3.13055121,0.047287271,1,5,5,1,0 0 0.060000000000000005,0 0 0.050000000000000003,0 0 0.050000000000000003,wrist_3_link,-1,0,0 0 0,0 0 0,,0.016848084005703725 -1.1436230853715179 -0.068621040741103478 -1.5289695051449277 0.030892191883180015 0.024289293782858816,0.011063721351794571 0.052967395890802571 0.087162619039046069 0.031757971356765273 0.010703352646687436 0.014482922524046956,0.20088091724715307 -1.3601004467125477 0.24087728765775904 -1.3686092367382441 0.14599996111993718 0.11340996279409611,0.2944389545978523 0.24018051059021275 0.21229545884585915 0.1244338763212086 0.039776434186605161 0.015233591833674176,0.021011157796810301 -1.1513634895545755 -0.05659957184897163 -1.5216817064997128 0.036153518251611685 0.027957971670999112,0.32075209038441077 -0.3804118771575502 0.99246525382422157 0.55903691951872581 0.3733136062900087 0.27218933069615553,79.396195976426526 -111.05618178249934 -14.118099219105911 -0.96620650369884675 2.1808971541216455 0.027471917418609108,-1.0417647717256813 -71.25713934551186 -26.417433686596326 -3.2602333106033257 3.2453890433962016 -0.044781345363361424
ur,tetrapga,1.199439861,0.478302439,0.366439569,0.225033494,30.449233,38.416363,3.806154125,1,0,0,3.557171537,12.867915377,1,5,5,1,0 0 0.060000000000000005,0 0 0.050000000000000003,0 0 0.050000000000000003,wrist_3_link,-1,0,0 0 0,0 0 0,,0.017571217762707914 -1.1414897973070683 -0.064189501393752582 -1.5271990445367609 0.031617080178554823 0.025100984693538438,0.01583228159281173 0.04519334962733583 0.10219165005395001 0.045043077342627171 0.020977612696401998 0.020508655445769113,0.21390679446914404 -1.3495714096369942 0.25007129757127072 -1.3633436213383323 0.14752269744076787 0.11389876197913454,0.29922784862596508 0.23967227273315914 0.20669490987541964 0.11551292481209005 0.029592302386848429 0.0070284646946317947,0.019440472140186776 -1.1441527103843561 -0.056651878840677475 -1.5227291022188207 0.034604975182592333 0.027164544254346393,0.23365679718485749 -0.3328641346609697 0.94220281913438853 0.55874278974252434 0.37348687550468862 0.25794494510099431,108.38970972813581 -116.97543106695747 8.4577518785009573 2.6316111871657011 -0.3478025788309651 0.051651927087277186,5.0992760830644954 -74.261053030581024 -17.597595668264489 2.1047198730620948 5.3866216007870094 1.4271165103231738
ur,tetrapga,1.237929119,0.483406921,0.36983901,0.241537532,30.332429,38.127909,3.791553625,1,0,0,3.563835656,0.056623073,1,5,5,1,0 0 0.060000000000000005,0 0 0.050000000000000003,0 0 0.050000000000000003,wrist_3_link,-1,0,0 0 0,0 0 0,,0.01827161988300292 -1.139856102262468 -0.06058604537024604 -1.5257311452110769 0.032229736804416945 0.025759514279318097,0.017057798239735251 0.046343229012775496 0.089552659823900094 0.034842358471516066 0.013152242778156378 0.01535458459967548,0.2254968489862168 -1.3403629456381292 0.25792398455235283 -1.3590543788391503 0.14848644216274062 0.11402930806092172,0.30294482482520541 0.23874843207498037 0.2012718452184242 0.10730936230217866 0.02045637789272764 -0.00025777735550250314,0.022700654288109946 -1.1471105988407249 -0.048176917522698821 -1.5181748233838996 0.037401600308137259 0.029261665352956601,0.40752276849039626 -0.3697360570460908 1.0593701647473317 0.56928485436514875 0.3495781406931156 0.26214013732627583,84.815164526223839 -99.461729164131526 -31.320588949942561 -4.0612617873389691 4.2016295314476473 0.0041506231401120782,0.23769327741359803 -79.707385425432221 -30.720092767549204 -3.8033018938094756 3.7710453031923379 -0.047642519054633681
ur,tetrapga,1.276121035,0.488343697,0.367785654,0.237260385,36.055136,43.989283,4.506892,1,0,0,3.617428241,0.091198897,1,5,5,1,0 0 0.060000000000000005,0 0 0.050000000000000003,0 0 0.050000000000000003,wrist_3_link,-1,0,0 0 0,0 0 0,,0.019067840189390561 -1.1382490603583382 -0.056889288454872504 -1.5241902033823387 0.032885452695800926 0.02643572669992467,0.019657722994189906 0.043772594334412912 0.089685349024519426 0.035853125814192401 0.013995406855881954 0.015457357132963518,0.23713008680200567 -1.3312692387730327 0.26550077466910427 -1.3551168402045046 0.14909187591345388 0.11388025531397829,0.3061779794567826 0.23738912224132189 0.19542615177468536 0.098833485532441964 0.011221718117485874 -0.0075585809685578265,0.024028846352313019 -1.1454881738536553 -0.044486922911861557 -1.5166800654102546 0.0379607063393737 0.029843776725055674,0.39307488919534583 -0.35104303176544838 1.005772509615513 0.56280599660806374 0.35214747967557547 0.24938508732688008,91.031461676500115 -109.38156144038773 -15.390780251021145 -1.2483121381772122 2.402721751072963 0.026202871584876979,-0.14583266137104545 -78.29592701112233 -30.180934100336515 -3.7493097383585337 3.7119692591593321 -0.047924113493643006
ur,tetrapga,1.320176907,0.496419289,0.378916235,0.217368188,36.097748,43.888197,4.5122185,1,0,0,3.685494346,0.175429605,1,5,5,1,0 0 0.060000000000000005,0 0 0.050000000000000003,0 0 0.050000000000000003,wrist_3_link,-1,0,0 0 0,0 0 0,,0.019455287153799104 -1.1354532030206157 -0.054413496259207654 -1.5233717596893575 0.032989341740009337 0.02671089764383185,0.0024322946669717489 0.074066551795060873 0.055226966047120386 0.015773749287507226 -0.00089519535190473246 0.0046060746497335317,0.25069084232070765 -1.3208553115033363 0.27395165282452283 -1.3509852550742985 0.14934816793188779 0.11336037388165031,0.30933534079100278 0.23527303867675617 0.18811742522086594 0.088658181285966309 0.00038163950913584765 -0.016054437587532028,0.028297544453910806 -1.1484175725167429 -0.035959920423934214 -1.5121303745640933 0.040684876513519493 0.031829163879628572,0.53358726269972323 -0.36617483288593833 1.065875310990918 0.56871135577016685 0.34052127176822444 0.24817339432161181,71.080430666109919 -100.51328611228823 -36.072668576695889 -4.6741806735041873 4.7482250240014565 0.0022255587967453397,-1.3279172371944412 -71.731501931172716 -26.809364695560333 -3.2298120862915312 3.3665570113405465 -0.014190455826373238
ur,tetrapga,1.364138853,0.501483038,0.356442075,0.249709283,36.196622,43.896653,4.52457775,1,0,0,3.81910838,0.137929094,1,5,5,1,0 0 0.060000000000000005,0 0 0.050000000000000003,0 0 0.050000000000000003,wrist_3_link,-1,0,0 0 0,0 0 0,,0.020399689000626872 -1.1335079994394393 -0.049433231362270014 -1.521248553070917 0.033862335850478861 0.027582117785057571,0.022439145498123349 0.047996473253240829 0.10585305903355025 0.042409499785895734 0.015324471532610979 0.017055003652713608,0.26434773085521862 -1.3105693819078346 0.28205047277302614 -1.3473183130574871 0.14912391836125422 0.11246704169198307,0.31186562187376998 0.23257665315078663 0.18023182892076808 0.078099674014704565 -0.010610604440691326 -0.024596005873328913,0.033414463720547745 -1.151312935006682 -0.027359419371614103 -1.5075903186051303 0.043385350120316142 0.033790774394909136,0.63961490832961765 -0.36192031124239338 1.0750626315400136 0.56750699487037493 0.33755920084958135 0.24520131441007076,55.220515830443738 -99.501833005630033 -39.384475137144072 -5.0957997622924331 5.1224577893930112 0.00050297344015230424,0.21760307299084047 -82.404063364618196 -32.462575493175166 -4.0671506469489032 3.9890516428136493 -0.052947259298377958
ur,tetrapga,1.408158717,0.506417657,0.360735916,0.2926552,36.166373,43.867194,4.520796625,1,0,0,3.957156375,0.060721156,1,5,5,1,0 0 0.060000000000000005,0 0 0.050000000000000003,0 0 0.050000000000000003,wrist_3_link,-1,0,0 0 0,0 0 0,,0.021649660280938249 -1.1315598429362457 -0.044483052529067875 -1.5191745383527506 0.034686845804455108 0.028419981150683248,0.031061342178618345 0.025459552007741831 0.14217372645487858 0.072764565616372234 0.039035498836695388 0.030481679461030416,0.27812024469399538 -1.3004015260319948 0.28979980345100764 -1.3441201440843642 0.14841180557617692 0.11119517686376372,0.31376954453275097 0.22929286466977739 0.17175597166902001 0.067144009830239673 -0.021766123232052223 -0.033196549560274749,0.031473085661042573 -1.1441933620720492 -0.027901437585810918 -1.5089729136981762 0.041644183319947632 0.032875379237445906,0.49262795753744676 -0.34462163757320674 1.002474795566259 0.55118934759552785 0.32601066969525083 0.22125018308121391,85.288016619631719 -116.08821785121793 -21.501033572298649 -1.9645922457053855 2.8797709722956757 0.022722085094704216,19.261789551392596 -96.576216004459638 -3.1835130763771531 11.813358235291162 9.5248713492570403 3.9248625033847802
ur,tetrapga,1.452091156,0.509187725,0.352630411,0.264595936,36.198285,44.09058,4.524785625,1,0,0,4.079916039,0.025051496,1,5,5,1,0 0 0.060000000000000005,0 0 0.050000000000000003,0 0 0.050000000000000003,wrist_3_link,-1,0,0 0 0,0 0 0,,0.023711704696152254 -1.1308359929921428 -0.038270665422843922 -1.5163506165712755 0.036018639368802272 0.029592693952373759,0.045712568142851483 0.018511309390441367 0.12440562779832841 0.055071295189231123 0.024979058773091548 0.022710537607192331,0.29193501400577027 -1.2904107445607556 0.29714929076901719 -1.3414171457873516 0.14720873522816821 0.10954762085982732,0.31503370942740377 0.22543564292373036 0.16273267099484895 0.055850578915336013 -0.033020942956951724 -0.041811394933211551,0.031170704753291055 -1.1403124001083746 -0.025236339507760865 -1.5083512980802192 0.041293364752111983 0.032868921410541818,0.44728869683670541 -0.34971532203481309 0.98121399957081934 0.53880838181333257 0.3077441759671285 0.20436060195399763,97.5468592894062 -121.83131966619206 -22.537829503411292 -2.0840505946012517 2.974480960645705 0.023467980692910614,0.072610693847906305 -87.31665890046861 -35.399221978197247 -4.5035865090521838 4.3272767054992158 -0.070563989564789154
ur,tetrapga,1.496252838,0.509890293,0.346012237,0.252883273,36.152401,43.941644,4.519050125,1,0,0,4.080079473,0.132956882,1,5,5,1,0 0 0.060000000000000005,0 0 0.050000000000000003,0 0 0.050000000000000003,wrist_3_link,-1,0,0 0 0,0 0 0,,0.026878208572581514 -1.1311931062442193 -0.030940886621840372 -1.5128290748238602 0.037837983708366871 0.031072162937824742,0.065355011900176091 0.005916076936840561 0.1174442953419379 0.051901498796663482 0.022585959166247602 0.020214413895416301,0.30586360224084136 -1.2805514227909174 0.30412536450680039 -1.3392076231527743 0.14549886950957694 0.10750963488751483,0.31565736359293106 0.2209779941045614 0.15310968072690881 0.044160107984734714 -0.044429177736999184 -0.050486329733409552,0.032389384649785628 -1.1384746828720791 -0.020723040975228042 -1.5069457091391298 0.041444015477754025 0.033161730111136475,0.42061599835616831 -0.34024121197277357 0.92069651119657214 0.45555966411374949 0.23479265593932458 0.14889849211914835,92.398993585608622 -126.72693398123091 -28.093869692109475 -2.8551192516786275 3.4027975115040423 0.017117750485532265,-9.4455509979543706 -55.664055680244019 -37.932490970633715 -9.4855710177698711 0.90752532232573913 -1.9160764513104027
ur,tetrapga,1.540270482,0.503905781,0.299143868,0.230980868,36.192472,44.056561,4.524059,1,0,0,4.010222428,0.040620715,1,5,5,1,0 0 0.060000000000000005,0 0 0.050000000000000003,0 0 0.050000000000000003,wrist_3_link,-1,0,0 0 0,0 0 0,,0.028748576704421498 -1.1301963756819042 -0.027155161268889762 -1.5111697413651126 0.038531199215610247 0.031693827405508079,0.031822865707309987 0.03041500178339461 0.079433816560985138 0.032791509587588474 0.012049531637688357 0.011997648951378352,0.31139969227695441 -1.2787727786819418 0.30252214182270237 -1.3436249052276024 0.13954529458644871 0.10234926884232005,0.10520344756742431 0.020721899158465514 -0.057163392890948857 -0.11613469117760902 -0.14500408469265236 -0.12403447313655905,0.033675113350804427 -1.1369654820321282 -0.016918245154497219 -1.5058371655607119 0.041488814702343127 0.033320618940971131,0.38826658421260785 -0.32874409439208085 0.87760699594521063 0.40256996142618051 0.18765091945762402 0.11160502283110735,93.228537974477462 -132.52804758164663 -30.481590828552143 -3.1044557372256882 3.6046760073908275 0.016836150396437984,-2.1986460828332781 -76.223686571599501 -30.204629460863742 -3.7658276318788921 3.7885748253511338 -0.037157482062823988
ur,tetrapga,1.584409861,0.498037213,0.298649112,0.228218114,42.227547,49.954136,5.278443375,1,0,0,3.91943199,0.038395554,1,5,5,1,0 0 0.060000000000000005,0 0 0.050000000000000003,0 0 0.050000000000000003,wrist_3_link,-1,0,0 0 0,0 0 0,,0.029787128193264237 -1.1284134587923911 -0.023897519268997757 -1.5098862902514383 0.038891367661400458 0.032098516642867621,0.017573491471387023 0.049747520903571783 0.072484649940656051 0.025957424556420802 0.0049821157382341757 0.0078226898541813271,0.31590187891556082 -1.2779986641280425 0.29984806006314635 -1.348863959001575 0.13308285190400301 0.096846136037538388,0.098780221874198243 0.014353158178786834 -0.063987130434288608 -0.12122432258115361 -0.14778042723806561 -0.12529601713418584,0.036231675279195651 -1.1374816362981206 -0.011549549843655024 -1.5037574758529693 0.042160541812654578 0.033797372133653303,0.441069777222034 -0.33177000949082169 0.88918922993341609 0.38649636005303273 0.1651361088183898 0.09778484590100571,84.750382777470534 -131.25512463315687 -40.925609471963583 -4.7967081306962118 4.9809455135644782 0.0088509544192196185,-1.8160075599288064 -75.311977733223102 -29.763435297939402 -3.6797699871003715 3.7710800737889798 -0.024198447442557836
ur,tetrapga,1.634441338,0.490948278,0.325338005,0.215602127,42.063616,49.777592,5.257952,1,0,0,3.867381588,0.093531517,1,5,5,1,0 0 0.060000000000000005,0 0 0.050000000000000003,0 0 0.050000000000000003,wrist_3_link,-1,0,0 0 0,0 0 0,,0.030872887274836995 -1.1260083899165028 -0.019434390712320213 -1.508333694700503 0.039176824659226755 0.032512994547936158,0.024035449112928747 0.049652708638967279 0.10388000398959817 0.034843469442579843 0.0056036804480627742 0.0081842859635971148,0.32065970466077104 -1.2774611919864898 0.29645550395923226 -1.3550690850247353 0.12561576563347315 0.090544921725030522,0.091395373065488422 0.0071327243186950166 -0.071608841453125377 -0.12678739438123257 -0.15066898936642614 -0.12656544731062866,0.038647965748106548 -1.1372060835247342 -0.006496566229776346 -1.5019758886229284 0.042571523078043273 0.034131858020078128,0.46949843375006989 -0.32409485275222116 0.87802422888062193 0.36570524274054028 0.14461381921820582 0.081947535356763412,79.492615230996847 -134.74363857783084 -44.568225684281458 -5.2674246368040754 5.385734415776942 0.0073896584075423526,2.6100262542262556 -71.148701918878032 -26.26180873608449 -3.2382126249831344 3.373399394984915 -0.010915362831809716
ur,tetrapga,1.684297262,0.483538097,0.346605632,0.246229855,42.683913,50.5685,5.335489125,1,0,0,3.829665199,0.094616494,1,5,5,1,0 0 0.060000000000000005,0 0 0.050000000000000003,0 0 0.050000000000000003,wrist_3_link,-1,0,0 0 0,0 0 0,,0.032073451765292769 -1.1233514858716538 -0.014490832444653323 -1.506763376563522 0.039337197297187182 0.032866547206117466,0.030428780162484806 0.039963885254253761 0.12269163317546081 0.04186157688360493 0.0076672965623725059 0.0094419392733487394,0.32503074831943546 -1.2772847923387316 0.2926987391193695 -1.3615236951558318 0.11803802664489699 0.084206900266986129,0.083935699718654694 -5.4119516489084081e-05 -0.079073357055801125 -0.13210478463331346 -0.15327001272070734 -0.12765951767832928,0.040875290497089642 -1.1362723390691101 -0.0016218052025860925 -1.5004857600501413 0.042701064212121206 0.034307165077319748,0.48386915558581711 -0.31623811970578886 0.85916594761368725 0.33587506974193082 0.11726532241149422 0.061454345091472823,76.539389787590835 -138.75378651915597 -47.606815491762582 -5.6454893713844392 5.6735106637844064 0.0058733683418728446,6.2279736129671335 -81.255852257610059 -31.615098509892348 -3.9700365651688116 3.9702456730336024 -0.020316848730431047
ur,tetrapga,1.734941796,0.475383258,0.353125098,0.252503999,42.03708,49.856957,5.254635,1,0,0,3.794010122,0.047012303,1,5,5,1,0 0 0.060000000000000005,0 0 0.050000000000000003,0 0 0.050000000000000003,wrist_3_link,-1,0,0 0 0,0 0 0,,0.033632979038605411 -1.1214164944166569 -0.00929818419927852 -1.5050544601777069 0.039587953067879475 0.033240776539051088,0.036603579566334241 0.026807339777698589 0.12207617105427605 0.042630382712672624 0.0091483323487491202 0.0090164009727730018,0.32908777224060565 -1.2774720216404964 0.28850512733352141 -1.3683458244991782 0.11021488367230314 0.077717202058412552,0.076265241755884422 -0.0073356719688014533 -0.086510979581253367 -0.13726650316908029 -0.15562460079262996 -0.12859513046001247,0.042992090948052029 -1.1350665537644562 0.0031799961507597979 -1.4991193840627375 0.042695533995179169 0.034400217223463952,0.49092228944793154 -0.31352198230743233 0.84011201281487446 0.31356887741192241 0.096593446139799366 0.044956160088921865,75.187019626967967 -142.43435119015282 -49.770122365875139 -5.8916842982813735 5.8909617764473161 0.0056237450773133756,7.529061987829607 -83.326319813233567 -31.242753894560376 -3.8283454252659794 3.9808244302774227 0.0016550381993312158
ur,tetrapga,1.784886398,0.466911192,0.3540046,0.244664468,41.824743,49.592959,5.228092875,1,0,0,3.755526115,0.00228249,1,5,5,1,0 0 0.060000000000000005,0 0 0.050000000000000003,0 0 0.050000000000000003,wrist_3_link,-1,0,0 0 0,0 0 0,,0.035524506675390179 -1.1200875678037241 -0.0041515468059804394 -1.5033309157655026 0.039879819088205683 0.033591250445294894,0.042261243958072521 0.01733628814187313 0.11691116116107177 0.039996459765634797 0.0079803912680236275 0.0072516201028346664,0.33270618940164193 -1.2780171383234615 0.28400439625699614 -1.3753235793819172 0.10239026903045302 0.071275159173382494,0.068619356976404436 -0.014487508830330429 -0.09369148721946545 -0.14211211726473758 -0.15765933200479768 -0.12934349598219572,0.045074861563370427 -1.1338238656069264 0.0078952711042835633 -1.497854564081629 0.042589941780278757 0.034419381448344596,0.49370833543548293 -0.31275729158166293 0.81852008658860342 0.28971286334995383 0.074792063980369666 0.027675739927863832,74.366232428533252 -145.78215741707069 -51.861436658219397 -6.1427519243614928 6.0918228086403774 0.0049478209298500064,6.4254482601646146 -80.739274487951661 -30.548702314459689 -3.7634004100909806 3.889364516094588 -0.0063930968022134493
ur,tetrapga,1.834554495,0.458442947,0.355532844,0.236322596,41.878636,49.859673,5.2348295,1,0,0,3.718780753,0.022831306,1,5,5,1,0 0 0.060000000000000005,0 0 0.050000000000000003,0 0 0.050000000000000003,wrist_3_link,-1,0,0 0 0,0 0 0,,0.037601579394828603 -1.1190850552367801 0.00079185674651979982 -1.5017146339579961 0.040121224947268788 0.033870261594637949,0.044649342909470806 0.013459586598352207 0.11251004269023887 0.037114376334096359 0.0060799115854668559 0.0053703662428463408,0.33592408261144135 -1.2789125489734376 0.27917693318306513 -1.3824965555314517 0.094515292314054283 0.064835997512360924,0.060945690306251389 -0.021560978312466346 -0.10066946858206073 -0.14668232764335593 -0.15939697894932722 -0.12991547494167829,0.047152673143805619 -1.132635710023741 0.012482758818523081 -1.4967015044755625 0.042390105447236107 0.034361188959494485,0.49326651532133092 -0.31206837616890354 0.79541766296005734 0.26475963439480021 0.052167859401230122 0.0098859343220688446,73.878397899232155 -149.2253289691636 -53.977251968907879 -6.3997601346896049 6.300384882355571 0.0042900309472384563,5.4660212740798499 -77.986456595285745 -29.545884966236699 -3.64213521277361 3.7699736449165755 -0.0074988480970858973
ur,tetrapga,1.884486626,0.449890932,0.358389782,0.232341725,41.967047,49.727956,5.245880875,1,0,0,3.688470715,0.032216096,1,5,5,1,0 0 0.060000000000000005,0 0 0.050000000000000003,0 0 0.050000000000000003,wrist_3_link,-1,0,0 0 0,0 0 0,,0.03983269963951111 -1.1181326411887293 0.0058196377988709337 -1.5001402017236831 0.040284081182019156 0.034080994553578374,0.046537721475984055 0.014381674330583931 0.11045683573581469 0.034190370558632485 0.0029987302193406002 0.0034345644517104939,0.33877335605033371 -1.2801656710623663 0.2739787528206109 -1.3899300944837281 0.08651866710919516 0.058338291790258831,0.053170937158512711 -0.028623004420778499 -0.10751040253902029 -0.15101987775215314 -0.16085423256136008 -0.13031702435835713,0.049247100463293926 -1.1314919511727568 0.016989386305871813 -1.4956494950578867 0.042094941760535187 0.034225152044356021,0.49055258694524229 -0.31025104472110943 0.77155096778272103 0.238960466213233 0.028917797450414538 -0.0082485392074292084,73.543987664295614 -153.09514840283535 -56.302538016134591 -6.6841266397646022 6.5363695932648227 0.0036237501142798662,3.708806976254948 -76.672769323690773 -30.581459905803822 -3.8453364490314925 3.8906839970157989 -0.0097320992657756733
ur,tetrapga,1.934294125,0.441840108,0.361817638,0.233197882,41.816292,49.702715,5.2270365,1,0,0,3.665306234,0.031193572,1,5,5,1,0 0 0.060000000000000005,0 0 0.050000000000000003,0 0 0.050000000000000003,wrist_3_link,-1,0,0 0 0,0 0 0,,0.041946569562691646 -1.1171212709402216 0.010508728770140266 -1.4987574822176983 0.040330485297592408 0.034207385689910129,0.043936223153939503 0.016046788276071193 0.10808730237111565 0.031633448718368012 0.00088359691566425704 0.0015639479532954781,0.34122747115344559 -1.2817655399190839 0.26845779099787415 -1.3975543161421162 0.078476759192517162 0.051841150611622665,0.045365598710908464 -0.035608442198472187 -0.11415009779831151 -0.15508330759711877 -0.16201675641076563 -0.13054420093004812,0.051304977131377077 -1.1303590976632121 0.021345060980081501 -1.4947322097732672 0.041690476574107883 0.03400477874211779,0.48537617415421525 -0.30747706857365853 0.74697988226782175 0.21178525932154948 0.0045811161635485667 -0.026991464203344834,73.422994964388963 -157.35801342055282 -58.806444113542497 -6.9912841131085299 6.7909362099967714 0.0029009628089545435,4.8919270531956158 -76.955301179627895 -29.475980715155359 -3.6245516222979859 3.7625643924951646 -0.0084599433826610948
ur,tetrapga,1.984107009,0.434055863,0.366330265,0.235031085,41.953488,49.668507,5.244186,1,0,0,3.650136885,0.02571261,1,5,5,1,0 0 0.060000000000000005,0 0 0.050000000000000003,0 0 0.050000000000000003,wrist_3_link,-1,0,0 0 0,0 0 0,,0.044034170585647042 -1.1160314761492196 0.015178286026337284 -1.497464857171442 0.040271656324551069 0.034258948238403079,0.043864136491059941 0.017967037824167028 0.10775703881472867 0.029362140846635958 -0.001798314446297411 -0.0003341402254180741,0.34329199404463745 -1.2837118933486953 0.26261026000566673 -1.4053751050927354 0.070383338722102784 0.04533630064330841,0.037519774651546316 -0.042525865966463287 -0.12059664193231309 -0.15887801307365704 -0.16288739502027774 -0.13059836952851275,0.053319586068176092 -1.129210930490069 0.025584904034992979 -1.4939329403952073 0.041183416744852562 0.033706729215679493,0.47903882165394124 -0.30421727566938211 0.72269209916844168 0.18530390345045306 -0.019044345858265234 -0.04519898756370163,73.359591059902712 -162.01821347197711 -61.46924476745783 -7.3161434002200814 7.0694034940033443 0.0022907428960097075,4.9517165212250234 -77.560258050334596 -29.941963244944112 -3.6774721688134377 3.8171620239565556 -0.0091529697796346454
ur,tetrapga,2.033885329,0.426575906,0.369996887,0.237955774,41.889856,49.621589,5.236232,1,0,0,3.642550146,0.018124761,1,5,5,1,0 0 0.060000000000000005,0 0 0.050000000000000003,0 0 0.050000000000000003,wrist_3_link,-1,0,0 0 0,0 0 0,,0.046120736762585657 -1.1148598532835268 0.019833309130159748 -1.4962645655079936 0.040104053077170194 0.034234185592049195,0.043643186750913131 0.019753973792969701 0.10660104705986645 0.026726643183236431 -0.0045986246805125794 -0.0023129046280740829,0.34496389609648975 -1.2859992018642981 0.25645102037244977 -1.4133724830754573 0.062259487988470814 0.038837564558223701,0.029650112714522177 -0.04936004717414031 -0.12683547079067584 -0.16239551668984425 -0.16346502018941481 -0.13048002782768592,0.055293525722215534 -1.1280281215170804 0.029731997844808084 -1.493247904788563 0.040571732253958687 0.033331736020969567,0.4717064975546314 -0.30062004108088702 0.69812406700292695 0.15849273560510488 -0.042730446746660176 -0.063357161100293269,73.265775994752389 -166.99444869761848 -64.295408692362471 -7.6614101532231089 7.3649612574392345 0.0016219381319502815,4.8897162432546963 -78.525405270513147 -30.630890713118774 -3.7578487651453543 3.8976153333387629 -0.010181398654665941
ur,tetrapga,2.083584648,0.419485657,0.372983442,0.240721271,41.892097,49.98438,5.236512125,1,0,0,3.642230644,0.008593416,1,5,5,1,0 0 0.060000000000000005,0 0 0.050000000000000003,0 0 0.050000000000000003,wrist_3_link,-1,0,0 0 0,0 0 0,,0.048191141592059603 -1.1136260586994646 0.024431696655400206 -1.4951710057672638 0.039826326441887418 0.034130389237889344,0.043147675261272819 0.020939443474974114 0.10473800092498661 0.023962165312892175 -0.0072963567721076057 -0.0042784832343982513,0.3462418259415419 -1.2886201210918371 0.24999696696453291 -1.4215249314917382 0.054127099795754439 0.03235928316338553,0.021774055214455943 -0.056095570308168224 -0.13285251365577319 -0.16562844696581835 -0.16374997660295171 -0.13019049720635192,0.057225813139388813 -1.1268038658776534 0.033792481082537781 -1.4926769775769133 0.03985484218057788 0.032880532999197132,0.46348543121403268 -0.29703250812212434 0.67319481688520799 0.13146280704061827 -0.066317327545372978 -0.081358290750297518,73.132848446960367 -172.20413903096113 -67.225715369067274 -8.0187262319643065 7.6726438057762882 0.00095662433518454233,4.8299611348458029 -79.438019294806509 -31.275911233419251 -3.8312520694526029 3.9731810414249793 -0.010682374569668696
ur,tetrapga,2.1336564,0.412820449,0.375542023,0.242855807,42.015128,49.968816,5.251891,1,0,0,3.650641309,0.002269272,1,5,5,1,0 0 0.060000000000000005,0 0 0.050000000000000003,0 0 0.050000000000000003,wrist_3_link,-1,0,0 0 0,0 0 0,,0.050235686770044682 -1.1123560888714799 0.028945800771043684 -1.4941890696837825 0.03944272575800005 0.033948117158486057,0.042528539189587544 0.021648896658073093 0.10248412096732343 0.021134079446424706 -0.0099136955833699723 -0.006228602486852918,0.34713322773965821 -1.2915967886569018 0.24319766998407943 -1.4298938170978239 0.045926803019498467 0.02585131396959137,0.013830354700906494 -0.062783277726309955 -0.13869159020141941 -0.16859895568451724 -0.16374267324137345 -0.12972650046670381,0.059114249933888093 -1.125541149377729 0.037764010747593557 -1.4922208426956987 0.039033914806053713 0.032354116782668904,0.45449604835441398 -0.29365346895236594 0.64789996786616266 0.10426973849150163 -0.089737283609963525 -0.099164032043807332,72.948325650900529 -177.5977334930158 -70.238896846351665 -8.3856580451008327 7.9899779920510055 0.00029145958449574021,4.7630167846867266 -80.142416450051314 -31.809174548383155 -3.8908166556539072 4.0347161513460179 -0.0111613366040757
ur,tetrapga,2.183712744,0.406515183,0.3779619,0.244864717,41.961094,49.710794,5.24513675,1,0,0,3.667294577,0.017865906,1,5,5,1,0 0 0.060000000000000005,0 0 0.050000000000000003,0 0 0.050000000000000003,wrist_3_link,-1,0,0 0 0,0 0 0,,0.052336842225761793 -1.1110195802722376 0.033563472792792814 -1.4932844768365148 0.038930127467279425 0.033671937594630094,0.043090069868528001 0.022682252454812934 0.10016426373734137 0.018218614424017933 -0.012862660046767619 -0.0080283690425403346,0.34762678658455726 -1.2949045852074881 0.23611400963911519 -1.4384015091187852 0.037736769182562462 0.019372873789644775,0.0058909662597339974 -0.069360864094159869 -0.14429645515042314 -0.17127671004803535 -0.16344098059423953 -0.12909090544154514,0.060980278138331179 -1.1242341177800272 0.041691935820725293 -1.4918707829972626 0.038105003110583825 0.031750018153687727,0.44504751643433194 -0.29042008483389875 0.62225744522898985 0.076996029204993488 -0.11287060759703961 -0.11669422899643472,72.654949250201184 -183.19172912721552 -73.349377869853512 -8.7640549966599934 8.3192691230971985 -0.00037293104160724788,3.5555379068201773 -80.805356565538204 -33.526457812719457 -4.1415350130100705 4.2969326246085444 0.017506046608261272
ur,tetrapga,2.233532063,0.400937282,0.380093476,0.246265017,42.090043,49.965647,5.261255375,1,0,0,3.692021012,0.038740946,1,5,5,1,0 0 0.060000000000000005,0 0 0.050000000000000003,0 0 0.050000000000000003,wrist_3_link,-1,0,0 0 0,0 0 0,,0.054317724160199289 -1.1097089535303206 0.037876189121402441 -1.4925367493667785 0.038335839646966678 0.03333088355075671,0.042306904354360346 0.023236832364104714 0.097760804529948148 0.015392048061759481 -0.015383385737129595 -0.0099091229685819345,0.3477236732225783 -1.2985207651829285 0.22879124979771878 -1.4469946971121077 0.029607772432923233 0.012960926234023578,-0.0019985349039711446 -0.075790802601662544 -0.14963585807037696 -0.17364834232972368 -0.16284996571248389 -0.12828917184305597,0.062793898561686934 -1.1229029860535171 0.045509500338396 -1.4916388605193081 0.037077668998210613 0.031074175138544914,0.43490736473609093 -0.28751991698956936 0.59643764906267771 0.049801758791704516 -0.13563040580861604 -0.1338824205512581,72.324053214781628 -188.9128522563868 -76.508782697176912 -9.1476437911293029 8.6539910506720581 -0.0010259229067360433,3.4685707644828767 -81.267455744048675 -33.894495349830976 -4.1751529662551548 4.3475412131941624 0.022012306122960013
ur,tetrapga,2.283578981,0.396002781,0.381146172,0.247607534,41.931538,50.026123,5.24144225,1,0,0,3.726748953,0.062212137,1,5,5,1,0 0 0.060000000000000005,0 0 0.050000000000000003,0 0 0.050000000000000003,wrist_3_link,-1,0,0 0 0,0 0 0,,0.056242512425497777 -1.108363717370118 0.042043493112274233 -1.4919074361793914 0.037651672836455305 0.032924613840237135,0.039613768114010649 0.023205246069472846 0.094501477520709642 0.012404710956078898 -0.017476317311131858 -0.01187666707816999,0.34742578175644789 -1.3024728859650594 0.2211733651427607 -1.4557386743917207 0.021478539725805615 0.0065641142324087713,-0.0099012731889901832 -0.082124015933010178 -0.15475183479343566 -0.17573284197347483 -0.16196626189304456 -0.12731546163617286,0.06454662020062131 -1.121549102843622 0.049206352406791935 -1.4915242988006123 0.035957436447069321 0.030331041062518792,0.42382102162270796 -0.28511674511933505 0.57041923436579733 0.022713204214563847 -0.15796668883780746 -0.15071796893114764,71.990658546604251 -194.72432232917626 -79.696557562268069 -9.5341405327381157 8.9918968117845051 -0.0016683249140760027,4.5581105621099027 -81.710486090537415 -33.091318752758212 -4.0292954175520208 4.1765048542159064 -0.013049902449829176
ur,tetrapga,2.333713755,0.391703145,0.383226631,0.248439198,47.806486,55.546635,5.97581075,1,0,0,3.757895523,0.092027916,1,5,5,1,0 0 0.060000000000000005,0 0 0.050000000000000003,0 0 0.050000000000000003,wrist_3_link,-1,0,0 0 0,0 0 0,,0.058129842291762115 -1.1070197345342871 0.046133816299756582 -1.4913886427080236 0.036864402115137342 0.032438785914477908,0.039198588354564246 0.023734321156747794 0.092594966485195912 0.0096050468570595543 -0.020076243326656425 -0.013799781880922882,0.34673161046849293 -1.306746376037379 0.21329178966361642 -1.4645950400191339 0.013386626750691416 0.00020913204835335141,-0.017784491971224021 -0.088332698702687465 -0.15962029601777922 -0.17751886638462694 -0.16079221183893239 -0.12617273530059825,0.067387518116357722 -1.1221177617273395 0.053296231984509293 -1.4914312889333674 0.034712734441091554 0.029323958502758013,0.45537439429297655 -0.29810374029802417 0.55924332388709708 0.0095066069589240555 -0.16975908931078285 -0.15881883328195848,66.531001226378194 -193.27692135021135 -82.591276463556227 -10.020559378553617 9.5361805829053097 -0.0016340121727070978,4.3821036363933672 -81.984935411997867 -33.413507201335705 -4.063796033460676 4.2110157911490802 -0.013174013156060482
ur,tetrapga,2.389370538,0.387667272,0.386341774,0.253375749,41.928936,49.781537,5.241117,1,0,0,3.84772903,0.096332213,1,5,5,1,0 0 0.060000000000000005,0 0 0.050000000000000003,0 0 0.050000000000000003,wrist_3_link,-1,0,0 0 0,0 0 0,,0.060232554937676437 -1.1054939866900542 0.050686945710057149 -1.4909400845304772 0.035837599251138753 0.03178619097437306,0.040873838960460082 0.026505499864062976 0.089354423535892263 0.0069545780732734059 -0.022497272918137929 -0.01477402531426519,0.3454994012698257 -1.3118506306231741 0.20426451023288569 -1.4745221626350764 0.004481410989700064 -0.00677348409056575,-0.026484160509173151 -0.095055597491009419 -0.16471574152290369 -0.17914479212119266 -0.15915416084563536 -0.12471053658066074,0.06902981198181074 -1.1202722284730648 0.056843321579151639 -1.4914858029977158 0.033448294223967348 0.028520795545539688,0.42887933251541677 -0.28880131313084029 0.52492639540692299 -0.022164395633895079 -0.19320705245450059 -0.17734013439026128,67.222574731417012 -202.49374345384109 -84.67231129378257 -10.144482406682197 9.5182539389110907 -0.0031010207965465521,1.6267572264888486 -83.613997115969141 -36.095178336314149 -4.4338467566640247 4.6902539890444217 0.045058636648825257
ur,tetrapga,2.439228603,0.384972065,0.390703386,0.272205617,41.869943,49.972923,5.233742875,1,0,0,3.91964629,0.125659788,1,5,5,1,0 0 0.060000000000000005,0 0 0.050000000000000003,0 0 0.050000000000000003,wrist_3_link,-1,0,0 0 0,0 0 0,,0.061996551188863623 -1.1040853567637832 0.054523078982867824 -1.4906472741251553 0.034879849664112797 0.031175183845669908,0.038697603548542681 0.018697695132189916 0.096197920015397245 0.0053463179934440299 -0.025805942429437182 -0.018712708392424563,0.34398585953300259 -1.3167366946526198 0.19594425103266702 -1.483483555557003 -0.0034109225744204416 -0.012955070880883433,-0.034219880254531099 -0.10091728570517487 -0.16899686386008031 -0.18028077089809685 -0.1573917909630434 -0.12323020739358757,0.070526973833640566 -1.1185035510442229 0.060236043419941487 -1.491687608102898 0.032074367274112649 0.027626578147084382,0.40693463125832618 -0.28475506230982123 0.49659781123260083 -0.051429665415283848 -0.21647697623638279 -0.19472680918598312,67.863377273221772 -209.97927009184986 -88.507026109185631 -10.60458209961226 9.9254194880302098 -0.003653243737645639,8.2732160317794978 -89.827853720906205 -36.468680890838385 -4.3899309310172612 4.5099821994380278 -0.025481311760238157
ur,tetrapga,2.4892864,0.382328322,0.387574096,0.255393492,41.890392,49.761095,5.236299,1,0,0,3.993955388,0.13374931,1,5,5,1,0 0 0.060000000000000005,0 0 0.050000000000000003,0 0 0.050000000000000003,wrist_3_link,-1,0,0 0 0,0 0 0,,0.064127141443724001 -1.1030841394956472 0.058739188816717178 -1.4904161156560374 0.033725863484889658 0.030385729540947308,0.044028074422641325 0.016242059274283391 0.085875918654226446 0.0021119632050564121 -0.02655389554351234 -0.01892203969693218,0.34207983609210674 -1.3219323437189461 0.18738279721962231 -1.4925301850371397 -0.011239557236404478 -0.01908317422646728,-0.041921275360132057 -0.10664110453980398 -0.17301934494128149 -0.18111546500083539 -0.15534632037098695 -0.12158450041565542,0.072042190345495472 -1.1169119218385775 0.063605467821882727 -1.4920076619583091 0.030580529230809443 0.026627816398854531,0.38939682616675531 -0.28290296018730843 0.46795475659341507 -0.079740870890780163 -0.23833901199968205 -0.21106869958694779,67.767152144284367 -216.79851996167918 -92.084857997777419 -11.036238971269086 10.308251838953788 -0.0042610334535071927,3.096726009223687 -84.27985237908797 -36.12291050713219 -4.39912639974591 4.6435935096781904 0.044969658316631467
ur,tetrapga,2.539153842,0.380758052,0.38568699,0.248782882,47.865927,55.883908,5.983240875,1,0,0,4.06413786,0.184956073,1,5,5,1,0 0 0.060000000000000005,0 0 0.050000000000000003,0 0 0.050000000000000003,wrist_3_link,-1,0,0 0 0,0 0 0,,0.066104451973065012 -1.1020776860836536 0.062365620443905527 -1.4903253737712243 0.03261081811329699 0.029623950570757181,0.039266929749829843 0.018729704041132122 0.079588938031667555 -0.0013730209210929371 -0.028080935124589521 -0.020205532494398656,0.33979957605573935 -1.3273889466782123 0.17866066759089461 -1.5015763395069133 -0.0189298454092372 -0.02510215376994605,-0.049518251849384895 -0.11217450578790938 -0.17674617037761287 -0.18164179544669609 -0.15303836672354434 -0.1197889401758904,0.074600576535716806 -1.1174530389596602 0.067072323086080771 -1.492544050635737 0.028841701344154126 0.025253789383003208,0.41257543584689255 -0.29942457380600385 0.45272952330564853 -0.093334337601690409 -0.2490767496207818 -0.21856797341739426,63.179373036141939 -215.08893181685593 -94.168661009482605 -11.398909579848626 10.776320096722845 -0.0031795040178283938,3.0984189120504197 -82.09835100618875 -34.344472050242473 -4.1655269525244876 4.3100043742400516 -0.01193216300770672
ur,tetrapga,2.595141124,0.380165347,0.390108319,0.252770961,42.092792,49.931137,5.261599,1,0,0,4.206481757,0.225533954,1,5,5,1,0 0 0.060000000000000005,0 0 0.050000000000000003,0 0 0.050000000000000003,wrist_3_link,-1,0,0 0 0,0 0 0,,0.068134255919804015 -1.1007515669632828 0.066316055050656714 -1.490381824441656 0.031219185610229686 0.028678440760707812,0.038184545731009267 0.025050061902832082 0.078039388226569417 -0.0034586672722190467 -0.030362138226552988 -0.020820266162811015,0.33679073196145881 -1.3338383818831101 0.16865581920385375 -1.5117541429504138 -0.027418232480417835 -0.03174817211414175,-0.057945876260768414 -0.11817694747262235 -0.18059058297935696 -0.18186982022420931 -0.15013227032604512 -0.1175910276126263,0.076050137988272412 -1.1155936514601124 0.070237623474595598 -1.4930001123291801 0.027268582169512078 0.024225109788707531,0.38326770081672479 -0.28949756244333114 0.41929592467135601 -0.12457728024538978 -0.27093628014511739 -0.23560530484022824,63.672128392926787 -225.29991851388024 -97.208107968161372 -11.663957329857844 10.855565635128391 -0.0055405056577142956,0.92819043350817765 -83.414417074914127 -36.443900055735412 -4.4340894205734003 4.7473951884812351 0.063577163142987558
ur,tetrapga,2.645175103,0.380761326,0.392597482,0.275391021,47.93937,55.784593,5.99242125,1,0,0,4.314199689,0.290902538,1,5,5,1,0 0 0.060000000000000005,0 0 0.050000000000000003,0 0 0.050000000000000003,wrist_3_link,-1,0,0 0 0,0 0 0,,0.069762714249800808 -1.099362015727307 0.069716375179130846 -1.4905130459923914 0.029933771664066113 0.027819822446025082,0.034988121535109121 0.020637464233910545 0.085170740200080849 -0.0068833228450233212 -0.035748136211794908 -0.025938747584778252,0.33370517966960561 -1.3398813219027568 0.15954071464518341 -1.5208520760280089 -0.034859155206608275 -0.037579213343566092,-0.065375491132707353 -0.12334499620898656 -0.18371695039914865 -0.18174945747048646 -0.14725972843408383 -0.11546745305614049,0.078456360479636972 -1.116008431687822 0.073392109259278304 -1.4937998725833357 0.025348071039646064 0.022728778846577372,0.39901880733418843 -0.30546683678880021 0.40245522770197473 -0.13883044328177827 -0.28170747708565869 -0.24320875303685638,59.95948411784174 -224.25346932323779 -99.21730530675049 -11.999922993279949 11.314915858511835 -0.0039116118763985099,7.2639224148522317 -90.879036861178975 -37.759606071375373 -4.5298723484311267 4.6227291407836049 -0.034179834005215071
ur,tetrapga,2.701053325,0.381815636,0.391470368,0.263040501,41.91428,49.836141,5.239285,1,0,0,4.482035615,0.282286837,1,5,5,1,0 0 0.060000000000000005,0 0 0.050000000000000003,0 0 0.050000000000000003,wrist_3_link,-1,0,0 0 0,0 0 0,,0.071838671661556205 -1.0981940184048746 0.073767831090816582 -1.4908228702287192 0.028230788501049882 0.026632887664517043,0.040387886163906747 0.019922603624789922 0.074919092126857212 -0.0084189969756375046 -0.034686065278971334 -0.024446314426903853,0.32982316411524537 -1.3469296513377269 0.14918544229654859 -1.530995860307043 -0.042991225957370129 -0.043961064112645852,-0.073546864521632241 -0.12888883533661685 -0.18685817346064029 -0.18125491750352971 -0.14375241192675811 -0.11292239608749197,0.079730206596856062 -1.1139102429764729 0.076435769416479657 -1.4944213993652704 0.02364184111370846 0.021624770959919385,0.36603354021740919 -0.29442682617347088 0.36871621241459829 -0.17072217132358419 -0.30336366141107002 -0.26000438639286316,60.555168168296305 -235.53295949512378 -102.99263781489371 -12.366556207965337 11.473302851864775 -0.0066998037208950891,1.3189298341872018 -86.803365176384432 -38.287651754725687 -4.6358859203091924 4.9745588523942459 0.074676913146987545
ur,tetrapga,2.750989931,0.383751068,0.390973189,0.277904019,47.923163,55.847583,5.990395375,1,0,0,4.615561123,0.348558745,1,5,5,1,0 0 0.060000000000000005,0 0 0.050000000000000003,0 0 0.050000000000000003,wrist_3_link,-1,0,0 0 0,0 0 0,,0.073645554447172565 -1.0970781053743623 0.077121319714575393 -1.4911882205592268 0.026708143624248778 0.02557330183048093,0.037950323644007501 0.01476299003126578 0.078284771487310736 -0.012204580761604638 -0.039657097170553914 -0.02885616766628777,0.32597071990088794 -1.3534852017923653 0.13979094561678038 -1.5400293513475696 -0.050085993310335496 -0.049540053799189666,-0.080726330094325088 -0.13363230949024738 -0.1893486156696664 -0.18049335170847869 -0.14035833713136345 -0.11049709539045836,0.081988732370556289 -1.1143003731509047 0.079320414104673748 -1.4954986216331738 0.021516720977636444 0.019980146105226363,0.37738841155133307 -0.31176842183693937 0.34986886261651523 -0.18517120233234474 -0.31355099373619466 -0.2672739016891521,57.264695592918251 -234.49309487683101 -104.68607591487195 -12.650191768576523 11.898554917587616 -0.0046182942681062163,5.5865485068060252 -91.708326267639677 -39.84123793628936 -4.7718057991105525 5.06032743748721 0.063847208074037098
ur,tetrapga,2.806938478,0.386529804,0.38828376,0.261004944,42.018739,50.063194,5.252342375,1,0,0,4.807607817,0.345156029,1,5,5,1,0 0 0.060000000000000005,0 0 0.050000000000000003,0 0 0.050000000000000003,wrist_3_link,-1,0,0 0 0,0 0 0,,0.075735775462996258 -1.096210791018517 0.080749663503019833 -1.4917538027135593 0.024872105007182493 0.024261476229069431,0.039312464241167286 0.015406494749599214 0.066677461078034822 -0.013425882100953253 -0.037264483146069567 -0.026770863344892114,0.32123260602001363 -1.3611047862096615 0.1291273780889807 -1.5500956244845359 -0.057825942343706312 -0.055642394539598551,-0.088620240400087702 -0.13870220129567731 -0.19177977099661553 -0.17928472219808234 -0.13627381466070237 -0.10761557891988699,0.083165939952885737 -1.1121792420978625 0.082208835148900095 -1.4962963562483771 0.019682520112298724 0.018784805745858869,0.3425558511524337 -0.30015806000682038 0.31638858682997961 -0.21674241813834783 -0.3341308590905292 -0.28320911129103232,57.789616102934026 -246.41075481051911 -108.98001634088043 -13.091588069516629 12.112801211495666 -0.0077849319900119163,0.77366269041380065 -86.131631494441535 -38.159246615514235 -4.600814587000059 4.9562961939539889 0.081827085072106343
ur,tetrapga,2.857102844,0.39016358,0.387240791,0.277283013,47.698365,55.576044,5.962295625,1,0,0,4.970116765,0.438123797,1,5,5,1,0 0 0.060000000000000005,0 0 0.050000000000000003,0 0 0.050000000000000003,wrist_3_link,-1,0,0 0 0,0 0 0,,0.077403872777175226 -1.0952923973720881 0.083623068883943039 -1.4922983781086969 0.023320279465531616 0.023164018833726013,0.034699565002370439 0.012910195591784673 0.071003450327589243 -0.018406118781402973 -0.043354779308692012 -0.032188434458318857,0.31661254104688269 -1.3681719369250371 0.11945906645400436 -1.5590554604783455 -0.064564987266333723 -0.060973026228892405,-0.095553199054106419 -0.14302135148164738 -0.19363404336235177 -0.17788489524252699 -0.13236692886840343 -0.10488887485049581,0.085246009894321254 -1.1126179627765485 0.084755638586305415 -1.4976445233808588 0.017389318305695987 0.017012476320638455,0.35004104229991834 -0.31869703367598956 0.29625302756561878 -0.23098929999270634 -0.34349021571960603 -0.28996638265047603,54.86751781260174 -245.32887705367304 -110.37878393009395 -13.32665913789506 12.506243710427862 -0.0052798251987786291,6.0894475686661167 -91.503394217471396 -38.839592063340547 -4.6479818590823925 4.7140875791760806 -0.037824708477820934
ur,tetrapga,2.912750663,0.394674422,0.38757567,0.260659278,41.919565,49.593223,5.239945625,1,0,0,5.192224145,0.453339009,1,5,5,1,0 0 0.060000000000000005,0 0 0.050000000000000003,0 0 0.050000000000000003,wrist_3_link,-1,0,0 0 0,0 0 0,,0.079394315026762738 -1.0944911865782887 0.086994730196437983 -1.4931294878267585 0.021287935900241667 0.021700119222622362,0.037588404772647396 0.015291762407106984 0.06229951595547735 -0.018437436853756442 -0.041074659600445526 -0.029599764823099697,0.31108513718340647 -1.3762581723659522 0.1086348391895534 -1.5689032243864651 -0.071804335327602054 -0.066722181240368342,-0.10307239319802024 -0.1475546602314006 -0.19532829887686781 -0.17598667363821627 -0.12777280334196237 -0.10171121666589542,0.086302946371689865 -1.1105308443347532 0.087430992149286874 -1.498607228834179 0.015463864503165534 0.015746939157676911,0.31498252428228024 -0.30557195097122902 0.26444758255603773 -0.26143304273063689 -0.36251352514585894 -0.30468098605719013,55.216378629286396 -257.98966185723117 -115.26767140277431 -13.85352588655736 12.789536097821733 -0.008798455310740692,0.51374611368862588 -86.017561827301506 -38.278371849208156 -4.5935738780108295 4.9684194944672129 0.090510387087782362
ur,tetrapga,2.962418288,0.399799122,0.386047378,0.279586076,47.86491,55.747776,5.98311375,1,0,0,5.379955978,0.563897425,1,5,5,1,0 0 0.060000000000000005,0 0 0.050000000000000003,0 0 0.050000000000000003,wrist_3_link,-1,0,0 0 0,0 0 0,,0.080981384911052362 -1.0935590223887883 0.089699448589964037 -1.4938760166361216 0.019580573944152146 0.020489171485744809,0.032574341438337817 0.014159109014831386 0.066348931978205614 -0.023942180230121752 -0.047571566120811933 -0.035150445245842273,0.30580248301224772 -1.3836824352478398 0.098902568878951755 -1.577595649044705 -0.078044017161937915 -0.071700750536000196,-0.10962161935009347 -0.1513657742308214 -0.19651662659102251 -0.17398991581512707 -0.12345062928116447 -0.098744018434290967,0.088193070036283974 -1.1110112296111705 0.089661446989754409 -1.5002170170526516 0.013012347213516792 0.013853871571859071,0.31941485589672491 -0.32523287745788915 0.24336222317286113 -0.27514871790376355 -0.37076324622150858 -0.31073082835329047,52.570467259273059 -256.84805138339902 -116.37132627920184 -14.039263266684092 13.147441058233536 -0.005915780408859558,5.4980798939811848 -92.263405209557277 -39.552538400283822 -4.7259952481354048 4.7774657791552926 -0.039515723957940452
ur,tetrapga,3.018314547,0.406032413,0.385981466,0.263654182,42.170481,49.893153,5.271310125,1,0,0,5.640506379,0.58449972,1,5,5,1,0 0 0.060000000000000005,0 0 0.050000000000000003,0 0 0.050000000000000003,wrist_3_link,-1,0,0 0 0,0 0 0,,0.082831622115768222 -1.0927112631629496 0.092845978298581058 -1.4949550442362096 0.017365940266686197 0.018894967292389694,0.034710158180017658 0.016131463273238573 0.057750408407125919 -0.023139587686329323 -0.044368681848239146 -0.031962591040902322,0.29947347857651896 -1.3922568523014092 0.087889083009592778 -1.5872504924182251 -0.084802979048701183 -0.077123562932813111,-0.11679872550905095 -0.15538331464898489 -0.19748740470699297 -0.17140717173278547 -0.11834775638241729 -0.09526275137667134,0.089131247640804864 -1.1089234152479623 0.092165817728540211 -1.5013329380118847 0.01099892618383745 0.012522751805930722,0.28481744808122778 -0.31089715610588509 0.21352973894739202 -0.30392677041796845 -0.38772741162146168 -0.32392421200762561,52.723941776461345 -270.13978857618201 -121.77510173205344 -14.64079644813021 13.490951054790937 -0.0097415195920126929,0.41438248194276639 -87.005880058070034 -38.902751618938908 -4.6476757943692064 5.0361567746309248 0.097747816840033863
ur,tetrapga,3.068286091,0.412553543,0.38425048,0.282873511,48.858415,56.790374,6.107301875,1,0,0,5.858532805,0.696986054,1,5,5,1,0 0 0.060000000000000005,0 0 0.050000000000000003,0 0 0.050000000000000003,wrist_3_link,-1,0,0 0 0,0 0 0,,0.084354839452408542 -1.0917294370080564 0.095480174045958155 -1.4959506038432746 0.015425047074710459 0.017514206344921745,0.030842266493644147 0.014888934617605301 0.061210544523590392 -0.028499944475134611 -0.050920109314395036 -0.037132479769611204,0.29348037189414777 -1.4001061146864724 0.078005577677242907 -1.5957520506221559 -0.090598705272055227 -0.081803646830691398,-0.12303261354909628 -0.15872646461380865 -0.19802613445852205 -0.16880280684525698 -0.11358213707338277 -0.092028443663253537,0.090827438788272527 -1.1094303863350017 0.094112283013790973 -1.5031955199982998 0.0083947871026276728 0.010513563203962531,0.28665527137715013 -0.33202729587843327 0.19152134319668832 -0.31692171968642291 -0.39467552407111295 -0.3291400524177584,50.308291075497984 -268.83887021973845 -122.5569397902204 -14.77448487911105 13.808145382075523 -0.0065258013238919509,4.1489633314992034 -93.348258579095273 -41.315815718747729 -4.8829305096587632 5.2167986432948616 0.082497624317202423
ur,tetrapga,3.125154152,0.420451255,0.38216135,0.266462166,30.230276,37.899231,3.7787845,1,0,0,6.18678148,0.714642141,1,5,5,1,0 0 0.060000000000000005,0 0 0.050000000000000003,0 0 0.050000000000000003,wrist_3_link,-1,0,0 0 0,0 0 0,,0.086026573896492917 -1.0908777450793472 0.098323001991763179 -1.4972451055877276 0.013095671472738339 0.015835898000051342,0.031061864253429727 0.015867644885573403 0.051909279422501862 -0.027356247162703306 -0.046580789659306135 -0.033639099757217863,0.2862871514338714 -1.4092339635636182 0.066735623012963416 -1.6052594837642857 -0.096898495305859991 -0.086929327930971981,-0.12990673055402743 -0.16223989884506229 -0.19826132301390012 -0.165507070542705 -0.10793790927447254 -0.088214139767262195,0.093363698792865241 -1.1124800116982716 0.095482299599723 -1.5057424963525039 0.0052593816792245954 0.0078889065006217448,0.31703250057408849 -0.38120317040873475 0.17125207324150271 -0.31837204427550936 -0.39192567792538469 -0.3280820879175983,45.543318699855263 -255.41193795739918 -117.61148010061765 -14.230636374173864 13.495790725453917 -0.0029852056690964071,0.36540075216049672 -87.932514888017067 -39.474692834032965 -4.6983904502067162 5.0918516907835638 0.1028755877858778
ur,tetrapga,3.163153144,0.426349634,0.383827619,0.283846354,30.268316,38.034321,3.7835395,1,0,0,6.393185147,0.766906793,1,5,5,1,0 0 0.060000000000000005,0 0 0.050000000000000003,0 0 0.050000000000000003,wrist_3_link,-1,0,0 0 0,0 0 0,,0.087045400805295547 -1.0901767157219198 0.10002151484414033 -1.4980460116399947 0.011675099370468655 0.014829963939746943,0.024094880231142455 0.021183343372763938 0.042590838702684292 -0.018291559039775231 -0.033659811970696285 -0.023425651057458922,0.28126578854412065 -1.4154406357133573 0.05920259180675988 -1.6115035656102843 -0.10092632041865673 -0.090231700613954663,-0.1343640150575586 -0.16441211810428472 -0.19819468650361113 -0.1631121021608434 -0.10404245706321558 -0.085589699636706026,0.096119376791221289 -1.1158846690765492 0.096682636234639088 -1.5083045521232263 0.0021540797911103744 0.0052727300431977906,0.34446147870684629 -0.42558167586513335 0.15004124504690591 -0.3202587015019816 -0.38816493919489614 -0.32702417980042886,41.047692244503473 -242.78582535903502 -111.95926068844216 -13.564560818251353 12.858171471935332 -0.0028445450722137371,-1.4900733557489048 -93.669296812825451 -42.29758418895409 -5.087169059599546 5.3696095196019265 0.072147308822014367
ur,tetrapga,3.201298074,0.432296795,0.380972953,0.292064941,30.276041,38.122426,3.784505125,1,0,0,6.646048652,0.749615459,1,5,5,1,0 0 0.060000000000000005,0 0 0.050000000000000003,0 0 0.050000000000000003,wrist_3_link,-1,0,0 0 0,0 0 0,,0.088089098034372523 -1.0895552797685486 0.10192266984119507 -1.4991221833601671 0.0099104230368373802 0.013552439329181376,0.028355491231383909 0.015720957957100018 0.04683870133478301 -0.02581762913689456 -0.042984497060803491 -0.03085428071791194,0.27605694133362446 -1.4217514403855662 0.051646602102616158 -1.6176771921573716 -0.10481892202034593 -0.093445336442730426,-0.13872500984860153 -0.16644947920062073 -0.19794803287403276 -0.16055592538515553 -0.10003750779357511 -0.082896848157291994,0.099074351290779961 -1.1196152643511461 0.097722626258045481 -1.5108807640566111 -0.0009221966681969482 0.0026648720872167772,0.3693735413571746 -0.4663239129050592 0.12999791860819312 -0.32202822183475044 -0.38453676059403386 -0.32598436712006129,36.93058487880289 -230.5328415146075 -106.31939397753003 -12.890199418664624 12.207248419859742 -0.0026397814425494054,-0.33543481020331001 -96.381430367403482 -43.667418179851211 -5.2100486400886439 5.562312200465179 0.095000629828739136
ur,tetrapga,3.239492713,0.437764196,0.373679961,0.313165933,30.241962,38.008469,3.78024525,1,0,0,6.942673793,0.610147837,1,5,5,1,0 0 0.060000000000000005,0 0 0.050000000000000003,0 0 0.050000000000000003,wrist_3_link,-1,0,0 0 0,0 0 0,,0.089383937352306042 -1.0894434158067783 0.10395618438012237 -1.5005594334315628 0.0077244120760473966 0.011917806563898573,0.03836754721523758 -0.0017067531061374208 0.049221631414668558 -0.036000398828000164 -0.054520100915623468 -0.04090563982339139,0.27067685560372939 -1.4281455686453723 0.044093627148867949 -1.6237583030218325 -0.1085617928577786 -0.096559160533046612,-0.14297462020257717 -0.16834429196202466 -0.19752126637018574 -0.15784684679078057 -0.095937188123735681 -0.080144304354563711,0.10221139949041126 -1.1236446287965793 0.098614216556629206 -1.5134695823298736 -0.0039708291506451955 6.5252734759919999e-05,0.39213436235588667 -0.50366972906464724 0.11144689048292444 -0.32360582276693334 -0.3810834430370722 -0.32495677686236912,33.132394486970909 -218.58266146288199 -100.79039271959127 -12.228907262758455 11.567610541055698 -0.002427151954188439,0.852682490558891 -103.08366695752102 -46.974889904237102 -5.5472620283035212 5.9902274530326771 0.12583491818584491
ur,tetrapga,3.277574338,0.442440469,0.363288608,0.322033864,36.155732,43.8798,4.5194665,1,0,0,6.792016141,0.365068173,1,5,5,1,0 0 0.060000000000000005,0 0 0.050000000000000003,0 0 0.050000000000000003,wrist_3_link,-1,0,0 0 0,0 0 0,,0.091116961627826135 -1.0900827565242741 0.10600154704007342 -1.5023640739427921 0.0051447701731759596 0.0099290605058424807,0.048307904908280692 -0.024197215221759081 0.044228472836112809 -0.043268945953321994 -0.06055321849229453 -0.047275876558640149,0.26515336876207779 -1.4345900499995758 0.036582629398986939 -1.6297156171447995 -0.11213603792723689 -0.099558076328350287,-0.1470919190674613 -0.1700875296656402 -0.19691748588137228 -0.15499994882593965 -0.091764021386542466 -0.077346345993753257,0.098544158521319009 -1.1095976531544365 0.10299602236742095 -1.5110545313009405 -0.0027938588645604573 0.0021555145288143455,0.23499891397602463 -0.34174464844397151 0.086016622713682156 -0.39221466488051682 -0.42260586334375061 -0.35520744033848795,39.899330200331278 -292.36386104858281 -133.36899407080961 -16.044124239616128 14.288117489634077 -0.019033491076825497,1.0395264376223849 -105.65894386273976 -48.305079613458247 -5.6678942793751048 6.1607542142221119 0.14540700631792625
ur,tetrapga,3.321532506,0.447074648,0.350984681,0.31674225,30.267647,38.098711,3.783455875,1,0,0,6.985258557,0.736497144,1,5,5,1,0 0 0.060000000000000005,0 0 0.050000000000000003,0 0 0.050000000000000003,wrist_3_link,-1,0,0 0 0,0 0 0,,0.093491565641122973 -1.0918342846348166 0.10795131423642806 -1.5046308803637263 0.0021048823390486483 0.0075069143033021464,0.056550467226031013 -0.048496040590506002 0.032643893226056639 -0.04670002595708516 -0.060316018408249579 -0.049161618541415125,0.25858576557608054 -1.4421077167421725 0.027945790849997945 -1.6364537036555704 -0.11606213818807257 -0.10288594462167718,-0.15169199171979419 -0.17191700895357032 -0.19600051318834585 -0.15153700663485908 -0.08684779124053614 -0.07405332915325083,0.1005370737409218 -1.1127999628706116 0.1034977393829935 -1.5141955345949212 -0.0061870201210569055 -0.00067468707867796669,0.24911607115133658 -0.40028830121466247 0.062713678526550479 -0.39262718105217764 -0.42414734842757673 -0.35377737983917007,37.679183245782347 -276.25524004465132 -127.83704586431895 -15.374213544352784 14.463904327744983 -0.0034558645792753502,-0.10017949892210254 -103.78776623482463 -47.511337508819395 -5.5585495245431957 6.0493956147991312 0.15124336240700931
ur,tetrapga,3.359733216,0.450188603,0.342667296,0.309209694,30.246056,37.92434,3.780757,1,0,0,7.174780563,0.577634786,1,5,5,1,0 0 0.060000000000000005,0 0 0.050000000000000003,0 0 0.050000000000000003,wrist_3_link,-1,0,0 0 0,0 0 0,,0.096006370531757049 -1.0943413326694578 0.10939413118492891 -1.506891834839051 -0.00076374724025528372 0.0051536304989710322,0.06440633166513135 -0.069641356991948414 0.02376279892221125 -0.0504237129558949 -0.06136725146008104 -0.05166297679730416,0.2527168601965108 -1.4487028508060433 0.020476723709851381 -1.6421826195788012 -0.11929687367090168 -0.10565932691883013,-0.15555347657186694 -0.17334662643651902 -0.19501350515401805 -0.14837776256972621 -0.0824949232814252 -0.071139368375637918,0.10264275145599884 -1.1164188827698256 0.1038029884776476 -1.5173505657862387 -0.0095441062448944694 -0.0034964505161478466,0.26321267869445586 -0.45236454578955071 0.038153752564425589 -0.39438232746058988 -0.41963980723180538 -0.35272525439880986,35.077696165889478 -261.49882709405381 -121.21383992127251 -14.624291450515742 13.768697704385687 -0.0033091653283180604,-0.81695186166837175 -101.22625182921729 -46.381454159491568 -5.4083285473407159 5.905859042024832 0.15899525169529904
ur,tetrapga,3.39775765,0.455732441,0.354321429,0.178646007,30.268114,37.995912,3.78351425,1,0,0,7.410187089,0.855034872,1,5,5,1,0 0 0.060000000000000005,0 0 0.050000000000000003,0 0 0.050000000000000003,wrist_3_link,-1,0,0 0 0,0 0 0,,0.09762949641142693 -1.0955294009913368 0.10955400990091645 -1.5079471731134624 -0.0019153808022454846 0.0041756433486046839,0.029550696853239976 -0.007460205672957472 0.010459124916508421 -0.021870090384490948 -0.025702181784245003 -0.020514507764898167,0.24673098492710507 -1.4553189534513646 0.013082887214463983 -1.6477626734024751 -0.12235021802504208 -0.10830848915510631,-0.15926853465135229 -0.17462070980961289 -0.19385688254393429 -0.14509848537385081 -0.078093090069288759 -0.068193257859800127,0.10486010146367428 -1.1204173386600123 0.10392262940867791 -1.5205191270341463 -0.012865885255044361 -0.0063095542877957241,0.27717404871987883 -0.49980672135204041 0.014949681821498306 -0.39607727261939146 -0.41523042079553985 -0.35164789599846424,32.477060131282343 -247.24729813918606 -114.57947333846175 -13.839165087632939 13.014978221106967 -0.0030520178729423978,-9.5323565135663557 -58.953182366200963 -26.14281026222551 -3.1612316301971077 3.3274121050422742 0.06392213692306381
ur,tetrapga,3.435861857,0.462483778,0.366595336,0.247333858,30.266364,38.02202,3.7832955,1,0,0,7.691508989,0.992528629,1,5,5,1,0 0 0.060000000000000005,0 0 0.050000000000000003,0 0 0.050000000000000003,wrist_3_link,-1,0,0 0 0,0 0 0,,0.098623774899371963 -1.0954917894529372 0.11063463953046118 -1.5093363801328825 -0.0036859903560861572 0.002836363774278127,0.026007270748527146 0.0094194093061367567 0.035009217587035006 -0.036004443674708668 -0.048679262364287802 -0.035650134210531217,0.24059333708044264 -1.4619946847828562 0.0057209521018894661 -1.6532268427828531 -0.12524082968001041 -0.11085000405813415,-0.16285999275376276 -0.17574763558757223 -0.19252504388957273 -0.1416813507882089 -0.073618062840643761 -0.065197897931738011,0.10718734098860935 -1.124761541722199 0.10387116161276866 -1.5236999228025732 -0.016154247126727042 -0.0091139106321048956,0.29091443305667986 -0.54302592153689599 -0.0064453772942246676 -0.39761449785736086 -0.41106168911514984 -0.35056446520342877,29.886880390272406 -233.38387110164206 -108.08984547420349 -13.068768899370644 12.273529026162208 -0.0027894732453137127,-3.0822698343990851 -81.620173235351103 -36.990884568866989 -4.3722547295174081 4.7095264308201727 0.11012469193387742
ur,tetrapga,3.473992383,0.46915095,0.365875423,0.29519729,30.266655,37.958076,3.783331875,1,0,0,8.015673087,0.934695505,1,5,5,1,0 0 0.060000000000000005,0 0 0.050000000000000003,0 0 0.050000000000000003,wrist_3_link,-1,0,0 0 0,0 0 0,,0.099731574003883133 -1.0952938222826576 0.1123330035716447 -1.5112622530077997 -0.0062231065452307398 0.00095621423373755355,0.029900698915932715 0.0038171718864581988 0.041230440653585679 -0.046059873540008615 -0.061248194163733428 -0.045209116681491225,0.2343170091798121 -1.4687151400217704 -0.0015919929197888883 -1.658562003874591 -0.12796160501250287 -0.11327823895522136,-0.16631968907936631 -0.1767245583369336 -0.19102082485647792 -0.13813448664528827 -0.069081073724449937 -0.062159912568457133,0.10962214847267703 -1.1294193997363162 0.1036638177531877 -1.5268911350533241 -0.019410838698675714 -0.011909292453124432,0.30436802601741286 -0.58223526691345651 -0.025943586539911904 -0.39893303231307142 -0.40710780163519478 -0.34946260871746526,27.314451981681447 -219.86827215902849 -101.75264901025352 -12.315724982915214 11.547541535185683 -0.0025288694676709449,-0.23880838869951049 -96.767714150591019 -44.279593510177392 -5.1819849713838266 5.6128837497229789 0.13926930181243868
ur,tetrapga,3.512051301,0.475160386,0.354073271,0.31958009,36.075812,43.809508,4.5094765,1,0,0,7.939235938,0.707441968,1,5,5,1,0 0 0.060000000000000005,0 0 0.050000000000000003,0 0 0.050000000000000003,wrist_3_link,-1,0,0 0 0,0 0 0,,0.10106989750126998 -1.0956657948042225 0.11403396105843595 -1.5135692815064055 -0.0091613547535639092 -0.0012612916829738683,0.036180817341249484 -0.016551291801417952 0.035325702656854994 -0.053607143131610337 -0.06719648485568594 -0.051255655286981061,0.2279235084111563 -1.4754572479468306 -0.0088307815215669262 -1.663749926596676 -0.13050372535057528 -0.11558567112201758,-0.16963651891340115 -0.17754873320192729 -0.18935024049612412 -0.13447122801915096 -0.064499148392359151 -0.059089803087206426,0.10671187407855974 -1.1155084146007388 0.10871488414146729 -1.5238089779976844 -0.017738772083573207 -0.0095058617597746,0.17074219110429337 -0.37072981871379107 -0.016768226079747768 -0.44736812157045175 -0.43160783432121375 -0.36509734544069594,31.630606994095615 -307.07342808143056 -142.6973038164611 -17.245450170456763 15.323282056069766 -0.020352584712315432,0.95203634096429823 -104.31724231333101 -47.937013499937393 -5.5776653438069843 6.0588321478478413 0.15774363382248602
ur,tetrapga,3.555945462,0.481183329,0.340120178,0.382225991,30.262163,38.252186,3.782770375,1,0,0,8.158145072,1.007125375,1,5,5,1,0 0 0.060000000000000005,0 0 0.050000000000000003,0 0 0.050000000000000003,wrist_3_link,-1,0,0 0 0,0 0 0,,0.10283564517081467 -1.0971443602932585 0.11549859809705694 -1.5164139566314092 -0.012574261394748614 -0.003924399732003413,0.044534926146543259 -0.050421390699439628 0.032360306867319701 -0.083866678020039054 -0.092850496818588965 -0.075295065797904889,0.22039659929695454 -1.483268078957741 -0.017096123348389516 -1.6695570377681355 -0.13321779932046321 -0.11810086724079666,-0.17328966155363904 -0.1783115759597651 -0.18721624993358074 -0.13009903259667641 -0.059155338413852662 -0.055505512865688278,0.10807820295405217 -1.1189780717812665 0.10833927815606437 -1.5274075810139593 -0.021206048491340397 -0.012398399362426614,0.17080448558827321 -0.43371174707544818 -0.046975085665846142 -0.44985547796919401 -0.43344142570836053 -0.3616018467785001,30.381424182118817 -289.71130849588519 -134.90938915492973 -16.189907376953656 15.096771334551136 -0.0039288196327347848,11.773957568999037 -126.13457695691341 -49.119887464467524 -16.786194427358168 -0.41593360164809212 -5.4272396412991029
ur,tetrapga,3.594307681,0.485515082,0.323416522,0.319003484,30.355934,38.212508,3.79449175,1,0,0,8.370415785,0.81875107,1,5,5,1,0 0 0.060000000000000005,0 0 0.050000000000000003,0 0 0.050000000000000003,wrist_3_link,-1,0,0 0 0,0 0 0,,0.10464392853173023 -1.0994574330920484 0.1163045689955238 -1.5190558216705863 -0.015584360650066768 -0.0063466572431804882,0.049224537866190361 -0.070536225530032415 0.0091637099943696551 -0.062675435437497748 -0.068116697401070625 -0.056478271841818799,0.21369006783011865 -1.4901186236288262 -0.024239471439483247 -1.6744726092438036 -0.13539679342218353 -0.12016952308965781,-0.17632877604548861 -0.17881336983201473 -0.18517187731779836 -0.12615353119433634 -0.054439071018049276 -0.052337891735262702,0.10946246478543824 -1.1229058972845594 0.10774122825744087 -1.531017996011931 -0.024630207791277579 -0.01528488695106767,0.17304892252645124 -0.49098594411693597 -0.07479013134048372 -0.45134293934793046 -0.4280628498986746 -0.36085719108386438,29.350892334812539 -273.14293705881926 -127.13827005318686 -15.296561720816534 14.276270225511713 -0.0036588645409776832,0.4818602417586817 -103.92571019028401 -47.850522634475965 -5.5280251796048105 6.0254420966615569 0.17383229005475442
ur,tetrapga,3.632615412,0.491570866,0.338723515,0.178737137,30.25836,38.228817,3.782295,1,0,0,8.631064198,1.089462026,1,5,5,1,0 0 0.060000000000000005,0 0 0.050000000000000003,0 0 0.050000000000000003,wrist_3_link,-1,0,0 0 0,0 0 0,,0.10604024151860313 -1.1009428192084019 0.11613108104322292 -1.5203911497055942 -0.016877540822778158 -0.0074607930704639093,0.024992756714251795 -0.012500063562475003 0.0025117342009251587 -0.024892984291904587 -0.025224865677739513 -0.020767826966431452,0.2068794996166107 -1.4969757039295626 -0.031291255227912602 -1.6792280203949739 -0.13739142526335471 -0.12211340384338575,-0.17921833887096678 -0.1791608656471797 -0.18296599352064075 -0.12210257616269016 -0.049692533678077772 -0.049145034829700195,0.11087819260870282 -1.1272506441160832 0.1069385435526809 -1.5346392813157732 -0.028012968036861641 -0.018164469804107734,0.17698506259881699 -0.54310607346872697 -0.10038291227303427 -0.45271646429349588 -0.42290245046188479 -0.36000977794507838,28.010223246574633 -257.07875008124324 -119.55071610926815 -14.400497854385417 13.422175405592307 -0.0033359396994599722,-8.4834349927410813 -58.983255315867609 -26.391108079913977 -3.1930386694129993 3.2701124542726987 0.064721970358561975
ur,tetrapga,3.670931668,0.498798245,0.348260987,0.249265392,36.014829,43.601567,4.501853625,1,0,0,8.930891353,1.218731919,1,5,5,1,0 0 0.060000000000000005,0 0 0.050000000000000003,0 0 0.050000000000000003,wrist_3_link,-1,0,0 0 0,0 0 0,,0.10686991013408198 -1.1010929380872865 0.11684074404690319 -1.5221165327108683 -0.018809478085807078 -0.0089367243513522251,0.018562017917439808 0.0042821866539338328 0.022360014106421348 -0.040230200263990122 -0.047368015305445085 -0.035148856125182086,0.19995949979166813 -1.5038446859444563 -0.038256969567909645 -1.6838272010639379 -0.13920399184444818 -0.12393484022030433,-0.18196134823369783 -0.17935496259280442 -0.18059780689995153 -0.11794426484066527 -0.044913535487505582 -0.045924525200621451,0.10957098300957721 -1.1172231833113981 0.11219711741054332 -1.5344097069417999 -0.026830796640417456 -0.014888238977822526,0.087127352107124884 -0.38143418723294586 0.038401153134460464 -0.7540128139879787 -0.42748490738787648 -0.16724674394719694,29.821121209325355 -330 -150 -18.932496918031035 16.802718634546846 -0.02174749086526102,-2.9636016494441151 -82.00744642585687 -37.389808804352356 -4.4101515135143927 4.6615122911100357 0.10858733167015444
ur,tetrapga,3.714599643,0.506969166,0.341902387,0.295023277,30.298775,38.270927,3.787346875,1,0,0,9.113089305,1.34387205,1,5,5,1,0 0 0.060000000000000005,0 0 0.050000000000000003,0 0 0.050000000000000003,wrist_3_link,-1,0,0 0 0,0 0 0,,0.10767654573159266 -1.1011496638672125 0.11802744868136221 -1.5245477547953523 -0.021615513474425797 -0.011034966705378384,0.018145216515735009 -0.0036433118845448117 0.023442006526634789 -0.049923354398629334 -0.057631547385383154 -0.043150750233876538,0.1919486222794079 -1.5116782267997013 -0.046080892780283475 -1.68887187875592 -0.14104578265462325 -0.12585960065948623,-0.18490557838274396 -0.17938926652084819 -0.17770498085863259 -0.11308129941094106 -0.039435866258948064 -0.042224920413196254,0.11021885996474587 -1.1206383743022077 0.11154852482500538 -1.5385489565335217 -0.030275532739398606 -0.017582187876937848,0.080996570869981521 -0.42691475001559415 -0.081120186348379864 -0.51745738050407342 -0.43064269549098627 -0.33679926501686086,29.247436755514865 -314.63233059229395 -150 -17.237476015545564 15.994684150612832 -0.0041643709909849648,-0.085225121486928401 -96.359577488180548 -44.253491583545269 -5.1721719870456582 5.5075829941320578 0.13295591928870465
ur,tetrapga,3.75297173,0.513363219,0.327106449,0.317316324,36.058373,43.714408,4.507296625,1,0,0,9.289724512,1.290869239,1,5,5,1,0 0 0.060000000000000005,0 0 0.050000000000000003,0 0 0.050000000000000003,wrist_3_link,-1,0,0 0 0,0 0 0,,0.10844795490370274 -1.101835752999438 0.11891602138027674 -1.5270829797727574 -0.024438427837052551 -0.013189128117561811,0.021536377783831124 -0.025599368981116751 0.015548543537334052 -0.059861721057595983 -0.065203192946781466 -0.050515538014563856,0.18480639130819926 -1.5185596894191125 -0.052848318873719498 -1.6931273729151166 -0.14246631783867217 -0.12741711581726953,-0.18733081652070591 -0.17925543668363225 -0.17499571683644374 -0.10870454719172994 -0.034601379826939553 -0.038951408160525558,0.1108325672942857 -1.1244954323002141 0.11042236366071406 -1.5423612143147762 -0.033676688609525725 -0.020503299923991858,0.07672577772429004 -0.48215660489925877 -0.14083438572802778 -0.47660136971679762 -0.42521153801290285 -0.36521359982742058,29.103349821097083 -297.19189884190359 -140.06901407923579 -16.700701208328891 15.505948200264172 -0.0043538181361820662,1.3703006703093479 -103.33620377162424 -47.597448668376671 -5.5163594519881372 5.9257148576841274 0.15551429834655295
ur,tetrapga,3.796787201,0.522003994,0.344570549,0.329083203,36.217626,44.285775,4.52720325,1,0,0,9.587579596,1.564811631,1,5,5,1,0 0 0.060000000000000005,0 0 0.050000000000000003,0 0 0.050000000000000003,wrist_3_link,-1,0,0 0 0,0 0 0,,0.10924367767987975 -1.1020690228103887 0.11963235548998394 -1.5293640153781753 -0.026105637380019135 -0.01398170833437732,0.013342224046082948 0.0098212488012771881 0.028742686490025652 -0.074250216632137461 -0.056131791894026735 -0.030984200171425343,0.1765411070922849 -1.5264071341171015 -0.060444683125489639 -1.6977787988217885 -0.14386114277517315 -0.12904149759815001,-0.18991267974992193 -0.17891569417580297 -0.1717148265860278 -0.10359501287688233 -0.029064455550938017 -0.035191496830279022,0.1114293222620167 -1.128822561129819 0.10903837565920621 -1.5461887090764126 -0.037029021699901313 -0.023417542355586369,0.074605959053158186 -0.54092789236765393 -0.17308780950707367 -0.47853014715289555 -0.41913017093616023 -0.36438018838785807,28.487924387005691 -279.77571147399345 -130.62172312354707 -15.691156943017214 14.551528096844478 -0.0039112254622730913,-1.5952564645933762 -88.992566349313165 -35.756554975748656 -18.428659355528907 -2.8234717763546371 -5.3576966599251996
ur,tetrapga,3.84118994,0.531266115,0.343018115,0.280943732,35.736612,43.607449,4.4670765,1,0,0,9.947797147,1.613523491,1,5,5,1,0 0 0.060000000000000005,0 0 0.050000000000000003,0 0 0.050000000000000003,wrist_3_link,-1,0,0 0 0,0 0 0,,0.10966558977978215 -1.1015833751371824 0.12089105264562526 -1.5320284385103855 -0.028381815281231695 -0.015219784650404586,0.0072462411309367966 0.013774443401134328 0.027218860171460246 -0.051155309134753718 -0.044708172198125971 -0.023986872289812961,0.16805417776514386 -1.5343400952733663 -0.067991787705855622 -1.7022616136125119 -0.14502691173019469 -0.13051912891280537,-0.19232310296768235 -0.17836898924240657 -0.16819088942532254 -0.098302575397628295 -0.023443495510023483 -0.031361415700017256,0.11202585875094671 -1.1335849338729549 0.10743619444705851 -1.5500265770800028 -0.04033684098096614 -0.026324766899465578,0.07457586762586868 -0.59535144504426829 -0.2003965295937255 -0.47985926373608079 -0.41359411548405262 -0.36353663451169671,27.478908322342384 -262.48310350356718 -122.24456780269074 -14.692168529540231 13.603552501224515 -0.0034904164286637097,-0.81657858400319583 -91.766150101440871 -42.141559729323205 -4.9009665415105701 5.1475246559150349 0.074045239684579656
ur,tetrapga,3.884911095,0.539644328,0.325004176,0.310884698,34.035256,41.635782,4.254407,1,0,0,10.346146224,1.429510365,1,5,5,1,0 0 0.060000000000000005,0 0 0.050000000000000003,0 0 0.050000000000000003,wrist_3_link,-1,0,0 0 0,0 0 0,,0.1099403772548556 -1.1015395543039377 0.12196552240723173 -1.5350066868455516 -0.031164678711958889 -0.017029290791046852,0.0061109046625696939 -0.0052075375114855353 0.017434234057372402 -0.058144100084298031 -0.053565471834782899 -0.035272433609618424,0.15959743637616211 -1.5421232122308224 -0.075265944373953217 -1.7064436677870507 -0.14593086010146653 -0.13180755949224726,-0.19449183674001583 -0.17763276039983833 -0.1645302510754508 -0.092986465610602517 -0.017907628359336899 -0.027574980292004201,0.11115873124393529 -1.1209250617226281 0.11499611238237656 -1.5510340146934145 -0.038973054128150858 -0.021046601277296583,0.021953043004923452 -0.42039264809526933 0.036821036637730287 -1.0647575268741607 -0.40286359874408184 0.078714293432932098,25.951407103053668 -330 -150 -19.955142044801956 17.710941535226002 -0.021619262687858267,1.305853004419987 -101.22627551286587 -46.632704763889365 -5.3987980982037698 5.7090697637284649 0.10862837762292088
ur,tetrapga,3.926619633,0.546293124,0.302625415,0.319311756,34.076027,41.418598,4.259503375,1,0,0,10.516953463,1.340335407,1,5,5,1,0 0 0.060000000000000005,0 0 0.050000000000000003,0 0 0.050000000000000003,wrist_3_link,-1,0,0 0 0,0 0 0,,0.11022649887474868 -1.1025390022430515 0.12247345024797887 -1.5382447358665103 -0.034199623003489103 -0.019219244175685581,0.0076451731253720503 -0.033219672156329642 0.0016885079611956232 -0.063735606741452316 -0.057425471609828943 -0.042626123569412033,0.15144565211861571 -1.549514192274219 -0.082052429078590561 -1.7102146543746999 -0.14656773126688866 -0.13288216054874105,-0.19636979892929032 -0.17674866439805734 -0.16086645131668964 -0.087825114637621451 -0.012633195152942965 -0.023952766108428204,0.11118512986739726 -1.1251018531630288 0.11525085381447675 -1.5582160053182894 -0.042178413195684744 -0.021686561166072392,0.0032956570030698781 -0.52215800820615532 0.031724370060651715 -0.89786279329686236 -0.40077087507337805 -0.080113771063928058,25.187178471736278 -328.62780145419299 -150 -17.182365823126155 15.815232775391873 -0.0041771546675424048,2.0751589058239688 -103.91768564915856 -47.896763472019245 -5.5227090398702785 5.8653736538104511 0.13123258549316574
ur,tetrapga,3.968109916,0.551666348,0.283508465,0.316676756,34.166334,41.721008,4.27079175,1,0,0,10.720943904,1.148676782,1,5,5,1,0 0 0.060000000000000005,0 0 0.050000000000000003,0 0 0.050000000000000003,wrist_3_link,-1,0,0 0 0,0 0 0,,0.11057788511071498 -1.1046523777538662 0.12231669080637789 -1.5415501440007129 -0.037214401581073316 -0.021561428538127352,0.01005045413575646 -0.061991066620915691 -0.014202177788844023 -0.069306722747859151 -0.060046000667907544 -0.048363253745441204,0.14326267989074992 -1.5568262755963056 -0.088648412022710565 -1.7137506290466611 -0.14698326393254552 -0.13380110666334077,-0.19805158944289489 -0.17569450914463389 -0.15706022459064711 -0.082610415947548518 -0.0074000312460783214 -0.020343466314531416,0.1111333280952022 -1.1294381854080453 0.11407438217089341 -1.5629527042562503 -0.045388935360880123 -0.023975004742916511,-0.0064888598581465829 -0.54212713813371516 -0.14722188333351621 -0.5922406177887154 -0.40144787463411602 -0.2862133952641569,26.096738639065318 -307.39244608950509 -150 -17.067954655502085 15.711067019691198 -0.0042107704300842017,2.1369327045724162 -103.11714654965908 -47.501513356675048 -5.4488010547793237 5.8168244929068891 0.14892550731600807
ur,tetrapga,4.009909369,0.558970716,0.319047664,0.196400788,34.144102,41.722944,4.26801275,1,0,0,10.992867465,1.543681542,1,5,5,1,0 0 0.060000000000000005,0 0 0.050000000000000003,0 0 0.050000000000000003,wrist_3_link,-1,0,0 0 0,0 0 0,,0.11114343267515049 -1.1057863877831668 0.12235323665238294 -1.5443764438371459 -0.038314819094918656 -0.021409481266468779,0.012197146969293905 -0.005514532081384825 0.011542091692775818 -0.056895258701095026 -0.024109555533079811 0.0036807421759684684,0.13495211022278231 -1.5641449725926666 -0.095130541183663625 -1.7170925979247817 -0.14718274713520779 -0.13457540889425723,-0.19955680339644685 -0.1744578960179167 -0.15306751998432322 -0.077282656326264354 -0.0021488533500635659 -0.016704881361819041,0.11101688052865095 -1.1340655281431791 0.1120469014583029 -1.5667267054537288 -0.048560854751255877 -0.026922604546729859,-0.014584915143449857 -0.57854102221465231 -0.25365894421206081 -0.47195607391917965 -0.39666382781314558 -0.3686595556345072,26.272238837433456 -290.02555038461554 -139.11053801740951 -16.332161647697674 15.027686013202686 -0.0044452441817959031,-5.5132215066039407 -64.812260135304314 -29.392412657266902 -3.3338513713933935 3.460539473062326 -0.010591719483798556
ur,tetrapga,4.051729069,0.566907609,0.325230007,0.264578218,34.0533,41.432322,4.2566625,1,0,0,11.316074534,1.649513899,1,5,5,1,0 0 0.060000000000000005,0 0 0.050000000000000003,0 0 0.050000000000000003,wrist_3_link,-1,0,0 0 0,0 0 0,,0.11135665349736944 -1.1059709395220942 0.12359631460611159 -1.548405995415187 -0.040267264486172273 -0.021490254834910981,0.0016107800735324976 0.00088504047683359596 0.030269832536924054 -0.085561694982140377 -0.042800083740787302 -0.0019949594458494343,0.12657854093522833 -1.5714118512809361 -0.10144556366960292 -1.7202118891840135 -0.14716323706895193 -0.13519789938942262,-0.20087180719364803 -0.17304707459614929 -0.14891913159157363 -0.07188474376216572 0.0030765979197768974 -0.013065852823789109,0.11084583616945407 -1.1391339365764186 0.10972722142636873 -1.5705190102344564 -0.051680124473878888 -0.029861822006706139,-0.021433520870058377 -0.63372718440832398 -0.2902668668896059 -0.47431462148952463 -0.39013653372436569 -0.36767963724792407,25.95075217500812 -272.32136070990271 -127.55470022323757 -15.276326678739778 14.034803909113617 -0.0039382163603778903,-1.5840313756949627 -86.236277039931338 -39.686732764414046 -4.3638938667209004 4.7267443623306491 0.0065115628982326257
ur,tetrapga,4.093266419,0.574302564,0.310928797,0.303581753,34.071462,41.450866,4.25893275,1,0,0,11.666276869,1.505389091,1,5,5,1,0 0 0.060000000000000005,0 0 0.050000000000000003,0 0 0.050000000000000003,wrist_3_link,-1,0,0 0 0,0 0 0,,0.11124287285780853 -1.1063121729478596 0.12481139070127821 -1.5526204804971633 -0.042789301575139473 -0.022273624542656495,-0.0038697786619229157 -0.012779167477290498 0.022396163904234406 -0.088935994853880804 -0.053169324761054827 -0.017275153935907658,0.11821101875102522 -1.5785677179790809 -0.10754313912599879 -1.7230853902034453 -0.14692824560155351 -0.13566563274935164,-0.20198808038275817 -0.17147581355573474 -0.14465170624549278 -0.066463337891757332 0.0082316983647174671 -0.0094563779726519193,0.1107240673865422 -1.1263297843383206 0.11758160203283349 -1.5721373044499707 -0.050145508619850079 -0.023602950435047614,-0.040080746980889925 -0.45096642561237038 0.03882712894501622 -1.3211304155828429 -0.36399848588048511 0.30791337197150842,21.847981682069619 -330 -150 -20.806928716895943 18.44636295646778 -0.020924226909172054,1.24753928334394 -98.559566224424998 -45.537262936249817 -5.0385713519272031 5.452954992285612 0.053328952796441342
ur,tetrapga,4.134796634,0.580442679,0.287755869,0.317328854,34.201458,41.851457,4.27518225,1,0,0,11.810852056,1.43483986,1,5,5,1,0 0 0.060000000000000005,0 0 0.050000000000000003,0 0 0.050000000000000003,wrist_3_link,-1,0,0 0 0,0 0 0,,0.11098046571766262 -1.1075142656566308 0.1253573076750984 -1.5568265752443189 -0.045718074925686199 -0.023825069514430749,-0.0051969541540092456 -0.037943744559623932 0.0020558035439825276 -0.083868536125848922 -0.056755810267896348 -0.031450158922122107,0.10980251779737893 -1.5856536256107274 -0.11345950467082577 -1.725732145617991 -0.14648006706894062 -0.13598356268139289,-0.20291439383899362 -0.16973757386696653 -0.14024382350241885 -0.060990135815977321 0.01334398904895759 -0.0058561373505453705,0.1101891639799642 -1.130814625531992 0.11796308554775772 -1.5814238214581269 -0.053029964924046047 -0.022408573516062038,-0.066919309000637542 -0.56075270164712077 0.047442896202891938 -1.1610296573374492 -0.36072873147689521 0.14909129857912595,21.203846314809731 -330 -150 -17.104818767134443 15.600460209825469 -0.0042054089148446955,2.5777084944370472 -103.01631599738175 -47.599328107450049 -5.3215470900413493 5.7055940178747733 0.096881308340812211
ur,tetrapga,4.176721019,0.585334476,0.267522922,0.316195118,34.056117,41.411755,4.257014625,1,0,0,11.994190222,1.224296979,1,5,5,1,0 0 0.060000000000000005,0 0 0.050000000000000003,0 0 0.050000000000000003,wrist_3_link,-1,0,0 0 0,0 0 0,,0.11070327251816005 -1.1098021811340977 0.12503061389647047 -1.5607670485991274 -0.048658616250833335 -0.025813318551847507,-0.0047638706920419818 -0.066856110682482831 -0.018707550843205668 -0.082442776222369646 -0.05835001825702904 -0.04110557837551012,0.10127922055364839 -1.5927300616010631 -0.11924345287940401 -1.728172479290307 -0.14581329890259828 -0.13615310281794304,-0.20365660843874778 -0.16781551910391029 -0.13565646658255107 -0.055418664612844663 0.018455262872350171 -0.0022341524980178614,0.10948296264709012 -1.1358576764524071 0.11772767848114971 -1.5888098210384882 -0.055877427721108645 -0.022737588828817226,-0.088367181222214292 -0.6305912550361702 -0.029757629059745508 -0.92353553611347139 -0.35615290789924692 -0.041399546443200708,22.934467431715099 -319.68376001834395 -150 -17.001819583529617 15.512119674018411 -0.0042179282523026823,2.9089147246542666 -102.77441955985614 -47.429267648779671 -5.3169113522280895 5.6820407708042779 0.12661482832867677
ur,tetrapga,4.218215652,0.591952023,0.303662901,0.192880342,33.984616,41.435795,4.248077,1,0,0,12.22147655,1.655665396,1,5,5,1,0 0 0.060000000000000005,0 0 0.050000000000000003,0 0 0.050000000000000003,wrist_3_link,-1,0,0 0 0,0 0 0,,0.11098108327642725 -1.1111015341317372 0.12498156759703993 -1.56422690352895 -0.049642552537768073 -0.025103461811699857,0.0084579541712466733 -0.0090781426864010063 0.0097863640622094517 -0.069953007351844385 -0.021577628646512283 0.015231115682231738,0.09281662991406138 -1.5996512093974296 -0.12477599950797076 -1.7303569660464133 -0.14494350165798356 -0.13617170138080398,-0.20420014423214958 -0.16575008725108339 -0.13098560775568271 -0.049865598999197784 0.023458267038457912 0.0013347785021439226,0.10868110937342748 -1.1408066743045728 0.11541459315464785 -1.5925978401793692 -0.058740939622952196 -0.025495586854049485,-0.10037570174069151 -0.61892120667213235 -0.2895879323927138 -0.47388287525129008 -0.35822250980764209 -0.34510870478447297,24.102160137487857 -298.91517843089298 -150 -16.60747725691186 15.14264281055816 -0.0043287109154575452,-5.0078175421722904 -63.623574351718162 -28.932051288506273 -3.1477238804618537 3.2659593481409672 -0.046110531287361312
ur,tetrapga,4.259744912,0.599240382,0.314356161,0.262458404,34.008737,41.31862,4.251092125,1,0,0,12.508208303,1.77301919,1,5,5,1,0 0 0.060000000000000005,0 0 0.050000000000000003,0 0 0.050000000000000003,wrist_3_link,-1,0,0 0 0,0 0 0,,0.11095018594898599 -1.1114569166584001 0.12623529382559756 -1.5693433856073513 -0.051416678630123114 -0.024231751185884255,-0.0047781452101453162 -0.003491832191854693 0.030049989876869732 -0.10896021703809079 -0.038828537857576513 0.018508983328051426,0.084328347387613065 -1.60648899399337 -0.13011650532746241 -1.7323118878784431 -0.14386639329331288 -0.13604243020397006,-0.20455375659204217 -0.16352310048363533 -0.12618659930239887 -0.044276477250125582 0.028403033975965136 0.0048872255326154667,0.10777357956783715 -1.1461140204910705 0.11250222335613072 -1.5960544942532073 -0.061555944721351619 -0.028485999331177573,-0.1136606531810599 -0.66383466992474616 -0.36466104565292112 -0.43258958130845565 -0.35224206939242997 -0.37427181059375125,24.542769238555568 -281.87010085907366 -134.17789512527634 -15.876748501904064 14.465835182150824 -0.004547506158229412,-1.3797830182834332 -85.318217325805563 -39.368760540831033 -4.1199372067421791 4.5294175415643423 -0.056565373334898084
ur,tetrapga,4.301160415,0.605930931,0.304159105,0.302027694,34.122344,41.595892,4.265293,1,0,0,12.838058081,1.627326518,1,5,5,1,0 0 0.060000000000000005,0 0 0.050000000000000003,0 0 0.050000000000000003,wrist_3_link,-1,0,0 0 0,0 0 0,,0.11045940515064186 -1.1121232472558276 0.12775933320687674 -1.5751549052641536 -0.053699169114829033 -0.023731423164020438,-0.013379690095403287 -0.020843831819654778 0.028725247886046704 -0.1230542446317118 -0.047936207022104195 0.010089546545121631,0.075852620382017566 -1.6132126898154859 -0.13524143632281579 -1.7340297693408422 -0.14258912896803139 -0.13576705145450926,-0.20471685678138116 -0.16114572742980943 -0.1212827956904269 -0.038678464913787465 0.033265464692721083 0.0084070043468377278,0.10677752702315627 -1.1518558697191339 0.10932126125993383 -1.5995197714954967 -0.064317304835352723 -0.031471540132323339,-0.12477125829752682 -0.71821855733625117 -0.3983286581614488 -0.43374631273443975 -0.34559094043314792 -0.37371852233531866,24.408240965375832 -262.85598419578827 -123.00833380753704 -14.629849018060842 13.308475564535566 -0.0037315172260513033,1.6041003920527146 -97.708517251460762 -45.304154173081997 -4.7250101442778032 5.2508396815364762 -0.030858835069537349
ur,tetrapga,4.34284951,0.611355047,0.276319262,0.315495151,33.997175,41.278472,4.249646875,1,0,0,12.87152639,1.266097921,1,5,5,1,0 0 0.060000000000000005,0 0 0.050000000000000003,0 0 0.050000000000000003,wrist_3_link,-1,0,0 0 0,0 0 0,,0.10968909371166176 -1.1136676659172082 0.12845126418206765 -1.580519762932592 -0.05635279139064598 -0.024292606788098491,-0.016848973342525789 -0.04590144023166591 0.0039409523491368871 -0.10636390476136465 -0.051160292000268642 -0.012214604430304204,0.067318051343439766 -1.619878132889272 -0.1401927428628203 -1.7355244693788596 -0.14110160427780305 -0.1353431753194739,-0.20469018808306369 -0.15859777133021516 -0.11623368899545053 -0.033026262828346836 0.038084063303069057 0.011923345899438886,0.10737035925192531 -1.136864732488593 0.11874142184952285 -1.6003963958538501 -0.062746078115933412 -0.02513109981251551,-0.10806823679783889 -0.51321238148460302 -0.01858573658777285 -1.2974670193349025 -0.30164590365723787 0.34352776845686878,17.466178169001836 -330 -150 -20.776737999330408 18.369999841935417 -0.018723717621666618,3.10518487719429 -102.12691316765086 -47.32427259668799 -5.0711447803996634 5.4978628815239716 0.037701170494074177
ur,tetrapga,4.384201988,0.615298723,0.254714905,0.313910749,39.613856,47.312792,4.951732,1,0,0,12.987046503,1.396312343,1,5,5,1,0 0 0.060000000000000005,0 0 0.050000000000000003,0 0 0.050000000000000003,wrist_3_link,-1,0,0 0 0,0 0 0,,0.10883584058848564 -1.116253813762548 0.1280200715006575 -1.5850797929441343 -0.059015021850126748 -0.025670421285142138,-0.018286344396046681 -0.074382394730843418 -0.021906297945654723 -0.095246331050949179 -0.052459721413294989 -0.02858760126078418,0.058857406236190603 -1.6263816873409935 -0.14489390505547364 -1.7367740811681822 -0.13942930548192406 -0.13477850812027548,-0.20447506889322117 -0.15591995083016558 -0.11111953730938813 -0.027409777509822066 0.042782074356217829 0.015381352518712296,0.10621105213804224 -1.1418729059414421 0.11867729947977158 -1.6094243270424204 -0.065128689857128566 -0.023717247923097696,-0.14515240246082278 -0.62642124930284382 -0.0085685040347275015 -1.1289386995911153 -0.29813176901895344 0.17634754335937172,16.684864515050215 -330 -150 -16.958056311839869 15.263272980258996 -0.0042702236302551017,3.557561224491792 -101.81944363585262 -47.086612278486427 -5.1169651677910224 5.4675706533736843 0.08810219506563044
ur,tetrapga,4.43159541,0.618187745,0.23935555,0.094121867,39.965555,47.449637,4.995694375,1,0,0,13.201849123,1.112761963,1,5,5,1,0 0 0.060000000000000005,0 0 0.050000000000000003,0 0 0.050000000000000003,wrist_3_link,-1,0,0 0 0,0 0 0,,0.10787112011635651 -1.1205121080381599 0.12640237491941209 -1.5898186271552945 -0.061849465363824269 -0.027550303144918794,-0.01027171014564608 -0.091038389686467422 -0.035676845729373491 -0.10142663239110022 -0.020189686159407947 0.021905205225071528,0.049176961446956019 -1.6336950247596271 -0.1500189618366258 -1.7379205119092682 -0.13727621481405994 -0.13395641061349881,-0.20399832201893231 -0.15267083494365952 -0.10513666391571491 -0.020969822287816471 0.048058294302508568 0.019303412035635042,0.10481630245873852 -1.1473911843637532 0.1178520143431693 -1.6163599275909064 -0.067476096977310857 -0.023932045593140206,-0.17469870262614795 -0.69034325977855504 -0.10390896895376088 -0.86754007527657628 -0.29380885510928634 -0.027348762097727242,19.469775228627814 -317.36626521824724 -150 -16.84149914062742 15.181367473477927 -0.0042711404348648053,4.0311608761825255 -31.060215995120416 -13.624975440141668 -2.5062330240161828 3.7012546560365251 2.5379282388625768
ur,tetrapga,4.479126682,0.624172196,0.314003151,0.230329226,39.756961,47.358828,4.969620125,1,0,0,13.371080654,1.605761127,1,5,5,1,0 0 0.060000000000000005,0 0 0.050000000000000003,0 0 0.050000000000000003,wrist_3_link,-1,0,0 0 0,0 0 0,,0.1080806701209303 -1.1226801201506222 0.12589090724610585 -1.5937853737332943 -0.062676675567721274 -0.026606675697651631,0.00116935716401436 -0.024515662632438023 0.023776866339737086 -0.14569767794095759 -0.041282130961438471 0.028756757843257413,0.039496892114632996 -1.6408704827851324 -0.15487121881099286 -1.7387638578035063 -0.13486863818158465 -0.13294637375609997,-0.20327450531409166 -0.1492239434967316 -0.099015019521862896 -0.014518185547229428 0.053225072066238013 0.023187871003276118,0.10425779039491463 -1.1464106217571581 0.12025300242069967 -1.6208594532139227 -0.068407444415763727 -0.022147781403333799,-0.17214269103441709 -0.65013907594259901 0.048263048648183857 -1.2684037340573484 -0.26672730971636643 0.3061985213524564,16.496605457045124 -330 -150 -19.354919978151027 17.229308123099052 -0.011266909896569026,-10.035640098798751 -76.008644483537864 -31.753137766965438 -7.5266443199216155 2.4824754907151885 0.48425170989064981
ur,tetrapga,4.526566528,0.631424112,0.321640035,0.311545494,39.607741,46.952048,4.950967625,1,0,0,13.546518105,1.940079518,1,5,5,1,0 0 0.060000000000000005,0 0 0.050000000000000003,0 0 0.050000000000000003,wrist_3_link,-1,0,0 0 0,0 0 0,,0.10763084561090729 -1.1233653878440897 0.12708869212214469 -1.5993694740335735 -0.064386255429376107 -0.025544610581074826,-0.017392975595018283 -0.014846254500590829 0.039453593068828945 -0.1557197831081864 -0.054751060464366334 0.016472804068623868,0.029875538660684514 -1.6478644176886865 -0.15942132600554659 -1.739300189450627 -0.13222395289179917 -0.13175544045231788,-0.20230836591134951 -0.14560096446506912 -0.092793611252280361 -0.00809667056977551 0.058248316804030573 0.027010865303575847,0.10260803867807712 -1.1522431775243847 0.12013894457163565 -1.6291349284519794 -0.070503423916571939 -0.021233535788854674,-0.20668354127459376 -0.72974933790744978 -0.015126489422669975 -1.0351032546391099 -0.26240407859069426 0.11374393094005704,18.201222512308807 -320.99578756998301 -150 -16.812783835322222 15.082579981487974 -0.0042896701129145742,-6.0967782988410022 -102.81001290902441 -44.904921437357586 -7.8089613678948808 3.835666007442768 -0.14557835234483463
ur,tetrapga,4.573587855,0.637972606,0.300263172,0.265502448,39.417982,46.789951,4.92724775,1,0,0,13.76321474,1.889665084,1,5,5,1,0 0 0.060000000000000005,0 0 0.050000000000000003,0 0 0.050000000000000003,wrist_3_link,-1,0,0 0 0,0 0 0,,0.10653063970675127 -1.1243630745276381 0.12841796966755245 -1.6052756492222944 -0.066446598998271364 -0.024885783863991005,-0.02256530039258374 -0.027005389701098094 0.031671744819309344 -0.14385440371779543 -0.041400601405282657 0.027058231138539262,0.020389923584056727 -1.6546229053416099 -0.16363763955618793 -1.739531790490777 -0.12937071652670343 -0.13039739587863319,-0.20111237083576777 -0.14183530158131363 -0.086526771316120979 -0.0017597173148604774 0.063086949942266435 0.030742008548868785,0.10077843232270534 -1.1580047107769373 0.11795334741090695 -1.6338117652639232 -0.072609779460008975 -0.022741880870391168,-0.22925100882373181 -0.72098299680235989 -0.2741970579907072 -0.58537073738802048 -0.26375564315105393 -0.18913884769963807,20.673708451339824 -298.4930786950676 -150 -16.423669357446506 14.74963939227233 -0.0043738509808404699,-0.26005205963230082 -87.615807979987039 -38.644896147757606 -6.2213195413196445 4.2341075355810744 0.64577673711126238
ur,tetrapga,4.620449374,0.644440125,0.319559877,0.330229529,39.508052,46.788431,4.9385065,1,0,0,13.803786027,1.864319096,1,5,5,1,0 0 0.060000000000000005,0 0 0.050000000000000003,0 0 0.050000000000000003,wrist_3_link,-1,0,0 0 0,0 0 0,,0.10563773456534027 -1.1254352011076181 0.12970338900760123 -1.6108418889499316 -0.068048190780001738 -0.023840687461150867,-0.021567107059670972 -0.030228691842712822 0.04299827854121125 -0.1679571125981901 -0.049726238496258346 0.026100913684174887,0.010997994544403884 -1.6611783105935012 -0.16754430629633829 -1.739466998694134 -0.12630423776656757 -0.12887086034217873,-0.19968648061341762 -0.13791508676628997 -0.080191504793615614 0.0045178134969224579 0.067761960442735178 0.034398153693076867,0.10023447517204817 -1.1552451289477197 0.12017450978880462 -1.6355987289641996 -0.073303390877227717 -0.022237234470231147,-0.22044441763333006 -0.67367112168671317 -0.090547461954325309 -0.94193385946164754 -0.22967834512667462 0.096849103348992327,17.021763959259324 -330 -150 -18.924606151511391 16.835875822933531 -0.010496509542104727,-5.2480164085728234 -108.97574469975461 -46.878684528624831 -8.6967126772105985 4.2629460008720059 0.28749620980251223
ur,tetrapga,4.667316403,0.649948628,0.297342939,0.357801714,39.654739,47.17896,4.956842375,1,0,0,13.974082972,1.96300774,1,5,5,1,0 0 0.060000000000000005,0 0 0.050000000000000003,0 0 0.050000000000000003,wrist_3_link,-1,0,0 0 0,0 0 0,,0.10442879448958946 -1.1271855789288947 0.13098918820391309 -1.6169955545341939 -0.069888290234113859 -0.022961147214780143,-0.030471636553017174 -0.050055964782129043 0.023348283399279603 -0.15201050143235786 -0.05484592980820626 0.0028659812045275786,0.0016772193887879148 -1.6675469448720239 -0.17115258981486717 -1.7391090567343666 -0.12302188010428834 -0.12717433127881925,-0.19802924934890401 -0.13383313958410492 -0.073775607410819774 0.010748147982573709 0.072282664339448119 0.037987873178854201,0.098211953859740395 -1.1609518349949686 0.11827988636430117 -1.6407650379790331 -0.075117132571961454 -0.02313302244680596,-0.25351794275840656 -0.71429234371639927 -0.23797788474578224 -0.64665068789960622 -0.22720042944181917 -0.11260331808385722,18.289418207506305 -310.50022777942166 -150 -16.710736694269734 14.924060531234836 -0.0042997759058149166,-4.1278358523626935 -117.98550456896919 -53.67025708520697 -7.5308089299142011 4.6309274591343978 -0.63345506934567197
ur,tetrapga,4.714569497,0.653742969,0.260518472,0.250896902,39.679847,47.101307,4.959980875,1,0,0,14.012973597,1.660725768,1,5,5,1,0 0 0.060000000000000005,0 0 0.050000000000000003,0 0 0.050000000000000003,wrist_3_link,-1,0,0 0 0,0 0 0,,0.10286312399921395 -1.1301266648786132 0.13122913214249657 -1.6227079245383447 -0.07185144865935468 -0.022862275185134919,-0.028210299973196466 -0.0690453763027018 -0.0025629412714466269 -0.11781576867943523 -0.034717795215986627 0.0061361727144818171,-0.0076362420765818759 -1.6737706339068512 -0.1744844660457153 -1.7384538942146015 -0.11950183365564633 -0.12529518864842282,-0.19612706643434483 -0.12956040604535229 -0.067235921903506871 0.016971117537248549 0.076676091614592434 0.041534868797175266,0.097420455829616337 -1.1586831201211354 0.12099833866678686 -1.644410714131292 -0.075853391133115802 -0.021449397051136923,-0.24503953764740652 -0.68068289077571986 -0.066010063553842674 -1.0208416935362488 -0.19452920992833803 0.20139755298979869,15.18262945911771 -330 -150 -19.045899243933324 16.883504833741849 -0.0099244797470083128,0.90597332454086654 -82.357603690827091 -37.634535247715235 -4.7813736332545886 4.0080879252732871 0.18685322652850545
ur,tetrapga,4.76174832,0.657657124,0.276463199,0.308608436,39.574832,46.888757,4.946854,1,0,0,14.139576261,1.908705452,1,5,5,1,0 0 0.060000000000000005,0 0 0.050000000000000003,0 0 0.050000000000000003,wrist_3_link,-1,0,0 0 0,0 0 0,,0.1018678131146155 -1.1328738538105012 0.13106725666897009 -1.6272080982856501 -0.073167036813722761 -0.022661975353524919,-0.02311644788890091 -0.057845648967612961 0.0040813571668036324 -0.12144183864376001 -0.042297985176774536 -0.0043997036540220419,-0.016839983463991431 -1.679779525253664 -0.17750133381770977 -1.7375079858371534 -0.11578424302537352 -0.12325358642675117,-0.19399921871308717 -0.12514330083356673 -0.060645526799225531 0.023115431042634003 0.080890347339097252 0.044999344201162965,0.095158681147315682 -1.1646016829426071 0.11961646528085762 -1.6504030466944284 -0.07736768055944146 -0.021488753608606657,-0.28360512175110353 -0.74096220412298286 -0.17405207660644709 -0.75000624986050668 -0.18978559037699447 -0.0055750457627656846,17.03884857520757 -315.26248664958524 -150 -16.666206882993087 14.822371817916656 -0.0043898583371510241,-7.5936976346522442 -101.84078395838151 -45.728295975372191 -7.0418187633822527 3.7907667989668425 -0.35953232751161579
ur,tetrapga,4.808707057,0.661017089,0.261374443,0.228086533,39.601484,47.224533,4.9501855,1,0,0,14.208727576,1.778159972,1,5,5,1,0 0 0.060000000000000005,0 0 0.050000000000000003,0 0 0.050000000000000003,wrist_3_link,-1,0,0 0 0,0 0 0,,0.10048482622696722 -1.1357532358423774 0.13084898272265255 -1.631851307459075 -0.074713642065365155 -0.022777927270864667,-0.027346773638806915 -0.062903581045872639 -0.00085056969340475963 -0.11539331083926743 -0.029115674714037379 0.012787852753714376,-0.025895830982060834 -1.6855500492203892 -0.18019414756989394 -1.7362804350007954 -0.11189071955361471 -0.12106108184515843,-0.19165772333379408 -0.12060338356872521 -0.054035435013252128 0.029152852960532806 0.084906912313172725 0.048366921054355173,0.094321324274673754 -1.1629920738569064 0.12234082806983421 -1.6547484684702245 -0.077967689134921608 -0.01926288697223582,-0.27177410766699239 -0.70116922474884325 -0.011459248957986432 -1.123643082680658 -0.15831433393961969 0.31802839943263062,13.702944748533765 -330 -150 -19.096628066979545 16.884832010530477 -0.0093621436651061818,-1.6738927334109803 -75.268555969316367 -33.444327641868085 -5.2782139668615855 3.5361740471565781 0.64923028313139497
ur,tetrapga,4.856005276,0.665000429,0.281132808,0.301116745,39.527931,46.895939,4.940991375,1,0,0,14.284897486,2.039669566,1,5,5,1,0 0 0.060000000000000005,0 0 0.050000000000000003,0 0 0.050000000000000003,wrist_3_link,-1,0,0 0 0,0 0 0,,0.09940784819437809 -1.138075612018957 0.13092375937402503 -1.6362896680918957 -0.075843491849742165 -0.022287693568112735,-0.026697746053456636 -0.04795526656626773 0.014934193506612535 -0.12750996964169284 -0.037024262721264231 0.0081371843209183635,-0.034900748616382898 -1.6911435041027609 -0.18259165379069942 -1.7347594732402936 -0.10778275645635764 -0.1186948768359808,-0.18907743617545295 -0.11589274931972972 -0.047336909826157243 0.035145193984839146 0.088766125986157171 0.051673101898489171,0.091807994479558591 -1.1691670428208329 0.1215666693949549 -1.6616571129941662 -0.079184366761429509 -0.018369527243267569,-0.31482868923703672 -0.77272750907008425 -0.097758261883881842 -0.86430407509406981 -0.15245926237820179 0.11117835906174436,15.941681727339304 -317.81966856708749 -150 -16.599819817312074 14.701018277085458 -0.0044266105220924891,-8.8590879770832771 -99.368525837709058 -43.885696744356324 -7.2278685210249023 3.7283827919779355 -0.046810332603072879
ur,tetrapga,4.903004016,0.668541826,0.268826098,0.23534406,39.523885,46.931548,4.940485625,1,0,0,14.399277349,1.967248115,1,5,5,1,0 0 0.060000000000000005,0 0 0.050000000000000003,0 0 0.050000000000000003,wrist_3_link,-1,0,0 0 0,0 0 0,,0.097815137926112641 -1.1404800641019524 0.13121195093782451 -1.6411736435666209 -0.077207126560891223 -0.021914815050134703,-0.032095527652865524 -0.053691868468080696 0.011820562680448956 -0.12535974988675458 -0.02562889967093368 0.02599886410903518,-0.043722644579429627 -1.6964777560796549 -0.18465940245381593 -1.7329696667797123 -0.10352449063446718 -0.11619084884150928,-0.18629679000985844 -0.11108172990420787 -0.040650584988938344 0.041001784174012235 0.092409156326410377 0.054868942680598366,0.090912698695700594 -1.1677874519873763 0.12441915220897005 -1.6663724763445911 -0.07966059968740008 -0.015754352553716815,-0.30013205432279438 -0.72466152221739188 0.054403982894240616 -1.2300714706149283 -0.12159879131167868 0.43731837486397729,12.730783217775805 -330 -150 -19.115583720759705 16.870038843036486 -0.0087703656425970177,-1.564947745366851 -77.663539934195796 -34.206359150034814 -5.6371239470481669 3.647388254272812 0.83075730435151485
ur,tetrapga,4.950016177,0.672487342,0.289881202,0.308269862,44.991242,52.564557,5.62390525,1,0,0,14.419391601,2.141349391,1,5,5,1,0 0 0.060000000000000005,0 0 0.050000000000000003,0 0 0.050000000000000003,wrist_3_link,-1,0,0 0 0,0 0 0,,0.096532866889774499 -1.1424904109222669 0.13177538249292733 -1.6460136108422427 -0.078197284555013846 -0.020902402465351931,-0.031250193972376925 -0.044858191250209789 0.028129633604046377 -0.14274187858233822 -0.031930569424129779 0.025353156874867333,-0.05241131773843969 -1.7015844077804254 -0.18641284975227804 -1.7309064562824563 -0.099098332335319547 -0.11353801601208201,-0.18330336079398515 -0.10614650308547191 -0.03394241919633427 0.046753095406459111 0.095855902927100098 0.057972493952777267,0.088141669836058062 -1.1742224408644482 0.12430670254242447 -1.6742168073094044 -0.080567896450233351 -0.013882120173862197,-0.34687545609104686 -0.80501590106842846 -0.01479752896117395 -0.98108400280269503 -0.11369301465269541 0.23366034218736229,15.274132050238961 -319.69724553096302 -150 -16.533924273339323 14.592872650117426 -0.0043783377827765393,-9.12361160379686 -101.72905446993445 -44.207708057620096 -7.6605211332835097 3.9356564958338822 0.28271138487281178
ur,tetrapga,5.002652685,0.676307065,0.274043289,0.242653067,39.449275,47.108932,4.931159375,1,0,0,14.52825201,2.047654198,1,5,5,1,0 0 0.060000000000000005,0 0 0.050000000000000003,0 0 0.050000000000000003,wrist_3_link,-1,0,0 0 0,0 0 0,,0.094585383070161552 -1.1450466249523408 0.13264563674923047 -1.6520151363442226 -0.079443754516308612 -0.019712401121533229,-0.03569799418128218 -0.053030898120957633 0.022019126514528378 -0.13408765626105759 -0.020076004538249325 0.040139612388928179,-0.061966208131137006 -1.7070231733403709 -0.18800152220559141 -1.7282790360855156 -0.093956463128819084 -0.11039758652016843,-0.17970561866151405 -0.10048391388176622 -0.026420637908007905 0.053054189131407914 0.099473755163160552 0.061331912448401159,0.085123328125663617 -1.1805680873723667 0.12204691071653073 -1.6783458301514846 -0.081500238972426739 -0.014506699485524079,-0.37849845888364558 -0.79458936600323637 -0.28391915386118316 -0.51712675328476365 -0.11684966164213319 -0.078652869014133861,19.31959488599777 -296.69279493571264 -150 -16.129813953690281 14.269919061641248 -0.0045373217738676076,-0.66224179998880572 -78.642026943986821 -36.397959995687245 -3.342493000352988 3.5928564524660374 -0.079166725002259852
ur,tetrapga,5.049857927,0.679946201,0.298605604,0.311835603,39.580188,46.87686,4.9475235,1,0,0,14.46261762,2.069384498,1,5,5,1,0 0 0.060000000000000005,0 0 0.050000000000000003,0 0 0.050000000000000003,wrist_3_link,-1,0,0 0 0,0 0 0,,0.093195511481698468 -1.1470604496318855 0.13353219756813769 -1.6571777668335501 -0.080222091705012197 -0.018182253956989965,-0.033721653670128124 -0.047813875432661405 0.038497270306297966 -0.15683703693596801 -0.025382127558852913 0.042888040042741174,-0.070368794783200114 -1.7116443789451827 -0.18908950499951097 -1.7256438738130042 -0.089188618039364218 -0.1074334268677694,-0.17626303366622131 -0.095290701057946153 -0.019676347980650936 0.058570869427804095 0.10249557913933148 0.064236784619163712,0.084353477513543676 -1.178085484982718 0.12409847811549383 -1.6794184848266205 -0.081801232218945155 -0.014105895647421993,-0.34939136520433589 -0.73782604506901517 -0.10355317096067868 -0.79633298659601448 -0.077796392697474903 0.16452621570376991,14.034679514448589 -330 -150 -18.464234669435417 16.309840459190628 -0.0077961044724736573,-9.6643267378322548 -102.90574909706811 -43.91203795556703 -8.0286872832175504 4.066571073023681 0.63023334842246115
ur,tetrapga,5.096803249,0.682816517,0.27901033,0.342362441,39.668366,46.961839,4.95854575,1,0,0,14.474784045,2.15115737,1,5,5,1,0 0 0.060000000000000005,0 0 0.050000000000000003,0 0 0.050000000000000003,wrist_3_link,-1,0,0 0 0,0 0 0,,0.091230906356120176 -1.1495824000380883 0.13467585026751089 -1.6631203879804786 -0.081177949768818855 -0.016612149604770775,-0.047378970539928053 -0.063351593001853723 0.021158571424453116 -0.13731565343298699 -0.027842545465889733 0.021645849469966009,-0.078559281759381219 -1.7159946322816486 -0.18985599505382703 -1.7227680929663329 -0.084310570332148033 -0.10435204829364776,-0.17264185334763033 -0.090026078099567447 -0.012981056619621499 0.063922155214179849 0.10528671740715154 0.067020685777699943,0.081221344839548029 -1.1842201297596882 0.12186857673138121 -1.6832322674477611 -0.082417334175333298 -0.01454183698086714,-0.39242089306270767 -0.76786826150633569 -0.27982155473242615 -0.47747200116114857 -0.077242879324488214 -0.054928007972943046,16.193157053703249 -306.2455884092584 -150 -16.418504387965449 14.437369233668123 -0.0045062833044899001,-8.4088940824919973 -112.97960566681559 -51.332698385264905 -6.883388892275434 4.4728976017404136 -0.32729949227804767
ur,tetrapga,5.143836468,0.684053926,0.248958213,0.237914085,39.55236,47.185204,4.944045,1,0,0,14.406371683,1.882869368,1,5,5,1,0 0 0.060000000000000005,0 0 0.050000000000000003,0 0 0.050000000000000003,wrist_3_link,-1,0,0 0 0,0 0 0,,0.088779682469306037 -1.1530530552771934 0.13481188784354597 -1.6682695063053294 -0.082127560084206186 -0.015818715719498996,-0.045577090069756056 -0.07862028225463745 -0.0047023979400167091 -0.10154710843833324 -0.014053416233956766 0.017222823119957108,-0.086590085974540348 -1.72010298492138 -0.19030920207862745 -1.7196383450843509 -0.079297111584554242 -0.10113637792138092,-0.16882147197576672 -0.084659184704130697 -0.0062952425969124938 0.069139892860060656 0.10786443783475126 0.069701325913062467,0.080169716653363643 -1.1822421098156779 0.1242494660303378 -1.6855844851893473 -0.082660887137904746 -0.013256736143703703,-0.36832980581292352 -0.72749683286546341 -0.10768022117433554 -0.76217538353815861 -0.039672161751130516 0.20021355925845077,12.006735775083925 -330 -150 -18.458900829710622 16.253315856450083 -0.0070872306285339774,0.47598939031445298 -77.729191578590871 -35.687112734535788 -4.0572776516028171 3.5485855434419307 0.11083399815560924
ur,tetrapga,5.191090244,0.685444091,0.257721888,0.298751819,39.625511,47.355584,4.953188875,1,0,0,14.374280121,2.090143413,1,5,5,1,0 0 0.060000000000000005,0 0 0.050000000000000003,0 0 0.050000000000000003,wrist_3_link,-1,0,0 0 0,0 0 0,,0.087090841311311062 -1.1561725475481095 0.13455904002546273 -1.6721220892459108 -0.082643953419958602 -0.015199785661217232,-0.038942859069521808 -0.065101782630993713 0.0016603635744758683 -0.097899096421713461 -0.018125670273291497 0.0068687201895207836,-0.094473129540100523 -1.7239743577636006 -0.19044858739760107 -1.7162503634908828 -0.074143333197181541 -0.097781306646624891,-0.16479463408930536 -0.079181747119719162 0.00038955002624246887 0.074229016869954423 0.11022962195505338 0.072281820576852465,0.076844734388630681 -1.1883832538552104 0.12215418761174952 -1.6892411825030273 -0.08295520024607482 -0.013388996918294184,-0.41630101470156133 -0.7684212532303818 -0.2627227136122961 -0.45764904434889497 -0.036961739603238203 -0.016859102793034528,14.892717052457073 -308.6930983305021 -150 -16.37839275086036 14.351625958084174 -0.0045727191149074996,-11.230031190833813 -98.588100161436159 -44.614639036607002 -6.1399031550827203 3.7383130017956034 -0.20375555888026753
ur,tetrapga,5.238531573,0.686300003,0.244934465,0.218503695,39.477432,46.900899,4.934679,1,0,0,14.321214546,1.965530926,1,5,5,1,0 0 0.060000000000000005,0 0 0.050000000000000003,0 0 0.050000000000000003,wrist_3_link,-1,0,0 0 0,0 0 0,,0.084884274181937225 -1.1593814135598333 0.13419570708441381 -1.6758546741442424 -0.083274138150355878 -0.014911640248471065,-0.043514333948105687 -0.069402763162862396 -0.0052642400544592807 -0.087944787830492394 -0.0091650544418335998 0.016266385692147591,-0.10219165242495541 -1.7275988415124504 -0.19027173667334682 -1.712610839851437 -0.068862111847335025 -0.094293010959407453,-0.16056741709976299 -0.073604455836139032 0.0070579913910967318 0.079175782339543324 0.112373821547656 0.074755639637654206,0.075737247177687372 -1.1869451125422019 0.12441691143129484 -1.6917657106764485 -0.083029884076356072 -0.011867893638154957,-0.3901801936161986 -0.7271235313210791 -0.094066689544168025 -0.73431581799388057 0.00050187991214275737 0.23747563460851218,10.783789314472079 -330 -150 -18.39694756648748 16.177443681019476 -0.0063221969990038696,-2.0096877085962319 -72.1062192346144 -32.334618273996512 -4.4023268019427633 3.1866714649491996 0.47607373810322784
ur,tetrapga,5.285502032,0.687745492,0.252322061,0.29991897,39.646228,46.966993,4.9557785,1,0,0,14.243871722,2.195574277,1,5,5,1,0 0 0.060000000000000005,0 0 0.050000000000000003,0 0 0.050000000000000003,wrist_3_link,-1,0,0 0 0,0 0 0,,0.083238426555462236 -1.1618873574591633 0.13404353515347214 -1.6790253572897689 -0.083599930546924744 -0.014322458524237393,-0.036825870084225755 -0.050845531239011484 0.0052081240554323009 -0.085127921725111771 -0.012008974176078496 0.0097664043892044944,-0.10963182310025117 -1.7309250224450072 -0.18978617035001646 -1.7087801760377175 -0.063538520505168172 -0.090726497951738552,-0.15620599442142041 -0.068013375129415965 0.013607890375466484 0.083905166106527276 0.11426591294684363 0.077086427134223243,0.072214352666829296 -1.1931306266812411 0.12253802957685148 -1.6953510702053278 -0.083002085436963219 -0.011614739179843483,-0.44149910385696756 -0.7744070531868632 -0.23601814640138208 -0.44895355476539595 0.0033232021348572911 0.031341991463970542,14.419686008192206 -309.95291850271201 -150 -16.368741397834398 14.307054272986369 -0.0046357121590001379,-15.252509240347024 -98.97326013376005 -40.603398973858987 -16.071119441212431 2.4167253685612025 -0.29736826745645928
ur,tetrapga,5.332548664,0.688611474,0.242609639,0.226046347,39.643298,47.087894,4.95541225,1,0,0,14.198587968,2.107737447,1,5,5,1,0 0 0.060000000000000005,0 0 0.050000000000000003,0 0 0.050000000000000003,wrist_3_link,-1,0,0 0 0,0 0 0,,0.080877376464128126 -1.1645539978532957 0.13396850216881759 -1.6824362751727941 -0.084056832002326692 -0.013924098642213324,-0.048212898580660531 -0.059389947246438562 0.0018349481862939584 -0.083568284796269862 -0.005439535900049198 0.020242630303123416,-0.11687469012514534 -1.7339918781414969 -0.18899283790241631 -1.7047247119699143 -0.058122679642704025 -0.087047291907147217,-0.15166783569998912 -0.062352270445502241 0.020106298650515574 0.088466862643354502 0.1159278386674969 0.079299922598732572,0.071081888371790858 -1.1918213964065543 0.12482469451471588 -1.6978324555328608 -0.082960288031905749 -0.0099695638234865852,-0.41313049804517304 -0.73027920589263629 -0.072237587212861332 -0.71434822094993478 0.03807178495785625 0.27758766587494732,10.424289653647847 -330 -150 -18.321320524575693 16.102324741640874 -0.0057211046507268087,-1.9170100054791988 -74.595294494024529 -33.314738127841736 -4.5946875780255141 3.3169490217597968 0.56066035492095878
ur,tetrapga,5.379710218,0.689796588,0.248375797,0.297223486,39.647208,47.120107,4.955901,1,0,0,14.081691496,2.258584742,1,5,5,1,0 0 0.060000000000000005,0 0 0.050000000000000003,0 0 0.050000000000000003,wrist_3_link,-1,0,0 0 0,0 0 0,,0.078944442357189781 -1.1668319834616054 0.13408668649483602 -1.685622154792777 -0.08425795549538212 -0.013154327822891842,-0.045966490477661104 -0.04887083702464573 0.012195765952203473 -0.084218434878345821 -0.0072722864987584618 0.015531437208807829,-0.12391706867478698 -1.7367976290273419 -0.18789238101987896 -1.7004482347504895 -0.052620706346639706 -0.083257498808439759,-0.14695443603027863 -0.05662421057342823 0.026548382385571886 0.092856332324977198 0.11735695271641605 0.081394466745620786,0.0673574049271565 -1.1980304996271636 0.12309216824097774 -1.7011801603409891 -0.082631496033462301 -0.0094584222050993223,-0.46641339807907461 -0.77705124193137221 -0.21743422016423736 -0.41905081125765531 0.040985278963493785 0.063665965429685306,14.143357465546464 -309.54943686021454 -150 -16.285647600794036 14.205970591394207 -0.0046651461665775419,-12.27807963471929 -98.083750384540508 -44.013768131977486 -5.9999503242843275 3.8758083259821206 0.053101365760507946
ur,tetrapga,5.426905678,0.690283848,0.240993273,0.22892933,39.573908,47.135981,4.9467385,1,0,0,14.009319821,2.168829951,1,5,5,1,0 0 0.060000000000000005,0 0 0.050000000000000003,0 0 0.050000000000000003,wrist_3_link,-1,0,0 0 0,0 0 0,,0.076387620099563278 -1.1693814053352647 0.13417469352645531 -1.6888509486280114 -0.084486933945939452 -0.012527398801874321,-0.050613419974647869 -0.057929387335225895 0.0050669190045305665 -0.079999826448703029 -0.00046244690104221549 0.025283930641531359,-0.13073822471186006 -1.7393338662025442 -0.18648888517971288 -1.6959659187125697 -0.047052950416568977 -0.079369084445129121,-0.14207960472430842 -0.050846979206518587 0.032913011051055228 0.097058219795048403 0.11854749644756095 0.083363282757576956,0.063328650664320224 -1.2041039646450891 0.11911828075431953 -1.7008125680864712 -0.08230803809710345 -0.01143267126430671,-0.50444725035431459 -0.76009646659589092 -0.49760437177924821 0.045361321573141919 0.040318521202918012 -0.24700786926964616,18.704879063414303 -286.99395782304123 -146.42917512238671 -15.536486449425642 13.630326957231567 -0.0046542051284363282,-1.5948425426556696 -75.546678928221809 -33.687571366695806 -4.60527464369261 3.3617248090415046 0.59616865478783865
ur,tetrapga,5.474136313,0.690993511,0.244728367,0.297499389,39.520235,47.01269,4.940029375,1,0,0,13.818394136,2.190882176,1,5,5,1,0 0 0.060000000000000005,0 0 0.050000000000000003,0 0 0.050000000000000003,wrist_3_link,-1,0,0 0 0,0 0 0,,0.074368702801298897 -1.1716432281405962 0.13439875305770518 -1.6919000375441866 -0.08449029093899578 -0.011562999254055057,-0.048081806167014046 -0.04978874746580976 0.014586785541193449 -0.079824569132745882 -0.0010258293327840651 0.021159519613302646,-0.13733053200263454 -1.7415981269733491 -0.18478575608306552 -1.6912863714543966 -0.041430494356660436 -0.075387805413968473,-0.13704956190754436 -0.045028589802535081 0.039190564727868749 0.10106557467994427 0.11949721387118868 0.085203716107765323,0.062457490063930109 -1.2013872287913754 0.11992206224242583 -1.6990057128172524 -0.082221903544755837 -0.012430420770451037,-0.45524104368470419 -0.67619530061007094 -0.37827000844501246 -0.053449039253037872 0.078854733745483699 -0.12082088408508934,12.779831359361253 -320.0981714610337 -150 -17.493408533437606 15.436827147259191 -0.0046088223847542799,-12.744407839243991 -98.174798397199083 -43.909993393988941 -5.8667737774585476 3.94761974974449 0.14208265572839807
ur,tetrapga,5.521226771,0.690852545,0.231549698,0.342144332,41.117021,48.633666,5.139627625,1,0,0,13.695404726,2.219646103,1,5,5,1,0 0 0.060000000000000005,0 0 0.050000000000000003,0 0 0.050000000000000003,wrist_3_link,-1,0,0 0 0,0 0 0,,0.071664628027949651 -1.1742600593701089 0.1345102552072325 -1.6948460768674829 -0.084498756286414831 -0.010852294378241725,-0.064263596975338969 -0.062111046593602455 -0.0098278336841386305 -0.045021072431935309 -0.00042097241486122744 -0.0050649665597642043,-0.14366333453356658 -1.7435813808584533 -0.18279484797826603 -1.6864370483482243 -0.035785769587684306 -0.071334896633750075,-0.13189033605180792 -0.039199034768275527 0.045348628002958837 0.10485789392834494 0.12020205768522707 0.086907120793671119,0.058403873954631327 -1.2072044598895519 0.1160793266932527 -1.6983841336257548 -0.081572268663036379 -0.014110741019384891,-0.50804635301770573 -0.72854315383096346 -0.48156987862413714 0.076908030478184813 0.081096873607828829 -0.21021497661341623,15.780306231585083 -295.74762272128453 -142.37400032129713 -15.911643869059692 13.886808096135706 -0.0048241035116975868,-11.623046087706996 -107.98786049142655 -51.321649783333839 -4.8269153055580318 4.3680537116244125 -0.7954832888117096
ur,tetrapga,5.569967631,0.688983492,0.229068502,0.232920017,44.311239,51.844327,5.538904875,1,0,0,13.494969151,1.949646922,1,5,5,1,0 0 0.060000000000000005,0 0 0.050000000000000003,0 0 0.050000000000000003,wrist_3_link,-1,0,0 0 0,0 0 0,,0.068382048883017119 -1.1776990388370279 0.13336626265491494 -1.6965006134772604 -0.08442038373854989 -0.01110143229251398,-0.06072206202614993 -0.075596554756093698 -0.036563415037434155 -0.015206533325620514 0.0069288048153199134 -0.013079459047117291,-0.14995871202129135 -1.7453444826696285 -0.18043150801564281 -1.6812349636994397 -0.029914408195177874 -0.067058841641959674,-0.12640620642425404 -0.033144084426031582 0.051606619452120521 0.10856318080961361 0.12067610433654324 0.0885296667642341,0.057182048928674463 -1.2050796327030264 0.1172781285381416 -1.6974915313273762 -0.081346381081780161 -0.014423826275359344,-0.46555434927318345 -0.65748295949483482 -0.39128746942395681 0.052123256312632107 0.11715892881149535 -0.13330776383403645,10.949895236379062 -319.58083442701974 -150 -17.263021853754321 15.204918661374895 -0.0036184026563107264,0.48787281369948232 -72.67033299587456 -34.938002485988477 -2.7610287130246434 3.1461011576045621 -0.36803431531618003
ur,tetrapga,5.621911895,0.687041954,0.228698762,0.286526899,37.066961,47.010964,4.633370125,1,0,0,13.348070451,2.071529774,1,5,5,1,0 0 0.060000000000000005,0 0 0.050000000000000003,0 0 0.050000000000000003,wrist_3_link,-1,0,0 0 0,0 0 0,,0.065875215883951052 -1.180951155159655 0.13169578753349565 -1.6970303507838431 -0.084093403108919607 -0.011748115559280899,-0.060525930650221153 -0.062645153208025092 -0.035048848227213977 -0.00056947318044199655 0.0068723738914138769 -0.023957537893089867,-0.15636969388181843 -1.7468982210894941 -0.17758063014065492 -1.6754985990726354 -0.023639019436229421 -0.062418752294536445,-0.12040914987854914 -0.026677792943218762 0.058134994925771399 0.11225886032084981 0.12089467095878061 0.090099146739605077,0.053007612662243853 -1.2108563975976445 0.11361446741068144 -1.6966067669138201 -0.080388956533071459 -0.015816269635667384,-0.52281278782034368 -0.7231375617463901 -0.45887859216564325 0.11000352535024707 0.11959745363325938 -0.17418662916101899,14.736084378532851 -295.2457937629199 -140.53684952941029 -15.877408966140413 13.829209953769702 -0.0048815112649038426,-8.5451973336297442 -91.036797790707169 -42.979034906437562 -4.5793515791274331 3.6683183755058906 0.045001683291612693
ur,tetrapga,5.668999903,0.684572043,0.228189689,0.206896312,36.122329,43.955644,4.515291125,1,0,0,13.226781325,1.951468988,1,5,5,1,0 0 0.060000000000000005,0 0 0.050000000000000003,0 0 0.050000000000000003,wrist_3_link,-1,0,0 0 0,0 0 0,,0.063011143568785205 -1.1839924733063487 0.12991962154589043 -1.6970755771080361 -0.08377128114005622 -0.012633624332853439,-0.053872881014952849 -0.063357346708514672 -0.038051857829768908 0.0050530450938586682 0.011294125446734133 -0.018047957864279367,-0.16190897664521334 -1.7480163425664466 -0.17470649816703138 -1.6701382508890206 -0.017946729549690205 -0.058145520643495666,-0.11484484573333562 -0.020813207064608662 0.063917679350782644 0.11537762375428408 0.12083722709160309 0.091377632283709237,0.048460949614163432 -1.2171642221338062 0.10966004571289345 -1.695735847071872 -0.079396170987311748 -0.017185438052291432,-0.56934113552656984 -0.7895200169393557 -0.49522366345662283 0.10827295389924246 0.12401757826463662 -0.17127726120051953,19.281716956718515 -272.23218213309559 -128.22442298515455 -14.64452011877367 12.835739468618762 -0.00427127225314096,-2.478756675432237 -66.51894148867359 -31.034446796894372 -2.9163400181787438 2.7788494463207201 -0.072045379254728203
ur,tetrapga,5.713033777,0.682944191,0.226984822,0.205079641,41.90036,49.670323,5.237545,1,0,0,12.929746049,2.007298188,1,5,5,1,0 0 0.060000000000000005,0 0 0.050000000000000003,0 0 0.050000000000000003,wrist_3_link,-1,0,0 0 0,0 0 0,,0.061054670957763298 -1.1861793186092002 0.12859943943089752 -1.6969019209554599 -0.083379588439275926 -0.013250125183001095,-0.038311568359746515 -0.041803131989775519 -0.02522112195380178 0.0033972192937331276 0.0074890784583744631 -0.011918208423219164,-0.16684955881402147 -1.7488121654159787 -0.17177517969754422 -1.6649972672620355 -0.012631036633120651 -0.054097803046909851,-0.10953822699646838 -0.015334150426972152 0.069200932633194476 0.11809057523404069 0.12056399656306886 0.092447677171502762,0.047599472307336792 -1.2148774409153762 0.11108608716507183 -1.6948101881636752 -0.079110643319745017 -0.017271308323100639,-0.50276589008542505 -0.68397390500501076 -0.41486870013295163 0.15143211328329764 0.16012377154424789 -0.13375142170779439,12.217897333646031 -301.69096989030726 -142.02331117356388 -16.134674086058791 14.27297561811865 -0.0021191776250778461,-0.16882393728309353 -66.169905957523952 -30.761946162948561 -3.2493131434166571 2.564969079398594 0.036972006587884465
ur,tetrapga,5.762777128,0.680423169,0.229141176,0.322037868,36.596999,44.518247,4.574624875,1,0,0,12.770098801,2.030666935,1,5,5,1,0 0 0.060000000000000005,0 0 0.050000000000000003,0 0 0.050000000000000003,wrist_3_link,-1,0,0 0 0,0 0 0,,0.057939111859127965 -1.188668898879879 0.12704433367116402 -1.6962720932640034 -0.082861149671710502 -0.014301310428065522,-0.079278234053947183 -0.060885674528002948 -0.038066609267423397 0.020342014149187258 0.013720117177178278 -0.029163908217317444,-0.17214694871200822 -1.7494212760989409 -0.16818757410478993 -1.6590517520354624 -0.0066466651150681308 -0.04947209463149449,-0.10343152695248085 -0.0091593214551724395 0.075015825006246817 0.12091401947029716 0.12000105181067405 0.093509148848177501,0.043135500673557467 -1.2209088473981133 0.10749845664840757 -1.6936291806344954 -0.077809600951389724 -0.018334918504171783,-0.55952388896701466 -0.75546913250696179 -0.44972164255065505 0.14691088204409486 0.16258131376894067 -0.13299038332521329,15.29669020784643 -278.22322145255225 -131.02825790338989 -14.926145711545423 12.998745261384816 -0.0046249812935545438,-9.9153149705076089 -102.43138842111148 -48.305680236726744 -5.2275767527453354 4.2157960068076932 -0.02465873839116739
ur,tetrapga,5.807395642,0.676541169,0.239145012,0.214643706,36.849248,45.923769,4.606156,1,0,0,12.636595506,1.775700894,1,5,5,1,0 0 0.060000000000000005,0 0 0.050000000000000003,0 0 0.050000000000000003,wrist_3_link,-1,0,0 0 0,0 0 0,,0.054339819071262938 -1.191868333987113 0.12502090075796049 -1.6956130748047888 -0.082290456188819514 -0.015333448936448503,-0.068666759629905594 -0.076033973559405152 -0.047791983175636696 0.016993589909530989 0.016787634050828861 -0.019503539533648952,-0.17663793129771535 -1.7497067661781147 -0.16472684960378997 -1.6536044056050672 -0.0013079547719817577 -0.045281131471206874,-0.097860054461059928 -0.0036415271806724565 0.080085589172365496 0.12322503566115406 0.11926779489134837 0.094327233402974942,0.038311761115624454 -1.2274430224013326 0.10366058394955202 -1.6924717335979436 -0.076493266114633071 -0.019391829283626465,-0.60449487948622549 -0.81831519756718996 -0.48100191532456549 0.14396582046559908 0.16449287231910978 -0.13215295812315575,19.485241296003331 -255.39164131164353 -119.98703861009309 -13.66454728759927 11.971233855187807 -0.004056831145530319,0.29009262811143799 -69.772009182690454 -32.196555891530807 -0.85337503518712765 3.960690405459701 -0.11384660682892189
ur,tetrapga,5.853501309,0.673152387,0.231538466,0.284914294,34.056546,41.651195,4.25706825,1,0,0,12.539936747,1.714925074,1,5,5,1,0 0 0.060000000000000005,0 0 0.050000000000000003,0 0 0.050000000000000003,wrist_3_link,-1,0,0 0 0,0 0 0,,0.051880665080763985 -1.1947882265468497 0.12320166263905748 -1.6949674457031569 -0.081610381104660096 -0.016042945353883249,-0.053105447700360173 -0.060123193915939135 -0.036246156428060644 0.024254393350537164 0.019404988170407065 -0.021085774309937612,-0.18101545543042644 -1.7497437503223279 -0.16091658922422367 -1.6478722564689749 0.004169183398003257 -0.040915189173701086,-0.09201692569550407 0.0020317703313339646 0.085171796813156592 0.12538952477542109 0.11828487403294398 0.095038524172927366,0.033201009600832568 -1.2344179284431203 0.099604452404503621 -1.6913345737534535 -0.075162507961649749 -0.020442360565248497,-0.6403713740935848 -0.87340657738825678 -0.50828427109867158 0.14142992145786615 0.16629578684744314 -0.13135552089407401,22.127241380215889 -233.2598413468786 -109.29364888725893 -12.436831664007508 10.947196379971921 -0.0035583879023755069,-19.757198804266039 -92.306716433002293 -42.737144036040149 0.89400902554734785 5.1132316999417355 -2.0880502537532806
ur,tetrapga,5.895231824,0.669367634,0.241694453,0.230927489,41.86477,49.582412,5.23309625,1,0,0,12.009782013,1.487990177,1,5,5,1,0 0 0.060000000000000005,0 0 0.050000000000000003,0 0 0.050000000000000003,wrist_3_link,-1,0,0 0 0,0 0 0,,0.048898269318097064 -1.1976333155134231 0.1214788031114052 -1.6941124486641312 -0.0808725243737662 -0.016831480166204407,-0.06361019276640105 -0.067849080096909722 -0.041474492841981438 0.0156462861695379 0.01543418379737516 -0.015264834051200927,-0.18474379499746227 -1.7495523590513333 -0.1572687139851047 -1.6426022912268521 0.0090832692185519523 -0.03693782249649491,-0.086659103340259336 0.0071355126754823108 0.089635734050843324 0.12715015738745475 0.1171995021076971 0.095564233490139899,0.032693827377892067 -1.2311889444848052 0.10177988960756697 -1.6904821479681971 -0.074937554064484255 -0.020226559963617635,-0.55508272009052795 -0.74705365088727094 -0.41259468018347273 0.19282551978819923 0.20652051331772264 -0.085894270284759475,13.892334911488181 -265.74801233871182 -124.08363332023862 -14.007899540724404 12.485418604124998 0.0001803370728640204,2.7503798198854668 -74.67695781522616 -34.639123370694961 -3.8138945334630989 3.0643492129696881 0.047014302665829177
ur,tetrapga,5.944897285,0.663521294,0.262580282,0.32507697,36.144759,44.178106,4.518094875,1,0,0,11.872029104,1.531921033,1,5,5,1,0 0 0.060000000000000005,0 0 0.050000000000000003,0 0 0.050000000000000003,wrist_3_link,-1,0,0 0 0,0 0 0,,0.044642235363099129 -1.201775921567563 0.11902285148606562 -1.6929292006274614 -0.079852291879773024 -0.01786439788661736,-0.10025442777292388 -0.10001792242545873 -0.057534756269282568 0.03122234207986543 0.025857439057940409 -0.02608197029034056,-0.18888781422296913 -1.7490480629509251 -0.15268863464053742 -1.6362403361868862 0.014867075039568269 -0.032179028400143278,-0.080204843690814931 0.013163052012050749 0.094768174810644604 0.12899689238601234 0.11566787635076434 0.096043071294308835,0.02785372476266532 -1.2376461383297765 0.098265136927198585 -1.6889613226177902 -0.073270131882754844 -0.02091566526825844,-0.60724283678622304 -0.80937369821284189 -0.44104266369895767 0.18940974826363396 0.20849675750242599 -0.086051980208143988,15.822780039797335 -245.03819068849003 -115.05717388376989 -13.040904043308739 11.357715314332436 -0.0039749474479530041,-9.6749161960607637 -104.01435684229909 -48.761545548120012 -5.3288139818050695 4.2693139500984785 -0.0075439991790986483
ur,tetrapga,5.989170815,0.656868425,0.282649246,0.232022468,36.112748,43.986672,4.5140935,1,0,0,11.755276861,1.159626829,1,5,5,1,0 0 0.060000000000000005,0 0 0.050000000000000003,0 0 0.050000000000000003,wrist_3_link,-1,0,0 0 0,0 0 0,,0.040453212204444054 -1.20646596366849 0.1162454434756891 -1.6919560065039536 -0.078870550272108542 -0.01875209885338433,-0.082228903844251466 -0.11400410478529417 -0.068200306012175138 0.017118909179865256 0.021646240699409302 -0.017161492961633145,-0.1923101957818765 -1.7483472627910452 -0.14839482328863368 -1.6304970360710871 0.019953818764421823 -0.027919930326441404,-0.074387438521840932 0.018486254285250709 0.099171762899327984 0.13041300838290715 0.11408537695679474 0.096335009977085703,0.022685684032623235 -1.2445313779533531 0.094539593990550896 -1.6874613575546209 -0.071591609208456808 -0.021599112271266686,-0.64823510113814009 -0.86287942053849775 -0.46739144573387148 0.18680221235894692 0.20988431907350383 -0.085344692504074116,19.187300502255255 -223.29069061149585 -104.65483829809747 -11.85817168027612 10.390106506568902 -0.0034584678365999402,4.5647371600736903 -75.388059460941804 -34.80337012774379 -3.871661846895222 3.1386274115711501 0.052807185097343279
ur,tetrapga,6.033228313,0.650934304,0.254312028,0.254800619,36.08518,43.878938,4.5106475,1,0,0,11.640706831,1.062871068,1,5,5,1,0 0 0.060000000000000005,0 0 0.050000000000000003,0 0 0.050000000000000003,wrist_3_link,-1,0,0 0 0,0 0 0,,0.037673899330749556 -1.2107805604416717 0.11374415134671299 -1.6911236581987044 -0.077823256264548127 -0.019290838242841571,-0.05927492096067067 -0.08688160314672877 -0.047424127775659533 0.03049852048559875 0.029029498562737725 -0.01508691575832319,-0.19545901440831873 -1.7474170846427348 -0.14393207955423606 -1.6247243079777081 0.024941759401804476 -0.023671573342534037,-0.068545684412402469 0.023729953983372982 0.10338734523165838 0.13160504121556574 0.11231023844933989 0.096499076274127571,0.026598853875839316 -1.2322849076503357 0.10206573802980698 -1.687002755832232 -0.072455448347087253 -0.020447432241550857,-0.44873223067232448 -0.57972954039864832 -0.26036611917957603 0.28587229528523056 0.28153254107002662 -0.00026403162611286085,2.0297960329161739 -302.35019330574943 -140.1375243294911 -15.624557924731103 14.008308436889763 0.0051504172255144136,-22.503100107535488 -84.084204276575292 -37.538958768423868 2.6417488808083363 5.2787234306370863 -1.3482466192948408
ur,tetrapga,6.077169329,0.645187471,0.263130149,0.202211795,36.061112,43.685492,4.507639,1,0,0,11.379164662,1.012589806,1,5,5,1,0 0 0.060000000000000005,0 0 0.050000000000000003,0 0 0.050000000000000003,wrist_3_link,-1,0,0 0 0,0 0 0,,0.034385045293078897 -1.214562075993965 0.11166886152097734 -1.6900356668199563 -0.076742692726220321 -0.019849902165631202,-0.069443912630165389 -0.085492214001830616 -0.047957778472879159 0.020198912765896335 0.021976048536961706 -0.010821481689451937,-0.19834212576351895 -1.746260543564145 -0.1392998801185438 -1.6189193041398562 0.029834291332325943 -0.019430012659189672,-0.062673706819305036 0.028900220919500366 0.10742093972407352 0.13257670931895396 0.11034373052290407 0.096537021799547332,0.022379847258764501 -1.2375400687818643 0.099722217253734313 -1.6847407022835408 -0.070238194042810925 -0.020462819481299098,-0.52849083207579162 -0.65800737523678099 -0.29378938633553858 0.2824099833177936 0.27719128042766733 -0.0018803135325519351,6.2706913809557534 -278.78334668118021 -131.34851030674324 -14.813765982698751 12.715757129470767 -0.0048949011751217141,1.9283878925236593 -65.835245449366084 -30.331769261725185 -3.336907082630205 2.5729409645803969 0.033422700901638791
ur,tetrapga,6.120947923,0.638517577,0.278567341,0.219065379,36.06667,43.697706,4.50833375,1,0,0,11.156664863,0.795230158,1,5,5,1,0 0 0.060000000000000005,0 0 0.050000000000000003,0 0 0.050000000000000003,wrist_3_link,-1,0,0 0 0,0 0 0,,0.030358967969157179 -1.2187581998939492 0.10941717696717299 -1.6887623511081915 -0.075541508907848554 -0.020449926623548602,-0.084809992219874716 -0.1009349551285843 -0.055892002846768499 0.023373950093061781 0.025187572248543733 -0.011667821048653096,-0.20095711655045698 -1.7448837594468014 -0.13451235644816498 -1.6130980466947655 0.034618598757133329 -0.015205206446495062,-0.056784777741881419 0.033985980231364114 0.11126485134349222 0.13332795736195044 0.10819305643996918 0.096450096392144385,0.017679000796752869 -1.2433290885968487 0.09711751205389102 -1.6825120541059551 -0.068018717420244873 -0.020469444138428487,-0.58872081269289389 -0.72473971066878229 -0.32643743930686714 0.27823431192961567 0.27746907021388323 -0.00078499070519571427,13.354154988235099 -256.49794716547058 -120.78892202475166 -13.678273968826877 11.890236169244934 -0.0043147022282727515,3.7571040192519547 -71.293607610414256 -32.85980689029418 -3.6730447962299877 2.9026535950078198 0.035890401895237289
ur,tetrapga,6.16473833,0.63470879,0.229393174,0.115006204,36.280243,44.275974,4.535030375,1,0,0,10.969149982,1.134163925,1,5,5,1,0 0 0.060000000000000005,0 0 0.050000000000000003,0 0 0.050000000000000003,wrist_3_link,-1,0,0 0 0,0 0 0,,0.029181901618204241 -1.2210991654213978 0.10820319867066483 -1.6880372483038359 -0.07460089817419395 -0.020453144211287182,-0.014518073410045511 -0.025615333073239252 -0.010900428889221596 0.015335915942573329 0.016457748301950723 5.4780720533281024e-05,-0.20331417684426659 -1.7432854079447231 -0.12955910149883421 -1.6072470717679734 0.039305885017243081 -0.010985790000248189,-0.050862367791621024 0.039001683536888661 0.11493043151431107 0.13386210313927976 0.10585420888450076 0.096238833456630826,0.012613304945909865 -1.2495843940094291 0.094285183770527109 -1.6803016239400961 -0.065780193785107272 -0.020451531139241166,-0.63432698629681528 -0.78302541036827777 -0.35489032474694437 0.27595706046377155 0.27984994678532377 0.0022822163343933829,18.045333957440981 -235.14159902298303 -110.44176637035723 -12.519530333085553 10.983907112023125 -0.0036346353928776816,-5.145036149385092 -37.948350295029741 -17.250930662724784 -1.6996974004332515 0.95153678192221491 0.00048416492266056821
ur,tetrapga,6.209114593,0.6316469,0.197808608,0.267674525,36.262472,44.152451,4.532809,1,0,0,10.815479542,1.167248683,1,5,5,1,0 0 0.060000000000000005,0 0 0.050000000000000003,0 0 0.050000000000000003,wrist_3_link,-1,0,0 0 0,0 0 0,,0.027061828349423719 -1.2221449660362655 0.10805272398937646 -1.6865243770705634 -0.073415664223874022 -0.020456723223652759,-0.058304007621358359 -0.020854717850731203 0.0019296439468977768 0.048897731900693936 0.034982747923480398 -0.00012899336067222103,-0.20543760698246255 -1.7414433293702718 -0.1243799558992513 -1.6012988642258417 0.043947241121406834 -0.0067221563259785982,-0.044835078754695806 0.044005437693395363 0.11845732799939576 0.13418118944914345 0.10329661398978809 0.095898293524273981,0.0072687785262319626 -1.256243229881068 0.091256263158867312 -1.6781167026306969 -0.063522495504985982 -0.020431013461929472,-0.67010784822709901 -0.83440215832011899 -0.38006215419200812 0.27298024837256651 0.28246465512863372 0.0026794840098420267,20.876819861259211 -216.52632486371232 -101.4962108173245 -11.511120238299659 10.168213993419077 -0.0033596419799711841,-21.160237395194571 -88.332593350815841 -37.937970891113821 4.6302854066898362 6.7935583937103559 -0.012957700157606666
ur,tetrapga,6.253343929,0.627661577,0.222581182,0.231574269,36.064722,43.889593,4.50809025,1,0,0,10.690784744,0.980485056,1,5,5,1,0 0 0.060000000000000005,0 0 0.050000000000000003,0 0 0.050000000000000003,wrist_3_link,-1,0,0 0 0,0 0 0,,0.023811620205394898 -1.2234439096480969 0.1078702773475413 -1.6847573312472959 -0.072120756139623779 -0.020461052143362017,-0.068784222448605145 -0.033245187477402308 -0.0086970870327982581 0.033642288334168366 0.02559861570288316 -8.430142368275116e-05,-0.20728742423999635 -1.7393882691525393 -0.11906647011179385 -1.5953611925331708 0.048456217429725473 -0.0024904707552737939,-0.038809005542116581 0.048907341217888332 0.1217800297160561 0.13427647537501039 0.10056397485813182 0.095432755473644049,0.001703412763431343 -1.2632574039537574 0.088053353667445447 -1.6759537355261682 -0.061253615803348364 -0.020406224114887003,-0.69771276611743849 -0.87881943345141955 -0.40181076416226807 0.27023597276373035 0.28386233281817452 0.0032134427261890832,22.331299223788562 -196.59749363096515 -91.917055994249367 -10.409579183871431 9.2350184605203047 -0.002914612458495525,3.4046082139236375 -74.825953522135933 -34.736140415826526 -3.9380276868305373 3.0995214303008538 7.2050350574670574e-05
ur,tetrapga,6.297338636,0.6218434,0.240902954,0.329774059,36.106836,43.880526,4.5133545,1,0,0,10.409173879,0.601965139,1,5,5,1,0 0 0.060000000000000005,0 0 0.050000000000000003,0 0 0.050000000000000003,wrist_3_link,-1,0,0 0 0,0 0 0,,0.019652604091917169 -1.2259157523355129 0.10713236895179402 -1.6826788399749237 -0.070500575932083837 -0.020457345503009136,-0.094242303598044766 -0.069506692544672025 -0.021924533389413876 0.057612884481850701 0.045576744460077971 0.0002137356791252827,-0.20886273417064258 -1.7371309955186662 -0.1136396570197056 -1.5894556974751586 0.052817448603289192 0.0016955989551918119,-0.032803241587317761 0.053692835526137531 0.12489024601815774 0.13415079696680007 0.097668580778262321 0.094845443843244934,0.0068388269887895044 -1.2492224437433352 0.096075736107844825 -1.6764041763146289 -0.063137343949203992 -0.019781431029041702,-0.48091870274427462 -0.58050703702014472 -0.19036418908913166 0.36394647183844775 0.34259517487075009 0.081351609661236529,6.0327567061168885 -276.67278064142704 -126.4999490526672 -13.975848033784921 12.745242617191108 0.0083297872392532994,-19.074516357707992 -108.82543956945301 -47.199193694655094 3.452216157190378 7.8693839127400622 0.040551343383413041
ur,tetrapga,6.341296952,0.614373512,0.27986894,0.239830319,36.200183,43.899211,4.525022875,1,0,0,10.141738494,0.472900006,1,5,5,1,0 0 0.060000000000000005,0 0 0.050000000000000003,0 0 0.050000000000000003,wrist_3_link,-1,0,0 0 0,0 0 0,,0.015153995812980702 -1.229649671578996 0.10567184316672169 -1.6806700291838141 -0.068760970653585857 -0.020448204904129547,-0.090581557075242167 -0.095358309240713951 -0.042615322419219601 0.037208433335300335 0.036103111999642265 0.00017586924693855892,-0.21017271734453952 -1.7346673997514483 -0.10808500867855246 -1.5835654295778965 0.057044053019564181 0.005849693255643767,-0.026797689900559703 0.058378538517319202 0.12779989527968946 0.13380608811764697 0.094603764512431909 0.09413566939276341,0.0077836819410683454 -1.2431454667098023 0.10015567041289047 -1.6752243177786335 -0.062958655926155682 -0.019136270304548814,-0.40226708873512329 -0.46433614826351916 -0.09020303227769938 0.41411006282811147 0.37394653829416702 0.12237546680607914,-4.0000975215273407 -308.51855725123653 -141.28726779496262 -15.526736637940306 13.944487738821502 0.008371725628568364,5.4652877748356659 -77.673320239727218 -35.974547818905364 -4.1441556573572598 3.306938839678395 -0.00082399729441817726
ur,tetrapga,6.385297333,0.605268554,0.311354169,0.227990494,36.129856,43.932667,4.516232,1,0,0,9.75662078,0.267419321,1,5,5,1,0 0 0.060000000000000005,0 0 0.050000000000000003,0 0 0.050000000000000003,wrist_3_link,-1,0,0 0 0,0 0 0,,0.010357357792072495 -1.234641667375074 0.10352201937855375 -1.6786243804325935 -0.066824999621982295 -0.020433769054185202,-0.097908401615735566 -0.12395801726642054 -0.058418501161894877 0.037796802297348851 0.040420915877596525 0.00028070951637489448,-0.21121960191651815 -1.7319973887663795 -0.10240138389476483 -1.5776895103428341 0.061136092989174856 0.009973827814403733,-0.020788478726303607 0.062967143729047478 0.13051050810831438 0.13324247174649134 0.091369028055445459 0.093303092071054056,0.0060690446702367593 -1.2423090170311111 0.10149804671265181 -1.6734019810349685 -0.061740132026078046 -0.01858400441885915,-0.37552235267072187 -0.4272612571760725 -0.042818837498090137 0.44030197958292472 0.39402890169349924 0.15015541208922095,-6.8204282518767219 -315.95868725608199 -144.54494970600174 -15.862727086944819 14.208203070863512 0.0086578277950848416,5.3252254365633984 -74.048701303238886 -34.198574036226034 -3.9480219662173113 3.1172537654831984 -0.0010947687994473654
ur,tetrapga,6.429329318,0.599393195,0.233126849,0.047459926,30.369115,38.179235,3.796139375,1,0,0,9.385412223,0.794410466,1,5,5,1,0 0 0.060000000000000005,0 0 0.050000000000000003,0 0 0.050000000000000003,wrist_3_link,-1,0,0 0 0,0 0 0,,0.0092195765702704144 -1.2377812449477981 0.102032007726671 -1.6777136760968385 -0.065592265738551758 -0.020192623957316233,-0.0074922116552543928 -0.036592050440534901 -0.012305446724303819 0.024083078803476609 0.026959128272343386 0.0093845953853102237,-0.21200271756140351 -1.7291256830800068 -0.096598791461574976 -1.5718389956962353 0.065085004119661505 0.014061578962376977,-0.014783890273101155 0.067451775356795182 0.13301757469973277 0.13246062923809512 0.087969993379748909 0.092348694996875369,0.0023665819835840514 -1.246420301820317 0.10091052544554541 -1.6699043781349454 -0.05860172665987038 -0.017386217108654282,-0.46314578896060271 -0.51424060724270881 -0.073659223002600624 0.437206333255166 0.39236760397058934 0.14975191830134718,4.8307593431396754 -292.8763780987565 -138.0088229838455 -15.570698132632756 13.482718902356044 -0.0050890039800805982,-1.3642582877824339 -6.0324348974600071 -0.82975801485088141 2.657755857495431 1.1187625110465262 1.2778136712317547
ur,tetrapga,6.467583386,0.597322341,0.19719889,0.102678841,36.357063,44.467149,4.544632875,1,0,0,9.068075108,1.300001764,1,5,5,1,0 0 0.060000000000000005,0 0 0.050000000000000003,0 0 0.050000000000000003,wrist_3_link,-1,0,0 0 0,0 0 0,,0.0092527766038949001 -1.2378165520575011 0.10237182900804948 -1.6768861818727971 -0.064836619305633419 -0.019872507100754385,-0.00063541575348710958 0.024425777529561536 0.023620634945699302 0.021119256780386245 0.014546225260386474 0.0074721014829086975,-0.21246867750026704 -1.7264723260228514 -0.091471400423441596 -1.5667876730614676 0.068391668626380422 0.01757685563410227,-0.0095797946993543444 0.071256626670094705 0.13502638562474467 0.13160558197130828 0.084889732921109809 0.091422046839721688,-0.0018356314776760193 -1.2511135531758608 0.10004013813014848 -1.6664448140690615 -0.055462457841149435 -0.016186571608663484,-0.52571605344308603 -0.58707561353097204 -0.10905653106862032 0.43250060333008766 0.39253191009310184 0.15000260553786782,13.464885714874908 -272.69610584771647 -128.77429927523622 -14.622942921387708 12.847465503330529 -0.0047532294561624423,-6.5392683493080526 -33.668957062362097 -15.401826193586373 -1.5025865232819342 0.77087385203961389 -0.022377811159401517
ur,tetrapga,6.512152422,0.596396409,0.142085123,0.220616995,36.228605,44.167939,4.528575625,1,0,0,8.777955809,1.704789862,1,5,5,1,0 0 0.060000000000000005,0 0 0.050000000000000003,0 0 0.050000000000000003,wrist_3_link,-1,0,0 0 0,0 0 0,,0.0085900340559781421 -1.2359069675923313 0.10413012326412095 -1.6754469025742129 -0.063996449309690603 -0.019417118692659482,-0.029570677732842127 0.051865598192222861 0.05474232244963427 0.060079555216049157 0.036319464708584492 0.018128487883346076,-0.21276089603257986 -1.7231997375584243 -0.085404922046435031 -1.5609480837931062 0.072092505696424447 0.021625318931588682,-0.0035375707791755759 0.075577701528700025 0.13716572352569062 0.13040478436233999 0.081157022120620897 0.090229349338050366,-0.0063959449241590329 -1.256319376636823 0.098911780495003182 -1.6630199948967597 -0.052318833165583903 -0.014983932571831282,-0.57047855159595362 -0.65114712670832331 -0.14130282103716663 0.42815749163232319 0.39307639219867574 0.15037679764304335,19.075039809858826 -253.45004959019016 -119.50322905488548 -13.608860302907933 12.080655608445845 -0.0042485376884198031,-19.144084542691147 -72.803608299900588 -27.337287124167972 9.5055060774302547 8.2504042690245427 2.3691207470832154
ur,tetrapga,6.556421928,0.594585595,0.166802997,0.235830547,36.09148,43.804678,4.511435,1,0,0,8.526349497,1.802737048,1,5,5,1,0 0 0.060000000000000005,0 0 0.050000000000000003,0 0 0.050000000000000003,wrist_3_link,-1,0,0 0 0,0 0 0,,0.0065034855207370202 -1.2339799274630627 0.10635080947134888 -1.6731804231157159 -0.062664579932647999 -0.018718520999181944,-0.046972810075966952 0.043940554817596955 0.047026688667731679 0.044398518201860408 0.024519582339564996 0.013528736261620686,-0.21278517983348069 -1.7197612297924205 -0.079289623626894276 -1.5552055207486679 0.075600484759471981 0.025591305174534992,0.0024350986287145575 0.079745545003113066 0.13907395804758252 0.12899602727522308 0.077301855900127281 0.088925647724716866,-0.011214143715593854 -1.2619798773695707 0.09755482923619585 -1.6596288957903815 -0.049167387476059331 -0.013781533920912739,-0.60284047471275271 -0.7080913095853717 -0.1699185231524839 0.4240227051679285 0.39413466165790589 0.15037194362824724,22.449826120715109 -235.33871156780262 -110.77817558955134 -12.634905741066532 11.304372946968448 -0.0038140874195559103,2.4588964376250448 -75.485658190779759 -35.374582077761204 -4.0629004213842563 3.2033236262170846 -0.041967339439601403
ur,tetrapga,6.600307093,0.590865692,0.173654147,0.327943299,36.253418,44.319452,4.53167725,1,0,0,8.309299462,1.659423596,1,5,5,1,0 0 0.060000000000000005,0 0 0.050000000000000003,0 0 0.050000000000000003,wrist_3_link,-1,0,0 0 0,0 0 0,,0.0033528149609275588 -1.2331725321468712 0.10828064463440745 -1.6702591144105408 -0.060753730616238816 -0.017798449917425681,-0.074286826523859997 0.00048617282073795676 0.038773020971411519 0.082918762442049404 0.057620223532138415 0.026078660694988584,-0.21254902966678979 -1.7161732421343732 -0.07314877142813267 -1.5495790036899495 0.078906477639248962 0.029463347643021075,0.0083206854564772947 0.083750063011459069 0.14075016383565189 0.12738930177058011 0.073341242145778154 0.087517813406990469,-0.01621818200993461 -1.2680443697072983 0.095995845968470217 -1.6562666067018166 -0.046011007318379989 -0.012576998178102353,-0.62607041257599438 -0.75859026020784892 -0.19517252426727286 0.42042145294126759 0.39475147017725298 0.1506390801147276,24.294952817590325 -217.56905357190581 -102.24362249187303 -11.664091769356702 10.495984612145106 -0.0033741043328116816,-15.513583597235238 -108.22128858996984 -43.751508136904192 7.3226228088778953 10.046886163980915 2.3537496523080179
ur,tetrapga,6.64472487,0.584909757,0.223025166,0.268236531,36.256184,44.237413,4.532023,1,0,0,8.12561506,1.385271211,1,5,5,1,0 0 0.060000000000000005,0 0 0.050000000000000003,0 0 0.050000000000000003,wrist_3_link,-1,0,0 0 0,0 0 0,,-0.00028378891451516611 -1.2341026014668173 0.10929182550216499 -1.6672962881444555 -0.058578584889047373 -0.016829919333057868,-0.073936686635911728 -0.03307832570113535 0.010293137262310594 0.056249383539590497 0.043576327722604523 0.018745505118397524,-0.21204791776653142 -1.7123656992087219 -0.06686335518252412 -1.5439606664457619 0.082072608883117612 0.033316914290869651,0.014235196963513806 0.087669408668447552 0.1422262657610418 0.12555261341692459 0.069198236893740134 0.085977626731622611,-0.021358289469725442 -1.2744660543815742 0.094259066440865777 -1.6529329446858914 -0.042846194029060466 -0.011373715995365404,-0.64323832132383463 -0.80337318589672257 -0.21743718389023681 0.41696727292879948 0.39592359831436941 0.15051796370523557,24.917775782137973 -200.79620491350005 -94.238360952267357 -10.747846324469796 9.7163686268493219 -0.0030216529256125164,5.8910375469453342 -85.721142271846475 -40.235479591932005 -4.7638071927995043 3.8372677277700546 -0.058295003164058556
ur,tetrapga,6.689062311,0.57657097,0.260493212,0.329751943,36.051891,43.737161,4.506486375,1,0,0,7.973076569,1.002718128,1,5,5,1,0 0 0.060000000000000005,0 0 0.050000000000000003,0 0 0.050000000000000003,wrist_3_link,-1,0,0 0 0,0 0 0,,-0.0044636805393195658 -1.2368699159885392 0.1094399711543985 -1.6640217071823244 -0.055923492175644546 -0.015725221859582552,-0.092419952897674157 -0.080371239839535397 -0.0026613091086462003 0.088131429411056547 0.072694568876268031 0.029463139389892895,-0.21128678594931935 -1.70839449083266 -0.060528857935019699 -1.5384384809954601 0.085046624497167253 0.037092755002070474,0.020089607577719926 0.091442731321463716 0.14347681102296414 0.12351105032543472 0.064934709826983267 0.084326501742369026,-0.02659781971751642 -1.2812023691080998 0.092366192311385584 -1.649623068626459 -0.039679079262942056 -0.010168165712325884,-0.65566616982385284 -0.84270194242794005 -0.23694900912470671 0.41399402836718768 0.39621128291423208 0.15080147624305698,24.795744868372569 -184.07170146105602 -86.265231630855808 -9.8229367120837416 8.9081967610379582 -0.0026404042065174696,-16.845753259255204 -108.81814123280765 -43.689220530628575 7.2192232417364721 9.9379765396664652 2.3471969963301262
ur,tetrapga,6.7328951,0.56665023,0.298674856,0.236884304,36.099132,44.05172,4.5123915,1,0,0,7.850519535,0.604519013,1,5,5,1,0 0 0.060000000000000005,0 0 0.050000000000000003,0 0 0.050000000000000003,wrist_3_link,-1,0,0 0 0,0 0 0,,-0.0087612868167235968 -1.2410246224779458 0.108761983136008 -1.6609145432933863 -0.053190472514731316 -0.014641788921130709,-0.085547627783078423 -0.10366952180344158 -0.027398403429202894 0.058438006874818593 0.055398433819951208 0.020966191261758502,-0.21028035069412024 -1.7043071130523344 -0.054216799254300577 -1.5330725678467911 0.087798329732793917 0.040751236820900393,0.025822293534973579 0.095032199436226011 0.14449284040000857 0.12129145731983926 0.060600812093423571 0.082584497917367092,-0.031914277770926529 -1.2882130621793808 0.090337755596463898 -1.6463382074116284 -0.036502784087257822 -0.0089639265615425977,-0.66548409637519312 -0.87716165824425596 -0.25392677408589326 0.41105271897350676 0.39753126917011716 0.15068897607715842,23.940920736147984 -168.35587664277648 -78.819341875316923 -8.95989380851349 8.148956108338778 -0.0023441521695777025,5.1362944490564217 -75.860132705222895 -35.532645601510069 -4.2465903768215867 3.3290674245603356 -0.064966417809280586
ur,tetrapga,6.777024062,0.554886432,0.329157146,0.301864133,36.22843,43.951934,4.52855375,1,0,0,7.538049897,0.156550213,1,5,5,1,0 0 0.060000000000000005,0 0 0.050000000000000003,0 0 0.050000000000000003,wrist_3_link,-1,0,0 0 0,0 0 0,,-0.013442742607013456 -1.2465845196031782 0.10742754899969405 -1.6575867119812597 -0.050109219051182388 -0.013458587676768783,-0.10210515354486677 -0.13608250156664708 -0.032074745843675798 0.088655682827601862 0.080681768925553635 0.03090409722130202,-0.20901462074178845 -1.7000363774077265 -0.047821994236794639 -1.5277730636370721 0.09037423105021905 0.044354920231194112,0.031531871449933219 0.098500109956558488 0.14529339990388204 0.11885822129778645 0.056125239087803515 0.080722719158145287,-0.02625171966130322 -1.2722780364844102 0.098201326611494943 -1.6482095351067567 -0.040046278949582896 -0.0096346582084401149,-0.44711460389111846 -0.61031821130841091 -0.085351803183343386 0.46933810727080699 0.40771251355944527 0.19715440495407074,9.0072706650992149 -227.67750120686208 -101.45148145423755 -10.959480772213279 10.299885490289197 0.01190791288365888,-19.282702938348038 -99.615163909393232 -39.040517606354342 7.7028583105520738 9.318666684184663 2.3450276035641693
ur,tetrapga,6.821045886,0.542405215,0.349173437,0.1995033,36.091837,43.950629,4.511479625,1,0,0,7.134363029,0.034285513,1,5,5,1,0 0 0.060000000000000005,0 0 0.050000000000000003,0 0 0.050000000000000003,wrist_3_link,-1,0,0 0 0,0 0 0,,-0.018121070625174925 -1.2527590619087372 0.10568102145830356 -1.6544685783086874 -0.047100913345609847 -0.012326218149934093,-0.092501219885317496 -0.14419129911231143 -0.048930879658179695 0.058549761931445607 0.060902604985503865 0.021912082987834702,-0.20750240269386447 -1.6956268185597687 -0.041412426843489641 -1.5225977170773668 0.09274475113643095 0.047865657892627624,0.037159345010746046 0.1018097387592113 0.14586895620010529 0.11623608266417827 0.051555356021111269 0.078759752314854783,-0.025079340834674189 -1.2665050149594694 0.10193327810685852 -1.6473279697359253 -0.040288263308496899 -0.0092336588523259204,-0.36184992135412186 -0.49851447644550073 -0.0010800371852612914 0.50149713825451481 0.41079019793983118 0.21838718641495986,0.42958053082497827 -249.31949391223111 -111.20925793785514 -11.911843845537552 11.038544074276608 0.012413860316232777,3.6949254336035438 -64.052086012298787 -29.925494996038367 -3.5956544712880714 2.7143590722889286 -0.067679407141618242
ur,tetrapga,6.865076793,0.529156799,0.365727935,0.187094088,35.159232,42.866844,4.394904,1,0,0,6.712819887,0.020855783,1,5,5,1,0 0 0.060000000000000005,0 0 0.050000000000000003,0 0 0.050000000000000003,wrist_3_link,-1,0,0 0 0,0 0 0,,-0.022920228469277878 -1.2594912933161508 0.10366131557076298 -1.6513215429826835 -0.044006974078017243 -0.011172408959363129,-0.096701865145602778 -0.15574772054869557 -0.054343310063685542 0.059323263136803972 0.062709186560271787 0.02242384327811546,-0.20574368162869161 -1.6910739769805796 -0.03498110758213753 -1.5175409803869002 0.094912344843715427 0.051288398444717491,0.042713463945627056 0.10496641830390015 0.14622128465761886 0.11342283075943178 0.046886801494140477 0.07669315596211447,-0.026625732716577716 -1.2666185970971497 0.10312981669400731 -1.6452168905662505 -0.038866580076534318 -0.0083259595926547282,-0.32838866831707947 -0.45268090253964366 0.041518105190322244 0.51357603462102475 0.41022353366700914 0.2346621191342555,-1.6384122536404231 -253.4897140053796 -113.08575431704593 -12.100325944922265 11.176444370075636 0.012414464596930798,3.2531474634128301 -60.109542147546563 -28.064113225999222 -3.3843642313840974 2.517805182132733 -0.069203207071538486
ur,tetrapga,6.908023332,0.520897279,0.255031104,0.056901705,28.659073,36.04254,3.582384125,1,0,0,6.426089997,0.561235633,1,5,5,1,0 0 0.060000000000000005,0 0 0.050000000000000003,0 0 0.050000000000000003,wrist_3_link,-1,0,0 0 0,0 0 0,,-0.023774584852843696 -1.2631792235547505 0.10217278840181093 -1.6502289167116302 -0.042613246742007956 -0.010640719420087437,-0.0077152601157835059 -0.047219538070564844 -0.013866934018171845 0.022505049178197224 0.02450328188922845 0.010210596036206766,-0.20379434268657987 -1.6865026305761408 -0.028697893648005634 -1.5127320114654204 0.096826617072252999 0.054537074840268526,0.048053044941755316 0.10789379292814313 0.14634956779239428 0.11049939159430458 0.04224622941011353 0.074580394199128167,-0.029773596724389985 -1.2707907886846024 0.10332626575272733 -1.6411237300266077 -0.035609216513545969 -0.0064558489952366276,-0.39362816121840283 -0.52164948105375442 0.024509255630755997 0.51173787794466508 0.40726415195020804 0.23379165466279356,7.2656562418623487 -234.21877610604434 -110.19171323279981 -12.382747027822212 10.948808390043506 -0.0037452285544373469,-7.8054401222895251 -18.631085709566833 -8.5352558112848556 -0.75095338042046933 0.17195047523865981 -0.030599548953222921
ur,tetrapga,6.94416141,0.517053707,0.18936728,0.073480941,34.008233,41.475299,4.251029125,1,0,0,6.1865123,0.968365813,1,5,5,1,0 0 0.060000000000000005,0 0 0.050000000000000003,0 0 0.050000000000000003,wrist_3_link,-1,0,0 0 0,0 0 0,,-0.023624792734119309 -1.2633724986481623 0.10256779929961073 -1.6493262539145306 -0.041893729459326498 -0.010215123842800856,0.0020134442198344814 0.02434771229602202 0.027178398601388147 0.023155530828295346 0.013281477025379632 0.0099614413114345445,-0.20197758254681802 -1.6825608570860233 -0.023409674246230808 -1.5087852846389995 0.09828181071317614 0.05719903101364536,0.052482411769268725 0.11023869786412004 0.14629279799597011 0.10790525205280724 0.038280030083000814 0.072730109868657328,-0.033276313597763167 -1.2754023578399583 0.1033136677570734 -1.637066766586381 -0.032356513644383862 -0.004586783260788041,-0.43802004822309704 -0.57659742725791796 -0.0016178362159401903 0.50726605283472703 0.40672484069201364 0.23367264653124023,13.32068101865886 -218.16077631821838 -103.25697634664441 -11.706420861926524 10.487650007877608 -0.003634270825878313,-7.7052090478366324 -23.562560378592025 -11.022141109012466 -1.0273010211058136 0.46782675387426309 -0.029938162507281874
ur,tetrapga,6.98573021,0.514059019,0.161811373,0.149303906,34.960161,42.356543,4.370020125,1,0,0,5.96857967,1.255560068,1,5,5,1,0 0 0.060000000000000005,0 0 0.050000000000000003,0 0 0.050000000000000003,wrist_3_link,-1,0,0 0 0,0 0 0,,-0.024120466866942213 -1.2616590556797724 0.10437521320768775 -1.6478951810822198 -0.041174683856100645 -0.0096308904449974378,-0.01875691339651659 0.057923320210525119 0.052992225028375597 0.033972039298388566 0.013530042154707747 0.013248287194334957,-0.19969135559804368 -1.6779246292795766 -0.017332990722687215 -1.5043643465256711 0.099777149369383353 0.060176731010368273,0.057500799419653539 0.11279964991949774 0.1460416130870022 0.10477331350737241 0.033654407347356932 0.070521935916274439,-0.037019000222061643 -1.2803951167272758 0.10310497663080859 -1.6330439395714191 -0.029107417458175966 -0.0027201062662495766,-0.46801626708875876 -0.62424614375313736 -0.026129477542304304 0.50299899967663519 0.40627400532273772 0.23337405404247485,16.990446232186315 -203.00640035148894 -96.054006574600081 -10.926955924485387 9.8754795316627977 -0.0032660989122636546,-3.0596698196003871 -47.306177379758083 -22.395585954288379 -2.4576637083191599 1.8454889426622003 -0.040588655188514622
ur,tetrapga,7.028190334,0.510209316,0.167655546,0.222888627,36.096549,43.872542,4.512068625,1,0,0,5.781020029,1.306733764,1,5,5,1,0 0 0.060000000000000005,0 0 0.050000000000000003,0 0 0.050000000000000003,wrist_3_link,-1,0,0 0 0,0 0 0,,-0.02592378972216737 -1.259671509725383 0.10707493095499768 -1.6452956841698461 -0.039820157590363787 -0.0085688972986052939,-0.043185208265137894 0.045930387623349549 0.0584891466318848 0.052953868842286166 0.026090332980635289 0.021455988416839485,-0.19714261192355917 -1.6730823074939249 -0.011141109115826575 -1.4999863940346783 0.10110467945131725 0.063121696708419023,0.062537196662086236 0.11526229100971405 0.14558026950980932 0.10141503487861211 0.028866166401350892 0.068180594911648351,-0.040924182204900059 -1.2857242294974629 0.10272317258136493 -1.6290554326873079 -0.025856455584632537 -0.00085585370204421915,-0.48837193817259028 -0.6663196015318078 -0.047757356424557848 0.49878216895640709 0.40656745049007736 0.23308867430869767,18.900675205421212 -188.67048575634135 -89.196507542278283 -10.166673536907284 9.2507375199471458 -0.0029114622792835053,2.0314519117501675 -70.366211676584498 -33.433294000825754 -3.9185614790640102 3.1810911764221714 -0.066414454085927943
ur,tetrapga,7.072163758,0.504339167,0.202137968,0.312103653,36.124093,43.789618,4.515511625,1,0,0,5.62356045,1.152580635,1,5,5,1,0 0 0.060000000000000005,0 0 0.050000000000000003,0 0 0.050000000000000003,wrist_3_link,-1,0,0 0 0,0 0 0,,-0.028627261360224476 -1.258806200055377 0.10961472592378044 -1.6419761279226599 -0.03788415126105283 -0.0071743128637351541,-0.066952014112674443 0.0031327605353305924 0.057508514899958625 0.09827582324875736 0.061290254936393909 0.041353973566514463,-0.19427979035487192 -1.6679607810501231 -0.0047539198448296356 -1.4956063107283206 0.10226388391558562 0.066064893969450353,0.067652108938069416 0.11764667543808804 0.14488522520115654 0.097772525260385615 0.023847265984642402 0.065667160718145975,-0.044936663881504774 -1.2913495038737193 0.10218787664995532 -1.6250961848937679 -0.022609086915088613 0.0010046038343428324,-0.50178439989337853 -0.70333980229048088 -0.066943841670302262 0.49512478263495474 0.4061182999901386 0.23261429583140947,19.696192238879206 -174.65000267116963 -82.517106338665897 -9.4084589667013194 8.6019751021761177 -0.002582177891465514,-12.273488269301595 -102.99420543667748 -39.042416125727414 9.4915925687701019 10.284331519893428 3.65092495930549
ur,tetrapga,7.116031286,0.496459371,0.237845745,0.259549452,36.188984,43.901428,4.523623,1,0,0,5.496941762,0.889359728,1,5,5,1,0 0 0.060000000000000005,0 0 0.050000000000000003,0 0 0.050000000000000003,wrist_3_link,-1,0,0 0 0,0 0 0,,-0.031807511412538785 -1.2595666440870763 0.11142997586536962 -1.6384459071969391 -0.035595600950734427 -0.0056415710278616034,-0.063662226826084786 -0.027844924006758778 0.027215334742933632 0.067370084317719084 0.045603554813690918 0.029665450296162306,-0.19120210444406222 -1.6627508614401112 0.0015826208992590833 -1.4913999341694555 0.10319920390875542 0.068888959139868908,0.072646722153832596 0.11985430654812108 0.14397278420321791 0.093977399034556999 0.018787525345531124 0.063072868925001788,-0.049021799269842507 -1.2972356462472461 0.10151913926743086 -1.6211677804578186 -0.019358661069945767 0.0028624911242842916,-0.51092096967627243 -0.73598074285577553 -0.08360077091882144 0.49136911451881859 0.40658436962456046 0.23232005824366878,19.559524160270357 -161.28966476328651 -76.183247905755849 -8.6869916685248256 7.97667912174769 -0.0022879304298438962,5.3164923493202707 -81.758172250621101 -38.93241779812405 -4.7134619147755075 3.8846470302660663 -0.091996876004840189
ur,tetrapga,7.160001339,0.486385258,0.28732462,0.312214627,36.172555,43.989763,4.521569375,1,0,0,5.400333055,0.543618528,1,5,5,1,0 0 0.060000000000000005,0 0 0.050000000000000003,0 0 0.050000000000000003,wrist_3_link,-1,0,0 0 0,0 0 0,,-0.035349064479696615 -1.2621009485858707 0.11248087766919643 -1.6345634701536278 -0.032826161918366917 -0.0039077283516074247,-0.077665066711395933 -0.075057604811551493 0.018717228001368651 0.1037027830019894 0.075937926379887208 0.046018513999974676,-0.18789983490691436 -1.6574353941865174 0.0078890074795364331 -1.4873542425238302 0.10391295568189306 0.071603563127097661,0.077539229625250478 0.12189317966246942 0.1428401371854974 0.09001737799425652 0.013671013112212185 0.060388506477048499,-0.053153619337689223 -1.3033484244887208 0.10073216430304638 -1.6172641031392412 -0.01611173951085201 0.0047149137252041722,-0.51675655461489556 -0.7643102263492223 -0.098380468651325187 0.48827822484730898 0.40614633386842458 0.23163697211597142,18.94582039717848 -148.03632344827707 -69.925003887317587 -7.9616667991789294 7.3323985289872882 -0.0020149804526802704,-13.110468729800715 -103.0308269135312 -38.916418817965905 9.3434343264525523 10.179554813398731 3.6239870844181024
ur,tetrapga,7.204067072,0.474865312,0.322450153,0.298768271,36.066097,43.954587,4.508262125,1,0,0,5.11053815,0.179189323,1,5,5,1,0 0 0.060000000000000005,0 0 0.050000000000000003,0 0 0.050000000000000003,wrist_3_link,-1,0,0 0 0,0 0 0,,-0.038917586110260471 -1.2659808971505575 0.11273657128592629 -1.630810880572741 -0.029946427835157139 -0.0021878117702698084,-0.08093316028221996 -0.10537460986432821 0.0032326624184373914 0.10477519428135784 0.080925239136369564 0.047424367904286446,-0.18437716930780088 -1.6520223070100366 0.014154361585795061 -1.4834777793975675 0.10440170907965089 0.074203858088618707,0.082322657878032154 0.12375949201734912 0.14148778500147755 0.085898012057955872 0.0085064386441038604 0.057617138136132076,-0.048793176728587725 -1.2889244496311827 0.10693297628512824 -1.6199573012397666 -0.019970654837432128 0.0032800017671179653,-0.34483627364363689 -0.53258007452540979 0.024821762278606642 0.51018310704062897 0.38244417393740787 0.2520984222068412,10.176972999010857 -195.84555582814815 -86.028428184415361 -9.1529720757709203 8.7806566950602356 0.012791181884859452,-14.121642350209186 -98.593529488310196 -36.750780761442797 9.5268025239738563 9.8965986856251931 3.6145502069624813
ur,tetrapga,7.248094801,0.462136915,0.337134795,0.210738369,36.009201,43.729771,4.501150125,1,0,0,4.814070742,0.138844881,1,5,5,1,0 0 0.060000000000000005,0 0 0.050000000000000003,0 0 0.050000000000000003,wrist_3_link,-1,0,0 0 0,0 0 0,,-0.042585177831793879 -1.2709455572685457 0.11240088938949258 -1.6270971816698392 -0.026939597168190801 -0.00044981608279518869,-0.071625172592022293 -0.11782687358814445 -0.019663885664662643 0.070281644951690161 0.060595017626456707 0.03363239114250241,-0.18064976255414877 -1.6465356896811172 0.02035005207164832 -1.4797891523607314 0.1046620934569867 0.076678219727822475,0.0869769553556098 0.12544514475937324 0.13992149669791934 0.081637715576694428 0.0033176838248629207 0.054770324241585615,-0.047865628363240702 -1.283431920191543 0.11034754560648315 -1.6193653994343322 -0.020523560353171738 0.0034849532312674928,-0.27214168812383527 -0.4371751488327757 0.08508592804093966 0.52034514050217862 0.36654557246049485 0.25876289952765219,5.6031935315729084 -211.79200485081094 -92.928353904409946 -9.8217177195598833 9.3468150357286479 0.01346561538928274,3.4568242506227023 -66.134728902147799 -31.610755328520781 -3.9041480018577204 3.0884162240375019 -0.10394930754266518
ur,tetrapga,7.291898003,0.448261075,0.341959682,0.232371828,30.349074,38.27013,3.79363425,1,0,0,4.6025528,0.108544265,1,5,5,1,0 0 0.060000000000000005,0 0 0.050000000000000003,0 0 0.050000000000000003,wrist_3_link,-1,0,0 0 0,0 0 0,,-0.046423920012555187 -1.2768913593665061 0.11161362575501946 -1.6232728916438437 -0.023731706438938013 0.0013672996147978968,-0.056554567073648629 -0.11937608578628471 -0.035747040479236325 0.040032806504615839 0.041197776473696518 0.022396508251991507,-0.17674082512193198 -1.641007334299353 0.026441074582409154 -1.4763085032076613 0.1046939731737835 0.07901394892206462,0.091478411559093392 0.12694274647907858 0.13815218642971722 0.07726218928964948 -0.0018647563170228153 0.051864190160078469,-0.050375801632158143 -1.2873699304871595 0.11096101378224191 -1.61520773230419 -0.017613997849981425 0.0055383596594713973,-0.31385696135727703 -0.49231184307499898 0.076692853864191807 0.51982327921112692 0.36379517915431814 0.25670615441487693,10.222980847775714 -195.35410236279847 -92.000606218515884 -10.376071556393624 9.3896446578971862 -0.0028075646859383485,22.229930447495803 4.5530875145550453 -7.2044968265589091 -13.012822385895561 -4.9218992131066841 -2.9740646633592318
ur,tetrapga,7.330247283,0.440390082,0.253336056,0.071959113,30.30216,38.063987,3.78777,1,0,0,4.427105148,0.299860216,1,5,5,1,0 0 0.060000000000000005,0 0 0.050000000000000003,0 0 0.050000000000000003,wrist_3_link,-1,0,0 0 0,0 0 0,,-0.046852935360375041 -1.279506610335754 0.11083740634785964 -1.6222121849364493 -0.022655233309956543 0.0019489604188550583,-0.0043928298263064339 -0.042990918486599035 -0.0069217564962546479 0.02583258484685793 0.023260557379023581 0.013510888146839156,-0.17315889602498608 -1.6361164291016836 0.031706642077815157 -1.4734207472677061 0.10453529076187063 0.080953178094676115,0.095309783028661887 0.12810565009911312 0.1364324402724279 0.073324441023436993 -0.0064119341232737569 0.049262137329046718,-0.053103110111565904 -1.2916463064581671 0.11141928474760998 -1.611087556523124 -0.014709740487594531 0.0075921688990471161,-0.34101629449289977 -0.53461395211241269 0.057311468819781622 0.51518437543113171 0.363170404266838 0.25676997794887008,13.600584322262304 -181.9774971189378 -86.516644983670687 -9.8524137734405315 9.0030751380334664 -0.0028215642728176065,-6.8581798012880881 -22.100409987901912 -10.793866986635692 -1.0993017942864753 0.66312567871682404 -0.040902931326766812
ur,tetrapga,7.368400876,0.434940886,0.189528257,0.082135403,30.412839,38.232949,3.801604875,1,0,0,4.279419142,0.543303607,1,5,5,1,0 0 0.060000000000000005,0 0 0.050000000000000003,0 0 0.050000000000000003,wrist_3_link,-1,0,0 0 0,0 0 0,,-0.046718865796362218 -1.2797728199396246 0.111299373528175 -1.6212720142975172 -0.02203031575336661 0.0024269963401488733,0.0035326499446227031 0.022136011939323939 0.027539216236587727 0.022831667236626094 0.010381471395516418 0.010738473337094788,-0.16945143128592244 -1.6312088656535417 0.036876902740578567 -1.4706994027855564 0.10420428490662199 0.082782504023849415,0.099016721218876821 0.12912430169775888 0.13456529062948322 0.069312294710059563 -0.010939421210695778 0.046622289936655244,-0.05596932256503763 -1.2962129515953837 0.11172701306406721 -1.6070020601248964 -0.01180989408762727 0.0096431226605615122,-0.35837929125089452 -0.57089759788854255 0.038493637705926384 0.51084945257630321 0.362619033964384 0.2564130431912045,15.386900246941938 -169.3608196326357 -80.616550535433475 -9.2092567504056895 8.4698746084337344 -0.0025515978941018876,-6.9715598146171374 -25.066337911171104 -12.320310477717896 -1.2423254867444484 0.85823823226020579 -0.032410862292654663
ur,tetrapga,7.406705197,0.429782844,0.186754464,0.168224104,36.097753,44.040124,4.512219125,1,0,0,4.158572994,0.633657588,1,5,5,1,0 0 0.060000000000000005,0 0 0.050000000000000003,0 0 0.050000000000000003,wrist_3_link,-1,0,0 0 0,0 0 0,,-0.047422178801580901 -1.2788865023046243 0.11306509975369911 -1.6193623598623368 -0.021088374472764772 0.0033051745217666777,-0.026517378956034385 0.032104907877543977 0.051987178411181403 0.050121485932936451 0.022549532820482828 0.022674182247645482,-0.16558911007203478 -1.6262454863358324 0.041992963283438885 -1.4681230343232712 0.10369822706697347 0.08451679732067216,0.10262997575950379 0.13000738792385014 0.1325361408586605 0.065194056985637211 -0.015482801867338048 0.043923154219349086,-0.058921703070535451 -1.3010333561354162 0.11190039937803183 -1.6029486482506865 -0.0089157418510566848 0.011689960135540932,-0.36915029775415636 -0.60261752324052265 0.021700887394347623 0.50683888707410163 0.3619072635397993 0.25589850737433256,16.050181309140935 -157.22310017594543 -74.86840326002168 -8.5652044775093579 7.9167514941394295 -0.0022673512626319261,-1.5417530471345628 -51.927315831608212 -25.233615648655359 -2.9667258061972461 2.3949840966757421 -0.069847588547091277
ur,tetrapga,7.450838402,0.422807264,0.226416631,0.272376974,36.278077,44.254059,4.534759625,1,0,0,4.050069476,0.549666415,1,5,5,1,0 0 0.060000000000000005,0 0 0.050000000000000003,0 0 0.050000000000000003,wrist_3_link,-1,0,0 0 0,0 0 0,,-0.04933987197454693 -1.2779802084479603 0.11574467309851 -1.6161462495037724 -0.019478079411242803 0.0047806050000261799,-0.051702040874872471 0.0080690801919154811 0.065295473247520275 0.098455384635368987 0.053136203984329181 0.04511834540191248,-0.16097035789550657 -1.6204885496298769 0.047787182469298049 -1.4653524499756014 0.10289956922137747 0.086385593364232571,0.10665459068025665 0.13085057176630713 0.130009048678078 0.060343124067054416 -0.020707887786050108 0.040755754820209635,-0.056149230717973481 -1.2926792829016924 0.11475152434081357 -1.6054687009081505 -0.011561685773781565 0.010342027825612918,-0.25236658290348879 -0.39659741448667468 0.11615263939093909 0.50995668566781382 0.32949894623868448 0.26337468646094603,11.577302939554052 -199.27465276269214 -87.869977515790595 -9.3888370556659755 9.0362461429961751 0.012476249477316169,-10.489439883559783 -89.884401443559909 -32.509064585392309 10.229937084536687 9.2212628214333172 4.0125456806567321
ur,tetrapga,7.495166593,0.414219437,0.241939031,0.242892506,30.431741,38.208663,3.803967625,1,0,0,3.874926569,0.467463874,1,5,5,1,0 0 0.060000000000000005,0 0 0.050000000000000003,0 0 0.050000000000000003,wrist_3_link,-1,0,0 0 0,0 0 0,,-0.051827684843563371 -1.278276467448334 0.11805072192546462 -1.6125811575334679 -0.017529458362990254 0.00645380872688835,-0.050054723625532309 -0.012960069888080069 0.040421589920315797 0.06848086977911455 0.038330111373889364 0.03238468512581992,-0.1561557830274535 -1.6146728906772136 0.053490284754693446 -1.4627875330615221 0.10186563222334788 0.08812062514641944,0.11054346474244538 0.13150885451293259 0.12727047197123295 0.055363553883791286 -0.025937484196722444 0.037516012157119707,-0.058379494172903119 -1.2962449714410251 0.11562038288637751 -1.6013794560077987 -0.0089303728961960989 0.012417215202297575,-0.27884411534065767 -0.44574590565273792 0.10863644476859759 0.51126880207690795 0.32900994876584583 0.25942995131785729,13.769086493192843 -184.12848090060228 -86.943330299247037 -9.8843896244961496 9.0869422114022882 -0.0025249026560868583,3.9602900431795831 -75.197872590764746 -36.433875870183272 -4.4681748403545498 3.7883840770453538 -0.10030715785465105
ur,tetrapga,7.533480255,0.405306878,0.275814747,0.246701488,30.280949,37.959503,3.785118625,1,0,0,3.735694108,0.324080355,1,5,5,1,0 0 0.060000000000000005,0 0 0.050000000000000003,0 0 0.050000000000000003,wrist_3_link,-1,0,0 0 0,0 0 0,,-0.054275119146979522 -1.2797276454814583 0.11964129397921493 -1.6091303727889563 -0.015473174971598232 0.0081089663312644347,-0.056142344094610198 -0.044918886611450798 0.02749746254457475 0.074822517992522639 0.046368037970001781 0.036361770855911371,-0.15185812432725815 -1.6096258790629248 0.058318563570460863 -1.4607501189260892 0.10078562216531017 0.089503639623091644,0.11377741157876482 0.13192505274864269 0.12474479051992106 0.050978867212239348 -0.030435958922885815 0.034671729948502525,-0.060738623361683078 -1.3001135911867654 0.11634950667758917 -1.5973246831447541 -0.0063076860618503294 0.014489762123306498,-0.29495233207194849 -0.48361230645367981 0.091169600474563975 0.50695979741351371 0.32793169336088351 0.25909989435839076,15.471160726562781 -171.57517280889064 -81.812590122993342 -9.3779713180512481 8.6742769755554399 -0.0025573044042678638,4.4655889176157757 -76.258464089674817 -37.005223134591859 -4.5955667941279899 3.8719719126987364 -0.11261538842695984
ur,tetrapga,7.571544195,0.39837959,0.224352271,0.162259984,30.215923,38.179061,3.776990375,1,0,0,3.62219761,0.343357464,1,5,5,1,0 0 0.060000000000000005,0 0 0.050000000000000003,0 0 0.050000000000000003,wrist_3_link,-1,0,0 0 0,0 0 0,,-0.055017655822008099 -1.2805532135954247 0.120182988314072 -1.6077069064146876 -0.014591329408252805 0.0088305770154562119,-0.0076311216649327463 -0.0098713173169210997 0.015748733617519634 0.030396957321372587 0.018115232871570065 0.015345537227422771,-0.14746805527948234 -1.6045986521882714 0.063016814962212078 -1.4588936701873705 0.099542449155512261 0.090768998228745651,0.11687063535909893 0.13219801829182726 0.12209272578986986 0.046553785601108108 -0.034879601868525734 0.031808146114826678,-0.063173422885130337 -1.304243192858443 0.11694293336645145 -1.5933039040446304 -0.0036915564477677065 0.016558153421695303,-0.30441112390536057 -0.51623504719584234 0.074207462680891387 0.50271057704838384 0.32711204082799017 0.25858044153087578,16.054105479566815 -159.75068354807902 -76.325589872956883 -8.771772962461359 8.1535219220594293 -0.0023205950928675161,-1.6303885841988404 -49.74908869457704 -24.338997541881326 -2.7879472538625123 2.4151947758584136 -0.047138122552723871
ur,tetrapga,7.60979727,0.391164373,0.23729297,0.198248113,36.214149,44.184977,4.526768625,1,0,0,3.387219593,0.297989012,1,5,5,1,0 0 0.060000000000000005,0 0 0.050000000000000003,0 0 0.050000000000000003,wrist_3_link,-1,0,0 0 0,0 0 0,,-0.055866032317241854 -1.2811702467056378 0.12129970676045612 -1.60559529412083 -0.013386596996248072 0.0098733480691564381,-0.02611776521881265 -0.015576414307715749 0.028209864173166319 0.052363841301158918 0.029328689667737235 0.02582957750703669,-0.14293988802318092 -1.5995386742113018 0.067634016144671155 -1.4571989333802851 0.098123269207521138 0.091930146582959019,0.11985654265857555 0.13233113076467082 0.11928691135344609 0.042042467349632892 -0.039314283804116112 0.028894910746966634,-0.061101397660601797 -1.2956239015178705 0.12017966574700625 -1.595511159796642 -0.006223258546725936 0.015290393101224459,-0.19774339384833772 -0.36466342052311401 0.13232009828949162 0.49238319890248938 0.28954276668721024 0.25935231013917426,12.694793959813275 -189.02912055758091 -82.606512845287625 -8.7568705142190169 8.4946365025523409 0.013359273138188932,0.39232427601990594 -60.787998104912731 -29.737216957470366 -3.5757957099431223 3.0409809046991434 -0.079769984545933426
ur,tetrapga,7.654077924,0.381783187,0.258926633,0.216252109,30.25131,37.883372,3.78141375,1,0,0,3.229360866,0.395219222,1,5,5,1,0 0 0.060000000000000005,0 0 0.050000000000000003,0 0 0.050000000000000003,wrist_3_link,-1,0,0 0 0,0 0 0,,-0.057502537426745555 -1.2823793292136831 0.12279725254353668 -1.6025037037100573 -0.011630393092129074 0.011400036521780108,-0.036658333934749349 -0.030514606190065317 0.027895056412072839 0.063116344376034056 0.036356145257183732 0.031372592505283466,-0.13755888046344422 -1.5936787670613857 0.07284107308113523 -1.4554542399265948 0.09626957205319589 0.093134218173842945,0.12315615504639386 0.13230848795210606 0.11586697752969351 0.036746563395696832 -0.044401786698854341 0.025481723637867736,-0.062837986954061481 -1.298909019008351 0.1212052065243969 -1.5915674520288949 -0.0039187515726628805 0.017340874409345491,-0.21710829810383486 -0.41065538985441546 0.12821948501926439 0.49304175910987258 0.28812886653484804 0.25633217917947992,14.217992046069114 -174.66896752104296 -82.561859548380312 -9.4239716552827346 8.7242716288976183 -0.0022342701304610161,1.9689145087783118 -66.290932112133305 -32.437816326183906 -3.9845132784894304 3.3836683281036777 -0.09700122766897934
ur,tetrapga,7.692029377,0.37250018,0.282629786,0.222632956,30.3951,38.425129,3.7993875,1,0,0,3.106693478,0.300958821,1,5,5,1,0 0 0.060000000000000005,0 0 0.050000000000000003,0 0 0.050000000000000003,wrist_3_link,-1,0,0 0 0,0 0 0,,-0.059387568058570761 -1.2842173390774452 0.12409389918670717 -1.5992345250694899 -0.0097176726963455352 0.013030311142973055,-0.043602940849133999 -0.049780320075375334 0.023331310130164751 0.071115428856177568 0.0427888749514636 0.03582127619839464,-0.13283345001461713 -1.5886602564851562 0.077180466330808967 -1.4541467110638233 0.094502436822067451 0.094045258486275207,0.12584765255158439 0.13213835858320067 0.11279253883302942 0.032150451701209205 -0.048716859637385285 0.02252442555922958,-0.064662547554140942 -1.3024713932142844 0.12210521748792436 -1.5876554146949924 -0.0016245327945292307 0.019385782149921461,-0.22810471143130812 -0.44531247928605866 0.11252825828636528 0.4890829548792664 0.28684284204367233 0.25563548323634722,15.259895684455422 -163.03555180217458 -77.984450554895545 -8.9767237706176601 8.3549289062486238 -0.0023446453476936302,2.6616516321871586 -68.128777009303121 -33.394943442701162 -4.1659525790755652 3.5149230294282416 -0.11078209315661525
ur,tetrapga,7.73055832,0.365282954,0.224552375,0.144341318,30.325352,38.338815,3.790669,1,0,0,3.009744076,0.348199275,1,5,5,1,0 0 0.060000000000000005,0 0 0.050000000000000003,0 0 0.050000000000000003,wrist_3_link,-1,0,0 0 0,0 0 0,,-0.059927184706761283 -1.285086042253569 0.12463427715624519 -1.5978345130862841 -0.0089142797975666783 0.013757507898939904,-0.0053694636163644479 -0.0073790069693435226 0.018109574034893976 0.030438582247348009 0.015908201778840683 0.015562586889122515,-0.12793413353793173 -1.5835747091210941 0.081463996398989089 -1.4529986620493034 0.092541801906946275 0.094854820291349923,0.12844889242201316 0.13182365518780045 0.10953949626921181 0.027435968399551054 -0.0530492263316764 0.019494774974539227,-0.066536999091045643 -1.3062740040598571 0.12288278923715193 -1.5837814357479414 0.00066940782611766593 0.021429749560136244,-0.23434566753792724 -0.47532622722492623 0.097276513948713672 0.48443034009709074 0.28689025449645333 0.25552377318283792,15.313950789238739 -152.28895061725285 -73.039808813357354 -8.4335510883994829 7.8848863247260317 -0.0021342470075649371,-2.8972989397938704 -43.522385720630155 -21.651197635165715 -2.4927169447328197 2.1673433827763358 -0.047688802598226943
ur,tetrapga,7.769010181,0.358092231,0.234805784,0.189322565,30.325633,37.981392,3.790704125,1,0,0,2.940545807,0.329995166,1,5,5,1,0 0 0.060000000000000005,0 0 0.050000000000000003,0 0 0.050000000000000003,wrist_3_link,-1,0,0 0 0,0 0 0,,-0.060614187077122073 -1.2854583444611714 0.12592180153975061 -1.5957544234271215 -0.0078800932549611177 0.014800367938064151,-0.021696470620388351 -0.0065145140102816287 0.03424368823542491 0.051709501812078132 0.024724190306866543 0.02579514538745005,-0.12294726618620633 -1.5785141618068554 0.085611504522973239 -1.4520348594446875 0.090419688840458146 0.095545898454615946,0.13091100512629908 0.13136740662757521 0.10616403951889176 0.022687623338669142 -0.057319004454706987 0.016446444517168785,-0.068433653784951948 -1.3102865966125359 0.12354852090974863 -1.5799379348587339 0.0029590072740610356 0.023467746223824602,-0.23712106216312781 -0.50157394061318517 0.083296504369853877 0.48062058286665577 0.28634760790851244 0.25477742986703467,14.905500129445494 -141.7282373813033 -68.10423583107027 -7.8710109309963014 7.3829507381172457 -0.0019117734909522863,-0.31574972442319904 -57.388214131418863 -28.398384706253069 -3.4379710564780908 2.9628916050440113 -0.079598827485220625
ur,tetrapga,7.807088904,0.350177306,0.254804802,0.21550964,30.277576,38.126521,3.784697,1,0,0,2.897251782,0.230167304,1,5,5,1,0 0 0.060000000000000005,0 0 0.050000000000000003,0 0 0.050000000000000003,wrist_3_link,-1,0,0 0 0,0 0 0,,-0.06184374109635303 -1.286115599267855 0.12757860341200719 -1.5929749338327581 -0.0065168955020434077 0.016191319451436977,-0.031729422188909409 -0.018360869006191827 0.037483170248389507 0.064599643965084552 0.031706136972718658 0.032436020965806563,-0.11791804236979825 -1.573522675932995 0.089588487921222704 -1.4512610725818309 0.088157466911178053 0.096114335018401581,0.1332154081635254 0.13077619255820164 0.10269798863191337 0.017948065171035865 -0.061489062311563154 0.013406055541615678,-0.070334813692853354 -1.3144826188781806 0.12411547676496273 -1.576123141198297 0.0052438442792232479 0.025499518917002792,-0.23768421391251648 -0.52450265473391033 0.070949527197028114 0.47703217927033559 0.2857523025608677 0.25399943355326371,14.103957498613092 -131.44476085114161 -63.294607895617716 -7.3209936408653125 6.8893581831069683 -0.0016933499825074383,1.593258287224387 -65.435526955080604 -32.326445929473948 -4.0049298247149636 3.4459809756607696 -0.1002759094023844
ur,tetrapga,7.845320511,0.341570885,0.277774571,0.228640777,36.202952,44.090916,4.525369,1,0,0,2.522687944,0.072410263,1,5,5,1,0 0 0.060000000000000005,0 0 0.050000000000000003,0 0 0.050000000000000003,wrist_3_link,-1,0,0 0 0,0 0 0,,-0.063289460559203009 -1.2872947047121586 0.12913929083425713 -1.589960147480602 -0.0049900247828263055 0.017715721189246945,-0.038133516173691387 -0.0363824455457342 0.034944174473630504 0.074036418688067374 0.038204698195814284 0.037711924950413353,-0.1127829357129097 -1.5685364509258424 0.093446361172693282 -1.4506663710208052 0.085727609937408217 0.096568211439911872,0.13539324643903078 0.13004376398651379 0.099098228392536292 0.013157511425068682 -0.065612381680439438 0.010334529446676429,-0.067984308953763103 -1.303781979523176 0.12762731932297461 -1.5794387442293643 0.0019448515540014272 0.023551354219036761,-0.14654109117928468 -0.36166465176495044 0.12503196306821662 0.45045399961852783 0.22731656418316509 0.24298069419198176,16.351705169592364 -163.37354166209269 -71.481228834914347 -7.6153048871130942 7.3983394898384507 0.011169909694114773,2.5839979449675639 -69.376042315827362 -34.296116478686599 -4.3159072496646331 3.6939513792317467 -0.11665515362724932
ur,tetrapga,7.889478805,0.330485764,0.320723555,0.264670266,30.265536,38.021598,3.783192,1,0,0,2.428955792,0.297098206,1,5,5,1,0 0 0.060000000000000005,0 0 0.050000000000000003,0 0 0.050000000000000003,wrist_3_link,-1,0,0 0 0,0 0 0,,-0.065206889669842019 -1.2895952672347477 0.1307462180254744 -1.5860599212137521 -0.002917637994738024 0.019715212040745358,-0.044251756078415624 -0.064982782087463484 0.036859687794893424 0.10700112977715875 0.058494472570192649 0.054518821911798257,-0.10675177012085943 -1.5628157406423706 0.097727940822398773 -1.4502081344691269 0.08272666943463132 0.096945867060033331,0.1377370668636477 0.12902575903477617 0.09479604627825132 0.0075915348873525409 -0.070289117535831336 0.0067668491332859041,-0.069173021947156826 -1.3069611634018161 0.12862064371365273 -1.575837361751022 0.0037536013191433017 0.02548018675444929,-0.14860873688663559 -0.39739792059417522 0.12420557148239855 0.45026429565064324 0.22616755910052994 0.24111799037956122,15.900562722853788 -150.92292229062178 -71.64830634036295 -8.266727654768264 7.7640026519427412 -0.0016454390204498799,-5.8730826888811407 -87.341187790389085 -31.942796519813101 9.0600770367827863 8.2503846340977702 3.9446928342836074
ur,tetrapga,7.927581644,0.320300017,0.31600501,0.222039717,30.413352,38.266075,3.801669,1,0,0,2.36332437,0.166177807,1,5,5,1,0 0 0.060000000000000005,0 0 0.050000000000000003,0 0 0.050000000000000003,wrist_3_link,-1,0,0 0 0,0 0 0,,-0.066904215706877962 -1.292267272965957 0.13180353356483651 -1.5826894231743509 -0.0010461714694933026 0.021470008725509571,-0.039859135723253988 -0.074600264516002296 0.017472342947246051 0.07770093858018659 0.044919089027488396 0.040914984419062835,-0.1014674755088084 -1.5579185995382119 0.10126727696418343 -1.4500107396561039 0.079972846656179528 0.097144822345390749,0.13960981136902484 0.12800024573007746 0.090963882398234885 0.0027667093772692189 -0.074245010233671027 0.0036742943639202527,-0.070353592910184504 -1.3103509345869875 0.12951991738834179 -1.5722602662727727 0.0055522987536897293 0.027397907987617955,-0.14759098309087934 -0.42372133391058819 0.1124492319837668 0.4472284206390148 0.22491101777609906 0.23972907759907847,15.251693386876587 -140.84716609565788 -67.78154758660834 -7.8714909345449602 7.4147754981163141 -0.0018108169776146999,2.6137517376358232 -66.984051944886232 -33.30595761259525 -4.2568865225257468 3.626668372204028 -0.12650428566360006
ur,tetrapga,7.965921143,0.312405799,0.235709948,0.122253798,30.445003,38.171667,3.805625375,1,0,0,2.323157109,0.188598974,1,5,5,1,0 0 0.060000000000000005,0 0 0.050000000000000003,0 0 0.050000000000000003,wrist_3_link,-1,0,0 0 0,0 0 0,,-0.067242233086667949 -1.2938632107313845 0.13200099676716756 -1.5813209442660139 -0.00027082690092670818 0.022220786814124923,0.0021348005031180941 -0.018359334568640893 0.0096048133004432122 0.024978861273612499 0.012439637918167634 0.013507597593815925,-0.096081039057087966 -1.5530330943619319 0.1046791400654935 -1.4499979774253062 0.077051287431933624 0.097225872941851879,0.14135268790227334 0.12683198511858965 0.087000052804254976 -0.0021029948254697936 -0.078145953767619875 0.00055227052572344437,-0.071514539583760944 -1.3139210863312929 0.13032255547682142 -1.5687115650465677 0.0073422437006936715 0.029305168640942153,-0.14514730561748168 -0.44624458008260237 0.10043639369390775 0.4437607360040301 0.22390308908331061 0.23844190665294346,14.264023471016325 -131.46761847006735 -63.533871428795059 -7.3930148522177852 6.9827577591231877 -0.0016740426958853447,-4.3477862440331592 -35.685593744773541 -18.33806970358637 -2.1188915562142938 1.9043455096249857 -0.041197442221857727
ur,tetrapga,8.004194432,0.30520577,0.243057951,0.172338014,30.234697,37.978014,3.779337125,1,0,0,2.310596507,0.156558652,1,5,5,1,0 0 0.060000000000000005,0 0 0.050000000000000003,0 0 0.050000000000000003,wrist_3_link,-1,0,0 0 0,0 0 0,,-0.067580705655273535 -1.2944877010424776 0.13302295843922973 -1.5795361098564393 0.00049794340385312579 0.023147956403558455,-0.012785697157452022 -0.010356102623993856 0.030270025455071337 0.046032523404572916 0.018471447492842991 0.023679832972525326,-0.090639989156485704 -1.5482032936169761 0.10793153363407715 -1.4501716537284528 0.073987201025653898 0.097187244756807262,0.14294963141620351 0.12553054590659909 0.082939344763785991 -0.0069737000433584377 -0.081955776090774729 -0.0025718241969724309,-0.072651996314885905 -1.3176493634470303 0.13103675302321027 -1.5651947896754088 0.0091215512604574164 0.031202620338051986,-0.14220464020279194 -0.46595311800069383 0.089511112425164796 0.43991326792039898 0.22269051528153389 0.23727441286513412,13.052952030970809 -122.50672226052166 -59.394126119252292 -6.9185194274726953 6.5490872940920433 -0.0015190355114694191,-1.4971821021140386 -51.144090120805231 -25.850702146451624 -3.1523807454632333 2.7960521166751189 -0.072955601713267981
ur,tetrapga,8.042270941,0.297661635,0.259069611,0.205594381,30.326139,38.176791,3.790767375,1,0,0,2.323326686,0.052743115,1,5,5,1,0 0 0.060000000000000005,0 0 0.050000000000000003,0 0 0.050000000000000003,wrist_3_link,-1,0,0 0 0,0 0 0,,-0.068365050839528235 -1.2951095632133827 0.13457599427284983 -1.5770779911955928 0.0014902742593235914 0.024408607983120528,-0.021524078176670687 -0.015959757652770034 0.037542598618445187 0.059144382743659532 0.023579904035625526 0.030352565661578977,-0.085168986316049272 -1.5434502866834434 0.11101109147161298 -1.4505295107394578 0.070795846872067816 0.097030069537650976,0.14439544657719483 0.12410312282532503 0.078800939973337203 -0.011823220456937608 -0.085657657561371933 -0.0056844685477650718,-0.073772810097734148 -1.321519753822322 0.13167760257181216 -1.5617187125461034 0.010904623244307524 0.033104053788632244,-0.14007999207891361 -0.4835901048243737 0.080599791491547557 0.43509378080654315 0.22333734829616853 0.23790260604032454,11.556584721402698 -114.07886619342523 -55.4754331171494 -6.4717842294739789 6.1449737918267644 -0.0013103320087857803,0.71785476731429299 -61.40158853901994 -30.839157113372664 -3.8454214656294425 3.4054744655627243 -0.093779948796218093
ur,tetrapga,8.08052308,0.289621834,0.277915459,0.223049268,30.424793,38.154171,3.803099125,1,0,0,2.264355286,0.111876315,1,5,5,1,0 0 0.060000000000000005,0 0 0.050000000000000003,0 0 0.050000000000000003,wrist_3_link,-1,0,0 0 0,0 0 0,,-0.069350910648349695 -1.2961152412391506 0.13616784339889737 -1.57431198184605 0.0026315086028158214 0.025833625825631912,-0.025846058495833914 -0.030396075472350157 0.036778319344667368 0.068025836838873338 0.028503265058826058 0.035249648878808479,-0.079620073862392657 -1.5387326052253449 0.11394436492702233 -1.4510749371897247 0.067449609057307056 0.096752785578142611,0.14570329657878026 0.12253735924956963 0.074548822193489794 -0.016693484781744834 -0.089283269566164475 -0.0088133003327099564,-0.069436153361375791 -1.2973196832578724 0.13752236351085906 -1.5715233942434943 0.0032327421030779778 0.027363761699723252,-0.010655339128261946 -0.15055525234022199 0.16931501399521148 0.3485734503194633 0.075154187532769548 0.19126698426141747,27.669484902227765 -186.63311598551252 -77.135950441136515 -7.8246849940050591 7.6327365620324201 0.019080581547259584,1.9268989840454651 -66.703757562069768 -33.457390269546067 -4.2305768915566659 3.7328949428578486 -0.10901743634130412
ur,tetrapga,8.118753017,0.280886495,0.295419498,0.228690309,30.241652,38.059733,3.7802065,1,0,0,2.104825406,0.004193498,1,5,5,1,0 0 0.060000000000000005,0 0 0.050000000000000003,0 0 0.050000000000000003,wrist_3_link,-1,0,0 0 0,0 0 0,,-0.070467729497601883 -1.2977729336659567 0.137680173965781 -1.5712064995015693 0.0039735593229724975 0.027450531668899002,-0.026984814590103819 -0.047959411791251343 0.030960520646026633 0.07252590676950553 0.032330710751667144 0.038098390535397514,-0.074027182396181751 -1.5340800006566386 0.11671168436219431 -1.4518060641225941 0.063968605921312385 0.096356091903309016,0.14686457471562481 0.12084217854144012 0.070208891431987303 -0.021553789094424534 -0.092808789301658506 -0.011939341301747777,-0.070512353124565927 -1.2990628760590608 0.13893710091386244 -1.5685547308817498 0.0044614045587336353 0.028910114317423623,-0.0055779533705058344 -0.16124279913800765 0.15711586851018136 0.33147107747743892 0.060980654470142233 0.18244783106557763,28.512891334693105 -179.66855603143236 -74.396262484245682 -7.5726093010245732 7.3500087674165941 0.01768830663664165,2.3835616980241525 -68.304253705212432 -34.303546288762163 -4.3774637258738949 3.85252006474661 -0.11785302644457119
ur,tetrapga,8.156887823,0.271737781,0.31234114,0.227537728,30.2602,37.960243,3.782525,1,0,0,1.953930403,0.004523332,1,5,5,1,0 0 0.060000000000000005,0 0 0.050000000000000003,0 0 0.050000000000000003,wrist_3_link,-1,0,0 0 0,0 0 0,,-0.07156678677007243 -1.3000158832126973 0.13890977426308962 -1.5680750782555262 0.0054004099840770257 0.029105584980414573,-0.02724642491441448 -0.065711222456460244 0.024404999238242017 0.0760014358534465 0.035941889368382211 0.040600010111014398,-0.068406763210265106 -1.5295059881970334 0.11930517748512068 -1.4527202651032618 0.060363919484438928 0.095841385743741334,0.14787689379454172 0.11902314830505951 0.065794396428024066 -0.026389412249187422 -0.09622355623199072 -0.015053834319792205,-0.071545107427067406 -1.3013887662998596 0.14006204453786089 -1.5655630915728085 0.0057553790584729935 0.030491181003872901,0.0027099178756278264 -0.17161038589527924 0.14403378434641023 0.31399833533970573 0.044371134299495962 0.1731995029322913,29.996579682595705 -172.09444204468878 -71.331808324218372 -7.2822887706326718 7.0297781129583257 0.016336316859965061,2.4288562850961171 -67.767163565171359 -34.130659163611028 -4.3954808623739154 3.8499423213411141 -0.12557301469779247
ur,tetrapga,8.194925975,0.267106597,0.162200142,0.042379325,30.255426,38.212652,3.78192825,1,0,0,1.816621983,0.294444213,1,5,5,1,0 0 0.060000000000000005,0 0 0.050000000000000003,0 0 0.050000000000000003,wrist_3_link,-1,0,0 0 0,0 0 0,,-0.070713576746792267 -1.29979881887761 0.13869694523946136 -1.568680516016562 0.0049646462919163406 0.028817766517906348,0.034566352393890894 0.051195121494174933 0.0090222767103757505 -0.026997856283070731 -0.020982673134108374 -0.014768603966794597,-0.062764909147073278 -1.525015070077844 0.12172284715042052 -1.4538155294584509 0.056640641358816066 0.095209780148434384,0.14874060306360762 0.1170831473749447 0.061310766184709105 -0.031194821854495718 -0.099523959315709953 -0.018153906287528221,-0.071320931706121068 -1.3030776163484559 0.14129353523586288 -1.5630434354693221 0.0060783007196899596 0.031866241172844596,0.028021965118291626 -0.21110625607455297 0.15393633725024733 0.31495701293580342 0.040365207652120719 0.17188252112146155,25.994522516189228 -160.69781172378515 -75.644377092103639 -8.8834798848871408 8.4474559285166819 -0.0012704357361359585,-10.035078934041678 -9.9882327420191359 -6.3568988191134963 -0.38892866925198177 0.62730841801551485 0.046664267372911183
ur,tetrapga,8.233241571,0.264031397,0.180779605,0.140751421,30.255556,38.083205,3.7819445,1,0,0,1.70958928,0.515372335,1,5,5,1,0 0 0.060000000000000005,0 0 0.050000000000000003,0 0 0.050000000000000003,wrist_3_link,-1,0,0 0 0,0 0 0,,-0.070147813064810258 -1.2974909355521593 0.14010133221447058 -1.568587415690204 0.0045161721392348569 0.028795658073625559,0.0054421265187745088 0.077310293207102518 0.050398706742458395 0.0072868591211291567 -0.012732750218324575 0.0011602811837653812,-0.057051517876072821 -1.5205683912763865 0.12398425682135783 -1.4551031423469145 0.052765394592712775 0.094454524030520765,0.14946256323453469 0.11500417808272161 0.056718071767450334 -0.036011675351385108 -0.10273753363310344 -0.021267197321243964,-0.07093585955591071 -1.3049904054646753 0.14244830890475427 -1.5605473423781313 0.0064003030606814681 0.033232627929924312,0.048134018776294973 -0.23909863952742239 0.14434670861142473 0.3120116363988642 0.040250292623938554 0.17079834463496427,22.681087958495024 -152.71549244443509 -73.444854394018577 -8.6871936074042875 8.2628470828001337 -0.0017662009323677419,-4.3591411748172391 -40.595123416934257 -21.112713172681367 -2.3631775785834179 2.3636632863542264 -0.0031896252833618632
ur,tetrapga,8.271417199,0.261023269,0.211419371,0.212098986,30.453806,38.126286,3.80672575,1,0,0,1.630688248,0.616144015,1,5,5,1,0 0 0.060000000000000005,0 0 0.050000000000000003,0 0 0.050000000000000003,wrist_3_link,-1,0,0 0 0,0 0 0,,-0.070413861720312582 -1.2946698669004375 0.14259861591940973 -1.5674692599920574 0.0043418764538408778 0.029260861096601105,-0.012121691198182283 0.073905092223526203 0.066396002763777912 0.030013140080818963 -0.0042611897134664182 0.012492634250236001,-0.051334318522890159 -1.5162195251809756 0.12606101657415633 -1.4565690650805903 0.048784028084821338 0.093583615736370848,0.15003365096397719 0.11281030945842777 0.052070746651507543 -0.040781926353456371 -0.10582463437164025 -0.02435694944889125,-0.070423061027892336 -1.3071020611242439 0.14350795609370098 -1.5580776710194917 0.0067247668193032772 0.034590157492650611,0.064099816002296042 -0.26395695744606568 0.13245589861833915 0.3087089198299604 0.04055796982772613 0.1696911953407873,19.978037504411731 -145.34987856762504 -70.319964180728817 -8.3230536300952078 7.910900652438178 -0.0017471704823798378,0.22093842597240609 -62.851113266811808 -31.814847946584791 -3.7991550937531429 3.6415102223681499 -0.038643000421963336
ur,tetrapga,8.309613811,0.257491762,0.222821727,0.246611169,30.270264,38.072984,3.783783,1,0,0,1.579042912,0.617436152,1,5,5,1,0 0 0.060000000000000005,0 0 0.050000000000000003,0 0 0.050000000000000003,wrist_3_link,-1,0,0 0 0,0 0 0,,-0.070837391031899982 -1.2923028292101473 0.14533940787207894 -1.5657692778676366 0.0042364021868057889 0.03004444485937274,-0.0099643170530220922 0.056131104090867252 0.065508140163156744 0.040134166311969525 -0.0030446501887938051 0.018499326892531587,-0.045594990163588874 -1.5119543917071081 0.12796007251369715 -1.4582174114856532 0.044684775049136746 0.092594454618419877,0.1504566335793612 0.11049507212205165 0.047354417517235993 -0.04552040372826497 -0.10879490054783875 -0.027433463031421596,-0.069806680489408052 -1.3093966084404847 0.14447461415122897 -1.5556337949128543 0.0070513871546034742 0.035938783102737723,0.077047567310535109 -0.28681841453009493 0.12083225719099946 0.30548451332967841 0.040827541912524641 0.16857820126088865,17.724683754304671 -138.20360265998971 -67.104745526367921 -7.9442090802938585 7.5472204630797624 -0.0016480158648444739,2.2746575580059698 -73.536583421096111 -36.991675281406856 -4.4990175501461636 4.2804409686190974 -0.057406204094299085
ur,tetrapga,8.34777891,0.25322007,0.234486371,0.26106572,30.387134,38.251527,3.79839175,1,0,0,1.554533679,0.551436106,1,5,5,1,0 0 0.060000000000000005,0 0 0.050000000000000003,0 0 0.050000000000000003,wrist_3_link,-1,0,0 0 0,0 0 0,,-0.071092585969407221 -1.2908540248284395 0.1477707208576429 -1.563869317503132 0.0042010321632514856 0.030968286236401486,-0.0050644461752550043 0.031529681650838075 0.058515628882058891 0.046955199799077516 -0.0007452928182233704 0.022993196720672477,-0.039847094067525859 -1.5077833566578578 0.12967644815391782 -1.4600444264066383 0.040477910772317251 0.091489071415600573,0.15073078726051578 0.1080640128701484 0.04258053773359774 -0.050215236545453221 -0.11164052737947953 -0.030489750355906155,-0.069104268930896162 -1.3118591612426731 0.14535378770249294 -1.5532146489234335 0.00737939646214657 0.037278518727634748,0.087801444813985496 -0.30781910027354054 0.10989669390799409 0.30239324867759576 0.041001163442886956 0.16746695311212775,15.791172163618057 -131.22176601862566 -63.92590637648329 -7.5718410805958705 7.1921998587384737 -0.0015340583180658953,3.0121540034565442 -77.902594132499871 -39.159858013954647 -4.8186873357326476 4.5531780322795647 -0.071372031826868465
ur,tetrapga,8.386105574,0.248192865,0.246622689,0.262239812,30.343904,38.094336,3.792988,1,0,0,1.557160479,0.436113477,1,5,5,1,0 0 0.060000000000000005,0 0 0.050000000000000003,0 0 0.050000000000000003,wrist_3_link,-1,0,0 0 0,0 0 0,,-0.071149685116115413 -1.2902988571659155 0.14995674072892179 -1.5617194815244877 0.004253032977196829 0.032055485148061037,0.00083761879854124316 0.004838723388427061 0.047465610534666587 0.050291372971267713 0.0018717839098703214 0.025738035093592269,-0.034067195337405091 -1.5036902634741802 0.13121563317111659 -1.4620586431567564 0.036146354033522385 0.090262008265838911,0.15085666337199494 0.10550667332622037 0.037729685440708351 -0.054884600553403905 -0.11437162432305908 -0.033538410774211977,-0.068328834998988119 -1.3144749670892388 0.14615169543494003 -1.5508191503124655 0.0077080099879375582 0.038609412392698418,0.096929241488505527 -0.32697573082071474 0.099738466555885683 0.29943732637098674 0.041076690723873516 0.16636170813295861,14.086052282943527 -124.39436699535163 -60.804628277813777 -7.2084542272503072 6.8475311604154907 -0.0014167126409660889,2.9611567273520336 -78.104812289668189 -39.335971780139914 -4.8796883067116141 4.5869136099360883 -0.079851465787399434
ur,tetrapga,8.42430011,0.242501056,0.259097019,0.256316212,30.270372,38.054435,3.7837965,1,0,0,1.586207349,0.291447958,1,5,5,1,0 0 0.060000000000000005,0 0 0.050000000000000003,0 0 0.050000000000000003,wrist_3_link,-1,0,0 0 0,0 0 0,,-0.070986447261969773 -1.2907031223760883 0.15166493997480585 -1.5595460511590764 0.0043936951836663447 0.03319095876029373,0.0064231549260364007 -0.018857678687036219 0.037339983914340298 0.052766326428973657 0.0042380932992438659 0.027902090718650581,-0.028305270582643812 -1.4997109594028053 0.13256355427734748 -1.4642430038960885 0.031728065552006815 0.088923369631855903,0.15083317909543725 0.10284506040206359 0.032844053838053638 -0.059487352269531578 -0.11696360896707123 -0.036553311684429622,-0.067490287624766915 -1.3172293899513678 0.14687476702065644 -1.5484462483061536 0.0080364792564075783 0.03993153262192492,0.10481842177765052 -0.34430285776612896 0.090383948214549883 0.29661275078898869 0.041058658558752598 0.16526502865331275,12.546281085634075 -117.71508419479638 -57.744429083343753 -6.8538696347241093 6.5124608235411205 -0.0012989060000882693,2.5100275763044237 -76.073613775722151 -38.447431770041192 -4.8070148228507605 4.4927836682430708 -0.086494140736192549
ur,tetrapga,8.462450321,0.236173235,0.27002564,0.245181939,36.396441,44.263381,4.549555125,1,0,0,1.50776446,0.120275876,1,5,5,1,0 0 0.060000000000000005,0 0 0.050000000000000003,0 0 0.050000000000000003,wrist_3_link,-1,0,0 0 0,0 0 0,,-0.070607829514537243 -1.2919705206747114 0.15308183176002479 -1.5572016580450656 0.0046217580021066743 0.034446249885616065,0.01132024676629742 -0.039072171054591667 0.027112307666945501 0.052989345969042888 0.0061862220339648803 0.028759139418897763,-0.022553757336291898 -1.4958398642382646 0.13372273339584484 -1.4665992796716016 0.027218597045009785 0.087471817535113822,0.15066149383008171 0.10007647883946001 0.027917890531354326 -0.064029181623987408 -0.11941998673842205 -0.039538825592191247,-0.068352454014614428 -1.3065363621161779 0.15074156387588877 -1.5508177426397176 0.0062032106456160344 0.03828550171015839,0.087075569379706064 -0.2420508503922853 0.095408060693517774 0.25077631698648695 -0.015738497955136488 0.13707630704848761,24.538206843084872 -143.34329222365093 -65.140276802518216 -7.265372686748675 6.8093234987120477 0.0043522562574434343,1.7703849759902255 -72.412965359334521 -36.777290858342099 -4.62685463471189 4.3062928758166308 -0.089068737306675416
ur,tetrapga,8.506789218,0.228606105,0.278194696,0.230331415,41.908972,49.631823,5.2386215,1,0,0,1.479680576,0.132860551,1,5,5,1,0 0 0.060000000000000005,0 0 0.050000000000000003,0 0 0.050000000000000003,wrist_3_link,-1,0,0 0 0,0 0 0,,-0.06999963863078508 -1.2941255336809236 0.15423012218727045 -1.554651624306491 0.0049402380897671386 0.035839459136850209,0.015021606521095023 -0.05436945533536626 0.017253728223275956 0.050696353360798398 0.0075403755742829157 0.028125928556589654,-0.015881397153898254 -1.4914763744081538 0.13483271054464718 -1.4695539053759494 0.0218634549427545 0.085642435028240704,0.15027623709116861 0.096724207059346298 0.022141428613624843 -0.069231136951712458 -0.12210409964565472 -0.042972571775810424,-0.067940148967118974 -1.3052966768434808 0.15236653080569829 -1.5499141381960639 0.005610353101829787 0.038692440743184855,0.10301265019226445 -0.23287772951457436 0.094103418995506477 0.23275935754338239 -0.034639300603002854 0.12730620954418859,25.942655535167273 -143.35859916186274 -66.961807020164173 -7.7684711175894741 7.3482455835277181 0.0012765434720167939,0.85033654614682064 -67.595694670733792 -34.549712199794897 -4.3645321236908785 4.0552266088525837 -0.087018665384661631
ur,tetrapga,8.556528283,0.220142946,0.251130585,0.094180044,36.124747,44.15342,4.515593375,1,0,0,1.468557636,0.061426377,1,5,5,1,0 0 0.060000000000000005,0 0 0.050000000000000003,0 0 0.050000000000000003,wrist_3_link,-1,0,0 0 0,0 0 0,,-0.069116495138373896 -1.2971463203380968 0.15506885834724007 -1.5520019297081342 0.0053068912274120998 0.03731316293336237,0.020919245953985345 -0.044116733179337876 -0.0038821561811472746 0.016923390742888303 0.00046412337426033338 0.010011706129564405,-0.0084223984638238814 -1.4867623572013755 0.13577168438953033 -1.4731403425691136 0.01571980607618164 0.08341025889163492,0.14960729901203684 0.092796776952381338 0.015605623492557699 -0.07495912396383668 -0.1248910754354384 -0.046773420774004419,-0.067668599926426237 -1.3027430452127637 0.15439075409559083 -1.5493888662017916 0.0048784694043749735 0.038840434661225422,0.10746526579002622 -0.19019332774689143 0.084132439890207522 0.19614596878843066 -0.072519095030746231 0.10470410286897591,31.270477062562058 -150.71521730713351 -68.209301510563989 -7.6651243871598442 7.1665716479626109 0.0040279303861063048,-5.557471494363881 -20.861874969268683 -14.127006529091886 -2.0576787250383859 1.7593576329309624 -0.16922594616727338
ur,tetrapga,8.600765507,0.215647275,0.233595542,0.106265666,30.361713,38.057296,3.795214125,1,0,0,1.450428322,0.204113633,1,5,5,1,0 0 0.060000000000000005,0 0 0.050000000000000003,0 0 0.050000000000000003,wrist_3_link,-1,0,0 0 0,0 0 0,,-0.068412176151546489 -1.297835380048836 0.15539713011721201 -1.5513482898721305 0.0052403414486442926 0.037667099417861068,0.01143072747886071 0.0032538810511168852 0.019887696011337802 0.019237100266943724 -0.0054496713421165761 0.0095639734900571996,-0.0018212514016276112 -1.4827372244324366 0.13633268953331296 -1.476567079345217 0.010143940933813557 0.081267285709037157,0.14880305565774707 0.089160637177679747 0.0097522480513021759 -0.07994931663288983 -0.12716582974274046 -0.050103891733184185,-0.066528609731127203 -1.3044695571686333 0.15506291014281537 -1.5478288616367764 0.0042899127695758691 0.039671463966140949,0.14249877441237851 -0.21581399448369673 0.084019505903067046 0.19500057062691331 -0.073569579349888101 0.10387866311444104,26.05888721577519 -142.50769057524334 -68.444428920094296 -8.2173897442927863 7.8594614624469603 -0.0011754077783476852,-2.4720355041753237 -34.890879443772974 -15.939849945039441 0.57290120096058672 1.3517977339300451 0.79471124644919655
ur,tetrapga,8.638891141,0.213313556,0.22854543,0.170209055,30.297334,37.972672,3.78716675,1,0,0,1.45561062,0.267857061,1,5,5,1,0 0 0.060000000000000005,0 0 0.050000000000000003,0 0 0.050000000000000003,wrist_3_link,-1,0,0 0 0,0 0 0,,-0.068037765818836138 -1.2972005133473901 0.15644856696688761 -1.5506809746887531 0.0049462376382095477 0.037978059070359824,0.0069741437286754502 0.028402716419911829 0.033064485919160919 0.016578460120727105 -0.0086675787876457546 0.0072523875379627047,0.0038362112902573797 -1.4793993443045568 0.13660793726756862 -1.4796958232338655 0.0052608229127203638 0.079302982094891603,0.14795276577934907 0.085922556500293332 0.0046835183428271029 -0.084165239740468828 -0.12896896699644539 -0.052933270818739296,-0.065177451941305128 -1.3063615253317533 0.1556693637413229 -1.5462890764412027 0.003704719947820569 0.040494208790898711,0.16889472372776004 -0.23649602038999823 0.075806699813442444 0.19247314944670477 -0.073149102719412495 0.10284310309472068,21.706573812758663 -135.75001957377964 -66.040065085071987 -7.9406093559981432 7.5740789151861989 -0.0013788563584448701,-2.8297230274588401 -48.522378019234566 -25.531358178892219 -3.0805071024715289 3.0222812688836296 -0.022145562934042573
ur,tetrapga,8.676954877,0.212183227,0.227566619,0.1834671,41.885184,49.922545,5.235648,1,0,0,1.474690048,0.310229269,1,5,5,1,0 0 0.060000000000000005,0 0 0.050000000000000003,0 0 0.050000000000000003,wrist_3_link,-1,0,0 0 0,0 0 0,,-0.067760880810235416 -1.2957084317759888 0.15797456834204557 -1.5500259619774177 0.0044880398065366544 0.038244964429443133,0.0053546509407091146 0.048186219542203028 0.043797081493346317 0.015964349791917399 -0.012664166720809104 0.0060454077766705543,0.0094494009663705653 -1.4761918176137845 0.13668962666775636 -1.482978257276113 0.00031986330609335767 0.077235022017616256,0.14695964989250773 0.082596743323991237 -0.00039360167437960694 -0.088290875876669325 -0.13062126916216765 -0.05571752475956368,-0.064528692904581686 -1.3052851493833306 0.15684482199548477 -1.5458429857720959 0.0031405510895636856 0.04065097851234778,0.16182703174450139 -0.1983621800648076 0.074894637997652128 0.17253900664506572 -0.094999852866988047 0.089885101476620044,25.826577150664097 -144.27424989427018 -68.274082451203654 -7.972501322314038 7.4787289651056295 0.00040452340881285439,-2.1223281455976917 -52.598564378576157 -27.520065053039502 -3.316714469739054 3.2717689720488057 -0.018497090737369604
ur,tetrapga,8.726950421,0.211278828,0.242542963,0.241430795,47.876775,55.611914,5.984596875,1,0,0,1.513123485,0.283196752,1,5,5,1,0 0 0.060000000000000005,0 0 0.050000000000000003,0 0 0.050000000000000003,wrist_3_link,-1,0,0 0 0,0 0 0,,-0.067335514344719669 -1.2936079374353442 0.16047289926209235 -1.548715629629897 0.003653786242710076 0.038811262490287088,0.01284573170495368 0.035559079554608165 0.057317662929000777 0.037255925740180898 -0.021441826630083937 0.017017210010392785,0.016759714443614911 -1.472174311164802 0.13650289506806157 -1.4875251586483647 -0.0062602501202255988 0.074359299141664378,0.14543802201988104 0.078092679504898163 -0.0070785762284131708 -0.093575177976232896 -0.1325631699814758 -0.059308803138433723,-0.063472695738592863 -1.3053964367334161 0.15787024059503324 -1.5449090028775627 0.002358850965718153 0.041084309211313327,0.17585623075075957 -0.19636735544799711 0.071488617652813724 0.16163292209479407 -0.10573181474860392 0.082911900215392145,25.316111246061848 -143.55576400235364 -68.906067536142558 -8.1996776283301411 7.7517191646274748 -0.00086331642671523404,4.6256515710290955 -73.618251218871592 -36.214619321403006 -4.3274033532197791 4.1874458658783986 0.016915494409133203
ur,tetrapga,8.78267377,0.210210741,0.237584694,0.233445571,42.06389,49.79708,5.25798625,1,0,0,1.556743891,0.165903684,1,5,5,1,0 0 0.060000000000000005,0 0 0.050000000000000003,0 0 0.050000000000000003,wrist_3_link,-1,0,0 0 0,0 0 0,,-0.066546103759806574 -1.292143320183996 0.16296934874379243 -1.5471253632638962 0.0026973368632961501 0.039533328760822349,0.017287731986482032 0.020307744318428331 0.039020461134928214 0.025166724779649312 -0.016735988637898325 0.011348743714804495,0.02481014137730185 -1.4679665900681731 0.13590063436089755 -1.4928992016282439 -0.013700291326435583 0.070945041043386892,0.14345443058451113 0.072899583753379099 -0.014537676812096303 -0.099272988795964939 -0.13441670782448134 -0.063217207689067675,-0.062838025687435101 -1.3034667025572211 0.15966134167253779 -1.5443610592980286 0.0014106386192456956 0.041239001071074907,0.17537775705764835 -0.17294312014497479 0.064540505039344345 0.13775420951469883 -0.12910422760836962 0.067804621548041163,28.647678452133583 -149.08655497291511 -70.980734905615662 -8.3662161539024495 7.8238496740362109 -0.00070372310721847841,1.546273482345498 -68.183964768164515 -35.016835609178315 -4.3146657221841451 4.2275274235118125 -0.035039562704952232
ur,tetrapga,8.832579363,0.20970416,0.241144809,0.226848141,41.959318,49.74482,5.24491475,1,0,0,1.584701388,0.125070328,1,5,5,1,0 0 0.060000000000000005,0 0 0.050000000000000003,0 0 0.050000000000000003,wrist_3_link,-1,0,0 0 0,0 0 0,,-0.065813387240999749 -1.2913516864585686 0.16450826404226873 -1.5461254044149533 0.0020274133975492149 0.039984384863009946,0.017399103653243916 0.010179633282159749 0.032037684671713883 0.024243152895744725 -0.017320588583467574 0.011130616696472535,0.03191964205682226 -1.4644476391784824 0.13500852510244263 -1.4979769900165858 -0.020443923633198524 0.067704693814453015,0.14142383339733247 0.068102402187472155 -0.021212205527146307 -0.10419309160125868 -0.13579399390473457 -0.066627151997558726,-0.062139667309166535 -1.3016975976158427 0.16132123133479195 -1.5438863504314302 0.00035445325827902188 0.04135016401849137,0.18027484583246658 -0.15745613541060005 0.056019883727677869 0.11447439322871353 -0.15129738194281916 0.053102124929087086,31.174229000117933 -152.62743511189711 -72.714377347209691 -8.6063967369508791 8.0447209182605217 -0.0011113808209342892,3.3925316245146178 -67.930200970928126 -34.027221165449646 -4.0929556529381443 3.9716698933223116 0.0023009177517110402
ur,tetrapga,8.882432155,0.20957152,0.239185731,0.19990283,41.990453,49.995474,5.248806625,1,0,0,1.611694621,0.095734577,1,5,5,1,0 0 0.060000000000000005,0 0 0.050000000000000003,0 0 0.050000000000000003,wrist_3_link,-1,0,0 0 0,0 0 0,,-0.064952629204271847 -1.290980614131698 0.16578624478848739 -1.545183423992571 0.0013255075384738203 0.040413687586248435,0.019463193764001824 0.0057583301511438603 0.025500931286340497 0.018885477271459169 -0.017442170481478992 0.0083656180564372021,0.038914537762334236 -1.4611747053199988 0.13378518889853339 -1.5032900428182301 -0.027242314999696891 0.064300112589406253,0.13915913477887312 0.063180605609993459 -0.027861755117832683 -0.10892534627106064 -0.13689931182740009 -0.069942658793349016,-0.06133726211279443 -1.300187693408795 0.16280462829193379 -1.543479041424445 -0.00078220148399053846 0.041424486955163327,0.18820570876855358 -0.14616770799858636 0.045892949214748749 0.09144717465878148 -0.17242728903978252 0.038555255591586304,32.986174806637081 -155.14026230421416 -74.013402644921527 -8.7873309064639678 8.2052874300924774 -0.0014687986088843829,1.3553285053210971 -58.587345980217833 -29.985424493618893 -3.6444336267404651 3.5305677116474725 -0.012531533196977307
ur,tetrapga,8.9325405,0.210345002,0.237418499,0.19250174,41.965819,49.85341,5.245727375,1,0,0,1.647642255,0.110035266,1,5,5,1,0 0 0.060000000000000005,0 0 0.050000000000000003,0 0 0.050000000000000003,wrist_3_link,-1,0,0 0 0,0 0 0,,-0.064035033073267078 -1.2904987249563036 0.16700615523676898 -1.5444009748513252 0.00054736494283140838 0.040747756408647841,0.019577998952663295 0.012387394507147813 0.026595245832864992 0.015404482663107512 -0.019682849648280043 0.0061136154646308366,0.045825645017020571 -1.4581353440191938 0.13222223236637981 -1.5088632642340685 -0.034124202986483207 0.060713916270308671,0.13664861958856347 0.058111235550600458 -0.034515294878066004 -0.11348838475816678 -0.13773472425182967 -0.07317843584812582,-0.060436116585838022 -1.298846814159563 0.16414217071575252 -1.5431593020202776 -0.0019927934608261772 0.041447940625885374,0.19694853338432181 -0.13517035798637481 0.03589508595124196 0.068777845110946187 -0.19287294794264065 0.024079538418865121,34.464225499425801 -157.72195775033532 -75.396772789181256 -8.9780654955009798 8.3733797670971892 -0.0018670036902344233,0.16311821075316857 -55.574621430077059 -28.875261047502022 -3.5416875698047079 3.4847341903000868 -0.016697405346874916
ur,tetrapga,8.982501851,0.212299509,0.237813254,0.192680679,41.94746,49.961199,5.2434325,1,0,0,1.693721859,0.135833191,1,5,5,1,0 0 0.060000000000000005,0 0 0.050000000000000003,0 0 0.050000000000000003,wrist_3_link,-1,0,0 0 0,0 0 0,,-0.063210714089619938 -1.2896540357236712 0.16828225209970998 -1.543776030426786 -0.00029190995651703368 0.040982301716209125,0.017814149206193959 0.020311479799848802 0.029127213283887367 0.013239182484675526 -0.022657121586618135 0.004482069598436402,0.052585472268578667 -1.4553606775228487 0.13033292960190454 -1.5146427570945882 -0.04102064698515278 0.056979334181273399,0.13391577183736411 0.052943081821790527 -0.041107285332276804 -0.11783575595808445 -0.13829003959764349 -0.076303073269952268,-0.059487205505217251 -1.2975414236319942 0.16538558177362953 -1.5429420112948138 -0.0032694382442322346 0.04140877564661273,0.20532005707078085 -0.12410051017551481 0.026048838985955759 0.046434103386357811 -0.2127332074354179 0.0096555935183018169,35.826982819665325 -160.58540940168777 -76.938240012515465 -9.1877067321359398 8.5584708298389298 -0.0022979717834678932,1.0220633559424641 -56.142746420076037 -28.90210190544235 -3.4983097764443301 3.3859012064648253 -0.0072375394900348056
ur,tetrapga,9.032562794,0.215346901,0.238285141,0.199810577,41.986345,49.814665,5.248293125,1,0,0,1.749827333,0.159541212,1,5,5,1,0 0 0.060000000000000005,0 0 0.050000000000000003,0 0 0.050000000000000003,wrist_3_link,-1,0,0 0 0,0 0 0,,-0.062411483080144534 -1.2884656904654817 0.16969423372356127 -1.5432305799772292 -0.001263070114016345 0.041152793460294372,0.017795026042328632 0.026594738575714452 0.031399696286513602 0.011336355607041614 -0.025732969890634033 0.0029936711813434696,0.05921616645200365 -1.4528421273973147 0.12811083307995835 -1.5206463686922738 -0.047951666044663208 0.053083379870320309,0.13095186036718542 0.04765947099231338 -0.047658359234082993 -0.12198037402751759 -0.13856634068507126 -0.079327165735377625,-0.05851106497528194 -1.2961798623081688 0.16659082563884342 -1.5428199649427548 -0.0046238892523621771 0.041306631697438423,0.21340124045839198 -0.11342149597533008 0.016010109716370746 0.024273565332875106 -0.23200538008548938 -0.0047685503243396123,37.085285423043132 -163.67518147657665 -78.606175060789226 -9.411840949857833 8.7563171553272401 -0.0027494493344951344,1.528112023143251 -58.282506872451449 -29.971586575923084 -3.6272273794065768 3.5144729964282262 -0.0069630369272459802
ur,tetrapga,9.082453404,0.219329895,0.238417551,0.209506605,42.056916,50.139706,5.2571145,1,0,0,1.813747767,0.177688131,1,5,5,1,0 0 0.060000000000000005,0 0 0.050000000000000003,0 0 0.050000000000000003,wrist_3_link,-1,0,0 0 0,0 0 0,,-0.061559737148226268 -1.2869937587160958 0.17124366530960022 -1.5427452682192329 -0.0024082798219722552 0.04126654294478186,0.019080311630988365 0.030324483492221426 0.032131288860508984 0.0091263024606187872 -0.028046347079406397 0.0014442534193712128,0.065671166420959631 -1.4505977334284774 0.12557160669278747 -1.5268305447235275 -0.054865864308974957 0.049052820102712807,0.12777808265344212 0.042297909711391024 -0.054121495371493675 -0.1258919335258703 -0.13856122994004161 -0.082229839919447725,-0.057503636854194302 -1.2947132657177067 0.16779703147055869 -1.5427837291571664 -0.0060748738590273785 0.041142920855048476,0.22119952054046432 -0.10374116344449652 0.0053744892532621522 0.0021952005884750912 -0.25061087053283526 -0.019211081778225531,38.236015396248291 -166.86444107662186 -80.32790717021274 -9.6408117323909774 8.9574388586064213 -0.0032060677490962897,1.2535350029535266 -60.697147858573771 -31.425990788016634 -3.8355804694201652 3.8162676828278883 -0.0049489270030989019
ur,tetrapga,9.132700602,0.224095676,0.238741127,0.211641591,47.844972,55.880957,5.9806215,1,0,0,1.885069835,0.184910451,1,5,5,1,0 0 0.060000000000000005,0 0 0.050000000000000003,0 0 0.050000000000000003,wrist_3_link,-1,0,0 0 0,0 0 0,,-0.060726063599386551 -1.2854840902202433 0.17271214837627438 -1.5423730286168289 -0.0035733214737112659 0.041315504052161674,0.018800633655954527 0.031011954695037407 0.030577969307446464 0.0067181202560725383 -0.030038236957304669 -8.2085555511134337e-05,0.072006803142773329 -1.4486099013759803 0.1226902242003251 -1.5332504612160991 -0.061822108789891528 0.044849988597779687,0.1243648050522345 0.036810283758445049 -0.060552748061968448 -0.12960241605013009 -0.13827211283316532 -0.085036442021984932,-0.055938837903756672 -1.2944571389886961 0.16836694743577121 -1.5428119704597203 -0.007833344754697779 0.040950246793395158,0.24595028669833313 -0.11219002602153119 -0.005559206000243691 -0.0099473587620213938 -0.25889561797936445 -0.026780870161558223,35.598551564962087 -164.72071893056517 -79.669331486671936 -9.6430318781489337 9.0659501070439674 -0.0026496753395264007,2.2004857907611495 -61.716626099576388 -31.746238578408565 -3.8441988710910664 3.7299181657297709 -0.0081146046656357385
ur,tetrapga,9.188687581,0.230153412,0.23881114,0.218898635,42.122822,49.935487,5.26535275,1,0,0,1.978512766,0.15633308,1,5,5,1,0 0 0.060000000000000005,0 0 0.050000000000000003,0 0 0.050000000000000003,wrist_3_link,-1,0,0 0 0,0 0 0,,-0.059721432502867933 -1.2837754800679941 0.17429640977063907 -1.5420694265992343 -0.0050128920677304442 0.04129394574839735,0.021581956489509328 0.031789312556381392 0.029440187758594135 0.0043668213292037978 -0.030902057466299558 -0.0015334985173349107,0.07885737195833073 -1.4467223311772888 0.11910188677802526 -1.5406158007037687 -0.069546771711060343 0.0400048149660088,0.12031203467081746 0.030603385651464383 -0.067611967482082549 -0.13345658171907551 -0.13761381018625299 -0.088020008918792497,-0.054930522379559296 -1.2925888062520967 0.16970388155916555 -1.5429079500514939 -0.0093618351964308896 0.040688195018377983,0.24424552174689865 -0.10026024919702888 -0.01817893254032751 -0.035201944611927001 -0.27920045168436802 -0.043497064220965935,37.991209624406977 -169.33355442112563 -82.028772991610737 -9.8772692158821513 9.1294717189429448 -0.0041492526419752733,0.58986295309404113 -63.147641324422693 -32.834795277787975 -4.0042101933431695 4.0351735394378832 0.004677762021984222
ur,tetrapga,9.238730178,0.236218655,0.237245568,0.232338744,42.00771,49.986506,5.25096375,1,0,0,2.057681402,0.168680467,1,5,5,1,0 0 0.060000000000000005,0 0 0.050000000000000003,0 0 0.050000000000000003,wrist_3_link,-1,0,0 0 0,0 0 0,,-0.058782855402168703 -1.282213239858921 0.1756697832054433 -1.5418809365162438 -0.0063743718482212235 0.041220331318025522,0.022851096988518775 0.028899965028996225 0.027237156487934702 0.0029121970807157618 -0.036194965180343222 -0.0027390424926171338,0.084782885159127103 -1.4453312170716055 0.11556277961460622 -1.547375089930779 -0.076412281091719547 0.03553613129484931,0.11647324029763838 0.02498329559828873 -0.073813824640260733 -0.13664365010202886 -0.13672570294604011 -0.090553900205926768,-0.053923433917239749 -1.2907246217340234 0.1709424753614591 -1.5431272778493572 -0.011000612867375824 0.040342979454076264,0.24627146474648759 -0.091213385027557922 -0.031610201159486678 -0.05951014770948343 -0.29820543849966896 -0.059781204901700316,39.917112821497369 -173.35728886091476 -84.134346314333698 -10.161395920020247 9.3931713665324725 -0.0046212042341289153,3.2620628830300404 -67.891443205046016 -34.850811552094797 -4.2376571737904669 4.2434772598483175 0.0052368385526477823
ur,tetrapga,9.288820923,0.24250875,0.235959481,0.216200663,42.011791,49.696243,5.251473875,1,0,0,2.139041537,0.163716926,1,5,5,1,0 0 0.060000000000000005,0 0 0.050000000000000003,0 0 0.050000000000000003,wrist_3_link,-1,0,0 0 0,0 0 0,,-0.057707666114170345 -1.2809611868252095 0.17682525687233627 -1.5417714719114903 -0.0078263484493569062 0.041102910885594174,0.024090213591118993 0.023993389712449575 0.022279376058152514 1.3753648867253116e-05 -0.035351167993694685 -0.0041890396145343612,0.090516731051300772 -1.4442219177660083 0.11171226340604806 -1.5542943495938 -0.083232810471949067 0.030939398804871517,0.11243257177744095 0.019299334094211272 -0.079907893047680978 -0.13958297474307982 -0.13555420676628135 -0.092960299165245605,-0.052868726342969255 -1.2889635497579075 0.1720445490133056 -1.5434547141730945 -0.012734797901175621 0.03992728334070126,0.25009570293789291 -0.084973343885940467 -0.046077715734099273 -0.083298476025504442 -0.31596889228806579 -0.075709871406810098,41.352171245253388 -176.78966355273707 -85.943969679608415 -10.401024917490641 9.6061967539205071 -0.0050769627040798907,2.4247895396057118 -62.787706904719016 -32.430099495225818 -3.9378298783085484 3.8266956351758985 -0.0089194239919834217
ur,tetrapga,9.338620727,0.249223541,0.235981137,0.209391309,41.849972,49.510168,5.2312465,1,0,0,2.227598958,0.18752244,1,5,5,1,0 0 0.060000000000000005,0 0 0.050000000000000003,0 0 0.050000000000000003,wrist_3_link,-1,0,0 0 0,0 0 0,,-0.056597740858818045 -1.2797651138904749 0.17787028166634478 -1.54176769344883 -0.009275876514745417 0.040925661270281161,0.024197096294415365 0.025761678041800486 0.021337028627360546 -0.0025796792336555793 -0.036628058893819274 -0.00588757775786282,0.096011860013151096 -1.4434025505072252 0.10758455489154031 -1.5613130364206809 -0.089948588435112539 0.026253171820601478,0.10822513213395689 0.013599829941350179 -0.08584269188957043 -0.14225023866610079 -0.13411059888433127 -0.095219949196709661,-0.051766442028985608 -1.2872976977752435 0.1730174238449714 -1.5438848592043146 -0.014532157248656367 0.039445941347440221,0.25431724286822982 -0.079219623024254171 -0.060444791449248289 -0.10648752653575266 -0.33276121176103712 -0.091367059457001701,42.527553793446195 -180.24406314570757 -87.780804091888427 -10.642883954393408 9.8209158009781738 -0.0055317390703349479,1.8877823930558293 -60.471863575919997 -31.408696361981924 -3.8154819973069607 3.690852762912936 -0.010631717117760786
ur,tetrapga,9.388223146,0.25650027,0.236913107,0.209844681,47.668244,55.347645,5.9585305,1,0,0,2.326604594,0.224142625,1,5,5,1,0 0 0.060000000000000005,0 0 0.050000000000000003,0 0 0.050000000000000003,wrist_3_link,-1,0,0 0 0,0 0 0,,-0.055501677062512848 -1.2784129182394777 0.17892818036511798 -1.5418610252265419 -0.010790833515533295 0.040680337262259454,0.023781151153199662 0.030011274204661417 0.021967836633532717 -0.004913801817904846 -0.038865467127237534 -0.0076114141870910488,0.1012723746781747 -1.4428695805890055 0.10318268142905887 -1.568429549003004 -0.096559454471185094 0.021477001711467023,0.10385232492524375 0.0078841861277218414 -0.091620464350291572 -0.14464847976726489 -0.13239807726759154 -0.097335366628032896,-0.049999899267203628 -1.2869056986068257 0.17316078558677556 -1.5445834687686146 -0.016780749613621176 0.038805811134760976,0.27918089262160994 -0.089824784194087376 -0.074435352901772833 -0.11894860144016633 -0.33953222895064905 -0.099303712753956747,39.606513359345684 -178.23281648371869 -86.708405348477811 -10.562890868762949 9.8847911748430839 -0.0039403649252569752,1.8916874480016759 -60.491973851113471 -31.476702214212196 -3.8227903993574728 3.689228899403755 -0.011241238892139904
ur,tetrapga,9.443667529,0.265275132,0.239677999,0.219487393,42.061224,49.961601,5.257653,1,0,0,2.45730938,0.226068349,1,5,5,1,0 0 0.060000000000000005,0 0 0.050000000000000003,0 0 0.050000000000000003,wrist_3_link,-1,0,0 0 0,0 0 0,,-0.054274463156433403 -1.27665676852898 0.180165031229511 -1.5420855242567109 -0.012639009428734251 0.040312434339224011,0.02510357428650865 0.034871377336732352 0.023262909102382382 -0.0065060192036155862 -0.039359790028060115 -0.0087980068420601149,0.10689015829664997 -1.4426103673923478 0.097927669675200113 -1.5765167032934573 -0.10383976477486623 0.016018489291582255,0.098757778420479281 0.0014612102007890747 -0.097908169563857478 -0.14701746908648039 -0.13016234164779772 -0.099535875947763225,-0.048883059872611226 -1.2849762732441128 0.17421066775679603 -1.5451129328485891 -0.018603811267300568 0.038247970248810881,0.27318504586248094 -0.079100894593563939 -0.087647405082923388 -0.1442437759937989 -0.35731208748764037 -0.11681208588323119,41.930239856984805 -183.81793404732238 -89.972073315178022 -10.93377526906897 10.042470448450359 -0.0064714666555127634,0.33239830736431486 -63.140251803381943 -32.923108992646917 -3.9934222731717455 4.0641032944201321 0.026906283354080074
ur,tetrapga,9.493711511,0.273738487,0.23595582,0.236396749,41.966111,50.058151,5.245763875,1,0,0,2.574750545,0.259134581,1,5,5,1,0 0 0.060000000000000005,0 0 0.050000000000000003,0 0 0.050000000000000003,wrist_3_link,-1,0,0 0 0,0 0 0,,-0.053243252837653417 -1.2749757372966972 0.1812641775343114 -1.5423452631034378 -0.014280026820188653 0.039946440433036905,0.02454638224023625 0.034457533134003085 0.020839806796155005 -0.0100651603812702 -0.046802064311390404 -0.011526730630736249,0.11171353304417868 -1.442682755630786 0.092889421823652479 -1.5839214933644037 -0.11029703474075134 0.010990821486319137,0.09397991474325329 -0.0043565503834013504 -0.10341745949426029 -0.14886790349499066 -0.12785617676780417 -0.10136971386703061,-0.047806242508931757 -1.283040429007636 0.17515541304450338 -1.545767849273473 -0.020511275080551554 0.037602581347840267,0.27085820061750199 -0.070536218797146652 -0.10232901958393839 -0.16835423264644367 -0.37355124062862088 -0.13375080587839,43.835681538096992 -189.00067898142257 -92.666243524811406 -11.287266120654742 10.375144357233783 -0.006938424668964915,4.5885031626456509 -68.878169188902575 -35.459512395197976 -4.2929282583772874 4.1018202554173797 -0.0181644633321838
ur,tetrapga,9.543843143,0.28217575,0.234902504,0.225445611,41.890389,49.614507,5.236298625,1,0,0,2.696217454,0.265361559,1,5,5,1,0 0 0.060000000000000005,0 0 0.050000000000000003,0 0 0.050000000000000003,wrist_3_link,-1,0,0 0 0,0 0 0,,-0.05196064930356499 -1.273409027358561 0.18222567725400124 -1.5427686376890917 -0.016251770450953416 0.039455459538640589,0.028063122675751482 0.029902478144172937 0.017064843764226068 -0.011682302338073674 -0.044529409706173285 -0.012250950937956081,0.11630150776262856 -1.4430474530408959 0.08757009705337962 -1.5914251442369212 -0.11664310888201138 0.0058660333913995557,0.089030644263617453 -0.010193771538143943 -0.10876790154009004 -0.15044326787645587 -0.12527546600945635 -0.10305859048811428,-0.046676230563866841 -1.2811519629772405 0.17597974330070373 -1.5465511715443665 -0.022552334948275906 0.036865094595895681,0.27107670546540263 -0.06492304773416363 -0.11790447452176503 -0.19164064587361651 -0.38824200314048596 -0.1500882874555835,45.130009439719558 -193.56948010757995 -95.038311248422019 -11.591924767565073 10.648377772571967 -0.0074319884960301601,1.852412326792205 -65.138934779325609 -33.816841696347637 -4.0897362871346559 4.1425206296758361 0.028363598201821105
ur,tetrapga,9.593563355,0.290830438,0.235515833,0.218759602,47.754934,55.587133,5.96936675,1,0,0,2.821865275,0.29557226,1,5,5,1,0 0 0.060000000000000005,0 0 0.050000000000000003,0 0 0.050000000000000003,wrist_3_link,-1,0,0 0 0,0 0 0,,-0.050731594541017062 -1.2719897670935478 0.18304635988649812 -1.5432317759388894 -0.018051441947867938 0.038958667329735165,0.026221141645318014 0.030298035221342515 0.015407586981150079 -0.013959251400343183 -0.044774394774614167 -0.013714385202541486,0.12060290097300483 -1.4436982220573529 0.082033850285718954 -1.5989382816667606 -0.12280273104816762 0.00070338860960685967,0.083968444783319898 -0.015982583515727799 -0.1138980460437409 -0.15172677607604926 -0.1224525305997541 -0.10458423995388716,-0.044828168364220641 -1.2806269069756362 0.17578719859240738 -1.547768849738117 -0.025137148971425115 0.035861677131406831,0.29437283709874817 -0.077527310482162562 -0.134483972690079 -0.20407533055438479 -0.3934282060250256 -0.15813925702734732,42.208424758996223 -191.65809660967713 -93.596373170553548 -11.438479629365723 10.663611672199547 -0.0050292480267293445,2.1263282644624155 -62.873270666783355 -32.813940336462792 -3.9891635510857668 3.8416715612310668 -0.011784449581554668
ur,tetrapga,9.649257292,0.300905207,0.23901376,0.222657771,42.06973,49.9204,5.25871625,1,0,0,2.986876332,0.304679162,1,5,5,1,0 0 0.060000000000000005,0 0 0.050000000000000003,0 0 0.050000000000000003,wrist_3_link,-1,0,0 0 0,0 0 0,,-0.049382203980697086 -1.2702665053519921 0.18394694826216812 -1.5438749253578359 -0.020158691077730037 0.038310254124471171,0.027212316986481605 0.034535981202563126 0.016392089940524664 -0.015169641242660369 -0.044623494039195806 -0.014673398530449322,0.12511756218960801 -1.4447686666510993 0.07553542210104891 -1.6074209283201453 -0.1295275065737504 -0.0051647886636767672,0.078126115567822327 -0.022454434224478632 -0.11942430020313846 -0.15283062967504868 -0.11898451953897715 -0.10611328781166413,-0.043687261945666689 -1.2785823368339457 0.17664330307010187 -1.5486255858018487 -0.02716004474573748 0.035066209163200586,0.28492691533413306 -0.068191283027593766 -0.14797911746821291 -0.2287771448502337 -0.40843878096701697 -0.17595152705904088,44.441793698451917 -197.99109384577585 -97.567410312951139 -11.919662126873332 10.902917188603354 -0.0083462999057435164,0.29073770573410229 -64.096482727768489 -33.398665581359523 -4.0311795462075679 4.1187606371657779 0.044863215591931294
ur,tetrapga,9.699285302,0.310371866,0.233837791,0.240814976,30.365162,38.440248,3.79564525,1,0,0,3.151730289,0.351568706,1,5,5,1,0 0 0.060000000000000005,0 0 0.050000000000000003,0 0 0.050000000000000003,wrist_3_link,-1,0,0 0 0,0 0 0,,-0.048261748572405776 -1.2685988196404814 0.18476718106341586 -1.5444899732766171 -0.022015293850164153 0.0377032812407418,0.0263024056326281 0.035466969107159532 0.013602148787084467 -0.020348883797247745 -0.053327697163799211 -0.018612790052635626,0.12889169006345058 -1.4460369951717227 0.069441065597977233 -1.6150851479057551 -0.13539644117891039 -0.010504315586039191,0.072732199781459256 -0.028245972795617923 -0.12417975887831326 -0.15351836959976484 -0.11559932848760658 -0.10732201023815975,-0.041056984595141816 -1.2793742731003555 0.17530598545919784 -1.5504745821199437 -0.030399902476078589 0.033657077823651037,0.32878466881560942 -0.098992033301212701 -0.16716470136300496 -0.23112453976188424 -0.40498221629263875 -0.17614141744369355,37.932484914699586 -189.43516293409652 -91.884055661903673 -11.236015714663489 10.617602590076482 -0.0022714304339642431,4.6811842979015523 -69.697362047932074 -36.122246371092956 -4.3825772697919092 4.1532834328006913 -0.026897019287133617
ur,tetrapga,9.737823863,0.31751535,0.245228266,0.251463525,41.937636,49.669733,5.2422045,1,0,0,3.228099854,0.331585025,1,5,5,1,0 0 0.060000000000000005,0 0 0.050000000000000003,0 0 0.050000000000000003,wrist_3_link,-1,0,0 0 0,0 0 0,,-0.047210975022935996 -1.2673463980141597 0.18528880992368107 -1.5451160831232884 -0.023706407490503512 0.037118645015136342,0.024102597929607839 0.029619957554547195 0.012860071225629226 -0.013495074810817487 -0.037129806290053267 -0.012762076809796368,0.13161314893866838 -1.4472111938194843 0.064587073650426652 -1.6210084808314167 -0.13979840841294094 -0.014656519388416334,0.068488352837528327 -0.032686907395477013 -0.12770258745188134 -0.15385060903462597 -0.11282101796371055 -0.10814533117082155,-0.040161725656504048 -1.2770417330871116 0.17638275117004834 -1.5511932904818551 -0.032091413099007968 0.032956599633800453,0.30421956819828999 -0.084303594788159283 -0.17736755065878754 -0.25729163888440687 -0.42061054616539378 -0.19573374846523928,41.969542585921232 -198.00278709920639 -97.9367691780988 -11.977961497779376 10.887165492285204 -0.0091212742925136057,-0.13777401493123875 -73.012936828498823 -37.719528778825293 -4.5549830324662253 4.562762691276447 0.039264752754618826
ur,tetrapga,9.787567543,0.32673306,0.220066858,0.259576644,30.347295,38.157341,3.793411875,1,0,0,3.417412991,0.382906419,1,5,5,1,0 0 0.060000000000000005,0 0 0.050000000000000003,0 0 0.050000000000000003,wrist_3_link,-1,0,0 0 0,0 0 0,,-0.045843985164262642 -1.2658417753401563 0.18582459299027901 -1.5460534794631828 -0.025955347371432767 0.036280283129557798,0.03560122241566574 0.032853888884874623 0.0057641186159826672 -0.030982018919727853 -0.068295199139659493 -0.026513430230273666,0.13488158941426581 -1.4489790549428851 0.058125360196565723 -1.6286670815615047 -0.14531700332203709 -0.020059665781538838,0.062903401532527492 -0.038384813429451908 -0.13206194305122546 -0.15402384524880564 -0.10902037988311278 -0.10906768975891663,-0.037408186308892671 -1.2779624590271399 0.17480233899528849 -1.5532689133943829 -0.035427707137770999 0.031389030556903973,0.34419241845142212 -0.11509074250353932 -0.19755152184498087 -0.25945286406597262 -0.41703675484537867 -0.19594613461206031,36.174382416869527 -189.23411519696501 -91.877262471100622 -11.234517529976825 10.575434785636331 -0.0023083719842931453,6.9216974314898607 -75.423159830715122 -38.936496606861624 -4.7003560589246263 4.4385459734033574 -0.036752188862976709
ur,tetrapga,9.825828824,0.333339796,0.2316012,0.258954319,36.278241,44.073893,4.534780125,1,0,0,3.52295301,0.324147744,1,5,5,1,0 0 0.060000000000000005,0 0 0.050000000000000003,0 0 0.050000000000000003,wrist_3_link,-1,0,0 0 0,0 0 0,,-0.044406355509890284 -1.2648034435647852 0.18601711025275389 -1.54702272037254 -0.028097484936835115 0.035447523937949518,0.033608718153187306 0.021811282462185784 0.0037724289672967353 -0.021213114066123018 -0.046541955099279941 -0.018178558829780478,0.13720490207104399 -1.4505310393514135 0.053010779537240184 -1.6345595631624301 -0.14942970128426428 -0.024244531757170541,0.058530380479229552 -0.042735745253562989 -0.13526635304138143 -0.15396037189221998 -0.10593624641671276 -0.10966849484578992,-0.038879402496737783 -1.2717657068853421 0.17880267094742558 -1.5526342351736855 -0.035363711420569835 0.03152114476039522,0.25348355158171154 -0.047844448672448955 -0.20088170957445067 -0.31105228627799708 -0.45013942290834663 -0.23714156087894037,50.329666654970751 -218.60168221640225 -110.49633751585881 -13.586084577270142 11.997429925536046 -0.017298868492604591,-0.037190353977223367 -75.45527904613391 -38.84314777796078 -4.6581415883883892 4.7113156555064606 0.055934263995865763
ur,tetrapga,9.869982289,0.341250327,0.237885039,0.239518771,30.279137,38.211912,3.784892125,1,0,0,3.620452141,0.447573123,1,5,5,1,0 0 0.060000000000000005,0 0 0.050000000000000003,0 0 0.050000000000000003,wrist_3_link,-1,0,0 0 0,0 0 0,,-0.042952444178640921 -1.263848086920639 0.18616581120767056 -1.5480062930217457 -0.030140496587614647 0.034611034369811479,0.030414150211253287 0.022401396300845179 0.0050102461385281745 -0.019477540061027053 -0.041195090028009834 -0.016798234144300081,0.13967639051211889 -1.4525280952758566 0.046959661700215226 -1.6413519655084836 -0.15402550128756951 -0.029099935897752987,0.053406112247769179 -0.047716299233154354 -0.13879844365113009 -0.15367398516016353 -0.10220780679655192 -0.11024336992304139,-0.036459104387471575 -1.2724102439311429 0.1769640981575813 -1.5551387911703007 -0.038919315107030887 0.029617170521173155,0.30253726365827638 -0.080567130725106392 -0.22982159873053506 -0.31306949957692026 -0.44445046080763118 -0.23799677990275828,43.82964418258338 -209.73922694934808 -101.84970244280811 -12.473751594343167 11.788584870659029 -0.0027902622479680787,-1.1514096100586642 -69.313457999945967 -35.927815710697473 -4.3267472169218308 4.3324179414429409 0.051811907840615845
ur,tetrapga,9.908268701,0.347538086,0.223464999,0.256681968,30.48941,38.511242,3.81117625,1,0,0,3.724002795,0.446263493,1,5,5,1,0 0 0.060000000000000005,0 0 0.050000000000000003,0 0 0.050000000000000003,wrist_3_link,-1,0,0 0 0,0 0 0,,-0.041331929754955143 -1.2630255892387503 0.1860737536521814 -1.5492401864255347 -0.032528758892658362 0.033593711492928446,0.03999306066748648 0.016710567645440776 -0.0028386275456623194 -0.027160839318747149 -0.052294076516336482 -0.022384614607028012,0.14163503350506493 -1.4544370179667272 0.041589320357636572 -1.6472278427979534 -0.15787445858095137 -0.033328628540228188,0.048899827830220489 -0.051995161658269458 -0.14171348946542223 -0.15324057934145544 -0.098831605766439901 -0.11063838757655724,-0.033728472218053106 -1.2733406970489489 0.17498147450375565 -1.5576630589028833 -0.042446075630036065 0.02771773997058569,0.34132902117730901 -0.11630663972575825 -0.24782795672820759 -0.31553346657280695 -0.44084506537564705 -0.23742881882343303,37.580222958788703 -199.83197390329937 -96.591922555865821 -11.792373868142441 11.065837475277768 -0.0024090957492913473,-0.29810511562700981 -74.835465689901866 -38.502295243259937 -4.596390639191668 4.6711900076282831 0.068934109971344526
ur,tetrapga,9.946887713,0.354999868,0.25454745,0.200967033,30.330783,38.288799,3.791347875,1,0,0,3.864733037,0.560497178,1,5,5,1,0 0 0.060000000000000005,0 0 0.050000000000000003,0 0 0.050000000000000003,wrist_3_link,-1,0,0 0 0,0 0 0,,-0.040271734605212287 -1.2621584128441852 0.18627487968012219 -1.5499743394432453 -0.033906303854848392 0.032960112429571795,0.021373315360171664 0.032208052982237577 0.012254836571777528 -0.016019054664101723 -0.032655707801750339 -0.014611789905180143,0.14343483806705978 -1.4565276911112859 0.036061994335200943 -1.653134601164326 -0.16162336534094135 -0.03760749358832205,0.044299557155298729 -0.056269147512206942 -0.14451134238840749 -0.15262927334202644 -0.095295003146426319 -0.1109388821465517,-0.030746409772432426 -1.2745447037009883 0.17287225991023664 -1.56020393560847 -0.04594746177763976 0.025821190085962419,0.37275780570258482 -0.15050083150491494 -0.26365182418987587 -0.31760958819835838 -0.43767326845046206 -0.2370687355779087,32.459811087100874 -189.84300301734297 -91.855936687946851 -11.207107840078761 10.450669240495825 -0.0022399110716716051,-3.5021159783101439 -57.101046660180145 -30.145054979393308 -3.6647966499140239 3.5821270876343192 0.045332551687927491
ur,tetrapga,9.985280221,0.362429744,0.243017636,0.243374279,30.401011,38.287241,3.800126375,1,0,0,4.036546076,0.585558075,1,5,5,1,0 0 0.060000000000000005,0 0 0.050000000000000003,0 0 0.050000000000000003,wrist_3_link,-1,0,0 0 0,0 0 0,,-0.039194082513961462 -1.2606551789744149 0.18656956962779533 -1.5511092626848433 -0.03597956494724025 0.031986773570904015,0.029058140685787916 0.040033812031044655 0.0085980385437517143 -0.027786718984567697 -0.051496754344467641 -0.024059672342264912,0.14504700566378109 -1.4587688368929836 0.030462765356687762 -1.6589799838491426 -0.16521245184175556 -0.041870882247291616,0.039675867172615398 -0.060471959933040782 -0.1471477076978609 -0.15184840602947863 -0.091652295464033001 -0.11113962292804669,-0.027557619029804178 -1.2760046492880426 0.17064554464192333 -1.5627579488686312 -0.049423858436468786 0.023927479721145707,0.39866160819653224 -0.18245561081385142 -0.27833025507099984 -0.31927827647038959 -0.43459851100226105 -0.23673113194417045,28.174853712342628 -180.04044438284825 -87.249630455054131 -10.647053483373211 9.8683299037207988 -0.0020766143147945967,-0.75415197225675001 -70.663953219925133 -36.506141888096749 -4.3600359584470425 4.4104198496645353 0.074212538934403938
ur,tetrapga,10.023664495,0.36915689,0.227448259,0.267274514,30.235464,38.218572,3.779433,1,0,0,4.240337931,0.502726747,1,5,5,1,0 0 0.060000000000000005,0 0 0.050000000000000003,0 0 0.050000000000000003,wrist_3_link,-1,0,0 0 0,0 0 0,,-0.037706101438135534 -1.2591840469424733 0.18656772739835414 -1.5526677569036746 -0.038660120932959501 0.03069169038058572,0.039180397477397502 0.032348299072738701 -0.0014120516893621968 -0.03639992773148 -0.062128152114554282 -0.030195149734491344,0.14648047292691085 -1.46116985735338 0.024766377655067284 -1.6647908365735975 -0.1686585943634295 -0.046139179925385188,0.035007160813421624 -0.064623718670039548 -0.14963585117764075 -0.15089551500079459 -0.087887710400237476 -0.11124225626852359,-0.024195183207319761 -1.2777005437217026 0.16830936118160739 -1.5653236554604186 -0.052876757033703571 0.022035978467500428,0.42036724317855334 -0.21194921663953969 -0.29201377907133574 -0.32073994292370195 -0.43166125330298066 -0.23645499304774076,24.503897336662799 -170.38812657569733 -82.706688483362626 -10.100269180255996 9.304238577904675 -0.0019204981740686472,0.33517884245773644 -78.339171738593905 -40.091177044489427 -4.7432643500651466 4.8639285527280833 0.09298294046773492
ur,tetrapga,10.061957311,0.375163151,0.210087402,0.277902359,36.191848,44.236199,4.523981,1,0,0,4.225862455,0.343186716,1,5,5,1,0 0 0.060000000000000005,0 0 0.050000000000000003,0 0 0.050000000000000003,wrist_3_link,-1,0,0 0 0,0 0 0,,-0.035914488247241347 -1.2582174312604928 0.18615029154651713 -1.5544254523597723 -0.04151002690058371 0.029274300963765664,0.050204877807818307 0.017883624794237739 -0.014110039015080485 -0.043825552350348261 -0.069597830842534125 -0.035059978210899366,0.14773114907399906 -1.4637229266322853 0.018991263464018197 -1.6705481199096823 -0.171950261217134 -0.050399355788836205,0.030307981602744307 -0.06871149197612908 -0.15196806574497762 -0.14977390850027142 -0.084013781746058294 -0.11124663413596288,-0.02778564447867814 -1.2686898709729986 0.17502397236990042 -1.5628900317451762 -0.050887671488761999 0.023364544442964534,0.28368028875930223 -0.091341641453661443 -0.27572717253615375 -0.37694803886021372 -0.46180940452661096 -0.28633307725460494,43.22706967119457 -220.89965151743917 -113.21008386981049 -14.043523795899873 12.286336529118827 -0.019683821335189117,0.80045186775976163 -81.846984377426452 -41.685353905074521 -4.898864454962677 5.0704257885987545 0.10792176376687479
ur,tetrapga,10.1062623,0.380953427,0.178343026,0.328147665,30.359179,38.073935,3.794897375,1,0,0,4.36770041,0.490527009,1,5,5,1,0 0 0.060000000000000005,0 0 0.050000000000000003,0 0 0.050000000000000003,wrist_3_link,-1,0,0 0 0,0 0 0,,-0.033290950642562919 -1.2578482648825275 0.18505429292620207 -1.5568008235141122 -0.045132485622337501 0.027415669689857158,0.063685911363660558 -0.00051394379437242808 -0.034410524902929208 -0.06692120033492284 -0.096850122983146672 -0.050705343052617022,0.14895264906292083 -1.4668706472922974 0.012202003343357625 -1.6771512429827082 -0.17557060298988181 -0.055326021851209613,0.024824772058478592 -0.07336830825217433 -0.15447591560271776 -0.14826409497431042 -0.079389458121750786 -0.11112925440842004,-0.025215804038066364 -1.2696828290689459 0.17254653337011336 -1.5659172258360106 -0.054528938231462709 0.02106858715732951,0.32126143776047217 -0.12410096820944379 -0.30967529823930157 -0.37841257082939717 -0.45518280716190462 -0.28700332887541807,38.856759649498656 -211.37790160468134 -102.91247260685574 -12.599728101842004 11.770586537871903 -0.0029716922379482849,15.299056615572397 -88.253643332260253 -49.22214974212136 -13.798643097970853 -1.9384293606516536 -3.6730235296643343
ur,tetrapga,10.14444493,0.385218736,0.183498142,0.267963448,42.054774,49.981734,5.25684675,1,0,0,4.451815607,0.380625615,1,5,5,1,0 0 0.060000000000000005,0 0 0.050000000000000003,0 0 0.050000000000000003,wrist_3_link,-1,0,0 0 0,0 0 0,,-0.030719300583580567 -1.2582405544915409 0.18365607883999463 -1.5589345238258321 -0.048229513935744213 0.025783711723621591,0.066320726358808563 -0.020424593499079866 -0.039424114065290797 -0.050536540056072242 -0.070553520823230298 -0.038051710471729935,0.14980973651844698 -1.4697475843345749 0.0062651347909574492 -1.6827845828468482 -0.17852390956510389 -0.059565593993503967,0.020064336027357185 -0.077314465737592694 -0.15647032541015618 -0.14678143392377435 -0.075286498972687188 -0.1109225596002094,-0.024197377260449786 -1.2677391788827532 0.17278831551619453 -1.5673546121701045 -0.056637271024262428 0.019825871092559878,0.29931115126239155 -0.11460071193184501 -0.31694709512308183 -0.39789271168615792 -0.46041695658440518 -0.30269365192111231,41.097394286655927 -219.74739150115849 -109.50574912464751 -13.502438285996902 12.177232122564837 -0.011544000774484368,-0.35367857810263104 -78.971553721328746 -40.194517151109039 -4.7017741133358868 4.8568011440712553 0.11720067040857884
ur,tetrapga,10.19450277,0.393473514,0.213791677,0.201283565,30.47389,38.375618,3.80923625,1,0,0,4.661492783,0.62624379,1,5,5,1,0 0 0.060000000000000005,0 0 0.050000000000000003,0 0 0.050000000000000003,wrist_3_link,-1,0,0 0 0,0 0 0,,-0.028819199782255566 -1.2586112356398877 0.18274085920768243 -1.5603616038155803 -0.050067831033929693 0.024678966280751415,0.033266430833125554 0.015712361318137566 -0.016295444028101791 -0.045346806315202194 -0.062502126509218506 -0.036462239119505552,0.15065705031566823 -1.4737452302302227 -0.001628048656820349 -1.6900783633262142 -0.1821547437003381 -0.065108349921041864,0.013781897884486848 -0.082386887605816098 -0.1588467951959103 -0.14458512658922787 -0.069749957888393277 -0.11050350097512492,-0.021543016125376221 -1.2689462872167583 0.1700412173995268 -1.5705574196241991 -0.060283254344213541 0.017409137993489011,0.33181867889719641 -0.15087444641267317 -0.34338383203290829 -0.40036091386817874 -0.45576626323712549 -0.30209813851213879,36.214332302290217 -209.34294829595785 -101.41550369659845 -12.391475858747448 11.503726290851178 -0.0027865689670038252,2.3859337581025812 -55.999293926480277 -30.192534821297272 -3.734096258426689 3.2315862623632796 -0.080305339504889162
ur,tetrapga,10.232982949,0.400357065,0.240551611,0.222221111,30.286306,38.065189,3.78578825,1,0,0,4.829224711,0.71120175,1,5,5,1,0 0 0.060000000000000005,0 0 0.050000000000000003,0 0 0.050000000000000003,wrist_3_link,-1,0,0 0 0,0 0 0,,-0.027554641021679923 -1.2577842471402327 0.18241218664237885 -1.5617613355487223 -0.052062669057567651 0.023532770501050456,0.028152086005408802 0.024801884150070067 -0.0029905317710926865 -0.030049789713469468 -0.044298958693473417 -0.025020687330376642,0.15109401952984444 -1.4769891577463208 -0.0077725841813042606 -1.6956063622393172 -0.18475493437473811 -0.069352468210801779,0.0089261170777394407 -0.086203229686402788 -0.16048702495980105 -0.14270375098777577 -0.06537814322270695 -0.11006721577598028,-0.018672851937089997 -1.2704480950171553 0.1671481896913872 -1.5737742727155428 -0.063898128924228567 0.01499737652231764,0.35879406054877871 -0.18771187971165804 -0.36162503096688869 -0.4021166185242932 -0.45187767074511359 -0.30147668502470176,31.719593253589412 -198.24138816512175 -95.695165210793448 -11.677202647450013 10.768630527942628 -0.002425807139070688,-2.2021806558280588 -64.392348571184812 -33.333166701784535 -4.0063055226992219 3.9126757867850159 0.077314115548254847
ur,tetrapga,10.271120476,0.407602674,0.249912589,0.226745685,30.360873,38.248537,3.795109125,1,0,0,5.028084823,0.773944825,1,5,5,1,0 0 0.060000000000000005,0 0 0.050000000000000003,0 0 0.050000000000000003,wrist_3_link,-1,0,0 0 0,0 0 0,,-0.026431917381986528 -1.2565556662933552 0.18232746453520102 -1.5631206523442085 -0.054038605276531995 0.022395279328878692,0.026372946896599653 0.035320771633538896 0.0022833287048997859 -0.030594944449827233 -0.046009589657864662 -0.026088961081302819,0.151342380217376 -1.4803476691230515 -0.013921582840916128 -1.7010105653628123 -0.18716416531047445 -0.073540359335303798,0.0040957712311054228 -0.089910298525255325 -0.16195035270892424 -0.14067525679344994 -0.060950968989040115 -0.10953706954886311,-0.015619427426897167 -1.2722251771550943 0.16412682304270906 -1.5770022234687948 -0.067484732157176444 0.012589866803176732,0.38170160078710402 -0.2221211719043806 -0.37766739853420767 -0.4035038262628306 -0.44834375236172275 -0.30094521602089402,27.827605376474601 -187.20576678959594 -90.396893856024363 -11.035248126690298 10.109352690902581 -0.0022127418117594694,-1.8605995438640974 -65.858592493339529 -34.011852790189664 -4.0858333528713047 3.987603388134886 0.080586079793199872
ur,tetrapga,10.309475914,0.414465597,0.236076006,0.260759227,30.377671,38.05995,3.797208875,1,0,0,5.261280093,0.714461293,1,5,5,1,0 0 0.060000000000000005,0 0 0.050000000000000003,0 0 0.050000000000000003,wrist_3_link,-1,0,0 0 0,0 0 0,,-0.025156181925420677 -1.2551948945823832 0.18204043066443321 -1.5648624720878139 -0.056487254060280219 0.020959587308992184,0.035951502581275552 0.033147959223256959 -0.0082655063326426605 -0.043734425934243058 -0.061145109337462054 -0.036048891513980857,0.1514060888891991 -1.4838664559801367 -0.020158853084450198 -1.7063644989403204 -0.18941513350242223 -0.077729912164660492,-0.00077563801685852959 -0.093559207016257792 -0.16325719671212169 -0.13847236585063558 -0.056408525920331541 -0.10890598045057981,-0.012408210744535464 -1.2742548035195329 0.16098826146456036 -1.5802391954654087 -0.071044421614208778 0.010186388744983238,0.40144873574977968 -0.25367880553644528 -0.39231975920307216 -0.40464328797593718 -0.44499798134616508 -0.30045461160186937,24.394190701307821 -176.38701199133521 -85.241637467225488 -10.415995753856373 9.476999959951403 -0.0020193851308117194,0.15193721194694376 -76.827614543748496 -39.113884003208454 -4.6213308216056248 4.6448314166427167 0.11109430858629565
ur,tetrapga,10.347606942,0.420318424,0.218362801,0.277569164,36.118081,44.053099,4.514760125,1,0,0,5.286303242,0.549340636,1,5,5,1,0 0 0.060000000000000005,0 0 0.050000000000000003,0 0 0.050000000000000003,wrist_3_link,-1,0,0 0 0,0 0 0,,-0.023452089463213321 -1.2541133781099623 0.18127609719898247 -1.5670737906432164 -0.059439529412456817 0.019178192968383908,0.045967450190957826 0.01887778097141429 -0.022779997962006741 -0.053118702274691725 -0.069255027280626963 -0.042448792094407113,0.1512840304921112 -1.4875018200026193 -0.02640615804909139 -1.7116002931549597 -0.19147859752588089 -0.081869104560472236,-0.0056275425215043728 -0.097104254668061885 -0.16439081879189946 -0.136122414386291 -0.051807985807785277 -0.10818156210172612,-0.01583123516569547 -1.2650406091934101 0.16829967245743616 -1.5772433253206082 -0.068909668934611257 0.011907492702872514,0.26239512977819718 -0.1070493302727861 -0.35406437437291982 -0.44836989489330786 -0.45848676947912714 -0.34686350709509872,41.19227304367179 -238.23344660800097 -123.03820771723764 -15.38945320530455 13.411064258132487 -0.022593752950446702,0.95625270860051614 -82.349439303260624 -41.635374560231412 -4.8733537074740525 4.9609247288862406 0.1307265972148528
ur,tetrapga,10.391730516,0.426006567,0.20020363,0.276517428,30.346621,38.264575,3.793327625,1,0,0,5.447334597,0.683444196,1,5,5,1,0 0 0.060000000000000005,0 0 0.050000000000000003,0 0 0.050000000000000003,wrist_3_link,-1,0,0 0 0,0 0 0,,-0.02110358676973571 -1.2537184082593691 0.17974586315191465 -1.5698701975254137 -0.062954922958758486 0.016982696088965993,0.053919639762275519 -0.0036160136650454193 -0.038427541951373725 -0.057572297905520396 -0.069703608883950774 -0.044601479047318558,0.1509117493245786 -1.4918749723626492 -0.033684842900098141 -1.7175429461699177 -0.19364529790025711 -0.086621788956252041,-0.011247394948158046 -0.10109908378228495 -0.16549453350169685 -0.13320681615292407 -0.046385445836968846 -0.10722307923693541,-0.013500471555834379 -1.2661938525565111 0.1651402927532945 -1.5808530003531647 -0.072525064010876883 0.0091436358908415574,0.29140557781638199 -0.14412795979850204 -0.39492984997152836 -0.45124435012289366 -0.45197495518432446 -0.34551350084281063,37.755012044826209 -227.56298838707761 -110.66490033357793 -13.528943734244653 12.480022138723658 -0.003411310701812496,0.54142330252496151 -82.207231427829356 -41.477614263276678 -4.8362770398980501 4.9194050232278244 0.13736531449692535
ur,tetrapga,10.430062347,0.429699739,0.1858137,0.269871807,30.228315,37.914939,3.778539375,1,0,0,5.605181402,0.542508141,1,5,5,1,0 0 0.060000000000000005,0 0 0.050000000000000003,0 0 0.050000000000000003,wrist_3_link,-1,0,0 0 0,0 0 0,,-0.018592473253356938 -1.254176615312864 0.17773627656305263 -1.5726695662238257 -0.066290887784945504 0.014833603605779228,0.06209568612585073 -0.023818073719155491 -0.052744947667095594 -0.062365325883905039 -0.071230990500614294 -0.0471845768198597,0.15038704139125234 -1.4958152276159347 -0.040043970742574833 -1.7225977301909587 -0.19533173735058626 -0.090714199348489025,-0.016129291762311267 -0.10447208860260201 -0.16627061636577728 -0.13050550167597602 -0.041594132895967063 -0.10628626454808072,-0.010974336966635965 -1.2676810048511338 0.16180003353661138 -1.5844776890541354 -0.076102067021141306 0.0063852549680430337,0.31582695023354684 -0.18586657623873279 -0.41753978903921163 -0.45312105867469132 -0.44717594693417168 -0.34482901468875649,33.611930523875678 -215.27124968786725 -103.66996308910419 -12.635881937856713 11.579336778983297 -0.0028139951625350762,0.034429850710431253 -80.320277587870805 -40.480771053261833 -4.6974165302417532 4.7853550568370906 0.14536967684156821
ur,tetrapga,10.468069856,0.435627519,0.233362566,0.15873051,30.434039,38.558755,3.804254875,1,0,0,5.797374402,0.713045499,1,5,5,1,0 0 0.060000000000000005,0 0 0.050000000000000003,0 0 0.050000000000000003,wrist_3_link,-1,0,0 0 0,0 0 0,,-0.017143142791401462 -1.2547591521290393 0.17669400166453181 -1.5738892523741352 -0.067533732802041252 0.013889391332500828,0.026560598966133758 -0.0016922726335381851 -0.01494759744977886 -0.025051580735561501 -0.026964723040190704 -0.020125845186312614,0.14968208797848706 -1.4998480397906755 -0.046375449116930388 -1.7275046039469606 -0.19682124807475021 -0.094734716224253057,-0.020965018016696708 -0.10772353624207216 -0.16687111107436395 -0.12767495794461453 -0.036774709963822955 -0.10526236359750862,-0.0082779508436752643 -1.2694840675138801 0.15831063757424896 -1.5881125891261894 -0.079645771752535288 0.003631780423365147,0.33710839195383313 -0.2253553722541666 -0.43618188224912524 -0.45439748006009462 -0.44301366207536913 -0.34421571742367696,29.927450490527033 -202.87822431358916 -97.586150744433809 -11.895987228219679 10.830960552760605 -0.0025224423655642063,-6.2710094323400085 -44.789405076442563 -23.809576496354907 -2.9267279261493968 2.5999877210657587 0.062621592823720817
ur,tetrapga,10.506734081,0.442099616,0.235830401,0.215481702,30.287402,38.073416,3.78592525,1,0,0,6.029846381,0.784517519,1,5,5,1,0 0 0.060000000000000005,0 0 0.050000000000000003,0 0 0.050000000000000003,wrist_3_link,-1,0,0 0 0,0 0 0,,-0.0159785922714204 -1.2541937232077616 0.17594634245781315 -1.5755879056969258 -0.069482947463338038 0.012510395933248212,0.029798304706959634 0.020688714819049839 -0.015291534697436111 -0.041599454745481011 -0.048997784577998742 -0.034185238928845334,0.14877653659935977 -1.5040754528740272 -0.052836408126083582 -1.7323829303530491 -0.19814728210608526 -0.098782916033306328,-0.025874837971847843 -0.11093274790246709 -0.16730824549433124 -0.12464275839675377 -0.031807125458262669 -0.10412435817496223,-0.0054311082095437127 -1.2715771691296378 0.15468717094369716 -1.5917552789835818 -0.083158261575321968 0.000883117325398277,0.35593425187757211 -0.261603924569206 -0.45294714672280806 -0.45538609342468139 -0.43912972236919146 -0.34362644108783397,26.58578724217751 -190.71462626269599 -91.744302820290841 -11.19414452864304 10.123576512699708 -0.0022892299085074839,-2.2656366486949793 -63.011512687147842 -32.322255290899193 -3.8455301082649385 3.7030240789177924 0.10563472051465084
ur,tetrapga,10.544883576,0.447903545,0.229233614,0.250480817,37.202259,45.249148,4.650282375,1,0,0,6.140289089,0.709905119,1,5,5,1,0 0 0.060000000000000005,0 0 0.050000000000000003,0 0 0.050000000000000003,wrist_3_link,-1,0,0 0 0,0 0 0,,-0.014554360319687003 -1.2532501464367314 0.17496160659937796 -1.5778761522675373 -0.072132911708972028 0.010653256070636675,0.036724452000399033 0.02061088407612971 -0.024378731390983569 -0.053430144510720694 -0.061429077984899362 -0.043334852111909718,0.14769723009277541 -1.5083662860356934 -0.059224614319713452 -1.7370785563179207 -0.19926626825510182 -0.10273228300491986,-0.030705516807118059 -0.11399870303755336 -0.16756695784730102 -0.12150269881118277 -0.02684679038074805 -0.10290693178796112,-0.0081671497416555029 -1.2632908689522198 0.16162449769977416 -1.5886908950029555 -0.081154461606178188 0.0027032223727234675,0.22824273576856979 -0.10963292356610159 -0.39999536868257157 -0.48442698468175094 -0.43864889208021285 -0.38314569213221605,40.719831624229627 -254.82887579620603 -131.74522418960646 -16.534383095042461 14.389953418515919 -0.024233275582705043,-0.35833901011071134 -74.304928706305873 -37.572122546430592 -4.4032368371745179 4.3586489832126745 0.13362861475816246
ur,tetrapga,10.590216363,0.454051351,0.21290961,0.349661747,30.375584,38.483368,3.796948,1,0,0,6.310645449,0.814104804,1,5,5,1,0 0 0.060000000000000005,0 0 0.050000000000000003,0 0 0.050000000000000003,wrist_3_link,-1,0,0 0 0,0 0 0,,-0.012651791718566426 -1.2525565710697393 0.17335763238335417 -1.5808514022504148 -0.075462928064394322 0.0082755631669539382,0.048676461285702369 0.010661487869961635 -0.048697844492764424 -0.088880319243639219 -0.096153819058007919 -0.069367789864932139,0.14617558291796529 -1.5136142624921951 -0.066823705947604006 -1.7424985495900553 -0.20034841414331461 -0.10736230165061941,-0.03642192098041077 -0.11750779303541863 -0.16765053603517113 -0.11758398871729442 -0.020883743885022388 -0.10133926266300555,-0.0061587438066004075 -1.2645028243251937 0.15805892961781198 -1.592599420263765 -0.084612259798299311 -0.00033880777482061088,0.25110899683539306 -0.15147232026872046 -0.44571133397646573 -0.48860723051362587 -0.4322776596363439 -0.38028904719230949,37.768581778042929 -243.09097225225901 -117.96780174964363 -14.396452532438101 13.160710014321678 -0.0037960909506522776,13.140109676651935 -88.584722730492103 -52.449262073347882 -17.380843502503012 -2.4108767504163211 -5.3506668297767197
ur,tetrapga,10.628810459,0.45802413,0.201312917,0.266554441,30.96031,39.279258,3.87003875,1,0,0,6.470087751,0.703552498,1,5,5,1,0 0 0.060000000000000005,0 0 0.050000000000000003,0 0 0.050000000000000003,wrist_3_link,-1,0,0 0 0,0 0 0,,-0.010563785893413691 -1.252615253456226 0.17129634193714466 -1.5838345967532501 -0.078656063843304438 0.0059306280954118462,0.050940769927468911 -0.01345730359104122 -0.052662076268497005 -0.066060706254483278 -0.067956246016084673 -0.051249048722691017,0.14467640962419115 -1.5182050894836532 -0.073292260552625541 -1.7469696515353521 -0.20105557198222523 -0.11124596766601996,-0.041262993091493838 -0.12037684207967629 -0.16752950977771511 -0.11409104153853127 -0.015754642258001779 -0.099902116667833621,-0.0039909552696354052 -1.2660886948740857 0.15429037708834109 -1.5965211659107326 -0.08802570908509591 -0.003376251937140971,0.2710493866914177 -0.19820765158854303 -0.47109371218975571 -0.49027635396325131 -0.42675175174232705 -0.37972963141163718,34.219433490437531 -229.47949038861915 -110.17764991356415 -13.404600931176169 12.183717647488979 -0.003126858529474222,0.29395144635599735 -79.873522353845146 -39.98316608912512 -4.6273295657947529 4.6275742190668154 0.15792335723791129
ur,tetrapga,10.668189142,0.464251684,0.241214528,0.168762176,32.660282,40.527945,4.08253525,1,0,0,6.676641358,0.893151226,1,5,5,1,0 0 0.060000000000000005,0 0 0.050000000000000003,0 0 0.050000000000000003,wrist_3_link,-1,0,0 0 0,0 0 0,,-0.0092875424544612197 -1.2529015096838629 0.17026374787947668 -1.5851820406853769 -0.079917931043313781 0.0048481776023550889,0.022452310515627301 0.0054031164583558371 -0.013178229214334312 -0.026081848807770362 -0.026015641813423966 -0.021781057984500675,0.1429547423396412 -1.5230011216643287 -0.079883931955706811 -1.7513898555343441 -0.20157220417973795 -0.11514953487880973,-0.046173289580000734 -0.12318864340670463 -0.16722348330966483 -0.11038216232203904 -0.010477696623024555 -0.098339690009463576,-0.0016787845896202294 -1.2680271847918645 0.15035517346335825 -1.600451052042458 -0.091400693803328645 -0.0064090128652247317,0.28911981573026624 -0.2422806947843866 -0.49193867345544262 -0.49131670212985235 -0.42196708308957465 -0.37916310232929068,30.930261104459948 -215.79029203691957 -103.41825977969268 -12.584595403346436 11.369474830937264 -0.0027898318120961403,-5.2380701176920752 -48.530468999374534 -25.314326430083156 -3.1113500343262785 2.6931179068888582 0.067651873357002401
ur,tetrapga,10.708830932,0.470936209,0.243736896,0.222664109,36.086481,44.219946,4.510810125,1,0,0,6.933562682,0.952817363,1,5,5,1,0 0 0.060000000000000005,0 0 0.050000000000000003,0 0 0.050000000000000003,wrist_3_link,-1,0,0 0 0,0 0 0,,-0.0082307110554868078 -1.2520997803494951 0.16937923179256309 -1.5871371572530177 -0.081935869847923962 0.0032254667324092883,0.024359944029870462 0.022840906565098514 -0.017474753523964208 -0.043217125541014194 -0.04544899622407661 -0.036190399276824374,0.1409757926539987 -1.5280645837866298 -0.08667050907025356 -1.7557956669984742 -0.20188668154199241 -0.11911176846462054,-0.051205172531074893 -0.12596496202572768 -0.16671413917781566 -0.10640473860233619 -0.0049916721577004195 -0.096626623154267663,0.00076548657218771052 -1.2702886105390196 0.1462707701058456 -1.6043870135832821 -0.094739777747645831 -0.0094368700734826887,0.30566158922832154 -0.28264325197786067 -0.51060826922721636 -0.49210733044100174 -0.41751039360908904 -0.37857589191360241,27.82970170120937 -202.37047790547962 -96.943163149059231 -11.807480766630242 10.598956243889534 -0.0025242249402349752,-1.6606901852472369 -65.877535499822443 -33.399616390062988 -3.9740434300847483 3.7286744109310348 0.11175845635244563
ur,tetrapga,10.753129354,0.477549936,0.235107482,0.252516906,38.608147,48.443784,4.826018375,1,0,0,7.122020483,0.828264092,1,5,5,1,0 0 0.060000000000000005,0 0 0.050000000000000003,0 0 0.050000000000000003,wrist_3_link,-1,0,0 0 0,0 0 0,,-0.0069137559887958644 -1.2510656150392989 0.16803590392297552 -1.5898354303734117 -0.084698164102272211 0.0010030390824988121,0.029234445652849255 0.017385130817523214 -0.029455237297522981 -0.054164481344615552 -0.054604505956284785 -0.04446470365499669,0.13858686339549467 -1.5337089357179947 -0.094039289768173856 -1.760410120187015 -0.20197464475748728 -0.12334871629698413,-0.056642208974371666 -0.12884186698631944 -0.16593515209637283 -0.1019013674758554 0.0010262556784080446 -0.094644723843015602,-0.0015545466348674524 -1.2616597638175699 0.15360830181510357 -1.6011618095938518 -0.09293670210899771 -0.0075118382117983565,0.19003114644294422 -0.12281190370302647 -0.44317241501251947 -0.50640082108908402 -0.40229922077443736 -0.41192975225968093,39.283039117578461 -270.88494431278878 -139.96461503779997 -17.604723978105746 15.294827267374913 -0.025341891021800976,0.036248921507080922 -75.595918555141907 -37.877535843792089 -4.4452869676542832 4.2802045409806908 0.13708608644563469
ur,tetrapga,10.801651328,0.483231923,0.22327442,0.310037868,30.379859,38.21139,3.797482375,1,0,0,7.326420102,0.866785175,1,5,5,1,0 0 0.060000000000000005,0 0 0.050000000000000003,0 0 0.050000000000000003,wrist_3_link,-1,0,0 0 0,0 0 0,,-0.0050693751340481381 -1.2505353324313553 0.16568247449457282 -1.5935350992342445 -0.088315307222012654 -0.0019865605257091321,0.04359642931652017 0.0043454235438311513 -0.064493056654396683 -0.093685512289072834 -0.090775869773786724 -0.075384250072888626,0.13569526530933729 -1.5400333869946687 -0.10206473021616883 -1.7652309907594592 -0.20176418831390872 -0.12788568666826244,-0.062533004280839771 -0.13180979868880871 -0.1648144225365909 -0.096774107321229055 0.0076537682083958093 -0.09233877810392388,8.5994004462150529e-05 -1.2630168182322343 0.14966139019511077 -1.6052560919280563 -0.096105590723686282 -0.010770770484675313,0.20517431338819894 -0.16961096830159852 -0.49342707133124891 -0.51189167361028753 -0.39622068893688289 -0.40745480184219895,37.089352560445491 -257.9615687430782 -124.89978485411615 -15.208325075662916 13.759436296085209 -0.0041655623836692338,7.805542284447486 -91.153535667575852 -46.505680177872989 -5.526319430255171 5.1072396142341745 -0.02251764158616254
ur,tetrapga,10.839948997,0.487036538,0.206249785,0.259945256,36.050848,44.052449,4.506356,1,0,0,7.487925095,0.768322534,1,5,5,1,0 0 0.060000000000000005,0 0 0.050000000000000003,0 0 0.050000000000000003,wrist_3_link,-1,0,0 0 0,0 0 0,,-0.0034542485553172614 -1.2508950880996066 0.16340215286050958 -1.5963833585824432 -0.090952023306334479 -0.0042485160181979301,0.041464695708351477 -0.020809848024777693 -0.060759282932734048 -0.067231740404455231 -0.059623468976011423 -0.05267925031714793,0.13321222563618429 -1.5451239939223893 -0.10835658273895948 -1.7688574498799283 -0.20137057654007845 -0.13138559131491767,-0.06712929059788364 -0.13401381228808551 -0.16373294541563718 -0.092588669664532761 0.012903873677965279 -0.090420713702685798,0.0018400499474167994 -1.26478782403793 0.14548980417597407 -1.6093615687529566 -0.099225088380404836 -0.01402586347261761,0.21939451929660295 -0.22135482762736214 -0.521539885751508 -0.51333042125105011 -0.39008195795519673 -0.40700725996031556,34.300515156142055 -242.995864368599 -116.31653432169443 -14.119154636307664 12.716103952318951 -0.0034328136671085792,0.44821197770756438 -78.538418597946475 -38.991788397076618 -4.5096254185691578 4.3909457248430215 0.16236413813485839
ur,tetrapga,10.884077264,0.493468386,0.235927643,0.309551663,36.081674,44.010474,4.51020925,1,0,0,7.750535073,0.98018493,1,5,5,1,0 0 0.060000000000000005,0 0 0.050000000000000003,0 0 0.050000000000000003,wrist_3_link,-1,0,0 0 0,0 0 0,,-0.0022215910615052217 -1.251441197671453 0.16198484116388026 -1.597981921986352 -0.092212938830087507 -0.0055504231830570232,0.021171451831973963 0.010304239479272937 -0.027730826304131873 -0.05631067556438607 -0.048555694467765191 -0.046261308489288624,0.13013422671954866 -1.5510910225919632 -0.11555044897736753 -1.7728341653088293 -0.20066742852314118 -0.13532502598731422,-0.072361134972452126 -0.13639847913325512 -0.16227231385582669 -0.087620162606478369 0.018966127342162936 -0.088105402938824587,0.0037046179753299621 -1.2669476777994659 0.1411341354287266 -1.6134732030868877 -0.1023011366269608 -0.017276807317457669,0.23322530901079438 -0.26996182615585917 -0.54456743392930873 -0.51412401068284108 -0.38467152497016022 -0.40650642509934043,31.517264492254828 -227.97495213118796 -108.86846951752941 -13.21821101396616 11.842061027323316 -0.0030517302733291318,2.2201766154864226 -53.127493544733625 -38.088135818739829 -17.334893137676772 -3.8818195104624067 -6.4543162996060648
ur,tetrapga,10.928169688,0.500428669,0.250682727,0.21698797,36.244994,44.057254,4.53062425,1,0,0,8.036318458,1.032743218,1,5,5,1,0 0 0.060000000000000005,0 0 0.050000000000000003,0 0 0.050000000000000003,wrist_3_link,-1,0,0 0 0,0 0 0,,-0.0013165086312013747 -1.2506486743100595 0.16086343447820267 -1.600092486755671 -0.094118078192597973 -0.0073459623928639152,0.017625438869198221 0.020772494432614804 -0.018713379386843317 -0.040467579980322688 -0.03742585540739618 -0.034774399030580889,0.12682976208720312 -1.5571545947065497 -0.12266905811162582 -1.7765853374360203 -0.19969750973314454 -0.13915677238206461,-0.077513974585462109 -0.13861228518863566 -0.16058467708382229 -0.082505831212498146 0.025028845995734801 -0.085681612154733994,0.0023109583370408016 -1.2597866247906884 0.14739606185066478 -1.611157186479121 -0.10107249280302159 -0.015584097183533936,0.13971122971168093 -0.1235489638492753 -0.45041920263372487 -0.54690823143841572 -0.35796853383485461 -0.4091841275517758,39.791190080802501 -292.47630503036549 -150 -18.963933646359795 16.481287042846738 -0.02653364867937329,-1.6664025760704617 -64.77923577088859 -32.548195544847317 -3.8908085471493905 3.5000246944749733 0.10740397312909167
ur,tetrapga,10.972313207,0.506567433,0.247929607,0.349160597,36.125784,44.227401,4.515723,1,0,0,8.181624016,1.109952708,1,5,5,1,0 0 0.060000000000000005,0 0 0.050000000000000003,0 0 0.050000000000000003,wrist_3_link,-1,0,0 0 0,0 0 0,,-0.00028704244518236303 -1.2496486063754422 0.1592490569823945 -1.6029755982575302 -0.096712440803538871 -0.0097741162023776383,0.02443264085114424 0.020435514612328679 -0.045812970745354453 -0.084311831310060134 -0.074215868354595788 -0.0694488414307078,0.12329563962662475 -1.5633191834164373 -0.12971636173696685 -1.7801117718238368 -0.1984587243716944 -0.14288350822571108,-0.082591621330919102 -0.14065627573631781 -0.15866814617644798 -0.077242144998378365 0.031095215573329598 -0.083146908536309336,0.0035042259697658593 -1.2611590282598484 0.14322824178515858 -1.6153048270722157 -0.10389109962534164 -0.019003353992234615,0.14928331835463773 -0.17154889563586009 -0.5210904260741045 -0.51861222128538065 -0.35246647604023945 -0.42753691528941823,38.103231042558022 -278.1348974964074 -135.01260977038044 -16.299044618908756 14.651384998500717 -0.0046060967168010461,8.6054838945327283 -84.482283296803871 -52.374089596808574 -18.760932881913504 -2.0869411861802121 -6.3671730161266886
ur,tetrapga,11.016621694,0.511779098,0.229032908,0.257760635,36.236535,44.015038,4.529566875,1,0,0,8.381538561,1.027038095,1,5,5,1,0 0 0.060000000000000005,0 0 0.050000000000000003,0 0 0.050000000000000003,wrist_3_link,-1,0,0 0 0,0 0 0,,0.00090084558838630598 -1.2492860167921449 0.15705191197928134 -1.6060892595840339 -0.099388209791474683 -0.012355585994535234,0.02630514556033331 -0.0035709167996793626 -0.049337214167223281 -0.061030115761567964 -0.05020863364540528 -0.049966905095236477,0.11952482938105995 -1.5695936506458097 -0.1366999058888029 -1.7834146564739941 -0.19694625387898265 -0.14650929236061308,-0.087600308932467896 -0.14253140977610051 -0.15651797981707613 -0.071821364115876599 0.037172014817258028 -0.080496504755018294,0.0047743487781144005 -1.2629926036550028 0.13879806014238122 -1.6194663395142466 -0.1066559320603111 -0.022417282254352258,0.15892347213598032 -0.22920529273161958 -0.55393311346096119 -0.52040249541586781 -0.34578720428130338 -0.42691743450493402,35.915651728480853 -261.97645461062638 -125.17480869437063 -15.158892615252247 13.580566395450422 -0.0038777478378315671,0.86528425900091754 -78.338457667424336 -38.664095200596591 -4.5025336680600958 4.2471707488462016 0.15399717318442896
ur,tetrapga,11.060737151,0.518854194,0.257352301,0.320518357,36.348929,44.081516,4.543616125,1,0,0,8.630952362,1.273171396,1,5,5,1,0 0 0.060000000000000005,0 0 0.050000000000000003,0 0 0.050000000000000003,wrist_3_link,-1,0,0 0 0,0 0 0,,0.0017393461289679354 -1.2490232613683545 0.15617857574246824 -1.6076365926238056 -0.10049373866965779 -0.013569491865570493,0.015392685779451706 0.023593290550545293 -0.02206631078111989 -0.058761436057766868 -0.046498620820593785 -0.048097483088715212,0.11555201408905312 -1.5759193925250965 -0.14355343710075535 -1.7864616409143494 -0.19517330676033817 -0.15000032473291319,-0.092493508481328937 -0.14421988488865278 -0.15415392703441025 -0.066294480174577008 0.043201356278887069 -0.077754571670289749,0.0061282115409105496 -1.2652628544756417 0.13415934796364445 -1.6236339750027771 -0.10937409018668694 -0.025826298806434764,0.16943241324194597 -0.28380617309927036 -0.58006536251135654 -0.52124383046502143 -0.34000805310783044 -0.42636590742005709,33.563553992071895 -245.63911756889036 -116.97544842149141 -14.164509885016049 12.636714517350917 -0.0034260527082706285,2.0089679701296692 -61.632421254121255 -42.615591992056693 -17.94902800406544 -2.8008386787004156 -6.7733887611560029
ur,tetrapga,11.104926117,0.525802195,0.258855176,0.232040127,36.073613,43.828017,4.509201625,1,0,0,8.928811584,1.293916406,1,5,5,1,0 0 0.060000000000000005,0 0 0.050000000000000003,0 0 0.050000000000000003,wrist_3_link,-1,0,0 0 0,0 0 0,,0.0023705931672741293 -1.2479197862667446 0.15512591271151185 -1.6098496823226789 -0.10227510618603537 -0.015438426035519972,0.012361784961633319 0.023590776137027685 -0.019417200905830458 -0.042693104057778375 -0.034623847928096745 -0.036196588361963516,0.1113583538773967 -1.582326358006493 -0.15030894942744069 -1.7892665396517031 -0.19313137840228378 -0.15337368405620538,-0.097295119655886553 -0.14573002342304439 -0.15156507102684344 -0.060635886991715855 0.049210965343271573 -0.07490773745344273,0.0075695865733865081 -1.2679330274956238 0.1293359123013314 -1.6278053765077893 -0.11204754114220314 -0.029229766801011102,0.1803936730809991 -0.3338076914398847 -0.60319491213113752 -0.52175991356968021 -0.33445237401044176 -0.42570661228371354,31.045860444876325 -229.63298178061069 -109.1925780735572 -13.231188530579935 11.74753479743115 -0.0030841432566250924,-0.48044612179469048 -70.113077266921209 -34.806019120852852 -4.1403943024643013 3.6908532838786243 0.11168630710943006
ur,tetrapga,11.148835298,0.531718317,0.247973924,0.254948713,36.135355,44.120882,4.516919375,1,0,0,9.105447093,1.128637434,1,5,5,1,0 0 0.060000000000000005,0 0 0.050000000000000003,0 0 0.050000000000000003,wrist_3_link,-1,0,0 0 0,0 0 0,,0.0030488651086823049 -1.2469816976098467 0.15343487314794799 -1.6126656754393935 -0.10449214583148929 -0.017830079333780911,0.015125076779239639 0.011984837942892576 -0.037498182999222363 -0.055244231619210743 -0.042126749632928791 -0.046575513029116881,0.10698336191101103 -1.5887548617987388 -0.1569036062699706 -1.791803464077852 -0.19084014524469259 -0.15659894217189235,-0.10196158422676116 -0.14704866109524309 -0.14877637397551424 -0.054899035874803319 0.055144347553714688 -0.071982321226167351,0.0060709539802823176 -1.2590947147564344 0.138363735441103 -1.6263290712750853 -0.11055393388035435 -0.025700572427793542,0.095353651593154565 -0.20470480811363559 -0.3778940948713328 -0.76191878429163162 -0.28568510627527477 -0.27151629075898587,36.743744646483961 -303.54463802475971 -150 -19.585982834711398 17.00811335435651 -0.025780753590593959,1.0128135282883335 -77.73734585258353 -38.242306912109143 -4.4768773853911625 4.1183266111611658 0.1435508154899594
ur,tetrapga,11.193035906,0.536155265,0.249740473,0.3710972,36.229598,44.118528,4.52869975,1,0,0,9.257870518,1.197254488,1,5,5,1,0 0 0.060000000000000005,0 0 0.050000000000000003,0 0 0.050000000000000003,wrist_3_link,-1,0,0 0 0,0 0 0,,0.0039292064965196754 -1.2467831052360943 0.15080004153644577 -1.6161141191306094 -0.10706276609907296 -0.020730596044779826,0.021786637008329873 -0.003796574320486224 -0.071077108799445204 -0.095384033902231602 -0.070147466220746871 -0.079251387332455306,0.10237482007427956 -1.5952804306159223 -0.16341361553815442 -1.7941004186016263 -0.18827158282065296 -0.15971378217168813,-0.10654777251806023 -0.14819072724065557 -0.14575450074666318 -0.049016830347492421 0.061069998967577636 -0.068943217872896256,0.006869676370906636 -1.2608604789425413 0.13392769969309723 -1.630360916472384 -0.11285962418116491 -0.029239120445535179,0.10001043185667691 -0.22078328668733532 -0.55476601241566825 -0.50428459986727558 -0.28843442241866296 -0.44256821361001508,35.964195112685033 -286.33017695903834 -143.04583663534132 -16.555521733248138 14.70606161541826 -0.0045302913294866295,7.8252998748976559 -91.267126118728811 -55.664579952632664 -19.096027908611177 -1.1720622368061413 -6.6458010713486928
ur,tetrapga,11.2372302,0.539445317,0.223066654,0.252200171,36.106047,43.8481,4.513255875,1,0,0,9.465193891,1.015805143,1,5,5,1,0 0 0.060000000000000005,0 0 0.050000000000000003,0 0 0.050000000000000003,wrist_3_link,-1,0,0 0 0,0 0 0,,0.0049661043111246641 -1.247584066473111 0.14750708833641957 -1.6196348880221529 -0.1095241049646965 -0.023655119706647139,0.023915720003070903 -0.0326189066607337 -0.074602267378822001 -0.069385868553454716 -0.045229378049234256 -0.056601548227638916,0.097566838614371834 -1.6018513924778801 -0.16978445707497966 -1.7961348682820764 -0.18544272959147651 -0.16269184313587401,-0.11101602488450592 -0.14914480015012041 -0.14252105195393058 -0.04303561838061977 0.066938901179332655 -0.065813094025125432,0.0076875521716149456 -1.263082876115138 0.12914150859697954 -1.634421028444011 -0.11511184945436784 -0.032763906277354982,0.10244353486854653 -0.27790279772232196 -0.59863783442588225 -0.50792297489472638 -0.28181432349264024 -0.44093380172909669,34.7155447364634 -270.34795782908623 -129.45869839939539 -15.64934075145046 13.875345399044923 -0.0043381250069892997,1.0863997524398314 -77.617029828665181 -37.830025575405273 -4.3449246032951123 4.0450025784384991 0.17447634958731584
ur,tetrapga,11.281150053,0.545038497,0.259001141,0.301833584,36.108586,43.90764,4.51357325,1,0,0,9.722088814,1.316519045,1,5,5,1,0 0 0.060000000000000005,0 0 0.050000000000000003,0 0 0.050000000000000003,wrist_3_link,-1,0,0 0 0,0 0 0,,0.0058007980444246951 -1.2484440945979347 0.14629427264460484 -1.6218243809394335 -0.11026462959467734 -0.024454242261147795,0.014654545645186397 0.0051737376438397396 -0.026484879336114861 -0.06905550279970521 -0.036695673598554052 -0.041264118245163219,0.092595736375489054 -1.6084191961076597 -0.17596960816350476 -1.7978927728841274 -0.18237585681041765 -0.16551242750434469,-0.11533483954236984 -0.14990518742773987 -0.13910123275994893 -0.037000477603214461 0.072707482111892222 -0.062614993034708535,0.0085432940681590859 -1.2657634185045459 0.12412381509565193 -1.6384862897164421 -0.11731050091908674 -0.036283821176020817,0.10719709213840073 -0.33519643133297561 -0.62763584169163411 -0.50862839627392287 -0.27515499019763434 -0.44037219473455974,33.044760726832422 -252.98335726924824 -120.20361997954494 -14.507014103000621 12.827072651912362 -0.0036404052586645058,-1.2407125750246273 -54.559328490802727 -38.997055027706836 -16.902680706003594 -2.4503878722434536 -7.0357351157953119
ur,tetrapga,11.325167394,0.551073195,0.273824364,0.323675023,36.109684,44.223544,4.5137105,1,0,0,10.02857706,1.357958216,1,5,5,1,0 0 0.060000000000000005,0 0 0.050000000000000003,0 0 0.050000000000000003,wrist_3_link,-1,0,0 0 0,0 0 0,,0.0062869963759647537 -1.2478946597965914 0.14508787160685849 -1.6244415443676949 -0.11172636595895279 -0.026155479575150169,0.0099118694729659028 0.020768327221373249 -0.036078124121090141 -0.080574022234605941 -0.05022195136192676 -0.059805667321087691,0.087426061645100056 -1.6150309281586666 -0.18201331856129746 -1.7993867763582116 -0.17904953651215338 -0.16819648162827272,-0.11953615754443377 -0.15047800211521078 -0.13547117180278873 -0.030868819083248913 0.07841657243961013 -0.05932564048604079,0.009451889202554617 -1.2688652971459049 0.11890983436141112 -1.64255392551153 -0.11946464692431177 -0.039797985979756284,0.11384856815154928 -0.38793898770422541 -0.65233639789685238 -0.50908458893366504 -0.2696761255343838 -0.43978438507016082,31.087044345329147 -235.89893981828644 -111.79802432786877 -13.494885709921991 11.886401105571798 -0.0032559171135656661,2.4302202633307246 -74.545806121132955 -48.551253460163764 -17.924028949216336 -1.305247686734134 -6.9510704496461528
ur,tetrapga,11.369588492,0.556510078,0.257311495,0.241640829,36.130486,43.854517,4.51631075,1,0,0,10.152672982,1.194076607,1,5,5,1,0 0 0.060000000000000005,0 0 0.050000000000000003,0 0 0.050000000000000003,wrist_3_link,-1,0,0 0 0,0 0 0,,0.0066786621854625786 -1.24727282238925 0.14330329212424822 -1.6274198698011917 -0.11354391796581549 -0.028428813172728509,0.008520652456553663 0.006514891122063873 -0.038385741184946191 -0.058055976807082986 -0.034325651573555098 -0.044016092650996472,0.082024438392886978 -1.6217245923616737 -0.18794599742734786 -1.8006191432111232 -0.17543971860301807 -0.17075654087362679,-0.12364171909493751 -0.15086273461801225 -0.13160631770462702 -0.024604784986690591 0.084096206153537856 -0.055924140589486637,0.0083915300274361622 -1.2603195882034366 0.12880293139645593 -1.6426476549305802 -0.11807824931147623 -0.035099019494800113,0.040918879854499664 -0.28141813324956172 -0.28824838385509405 -0.95790971655127 -0.19694979574220312 -0.12345938212132845,33.972454364315041 -315.05135348096627 -150 -20.180475223999021 17.506270440392836 -0.024808767943476882,0.74825322245087733 -74.323636155465465 -36.246124347392026 -4.1914882243090688 3.7463877390979121 0.13573057009296008
ur,tetrapga,11.413518725,0.560461006,0.267633193,0.372363798,42.09862,50.078705,5.2623275,1,0,0,10.287027878,1.336925067,1,5,5,1,0 0 0.060000000000000005,0 0 0.050000000000000003,0 0 0.050000000000000003,wrist_3_link,-1,0,0 0 0,0 0 0,,0.0071459513052538901 -1.2472751933362869 0.14058745736404488 -1.6309180613591938 -0.11566584676682896 -0.031280248362652183,0.012176406388922364 -0.0075752593438439984 -0.073210002666065227 -0.095052676748614548 -0.058560964324555334 -0.07921243409498864,0.076506161899409827 -1.6283568677042612 -0.19363996401416489 -1.8015627249692279 -0.17162359491621568 -0.1731379859880651,-0.12756413044383172 -0.15105119980604542 -0.12758949336629391 -0.018343002009455694 0.089623995248262991 -0.052482725115251067,0.0087033878055058182 -1.2625257925452908 0.1244610528224166 -1.6468820728363918 -0.1197332609180092 -0.038356259776269927,0.039140601249550711 -0.2759357129576836 -0.54314312708759216 -0.52972252438710377 -0.20712908163939878 -0.40749881079286487,34.089359537191385 -294.97493145954792 -150 -16.815149469658778 14.760602440612235 -0.0045097055688386395,5.5810691019175849 -91.554100256494166 -55.854569726371665 -18.554855166875313 -0.40464454842640407 -6.8699979608479964
ur,tetrapga,11.463665917,0.563779024,0.239261119,0.100808434,42.15504,49.993857,5.26938,1,0,0,10.515267067,1.149243858,1,5,5,1,0 0 0.060000000000000005,0 0 0.050000000000000003,0 0 0.050000000000000003,wrist_3_link,-1,0,0 0 0,0 0 0,,0.0078103395404942088 -1.2485215106248004 0.136904461993582 -1.634877000480877 -0.1177594563376318 -0.034285898839931064,0.015779837957511228 -0.043866771840867645 -0.036540756540173185 -0.073090983350137764 -0.0095480582450880487 -0.0086623080893153681,0.070000480854737535 -1.6359322249287929 -0.19991847902838597 -1.8023018673771551 -0.16697340974001523 -0.17566948837224933,-0.13186787275599193 -0.15103197112160907 -0.12277351248556614 -0.011124286180787434 0.095815464123469682 -0.048464631572827668,0.008607528911968752 -1.2612922119892755 0.12394872748331863 -1.6493676340199759 -0.12060197416415516 -0.039676641422142618,0.016044180832612165 -0.2835563681828337 -0.45320343298566945 -0.68616887367836354 -0.1704600220221239 -0.29250431670152882,34.015297118118781 -310.4254534955262 -150 -18.934680927793668 16.50448050215784 -0.015048275800454846,-4.023757404084229 -33.266783297948678 -13.98130595796016 -1.5188756340166947 1.4386515150397656 0.42044781197070336
ur,tetrapga,11.513744442,0.569965289,0.278244375,0.215159426,41.999785,50.068021,5.249973125,1,0,0,10.741137642,1.544115875,1,5,5,1,0 0 0.060000000000000005,0 0 0.050000000000000003,0 0 0.050000000000000003,wrist_3_link,-1,0,0 0 0,0 0 0,,0.0084516829862864677 -1.2493901934414613 0.13600185975859622 -1.6377797764028006 -0.11832704075492638 -0.034772136139303314,0.0079711280162167424 0.0075086519639638027 -0.02570004828199695 -0.081006971794739271 -0.029136002678346651 -0.036111948427817911,0.063293101357850656 -1.6434899850466618 -0.20594137928041487 -1.8026771025291879 -0.162023138788678 -0.17799415928626711,-0.13597412950009702 -0.15076270859365801 -0.11772563568505252 -0.0038520689209162679 0.10186103333972067 -0.044361829434112841,0.0086978786632703822 -1.2637668682668561 0.11903892040641341 -1.6529626635253323 -0.12197565180639866 -0.043273113811207117,0.01143756092040038 -0.30965136224375139 -0.61438073006642302 -0.44999502065371066 -0.17198248614628101 -0.45008567355952656,34.379775049855013 -291.33734911456747 -143.98482873171875 -16.615807360461744 14.568010539448014 -0.0046148823912402839,-2.7296829369276523 -61.814447321256921 -32.273913892341341 -3.871273636488695 2.9635686187465922 -0.1623627287568894
ur,tetrapga,11.563925552,0.576509423,0.282090713,0.206030072,42.181299,49.948018,5.272662375,1,0,0,11.022969163,1.631278224,1,5,5,1,0 0 0.060000000000000005,0 0 0.050000000000000003,0 0 0.050000000000000003,wrist_3_link,-1,0,0 0 0,0 0 0,,0.008642623057769281 -1.2488858478412166 0.13494942353319794 -1.6411233587250647 -0.11952731909981222 -0.036283602856993488,0.0022483788052485455 0.015819027329701162 -0.021964992283095008 -0.072678377385514831 -0.025559588816370306 -0.034428928464517637,0.056370671669298607 -1.6510434079572256 -0.21171721518499301 -1.8026864742372715 -0.15676273824792333 -0.18011534640395724,-0.1398899817778399 -0.1502418664643482 -0.11243602777166785 0.0034859990047878065 0.10776972023823692 -0.04016573659238809,0.0085985611343737788 -1.2624437771164005 0.11908479404427438 -1.6549634468452206 -0.1224342440799981 -0.044104274514976768,-0.010580071934393687 -0.29988499015391934 -0.49196015206934962 -0.62053843935749653 -0.13403901693013998 -0.322712273985231,34.0308392621127 -312.23855149306996 -150 -18.904479692996166 16.494502539799413 -0.014238732778038133,-1.2138747044495091 -62.630976025415293 -30.904510821710176 -3.4554808277962366 2.9816808539391957 0.083659781858159477
ur,tetrapga,11.613946849,0.583414094,0.292039202,0.2777935,42.110842,49.903975,5.26385525,1,0,0,11.257476973,1.749030676,1,5,5,1,0 0 0.060000000000000005,0 0 0.050000000000000003,0 0 0.050000000000000003,wrist_3_link,-1,0,0 0 0,0 0 0,,0.0086801401621157369 -1.2480432647451387 0.13409904369806561 -1.6440317309499752 -0.12061089484506268 -0.037775284389862974,-0.0016899038505771217 0.02451679565031304 -0.035071486712124948 -0.076191191349071735 -0.033997423912597843 -0.055511608580935068,0.049279818215567837 -1.6585405018047292 -0.21720488005018734 -1.8023283334002747 -0.15122795854955484 -0.18201821846271821,-0.14358884256177909 -0.14947262169920081 -0.10694077709835488 0.010838821993580978 0.11349968169673867 -0.035904082286602912,0.0084543213615542474 -1.2651266030156259 0.1140582247747338 -1.6584013148901178 -0.12350243741488814 -0.047696388455915784,-0.017922090096669108 -0.33559273306278392 -0.62881229278252704 -0.43019575497525103 -0.13372875251063723 -0.44940921131222439,34.295243691290189 -292.26751570220591 -143.11867678598557 -16.60881698959798 14.522281152574685 -0.004613854013162391,0.49077240771413244 -81.604627745744438 -41.669025036761013 -4.9571929978710614 4.0700082000641089 -0.1311325600976545
ur,tetrapga,11.663919967,0.58930654,0.277533221,0.229228937,41.99006,49.706087,5.2487575,1,0,0,11.501955584,1.634060716,1,5,5,1,0 0 0.060000000000000005,0 0 0.050000000000000003,0 0 0.050000000000000003,wrist_3_link,-1,0,0 0 0,0 0 0,,0.0085560326405174549 -1.2474720283006457 0.13241410642038093 -1.6470633777283981 -0.12184979319529222 -0.039924049187418563,-0.00086172373988127409 0.0058273527586804319 -0.036015133515387453 -0.068011403089379766 -0.022504829505700229 -0.042371935361648988,0.042016264668235936 -1.6659857282871116 -0.2224074066393471 -1.8016025849511805 -0.14541651556183405 -0.18370454481105705,-0.14707410706848248 -0.14845523210043438 -0.1012373940321539 0.018209892832182478 0.1190538246573294 -0.03157358890080466,0.0081821095101164316 -1.2633309141477835 0.11468764597934603 -1.6604364915198977 -0.12383267916579392 -0.048244596148958943,-0.037124047767998103 -0.32742397310756521 -0.495312001417408 -0.60905430204860678 -0.093078789962631692 -0.31170779029206885,33.391572755096227 -313.80331663842344 -150 -18.90253626609298 16.480525530665673 -0.01366306957180633,0.65180397167000592 -69.941703775074529 -34.384340582912785 -4.0336281205118212 3.3870238997408535 0.060423611563493296
ur,tetrapga,11.713700456,0.594977935,0.285723859,0.282464837,41.975675,49.714518,5.246959375,1,0,0,11.735663554,1.690854532,1,5,5,1,0 0 0.060000000000000005,0 0 0.050000000000000003,0 0 0.050000000000000003,wrist_3_link,-1,0,0 0 0,0 0 0,,0.0085479461493626081 -1.247321509401659 0.13083120715903562 -1.6498138810099827 -0.12275633997543757 -0.041716761440842562,-0.002524923286669963 0.0073090084010043414 -0.050526660562949535 -0.072549653059681751 -0.027846213197528235 -0.060403608067985018,0.034612868311085773 -1.6733455592564064 -0.22730140304651361 -1.8005130406282521 -0.13935595464453646 -0.18516752606383804,-0.15033143585921649 -0.14719523494515005 -0.095352585026829542 0.025565090348136761 0.12440684343872019 -0.027193101302703648,0.0078056118799888991 -1.2662264474429785 0.10958690959932776 -1.6636838891137677 -0.12458074627964599 -0.051814172017541342,-0.046981292636612486 -0.36212128364407575 -0.63796039806974636 -0.40627138625608206 -0.09366182846854601 -0.44649321009393583,33.819121291758194 -293.21338183610231 -143.6299349514378 -16.59993535785004 14.466313285658867 -0.0046344718763308484,0.24825557323809022 -83.467068411878245 -42.369725513237881 -5.0367755413653867 4.116178212979122 -0.11568482613100173
ur,tetrapga,11.763486506,0.599574213,0.272706633,0.213079059,42.158276,49.998172,5.2697845,1,0,0,11.923931824,1.520085744,1,5,5,1,0 0 0.060000000000000005,0 0 0.050000000000000003,0 0 0.050000000000000003,wrist_3_link,-1,0,0 0 0,0 0 0,,0.0083822265846544789 -1.247602237048602 0.12845069648615354 -1.6527272592091002 -0.1237284700715099 -0.044034747497643939,-0.0015638813194092391 -0.011623868052855653 -0.047093848735010248 -0.066949401513124548 -0.01602834670950078 -0.04269726241071102,0.027051910149596365 -1.6806373765347631 -0.23189808009759691 -1.7990571183776127 -0.13303287255003185 -0.18641103621933602,-0.15336954926416937 -0.14569018464340239 -0.08927306913101829 0.032920994101258552 0.12957093534574113 -0.02275143866630058,0.0074393846176440785 -1.2644100415015433 0.11030900592596748 -1.6656345770752305 -0.12476063418276803 -0.052287119237393487,-0.063736933966905107 -0.35509054845341859 -0.49950756230894006 -0.58649069497044004 -0.049234698822289147 -0.30244758861916388,32.362671772804248 -314.74253344346931 -150 -18.875596843033058 16.440617630442219 -0.013081509791467404,-0.15199836670186784 -65.56004706506792 -31.961858785756988 -3.7387924773402119 3.0694994137413403 0.085144918641120171
ur,tetrapga,11.813555115,0.604193125,0.283504988,0.261281226,42.064735,50.142077,5.258091875,1,0,0,12.157349196,1.624679727,1,5,5,1,0 0 0.060000000000000005,0 0 0.050000000000000003,0 0 0.050000000000000003,wrist_3_link,-1,0,0 0 0,0 0 0,,0.0083225269649489543 -1.2481215821584408 0.12634263353331995 -1.655563483659283 -0.12441590274419537 -0.045956438606466615,-0.0055705886143771078 -0.0043627258102611477 -0.057767137328364887 -0.068908426692888741 -0.020187948157105822 -0.059412236305428211,0.0193011367845204 -1.6878888685256224 -0.23621089391944147 -1.7972238568943959 -0.12641959421074769 -0.1874371809635304,-0.15619825061482978 -0.14393115702656128 -0.082972758622941012 0.040305759089271802 0.13456330430099889 -0.018229393133892633,0.0068268734718420886 -1.2675250664177597 0.10515270824423523 -1.668659625961791 -0.12516890194783567 -0.055807126514676689,-0.07655140538595348 -0.38973123293741407 -0.64512056202685097 -0.37864003919614869 -0.051157116906882336 -0.44042589661084086,33.26153047473943 -293.91035739636112 -143.91744874657661 -16.580370605637903 14.401428510696448 -0.0046787881003399019,-0.32434213054126815 -79.910302772563227 -39.192183873207284 -4.4330491647097006 3.7870947122881375 0.12182793370782008
ur,tetrapga,11.863775695,0.608222642,0.274818516,0.200355924,42.100657,49.886432,5.262582125,1,0,0,12.307124732,1.459489765,1,5,5,1,0 0 0.060000000000000005,0 0 0.050000000000000003,0 0 0.050000000000000003,wrist_3_link,-1,0,0 0 0,0 0 0,,0.0080350661229140041 -1.2488319786254136 0.12375917284808519 -1.6583217764320886 -0.12510490706922531 -0.048223822049087969,-0.0040991958483687719 -0.018031758036658605 -0.049300210929857272 -0.063642416261684417 -0.010142296194074939 -0.041216004157835294,0.011390394355901936 -1.6950677355615471 -0.24021541030536533 -1.7950141962603081 -0.11954042467533608 -0.18823773063576324,-0.15880228963348822 -0.14192152374032174 -0.076475506814648528 0.047687055043445573 0.13935868915057245 -0.013644221316580557,0.0063964303278344452 -1.2659018174526415 0.10581979772808948 -1.6705848691906002 -0.12518721210850939 -0.056216611105998737,-0.09155204746748144 -0.38151771167882154 -0.49850334724626744 -0.5640948976864264 -0.00438134474585972 -0.28848257867773358,31.402500538961988 -315.82875532634068 -150 -18.851845010600051 16.405371812327907 -0.012536133871758543,-0.84682776458357978 -61.966433627587321 -30.053388580928129 -3.5011138710387968 2.7996268803083808 0.086960540969400313
ur,tetrapga,11.913760348,0.612582991,0.289025006,0.263701874,42.087728,49.954235,5.260966,1,0,0,12.531646319,1.625546569,1,5,5,1,0 0 0.060000000000000005,0 0 0.050000000000000003,0 0 0.050000000000000003,wrist_3_link,-1,0,0 0 0,0 0 0,,0.0078619458214646155 -1.2495330613482099 0.12172029272513446 -1.6608782912999753 -0.12552019408157242 -0.049967948962562639,-0.0081686840626402357 -0.0060913047476912705 -0.056434483372796634 -0.065490321004311722 -0.014495727661670116 -0.058984217990382296,0.0033928610113087309 -1.7021066057228962 -0.24387289814871263 -1.7924477431525332 -0.11245991297045499 -0.18880476971499482,-0.16115757605649592 -0.13967978322036509 -0.069842063646989416 0.054995111751948982 0.14391138589424873 -0.0090376964182607173,0.0055354379256356053 -1.2692233214121527 0.10063596509627977 -1.6733609361147521 -0.12524262457719715 -0.059670624456005759,-0.10763937692066416 -0.41556743488592407 -0.64857478867701157 -0.3475108102443516 -0.0070373627313737074 -0.43216742099146266,32.600809669377412 -294.39669984810115 -144.17684410723155 -16.545469693798772 14.325140084314738 -0.0047161987821456759,-1.7771661473399902 -78.306536440590207 -39.555281036266479 -4.6621378500785795 3.6908570859239092 -0.11378832094477787
ur,tetrapga,11.963818381,0.616202454,0.279483104,0.197069199,42.233304,50.221983,5.279163,1,0,0,12.646645909,1.450177979,1,5,5,1,0 0 0.060000000000000005,0 0 0.050000000000000003,0 0 0.050000000000000003,wrist_3_link,-1,0,0 0 0,0 0 0,,0.007369619378136987 -1.2503233677850831 0.11904719201054541 -1.6636359195067962 -0.12599212946141103 -0.052304183655313703,-0.0079626059068791093 -0.018629473720441797 -0.048212654575203642 -0.060247921141552412 -0.0049040760267054142 -0.039718200859609976,-0.0047283959392774629 -1.7090375244210816 -0.24719950107472419 -1.7895126579613734 -0.10514663149700457 -0.18914093680553565,-0.16327561905175214 -0.13719598495357285 -0.063042607272182152 0.062262566956099628 0.14824184522311401 -0.0043878244696302819,0.0050256974532192277 -1.2677375025135671 0.1012891993053438 -1.6752249381327919 -0.12509517869303682 -0.060010587351355033,-0.12104722442707214 -0.40518076848300072 -0.49414334721339387 -0.53728385479765361 0.041769660042674274 -0.27300845112072419,30.463942771357971 -316.90465167183288 -150 -18.819340824371039 16.366477161724841 -0.011935013063238447,-0.84193362625105195 -61.785818614172058 -29.560379902300667 -3.2754952557170327 2.6342680703712347 0.1154852754876714
ur,tetrapga,12.014115074,0.620379912,0.292581678,0.26310732,41.909965,49.68084,5.238745625,1,0,0,12.862263874,1.626490833,1,5,5,1,0 0 0.060000000000000005,0 0 0.050000000000000003,0 0 0.050000000000000003,wrist_3_link,-1,0,0 0 0,0 0 0,,0.0070368093427796014 -1.251062398868217 0.11705691863128005 -1.6660462937484521 -0.12619776507926272 -0.053987035846567444,-0.012162700800428621 -0.007445686557590315 -0.055215139204431489 -0.060870916351750966 -0.0080640389968405189 -0.057410056357483363,-0.012988983022797744 -1.7158702854009573 -0.25019542887200169 -1.7861987461325128 -0.097586126704707066 -0.18924348421790071,-0.16515725391372538 -0.13446283991923844 -0.056064004935379837 0.069500125360537943 0.15235377174488413 0.00031467359618051561,0.0039013935816165084 -1.2712461296500708 0.096107795781562255 -1.6777258663260324 -0.1247872602875431 -0.063382038691246381,-0.14054947893469683 -0.43886297202321189 -0.64812222274829057 -0.31299285769910101 0.038406697577662949 -0.42174323166685723,31.962816616254234 -294.85739165913054 -144.40257305557171 -16.506550824116527 14.248284938333834 -0.004755801117951812,-2.2424935956997274 -78.519123932231196 -39.466097991416177 -4.6320074839441077 3.6401736248287193 -0.11304719593829304
ur,tetrapga,12.063879869,0.62382397,0.283870625,0.197652541,42.079777,49.873943,5.259972125,1,0,0,12.93812228,1.434211727,1,5,5,1,0 0 0.060000000000000005,0 0 0.050000000000000003,0 0 0.050000000000000003,wrist_3_link,-1,0,0 0 0,0 0 0,,0.0063702820109316303 -1.251898027720834 0.11451084315188857 -1.6685070322951179 -0.12640797453043121 -0.056180550181032608,-0.011661435049904681 -0.020996392931371514 -0.048165069694311016 -0.057893772288929862 0.00030057790382087741 -0.038858817733394599,-0.021249210672102711 -1.7224897138902271 -0.25281083289446599 -1.782563459354066 -0.089908085900214735 -0.18911154787262133,-0.16677230921687974 -0.13152776442421985 -0.049025329295604034 0.076584941329753034 0.15617836128216137 0.0049911166839566069,0.0033044401345584014 -1.2698154899007443 0.096783446819780655 -1.6794034162704934 -0.12447914653731287 -0.063668978758800066,-0.15178056553662853 -0.42601165159307119 -0.49097393725209615 -0.49806493168175264 0.089099211537242456 -0.26114788502372066,29.531567759400144 -317.64291547747882 -150 -18.755478749667351 16.306425968212352 -0.01123000247736556,-0.91844787524729554 -61.883584135423007 -29.647881149128466 -3.4287462841903107 2.6763324463943263 0.090818276147217603
ur,tetrapga,12.113865806,0.627596611,0.295080499,0.261865105,41.932525,49.616197,5.241565625,1,0,0,13.135749963,1.615660389,1,5,5,1,0 0 0.060000000000000005,0 0 0.050000000000000003,0 0 0.050000000000000003,wrist_3_link,-1,0,0 0 0,0 0 0,,0.005878199556018187 -1.2527630035683328 0.11249488707940802 -1.6708199858261783 -0.12638746942473522 -0.057827430651694219,-0.016184419116988497 -0.010769585768559617 -0.055404826440964949 -0.056879814653265491 -0.0011704594717031618 -0.056107511911304274,-0.029620823625814897 -1.7289858297955987 -0.25508212832397459 -1.7785592533665784 -0.082010575185782919 -0.18874429138089513,-0.16814439323784419 -0.12835234803519574 -0.041832453884826828 0.083612511751633506 0.15976831418423998 0.0097056272616331263,0.0019051869193430682 -1.2735020554973642 0.091633890012881233 -1.6815988968264137 -0.12378969156033187 -0.06693272763369916,-0.17491527314018421 -0.4610341345476523 -0.64402968756912604 -0.27471769464803047 0.086119544790837346 -0.40820246999771548,31.388526714672434 -295.18923835947049 -144.35836394278078 -16.45904855147581 14.173262632306859 -0.0047426960602241306,-2.7417147182843173 -78.551942722375315 -39.279765745136956 -4.5830568232058795 3.5804248812490584 -0.11006930880756727
ur,tetrapga,12.163552925,0.630647379,0.286547161,0.194442268,41.917688,49.982121,5.239711,1,0,0,13.168517927,1.404213108,1,5,5,1,0 0 0.060000000000000005,0 0 0.050000000000000003,0 0 0.050000000000000003,wrist_3_link,-1,0,0 0 0,0 0 0,,0.0050219508730786492 -1.2537652419481495 0.10991998770884076 -1.6731220056777583 -0.12632692563547615 -0.059968734570112529,-0.015248594861818596 -0.024571228900213234 -0.048681061992832002 -0.053711453149097817 0.0061854421084248613 -0.037545537759569765,-0.038004119097875627 -1.7352802714089868 -0.25698071401732903 -1.7742332949024546 -0.073988801074826374 -0.18814538500211767,-0.16925706571454113 -0.12497430707872489 -0.034571714906029768 0.090497785774123068 0.16307994972100617 0.014402740858118726,0.0012199709558099181 -1.2721277982220283 0.092306755581123195 -1.683069126242446 -0.12332467928276247 -0.067193164921914461,-0.18316263181029827 -0.44538080095664001 -0.48784514885945696 -0.4490888113529779 0.13740941972472906 -0.25049003421741017,28.788484246290153 -318.16316414751634 -150 -18.668963041034566 16.235933546863464 -0.01048153403597836,-1.031634264396585 -61.262925927083415 -29.166340251191627 -3.3537160197502089 2.5813369525460814 0.091266321309177556
ur,tetrapga,12.213615728,0.63391475,0.29444223,0.250094962,42.045924,49.919541,5.2557405,1,0,0,13.321647465,1.587798679,1,5,5,1,0 0 0.060000000000000005,0 0 0.050000000000000003,0 0 0.050000000000000003,wrist_3_link,-1,0,0 0 0,0 0 0,,0.004334045029608543 -1.2548204239447738 0.10776460088493946 -1.6753626566248416 -0.12604952714961898 -0.06166697470726689,-0.022031724094247692 -0.015319197772669105 -0.056388874693838957 -0.050705246636384566 0.0064862327937452334 -0.053406643063550065,-0.046500339001153954 -1.7414470663495405 -0.25852623657269869 -1.7695314062652732 -0.065746561533346681 -0.18730577377461544,-0.17012243313089925 -0.12135182186686212 -0.02715583867609082 0.09732187347931627 0.16615110175035119 0.019139772342419946,0.00034741615851971702 -1.2716617991224823 0.094230794176467472 -1.6879212776412991 -0.12248662290644452 -0.065307949301265475,-0.20646798657829549 -0.4828962114414479 -0.24293743524444769 -0.84765156487187632 0.18990428301423248 0.062725565908326161,27.16110592581855 -330 -150 -19.375147399271075 16.784609242190637 -0.010035814584663658,-2.0377362397018448 -77.726841230542959 -37.514244239381242 -4.2040307563474926 3.3154418075452838 0.10854891769298547
ur,tetrapga,12.263608072,0.636629055,0.28836939,0.189500687,42.14218,50.215501,5.2677725,1,0,0,13.434328071,1.520894217,1,5,5,1,0 0 0.060000000000000005,0 0 0.050000000000000003,0 0 0.050000000000000003,wrist_3_link,-1,0,0 0 0,0 0 0,,0.0032978222441595213 -1.2560146695575516 0.1051985903682998 -1.6774103977416914 -0.12570467423484794 -0.063696374716216433,-0.018455899519090747 -0.027923223318118633 -0.048333160152989926 -0.047729629836729404 0.012189108363221358 -0.035482119833473248,-0.055021383550375932 -1.747418831152137 -0.25969684134655174 -1.7644983094061888 -0.057369274361807644 -0.18623072063580354,-0.17072839392466427 -0.11752007855372898 -0.019661748561352249 0.1040109586474872 0.16894591965741712 0.023868047702526204,-0.0015696746730492811 -1.2758862358442937 0.091064692098353217 -1.6924271665476949 -0.12099331566466749 -0.066386457457414755,-0.23972017605693799 -0.52834524294691232 -0.39614735368250664 -0.5635415777645898 0.18665914535735056 -0.13504646198372128,30.536731725465863 -308.71353253016332 -150 -16.781405943742662 14.381654967530952 -0.0047825156077854168,-1.2649685745355725 -60.053700386815763 -28.425103054644012 -3.254979061425729 2.4554027799236451 0.08719776039157523
ur,tetrapga,12.313904069,0.639812524,0.303535683,0.167511941,42.059101,49.914188,5.257387625,1,0,0,13.501748008,1.506675234,1,5,5,1,0 0 0.060000000000000005,0 0 0.050000000000000003,0 0 0.050000000000000003,wrist_3_link,-1,0,0 0 0,0 0 0,,0.0025459260369266263 -1.2572109183738369 0.10335413674594823 -1.6794953068234386 -0.125173439198766 -0.064933555235588455,-0.016124367384930376 -0.023728604666058674 -0.01867823419069807 -0.076870912106911854 0.017135037209883863 -0.0039617198882501131,-0.063618184088192739 -1.7532282471017884 -0.26049449737301139 -1.7591006088928605 -0.048807111538183109 -0.18491079272062566,-0.17107597560403745 -0.11345421382945139 -0.012044810278197475 0.11060230692193077 0.17147778732731933 0.02861634897041317,-0.0025104188968620789 -1.2755142631008156 0.092568777236177402 -1.6958527291438534 -0.12012214246755415 -0.065322859791820315,-0.24626841674645664 -0.53732506755736931 -0.19632294844799056 -0.83254503925165135 0.23952231518116116 0.087371806918435213,27.695149966996716 -327.95821435976541 -150 -19.005001277760378 16.524175557182087 -0.0095872880040011599,-3.0421841797137819 -54.396486835695214 -25.126791143514481 -2.9289633202943151 2.134721680226761 0.16832245477127117
ur,tetrapga,12.36389707,0.643814769,0.310899345,0.239651975,36.223324,43.93851,4.5279155,1,0,0,13.604175516,1.70840095,1,5,5,1,0 0 0.060000000000000005,0 0 0.050000000000000003,0 0 0.050000000000000003,wrist_3_link,-1,0,0 0 0,0 0 0,,0.0017027893977335368 -1.258016061334573 0.10268690790821544 -1.6827911002564599 -0.12444726912843009 -0.065159661409666794,-0.028730469917198371 -0.012789077333140853 -0.014982006330451105 -0.08601538799025156 0.019916290901147257 -0.012436359660722566,-0.072173967208684686 -1.7587948802550377 -0.26090602926310907 -1.7534105843659926 -0.040177411091141139 -0.18336250251096797,-0.1711596726570562 -0.1092088788307516 -0.0044090323085230658 0.11700480154955147 0.17371108448252939 0.033320863096730456,-0.0047223476373659638 -1.2799931638397288 0.089366022193807279 -1.6998149588967335 -0.11828547207259722 -0.066394724094245308,-0.2765539591460956 -0.56008058190453536 -0.40063282573493353 -0.49550781745884287 0.22958060447103246 -0.1341577446519201,30.828288169194902 -303.09205660056125 -150 -16.610142631130383 14.237383838231835 -0.0047702586174984893,-3.0396341988260316 -75.172439922243029 -35.947796229121309 -3.7291066987136219 3.0095326169600298 0.019422752048825487
ur,tetrapga,12.407906583,0.646945029,0.299037556,0.208766119,36.144236,44.0355,4.5180295,1,0,0,13.725660193,1.593351596,1,5,5,1,0 0 0.060000000000000005,0 0 0.050000000000000003,0 0 0.050000000000000003,wrist_3_link,-1,0,0 0 0,0 0 0,,0.00048890334521209649 -1.2588283726039677 0.10191248243890443 -1.6857383694851045 -0.12373850640349188 -0.065582151499260347,-0.023471046160355936 -0.022781361694573839 -0.019392003341917825 -0.057479840982604016 0.014524401119785556 -0.0081671210320122395,-0.079704217988262049 -1.7635158266360409 -0.26095132718673714 -1.748139674326709 -0.032493612338567374 -0.18180525587129839,-0.17101659643787501 -0.10530805550821214 0.0023565386248288397 0.12250892607620319 0.17543968958525891 0.037444610269402011,-0.0070578545979963908 -1.2844419142555896 0.084212403140654798 -1.700795416621506 -0.11653338206965307 -0.069452681029410282,-0.29216485826556843 -0.55659400207927023 -0.64477893892008087 -0.12297882877549424 0.21909242123909636 -0.38254578672361206,33.153375634445723 -283.09949215871495 -142.69350031754419 -15.720205207069714 13.593500741134628 -0.0050057169778156101,1.3614280936672172 -66.794267272439356 -31.314917916349998 -3.3030332424968947 2.6018151047261711 0.025311121782493728
ur,tetrapga,12.452043838,0.650062934,0.316743111,0.299568245,36.176313,44.22083,4.522039125,1,0,0,13.898355396,1.498960793,1,5,5,1,0 0 0.060000000000000005,0 0 0.050000000000000003,0 0 0.050000000000000003,wrist_3_link,-1,0,0 0 0,0 0 0,,-0.0005765470125710751 -1.2598925541097046 0.10152136865891649 -1.6890703780112455 -0.12284939629302781 -0.065510008019149357,-0.026628343149128812 -0.022414652173718408 -0.0088154095022282657 -0.090165562560628382 0.024779032183555372 -0.0067533362520307465,-0.087245499600434914 -1.7680747445076537 -0.26069696689071992 -1.7426130613469719 -0.024716080619968973 -0.18006166719926278,-0.17066884819950912 -0.10124650266442534 0.0091740177043435466 0.1278968791636633 0.17694715225714977 0.041559038555203279,-0.0095260406184752826 -1.2893516253608079 0.078652768146189447 -1.7018118098082493 -0.11474654866186494 -0.072498951417467677,-0.30874974074662631 -0.61421408824893786 -0.69553093158419088 -0.12747076152181663 0.22343534684459326 -0.38108496833516503,33.812236268579142 -264.18084984294092 -125.17060194430066 -14.693350222994805 12.768445518575746 -0.0047135719130084221,-9.8856369927482923 -80.787984695799423 -39.665984891036885 -16.775821734324381 5.8916362380269049 -2.148775572734138
ur,tetrapga,12.496367898,0.65249837,0.304394127,0.333393963,35.038606,43.047176,4.37982575,1,0,0,13.726886433,1.176348414,1,5,5,1,0 0 0.060000000000000005,0 0 0.050000000000000003,0 0 0.050000000000000003,wrist_3_link,-1,0,0 0 0,0 0 0,,-0.0021072910663934748 -1.2612190060142026 0.10069311802931757 -1.6923946370090481 -0.12176499781010337 -0.065862420274260952,-0.037661393570180605 -0.034360635427154007 -0.03403824210048819 -0.069120339948518877 0.029870610333111954 -0.030141964118342506,-0.094798693365815923 -1.7724693020128484 -0.26013815059623024 -1.7368268223214014 -0.016843763690637108 -0.17812850218007314,-0.17011361606284808 -0.097021675536792196 0.016044293430935063 0.13316696034227349 0.178230596532754 0.04566495726769608,-0.0079174064302477663 -1.2791133785928881 0.088219637737847134 -1.7034274179589541 -0.11559333831966051 -0.067370366858241035,-0.26270581757005596 -0.47875796322117292 -0.18195144737630864 -0.79073512537763779 0.33284494997599468 0.22613928853891507,21.918734583362838 -330 -150 -20.186769326336279 17.828224696924842 -0.0095540287293004577,-8.5145725325494261 -88.307021154590984 -50.009094477909684 -6.7108790944112116 6.1250064611311643 -6.0976186260737393
ur,tetrapga,12.539498364,0.653318497,0.297238021,0.218267911,33.966749,41.284944,4.245843625,1,0,0,13.694244002,1.383151324,1,5,5,1,0 0 0.060000000000000005,0 0 0.050000000000000003,0 0 0.050000000000000003,wrist_3_link,-1,0,0 0 0,0 0 0,,-0.0039961382170984883 -1.2632409267533893 0.098627503676068942 -1.6948782801477953 -0.120511973960729 -0.067096668784238034,-0.036628950116034849 -0.057281460523872813 -0.0516111370956049 -0.049393188422980572 0.026426201747279939 -0.023921497369517125,-0.10212055123747864 -1.7765627761100919 -0.25930170217238013 -1.7309752316133498 -0.0091336901995738469 -0.17607330904159788,-0.16937522247743159 -0.09277455040058151 0.022744353026528569 0.1381528050542026 0.17925578890116617 0.049631122108856458,-0.010506308615894048 -1.2836784743969196 0.086240554790439961 -1.7079117159590245 -0.11289895159380138 -0.067112001467484805,-0.32372601729916783 -0.57088707555225371 -0.24767364706390754 -0.56074805659825855 0.33683892616792932 0.032145088930531501,25.51572783987428 -319.58760376950124 -150 -16.539113504440181 13.983197090078733 -0.0051668972793508568,2.8550273636433694 -70.369085715037727 -32.740186680789009 -3.4601376403170434 2.7137339012915334 0.073729736763482379
ur,tetrapga,12.580854316,0.652652863,0.302552799,0.216458961,34.076677,41.38879,4.259584625,1,0,0,13.695529172,1.079622513,1,5,5,1,0 0 0.060000000000000005,0 0 0.050000000000000003,0 0 0.050000000000000003,wrist_3_link,-1,0,0 0 0,0 0 0,,-0.0060034284612105896 -1.266006228401322 0.09557243160106578 -1.6967702816009704 -0.11914816404195849 -0.068874507608557053,-0.042017094492528634 -0.079500335639135028 -0.077752360198993911 -0.040638252064075342 0.030886322627551293 -0.036800110734400274,-0.109107412836341 -1.7803132317325212 -0.25822812433544984 -1.7251653133355571 -0.0017036801115209808 -0.17394265640540155,-0.16848395466765134 -0.0885803224810085 0.029174955103960076 0.14279550937372587 0.18003002038575666 0.053403243144564731,-0.013334707117176013 -1.288175059005495 0.081983297872266117 -1.708562550841854 -0.11032462071114299 -0.069387669140022312,-0.3536630567536283 -0.56232317612026006 -0.53244539340974062 -0.081565166943148651 0.32183194576783691 -0.28460904398118358,30.326760340480583 -295.61386979190127 -150 -16.085666757993245 13.796307503769814 -0.0048998792535263304,3.2427877771437039 -70.256866456764328 -32.468844212039755 -3.4744796390486954 2.6807443332171488 0.11337337514319756
ur,tetrapga,12.622323517,0.653780197,0.308873323,0.096299959,34.153789,41.518724,4.269223625,1,0,0,13.730953143,1.322647084,1,5,5,1,0 0 0.060000000000000005,0 0 0.050000000000000003,0 0 0.050000000000000003,wrist_3_link,-1,0,0 0 0,0 0 0,,-0.0064168593357772511 -1.2683813027594895 0.094198039833093009 -1.698827196160914 -0.11803192481340684 -0.0684645529488251,-0.0032209330879526851 -0.035825658309488313 -0.017614426089746719 -0.042355365696791637 0.021944285384139568 0.011105712145386059,-0.11607267195292359 -1.7838973790173982 -0.25688456833135159 -1.7191496029941433 0.0057745534092829027 -0.17165021999143296,-0.16741054203281222 -0.084259010658949945 0.03562203759913829 0.1473094877680137 0.18059989234017845 0.057151699850994248,-0.012194106326070731 -1.2819716366777438 0.087645431931918677 -1.7113342303933972 -0.11093339778325556 -0.065091297214302665,-0.28994899650368317 -0.46195832615447951 -0.05593632913826671 -0.95509935327830853 0.40569258708015199 0.4792243289320266,17.413276492061215 -330 -150 -20.786753129398125 18.315297325192084 -0.0090185887762278538,-5.3806170043624917 -31.520461464197979 -14.444993805627803 -1.2342936352988545 0.45175993242560253 -0.033432939661850014
ur,tetrapga,12.663942995,0.656141963,0.306269442,0.16285333,34.146356,41.845212,4.2682945,1,0,0,13.60731961,1.573219087,1,5,5,1,0 0 0.060000000000000005,0 0 0.050000000000000003,0 0 0.050000000000000003,wrist_3_link,-1,0,0 0 0,0 0 0,,-0.0074767210721437792 -1.2695919788520975 0.093857588138313991 -1.7015216353187823 -0.11664271153619238 -0.068021224539123223,-0.028271795611989468 -0.023776058678706254 -0.0062284476523033301 -0.057256551097234147 0.029341407285165082 0.0092296911143591159,-0.12301466595553198 -1.7873119929048946 -0.25526748139054445 -1.7129269396810087 0.013299309325865372 -0.16919395856824648,-0.16615292932670711 -0.079809936467203399 0.042084149196989773 0.15169184155150447 0.18096297157764793 0.060875909379167543,-0.015138211437592343 -1.286751845160933 0.087373769612574703 -1.7175802507274875 -0.10753386817074631 -0.062733244583350611,-0.36817174799462232 -0.5978024121466583 -0.034239503961153259 -0.78093228353799249 0.42502441626638865 0.29462917903590174,23.212532894895752 -330 -150 -16.442307797379168 13.85506068602624 -0.0052716428047886654,-0.94951430314522156 -52.580463590547879 -24.427999434013827 -2.3127724369196585 1.6105770449871386 -0.028052474299300911
ur,tetrapga,12.705891896,0.657850684,0.296142282,0.200345392,34.023177,41.375891,4.252897125,1,0,0,13.518821204,1.558382976,1,5,5,1,0 0 0.060000000000000005,0 0 0.050000000000000003,0 0 0.050000000000000003,wrist_3_link,-1,0,0 0 0,0 0 0,,-0.0094547258177528435 -1.2707354479536521 0.09295798036869049 -1.7035935920800827 -0.11494301952757052 -0.06845357195347905,-0.043071006233740036 -0.031252403957709798 -0.024377977839393446 -0.040934349654669341 0.034834536307291733 -0.0094845976944033343,-0.12995483246340164 -1.7905639621808904 -0.25336574825019975 -1.7064736953556774 0.020894473400409376 -0.16656227653853284,-0.16470339092840747 -0.075216496113788125 0.048581629504148564 0.15595335932245538 0.18111648008041581 0.064587606973068645,-0.018443231157731353 -1.2918738967582124 0.085750486512068486 -1.7213224121905948 -0.10417609114826827 -0.062109367842517089,-0.4132860740717974 -0.6405328014079501 -0.20319210160643325 -0.46794992466507657 0.41980534251248747 0.077857192771085687,29.532536252091013 -307.63317398168778 -150 -16.317378663388901 13.967938619131038 -0.0049387970998446074,1.9887114597752458 -64.778477203925831 -30.0518088531947 -3.0811228582924741 2.2885663119734261 0.029301596062765611
ur,tetrapga,12.747350128,0.660865762,0.315375116,0.141573619,34.15329,41.662167,4.26916125,1,0,0,13.492440282,1.809363933,1,5,5,1,0 0 0.060000000000000005,0 0 0.050000000000000003,0 0 0.050000000000000003,wrist_3_link,-1,0,0 0 0,0 0 0,,-0.010239001716005483 -1.2713870895048784 0.092997335488887153 -1.7059641292429053 -0.11380007863739453 -0.067355474798787868,-0.014158624614106363 -0.003024673760767733 0.0078155390199526036 -0.048099551153354785 0.022503754937600651 0.02298641600884084,-0.13675035850607298 -1.7935864096168226 -0.25121890985921053 -1.6999235757057023 0.028402756012894673 -0.16380931997300616,-0.1630922968948284 -0.07057366923035413 0.054980321865747105 0.16000636993480918 0.18105819794893974 0.068210918345416233,-0.021893795433322545 -1.296666105601441 0.081254846184703966 -1.7202612439029319 -0.10096024210859356 -0.064676914870150121,-0.4314791435033199 -0.59930245715156039 -0.56223675496372061 0.13246629418118086 0.40206434466207241 -0.32107077828723196,32.978300731238548 -286.01359094452124 -148.98111562186506 -15.535963345990142 13.463037415185646 -0.005042400810568907,-2.4909009968158244 -45.787442710877258 -21.236042891924399 -1.9274630035833979 1.2047626817994797 -0.070323205695416391
ur,tetrapga,12.789119076,0.664253766,0.315689268,0.193706797,34.052721,41.478591,4.256590125,1,0,0,13.515604156,1.795401646,1,5,5,1,0 0 0.060000000000000005,0 0 0.050000000000000003,0 0 0.050000000000000003,wrist_3_link,-1,0,0 0 0,0 0 0,,-0.011719981799788769 -1.2718249002645505 0.093874217947246916 -1.7094204169475107 -0.11214118470848279 -0.065865613521338739,-0.036609086829947179 -0.011252164601284491 0.017940339003085271 -0.073956779312398691 0.035660814791449419 0.031802730468723561,-0.14352555037461298 -1.7964347784526091 -0.24878831675561849 -1.6931578525387545 0.035960465751633711 -0.16088482521951664,-0.1612908417238858 -0.065797080554555104 0.06139680705245714 0.1639251501926777 0.18078819384937533 0.07181263890250518,-0.025528842437456473 -1.3018993567617487 0.076251359621324094 -1.7192324267028747 -0.097731455602097728 -0.067243037984598936,-0.45476642918566734 -0.65474499300336997 -0.6259778677563439 0.12832650549405933 0.40383972427574738 -0.32098723352118042,34.616880827305287 -268.48843052336571 -127.89997026298762 -14.762423409323148 12.892953044010582 -0.005231392430595885,1.0873956760440393 -62.157308700236172 -29.056019519282245 -2.6692616986401845 2.0826974745278903 -0.097755184856012534
ur,tetrapga,12.83067411,0.666617442,0.308930814,0.220230025,34.22116,41.683375,4.277645,1,0,0,13.245293954,1.551030553,1,5,5,1,0 0 0.060000000000000005,0 0 0.050000000000000003,0 0 0.050000000000000003,wrist_3_link,-1,0,0 0 0,0 0 0,,-0.013984204310270294 -1.2728972581355966 0.094502431520613786 -1.7129482633307895 -0.11003103711838896 -0.064632715130956267,-0.051727015782152566 -0.033892775509910343 0.0061915605326222558 -0.074904152219030656 0.046021088952846068 0.025620028835762934,-0.1501877031935353 -1.7990686077326385 -0.24610496691320569 -1.6862678482711524 0.043463899550255772 -0.15782709224067817,-0.15932237810162339 -0.060951158703357197 0.067743209149975558 0.16765503387782096 0.18030922249174114 0.075343893057225317,-0.02264421310420742 -1.2913879576236482 0.084101512068414111 -1.7193562903750155 -0.099957403111159568 -0.064338257714845956,-0.3611539931274681 -0.49900057085438665 -0.15969396148628295 -0.40838099202947531 0.4906011116173572 0.19984143325891604,19.209370430688889 -330 -150 -19.145606418425729 17.159193298738678 -0.0037021315838662899,3.2958919161827822 -70.634190127065267 -33.034503732768314 -3.1135289653984728 2.5308953285418738 -0.078888398459810105
ur,tetrapga,12.872442191,0.66696382,0.297175406,0.224107447,34.04661,41.77877,4.25582625,1,0,0,13.11278278,1.695662564,1,5,5,1,0 0 0.060000000000000005,0 0 0.050000000000000003,0 0 0.050000000000000003,wrist_3_link,-1,0,0 0 0,0 0 0,,-0.016853945383035768 -1.2749162415984086 0.093680241738117342 -1.715087831773306 -0.10749669174696548 -0.064604786106870135,-0.059273821947503899 -0.058639689179797297 -0.029305235256943011 -0.042206247538284843 0.052539116438718433 -0.00073192805260269766,-0.15679791559777798 -1.8015111364255041 -0.24314300855275672 -1.6791899504873662 0.050981343449455097 -0.15460696097834448,-0.15716822170819425 -0.055991037903369074 0.074077535899487679 0.1712296380435 0.17961673824023766 0.078837517657789513,-0.026100917871780902 -1.2960300470117794 0.082068145195851511 -1.7205952693764746 -0.096017527535289221 -0.064385075548772167,-0.43228087278114868 -0.58055547249880912 -0.25444188273725471 -0.1550101974389389 0.4926051524656776 -0.0059631513483150433,24.204348089358696 -316.25877909263448 -150 -16.210814250790229 13.747508682274271 -0.0054667615087867667,4.1527770500217258 -72.293139910054379 -33.616117120532522 -3.3774647301943332 2.6084100508531378 0.0021584664794715991
ur,tetrapga,12.914300739,0.665467355,0.303950983,0.216974909,34.163177,41.8798,4.270397125,1,0,0,13.024585068,1.376734746,1,5,5,1,0 0 0.060000000000000005,0 0 0.050000000000000003,0 0 0.050000000000000003,wrist_3_link,-1,0,0 0 0,0 0 0,,-0.019938504210792588 -1.2779143040804808 0.091482164925583365 -1.7160793308836757 -0.10479621129220347 -0.065469230475365667,-0.064977424953692159 -0.08553041887570037 -0.060716356112928013 -0.022075287785759495 0.058473210667640968 -0.018009427008709167,-0.16332851362770295 -1.803749315453246 -0.23991026600141366 -1.671950680725186 0.058481622856929975 -0.15123469075523699,-0.15483450269952137 -0.050935356205512032 0.080373504584600047 0.17463203275560155 0.17871111341646723 0.082279232552781981,-0.029862178041846665 -1.3007083190447761 0.078041332222573145 -1.7186419566488063 -0.09218259453238839 -0.066556888429839173,-0.47035029809268325 -0.58507830310703346 -0.50362264532672407 0.2440262687019823 0.47948733084448913 -0.27158753224091481,30.071974326537958 -292.63177271558158 -147.05525179991727 -15.70161443460657 13.548050268534231 -0.0051533015551886857,4.2906921622459322 -70.474055635926561 -32.546236346491185 -3.3675887983345092 2.4908281665399556 0.055354490900242581
ur,tetrapga,12.956250196,0.665681568,0.313409662,0.096291923,34.101727,41.438658,4.262715875,1,0,0,12.982267082,1.580184769,1,5,5,1,0 0 0.060000000000000005,0 0 0.050000000000000003,0 0 0.050000000000000003,wrist_3_link,-1,0,0 0 0,0 0 0,,-0.020729610754419765 -1.2803491235264528 0.090162745348690385 -1.7170551357035664 -0.10322204561796085 -0.065144701578302711,-0.008863282668233578 -0.038554053551982735 -0.018582676630341698 -0.019625968195222585 0.030888517267535925 0.0081848602655942779,-0.16977164184133928 -1.8057783470522697 -0.23640732554485341 -1.664556669552774 0.065955720226860387 -0.14771187305408581,-0.15232197647333379 -0.045788701899426749 0.086623632936286499 0.17785672796419089 0.17759188473457077 0.08566529738929822,-0.033884832438028686 -1.3058964917813798 0.073588628592001548 -1.7167286595751956 -0.088324849253537563 -0.068708782659842482,-0.50302457635721576 -0.64881589105790005 -0.55685897748837876 0.23902431194482027 0.48233886533824011 -0.26909770085795226,33.099853185242779 -272.67435789751784 -129.16909566983338 -14.791174196709759 12.920277694961273 -0.0050706474796302931,-4.683510949584857 -31.773200059392366 -14.443788470334766 -1.1515336988941272 0.32009922298334459 -0.024571466959599775
ur,tetrapga,12.997781782,0.666692624,0.296177172,0.156377809,34.023488,41.325383,4.252936,1,0,0,12.780498838,1.562029754,1,5,5,1,0 0 0.060000000000000005,0 0 0.050000000000000003,0 0 0.050000000000000003,wrist_3_link,-1,0,0 0 0,0 0 0,,-0.022208678353066509 -1.2817713219490334 0.089712646056606976 -1.7179918879633702 -0.10113603741049124 -0.064892446116436076,-0.037750939162655268 -0.029591751375891848 -0.0093538706582676628 -0.019689414070107672 0.044343460267172709 0.0051502749830321069,-0.17604322430088803 -1.807572929304929 -0.23268233921488021 -1.6571069268023644 0.073304785455527072 -0.1440855730521968,-0.1496652043630439 -0.040619632163859457 0.092745771190396439 0.1808627002061835 0.17627627138479834 0.088952100970026357,-0.031201789866405316 -1.2977906270183834 0.080400057872150515 -1.7184880556660205 -0.090250985226496605 -0.065730705425004587,-0.39460087627283258 -0.49489563624740562 -0.15657491591852746 -0.14104933641515668 0.56009594585271183 0.13363851529100984,15.895847532551851 -330 -150 -18.429663656504673 16.628249311081259 -0.00045066465461934347,-0.54927644200488146 -50.794047762961782 -23.456671305264422 -2.2155561126428438 1.3616589968582957 -0.01562784468185896
ur,tetrapga,13.039207058,0.666842646,0.28666996,0.191289886,34.048968,41.49925,4.256121,1,0,0,12.599871058,1.75028979,1,5,5,1,0 0 0.060000000000000005,0 0 0.050000000000000003,0 0 0.050000000000000003,wrist_3_link,-1,0,0 0 0,0 0 0,,-0.024669667882627009 -1.2831637482507605 0.088790703531321763 -1.7179407952929895 -0.098611437858099796 -0.065406261618128667,-0.056809832102906854 -0.038231927919499732 -0.026045668236617893 0.0014249188942374977 0.054405493957358608 -0.011682380371590459,-0.18218539623222169 -1.8091476380116067 -0.22871507099934976 -1.6495557898767033 0.080576369031377229 -0.14033397453134316,-0.14684966118156043 -0.03539598665718803 0.098780198986425774 0.18367222090156454 0.17475974995850752 0.092162357882873649,-0.034961869388629746 -1.3022492861022914 0.078045862418857956 -1.7173736923775289 -0.085805880791803263 -0.066347699336033877,-0.47023150769367122 -0.55763800258881302 -0.29452691606087783 0.13921881173848716 0.55580173699965729 -0.07722434397948752,22.808934889029999 -311.12109967722921 -150 -16.077436823483318 13.673204345385063 -0.0055728413481205483,2.2693440055831786 -62.138634243684464 -28.693482918240704 -2.9762692670119577 1.9950187632479697 0.035929943973599165
ur,tetrapga,13.080785975,0.665373621,0.293075285,0.203289084,34.112353,41.455919,4.264044125,1,0,0,12.464341618,1.536087267,1,5,5,1,0 0 0.060000000000000005,0 0 0.050000000000000003,0 0 0.050000000000000003,wrist_3_link,-1,0,0 0 0,0 0 0,,-0.027914688986814356 -1.285327800852573 0.086967181323314061 -1.7172020584274648 -0.095599802865660222 -0.066507386512015598,-0.067399529288877866 -0.060046775132271683 -0.047651454819613005 0.01395282609418815 0.061799898055634558 -0.022350525096820121,-0.18822965263552069 -1.8105092686450803 -0.22448333890806452 -1.6418636118324563 0.087807518817221611 -0.13643621017963856,-0.14385977520012289 -0.030090181675861385 0.10475783477062579 0.18629901185597814 0.17303414412748186 0.095312974813370033,-0.039096904199368114 -1.3070117336531037 0.074461387564249554 -1.7146296950601609 -0.081417665994285238 -0.068056895074203955,-0.51710091875791342 -0.59561156095184709 -0.4483118412253585 0.34292306534799677 0.5486905323527429 -0.21374957237208603,29.346400294160805 -288.5215733530473 -140.96257377430348 -15.443531263305024 13.389033384768009 -0.0053013452856883842,3.6155191106637403 -66.268532345398853 -30.493362593878885 -3.2713700089016129 2.2279541655132959 0.068666934744868513
ur,tetrapga,13.122318275,0.665906556,0.308331401,0.115291269,34.170564,41.665292,4.2713205,1,0,0,12.375008604,1.722795564,1,5,5,1,0 0 0.060000000000000005,0 0 0.050000000000000003,0 0 0.050000000000000003,wrist_3_link,-1,0,0 0 0,0 0 0,,-0.028905013137856737 -1.2869289288597774 0.086235179422339825 -1.7174962606648969 -0.093930497921991388 -0.066260694261556258,-0.015970924719808825 -0.023349074537378323 -0.0083180420430723715 -0.0055169337943387605 0.033363872001938945 0.0053789680845045765,-0.19413966354801934 -1.8116479224939857 -0.22000998742718847 -1.6340750941831641 0.094954738994316099 -0.13241357643018586,-0.14071186051446072 -0.024732915991581512 0.11064283629148385 0.18872631709619264 0.17110892899916383 0.098385444588557885,-0.043506746203213272 -1.3123064243309817 0.070519628363878067 -1.7119306743224185 -0.077015779164859161 -0.069747156139398275,-0.55145181789626241 -0.66214195183507574 -0.49297238444574426 0.33730099289484827 0.55039953634124728 -0.21138273825011661,32.679304601758425 -267.55441419298182 -126.1876027600275 -14.353705460484628 12.606623265606764 -0.0048635870592838269,-3.2022190392624168 -37.917681418247412 -17.293690313475622 -1.5141952615495029 0.65929715673613032 -0.016134751885601872
ur,tetrapga,13.164085714,0.666543002,0.287958716,0.167480563,34.145513,41.474827,4.268189125,1,0,0,12.247865892,1.664088803,1,5,5,1,0 0 0.060000000000000005,0 0 0.050000000000000003,0 0 0.050000000000000003,wrist_3_link,-1,0,0 0 0,0 0 0,,-0.030688109262734655 -1.2879127254068168 0.085949244641931294 -1.717238618197918 -0.091590565914828767 -0.066278945406475706,-0.043902947996065853 -0.022328674754679211 -0.0073098682932471633 0.0058346425380470853 0.050001983160828982 -0.00069834282297728714,-0.19994793869241806 -1.8125675197413782 -0.21526673490673398 -1.6261449964526047 0.10205758873048011 -0.12824109594347424,-0.13738620065008586 -0.019292967730367688 0.11646781182293034 0.19096610226916197 0.16897189955124614 0.10139708214054599,-0.04052405452425499 -1.3040214742185459 0.076849914090721255 -1.7131369948418582 -0.079348143697153858 -0.067820487009401853,-0.42843913261793687 -0.48914022725597661 -0.17319154372258166 0.18091812762729342 0.61946044666775757 0.024020417891479365,14.355559729539465 -328.2625069761018 -150 -17.517563605778108 15.981718768815508 0.0030481750881142713,0.52488532193828519 -54.505024927568229 -25.122084419217856 -2.5182387583890886 1.5670982978035966 0.0022016961620181519
ur,tetrapga,13.205664438,0.665978238,0.282917468,0.195672067,34.006645,41.344303,4.250830625,1,0,0,12.028146994,1.703075069,1,5,5,1,0 0 0.060000000000000005,0 0 0.050000000000000003,0 0 0.050000000000000003,wrist_3_link,-1,0,0 0 0,0 0 0,,-0.033441521962787171 -1.2892005647911657 0.085165405358715029 -1.7161142920378614 -0.088693973158139622 -0.06683824882458736,-0.062836871019188958 -0.03763224177361605 -0.023806812126610493 0.023736480052148377 0.062476553633424504 -0.012372327904196331,-0.20558873972947378 -1.8132562974569622 -0.21030531616870218 -1.61816203647301 0.109035567819639 -0.12396420388243538,-0.13391916919508759 -0.013831008697765395 0.12216688755823199 0.19299239149701503 0.16664688491707222 0.10431425931636883,-0.044559844125108758 -1.3082955449952596 0.074122984925567459 -1.709642048614338 -0.074492766546046557 -0.06904348614266409,-0.50471408929134931 -0.5345669657959633 -0.34109308728458659 0.43687114113430509 0.60713116846291104 -0.15297284462849592,22.301351724198614 -302.84427492220351 -148.16268312248823 -15.932113492744687 13.639517407012271 -0.0056967006732106754,2.916233456455501 -63.676245023511001 -29.350810092417817 -3.14176207559467 2.0790399214572517 0.037919953276116303
ur,tetrapga,13.24708579,0.663821905,0.292925525,0.205016416,34.122247,41.682471,4.265280875,1,0,0,11.855672388,1.485793116,1,5,5,1,0 0 0.060000000000000005,0 0 0.050000000000000003,0 0 0.050000000000000003,wrist_3_link,-1,0,0 0 0,0 0 0,,-0.036848695668969686 -1.2913448256507383 0.083614943966552807 -1.7144351391520867 -0.085360623322287943 -0.067772263185702036,-0.075322467371572652 -0.062676093000601812 -0.044157422084700568 0.034562940204794751 0.072339550987582144 -0.020050210324361398,-0.2110616879435146 -1.8137157922197655 -0.2051292195589102 -1.6101297486883031 0.11588699320015546 -0.11958460726255463,-0.13031312563957922 -0.0083490645490253527 0.12773915466395755 0.19480659897911279 0.16413730113758676 0.10713734680619488,-0.049022755779970922 -1.3131575345612221 0.071007166271224095 -1.7062038822644461 -0.06963602314036707 -0.070237676518241823,-0.55810434604239889 -0.60805681445207271 -0.38970427343328173 0.42977365643078669 0.60730195028443656 -0.14937174991793151,28.994624412076714 -281.4430804533676 -133.04194177368529 -15.049506213322527 13.148556444556448 -0.0053222483636415924,4.0920799284264149 -66.90993777559288 -30.752462411904702 -3.3818582519515985 2.2619312697941041 0.061466434910585122
ur,tetrapga,13.288838411,0.663338861,0.307693636,0.112721244,34.005547,41.329274,4.250693375,1,0,0,11.737035779,1.628152928,1,5,5,1,0 0 0.060000000000000005,0 0 0.050000000000000003,0 0 0.050000000000000003,wrist_3_link,-1,0,0 0 0,0 0 0,,-0.038083609622935811 -1.2931344710681689 0.082735280534235942 -1.7138354602166426 -0.083375830932119241 -0.067821288533423035,-0.017743013689546026 -0.02527355400157346 -0.010055136900435016 0.011408724643937627 0.036941013795190575 6.3380126723755214e-06,-0.21642409829739301 -1.8139484042202709 -0.19968046437885412 -1.601961513238858 0.12268399692234659 -0.11505343712717202,-0.1265277817029524 -0.0027878785641895949 0.13324328548798756 0.19642640722043628 0.16141530564541817 0.10989633779733604,-0.053755567709648962 -1.3185683832412134 0.067617224673084342 -1.7028121751126253 -0.064771313883472473 -0.07140582663293267,-0.59192866922973986 -0.67676620046957436 -0.4240299342195738 0.42399470676241768 0.60838040425099216 -0.14613713123403288,32.31371893942142 -259.75993824476166 -121.86551930676301 -13.790423506232033 12.204507265723965 -0.0044943641993139593,-3.0470795086793601 -37.198010592403079 -16.877144830738132 -1.5261495362256028 0.6415616760660896 0.00034415839837720341
ur,tetrapga,13.330268536,0.662812122,0.286012417,0.160729656,34.13422,41.589352,4.2667775,1,0,0,11.598732737,1.548356611,1,5,5,1,0 0 0.060000000000000005,0 0 0.050000000000000003,0 0 0.050000000000000003,wrist_3_link,-1,0,0 0 0,0 0 0,,-0.040063147756251208 -1.2942159094977492 0.082217835834437647 -1.7122292515893112 -0.080720334165314031 -0.068221680381486058,-0.046029043116526509 -0.024048231339406183 -0.012113140177796931 0.033089919544490837 0.054818876798247013 -0.0083439079232953944,-0.2215858243035049 -1.8139490770104065 -0.19404906978506187 -1.5937938628843387 0.12931225437441302 -0.11044523465938574,-0.12262569695555263 0.0027598185374986986 0.13858683561057808 0.19782422394789198 0.15852665882367878 0.11254532254021762,-0.050497514021514152 -1.3100876221093567 0.073003880498461543 -1.7034351794189511 -0.067472833648675123 -0.070411654527480133,-0.44868312508050162 -0.46213952521975343 -0.23934983663848391 0.51070739789453934 0.65926967053435148 -0.074796810982683981,12.66625934451173 -316.05522040993543 -148.0013085893597 -16.434496437341981 15.186807518870491 0.0064930750231147784,0.48845860515467621 -52.573070112139249 -24.109448363088973 -2.5327593741494638 1.4892191101340302 0.025678390723413713
ur,tetrapga,13.37192811,0.661203492,0.283650967,0.188264923,34.022168,41.412813,4.252771,1,0,0,11.359799956,1.554563805,1,5,5,1,0 0 0.060000000000000005,0 0 0.050000000000000003,0 0 0.050000000000000003,wrist_3_link,-1,0,0 0 0,0 0 0,,-0.042979837702027693 -1.2956195885175783 0.081404363052501982 -1.7099999295679491 -0.077515973243222777 -0.068868613212533028,-0.066462509342234855 -0.039767206556838346 -0.023884368180151421 0.046787974707970005 0.068958872269644381 -0.013899249094072284,-0.22661013975661326 -1.8137174829448564 -0.1881658331296171 -1.5855269931092961 0.13585268780795634 -0.10570274756687952,-0.11855888585647632 0.0083620959772975293 0.14383525249620135 0.19901744933874754 0.15543697061440931 0.11511727450663693,-0.054771416165035065 -1.3144773384221025 0.07074441876607851 -1.6993125859136331 -0.062222894503514217 -0.07109809926917382,-0.53446034866085612 -0.54898632005232295 -0.28261197834245877 0.51536686406898358 0.65644792984358502 -0.08587706998234973,21.177125981334669 -292.35160718666862 -137.85663924227342 -15.372556760287498 13.265523522218979 -0.0057663973645695546,2.8038839278530077 -61.465104492987848 -28.23973850153132 -3.1212196610385945 1.9881627452832618 0.042562646464318732
ur,tetrapga,13.413471546,0.658064923,0.296092206,0.197809958,34.028221,41.364891,4.253527625,1,0,0,11.175686277,1.328527829,1,5,5,1,0 0 0.060000000000000005,0 0 0.050000000000000003,0 0 0.050000000000000003,wrist_3_link,-1,0,0 0 0,0 0 0,,-0.046601638732486052 -1.2978888592443247 0.080010018756463297 -1.7073526451998902 -0.073823638630196461 -0.069688519472077118,-0.080024209756296982 -0.064714614193185027 -0.040174807564992684 0.054831504311709557 0.079831089545760639 -0.01743459431497656,-0.23144882624288929 -1.813253725409985 -0.18208395777831751 -1.5772381057188498 0.14224293223495446 -0.10086873046111211,-0.11436414365414459 0.013966822460630432 0.14893850128162103 0.1999936475757661 0.15217480241620579 0.11758796124229645,-0.059472676440143063 -1.3194694376605418 0.068193802684480762 -1.6952468859866285 -0.056982942212974258 -0.071747256054237568,-0.58788011510924165 -0.62428418576403133 -0.31900627199429721 0.50825516677982718 0.65519957301596743 -0.081216075403607299,27.983617735690597 -269.98276967587526 -126.90063002493672 -14.271288839042619 12.559677481631345 -0.0048449983455532211,3.9742457587222191 -64.689345968270572 -29.671493690587084 -3.3502891417301726 2.1761153087053628 0.05335380405909973
ur,tetrapga,13.454939748,0.656877443,0.308434666,0.107688382,34.190137,41.528585,4.273767125,1,0,0,11.043259389,1.434536241,1,5,5,1,0 0 0.060000000000000005,0 0 0.050000000000000003,0 0 0.050000000000000003,wrist_3_link,-1,0,0 0 0,0 0 0,,-0.047878771054324788 -1.2995713488921343 0.079026634983429073 -1.7059254849562429 -0.071792640240256347 -0.069945009263603766,-0.019518159915480469 -0.025249394755535479 -0.013920452244834113 0.029284321560609894 0.040048073293267733 -0.0047395306999734538,-0.23610214657941839 -1.8125583265198866 -0.1758044636801786 -1.5689282249769609 0.1484827757742328 -0.095943091702408362,-0.11004207282741583 0.019573631783408582 0.15389668094391104 0.2007538417939784 0.14874209383712231 0.11995803907762181,-0.064437352246438012 -1.3249903657836968 0.065391832167812386 -1.6912309136456927 -0.051741001388564981 -0.072368185342726515,-0.62088661569426218 -0.69047443896771887 -0.35046671929528028 0.50208580566855021 0.65553312368402683 -0.077702107575881807,31.243486766929188 -248.834340657832 -116.60321446478963 -13.147049451915409 11.728047871346721 -0.0042762027640612463,-3.047053245655519 -35.537166207687733 -16.003070783718613 -1.5131210311701579 0.60392541029332847 0.014914446644922918
ur,tetrapga,13.496546345,0.655530533,0.285626297,0.155702357,34.024817,41.43825,4.253102125,1,0,0,10.909725035,1.340453522,1,5,5,1,0 0 0.060000000000000005,0 0 0.050000000000000003,0 0 0.050000000000000003,wrist_3_link,-1,0,0 0 0,0 0 0,,-0.049922736988005513 -1.3006689952798949 0.078540956612857926 -1.7035894815937824 -0.068973049491704325 -0.07031501816646242,-0.049580502161029827 -0.024610108330573074 -0.011273589605381424 0.049973116721811636 0.060179136199220391 -0.0079504495438196699,-0.24058812252195305 -1.8116267825064021 -0.16930030844326502 -1.5605634198892835 0.15459677204736741 -0.090904285464501397,-0.10557402371690496 0.025205634077137575 0.15872932107559401 0.20130029478204295 0.14512489908477455 0.12223715333366252,-0.060930001449697277 -1.3166606340893117 0.070582186754172771 -1.6927469742405188 -0.054784384958796034 -0.071382563739762497,-0.46889567401313625 -0.47904840647615898 -0.17313615687616377 0.58294755392810638 0.69672532048376135 -0.0051632214033853051,10.937090258755983 -301.46201729086886 -139.25959838240519 -15.239100121129368 14.282751722652909 0.0098503963874544548,0.49808621270582876 -51.090725775111423 -23.355353575907031 -2.5293969492713586 1.4611498883017902 0.024410779072042033
ur,tetrapga,13.538063796,0.65297044,0.285158358,0.182828265,34.252309,41.832468,4.281538625,1,0,0,10.677797068,1.297866589,1,5,5,1,0 0 0.060000000000000005,0 0 0.050000000000000003,0 0 0.050000000000000003,wrist_3_link,-1,0,0 0 0,0 0 0,,-0.053027075575039509 -1.3021565558975245 0.077913838355168852 -1.7006140895837791 -0.065470660674499387 -0.070778029774483206,-0.070433048517922578 -0.041213165358029484 -0.019414616811499232 0.062451104853967272 0.075196715326212527 -0.0098393396783919371,-0.24487652487029232 -1.8104636245868044 -0.16261270824890969 -1.5521983761746454 0.1605441388043764 -0.085783843536954549,-0.10098825087054457 0.030826233509649761 0.16340419956578953 0.20162872809266713 0.14134704728077865 0.12441041595040915,-0.065369625997153583 -1.3211688934599786 0.068897826133945544 -1.6880281226669633 -0.049230666390786992 -0.071523340513862069,-0.55515736385554604 -0.56376744610378238 -0.21067826063350195 0.58993894034959937 0.69441987844040087 -0.017648280693039156,19.832031263143399 -278.05943164996052 -130.85286165953934 -14.501799173729093 12.621678419661675 -0.0054059186257170416,2.7786943999016671 -59.780698269787536 -27.424239711553412 -3.1049501863717524 1.9545207184239501 0.030005289082794206
ur,tetrapga,13.58000158,0.648647207,0.301172635,0.190098961,28.562759,36.10826,3.570344875,1,0,0,10.500127182,1.038864687,1,5,5,1,0 0 0.060000000000000005,0 0 0.050000000000000003,0 0 0.050000000000000003,wrist_3_link,-1,0,0 0 0,0 0 0,,-0.05701297744191762 -1.3046624756247334 0.076766936298532887 -1.6971250012257293 -0.061283789703974065 -0.071315158099917217,-0.082251302304348614 -0.066585551110474303 -0.03323721220928557 0.06816960921806571 0.085058923882491227 -0.010689825376193375,-0.2490124293552978 -1.8090518708875358 -0.15566357458375626 -1.543739407156776 0.16638899276127697 -0.080522136129957025,-0.096231212246478529 0.036498491054213877 0.16797143572023604 0.20173990918347312 0.13736480880187182 0.1265010917318008,-0.070229337750619722 -1.3262493190324063 0.0669397909266638 -1.6833700918456964 -0.043694190521503473 -0.071625033077296008,-0.60766826460677548 -0.6352882213238773 -0.24488758401531729 0.582336346313575 0.69226454109971092 -0.012762754359835437,26.637678703811446 -256.54888640832047 -120.55792599948515 -13.502681596059979 11.984269018425778 -0.0046114160950559112,3.7605257124301374 -62.2172399072806 -28.514844162219504 -3.2798911941663391 2.1086969047737085 0.032546654982525069
ur,tetrapga,13.616207568,0.647176891,0.309832294,0.102870905,28.68596,36.052949,3.585745,1,0,0,10.359197195,1.13448762,1,5,5,1,0 0 0.060000000000000005,0 0 0.050000000000000003,0 0 0.050000000000000003,wrist_3_link,-1,0,0 0 0,0 0 0,,-0.058113734023865084 -1.3061342684234485 0.076108831152087011 -1.6957603380874067 -0.059488987217393166 -0.071338349216897357,-0.021560672158880717 -0.028893102949768164 -0.01113297500361937 0.034308087199382442 0.043960136283162803 -0.00045039698401259687,-0.2524207310516825 -1.8076418850533729 -0.14951259734383585 -1.53643621076175 0.17129818011478776 -0.075910681199774011,-0.092026811546710885 0.041386677792201149 0.17178506163031987 0.20165727045324741 0.13379629164065954 0.12821985673400241,-0.075342468567155915 -1.331828641142248 0.064743724177018902 -1.6787659805303976 -0.038160201745798233 -0.071697057190309915,-0.63941658546349411 -0.69772167226862369 -0.27466586243587987 0.57565536562076103 0.69203704865461524 -0.0090627079646591561,29.80376158134273 -236.31335341731284 -110.74669434044806 -12.443458161283104 11.195586565344211 -0.0040641233989181548,-2.9994694714584398 -33.947398503456498 -15.243732837473658 -1.4418767439274234 0.5917004053772672 0.0016863939719655718
ur,tetrapga,13.65237274,0.645428275,0.281390757,0.153573358,34.069344,41.552675,4.258668,1,0,0,10.249655359,1.07459637,1,5,5,1,0 0 0.060000000000000005,0 0 0.050000000000000003,0 0 0.050000000000000003,wrist_3_link,-1,0,0 0 0,0 0 0,,-0.059833722099273942 -1.3071774502912994 0.075926474591359247 -1.6935224698829878 -0.05694057398391518 -0.071385799301121863,-0.056478780797868472 -0.028203708145728881 -0.004548839263888842 0.062203292176189466 0.06972725733348667 -0.0013957657320437162,-0.25567163806792459 -1.806057015504434 -0.14323293059943348 -1.5291472254553948 0.17607071770321633 -0.071243763425238679,-0.0877400104394115 0.046257146857249583 0.17547116943359967 0.20140937345323387 0.13011448337794532 0.12985560016231246,-0.071447054458926074 -1.3234313496365253 0.069474034729862133 -1.6809709831495243 -0.041775007332441903 -0.071043568408212188,-0.48250750741212761 -0.49119119423818058 -0.1077118411559999 0.64672598275026505 0.72206679239758031 0.062202632769001093,9.5373251897255784 -285.53227200378581 -130.21176012196534 -14.025910965834399 13.341560450281779 0.012735402422662318,0.43777521454478574 -50.31792181623041 -23.036003659353952 -2.5506329507015835 1.4681512982772205 0.0041473646872134395
ur,tetrapga,13.693993576,0.642058483,0.283450788,0.181472889,28.627471,36.180624,3.578433875,1,0,0,10.035449838,0.964848519,1,5,5,1,0 0 0.060000000000000005,0 0 0.050000000000000003,0 0 0.050000000000000003,wrist_3_link,-1,0,0 0 0,0 0 0,,-0.063063094255666183 -1.3087560650727117 0.075702209877529014 -1.690099569355626 -0.053178598255673087 -0.071460376626962641,-0.07806311132942706 -0.044297610917297496 -0.010434781314808699 0.076209612532165655 0.084992707833703454 -0.0016699577097870914,-0.25921899900495177 -1.8040154420112411 -0.13584406285928891 -1.5207738324012234 0.18139559877939654 -0.065801628708479915,-0.082702632286161551 0.051842262579881226 0.17955671963128081 0.20091962061658894 0.12573656337776229 0.13163619610346344,-0.07598444493852588 -1.3280125843522965 0.068356063258595917 -1.6757240877743138 -0.036011174073263187 -0.070656364956338813,-0.56735861096627782 -0.5728528852805761 -0.13983700140029809 0.65597693239253529 0.72068100216018305 0.048367034147237316,18.605433029891433 -262.66504772496796 -123.41168720233264 -13.600241998586435 11.956128759636332 -0.0050197922439453374,2.9561509255808573 -59.212516443027198 -27.220933275505161 -3.1544429704108552 1.9877264775437595 0.0047656836138401104
ur,tetrapga,13.730284146,0.637424092,0.29971228,0.193892537,34.159589,41.894702,4.269948625,1,0,0,9.863403528,0.742815905,1,5,5,1,0 0 0.060000000000000005,0 0 0.050000000000000003,0 0 0.050000000000000003,wrist_3_link,-1,0,0 0 0,0 0 0,,-0.066811637901745657 -1.3110196035408568 0.075162631770508886 -1.6864522080595497 -0.049129344307366027 -0.071530906651758916,-0.094497402776244313 -0.069272801864570979 -0.022109953191653563 0.086574477079909506 0.098748877070505239 -0.0016845252231097085,-0.26213928330138292 -1.8020460210795557 -0.12926535370480352 -1.513492827297527 0.18588755692918266 -0.060997687222895031,-0.07822312242268431 0.056690222339483363 0.18297870802578384 0.20031426653814507 0.12180042604359247 0.1330984210452644,-0.080924883183193186 -1.333131607144757 0.066983199743405109 -1.6705421989168676 -0.030271142402997993 -0.07022807177113416,-0.61773958159971742 -0.64007639486673007 -0.17169850689087374 0.6478511176719941 0.71770580354599312 0.053503250813646749,25.237808382067758 -242.1589849918208 -113.81405826355643 -12.701495446850954 11.378682520953589 -0.0043489965557014813,4.2790324264709625 -63.213336151104158 -29.083880591940328 -3.4534173578049376 2.2236996888843237 0.004684598802725759
ur,tetrapga,13.772255069,0.634668272,0.31103587,0.101016471,34.045772,41.568292,4.2557215,1,0,0,9.748210283,0.727028254,1,5,5,1,0 0 0.060000000000000005,0 0 0.050000000000000003,0 0 0.050000000000000003,wrist_3_link,-1,0,0 0 0,0 0 0,,-0.068518460955660734 -1.3129434394949178 0.074535168155891951 -1.6844146099523953 -0.046689537190050485 -0.071399170124826078,-0.02296788988356387 -0.029902050448555303 -0.00716698409344909 0.038577977978382645 0.045750831867471461 0.0036092168151295205,-0.26531198142965889 -1.7995495390530003 -0.12150539050941966 -1.5051037072261586 0.19090179967168175 -0.055377767690181129,-0.072945440599062467 0.062266292123447649 0.18676911093268109 0.19940751368964596 0.11711510521674184 0.13468303298301734,-0.086102337515403859 -1.3387164539983876 0.065386975222838706 -1.6654180962742253 -0.024537957418442152 -0.06976886668997645,-0.64742921125093278 -0.69836155592699301 -0.19962824397752982 0.64069257910078725 0.7169288252823699 0.057366019938770996,28.21712742951312 -222.95430544295982 -104.54259571869393 -11.710609479014254 10.633169923733117 -0.0038276846762312989,-2.8723630180238615 -33.33543556454606 -15.010144564337452 -1.4318126958705761 0.6538969327214943 -0.010853537378750389
ur,tetrapga,13.813900349,0.631659685,0.288348283,0.14608044,34.163567,41.614668,4.270445875,1,0,0,9.612845831,0.572089614,1,5,5,1,0 0 0.060000000000000005,0 0 0.050000000000000003,0 0 0.050000000000000003,wrist_3_link,-1,0,0 0 0,0 0 0,,-0.070746713853065038 -1.3143362100623115 0.074570946918875711 -1.6814279978210636 -0.043511921433735355 -0.07115992563710645,-0.053226699065339465 -0.030555333601946549 0.00044700755320476636 0.063936571438514223 0.067718720916259481 0.0051134302924041343,-0.26823905911387003 -1.7968418865474454 -0.11365216939402653 -1.4968218523216532 0.19567992255221239 -0.049738099697808041,-0.067610561815281564 0.067760955873683387 0.19034859118575975 0.19828951311521542 0.11233055169714534 0.13614092407053063,-0.082306674778433758 -1.3305170956567156 0.06963465847273384 -1.6678029877484026 -0.028141486592320755 -0.069435857098823245,-0.48539234663721142 -0.49897330290734421 -0.043087914218785821 0.7025972867904613 0.73557195532744402 0.12855007548680433,7.8028253396051852 -267.84268656754284 -120.36670238268265 -12.7214216454637 12.320604341830016 0.015730563441538947,0.39010112813423348 -47.799925897573303 -21.912065934736205 -2.4226127223719232 1.4527884048017228 -0.015883189250502028
ur,tetrapga,13.855630568,0.627106734,0.292354185,0.170843947,34.053352,41.686349,4.256669,1,0,0,9.431169893,0.469798226,1,5,5,1,0 0 0.060000000000000005,0 0 0.050000000000000003,0 0 0.050000000000000003,wrist_3_link,-1,0,0 0 0,0 0 0,,-0.074185888597475741 -1.3162167875512698 0.074641367036270168 -1.677495190547114 -0.039434214667404509 -0.070846191935746886,-0.072601273744838879 -0.046343121392650823 -0.0038448935071883879 0.077917010802531689 0.082157841211905849 0.0062776338163038113,-0.27094729651251548 -1.793900079728477 -0.1056372618618527 -1.4885743371602527 0.20026520454054625 -0.044028439117420957,-0.062171758975563464 0.07322291671518541 0.19374976581912681 0.19695221111026151 0.1074066818521027 0.13748595960621532,-0.086851201218687585 -1.3351321211246874 0.069080291308450933 -1.662098552923081 -0.022267081261975748 -0.068518505592458104,-0.56823096574611509 -0.57704174814131237 -0.069348184026285689 0.71319046687358889 0.73449443326131059 0.11465363757483586,17.058746149011483 -245.6447330290049 -115.25143460574071 -12.626197928356362 11.219380182456794 -0.0045759503914073896,2.4319287597880361 -55.615932581600646 -25.626592112091231 -2.9660135906342475 1.9090982566741275 -0.019684305480694775
ur,tetrapga,13.897386484,0.621224022,0.310664836,0.179659319,34.049187,41.365776,4.256148375,1,0,0,9.158645595,0.17446033,1,5,5,1,0 0 0.060000000000000005,0 0 0.050000000000000003,0 0 0.050000000000000003,wrist_3_link,-1,0,0 0 0,0 0 0,,-0.078225436142325272 -1.318883699951821 0.074400695109451728 -1.6732216686888028 -0.034955242970275843 -0.070491084080858774,-0.086088794129602922 -0.069905946931848831 -0.013991987508309907 0.087020145172805902 0.093885835956809577 0.0073350345079170624,-0.27342817245032586 -1.7907293406063751 -0.09747930843502095 -1.4803821167435813 0.20464504195859304 -0.038261528947159791,-0.056641503045193622 0.0786384838951667 0.19696302530242379 0.1953979809498872 0.1023560504263441 0.13871437965817612,-0.086315572632231177 -1.3307264635931206 0.071936258192882491 -1.6617068091956511 -0.022695174745057105 -0.0681053035160048,-0.47226735160619437 -0.46492403150158823 0.024444654088340494 0.74426112516202392 0.73963061114880602 0.17493241786057204,5.3624924178273865 -268.04980544176829 -119.93387080889968 -12.553674367837221 12.136427193015887 0.016289094206406771,3.438991916014686 -58.415362299907429 -26.948897785588798 -3.1921054481463216 2.0870880730036845 -0.023041044836645597
ur,tetrapga,13.938831065,0.618472589,0.311645431,0.102028938,34.031406,41.674103,4.25392575,1,0,0,8.940063064,0.426658565,1,5,5,1,0 0 0.060000000000000005,0 0 0.050000000000000003,0 0 0.050000000000000003,wrist_3_link,-1,0,0 0 0,0 0 0,,-0.079507954118673299 -1.3205033401899327 0.074106026471536232 -1.6713177958757111 -0.032824222649769662 -0.070142917642427652,-0.022102840259388828 -0.024418945795681588 -0.00047409476846331034 0.039379151737707972 0.042695717977752838 0.0071778997175369142,-0.2756604846909288 -1.787359753833784 -0.08925347591808154 -1.4723195661907635 0.2087812459533423 -0.032489331068534237,-0.051070482764365946 0.083958808938157339 0.1999605923844644 0.19364315647896727 0.097226850279276147 0.1398162089219695,-0.090760760557071357 -1.3350775736357876 0.071940161272155481 -1.655731028224092 -0.016805539736256144 -0.066749454909048961,-0.55575909824562242 -0.54399365497664287 0.00046191600606868 0.74707104532055413 0.73633656586534002 0.1694770786483471,16.409330267168642 -246.08154561831208 -115.48470692921522 -12.669024524229526 11.306879297681972 -0.0044969517390483051,-2.7045039998373568 -33.669549689052474 -15.290567069295662 -1.4628383006693184 0.80034671242680133 -0.021892520264231052
ur,tetrapga,13.980616572,0.61493718,0.290446932,0.14637195,34.105047,41.515068,4.263130875,1,0,0,8.772257894,0.35758893,1,5,5,1,0 0 0.060000000000000005,0 0 0.050000000000000003,0 0 0.050000000000000003,wrist_3_link,-1,0,0 0 0,0 0 0,,-0.081712923924762454 -1.3217718385288735 0.074506551108368277 -1.6681642235778344 -0.029706404489099753 -0.069620891162112286,-0.052531742458032778 -0.027856725332162657 0.0084680864132336605 0.067622571660772041 0.066516289997586159 0.01119367758250695,-0.2776757831995868 -1.7837404728746822 -0.080838299408038786 -1.4642687476996137 0.21273393473433463 -0.026625909003529277,-0.045376217694265461 0.089261918550645539 0.20278582904964704 0.19166173915272058 0.091944597686609314 0.14080750074128551,-0.095586152600250843 -1.3399297353369195 0.07170761198557829 -1.649814323450407 -0.010936109360151033 -0.065365423004445061,-0.60332145017860594 -0.60665353247241249 -0.029090551213189129 0.73972928457730547 0.73385832620290126 0.17300752202158387,23.111216757875582 -227.53994477574111 -107.15800833681082 -11.925604022255371 10.849282230192522 -0.0041024078742520047,0.52485152263903956 -47.583872414318648 -21.955792462234655 -2.4465288692517788 1.5700696186231582 -0.034655812044690038
ur,tetrapga,14.022235909,0.612846018,0.287746742,0.117942159,34.023033,41.354626,4.252879125,1,0,0,8.65369562,0.369150912,1,5,5,1,0 0 0.060000000000000005,0 0 0.050000000000000003,0 0 0.050000000000000003,wrist_3_link,-1,0,0 0 0,0 0 0,,-0.083107294680609095 -1.3222183674782495 0.075120200992861277 -1.6659035797570814 -0.027558142610719802 -0.069126245491534261,-0.028346305794320271 0.0014602259358279172 0.019366987547056451 0.047154592549912319 0.042850132119073091 0.010365491748624866,-0.27944502971599683 -1.7799166769087271 -0.072343393232579351 -1.4563366230717598 0.21644930466730983 -0.020747135162512104,-0.039632678910195965 0.094477500007495357 0.20539983111225701 0.1894785377330519 0.086579187455595286 0.14167442983265185,-0.10062286887182272 -1.3452129557557257 0.071262279087220798 -1.6439482401929468 -0.0050766932574568963 -0.063962609762177491,-0.62973697872765433 -0.6605358721816994 -0.055688502685726532 0.73340159504918023 0.73260654202652975 0.17535518922954291,26.115187004941586 -210.13278720634062 -98.811365653562049 -11.048287036682542 10.180166793176991 -0.0036196892848796786,-1.7581525184861562 -38.458632812755241 -17.691323832932483 -1.7934190761470745 1.1247261384182394 -0.031842806350312003
ur,tetrapga,14.063687819,0.609470384,0.273037006,0.162218677,34.142062,41.809847,4.26775775,1,0,0,8.581623278,0.202646363,1,5,5,1,0 0 0.060000000000000005,0 0 0.050000000000000003,0 0 0.050000000000000003,wrist_3_link,-1,0,0 0 0,0 0 0,,-0.08558936964220773 -1.3226222166282344 0.076363616174563914 -1.6622679907968325 -0.024294213991986391 -0.068330524754356567,-0.054780604941850074 -0.008279794835549836 0.025336499147526028 0.07324657587432333 0.065348789775453955 0.016054498740812613,-0.28096816954964499 -1.775893964941748 -0.063778695273673636 -1.4485310004714513 0.21992573806636831 -0.014858642329533316,-0.033846290813599855 0.099600725795684256 0.20780178154550691 0.18709845888418292 0.081138597123819073 0.14241749128755557,-0.10577137794382079 -1.3508741930731103 0.070631888292293915 -1.6381258509085634 0.00077629063321792277 -0.062546622629825799,-0.6437110787809297 -0.70778798450399028 -0.078820739756899127 0.72793984841459025 0.73180251552411502 0.17700192549005669,26.914994839445555 -193.45499254560985 -90.823407034509785 -10.166957972899322 9.4532256951313265 -0.0031876926038831126,1.3856621116785846 -52.284782612164236 -24.332801560627445 -2.7639305953825897 1.9002465241360582 -0.049749126783353859
ur,tetrapga,14.105599754,0.604464719,0.284248758,0.183469178,34.089914,41.470475,4.26123925,1,0,0,8.531291361,0.122152549,1,5,5,1,0 0 0.060000000000000005,0 0 0.050000000000000003,0 0 0.050000000000000003,wrist_3_link,-1,0,0 0 0,0 0 0,,-0.088958501172652124 -1.3237724356385192 0.077538176660946742 -1.6578831272900356 -0.020324626795020506 -0.067353679857088358,-0.073040432790486026 -0.031416910734375331 0.019887743051746721 0.089931342892883986 0.082518895759514016 0.020189752227469399,-0.28226304758380044 -1.7716123015964969 -0.055022040570109565 -1.44074337184086 0.22320952930238905 -0.0088760490368229202,-0.02793431139731279 0.10470290335755247 0.21002293606619796 0.18448590248734684 0.075546238591922985 0.14304583215320707,-0.10118171421121648 -1.3413894575976015 0.074598184561862235 -1.6417637300231314 -0.0039139184841545677 -0.063003090510250132,-0.47717055401308939 -0.50833456513880115 0.064133065459717975 0.78016547845437045 0.73262096418822198 0.243384358623916,7.1644276546198142 -234.56638400267298 -102.49501906675084 -10.484216631748565 10.547141862492014 0.020014948587641999,3.1239773716806098 -58.888021189189203 -27.520376739804277 -3.2649777215956419 2.2854915605270421 -0.062687987131596401
ur,tetrapga,14.147144267,0.597751705,0.309023075,0.188693495,34.170634,41.7266,4.27132925,1,0,0,8.09341173,0.398877644,1,5,5,1,0 0 0.060000000000000005,0 0 0.050000000000000003,0 0 0.050000000000000003,wrist_3_link,-1,0,0 0 0,0 0 0,,-0.092952570575032478 -1.3259838401096324 0.078364395182990987 -1.6529837083109087 -0.015776557883636005 -0.06623585587372631,-0.084938485468441807 -0.05922965067426729 0.0090576187204539135 0.10004133825004935 0.095141243647703863 0.023083686777684922,-0.28330086793476744 -1.7671588389789354 -0.046254615240488538 -1.4331362866709614 0.2262314489629263 -0.0029224671326162801,-0.022018822864400048 0.10967768006770617 0.21201604562050277 0.18169459817792213 0.069919067900728174 0.14354594069537993,-0.10051905332067784 -1.3371783379270059 0.077580185685142494 -1.6408482547549172 -0.0040072537736534665 -0.062417332661155026,-0.43155828642499761 -0.43651745055469121 0.13736669775721358 0.81577144295243409 0.72984251187585247 0.27527438430567674,0.79908069797919623 -246.42567480620721 -107.71258673987694 -10.871600829746857 10.770941342440242 0.019798069313577145,3.8410935012495315 -60.455519152930719 -28.304024243606847 -3.4366178709879023 2.39809713775084 -0.071679895862715171
ur,tetrapga,14.188947177,0.589612223,0.337807758,0.184801592,34.039503,41.680016,4.254937875,1,0,0,7.580714031,0.329990277,1,5,5,1,0 0 0.060000000000000005,0 0 0.050000000000000003,0 0 0.050000000000000003,wrist_3_link,-1,0,0 0 0,0 0 0,,-0.097269876551547035 -1.329264219310611 0.078715018142469381 -1.6478575503360775 -0.010883240207255061 -0.065038698410762236,-0.093437076839612235 -0.086333503378404008 -0.0026654018133890306 0.10693093694801092 0.10500920642513557 0.025305558903290126,-0.28409602830385394 -1.762470895658151 -0.037353497455548966 -1.425603108039474 0.22903456505222289 0.0030865328393869869,-0.016016607174282081 0.11459499467758025 0.21380945512417959 0.17868639055999963 0.064179659383685556 0.14392524627968134,-0.10222409327640872 -1.3365544078760339 0.07953496899247281 -1.6377322682627096 -0.0016787195805829918 -0.061293442349938346,-0.4162382527774463 -0.41666931534375717 0.17342324541722393 0.82762348106826755 0.72086315653172139 0.30432505722830044,-0.44167695615708169 -244.86914733447577 -106.73787768262905 -10.723465053792539 10.612700722576859 0.020023588190297335,3.9596753357299121 -59.15244651037483 -27.720238802467918 -3.4225330412109543 2.3536036931525981 -0.078535548548543943
ur,tetrapga,14.230730409,0.585177769,0.321978792,0.093694496,34.134875,41.510837,4.266859375,1,0,0,7.314047715,0.092450196,1,5,5,1,0 0 0.060000000000000005,0 0 0.050000000000000003,0 0 0.050000000000000003,wrist_3_link,-1,0,0 0 0,0 0 0,,-0.098610401704475603 -1.3314155191353985 0.078514963903798612 -1.6455986915728373 -0.0085701611934618799 -0.064330023282616819,-0.018948733075343789 -0.031460696185770909 0.0015546181367167844 0.042244947899459394 0.042105171937687973 0.013471542993970688,-0.28463913535047586 -1.7575816892597027 -0.028386135147036501 -1.4182032602021137 0.23159511301542324 0.0091059453221739584,-0.0099729022351054356 0.11941613210954827 0.21538714781189999 0.17548292173782823 0.058372647670328834 0.14417969348609561,-0.10351911947004601 -1.3370970951489456 0.080678037744088729 -1.6349644086088029 0.00058854922072608049 -0.060190782612014833,-0.38775135257068649 -0.38903053449894021 0.20663509228605795 0.83765601148122726 0.71414731611747073 0.32762048002072608,-4.021879144779378 -245.58806952291309 -106.31993812216946 -10.532110661491323 10.516971679950583 0.022337956779493268,-3.1054929445646735 -30.309540899723288 -14.054174395442374 -1.3449828222510405 0.86466024538137276 -0.041262659444981864
ur,tetrapga,14.272340737,0.583120039,0.294003645,0.091204852,34.017883,41.480335,4.252235375,1,0,0,7.042163431,0.346673951,1,5,5,1,0 0 0.060000000000000005,0 0 0.050000000000000003,0 0 0.050000000000000003,wrist_3_link,-1,0,0 0 0,0 0 0,,-0.098923793355636475 -1.3316691526815883 0.079174190838544989 -1.6439639573892428 -0.0071541142568967587 -0.063698923389523029,-0.0080751939653304645 0.011808881392393446 0.024217372984285418 0.034813051261662134 0.026950084074792553 0.013010968697153222,-0.2849282172875941 -1.7525145530328046 -0.019394851695745362 -1.4109710652746268 0.23390260233799151 0.015108427348444173,-0.0039159336816374226 0.12411893574420928 0.21674280245242367 0.17210085349087084 0.052526976979561942 0.14430886085206127,-0.10733838858122016 -1.3408248038614206 0.082218086162193213 -1.6282582556064091 0.0062597277911239013 -0.057583907844055579,-0.47744249308792774 -0.46598758174000776 0.19251509238934036 0.83831513574960281 0.7089434878151879 0.32586902712098897,10.526663569551514 -224.95112338197711 -105.63718896229437 -11.485642196571106 10.427332475454035 -0.0039415956646812337,-3.6892348796463352 -29.318362702932973 -13.680727849015852 -1.2384583842249413 0.85587663532447777 -0.039795919272251012
ur,tetrapga,14.313919878,0.581407559,0.269026268,0.123588071,34.02653,41.642619,4.25331625,1,0,0,6.820068309,0.494162616,1,5,5,1,0 0 0.060000000000000005,0 0 0.050000000000000003,0 0 0.050000000000000003,wrist_3_link,-1,0,0 0 0,0 0 0,,-0.09973574538239087 -1.330832855477968 0.080729788639657393 -1.6418275218407108 -0.0055768097619257702 -0.062921880558197585,-0.021450146470036013 0.031726001215011235 0.041943525295795807 0.046461998655176098 0.0315585482828225 0.016533815088533185,-0.28496464004819122 -1.7472578755894823 -0.010358459661022563 -1.4038887736198367 0.23596422065523762 0.021109199962475948,0.0021688727385771678 0.12871514264818498 0.2178808487304402 0.16853384462566134 0.046630404742400489 0.14431387188248276,-0.11154770060382257 -1.345010428045212 0.08354005844092495 -1.6215954494107003 0.011905942776850182 -0.054969765326623836,-0.52619785701646093 -0.52322701565458307 0.16525557496774662 0.83289678491399655 0.70582303973124549 0.32677749580504944,18.297386669923505 -208.96339354282773 -98.966326179949448 -10.971917710577912 10.160362893811763 -0.0038168048887673228,-1.6694078102469803 -39.34090789180118 -18.538210612424621 -1.8944699567173302 1.4420589138326787 -0.050889617816267219
ur,tetrapga,14.355657042,0.579617078,0.262056149,0.156829465,34.043024,41.294602,4.255378,1,0,0,6.646138249,0.528219531,1,5,5,1,0 0 0.060000000000000005,0 0 0.050000000000000003,0 0 0.050000000000000003,wrist_3_link,-1,0,0 0 0,0 0 0,,-0.1008896807587933 -1.3295404973212965 0.082713229809949732 -1.6394087756717017 -0.0038906847012280168 -0.062036626949232253,-0.027173913897028865 0.035810363604103078 0.047428750923552754 0.051724409958771776 0.034381694944562405 0.018742324926642118,-0.2847461790649865 -1.7417912682256449 -0.0012447009108605292 -1.3969325841594602 0.23778606886436487 0.027130386654081212,0.0083035128284942323 0.13322027043506254 0.21880393360141137 0.16476881541252567 0.040663155305092021 0.14419406904065291,-0.11596273777982832 -1.349585408151593 0.084660825461429084 -1.6149760036100549 0.017538858859080651 -0.052351808504122375,-0.55191350119187721 -0.57189650597825903 0.14010491768929742 0.82747673553106438 0.70416067679426853 0.32725428393876466,21.925083950793283 -194.36951634459578 -92.02869154091789 -10.281486166797396 9.64305354350215 -0.0033854337885307153,0.32366792686264034 -49.698618452222945 -23.524419806855065 -2.5301905402302509 2.0546886416841668 -0.05792071226451867
ur,tetrapga,14.397021096,0.575768863,0.259716137,0.188321469,39.586946,46.930889,4.94836825,1,0,0,6.412877913,0.405769757,1,5,5,1,0 0 0.060000000000000005,0 0 0.050000000000000003,0 0 0.050000000000000003,wrist_3_link,-1,0,0 0 0,0 0 0,,-0.10299553526891098 -1.3288934017433296 0.085124084349414403 -1.6355614246669572 -0.0010664361580839451 -0.060607169992791136,-0.049136103158991078 0.012606741273224954 0.051663835444662104 0.082448322673993976 0.060296220329485492 0.030698508758135817,-0.28427660411972977 -1.7361903204534883 0.0078210779573255652 -1.3901973312157845 0.23934504008883423 0.033090253598159529,0.014403915988216527 0.13757307159284732 0.21950072097350232 0.16085927485909296 0.034708808736145139 0.14395194593859489,-0.11664026519172833 -1.3485849006173902 0.086128253533763702 -1.6134214830806328 0.01848361545796811 -0.051633507190442754,-0.4899413955970382 -0.52157975299338577 0.16895844888699699 0.83764398204374779 0.69954466903392132 0.34777497157541309,13.934152067511825 -200.83007226823395 -89.962072901273032 -9.4813699825210307 9.3931776278675354 0.010436218504980273,2.5741310174413456 -59.348004076908182 -28.248220359341815 -3.3049948124153161 2.5870451055003461 -0.095066051196354806
ur,tetrapga,14.444021759,0.568751139,0.28974278,0.233935201,39.533545,46.849139,4.941693125,1,0,0,6.165292713,0.264861941,1,5,5,1,0 0 0.060000000000000005,0 0 0.050000000000000003,0 0 0.050000000000000003,wrist_3_link,-1,0,0 0 0,0 0 0,,-0.10633997850661628 -1.3295183378910589 0.087817595234380458 -1.629913220012678 0.0032689805001497635 -0.058471702930286806,-0.085850231224874091 -0.03579019041219178 0.064405762899580582 0.16009294872560079 0.12626688412893264 0.061030453299663369,-0.28343635881285623 -1.7296107820832098 0.018151247092574801 -1.3827453006412127 0.24081659459500723 0.039846745332295062,0.02135315939927257 0.14237778552010111 0.22002770590211215 0.1562072554548336 0.02790344075177709 0.14352790333908946,-0.11777484567037537 -1.3478104483105866 0.088120463629038859 -1.6107563370040439 0.020215781511028118 -0.050430658246498783,-0.46372556172315982 -0.49903704273025978 0.19623941883615473 0.84853591957837615 0.6920040677292707 0.36405518049654373,10.862136592953181 -200.41547283200433 -89.748629993779886 -9.3904221611359464 9.220089532064673 0.0094342309992732146,-9.3014519484613629 -77.198616486150968 -31.459173184137512 -0.67632097877776687 5.0776195011245875 0.89567480316539161
ur,tetrapga,14.490941011,0.55988335,0.31371623,0.166325254,39.479461,46.845265,4.934932625,1,0,0,5.888223718,0.112639622,1,5,5,1,0 0 0.060000000000000005,0 0 0.050000000000000003,0 0 0.050000000000000003,wrist_3_link,-1,0,0 0 0,0 0 0,,-0.11015391255879914 -1.3316142891046676 0.089919455542432997 -1.6239889050028817 0.0080042834062913869 -0.056181415079664128,-0.067716676768823897 -0.049936588163277104 0.034670400665825024 0.11444393908563226 0.093012552519240357 0.045874356754954722,-0.2822715187161754 -1.7228210417385634 0.028481611929301695 -1.3755293578421592 0.24196578542012831 0.04656795278627094,0.028300848650073231 0.14701804022142631 0.22027179042186584 0.151347177513423 0.021078049973077741 0.14294693076801807,-0.11941979099809849 -1.3476658178774259 0.090292580959602381 -1.6072297513940919 0.022621366879761011 -0.048825690417527268,-0.44379968937279207 -0.48806713194575274 0.21531004227633285 0.85438020352914545 0.68234470195427332 0.38034618937261511,9.0562016640024439 -196.79131066496581 -87.765463910597887 -9.1108839611672838 8.9936057291213949 0.010305889289480459,0.94625251761726759 -54.574548909122313 -24.948788117755441 -2.4287178920130827 2.7361953765927325 0.15528915393571197
ur,tetrapga,14.537858311,0.552458067,0.314847521,0.134141171,39.507657,47.162609,4.938457125,1,0,0,5.616194809,0.094054053,1,5,5,1,0 0 0.060000000000000005,0 0 0.050000000000000003,0 0 0.050000000000000003,wrist_3_link,-1,0,0 0 0,0 0 0,,-0.11264582000259744 -1.3337004895329101 0.091121855159340265 -1.6197263382691436 0.011498625293982382 -0.054456152526614468,-0.046793478320334911 -0.044299191506987842 0.027599228268429147 0.096070453238324208 0.07795614548542322 0.04036315245716933,-0.28078068727122968 -1.7158176639683385 0.038816374352805605 -1.368546661374467 0.24279416970135503 0.05325793865799109,0.035250233723129631 0.15149576850766944 0.2202334019730568 0.14627837558722531 0.014231858638768512 0.14220901278718592,-0.12113122123233294 -1.3480096230433918 0.092359772820835795 -1.603484376832383 0.025213275258843454 -0.047064814209713632,-0.42563589564169796 -0.47940412719124681 0.23249456884946418 0.85871959930005737 0.67160213325811635 0.39607201167174866,7.6898619609654713 -192.19631870805833 -85.411877083833843 -8.8055877428997196 8.7317839917093991 0.010859743443534407,-2.8679602292151003 -44.266586527666732 -19.118401345711277 -1.0555596208741918 2.4651665948926009 0.37314814569441523
ur,tetrapga,14.585091788,0.546122018,0.307490629,0.177268639,39.561872,46.93262,4.945234,1,0,0,5.363879788,0.131168005,1,5,5,1,0 0 0.060000000000000005,0 0 0.050000000000000003,0 0 0.050000000000000003,wrist_3_link,-1,0,0 0 0,0 0 0,,-0.11443569393498999 -1.3352464631446552 0.092219341919308584 -1.6162540420860099 0.014285389603334959 -0.052992073478310822,-0.037852917423706042 -0.031421615494249079 0.029877041481610276 0.091244826689983072 0.070681637441317557 0.038972272504027489,-0.27895058112259685 -1.7085588651299388 0.04921223290989489 -1.3617619605504632 0.24330338867327758 0.059954314718769004,0.042239851813066782 0.15583349053851678 0.21990909304204742 0.14097176881415086 0.0073290850479015854 0.14130831254335605,-0.12273597652863971 -1.3485777185470682 0.094321753578157599 -1.5997757776842936 0.027764432253735392 -0.045255950143219398,-0.40984503214505158 -0.46986966280464759 0.24964386404077143 0.86264901211785294 0.66041198458405403 0.41134276904499356,6.8209429288212506 -187.70536952104055 -83.161511425611792 -8.5288409158099405 8.4946660807496635 0.011248529408019011,-7.6304300615331613 -44.010066575689052 -13.955250562432866 9.9270437911445697 6.7879030241643932 3.1288876215661361
ur,tetrapga,14.632101749,0.539822195,0.29768998,0.131794552,39.641373,47.11664,4.955171625,1,0,0,5.131290297,0.171959787,1,5,5,1,0 0 0.060000000000000005,0 0 0.050000000000000003,0 0 0.050000000000000003,wrist_3_link,-1,0,0 0 0,0 0 0,,-0.11621298386436824 -1.3363452201838735 0.093723173521379557 -1.6125732539934339 0.01709061743643454 -0.051389772404680602,-0.040364790915324751 -0.022029425003743577 0.042027162320965594 0.096711107841142049 0.072003236309886268 0.043167230141441852,-0.27680165416489433 -1.7011350913205254 0.059536987511483987 -1.355262865415406 0.24348643399799774 0.066573077540569334,0.049181237312851754 0.15997517164566497 0.21930178898780656 0.1354950696306482 0.00045939998551551851 0.140255593029808,-0.12427647963283536 -1.3491929738013302 0.096307317330451683 -1.5960467641435294 0.030283453242037878 -0.043381313107147094,-0.39641795283149289 -0.45917921413973245 0.26690694858819042 0.86606438682926146 0.6484500366944026 0.42601750662186355,6.5050610502845236 -183.52513827528352 -81.190495494154362 -8.3030907656869815 8.3011850549302846 0.01140877157791198,-5.5701964492445768 -43.492202195631762 -17.847367018710088 -0.31711135108253075 2.6952286147156244 0.59536889022585626
ur,tetrapga,14.679299509,0.533654479,0.292876952,0.141616235,39.634886,47.049046,4.95436075,1,0,0,4.912762495,0.194063984,1,5,5,1,0 0 0.060000000000000005,0 0 0.050000000000000003,0 0 0.050000000000000003,wrist_3_link,-1,0,0 0 0,0 0 0,,-0.1180025316052498 -1.336994807262845 0.095554275045092715 -1.6088531666475772 0.019785308468627853 -0.049726253594279082,-0.040085486788970608 -0.014094329234270789 0.047879023911174726 0.097168024816668419 0.069465470169007504 0.044623214094861585,-0.27431639822814258 -1.6934900572844604 0.069867546022443688 -1.3490012715824586 0.24334555306646893 0.073164821632359572,0.056126516569365695 0.16395147186425374 0.21840696601856657 0.12980860151542911 -0.0064264192705790202 0.13904295367177247,-0.12577421278627779 -1.349729221178499 0.098386249290425359 -1.5922993574336779 0.032747601715229689 -0.041445892998409423,-0.38329364588272186 -0.44823090723005604 0.28341135485328484 0.86865069767432401 0.63610758370912102 0.44021899303617834,6.3757839215329453 -179.53021286252078 -79.257786278843326 -8.0857496598485827 8.1210355392767379 0.011652285751696998,-4.7946645485557156 -46.733357523077757 -19.427252876472267 -0.52405290188198705 2.8893884458252259 0.6105233487058257
ur,tetrapga,14.72642697,0.527491889,0.292486603,0.149338969,39.634621,46.968573,4.954327625,1,0,0,4.703091579,0.196866753,1,5,5,1,0 0 0.060000000000000005,0 0 0.050000000000000003,0 0 0.050000000000000003,wrist_3_link,-1,0,0 0 0,0 0 0,,-0.11976312882212548 -1.3373922983322533 0.097580313252216916 -1.605118184605643 0.022389575576514244 -0.048006645065421308,-0.03909581009242797 -0.010747408025359246 0.051000480229106457 0.097552582785493322 0.067717493362675019 0.046169885675147126,-0.27150850511901908 -1.6856735539980856 0.080133875023881987 -1.3430210594307512 0.24288109217765028 0.079685996983759416,0.063029021005344243 0.16773443002490129 0.21722932214279198 0.12395105652236187 -0.013279826863242826 0.13767776476918422,-0.12722900479465357 -1.3501497379055978 0.10057411527154743 -1.5885405039983527 0.035142944589042581 -0.039455690344087101,-0.36970746930700948 -0.43809889039975741 0.29867796516360695 0.87046361405811035 0.62312267635478036 0.45380790080023203,6.3145328139190067 -175.37434421392675 -77.244518590505649 -7.8604507089177895 7.9310765146453992 0.011884965834517775,-4.1837296636324481 -49.281859829893619 -20.6437812686641 -0.66739638904891763 3.0539201023062787 0.6327767314850945
ur,tetrapga,14.773461087,0.521205813,0.29502226,0.15279922,39.461749,46.899519,4.932718625,1,0,0,4.49926599,0.187063595,1,5,5,1,0 0 0.060000000000000005,0 0 0.050000000000000003,0 0 0.050000000000000003,wrist_3_link,-1,0,0 0 0,0 0 0,,-0.12146868200716604 -1.3377145740354213 0.099697114173880788 -1.6013715340789889 0.024933436851181 -0.046227540464909476,-0.037650710275934252 -0.010439925098751855 0.052280805215057145 0.097783759010639015 0.066425687162921299 0.047731595112346398,-0.26838276976801412 -1.6776992788195377 0.090317897245092427 -1.3373319662624024 0.24209625722471698 0.086126519373930926,0.069877002007349087 0.17131789472009867 0.21577217997507225 0.11793477373867904 -0.020086818674604288 0.13616300035887144,-0.12863267656208194 -1.3504745389932078 0.10285557730322767 -1.5847777625331396 0.037467285738103567 -0.037413701315129215,-0.35547812882273899 -0.42920310231967185 0.31259595050911149 0.87132631231046531 0.6096021356607807 0.46687574508229834,6.2483566987467167 -170.95235180033231 -75.107982299718643 -7.6225858432596176 7.7275128868400378 0.012108553207004248,-3.8345492950593325 -50.423742438752924 -21.202703617478846 -0.73764155546632537 3.1350603533399024 0.65294572682392982
ur,tetrapga,14.820428535,0.514737641,0.298623394,0.152938682,39.504158,46.853203,4.93801975,1,0,0,4.30050436,0.172435254,1,5,5,1,0 0 0.060000000000000005,0 0 0.050000000000000003,0 0 0.050000000000000003,wrist_3_link,-1,0,0 0 0,0 0 0,,-0.12310624647014122 -1.3380518323488313 0.10184959971727019 -1.5976177587803366 0.027430466711276549 -0.044388674727432846,-0.036040840788497522 -0.011197204788357821 0.05285833669833491 0.097888001492809476 0.065221750595362768 0.049245176028176969,-0.26494118342439843 -1.6695727154210496 0.10041252505706302 -1.3319371249782643 0.24099403232088373 0.09248328429418981,0.076666087727448914 0.17469987251217098 0.21403781020301571 0.11176596729189862 -0.026840765541362058 0.13450025846628347,-0.12997584307395257 -1.350739598802168 0.10520617860006616 -1.5810181467855544 0.039721693242149192 -0.035322157305091834,-0.34060355744588477 -0.42134513032584625 0.32526714585123417 0.87121230552723761 0.59546081400903528 0.47941602052931032,6.173966859786626 -166.27126785225619 -72.855918428163434 -7.3722485401760105 7.5099700659748576 0.012321381714361547,-3.670753787631952 -50.469765103724967 -21.251698588148713 -0.75117314885483211 3.1498568045018089 0.67080666239954212
ur,tetrapga,14.867357386,0.508304127,0.301946145,0.183200841,39.744506,47.340054,4.96806325,1,0,0,4.107797083,0.159628075,1,5,5,1,0 0 0.060000000000000005,0 0 0.050000000000000003,0 0 0.050000000000000003,wrist_3_link,-1,0,0 0 0,0 0 0,,-0.12460433707370583 -1.3383950302513865 0.10391966887699101 -1.5940558549327231 0.029752605602587374 -0.042593394391567445,-0.0323205366343624 -0.0095972928737382748 0.049589833778956885 0.09489865885804083 0.061467336663583068 0.048358811048093746,-0.26118526866499092 -1.6612988772017707 0.11041099552388327 -1.3268396907769802 0.23957711147204142 0.098753346085517002,0.083392113682837526 0.17787830943392388 0.21202816299856903 0.10545046261247425 -0.033535305840410416 0.13269090635711339,-0.13123248878704347 -1.3509658235261572 0.10757965477344522 -1.5773161777463258 0.041877125839656762 -0.03320770115971905,-0.32494963530408433 -0.41404865990237516 0.33689775635902375 0.87019028400481857 0.58097626672844527 0.49154222445213147,6.0419586320981269 -161.45270216989545 -70.487988882591821 -7.1059058123660828 7.2779079763108276 0.012605209625315368,-5.5430151853654479 -52.713508649881987 -17.284447225944234 10.259247101291294 7.2577232856112772 3.9845443705938095
ur,tetrapga,14.914782982,0.501382284,0.30511241,0.150024572,39.704173,47.110196,4.963021625,1,0,0,3.920988079,0.14376562,1,5,5,1,0 0 0.060000000000000005,0 0 0.050000000000000003,0 0 0.050000000000000003,wrist_3_link,-1,0,0 0 0,0 0 0,,-0.12611975439229892 -1.3387845295483567 0.10616194426574449 -1.5902258245791363 0.032198279118006178 -0.040604768097232145,-0.033463646605426743 -0.011853513406531156 0.055174466821469918 0.0991643721508665 0.063258913448236725 0.052752451620283351,-0.25707046976481018 -1.6527908306877499 0.12041289553314938 -1.3219928595188239 0.23782752164975304 0.10500000267830827,0.090122481002995275 0.18088195595152315 0.209718732211086 0.098923354898213245 -0.040235375467099127 0.13071420309629833,-0.13242838512968252 -1.3511766475322484 0.11000874507217093 -1.5735976743542732 0.04398266639102371 -0.031032359455275955,-0.30926701166065762 -0.40702053921150205 0.34794709508676791 0.86825121840858954 0.56566643145021844 0.50308284034879902,6.0373390695880618 -156.48377815761211 -68.177571866986881 -6.8550532906660564 7.0529246881344205 0.012696499755378938,-3.4973342845182742 -49.508108799806905 -20.870152825979972 -0.73613177487914072 3.1118030246065729 0.70166812781721433
ur,tetrapga,14.961964571,0.494368199,0.307275179,0.149633704,39.701935,47.046329,4.962741875,1,0,0,3.74134021,0.130723226,1,5,5,1,0 0 0.060000000000000005,0 0 0.050000000000000003,0 0 0.050000000000000003,wrist_3_link,-1,0,0 0 0,0 0 0,,-0.12757371114679061 -1.3391398079178296 0.10845291899202951 -1.5864207439116025 0.034563663613592401 -0.038576159766940114,-0.031761812537061916 -0.010791651161555824 0.056114075106763465 0.098173221950448225 0.060996190623200205 0.053614560147021789,-0.25266185063963836 -1.6441902044549099 0.13024814352085246 -1.3174813566635308 0.23577337412580088 0.11111804633129363,0.096743129043283291 0.18365794848039504 0.20714624057233139 0.09229501500353135 -0.046825285859666797 0.12860209053387889,-0.13355788485746894 -1.3513653748484127 0.11248517071223317 -1.5698813933661127 0.046025445115505222 -0.028805634207824796,-0.29290129218493405 -0.39974372870399744 0.35817828579750521 0.86526492034408009 0.54969860421324335 0.51408950479299531,6.0421829392682902 -151.54913840200891 -65.833499804085321 -6.5984194045164326 6.8247210767846784 0.012879187022951221,-3.2879637182309125 -49.379122226596337 -20.898606015132145 -0.77283854692996101 3.1072815540942003 0.70836541156265298
ur,tetrapga,15.009083421,0.487284121,0.30937417,0.149831361,39.458626,47.038938,4.93232825,1,0,0,3.56928738,0.118416789,1,5,5,1,0 0 0.060000000000000005,0 0 0.050000000000000003,0 0 0.050000000000000003,wrist_3_link,-1,0,0 0 0,0 0 0,,-0.12895222443976348 -1.3394423904593342 0.11078924502959714 -1.5826506691564042 0.036841701460400618 -0.036513665359105656,-0.030145490572595354 -0.0097330536885804966 0.057309064391731029 0.097706728050095573 0.0590698917957546 0.054734743248776058,-0.24794926885880497 -1.6354753578534 0.13994279347117763 -1.3132909368243426 0.23341363496338111 0.11712513208240373,0.10327193013780782 0.18621502591104633 0.20430674113349812 0.085551042688336243 -0.053320741291043069 0.1263502937641057,-0.13461428546643009 -1.3515224310265757 0.11500312698612244 -1.5661833271298975 0.047993893155662277 -0.02653636868953636,-0.27598091235813443 -0.39222646660373478 0.36774634865751421 0.8613048028416308 0.53305356438539553 0.52453798010515373,6.0780137927204985 -146.65667513710926 -63.516524017550587 -6.3460471492770827 6.5979390772072239 0.0130367928335754,-3.1316607845213866 -49.444349072177829 -20.950865860581985 -0.77821984264755883 3.1259509571336821 0.72996732543611387
ur,tetrapga,15.0561933,0.480109687,0.311577455,0.150221598,39.488611,46.983687,4.936076375,1,0,0,3.404982423,0.105573007,1,5,5,1,0 0 0.060000000000000005,0 0 0.050000000000000003,0 0 0.050000000000000003,wrist_3_link,-1,0,0 0 0,0 0 0,,-0.13026184123148984 -1.3396971634348867 0.11317992440207372 -1.5788964595532957 0.039044729181649571 -0.034407622612566913,-0.028611291317744494 -0.0087817947756583629 0.058551824328166593 0.097399504148604085 0.057249381768223709 0.055938514763052317,-0.24293215763887185 -1.6266468566086689 0.1494955482090975 -1.3094217268085149 0.23075059072751741 0.12302169940329669,0.10970834627714052 0.18855289785752394 0.20120124396683645 0.078693935855112404 -0.059719179846891665 0.12395915632530716,-0.13559497323843395 -1.3516419918202232 0.11756073992519038 -1.5625107910412939 0.049883508921229815 -0.024228591725731483,-0.25860519235250201 -0.38448532978425098 0.37668407050911906 0.85636252928579526 0.51587144603659585 0.53445503692041862,6.1497517918111235 -141.82746748339173 -61.239912790107645 -6.1001647366560734 6.3754841204227599 0.013173591760686207,-2.9434506290385798 -49.573127474129251 -21.053835400807088 -0.80058940742037521 3.14402716314207 0.74737943864965928
ur,tetrapga,15.10325082,0.472845355,0.313865111,0.150615623,34.076333,41.394885,4.259541625,1,0,0,3.292184625,0.092046142,1,5,5,1,0 0 0.060000000000000005,0 0 0.050000000000000003,0 0 0.050000000000000003,wrist_3_link,-1,0,0 0 0,0 0 0,,-0.13150404592656745 -1.3399096334271097 0.11562464862168896 -1.5751532805015525 0.041176394451374373 -0.032255435268749126,-0.027056939512611348 -0.0079225773481923552 0.059700359933442207 0.097028629644269129 0.055397231902772431 0.0571094328214245,-0.23762020876918616 -1.6177234206160183 0.1588854451743496 -1.3058818077105196 0.22779202544827268 0.1287960242797217,0.11603857229013767 0.19066643298016372 0.19783713098890021 0.071740288603488467 -0.066004917406156161 0.12143390415297373,-0.13515803274855231 -1.3484420372178616 0.11974056584109356 -1.5620654770449773 0.049402497543528372 -0.023804795852277804,-0.20106806501151861 -0.33327838344341337 0.39348763214378946 0.84582490579528913 0.48407228272966318 0.55465532129536421,3.0468421724316901 -143.48354009987284 -55.516566393711379 -4.8142623514383756 5.546865580305969 0.028251050440324048,-2.7313363597806983 -49.703155604746826 -21.175727557668722 -0.83356734809422051 3.1590486718233137 0.76123665111632022
ur,tetrapga,15.144713304,0.466449646,0.311909815,0.173868342,39.65066,47.03663,4.9563325,1,0,0,3.135342221,0.100195198,1,5,5,1,0 0 0.060000000000000005,0 0 0.050000000000000003,0 0 0.050000000000000003,wrist_3_link,-1,0,0 0 0,0 0 0,,-0.13253412318910612 -1.3400605761829905 0.11779237900028648 -1.5719341904142743 0.042954747219012213 -0.030362356378683543,-0.022102603718143876 0.00042544388603250936 0.04682100760373116 0.066312361495582409 0.035925046362863193 0.038847744134054209,-0.23269486670034389 -1.6097825627868483 0.16702307144970302 -1.3030356754039039 0.22494213406741737 0.13378290327628573,0.12152780096641105 0.19234253172218502 0.19465941229989112 0.065535257750540934 -0.071448044498562249 0.11909793138663091,-0.13609898217085856 -1.349086541056846 0.12251442335304885 -1.5577868989127559 0.051542548410692411 -0.020967755152228533,-0.19961785346227623 -0.34248386908953554 0.40761579240992135 0.84322335806040272 0.46900159396891927 0.55955619071262697,4.9237614199017692 -135.71354109078078 -57.523371541958049 -5.6154772214783231 5.9243727443712375 0.01415431916991499,0.56479884938619307 -51.618455088567316 -26.080251264851029 -3.0806546598287241 2.8815189953946714 -0.1199574957516063
ur,tetrapga,15.19182287,0.459029872,0.307378087,0.128202009,39.504307,47.127802,4.938038375,1,0,0,2.98684983,0.089550512,1,5,5,1,0 0 0.060000000000000005,0 0 0.050000000000000003,0 0 0.050000000000000003,wrist_3_link,-1,0,0 0 0,0 0 0,,-0.13362809888598964 -1.340195839953761 0.12033514635056294 -1.5682122728430041 0.044946040018021508 -0.028114117326391911,-0.016001026053575496 0.0032326027367000259 0.050452782835876231 0.068185199765554608 0.033620477285447675 0.043575397219165424,-0.22682490667174915 -1.6006806781731988 0.17610371505450007 -1.3001159619018008 0.22143282358541697 0.13932864109993071,0.12765713079010543 0.19403272549794251 0.19081033660249047 0.058405614453360101 -0.077515536076293551 0.11632042544463823,-0.13699397248481437 -1.3495960823553339 0.12526031083869835 -1.5537071987199229 0.053517346553948894 -0.018226039387672217,-0.18909039335260769 -0.34152724568996212 0.4113404155140899 0.83575830848100896 0.45299293362723791 0.56604004107936201,5.8506708174746391 -130.41484637692167 -55.645693891724896 -5.4714264243351396 5.8012005622965068 0.013946490165105407,1.2028292977774981 -37.921031050311285 -19.230301315340512 -2.2133188839579816 2.1044952548185591 0.040251577961946339
ur,tetrapga,15.239031157,0.453171658,0.30226154,0.147619072,39.483963,47.184813,4.935495375,1,0,0,2.858462397,0.11197466,1,5,5,1,0 0 0.060000000000000005,0 0 0.050000000000000003,0 0 0.050000000000000003,wrist_3_link,-1,0,0 0 0,0 0 0,,-0.13414054534848738 -1.339568438451936 0.12260545099880681 -1.5655351847354011 0.046182316375545061 -0.026420631166021856,-0.014434051342264905 0.010683014564698251 0.063214737607801524 0.08428761236028634 0.040694238753713613 0.054166877701420806,-0.22065583898226945 -1.5914852849773762 0.18501557909010985 -1.2975288652123447 0.21763254491731435 0.14475169655648104,0.13367713298753067 0.19549543954593909 0.18670351977259386 0.051186299006017649 -0.083461834563332449 0.1134085542605726,-0.13768122020342141 -1.3497750173008769 0.12792550303081218 -1.5500388619609016 0.055173936147087668 -0.015693639343467285,-0.1750775767248971 -0.33573051925038877 0.41611695335061816 0.8281709938544437 0.43629679543175615 0.57263372208181118,6.4520410567531261 -126.22529763631519 -53.844515829293854 -5.3032959074853947 5.638342689026584 0.013740772483009115,-3.2073484206335934 -48.714293827334586 -20.075172028333725 -0.33663367019016732 3.1887338299916195 1.0045720544515504
ur,tetrapga,15.286298451,0.446673138,0.308411024,0.19809787,34.205003,41.559336,4.275625375,1,0,0,2.762926364,0.097291576,1,5,5,1,0 0 0.060000000000000005,0 0 0.050000000000000003,0 0 0.050000000000000003,wrist_3_link,-1,0,0 0 0,0 0 0,,-0.134835046752488 -1.3389457429429512 0.12522319856933598 -1.5624204786079441 0.047593068072560231 -0.024428562101283056,-0.016666686064282638 0.010834366877980135 0.064149950460091781 0.089351487071335223 0.042246949314218393 0.057299107653318623,-0.21419737870237288 -1.5822147355370597 0.19373853419958076 -1.2952815462365139 0.21354963080613004 0.1500408293598624,0.13957448695148097 0.19672600299501644 0.18234662753150829 0.043893687283987508 -0.089271989736619609 0.11036753192792008,-0.13730641681625186 -1.3467022342985515 0.12994680172045675 -1.5497283155789086 0.05462564809875553 -0.015364295039642796,-0.13103642423154199 -0.29273166161785802 0.42155814471772113 0.81267150618580963 0.40526995022359297 0.58710207208293097,5.472733658998056 -127.65070505571335 -47.802195321335603 -3.9930846707151932 4.7311722897542055 0.028724884829514821,-3.4642305413034364 -55.814405923994855 -17.649143033094731 11.093480730548436 7.0691125659757006 5.3735524714264997
ur,tetrapga,15.327934332,0.440137641,0.309029965,0.187995464,28.642662,35.974385,3.58033275,1,0,0,2.664154963,0.100985109,1,5,5,1,0 0 0.060000000000000005,0 0 0.050000000000000003,0 0 0.050000000000000003,wrist_3_link,-1,0,0 0 0,0 0 0,,-0.13559863728225824 -1.338526924847141 0.12788608649238917 -1.5591357448769481 0.049081147026406403 -0.022294431162845903,-0.015975431642031652 0.012372444659426055 0.054530430807178884 0.063892237787052511 0.028079498110843759 0.041309184574862573,-0.20827991906700577 -1.5740047420908807 0.20124730784221884 -1.293588522798981 0.20972837382079637 0.15457853078878422,0.14465535644881286 0.19761443076496257 0.17831040407826571 0.037425221585276967 -0.094263711252778534 0.10758761420267034,-0.1384709968509576 -1.3493346608923487 0.13345964393640186 -1.5432102108685517 0.057821684595621536 -0.010685974340806013,-0.14557351128261736 -0.3290532137628146 0.43910705666302485 0.81476525679112599 0.39950626371539605 0.58479144909598202,7.9461872519457746 -116.16465402065134 -54.993162527419585 -6.0551314976974382 6.0021342661258119 -0.00083446807085536421,0.88393332578482386 -55.211782974075504 -28.199319555821205 -3.3603986420384899 3.244356029579464 -0.12758797996517757
ur,tetrapga,15.363973611,0.434369316,0.315035474,0.186750509,34.198061,41.581342,4.274757625,1,0,0,2.553404533,0.062327073,1,5,5,1,0 0 0.060000000000000005,0 0 0.050000000000000003,0 0 0.050000000000000003,wrist_3_link,-1,0,0 0 0,0 0 0,,-0.1362031188344747 -1.3383369709845592 0.13007849600373991 -1.5563239402104465 0.050349523279784196 -0.020429747125003075,-0.016463589391526073 0.0072085840657446932 0.058734755256888295 0.072577290623202534 0.032035772577216161 0.048088787017879692,-0.20298876400854643 -1.5668712689245805 0.20760829252453905 -1.2923410680768495 0.20625484114131551 0.1584114136239077,0.14896308005796691 0.19823462761855701 0.17467005241953973 0.031798430203654228 -0.098484136575113984 0.10510687477715672,-0.13815947750885177 -1.3461053963022787 0.13517519102081682 -1.543422383853386 0.057044359108220852 -0.010783039250887243,-0.10280296173915425 -0.2836974902471876 0.42576602117818274 0.7930875447623873 0.36984524711832084 0.59685336612285467,7.2101193312556697 -119.17224847055186 -44.174333639017703 -3.6385616425158749 4.3875206729816023 0.029017956515878768,0.72699229539227872 -54.539439141182811 -28.012576412632484 -3.4028469811646573 3.2286664426160456 -0.14849279077592925
ur,tetrapga,15.405630097,0.428842588,0.302626516,0.169921912,28.555718,35.870472,3.56946475,1,0,0,2.468982572,0.111111925,1,5,5,1,0 0 0.060000000000000005,0 0 0.050000000000000003,0 0 0.050000000000000003,wrist_3_link,-1,0,0 0 0,0 0 0,,-0.13656882557245204 -1.3377648742731449 0.1322401773081095 -1.5539097760380769 0.051306778958940903 -0.018772441361528395,-0.0063393055534997295 0.020926410019308117 0.050430423456615893 0.050340756313912112 0.018152539984863398 0.034604606323285443,-0.19668163002704669 -1.558601536538796 0.21479395221175956 -1.2911523678030852 0.20205279743432075 0.16272863631762607,0.15383354858884454 0.19877856986753387 0.17029664399903283 0.025269141272296656 -0.10324115417232935 0.10215568777544698,-0.13903623031218793 -1.3486351185907943 0.13873296862144563 -1.5370632446149426 0.05995720948236364 -0.0060251756337954014,-0.10959499728772953 -0.31621494796117139 0.44472417624817817 0.79489456922377388 0.3641080024257321 0.59473434108824952,8.491965238169092 -108.60181751135403 -51.547862226726252 -5.7102378438430224 5.7018773287573357 -0.00060849810711349024,-0.53083212566536986 -49.233904307434386 -25.488286832132815 -2.9670025629548036 2.9825055321428806 -0.10674570533459971
ur,tetrapga,15.441594726,0.422264425,0.32019959,0.192279014,34.057246,41.744624,4.25715575,1,0,0,2.367623558,0.061165513,1,5,5,1,0 0 0.060000000000000005,0 0 0.050000000000000003,0 0 0.050000000000000003,wrist_3_link,-1,0,0 0 0,0 0 0,,-0.13711669885081448 -1.3375666267001263 0.134920661183868 -1.5505111452820846 0.052729394956642785 -0.016400727738490748,-0.01542356273421476 0.0065944939290109193 0.068026193143458091 0.083269170747120841 0.034061282595530928 0.058025558739603959,-0.19107492227845016 -1.5514463701745467 0.22084858293654144 -1.2903452001249867 0.19826756107607377 0.16635573802961401,0.15794125057116537 0.19909845383100663 0.16638127349422085 0.019615508574191871 -0.10723944835461552 0.09953744858912654,-0.13865894580595117 -1.3452681717247108 0.14026133271864621 -1.5376183583722272 0.059013110457206516 -0.0063770508191206771,-0.072810601491595961 -0.27091221585467784 0.42931571508346283 0.77110565424496447 0.33372688254185545 0.60448830285368427,8.8274616071935608 -112.06151648403007 -41.192916808384268 -3.3717104661446213 4.0847224688053592 0.028307473147950051,0.81100868803753201 -55.744259709980724 -28.84185214948684 -3.5905236363450967 3.3588411702556726 -0.17916621404749833
ur,tetrapga,15.483416838,0.416394903,0.305371114,0.176269531,28.838617,36.48432,3.604827125,1,0,0,2.298578894,0.103923207,1,5,5,1,0 0 0.060000000000000005,0 0 0.050000000000000003,0 0 0.050000000000000003,wrist_3_link,-1,0,0 0 0,0 0 0,,-0.13745561046492372 -1.3369458403195997 0.13731787725123912 -1.5478954548288211 0.053681168597760794 -0.014536500223378896,-0.006386247309893095 0.022108790541739406 0.054642569770261225 0.053708603807633599 0.017823103032515674 0.038110863236803946,-0.18437161051492612 -1.5431148774529519 0.2277090644152559 -1.2896625425645989 0.19368760659015752 0.17045356934430791,0.16260035928874692 0.19929538563716362 0.16166987123926341 0.013028602958396482 -0.11175725361563703 0.096413351756407514,-0.139241155037473 -1.3476691726220666 0.14385644961394056 -1.5314371803978981 0.061637115759523783 -0.0015566412522423165,-0.072776602375584698 -0.30012494311780791 0.44939059999658515 0.77264832900030256 0.3280015156186008 0.60255189033567969,9.0810520577710339 -102.30757174817758 -48.702417947056375 -5.4310552279747997 5.4570706254351444 -0.000415398087310467,-0.35889748602778582 -50.775941755948224 -26.440429721476107 -3.1260579694180706 3.1375912313669687 -0.11758343292268947
ur,tetrapga,15.519973194,0.409624124,0.324450109,0.197526992,28.735668,36.126533,3.5919585,1,0,0,2.264202537,0.044436979,1,5,5,1,0 0 0.060000000000000005,0 0 0.050000000000000003,0 0 0.050000000000000003,wrist_3_link,-1,0,0 0 0,0 0 0,,-0.13792727017128209 -1.336703084407934 0.14012425144897586 -1.5444433203246652 0.05501565263386133 -0.012037206273342158,-0.013128046206102252 0.0076032380442574918 0.07096371938606745 0.084419784276746679 0.031851180599135553 0.061044001109471946,-0.17835474401117818 -1.5358286027457406 0.23354175173295208 -1.2892915922628847 0.1895318355717085 0.17392712718076028,0.16656576826967903 0.19931301324385942 0.15741594234451728 0.0072657480573822038 -0.11558619241815539 0.093614802824078108,-0.13980181792061408 -1.3501907989061146 0.14741805608237918 -1.5252825685396405 0.06424443880478925 0.003250105253106093,-0.070083308827991631 -0.31520311645431631 0.44520179663961507 0.76932756449135375 0.32591623348712639 0.60084400764443591,8.690667842922986 -96.864889000408198 -48.019284960674867 -5.4716348431002668 5.5303517929696318 -0.0010390046619122195,0.8840762789401424 -56.942477493626939 -29.629048757285375 -3.7167375430535685 3.4999560545042954 -0.18848547609215593
ur,tetrapga,15.556175037,0.404517713,0.307983048,0.17692965,35.223035,42.793659,4.402879375,1,0,0,2.128466924,0.015308557,1,5,5,1,0 0 0.060000000000000005,0 0 0.050000000000000003,0 0 0.050000000000000003,wrist_3_link,-1,0,0 0 0,0 0 0,,-0.13814771537747636 -1.3361593188052765 0.14222507953056734 -1.5422070567348716 0.055754973064017201 -0.010381764003124922,-0.0041139890714546323 0.02219886946691868 0.056757094380740877 0.054994829143695828 0.016494114782053173 0.040661853125199897,-0.17225520410165251 -1.5286149356321124 0.23916241006679315 -1.2891318619701138 0.18528048287535331 0.17726507716557308,0.17039113781365292 0.19918824424831938 0.15308203857820488 0.0015591587529005934 -0.11926403265672142 0.090783098080479213,-0.1392423310888643 -1.3452370715793704 0.14822818093564616 -1.5278411235424565 0.062297115320518071 0.0013136656379597669,-0.033445950895888574 -0.25775131217045033 0.42582771609064307 0.73796218619905485 0.28717701938346774 0.60993758905057693,10.84886508383364 -102.41660281245778 -36.63606170721954 -2.8945081514410687 3.5934674490858325 0.028812545638074068,-0.50823646092442232 -50.558766268379259 -26.539447475319889 -3.1700783787582623 3.1918623265449213 -0.1254323358498155
ur,tetrapga,15.599053913,0.39725939,0.32758209,0.200590554,31.270513,38.823694,3.908814125,1,0,0,2.100312486,0.05465333,1,5,5,1,0 0 0.060000000000000005,0 0 0.050000000000000003,0 0 0.050000000000000003,wrist_3_link,-1,0,0 0 0,0 0 0,,-0.13848410003273978 -1.3357392976190745 0.14523169207308478 -1.5387058259441488 0.056968712210168533 -0.0077483197832774828,-0.0094140013212934779 0.0088413101031868235 0.072450004047879601 0.083517656304522597 0.028608324818429884 0.062868012466830464,-0.16485424273188265 -1.5200803533686578 0.24561367500309389 -1.2892098033341983 0.18007582925128812 0.1810845257526433,0.17478729537240806 0.1988572881877361 0.14779749095968997 -0.0051926454251311196 -0.12346896246243989 0.087354202058071109,-0.13944052031233101 -1.3475019975356832 0.15181765454259033 -1.521925965494938 0.064548722321679269 0.0061802772746120454,-0.024774048851842055 -0.28311546625016115 0.44868527581205364 0.73939580528893223 0.28145172126426399 0.60832716701096401,9.8123988532559974 -93.476082014247069 -44.678447814566077 -5.0343837062290167 5.1074536639943036 -0.00011226101573750657,0.79381452301333866 -57.480181568811531 -30.088583151620298 -3.7903005200460029 3.6019210272527431 -0.19410353328709062
ur,tetrapga,15.637964206,0.38868881,0.349676004,0.211630878,33.527701,44.906625,4.190962625,1,0,0,2.051926588,0.060397115,1,5,5,1,0 0 0.060000000000000005,0 0 0.050000000000000003,0 0 0.050000000000000003,wrist_3_link,-1,0,0 0 0,0 0 0,,-0.13896653425464189 -1.3360250358527515 0.14865486189694196 -1.5342278719354472 0.058627812172130027 -0.0043405944315422591,-0.011506481405929653 -0.0072001394467409692 0.078333877112561012 0.10119743204101567 0.037111722634291168 0.077073326979762879,-0.15797773108463228 -1.5123514141074195 0.25126896714162311 -1.2895308422033793 0.17519976521187788 0.18442185593894425,0.17864638619018181 0.19838512838292949 0.14286474228440232 -0.011306177349913699 -0.12713858689113644 0.084175003803224693,-0.13883006650660926 -1.3375614552846955 0.15186675819144246 -1.5288464523084992 0.060285657938344263 0.000598133063808951,0.017058468504080514 -0.19205242899301955 0.40148703681256259 0.67267745336848539 0.20723072077677912 0.61734093691890135,18.373346139456256 -100.99734573773576 -24.008711689029262 -0.44402983715663602 1.5256885890712222 0.053104011848463459,1.4183950025225158 -60.491864550932405 -31.744631714483717 -4.1219242526813105 3.8067966263792385 -0.23800006531252471
ur,tetrapga,15.682946416,0.382520867,0.316361683,0.182087276,30.259963,38.034064,3.782495375,1,0,0,1.960398801,0.027258559,1,5,5,1,0 0 0.060000000000000005,0 0 0.050000000000000003,0 0 0.050000000000000003,wrist_3_link,-1,0,0 0 0,0 0 0,,-0.13905010696418824 -1.335580097646774 0.15105473550509285 -1.5316660356042593 0.059379697589171394 -0.0023343869859194038,-0.00077571244012320439 0.018743052342996551 0.050262633907258665 0.047618678093501877 0.0122172663781717 0.037040466621896508,-0.1498444097625416 -1.5034436479726212 0.25756417775873053 -1.2901979462141719 0.16938866234278863 0.18812414692551985,0.18294872339655474 0.19763583946490035 0.13700559506688248 -0.018349587346077244 -0.13120248851500069 0.080422919678754951,-0.13846994595258505 -1.3393619233837637 0.15548289354913991 -1.5234323441509612 0.061857290113817721 0.0055388081217834055,0.045015069253026785 -0.22505851238353819 0.45201691971218266 0.67676351969224835 0.19645402193418271 0.61758438224680678,14.733583383901706 -89.459786872522884 -40.762026506748647 -4.5750336012908202 4.6487038004148662 0.00095367761998180808,-0.58007430155271322 -51.524997492988405 -27.313091346388887 -3.2638383829016675 3.3691659529386868 -0.11425533991693948
ur,tetrapga,15.721095705,0.375632489,0.333726332,0.201962987,31.403455,39.595123,3.925431875,1,0,0,1.912496632,0.003205312,1,5,5,1,0 0 0.060000000000000005,0 0 0.050000000000000003,0 0 0.050000000000000003,wrist_3_link,-1,0,0 0 0,0 0 0,,-0.1391847709350395 -1.3354200249344068 0.15389835093472309 -1.5282929042111419 0.060439199123846696 0.00035152419113704801,-0.003779046829036656 0.0068113656605334394 0.06597011965895544 0.074547412149774325 0.022454614964867965 0.059182864740153135,-0.14279765753898938 -1.4959188590850245 0.2626940073409475 -1.2910114869558589 0.16432011786664855 0.19113052527985866,0.18646034041503196 0.19682981028659507 0.13190994937614137 -0.024296130651555309 -0.13449524482060665 0.07717911782166828,-0.13794294398756399 -1.3412440894766782 0.15912672133191541 -1.5180325319641288 0.063412890192646038 0.010459502730130479,0.065875245627631779 -0.23527076161430729 0.45547847284693843 0.6749765233540459 0.19445000985353869 0.61508682604338416,11.59184051625834 -85.407784905250637 -42.388571754238818 -4.9155898529321815 5.0136993155284806 -0.00044702222886047055,0.51792213116914354 -57.262062714964486 -30.294447977285699 -3.8062696117149244 3.7161390949790842 -0.18269829993800712
ur,tetrapga,15.760789863,0.373387584,0.288756654,0.151401039,30.466713,39.340574,3.808339125,1,0,0,1.902464291,0.023595391,1,5,5,1,0 0 0.060000000000000005,0 0 0.050000000000000003,0 0 0.050000000000000003,wrist_3_link,-1,0,0 0 0,0 0 0,,-0.13891585353063116 -1.3337862910217324 0.1551509393772123 -1.528051173850467 0.060091025227909912 0.00060680760723271822,0.006581329029285498 0.057538775683694039 0.033230152315611737 -0.00089302007723028338 -0.0128663533273497 -8.9370463034621394e-05,-0.13532600625583671 -1.4881252397874025 0.26782287854625919 -1.2920981727308467 0.15891596805633576 0.19412615084444179,0.18997709948829899 0.19582553824521848 0.12648984384562773 -0.03045071124225469 -0.13776780214530632 0.073746722679426599,-0.13729646451842045 -1.3431808349858949 0.16274306748897449 -1.512655150192747 0.064960499330261476 0.015359265078841323,0.080809933642942172 -0.24209318865208063 0.45204326963238617 0.67217272142271223 0.1934511422019291 0.6124702935888553,9.3154116408289518 -82.430453456464534 -41.728488797606218 -4.8596258334220046 4.9712722382858585 -0.0006488236022643987,-2.7286094032363053 -42.010651702130417 -22.710155889566636 -2.4202626329088162 2.9134573863798749 0.00054940463265396033
ur,tetrapga,15.800244239,0.369415156,0.295555819,0.194747614,38.357211,46.188466,4.794651375,1,0,0,1.813036316,0.029755287,1,5,5,1,0 0 0.060000000000000005,0 0 0.050000000000000003,0 0 0.050000000000000003,wrist_3_link,-1,0,0 0 0,0 0 0,,-0.13872250776946057 -1.33195564699394 0.15752471089147005 -1.5264859773154724 0.06007686649696508 0.0020159307312924506,0.0030525638889027352 0.049460277544388941 0.06375755161130775 0.040517647558098377 -0.00064165339906110236 0.03576964036313434,-0.12776394713078265 -1.4804214997621425 0.27270529069880683 -1.2934196285437896 0.15341885921879908 0.19696756920582703,0.19333092998907209 0.19466068344443282 0.1209882148502175 -0.036528752210123278 -0.14086206872802037 0.070280020620607286,-0.1374010748809158 -1.3391078842344157 0.16351969877203609 -1.5144407472254653 0.063805056834701571 0.013611257908134477,0.076051407878087396 -0.19245540556229648 0.42322619772672754 0.64122706608054525 0.16079674013603612 0.61545750038344904,17.308812924216614 -89.404570762028115 -31.260529198906838 -2.4621725355445307 2.9945514956562 0.027440386229933757,-0.33389839113215203 -55.056284650906491 -29.212142060506949 -3.46745472528346 3.6584560664181964 -0.11035874486824504
ur,tetrapga,15.846514009,0.362192854,0.34947854,0.203791508,36.243276,44.052325,4.5304095,1,0,0,1.77361289,0.004541563,1,5,5,1,0 0 0.060000000000000005,0 0 0.050000000000000003,0 0 0.050000000000000003,wrist_3_link,-1,0,0 0 0,0 0 0,,-0.1385231287262326 -1.3304076838038792 0.16142744922715233 -1.5229402154628557 0.06059880768196016 0.0051674930983547666,0.0053686889103784037 0.017450435473853006 0.10209321904020836 0.11335765345493244 0.024547266121421708 0.10141656426559051,-0.11873106036581921 -1.4714501949408292 0.27815148748603608 -1.2952736194250536 0.14682114537943547 0.20012409258557051,0.19708000623216831 0.19308411918908305 0.11439817579794345 -0.043598309825109476 -0.14428520259727237 0.066148433847150814,-0.13724746426777529 -1.3361670435150814 0.16584462755577623 -1.5137561415535736 0.063244969043205007 0.014312780493745778,0.089329691974865316 -0.17615743699174707 0.42138169452275087 0.61679247382334479 0.1303795981092673 0.61542562381264454,21.499601760660731 -87.971293852831309 -31.094306535285284 -2.6057831687699946 3.0147461267295803 0.024109696971198788,3.5634501210727194 -67.25119772772814 -27.679299806362451 -1.0003756661735679 4.0468462106248353 1.7080819241015988
ur,tetrapga,15.890641007,0.354313106,0.336211226,0.231938802,36.079157,43.865948,4.509894625,1,0,0,1.722297894,0.02298618,1,5,5,1,0 0 0.060000000000000005,0 0 0.050000000000000003,0 0 0.050000000000000003,wrist_3_link,-1,0,0 0 0,0 0 0,,-0.13822993678744466 -1.3298158834264588 0.16522540644688619 -1.5190093329295886 0.061357175425735322 0.0086766794210442495,0.0059390290041221967 0.012686669864762334 0.074586199926263433 0.076103452491054283 0.014372165830277643 0.067852844631700659,-0.10995911309106476 -1.4629670326322124 0.28305842978930479 -1.297345008395927 0.14038613395839247 0.20295492953188657,0.20046619601835133 0.19137034230530545 0.1079820260822133 -0.050273048033257384 -0.14733882424594461 0.062145859495687447,-0.13688883781818006 -1.3343484028812174 0.1688212711745915 -1.5116473873949037 0.063138999226415832 0.01639309962382101,0.10623283867873559 -0.16961742630589924 0.41078177165753599 0.59191873083467206 0.10474087399320756 0.61229620830324927,24.133659907083292 -84.546933518191935 -29.075890039703538 -2.3710739380034735 2.7714324109137416 0.025162247133378293,1.5227783130598027 -65.834993350032164 -34.790820278395017 -4.404640765991644 4.3297531342970501 -0.2095643363777846
ur,tetrapga,15.934590014,0.34959015,0.318418698,0.207913338,36.143398,43.996923,4.51792475,1,0,0,1.686288129,0.00216574,1,5,5,1,0 0 0.060000000000000005,0 0 0.050000000000000003,0 0 0.050000000000000003,wrist_3_link,-1,0,0 0 0,0 0 0,,-0.1379325654937745 -1.328768984040384 0.16756195985030561 -1.517096251708381 0.061544974996828018 0.010382042782617592,0.0049795826939367255 0.0273657612734855 0.049036641049546484 0.037275879459147961 0.0027852361690277735 0.032788181032873599,-0.10107814315568237 -1.4545977129461636 0.28766150294912624 -1.2996992001318146 0.13384772320603935 0.20559753949585075,0.20365111934665628 0.18946118006683535 0.10147207031511507 -0.056846809176141655 -0.15017149485228681 0.058103125821909581,-0.13643183520949442 -1.3328491982195974 0.17140340357536774 -1.5098130697069103 0.062993321947556496 0.018266982960287451,0.12235830581035911 -0.1613130948495769 0.40147350786489777 0.56984373059153492 0.081416854491822732 0.60992646963351871,26.479189896466387 -82.130228328805828 -27.194116668950691 -2.1210791243202656 2.5158071154471648 0.026572673241448505,0.098485433112614373 -58.574008717641846 -31.187000732936212 -3.7412398014539576 3.9473763332070035 -0.10121409978432538
ur,tetrapga,15.978665995,0.345610737,0.316818609,0.146993124,36.099702,44.160707,4.51246275,1,0,0,1.666620322,0.018536913,1,5,5,1,0 0 0.060000000000000005,0 0 0.050000000000000003,0 0 0.050000000000000003,wrist_3_link,-1,0,0 0 0,0 0 0,,-0.137623201661011 -1.3272802655435185 0.16981528959074579 -1.5155469415042504 0.061515733613238234 0.011817606083872792,0.0061922983627095028 0.034860310864746162 0.055540949040510809 0.044204351501304175 0.0010969437504650009 0.042154727659627106,-0.09203514177734104 -1.4462929125581883 0.29198802883741115 -1.3023485684244409 0.12717005849412805 0.20806817344243905,0.20665351292611495 0.18734565222246061 0.094831110055048101 -0.063356940356702085 -0.15279970489208738 0.053996453080071512,-0.13592204454462536 -1.3312653023447956 0.17378691311120134 -1.5082806381055076 0.062724939656674222 0.019907194631032094,0.13818423632841853 -0.15007130790471165 0.39719581601807397 0.54992093750909976 0.058801484534606818 0.60811251361899665,28.738544735900948 -80.957579663103289 -26.836144314750449 -2.1369635371472531 2.4858801448098076 0.025852423918933158,1.2538089479912742 -48.507731025955763 -19.900594806047252 3.7903664300702076 3.6533158897261586 4.0814425371219585
ur,tetrapga,16.022906537,0.341615867,0.312135179,0.207321024,36.119844,43.842082,4.5149805,1,0,0,1.654298891,0.021896472,1,5,5,1,0 0 0.060000000000000005,0 0 0.050000000000000003,0 0 0.050000000000000003,wrist_3_link,-1,0,0 0 0,0 0 0,,-0.13732022421683121 -1.3256241278410057 0.17228784058812815 -1.5138817428363178 0.061438749862220005 0.013391851266154312,0.004623945355708833 0.042807195737926448 0.05476188981803836 0.033034473345445708 -0.0029608262628886238 0.030473333200042932,-0.082829633087711518 -1.4380553016452082 0.29603401016322933 -1.3052943855967181 0.12035576307090616 0.21036492677010549,0.20947051501343592 0.18502212236021795 0.088060333837656671 -0.069799824761426099 -0.15522033978829242 0.049826082735521748,-0.13540131759516544 -1.3295496656770127 0.17617829088990178 -1.506839917256058 0.06237719194986889 0.021498603783429614,0.15247709819535599 -0.1381188230140358 0.39261425502963071 0.53015915185684903 0.036918398802722338 0.60613510435455153,31.193978593558207 -80.430538906262029 -26.646532443399199 -2.1444218925899392 2.4539474037235536 0.025898917307712897,-0.22196260123450884 -58.093899423758558 -31.098153546748222 -3.7207704216762068 3.9680069811966803 -0.094032307111319824
ur,tetrapga,16.066851208,0.337564794,0.317092645,0.162461925,36.105808,43.825599,4.513226,1,0,0,1.644971195,0.016836078,1,5,5,1,0 0 0.060000000000000005,0 0 0.050000000000000003,0 0 0.050000000000000003,wrist_3_link,-1,0,0 0 0,0 0 0,,-0.13698758248128881 -1.3237430888391715 0.1750405228722503 -1.5120560412542012 0.061306437765665037 0.015154069695310027,0.0070782139354301429 0.042548532179591585 0.06295736355546569 0.045022716572768927 -0.0027168642975645349 0.044869651740841635,-0.073566665268730763 -1.4299788748561788 0.29975424149483587 -1.3085005359790136 0.11348582379058346 0.21246268920010872,0.21207039906190586 0.18251803698582175 0.081238704703655518 -0.076100663247348668 -0.15740627339629362 0.0456399105330699,-0.13485568152833233 -1.327666077484587 0.17871321647018201 -1.5053669645028458 0.061964676524589937 0.023154534418954972,0.16734606373684846 -0.12746252831185437 0.38797619863824789 0.51012684403548259 0.01535770835287203 0.60352470994814378,33.524286544136871 -79.934651369493707 -26.872385786137784 -2.2458278814250727 2.499607522706019 0.024778718058371951,2.4467546825300133 -53.612435317728341 -24.101304485812648 1.4651383665204776 3.6034616170304048 3.1820361898006269
ur,tetrapga,16.110755454,0.333884156,0.317811378,0.166024326,36.189211,43.920156,4.523651375,1,0,0,1.637570375,0.009719009,1,5,5,1,0 0 0.060000000000000005,0 0 0.050000000000000003,0 0 0.050000000000000003,wrist_3_link,-1,0,0 0 0,0 0 0,,-0.13662109487126581 -1.3218745027767824 0.17768051549304636 -1.5103808425664496 0.061105606302942116 0.016815032172568717,0.0082016161116869584 0.04338687273503708 0.062425570998048199 0.043046657234121176 -0.004501130111689451 0.04426476845611417,-0.064202514763575566 -1.4220240057652933 0.30316973687289223 -1.3119779345192197 0.10653109970981789 0.21437393937588764,0.21446749547107835 0.17982367332668264 0.07433576957050729 -0.082289250479450751 -0.15937015295288245 0.041418400380467742,-0.13428388166238772 -1.3257166968922565 0.18124828107729096 -1.5039569714130703 0.061489348633597868 0.024788453474895597,0.18181331717641863 -0.11830084519646974 0.3814268869595997 0.48961651519716831 -0.0057240975210204863 0.60045877239171941,35.910873333217992 -79.323936339131123 -26.823050524872571 -2.2878889591790403 2.4950180884448945 0.02429900461129134,2.6651919043677026 -54.615634313715418 -24.903648881201775 1.0407853123051609 3.555859983500298 3.0850854420650222
ur,tetrapga,16.154751462,0.330508742,0.315612341,0.224905596,36.204357,44.243612,4.525544625,1,0,0,1.632480064,0.002670568,1,5,5,1,0 0 0.060000000000000005,0 0 0.050000000000000003,0 0 0.050000000000000003,wrist_3_link,-1,0,0 0 0,0 0 0,,-0.13621104160166014 -1.319982440865997 0.18027501603849236 -1.5087999775270682 0.060840823677567525 0.018426853124111946,0.0071773297874534797 0.045446636806551886 0.055870925409092248 0.031243871938787325 -0.0063221271433145342 0.031189499326262544,-0.054717689422795028 -1.4141753694667285 0.30628657167353252 -1.315732668596916 0.09948023856346272 0.21610247614115802,0.21666582299821471 0.17693339067340921 0.067338803432429789 -0.088376207816352123 -0.16111526074954152 0.037153113999559909,-0.13368519659210207 -1.3237331391988021 0.18374655068277151 -1.5026295510258705 0.060953523781410751 0.026383189187181244,0.1952831299902314 -0.11044628995941883 0.37311276560998041 0.46861543052483334 -0.026445296771493803 0.59694198595968428,38.453489624744428 -78.597077252399686 -26.518775199508745 -2.2780922096801963 2.4423268598939218 0.024316565831230978,0.34827462542477861 -63.166898879582732 -33.735839343302814 -4.0591876623839198 4.3180517541478594 -0.096306680331331052
ur,tetrapga,16.199103002,0.327241438,0.320449508,0.167442459,36.109937,43.85389,4.513742125,1,0,0,1.631312872,0.002939347,1,5,5,1,0 0 0.060000000000000005,0 0 0.050000000000000003,0 0 0.050000000000000003,wrist_3_link,-1,0,0 0 0,0 0 0,,-0.13573624976262288 -1.3180116635892558 0.18296496708429541 -1.5071785315625497 0.06051094307341371 0.020137007792936402,0.010261294812892285 0.043530110998705511 0.060888104546491462 0.03999352886436127 -0.0074247229486662635 0.04385113947497718,-0.045062940121845904 -1.4063962225123017 0.30911538517162662 -1.3197860903125322 0.092299719347829545 0.21765434349996635,0.21867276882802753 0.17383002785634294 0.060213084152912273 -0.09438848494773891 -0.16264669937452317 0.032822392657403762,-0.13303309689336282 -1.3216947119453555 0.18627781673568253 -1.5013262889931189 0.060354175046220149 0.028002322418028983,0.20970328549995884 -0.10278881891582015 0.36525723151863143 0.44721903763640913 -0.047257297649009183 0.59277799099626982,40.870792843270905 -77.973800861342099 -26.668661376651251 -2.3668970844032584 2.4788932573258089 0.023241317127923697,2.8615192784631063 -54.779013448164733 -25.116368896737072 0.84147814668449428 3.4085353644865393 3.1724251778682628
ur,tetrapga,16.243029867,0.324402618,0.317979691,0.227794713,36.14899,44.211712,4.51862375,1,0,0,1.633143807,0.00649231,1,5,5,1,0 0 0.060000000000000005,0 0 0.050000000000000003,0 0 0.050000000000000003,wrist_3_link,-1,0,0 0 0,0 0 0,,-0.13523721455117094 -1.3160951852057567 0.18552102844012361 -1.505701433950327 0.060135375693869897 0.021737732198033027,0.008943108559544494 0.046302059228177206 0.055371311012541689 0.029267239001221482 -0.0085143475878936836 0.030975900410803822,-0.035417505906249258 -1.39883130847568 0.31160418047265587 -1.3240606959324768 0.085126002643149776 0.219001433206508,0.22045108655736054 0.170571883272949 0.053092577226463815 -0.10021306454463597 -0.16393645909710358 0.028506925589237304,-0.13235354349686301 -1.3196552982468572 0.18874644667374149 -1.5001108858322389 0.05970340785721201 0.029575359952388344,0.22270152817548106 -0.095043708912645228 0.35587801072980452 0.42537195493549468 -0.067670939104126679 0.58816658054466753,43.5110448903826 -77.587988672802851 -26.590672014632865 -2.3866551109458456 2.4527814082855937 0.023163540137883163,0.19629533951672329 -63.779706381304095 -34.169206909818627 -4.1207741956814061 4.3909601525201936 -0.095632044878342981
ur,tetrapga,16.287327123,0.321864541,0.31890498,0.228961774,34.095942,41.78337,4.26199275,1,0,0,1.639472636,0.00979178,1,5,5,1,0 0 0.060000000000000005,0 0 0.050000000000000003,0 0 0.050000000000000003,wrist_3_link,-1,0,0 0 0,0 0 0,,-0.13470876679279287 -1.3141479479929394 0.18806024591565651 -1.5042767857574326 0.059703922929117213 0.023332075915018236,0.009837744197675061 0.047196814627641394 0.055482645391034986 0.028371771108923721 -0.0097160507218188689 0.03097983287693119,-0.025616337612748941 -1.391351585007998 0.3137959682171062 -1.3286274117805883 0.07783950097388663 0.22016741169961385,0.22203112199363026 0.16710383908228341 0.045857127891778142 -0.1059481758127927 -0.16500702407020917 0.024133157183916183,-0.1316444959418977 -1.3175987522055239 0.19117600792743972 -1.4989681161531434 0.058999228538825249 0.031118083891101905,0.23583240036628109 -0.087141135703193512 0.34658270409258785 0.40321495521153206 -0.088054606792420109 0.58304574467482639,46.154746408150302 -77.395050699536185 -26.785840518622958 -2.4603216768795413 2.4765677059940701 0.022548442338177852,0.10817128527946807 -64.003943619279198 -34.344266053996989 -4.1466915153232549 4.4218108078047607 -0.095634337659653568
ur,tetrapga,16.329186962,0.319597619,0.319563453,0.23065363,34.223749,42.020068,4.277968625,1,0,0,1.64649214,0.007951986,1,5,5,1,0 0 0.060000000000000005,0 0 0.050000000000000003,0 0 0.050000000000000003,wrist_3_link,-1,0,0 0 0,0 0 0,,-0.13413449972358529 -1.3121511458357116 0.19061461199939184 -1.5028907432118288 0.059210081432648283 0.024934871931386233,0.010761474478010463 0.048502928678030348 0.055995725123925512 0.02765024495878482 -0.010973597726435348 0.031145682203505682,-0.016294381494668535 -1.3844281368676838 0.31557167119806367 -1.3331734686283507 0.070914897612856548 0.22109082639978325,0.22332558119758536 0.16366163949158766 0.038976990454843263 -0.11123326896613686 -0.16580550683690815 0.019983927383453969,-0.13090162346262307 -1.3155070265097755 0.19359283692564028 -1.4978796512054924 0.05824312523149075 0.032645923533494929,0.24848429626480167 -0.079009686144714986 0.33719087027805894 0.38122230962422271 -0.10769121928075254 0.57743070278135744,48.73751562551773 -77.569111201869148 -27.18291315206919 -2.5575519179120434 2.5255077956592347 0.021911905337409009,0.040092729581942876 -64.390417971731949 -34.598044439646515 -4.1829944671080739 4.461612157020113 -0.096139577369108054
ur,tetrapga,16.37131275,0.317726641,0.320148996,0.231948868,39.42768,46.739418,4.92846,1,0,0,1.649993027,0.007050961,1,5,5,1,0 0 0.060000000000000005,0 0 0.050000000000000003,0 0 0.050000000000000003,wrist_3_link,-1,0,0 0 0,0 0 0,,-0.13354718600032078 -1.3101933612375736 0.19306259645317561 -1.5016113125942636 0.058678413776675299 0.026465685716489541,0.011872750767045581 0.049952523387966824 0.056783685835767359 0.027098274952168613 -0.012331339406231956 0.03157435695826042,-0.0068626201346199192 -1.3776095094834995 0.3170671554825778 -1.337968872927402 0.063916961930984478 0.2218445005059157,0.22443184274422931 0.16003916134322951 0.032018788012833942 -0.1164138724293773 -0.16639939864309233 0.015796497738359019,-0.12916195331426808 -1.3147916128384378 0.19623872736509201 -1.4958430393070636 0.05739395270815343 0.035687549052278271,0.30013259784742985 -0.076625330839126427 0.3473063196959868 0.37119090570271446 -0.11974933245418257 0.57333562162933616,43.371003298027269 -76.106890297284153 -31.675453035822873 -3.5827297107038181 3.5740986347961528 0.011229726641310313,-0.046515014244732811 -64.656246046818524 -34.792330126998536 -4.2127335115419555 4.4939858986127632 -0.097452777783388456
ur,tetrapga,16.418155374,0.315930563,0.323193907,0.192283172,34.049543,41.371717,4.256192875,1,0,0,1.681662425,0.032542872,1,5,5,1,0 0 0.060000000000000005,0 0 0.050000000000000003,0 0 0.050000000000000003,wrist_3_link,-1,0,0 0 0,0 0 0,,-0.13284494187192822 -1.3078861004129319 0.19586640778011388 -1.5002033778709754 0.057999805295549808 0.028216065069112874,0.016157257506960447 0.049292697450702451 0.063045089298519333 0.033542686031153082 -0.016788613075883477 0.044334993509133572,0.0036746710181247972 -1.3702107270757335 0.31838515923701333 -1.343553661716367 0.056111685056672363 0.22247520669676293,0.22542896406079435 0.15582881562736081 0.024250238250781708 -0.12200471654382808 -0.16681252057242774 0.011131048045436914,-0.12872022559593077 -1.3118467962581624 0.1986292758578882 -1.4952962975256319 0.056557337409665245 0.036475122055789878,0.28540274964592172 -0.063492454059706188 0.32208853566065682 0.34086388292346054 -0.14244269902329704 0.5654143743867881,50.776489317084767 -78.384246587589942 -29.015677051434537 -2.8891253567279311 2.7595721055818814 0.019784271550355288,2.3032333145608845 -56.157857417108062 -28.84247579169903 -3.0674641240184428 3.5406252097982076 0.49260475044862062
ur,tetrapga,16.459594182,0.314753271,0.321929331,0.239364146,39.65662,47.402226,4.9570775,1,0,0,1.69059711,0.026644611,1,5,5,1,0 0 0.060000000000000005,0 0 0.050000000000000003,0 0 0.050000000000000003,wrist_3_link,-1,0,0 0 0,0 0 0,,-0.1321944918068316 -1.3058065983784111 0.19830382136930147 -1.4990559190233745 0.057355932904343841 0.029682416607367295,0.012610636145861182 0.052154783822028455 0.055986676460617231 0.024245725219021439 -0.014445130582498737 0.030090321043126474,0.013030860675163767 -1.3638332725194386 0.31924731780715204 -1.3487091652447061 0.04919539402820073 0.22285087607002704,0.22610529786685149 0.15194816723367632 0.017358565046131418 -0.12679541457973736 -0.16696097631314319 0.0069999754350207558,-0.12692469914709512 -1.3108175846803518 0.20117506391404671 -1.4936057344903557 0.055517485062609062 0.039261520591865343,0.3330116251951093 -0.060104736515892265 0.32839395978814989 0.32880855121395336 -0.15493765259072848 0.56057186227263822,46.514076890566713 -77.452351821612908 -32.849965824895904 -3.7875146140860307 3.7195875366559079 0.010476858687467085,0.067598185263477717 -66.739673083612615 -35.904621862693716 -4.3496536868387921 4.6424032565225133 -0.09288952402629036
ur,tetrapga,16.507106186,0.313068873,0.324524691,0.200842399,34.174492,41.638238,4.2718115,1,0,0,1.728153981,0.065604112,1,5,5,1,0 0 0.060000000000000005,0 0 0.050000000000000003,0 0 0.050000000000000003,wrist_3_link,-1,0,0 0 0,0 0 0,,-0.13117632569170823 -1.3036713984634511 0.20126789076742793 -1.4974393026754917 0.056521953630001232 0.031883793655395745,0.022953768336048883 0.04510923788648661 0.061913257048067778 0.03224428483484551 -0.019642680502085782 0.046286014757792523,0.023787335281323336 -1.3567230424524712 0.31988408053087325 -1.3548603320203032 0.041263588002977518 0.22307094021199578,0.22664184287805478 0.14732354074287934 0.0094443285082935393 -0.13210187474682883 -0.16688092437929969 0.0022640854020391028,-0.1265479037571545 -1.3076426592222923 0.20361755273547674 -1.4931628064214459 0.054588240165270252 0.039974851373340219,0.31282608278089985 -0.049770956298849194 0.29950942434242522 0.29496402018473106 -0.17893489762936193 0.55027428121370936,55.062475923008449 -79.32325788020735 -30.340315027686721 -3.1484704122100555 2.9203695283340507 0.018144898677886882,1.4102684993198409 -56.560318738042952 -30.126359788477316 -3.549275191745437 3.7423381411248187 0.18154926670081295
ur,tetrapga,16.548822017,0.312456679,0.32422325,0.241664817,39.525392,46.883802,4.940674,1,0,0,1.737728792,0.051294276,1,5,5,1,0 0 0.060000000000000005,0 0 0.050000000000000003,0 0 0.050000000000000003,wrist_3_link,-1,0,0 0 0,0 0 0,,-0.1303342993870264 -1.3017340971504563 0.20362519748519634 -1.4963447060874073 0.055798951436990062 0.033403707530768774,0.016401650229637584 0.048947094227881786 0.054109504394294933 0.023133345501579722 -0.016015144061529589 0.031185860504972109,0.033247996131031458 -1.3506646585694513 0.32013305977292156 -1.3604652686788443 0.034307348000045694 0.22307873606857898,0.22690171243158208 0.14311316343452293 0.0024928398992882812 -0.13659107287456929 -0.16659090660447101 -0.0018892235832760509,-0.12459796959367184 -1.3065324557438243 0.20605037555722661 -1.491703775608729 0.053360132340374664 0.042687983736758375,0.3620666338688292 -0.045867129936369641 0.30386395428999446 0.28181321615090932 -0.19134820535319236 0.54448979050762736,50.734268274380135 -78.6628330555357 -33.913119955122063 -3.990287844870668 3.8644306568011997 0.009647490136283925,-0.19447769224677813 -67.16120743895317 -36.2497226111484 -4.4082743146473149 4.6995014113161915 -0.09624957292565739
ur,tetrapga,16.595777422,0.311584819,0.324589871,0.19973953,34.039113,41.430074,4.254889125,1,0,0,1.782069275,0.078526922,1,5,5,1,0 0 0.060000000000000005,0 0 0.050000000000000003,0 0 0.050000000000000003,wrist_3_link,-1,0,0 0 0,0 0 0,,-0.12915724789883304 -1.2996518664570909 0.20645549373942521 -1.4948993218178734 0.054843578993076188 0.035552091006007217,0.025621206756669831 0.045116431659359288 0.059332572099627459 0.028127412416445008 -0.022485661052476708 0.044605645310609093,0.043904545485501732 -1.3440591375913971 0.32006651687039256 -1.3669938048788928 0.026497400761005561 0.22288046017080199,0.22695728116390626 0.13821159470953301 -0.0053251587198039256 -0.14144760354839714 -0.16601984641808351 -0.0065538080887306265,-0.12417991031541215 -1.3033758734802294 0.20844404282675855 -1.4913298567276876 0.052379375323930194 0.043379073496476836,0.33721230385503648 -0.035464047471508144 0.27388852230408167 0.2464614982017066 -0.21531004284940422 0.53237951563675512,59.975933951429823 -80.95450549716233 -31.930335397546266 -3.4384803722206074 3.1149498650990015 0.016587958364825715,0.85712364215089565 -55.648347275668129 -29.960929431015529 -3.5839696424627618 3.7068796643671504 0.15609968711747513
ur,tetrapga,16.637289289,0.311720999,0.325238249,0.242644411,39.53648,47.088295,4.94206,1,0,0,1.792537109,0.058240704,1,5,5,1,0 0 0.060000000000000005,0 0 0.050000000000000003,0 0 0.050000000000000003,wrist_3_link,-1,0,0 0 0,0 0 0,,-0.12823989920846587 -1.2976753433322921 0.20874651420328832 -1.4939374791515332 0.054023101585284498 0.037016202672507513,0.017770826756712359 0.050588253979010851 0.053252003580442776 0.020471730123314224 -0.018118539560350019 0.030040758987193533,0.053323320576394481 -1.3384140923623695 0.319702232616562 -1.372951557096812 0.019619843373319026 0.22252303233946263,0.22679706941842673 0.13373972564746622 -0.012222842661719998 -0.14556256687837038 -0.16530052846009552 -0.010664277163009564,-0.12208730390313713 -1.3021930857783746 0.2107374781590437 -1.4901181709697184 0.050972406843989203 0.045994944757622516,0.38845045444230442 -0.030293104391181089 0.27722718601908947 0.23294892049130583 -0.22723750565994585 0.52582362089225121,55.373380682155975 -80.853635174415942 -35.423449244764292 -4.2452359677361127 4.06229322374005 0.0088215941265542795,-0.46848181297946212 -67.206634803023007 -36.396661668152092 -4.4322304441548113 4.7316482309203849 -0.092689656526232511
ur,tetrapga,16.684447568,0.311743895,0.324434549,0.203793291,39.514427,46.998002,4.939303375,1,0,0,1.826932664,0.078347108,1,5,5,1,0 0 0.060000000000000005,0 0 0.050000000000000003,0 0 0.050000000000000003,wrist_3_link,-1,0,0 0 0,0 0 0,,-0.12697387368951815 -1.2954693531214112 0.21152618834360745 -1.4926712639259243 0.052918039482248186 0.039096125652611287,0.027435015064638114 0.048084141027394285 0.058578750622791359 0.024390614538352708 -0.025723653418270234 0.043195482838520802,0.064009761686105823 -1.3322299028512607 0.31894153693044797 -1.3799222153136592 0.011848527194174443 0.22191039989615696,0.22637655681241581 0.12850757933565141 -0.020033194083419793 -0.15002804584688861 -0.16424108622517095 -0.015313698520427471,-0.1199338216113485 -1.3006976246362827 0.21309811706391807 -1.4890365403433912 0.049538888627710151 0.048414151130947033,0.42189059229798809 -0.023184002768636108 0.27043266984167946 0.21498798317234499 -0.23999079698047454 0.51798889369716616,53.164239568546243 -81.864730258077444 -36.84388611247671 -4.444636721000963 4.2376204391140533 0.0078839055506990489,0.88383439693814125 -56.566460781056776 -30.568993634747699 -3.6875233946084336 3.7678261147078445 0.15123176469077748
ur,tetrapga,16.731521847,0.312704406,0.330154136,0.212049106,39.723397,47.235153,4.965424625,1,0,0,1.870066885,0.089601612,1,5,5,1,0 0 0.060000000000000005,0 0 0.050000000000000003,0 0 0.050000000000000003,wrist_3_link,-1,0,0 0 0,0 0 0,,-0.12585800396219385 -1.2930747515646634 0.21414258279524476 -1.4916894662807574 0.051836464140829132 0.040772200954224014,0.026020005820648 0.049838664770755305 0.061004591325698396 0.027177747905196926 -0.029552396897107383 0.051929212206288308,0.074651433013646545 -1.3263064851764441 0.31781569384314046 -1.3870851363126746 0.0041468884663740709 0.22108079071409664,0.22570389957943135 0.12312976520967424 -0.0277923354477497 -0.15425770729984031 -0.16292892927944591 -0.019928233908292695,-0.11786228921758087 -1.2989154504003326 0.21544292327087361 -1.4881412535983403 0.04808359507499925 0.050576913038898802,0.44407224768486969 -0.015443003994348142 0.26046122176548675 0.19481477867406988 -0.25371092887383029 0.5091561815165655,53.007468726261983 -83.370643675583665 -38.039868637119611 -4.6138753639406023 4.3787828241144702 0.0071955313000281844,6.9533507126925542 -63.35860579821383 -31.807365973163883 -3.335975983559365 3.5483141557641318 0.91660992900773408
ur,tetrapga,16.778838741,0.313645202,0.330059619,0.220265279,34.138989,41.785159,4.267373625,1,0,0,1.94376061,0.116672163,1,5,5,1,0 0 0.060000000000000005,0 0 0.050000000000000003,0 0 0.050000000000000003,wrist_3_link,-1,0,0 0 0,0 0 0,,-0.12447510179797817 -1.290766190204802 0.21685941947078349 -1.4905992003118409 0.050586687361350045 0.042789143542750228,0.032780204920254304 0.046122050562955361 0.060613792727719842 0.027563998238325355 -0.032170040876451665 0.056096398043834435,0.085310034312396463 -1.3206112084108068 0.31631706034104495 -1.3944800892250915 -0.003526199353800546 0.22002873774959714,0.22477358402958236 0.11757497688533128 -0.035543268238948551 -0.15827386023825774 -0.16135662016633578 -0.024534312282585718,-0.11804728180915483 -1.2948789058178312 0.21793308754931906 -1.488163202951188 0.047087085103995299 0.050614709348727638,0.39017671232808676 -0.0047606894079737713 0.22273952231131355 0.15087800048781436 -0.2810070142724187 0.49146013223789042,67.442037888525945 -87.232343051786373 -37.135009996323433 -4.271569202066642 3.7628204358343913 0.012513922600083861,7.4656402853219106 -65.354550284547258 -33.039791918278866 -3.5819663067468355 3.7223329414521658 0.82271277967873857
ur,tetrapga,16.820697101,0.314643831,0.325991774,0.262515029,39.530976,47.139549,4.941372,1,0,0,1.953333124,0.105978344,1,5,5,1,0 0 0.060000000000000005,0 0 0.050000000000000003,0 0 0.050000000000000003,wrist_3_link,-1,0,0 0 0,0 0 0,,-0.12301567935398633 -1.2889131554781883 0.21918148798433668 -1.4896497285884798 0.049431032214402128 0.044651039886535349,0.031264363012273477 0.044650695235103684 0.052003121790021568 0.019978472171966664 -0.024583503972647601 0.038209078446911043,0.094697721997899761 -1.3157946707728942 0.31468661816910587 -1.4011759881527905 -0.010247516195113455 0.2189170366669595,0.22373874013021036 0.11254186993903098 -0.042351256265010219 -0.16162560015003111 -0.15975662928495299 -0.028577729818043678,-0.11575799768217809 -1.2933859443743827 0.22000866014463832 -1.4874567868564186 0.0453338598955524 0.052984064229984168,0.44142293914807496 0.00019048231721333769 0.22043406082060793 0.13475593801156127 -0.29240149825557565 0.482534030850574,63.325849277402547 -87.607976806088786 -39.912608069787019 -4.9294329985664334 4.6356401858315666 0.0066858579420125755,-0.24851356191925333 -72.87445028287766 -39.377254346361156 -4.8341375041854917 5.1199192475487223 -0.1179324119583498
ur,tetrapga,16.867906197,0.316030427,0.320928738,0.205575355,39.54688,47.171908,4.94336,1,0,0,1.989484297,0.112060445,1,5,5,1,0 0 0.060000000000000005,0 0 0.050000000000000003,0 0 0.050000000000000003,wrist_3_link,-1,0,0 0 0,0 0 0,,-0.12118985286821395 -1.2869271532906594 0.22172811267134854 -1.4886354025023407 0.048041631762667618 0.046811300517786016,0.036071622244742994 0.044560292689012862 0.051362167028444754 0.015785870849736556 -0.030123107042510915 0.038600977501558671,0.10522805436930659 -1.3106181565210564 0.31250724602161817 -1.4088909317741256 -0.017742369723099814 0.21746103443896125,0.22233390937828074 0.10673769146356898 -0.049965035592527955 -0.16517457405403546 -0.15772002454153122 -0.033097894030341662,-0.11332288567186567 -1.2917194551907134 0.22212092388746812 -1.4868334260204457 0.043573218052324163 0.055221569138627843,0.47413447585267265 0.0064739265923170544 0.21030007639403245 0.11475184343169631 -0.30469810125087948 0.47258697958665108,61.259937043624703 -88.965697303115519 -41.297005711520114 -5.1112488203078996 4.7938980474977644 0.0059980677238364102,-1.81032794515761 -54.969421275354762 -30.836303267965604 -3.9491412216075332 3.8803843497950083 -0.10364391772060344
ur,tetrapga,16.915149811,0.318769436,0.32782502,0.214325749,39.55997,46.9433,4.94499625,1,0,0,2.039126983,0.096683984,1,5,5,1,0 0 0.060000000000000005,0 0 0.050000000000000003,0 0 0.050000000000000003,wrist_3_link,-1,0,0 0 0,0 0 0,,-0.11986982262036723 -1.2845925950385355 0.22407095062315621 -1.4879898483566179 0.046793508531197708 0.048301392337478564,0.029280776263872803 0.051437492902064702 0.054705568547992585 0.016903802241543364 -0.035581240832015137 0.04654983951884565,0.11569375982777458 -1.3057152306517779 0.30996825754481439 -1.4167733585637885 -0.025140712378749069 0.21579144604918168,0.22067707680170748 0.10080081880953504 -0.05750596951547568 -0.16847616276309227 -0.15543963698095264 -0.037573676425087528,-0.11100277220646364 -1.2898215709502148 0.22419497088277546 -1.4863767169150468 0.041837500067419278 0.057185140876310353,0.49460596281592772 0.014521150306748817 0.19831753892316331 0.093226836180256997 -0.31759882557790892 0.46170199224622949,61.279920118974808 -91.190820898058675 -42.801943988002918 -5.3165853518345303 4.9743452714073539 0.0053179336365080654,7.1140578954187959 -62.343639583543336 -32.148862294258265 -3.6132019678379947 3.4580837511631017 0.83125038434225473
ur,tetrapga,16.962170997,0.321452046,0.326755865,0.226726613,39.483128,46.86342,4.935391,1,0,0,2.092055042,0.104063061,1,5,5,1,0 0 0.060000000000000005,0 0 0.050000000000000003,0 0 0.050000000000000003,wrist_3_link,-1,0,0 0 0,0 0 0,,-0.11832962860535766 -1.2821338480323243 0.22657763829056168 -1.4872914721103232 0.04530231934986792 0.050112130719056611,0.036245238223211129 0.051287087001640093 0.055812372538271593 0.016824142498215715 -0.039445375848978607 0.050938641583857497,0.12602662964610542 -1.3011167486830677 0.30708950820533143 -1.4247676196463819 -0.032391669301030476 0.21392097477864103,0.21878036909411072 0.094771748532567923 -0.064923323006084055 -0.17150953097189542 -0.15293382938000322 -0.041975812281758701,-0.10874669608564942 -1.2877220266318772 0.22626746843561563 -1.4860419985787341 0.04005817771786388 0.059015227897978771,0.51097377756721452 0.022201698608098935 0.18460383761170432 0.070425891891470693 -0.33069089627094472 0.4497924451227312,62.05178279160954 -93.637934375534627 -44.365322267792919 -5.5325168861232656 5.1655782842743845 0.0046825144164115099,8.1437720986743329 -65.889314856897727 -34.008991970399393 -3.9009228554887159 3.7084754267982021 0.76336111747292534
ur,tetrapga,17.009105875,0.324342171,0.325337963,0.222972083,39.493637,47.121968,4.936704625,1,0,0,2.145629217,0.115888643,1,5,5,1,0 0 0.060000000000000005,0 0 0.050000000000000003,0 0 0.050000000000000003,wrist_3_link,-1,0,0 0 0,0 0 0,,-0.11656401902570059 -1.2798620675633958 0.22895762457689026 -1.4866400261459722 0.043767335600985266 0.051969210962003611,0.038434537156355794 0.048771616826945911 0.05179665393976278 0.014323708226008348 -0.038509660490038497 0.048909110124420827,0.13624584389569214 -1.2968120807603452 0.30387048317961579 -1.4328834662462395 -0.039506392698984802 0.21184884093576792,0.2166426403027818 0.088641755316232237 -0.072229447444970674 -0.17428199935639407 -0.15020254193264462 -0.046312460250739165,-0.10650650347056205 -1.2855263449810379 0.2282920296039575 -1.4858187723909839 0.038235554671711885 0.060749838495182784,0.52431541876252241 0.028836485464870984 0.16900276662790076 0.046591634944969873 -0.34373906461654213 0.43701435389972465,63.353259945212358 -96.05401085298638 -45.830064318922588 -5.7336456481441092 5.3399791564596439 0.0041562484851735658,10.026941356741929 -66.732959951383236 -33.445812406837149 -3.391863475876562 1.8203705411032871 3.8242413548384349
ur,tetrapga,17.056308262,0.327328143,0.321989837,0.231317005,39.538416,47.094808,4.942302,1,0,0,2.200632405,0.125321199,1,5,5,1,0 0 0.060000000000000005,0 0 0.050000000000000003,0 0 0.050000000000000003,wrist_3_link,-1,0,0 0 0,0 0 0,,-0.11451634724610377 -1.2776175512678343 0.23133875914534732 -1.4860336599714685 0.04207412195189688 0.05396228284139655,0.04561294587781408 0.046587873634654622 0.050965166540528718 0.012388362957560356 -0.04273339567576117 0.050536402101849898,0.146416349295627 -1.2927755593238479 0.30028977375030041 -1.4411706781511406 -0.046527018119734288 0.20956107557408743,0.2142485797014374 0.082371728170128042 -0.079468938762271513 -0.17680941305134287 -0.14722913841867072 -0.050610913937912505,-0.10421407418688394 -1.2832689170144935 0.23027281288249207 -1.4856962420615396 0.036342258603055497 0.062439688090056657,0.53686127844544163 0.035028692280432774 0.15238761164838915 0.022031528070690753 -0.35661723608782947 0.4233423135400543,64.760997296950862 -98.558997975746323 -47.375455004797921 -5.9511368847939572 5.5367910059373058 0.0035708414572898691,7.2523449701516824 -66.012968346421985 -34.697550703125103 -4.1438610687318942 3.8277382033097922 0.5967494989467923
ur,tetrapga,17.103470464,0.330635095,0.320349223,0.231437658,39.54803,46.890457,4.94350375,1,0,0,2.256803943,0.126769275,1,5,5,1,0 0 0.060000000000000005,0 0 0.050000000000000003,0 0 0.050000000000000003,wrist_3_link,-1,0,0 0 0,0 0 0,,-0.11234912989261663 -1.2754325703364833 0.23360931936279009 -1.4855302012574871 0.040345350329872437 0.055892769594776487,0.046854149484631492 0.045913726917624319 0.048356701271441059 0.0095805018332400568 -0.043653123830433092 0.048587787735026665,0.15645961624536384 -1.2890403844713632 0.29637357814220355 -1.4495637566653334 -0.053396252708694296 0.20707420423221212,0.21161455448690444 0.076009685939369603 -0.086584042769215913 -0.17907023471110986 -0.14403703742833918 -0.054837701382737213,-0.10186610857082982 -1.2809811577580967 0.23218571217998707 -1.4856788939093499 0.034389616083787752 0.064074455690991156,0.54771619281091244 0.041084073361757206 0.13484658467756166 -0.0030202561029128508 -0.36917693137149715 0.40893715309431822,66.375986319155643 -101.24404786577685 -48.967343816981533 -6.1711654424271387 5.7343152878867993 0.0030363283219378488,6.9970193384987738 -65.602614699906553 -34.715648707819582 -4.198305203617565 3.8168449227551235 0.56337821882615913
ur,tetrapga,17.15043531,0.334279282,0.319024968,0.231839455,39.602526,47.225094,4.95031575,1,0,0,2.314419865,0.120755142,1,5,5,1,0 0 0.060000000000000005,0 0 0.050000000000000003,0 0 0.050000000000000003,wrist_3_link,-1,0,0 0 0,0 0 0,,-0.11014111722654714 -1.2732543330138313 0.23578504355570551 -1.485133489253017 0.038580280267148784 0.057749201389186225,0.047631152411845332 0.046374970742732016 0.04644073746094244 0.006851047831917245 -0.044933494279318989 0.046915331399454696,0.16633180982003146 -1.2856211248671694 0.29214325859541351 -1.4580214388634518 -0.060082088659943717 0.20440132871397637,0.20875397076013119 0.06958554646162135 -0.093542396077654313 -0.18105617752283798 -0.14064454254896006 -0.058974371083984178,-0.09947614772369448 -1.2786714962854864 0.23401993864574011 -1.4857688834807676 0.032386676991878312 0.065644470676760061,0.55733912638308514 0.047244410817987928 0.11679920272792638 -0.028292591937625622 -0.38132564221871246 0.39391607015251717,68.104779929441662 -104.17549166068632 -50.669067056060257 -6.4046477865003162 5.9464311052254546 0.0024986836683236922,7.0508453421772401 -65.397008742044818 -34.775918315471131 -4.250061233512497 3.7947786194252302 0.55001630266991697
ur,tetrapga,17.19773502,0.338306208,0.317817199,0.23349691,39.615493,47.35722,4.951936625,1,0,0,2.376100421,0.110919082,1,5,5,1,0 0 0.060000000000000005,0 0 0.050000000000000003,0 0 0.050000000000000003,wrist_3_link,-1,0,0 0 0,0 0 0,,-0.10789442393513779 -1.2710387857990073 0.23789566279027749 -1.4848400393298262 0.036764178311544021 0.059542059769814366,0.048443591984701335 0.047605316349994375 0.045017308887094126 0.0041649967974969971 -0.046411252876117505 0.045333459649849708,0.17613301306893836 -1.2824843795672209 0.28755568277868776 -1.4666273312695175 -0.066649597860049328 0.20151485331443517,0.20563648759423944 0.063034291662945968 -0.10041285070161843 -0.18278622362905866 -0.13701867466370485 -0.063062652037604833,-0.097052432009015283 -1.2763344816326931 0.23577615201413432 -1.4859660473912317 0.030336954795355895 0.067145573480462198,0.56603559594250452 0.053604628896700104 0.098410291532482472 -0.053671868524942962 -0.39301219080485583 0.37833819130482016,69.887021297041301 -107.3939385598197 -52.508893214314469 -6.6546248974111473 6.1756598499768174 0.0019510481953519769,7.163515410808202 -65.572249690934768 -35.024536425939573 -4.3256202912316439 3.7991141798876242 0.5321233246803132
ur,tetrapga,17.245170055,0.342657623,0.316652175,0.236132869,39.624649,47.34571,4.953081125,1,0,0,2.44135117,0.098017153,1,5,5,1,0 0 0.060000000000000005,0 0 0.050000000000000003,0 0 0.050000000000000003,wrist_3_link,-1,0,0 0 0,0 0 0,,-0.10560732601906557 -1.2687637336361948 0.23995489882083615 -1.4846488624092211 0.034891226213604187 0.061274156146425854,0.049260137116121559 0.049092756726387042 0.043718174194364974 0.0014749004124400633 -0.047908645216298257 0.043715159419566163,0.18580858760607413 -1.2796516405544405 0.2826320839655358 -1.4753335387251361 -0.073058795814363031 0.19842786896409279,0.20227516635343842 0.056390703416517619 -0.10715503648248055 -0.18424708587817276 -0.13317841889173965 -0.067079356346915378,-0.094599646911043472 -1.2739611244416722 0.23745868993338531 -1.4862691510483201 0.028242230695884281 0.068575837078817065,0.57393857506054802 0.060083773987042594 0.079731402196940637 -0.079049987823888029 -0.40416149425421161 0.3622647414829937,71.685837431579557 -110.89683507121219 -54.485066244753916 -6.9203487896240965 6.4211891597231601 0.001396723214434343,7.2715716035739888 -66.038254723305727 -35.419930340165251 -4.4192364411255767 3.8244024363978255 0.51035941974205912
ur,tetrapga,17.292586495,0.347286883,0.315475796,0.239170439,39.589315,47.002458,4.948664375,1,0,0,2.509745823,0.082532105,1,5,5,1,0 0 0.060000000000000005,0 0 0.050000000000000003,0 0 0.050000000000000003,wrist_3_link,-1,0,0 0 0,0 0 0,,-0.10328182843884344 -1.2664266472573467 0.2419623189826528 -1.4845607226824347 0.032962090982667613 0.062943871209758237,0.050026988983585666 0.050498000305425499 0.042317016827666233 -0.0012387089302300831 -0.049344434901003688 0.042032306873026448,0.1953155171234712 -1.27713654440563 0.27739447912742066 -1.4840990519479513 -0.079278725384143128 0.19515374329356189,0.19868379391183638 0.049684557198168701 -0.11373737985476297 -0.18543148089677203 -0.1291426611479865 -0.07100645341541055,-0.092121428820872153 -1.2715453028404564 0.23907080295728966 -1.4866766025469607 0.026104623754033957 0.069933905176948849,0.5810954340151635 0.066525288141790984 0.060775720198435627 -0.1043198237639807 -0.4146965016932701 0.34575744567456251,73.478194701345387 -114.65649804540607 -56.582932495904601 -7.1997693034073906 6.6810427581628167 0.0008388452570744229,7.3764855524470363 -66.627368613565523 -35.875565857215634 -4.519793477948042 3.8582443468733274 0.48708165943989457
ur,tetrapga,17.339666843,0.352117119,0.314244374,0.242192631,39.58249,46.947395,4.94781125,1,0,0,2.580226865,0.063967794,1,5,5,1,0 0 0.060000000000000005,0 0 0.050000000000000003,0 0 0.050000000000000003,wrist_3_link,-1,0,0 0 0,0 0 0,,-0.1009205931522472 -1.2640346643976101 0.24391129281142215 -1.4845768089008387 0.03097983620003859 0.064548721209836263,0.050744677490115214 0.051711018128574933 0.040752320926384492 -0.0039720436226059596 -0.050694837401352298 0.040289603185820998,0.20458125415248984 -1.2749552388217935 0.27188904108245204 -1.4928515366164683 -0.085260782708306435 0.19172073498901587,0.19489299026009702 0.042969955210751254 -0.12010875810459051 -0.18633348163087426 -0.12494803894380008 -0.074814112896173249,-0.089621068629242961 -1.2690854489969998 0.24061354733246929 -1.4871864529605012 0.023927151049941517 0.071218738210585539,0.58751890930911765 0.072774279093149319 0.041577738955815 -0.1293498531338883 -0.42453447694919966 0.32889112817685345,75.244194354442797 -118.63752215318405 -58.783394716304279 -7.4903505757468842 6.9528678580397951 0.00028201187200607312,7.4715056844864307 -67.214770408172626 -36.328894688510672 -4.6194596868672306 3.8925385318373102 0.46319696904885177
ur,tetrapga,17.386683222,0.357172336,0.312988365,0.245031993,39.497254,46.848314,4.93715675,1,0,0,2.654191879,0.043611609,1,5,5,1,0 0 0.060000000000000005,0 0 0.050000000000000003,0 0 0.050000000000000003,wrist_3_link,-1,0,0 0 0,0 0 0,,-0.098525861755346361 -1.2615960184562034 0.24579493260134244 -1.4846979096482606 0.028947950346444963 0.066086447621965611,0.051416663144527142 0.052766546484565531 0.039057670849299869 -0.0067093009107736645 -0.051959280009876686 0.038495963237667644,0.21365111559271791 -1.2730935223450928 0.2660957375317396 -1.5016280873708836 -0.09103339509336833 0.18811571861535129,0.19088792909641791 0.036217268368066317 -0.126299596139613 -0.18696113751887627 -0.12058034280527553 -0.078521142897607268,-0.087101526253223233 -1.2665831931059448 0.24208618814984811 -1.4877968461761755 0.021713267151868838 0.072429336201339276,0.59321758219319709 0.078737281982013602 0.022161812520067839 -0.15406613046678724 -0.43363546527481744 0.31170882973858988,76.974155914855231 -122.81589357825681 -61.076270554309389 -7.7909698913649583 7.2354754541728621 -0.00027541627448582904,7.5489181310001072 -67.749833137079804 -36.754798922942882 -4.7150380429939105 3.9242765452053305 0.43891430599086334
ur,tetrapga,17.433599063,0.362575858,0.313146274,0.246971825,39.630897,46.988848,4.953862125,1,0,0,2.731844326,0.020986031,1,5,5,1,0 0 0.060000000000000005,0 0 0.050000000000000003,0 0 0.050000000000000003,wrist_3_link,-1,0,0 0 0,0 0 0,,-0.096204036368765497 -1.2592234795972941 0.24753409222365963 -1.4849052183595179 0.026976006640331569 0.067481816467376998,0.048923859933375217 0.053017028391137158 0.036949991248013125 -0.0090797114304419918 -0.050257230193842775 0.035297528676958054,0.2225088386373088 -1.2715531945188516 0.26002886409424342 -1.5104088944924381 -0.09658494178027989 0.18434699335461346,0.18667733345619583 0.029440462159695053 -0.13229780024605853 -0.18731516739268111 -0.11605178771513987 -0.082120947367716912,-0.084595744005129203 -1.2640694729710049 0.2434678680219291 -1.4885012769609596 0.01949281896618164 0.073546881598744965,0.59767622709682811 0.084223974182122546 0.0024629842159329778 -0.17841721884547512 -0.44201663598716229 0.2943031677350183,78.764664493835326 -127.11845796417305 -63.417346671565376 -8.0949883884900711 7.5195847481346743 -0.00081895133077016197,9.9122730723408381 -67.26818108556381 -37.045773716282838 -6.9792079667804501 1.1383443390153474 2.492231531145876
ur,tetrapga,17.480663518,0.368012666,0.310405395,0.249386729,39.618298,46.988321,4.95228725,1,0,0,2.814678664,0.00293583,1,5,5,1,0 0 0.060000000000000005,0 0 0.050000000000000003,0 0 0.050000000000000003,wrist_3_link,-1,0,0 0 0,0 0 0,,-0.093732367553872389 -1.2567001350081071 0.24927965428438609 -1.4852453949931221 0.024821421734605088 0.06890634204297845,0.053602499988931844 0.055138322759723454 0.035858763634720396 -0.012255968500329022 -0.054913271453211905 0.035263793957660071,0.23119117759792374 -1.2703281817232985 0.25366441235436138 -1.5192277836927477 -0.1019367465345536 0.18039906231968506,0.18224324761574323 0.022612032878763708 -0.13812700145115619 -0.1873972283401184 -0.11134624524932407 -0.085628387935182973,-0.08206034830276418 -1.2615096946649547 0.24478356886165889 -1.4893058663220582 0.017228063576589805 0.074599495519485109,0.60244395242463789 0.089680480260699663 -0.017155713851246566 -0.20231998273994983 -0.44961326303356364 0.27659360223995827,80.335644604136235 -131.67795522301356 -65.896698193583859 -8.4179875658975032 7.8292252077437254 -0.001391019164021155,7.5893408708370771 -68.420461332982995 -37.408009385808782 -4.8781832608210607 3.9690266373797982 0.38800562193236487
ur,tetrapga,17.527723169,0.373616413,0.309689363,0.253041675,39.752476,47.489719,4.9690595,1,0,0,2.90225727,0.028195728,1,5,5,1,0 0 0.060000000000000005,0 0 0.050000000000000003,0 0 0.050000000000000003,wrist_3_link,-1,0,0 0 0,0 0 0,,-0.091216976630598787 -1.2541156245976004 0.25096798174938312 -1.4856829494644588 0.022634836380412773 0.070249138187732749,0.053557015692463197 0.05626560159037871 0.034145391168130396 -0.014760344993213631 -0.055527565877425036 0.033015984384566044,0.23965911986428015 -1.2694251631998494 0.24703088548954677 -1.528043210410025 -0.10706290790331582 0.17628900721678162,0.17760416027582748 0.01576269795040083 -0.14375964850187478 -0.18720641842152649 -0.10648676602771628 -0.089027576202342015,-0.079500231450769607 -1.2589030422750394 0.24603425237129667 -1.4902063395970278 0.014928636259972004 0.075581145080992673,0.60615924454224235 0.094766861643327843 -0.036927462623430427 -0.22577531200194126 -0.45639006681270655 0.25865486257801218,81.893607322617328 -136.42403116754124 -68.458136177067232 -8.7474771178465538 8.1421588991378808 -0.0019488733058592512,7.5358958171898962 -69.213668591870373 -37.956251265230208 -4.9834408293381784 4.0279083287578459 0.35656013366062211
ur,tetrapga,17.575292917,0.379512388,0.308863031,0.255907561,39.490735,47.021488,4.936341875,1,0,0,2.996953835,0.052693078,1,5,5,1,0 0 0.060000000000000005,0 0 0.050000000000000003,0 0 0.050000000000000003,wrist_3_link,-1,0,0 0 0,0 0 0,,-0.088706941421333577 -1.2514943062594679 0.25258033117050516 -1.4862176035021371 0.020427353938259056 0.071506309211917266,0.053533624193202831 0.057038642471369076 0.0322112261086503 -0.017334268211255742 -0.056290489476085191 0.030966494785562956,0.24799212996730843 -1.2688402899818736 0.24006092919228367 -1.5369385129528232 -0.11200867244323892 0.17197450326765124,0.17271135105126939 0.0088259701591922451 -0.14924664589988451 -0.18673730073067332 -0.10142657126603646 -0.092350036416724915,-0.076929941840607127 -1.2562555427488951 0.24721573313772108 -1.4911994953208798 0.012604368151284864 0.07648621750037865,0.608995889949 0.099414442162943401 -0.056879865612288749 -0.24879246906992863 -0.46236844261937304 0.24047267391108307,83.429949552075101 -141.33340332079283 -71.096302280145224 -9.085666585884935 8.464529145704752 -0.0025104094779756598,7.668405532466295 -69.799855847795698 -38.386134144099401 -5.0770245528683517 4.055726023797515 0.33605491080567162
ur,tetrapga,17.622387057,0.385472527,0.307956874,0.258378166,39.532843,47.081616,4.941605375,1,0,0,3.094648623,0.080227437,1,5,5,1,0 0 0.060000000000000005,0 0 0.050000000000000003,0 0 0.050000000000000003,wrist_3_link,-1,0,0 0 0,0 0 0,,-0.086189233719888098 -1.2488446592777673 0.25411261337956942 -1.4868513018532949 0.018192316506494537 0.072685302662191892,0.053782182695224369 0.057736505321339629 0.03026301741596403 -0.01989755730550985 -0.057095249045044164 0.028992746980397482,0.25600790356446257 -1.2685864463912055 0.23290852429710057 -1.5457164615291599 -0.11666458781445109 0.16755018144284914,0.1676715395365401 0.0019543082070067374 -0.15446688511990739 -0.1860007722398144 -0.09627939158474233 -0.095523055326879769,-0.074355968082942314 -1.2535739616780694 0.24832461140500789 -1.4922824886683435 0.010261267125630309 0.077312965938731396,0.61109959417177095 0.10360752816587966 -0.076917722776921132 -0.27125521535475317 -0.46751101669540224 0.22212214418739973,84.912996769854146 -146.38673425442812 -73.79752268029246 -9.4303368059877855 8.7942410134245783 -0.0030650016502389893,7.7519309202045861 -70.266074109507827 -38.756724967366267 -5.1616024668255704 4.0813806114469777 0.3128452122717249
ur,tetrapga,17.669553824,0.391572997,0.307155637,0.260737156,39.597244,47.122844,4.9496555,1,0,0,3.198297017,0.108898583,1,5,5,1,0 0 0.060000000000000005,0 0 0.050000000000000003,0 0 0.050000000000000003,wrist_3_link,-1,0,0 0 0,0 0 0,,-0.083655664477225541 -1.2461666765260939 0.25556590750770658 -1.4875833234811977 0.015928437299455218 0.073788595088762468,0.054109200886400172 0.05848161679642682 0.028364926800983122 -0.022411271265850772 -0.057851285624178038 0.027012446013372257,0.26379365159393664 -1.2686565047085008 0.22550379418576194 -1.5544668208141548 -0.12108166749288818 0.16297206306305073,0.16243435199391792 -0.0049235067156043416 -0.15947698985636174 -0.18499364223187909 -0.0909963098340906 -0.098581470728993287,-0.071780726579978721 -1.2508631069945215 0.2493590363319878 -1.4934527806433771 0.0079035021724977225 0.078060837506903097,0.61252070513396717 0.10737917856824017 -0.096987385536589893 -0.29313541072977339 -0.47181969067427632 0.20362053595154028,86.333622175129619 -151.58615550778904 -76.565599626374734 -9.78209023370046 9.1315339756134115 -0.0036171418385639894,7.7639444591131905 -70.696739961798812 -39.11057335474959 -5.2425085250952179 4.108872532134523 0.28735401863636412
ur,tetrapga,17.716753113,0.39778894,0.306537983,0.263124582,39.574181,47.015342,4.946772625,1,0,0,3.308087887,0.13896597,1,5,5,1,0 0 0.060000000000000005,0 0 0.050000000000000003,0 0 0.050000000000000003,wrist_3_link,-1,0,0 0 0,0 0 0,,-0.08110729922516427 -1.2434575797458898 0.25694242174683707 -1.4884116773593894 0.013637789571675277 0.074815802348321692,0.05437064525111393 0.05929045696730955 0.026522036487121255 -0.024859217495262199 -0.05852941486583664 0.025010141215000628,0.2713331273507959 -1.2690510750008959 0.21786268990791094 -1.5631693366757049 -0.12524950954833811 0.15824927560090249,0.15700961935507191 -0.011792906503962973 -0.16426543177627007 -0.18371817721805708 -0.085590823929425797 -0.10151884631630005,-0.069206278154391676 -1.2481256801989646 0.2503185294680349 -1.4947077158106108 0.005534741263745673 0.078729495920406595,0.61326145586690828 0.11075562902816427 -0.11704414982518201 -0.31440137638008686 -0.47529160025050793 0.18498965148657923,87.689653523734336 -156.93392360643873 -79.401211930034435 -10.140985234951891 9.4763511362485477 -0.0041659361953463349,7.7504360889423651 -71.143502614881072 -39.468687337489882 -5.3223955309558733 4.1386440473097288 0.2612165185350932
ur,tetrapga,17.76384674,0.404080238,0.306098973,0.265586841,39.713916,47.181592,4.9642395,1,0,0,3.423724186,0.170741799,1,5,5,1,0 0 0.060000000000000005,0 0 0.050000000000000003,0 0 0.050000000000000003,wrist_3_link,-1,0,0 0 0,0 0 0,,-0.078548346019151075 -1.2407151621325254 0.25824405281955376 -1.4893338592848782 0.011323471871217135 0.075766076751672767,0.054541676871646037 0.060130130520791712 0.024716696071015377 -0.027238434321704117 -0.059122463137012624 0.022988327478875956,0.27859634101144287 -1.2697674256513483 0.21001884961315706 -1.5717861364787025 -0.12915114019465923 0.15340184163000981,0.15141986879459965 -0.018625151794284568 -0.16881252282571363 -0.1821814497846681 -0.080088626112558139 -0.10432359744516873,-0.066635239707795418 -1.2453631175951405 0.2512035771727813 -1.4960443173023035 0.0031585716247989198 0.079318749792598703,0.61331943797139776 0.11374164492440947 -0.13704163849123496 -0.3350082074733276 -0.47791904454103634 0.16626358440715139,88.979120283146102 -162.42560007206225 -82.30082451588062 -10.506523869099263 9.8281423798675718 -0.0047092839348232777,7.7338584579242706 -71.623682779953924 -39.838026123959821 -5.4023345637460807 4.1707806863201284 0.23491491071200699
ur,tetrapga,17.811114728,0.410491319,0.305830653,0.268105659,39.465575,46.979584,4.933196875,1,0,0,3.546892476,0.203115586,1,5,5,1,0 0 0.060000000000000005,0 0 0.050000000000000003,0 0 0.050000000000000003,wrist_3_link,-1,0,0 0 0,0 0 0,,-0.075982731507354101 -1.2379390393084402 0.25947176552813267 -1.4903472983899642 0.0089888690818459883 0.076638687111267326,0.054638076807965924 0.060957761498743573 0.022926622564274402 -0.029548964079589461 -0.05962592728960963 0.020950923037013392,0.28561766724109267 -1.2708092858940367 0.20193622295015723 -1.5803558657880841 -0.13280426986924518 0.14840669042048948,0.14563794296359331 -0.025452148941981802 -0.17313890891492736 -0.18037688460709436 -0.074466571743285151 -0.10700899704456986,-0.064070481331093637 -1.2425763844420463 0.25201490369171453 -1.497459646289202 0.00077849140816843403 0.079828324408082005,0.61270393303287374 0.11633921099603568 -0.15696506710937591 -0.35494797166542857 -0.47970683493976995 0.14744878735835229,90.202778807595664 -168.06022235550191 -85.265093097540856 -10.878925571213653 10.186975571990351 -0.0052493005822572044,7.7161183995470992 -72.13203594352035 -40.215848876856057 -5.4820266510587317 4.2048587486794098 0.20852619012046603
ur,tetrapga,17.85820312,0.417042025,0.305574083,0.269766184,39.459119,46.781229,4.932389875,1,0,0,3.676298563,0.237988267,1,5,5,1,0 0 0.060000000000000005,0 0 0.050000000000000003,0 0 0.050000000000000003,wrist_3_link,-1,0,0 0 0,0 0 0,,-0.073505175304045156 -1.2352436160913829 0.2605747847454763 -1.491414458223465 0.0067182958520074403 0.077406311858928448,0.055722523171664234 0.062289367094554494 0.021290272117113582 -0.032188428105384678 -0.060782327689351372 0.019173289567046777,0.29233667463442548 -1.2721671631232807 0.19368665812791547 -1.5888021339656613 -0.13617714707267034 0.14330741241101561,0.13971381365317845 -0.032214192945536173 -0.177206717152947 -0.17832156698512064 -0.068776694032992636 -0.10955200630681786,-0.061535687824360745 -1.2397939118975374 0.25274109844960729 -1.4989418289832797 -0.0015821328945831142 0.080251668262834974,0.61168340100396257 0.1186600767347748 -0.17672193287074275 -0.37418497533885642 -0.48069694524176609 0.12860587584048042,91.341390639294005 -173.82721548247457 -88.285914436392758 -11.257174800280648 10.552183539042099 -0.0057796949281888957,7.6387441895881807 -72.380476552642904 -40.464927577475692 -5.5424052455891797 4.2273515502515204 0.18126971429327909
ur,tetrapga,17.905092214,0.423467399,0.305914624,0.272943426,39.502593,46.966767,4.937824125,1,0,0,3.812019414,0.274098537,1,5,5,1,0 0 0.060000000000000005,0 0 0.050000000000000003,0 0 0.050000000000000003,wrist_3_link,-1,0,0 0 0,0 0 0,,-0.070896922317101915 -1.2323750173597872 0.26166637821607203 -1.4926164433716551 0.0043254554648079003 0.078131894349616954,0.0552847079186536 0.063167652979597866 0.019657290580606016 -0.034182766281318111 -0.060864443618345261 0.017013690086702893,0.2987463647728501 -1.2738346144747137 0.18528741561948134 -1.5971105629288787 -0.13926763817027055 0.13811386185967417,0.13365871752239797 -0.038900474307751468 -0.18101204829793646 -0.17602334654599983 -0.063032402820294695 -0.11195039496052475,-0.058997445401583221 -1.2369747521852059 0.25340194442299596 -1.5005016780050004 -0.0039517815841529341 0.080599613519966043,0.60981892000351556 0.12055453862229318 -0.19630923932987962 -0.39264944619831144 -0.48081825022793745 0.1097360937695097,92.410953065690506 -179.73163596275978 -91.366700152956881 -11.641273416008168 10.922705790882482 -0.0063052239091550728,7.6161860720679897 -73.113817340773494 -40.941513923229309 -5.6320692209201297 4.2738101485722506 0.15506746273632643
ur,tetrapga,17.952145023,0.430001151,0.306175288,0.276082166,28.596884,36.111291,3.5746105,1,0,0,3.976886014,0.30973429,1,5,5,1,0 0 0.060000000000000005,0 0 0.050000000000000003,0 0 0.050000000000000003,wrist_3_link,-1,0,0 0 0,0 0 0,,-0.068307696470901277 -1.2294780104840923 0.26268646852297639 -1.4938953646307904 0.0019328760923217137 0.07877453368337263,0.054848396941390473 0.063732080696600468 0.017880603079426575 -0.036078847827202179 -0.060759852265688849 0.014823420105921119,0.30488948608789601 -1.2758217694446135 0.17668535814802236 -1.6053338268261186 -0.14209651001447762 0.13279233638438931,0.12743293547528869 -0.04555441368671026 -0.18457987600152478 -0.17346899637738283 -0.057199403046198589 -0.11422028867220614,-0.053243657489346077 -1.2361049977915688 0.25171310712867973 -1.5036524059956728 -0.0077699650541637032 0.081466804365017437,0.71922356794545617 0.1087193557927163 -0.21110465094900657 -0.39384103667469772 -0.47727298927858636 0.10839885750339884,76.930838195749814 -175.95412882383758 -86.115771206917827 -10.789428822280705 10.500232866546336 -0.0013109198143549717,7.5344689947546044 -73.859532239361215 -41.412324889878391 -5.71524872421287 4.3290945120906841 0.12628640331271868
ur,tetrapga,17.988369664,0.434988149,0.314580974,0.299752078,34.051193,41.900299,4.256399125,1,0,0,4.086060124,0.312262126,1,5,5,1,0 0 0.060000000000000005,0 0 0.050000000000000003,0 0 0.050000000000000003,wrist_3_link,-1,0,0 0 0,0 0 0,,-0.066246700125687855 -1.2271789711757748 0.26342980250599202 -1.4949595176333157 4.4257964303756671e-05 0.079222936781771378,0.051130080288471942 0.060954634783010851 0.022021141496562271 -0.024235908856687183 -0.044848373350572131 0.010444926700034612,0.30941736831827743 -1.2775640824617502 0.16995195826828022 -1.6115794796617746 -0.14408656679290979 0.12862456401802622,0.12254232543115423 -0.050633845587769823 -0.18715270124258365 -0.17133606861657447 -0.052668300097265301 -0.11587287340273822,-0.055467150166631951 -1.230620786143811 0.25574210390847874 -1.502769290526714 -0.0076923274518963594 0.080870010765220809,0.53475365933909302 0.12764984782177713 -0.22866885532186623 -0.43291612840786775 -0.47868429373190119 0.065642524047446832,102.67888515356347 -195.68086007082528 -103.42698586146943 -13.328524698860139 12.094112309227526 -0.013174840005718702,-1.8210008171636787 -83.876850133335211 -44.96281172573913 -5.4338630181446206 5.7020613271163736 -0.032152690071796997
ur,tetrapga,18.030356324,0.440929211,0.313783137,0.297816577,28.585812,36.27343,3.5732265,1,0,0,4.176575737,0.417026257,1,5,5,1,0 0 0.060000000000000005,0 0 0.050000000000000003,0 0 0.050000000000000003,wrist_3_link,-1,0,0 0 0,0 0 0,,-0.064001636066355533 -1.2246279311001844 0.26418462117471686 -1.4962152835851592 -0.0020652158796185876 0.079662947184867883,0.054026678893501844 0.0625984099377834 0.020316879095499243 -0.027411210421774121 -0.047283421919252298 0.0095099629469254064,0.31444175435530936 -1.27981272830416 0.1620347437575444 -1.6187183377162844 -0.14618702552420623 0.1237210422222997,0.1167724290865528 -0.056468708367863128 -0.18994272196341333 -0.16868601355845528 -0.047379212799853215 -0.11768347226687065,-0.050225593877591665 -1.2296814952952384 0.25369130534239448 -1.5062278939997946 -0.011470823548247482 0.081360665330886484,0.65519469507114936 0.11741146410901734 -0.25634980932145418 -0.43232551583088125 -0.47231212225235397 0.061331817192299853,87.170885950165541 -192.20385453081758 -94.308533814816897 -11.814394864992831 11.524509019136284 -0.0018465338724391904,-1.7454845553137375 -83.36971372962762 -44.672486564794895 -5.3839981591918331 5.6669285048913247 -0.029230505218407643
ur,tetrapga,18.066700825,0.444850554,0.299542135,0.317672999,28.746901,36.477512,3.593362625,1,0,0,4.272614935,0.408242733,1,5,5,1,0 0 0.060000000000000005,0 0 0.050000000000000003,0 0 0.050000000000000003,wrist_3_link,-1,0,0 0 0,0 0 0,,-0.061153448408651535 -1.2222169368667537 0.26448051926246974 -1.4979187888468841 -0.0046102314796603733 0.080195195032623387,0.081524633006754832 0.061072024443326739 0.0086571912427030641 -0.041135677338107968 -0.061900195631831224 0.012911062752352077,0.31859373209177205 -1.2819560804639021 0.15509006771205663 -1.6248051302723991 -0.14782537944419435 0.11941682583940497,0.11169390874722247 -0.061469679006778362 -0.19218935358279524 -0.16624064842499059 -0.042773975180308121 -0.11915875088539495,-0.044208832577053353 -1.2288993401514632 0.25156139395317223 -1.5096979425395629 -0.015221836551890671 0.081851087743694734,0.75209548108413715 0.097769603527002369 -0.26623891101201708 -0.43375623653799855 -0.46887684455384326 0.061302787358640282,72.612937582627012 -186.56206522727911 -90.741459215511711 -11.275901688076033 10.930093830664427 -0.0014081525880748971,-0.84788367644645746 -89.871735428067041 -47.650949906653977 -5.6582010339325279 6.0603749444685899 -0.039774516979861119
ur,tetrapga,18.103297628,0.450013646,0.32012132,0.269122328,28.567306,36.02794,3.57091325,1,0,0,4.404448795,0.483610557,1,5,5,1,0 0 0.060000000000000005,0 0 0.050000000000000003,0 0 0.050000000000000003,wrist_3_link,-1,0,0 0 0,0 0 0,,-0.059035759011926862 -1.2201907554581728 0.26506899840555792 -1.4989523068507684 -0.0062209900718390668 0.080419192982780302,0.04633143094561068 0.062075369976496708 0.022954783329650938 -0.024077352452018069 -0.040330768072731955 0.004576144332915956,0.32258664958462918 -1.2842970527654707 0.1480175873768215 -1.6308418237799738 -0.1493056026729731 0.1150301420561663,0.10650511874318452 -0.066454690560794866 -0.19429191144318012 -0.16363906950555601 -0.03811664736833504 -0.12055701983828303,-0.037560512915298508 -1.228284047909717 0.24937106926689806 -1.5131743615869133 -0.018949471997241164 0.082340091729431089,0.83104059541734765 0.076911939762204048 -0.27379058103387244 -0.43455272990941829 -0.46595486554783183 0.061125455271986387,60.786770386879887 -180.38279555005826 -87.947659214335275 -10.886009780056561 10.492361107012654 -0.001348982614419343,-5.0611333150162352 -74.205130331953114 -40.368349174637842 -4.8913696396939486 5.0875713259133555 -0.013859787222912701
ur,tetrapga,18.139390501,0.454796152,0.310664037,0.304539485,28.515275,35.921376,3.564409375,1,0,0,4.563381667,0.479731584,1,5,5,1,0 0 0.060000000000000005,0 0 0.050000000000000003,0 0 0.050000000000000003,wrist_3_link,-1,0,0 0 0,0 0 0,,-0.056893247398632836 -1.2176377511195078 0.26554284801002176 -1.5004773892882672 -0.0084047598936098054 0.080674527170069135,0.068010205581861022 0.071408703220270583 0.012561113006077465 -0.041923509747238186 -0.059769616184136745 0.0069659791697418054,0.32633731312721637 -1.2867835166119355 0.14096999595723639 -1.636699700682861 -0.15059821800571993 0.11065530943226178,0.10131758495384256 -0.071317588648873387 -0.19620713907884615 -0.16093915561700284 -0.033508443830728901 -0.12184943927307122,-0.030393247872256397 -1.2278320052757046 0.24712160006949868 -1.5166553702099066 -0.022654364830092782 0.082826824543135086,0.8959094058254834 0.056506124818389819 -0.28118368003950311 -0.43512679723597042 -0.46311246732445155 0.060841488903956978,51.087532751583367 -174.11336453628286 -85.207495210518445 -10.523148387222424 10.087409872902677 -0.0013235389551478427,-0.25100414450696462 -85.964557396545388 -45.680922788106955 -5.4264387107623406 5.8074984820826323 -0.021327484785075512
ur,tetrapga,18.175406177,0.458433743,0.299765,0.325711001,28.556155,36.05901,3.569519375,1,0,0,4.751529378,0.380969799,1,5,5,1,0 0 0.060000000000000005,0 0 0.050000000000000003,0 0 0.050000000000000003,wrist_3_link,-1,0,0 0 0,0 0 0,,-0.053882905407893276 -1.2151200044686308 0.26556646529269873 -1.5024931187608603 -0.01105592426193594 0.080991564833771887,0.097141038255022558 0.068790296508957821 -0.00027291504495172131 -0.055666126666989432 -0.072705674776226206 0.0087268079546793682,0.3298921228447802 -1.2894386079288329 0.13387141870186731 -1.642445561617772 -0.15172208174864407 0.10624489268371799,0.096075202307037116 -0.07611358096981552 -0.19796019669436699 -0.15811498906999741 -0.028899957879180687 -0.12305260631288294,-0.022796140242488723 -1.2275356620033828 0.24481309356257464 -1.520139808350792 -0.026336760917141031 0.083310611737063806,0.94964015174298566 0.037043952917092247 -0.28856337898409434 -0.43555575337297636 -0.4603006683479075 0.060473244261053279,43.065680686563127 -167.86190433688296 -82.432765832104579 -10.165871224433992 9.6927762827789685 -0.0012830041285372814,0.31973720871619093 -92.880880627977604 -48.856650172693207 -5.7209476244561301 6.2129893438737938 -0.026835024529816565
ur,tetrapga,18.211571663,0.460751023,0.289603851,0.335429115,34.195286,41.719296,4.27441075,1,0,0,4.652304299,0.204828155,1,5,5,1,0 0 0.060000000000000005,0 0 0.050000000000000003,0 0 0.050000000000000003,wrist_3_link,-1,0,0 0 0,0 0 0,,-0.049751177125723342 -1.2127383805111396 0.26513579339351234 -1.5049881290762392 -0.014156466459890115 0.08137061278275437,0.1231943314300273 0.057874467830296705 -0.014007984183705469 -0.06517843205926048 -0.079787791283586151 0.0098433642964640654,0.33327058843257218 -1.2922774745581087 0.12668266926046509 -1.6481106563645926 -0.15268349261072214 0.10177410741746824,0.090748318010904883 -0.080869192168425724 -0.19956049150678695 -0.15515126950789632 -0.024266836935972119 -0.12417313725314395,-0.031123936578859965 -1.219418015712614 0.25256442796425543 -1.5164053573035359 -0.023844316564033109 0.082314279787257638,0.64371696132784928 0.089876695148982055 -0.30125207493323769 -0.48017456758184485 -0.44971397993479861 -0.003291785306372242,81.218081613859084 -206.48636939468767 -110.54706398537749 -14.238976437954976 12.977132982656055 -0.016058478464966601,0.0087579513686364407 -96.145654055258092 -50.314367286729748 -5.8383276917038529 6.3893997174768344 -0.030306097079630945
ur,tetrapga,18.253403502,0.462310891,0.280753259,0.334649839,28.566119,35.873749,3.570764875,1,0,0,4.790316002,0.405738492,1,5,5,1,0 0 0.060000000000000005,0 0 0.050000000000000003,0 0 0.050000000000000003,wrist_3_link,-1,0,0 0 0,0 0 0,,-0.044040171299718434 -1.2106334956109366 0.26408644013354438 -1.5081058481814913 -0.017831310822952071 0.081830710454047079,0.14280742995873932 0.040442869371611852 -0.026616553408543429 -0.068952209948839327 -0.079750849096384968 0.010113819863769228,0.33693661135347852 -1.2957740685903416 0.11829942799167226 -1.6545265347060587 -0.15358650779468766 0.096554502244562038,0.084513249048439876 -0.086289914950689869 -0.20121012265882179 -0.15156742182027289 -0.018907192570980919 -0.12535885022364943,-0.025254024073496494 -1.2188115886191468 0.24986775558400351 -1.5202171322781473 -0.027376010449815278 0.082235377843324076,0.73374132150763627 0.07580469558244339 -0.33708426625847832 -0.47647323541625036 -0.44146323753826555 -0.0098630512865617963,71.628790454726342 -201.43300700866828 -99.384619544471235 -12.332362986215898 11.92996437882244 -0.0023528677413218214,-2.4573976798074 -95.918698434357793 -50.197475813061033 -5.7991291909947904 6.3310734706482634 -0.031150811173716875
ur,tetrapga,18.289347241,0.462335304,0.276484535,0.329358529,34.199625,41.887606,4.274953125,1,0,0,4.863629061,0.266948749,1,5,5,1,0 0 0.060000000000000005,0 0 0.050000000000000003,0 0 0.050000000000000003,wrist_3_link,-1,0,0 0 0,0 0 0,,-0.038061245617193998 -1.2092738262088349 0.2626607113017585 -1.5111632218802766 -0.02128231465562452 0.08227144191179854,0.16154228962953826 0.026269339186707309 -0.037836480507523633 -0.073577153637721451 -0.081457066537276801 0.01055074822440785,0.33987714880021747 -1.2989582635454657 0.11104434712491974 -1.6599171111754845 -0.15418340336277769 0.092031773192408906,0.079096912108614525 -0.090875234678531674 -0.20245400907995084 -0.14835807849668228 -0.014306745131690725 -0.12628244789919341,-0.027128883451477036 -1.2133039133136658 0.25350598145714476 -1.5197260211346038 -0.027780524687000097 0.081821127729808929,0.56609617594698736 0.092350507294505266 -0.34478181785517131 -0.5044818760738351 -0.43142170619486969 -0.054035680209167859,91.509950608578905 -223.50557740768986 -118.77245415976562 -15.286931246346118 14.084436371126097 -0.017093617953887377,-3.5818794816868262 -94.418779915544292 -49.403779344913573 -5.6798695189700084 6.215345576428895 -0.032453252620058493
ur,tetrapga,18.331310229,0.466573527,0.300047603,0.230528313,28.585357,35.903558,3.573169625,1,0,0,4.954295793,0.567826928,1,5,5,1,0 0 0.060000000000000005,0 0 0.050000000000000003,0 0 0.050000000000000003,wrist_3_link,-1,0,0 0 0,0 0 0,,-0.034223468889991053 -1.2084106293628087 0.26224104011079941 -1.5126562359781845 -0.022919155111116588 0.082330607353789761,0.052076779138087337 0.03054505364694797 0.0030408856395235935 -0.025335419403186243 -0.030632883393303938 -0.00016820542656505289,0.34306251158580181 -1.3028824482363448 0.10252181243272418 -1.6660614993727214 -0.15467126568324424 0.086711888380578583,0.072709820377328802 -0.09613908734958293 -0.20370223243573926 -0.14446381943846229 -0.008948016607815577 -0.12724866835286039,-0.021829277704756789 -1.2127123992437951 0.25044640978674265 -1.5237744862798785 -0.031180587062464876 0.081373972560330632,0.66245370898753064 0.073940877921424786 -0.38244693687551246 -0.50606002452666166 -0.42500972865101383 -0.05589494931320188,79.215396581674824 -218.08320644204093 -107.03357804981356 -13.258386554084163 12.834478529562016 -0.0026430405440936427,-10.120021094347095 -62.494275041196488 -34.579246925804341 -4.207095502501943 4.2298722694615947 0.0010080247362509454
ur,tetrapga,18.367313229,0.470710633,0.30521351,0.279049075,28.650707,36.341169,3.581338375,1,0,0,5.045361326,0.701368514,1,5,5,1,0 0 0.060000000000000005,0 0 0.050000000000000003,0 0 0.050000000000000003,wrist_3_link,-1,0,0 0 0,0 0 0,,-0.031673521870033604 -1.2066164844567422 0.26198434078279081 -1.5144565607952925 -0.024946237720411914 0.082303091824486321,0.071699419875298959 0.05359197270395219 -0.00088758919176151068 -0.043300712506347649 -0.050424758666439452 -0.0006889926912862338,0.3455808614748434 -1.3064238227426075 0.095171319071932201 -1.6712006080712634 -0.15491088853054197 0.082117103578435574,0.067179429065393953 -0.10057486305190567 -0.20459737849338197 -0.14099983749040501 -0.0043661024002797817 -0.12798096474542803,-0.015893144903728056 -1.2123444629476703 0.24726219507688327 -1.5278352414088077 -0.034547940187578258 0.080929396602750253,0.74202254534377365 0.045995089553075769 -0.39802806753396747 -0.50759816387824519 -0.42092282283930144 -0.055573372193223169,67.316664664786288 -210.14535594188152 -101.92519212624278 -12.541563064043492 12.067349763745453 -0.0020147910609198101,-3.2141275431650769 -78.520178325539746 -41.857361268981663 -4.973552066123375 5.2037863286921109 0.0024313309833132735
ur,tetrapga,18.403753022,0.47614365,0.332019082,0.250080574,28.565851,35.900833,3.570731375,1,0,0,5.174966418,0.895769378,1,5,5,1,0 0 0.060000000000000005,0 0 0.050000000000000003,0 0 0.050000000000000003,wrist_3_link,-1,0,0 0 0,0 0 0,,-0.02981545166184137 -1.2045646079184793 0.26235116338278586 -1.5156296721086624 -0.026375978759157887 0.082183422473987799,0.040112455500583559 0.06814116789095187 0.019999064007773119 -0.02782013365028773 -0.037322639892968995 -0.0036805561406467215,0.34792621634593557 -1.3101693547340145 0.087701839292387215 -1.6762730328577915 -0.15498578617339853 0.077441383838256481,0.061538547171655821 -0.10498532115573574 -0.20533759327833404 -0.13738202261346183 0.00025163153440579939 -0.12863082623764821,-0.0094230410541823652 -1.2122022303970725 0.24398337109268986 -1.5319020697235213 -0.037888284300276021 0.080486262125366637,0.80877086822652422 0.01778302317374765 -0.4098547731901131 -0.50835872498570722 -0.41754796269310512 -0.055393643358232283,57.376030383070841 -201.73269247191101 -97.86882625998129 -12.012879445438188 11.491510986417088 -0.0018378071381300893,-6.2572299251509094 -69.046424345970081 -37.512086111801182 -4.5427022200174179 4.6028804019081377 0.011768698606346106
ur,tetrapga,18.439725492,0.48127799,0.33101872,0.304762357,28.582503,35.920666,3.572812875,1,0,0,5.333402811,0.972576826,1,5,5,1,0 0 0.060000000000000005,0 0 0.050000000000000003,0 0 0.050000000000000003,wrist_3_link,-1,0,0 0 0,0 0 0,,-0.027902616308339193 -1.2016298076376501 0.26267464734081702 -1.5173881334321233 -0.028420360894200521 0.08196550664280898,0.061995058385299534 0.08352720868991334 0.0090561094554736845 -0.048338028354930937 -0.056066797265705938 -0.0060069228734516804,0.3500391618083411 -1.314023031300257 0.080304655299983513 -1.6811491594310366 -0.15489509932927792 0.072804033023292386,0.05593100992325277 -0.10925795029089232 -0.20590442335631168 -0.13370383830124452 0.0047859998978700101 -0.12918195037998276,-0.0025006965280874958 -1.2122741263490999 0.24061757916476967 -1.5359728867244657 -0.041203062900014825 0.080043906241824517,0.86530351998854416 -0.0089819067627402958 -0.42072658368225258 -0.50885919685407632 -0.41435389966084435 -0.055297009451109713,48.978989133633704 -193.33136690680217 -93.981480912645608 -11.522612364923914 10.960757224507169 -0.0017254150974655149,-0.22075102143797665 -86.971857781468316 -45.714353584179207 -5.3990247569254279 5.6724211101102142 0.018706534109014683
ur,tetrapga,18.475739388,0.485259389,0.322224655,0.33709784,28.688562,36.331434,3.58607025,1,0,0,5.523684332,0.909652048,1,5,5,1,0 0 0.060000000000000005,0 0 0.050000000000000003,0 0 0.050000000000000003,wrist_3_link,-1,0,0 0 0,0 0 0,,-0.025111514810321103 -1.1986768513055925 0.26246742805109341 -1.5197152961809905 -0.030902158707606136 0.081687006079079166,0.091100506910029549 0.080170464411290041 -0.0074077432862682292 -0.064374160417230694 -0.067796309443030611 -0.0076924037482979301,0.35195183388736656 -1.3180336058351521 0.072881465814500848 -1.685896501133668 -0.15464141522007704 0.068143105308914848,0.050282036068364011 -0.11345151511910409 -0.20630863442869102 -0.12991879587480121 0.0092969722910025993 -0.12964350835286786,0.0048078751013009985 -1.2125454176185291 0.2371696962419142 -1.5400463996152873 -0.044493019651898169 0.079601659741198177,0.913585297767737 -0.033904906140541091 -0.43098916457436348 -0.5091987051513569 -0.41125325812627939 -0.055284357010252423,41.821367447949918 -185.03855745416911 -90.132928381545611 -11.043724575152988 10.446879715532361 -0.0016143948345197431,1.0052725401664162 -97.509740993829837 -50.564676019706326 -5.8754666726072173 6.272888471800556 0.023749000353348038
ur,tetrapga,18.512174148,0.48791375,0.309823968,0.35212898,28.675476,36.001345,3.5844345,1,0,0,5.748800195,0.73813683,1,5,5,1,0 0 0.060000000000000005,0 0 0.050000000000000003,0 0 0.050000000000000003,wrist_3_link,-1,0,0 0 0,0 0 0,,-0.021212947823733036 -1.1959427673447944 0.26164562008953962 -1.522603787713344 -0.033782922628222488 0.081350078972269563,0.11706576581146086 0.064713704366318431 -0.025978517285896251 -0.075638049065597512 -0.073621019393224532 -0.0087704715328709385,0.35367924917580063 -1.3222431342241849 0.06535973168693722 -1.6905587691943451 -0.15422004889156213 0.063412463471769209,0.044535360451240104 -0.11760548398891445 -0.20655131051780523 -0.12598882896020411 0.013826887968359928 -0.13001845660026456,0.012448894768370623 -1.2130004091472868 0.23364504633667443 -1.5441213146451531 -0.047758928434225384 0.079159279416289793,0.95515479006477666 -0.056862104992498101 -0.44059042241077373 -0.50938304577548477 -0.40825427234266304 -0.055306585495556962,35.670329942274236 -176.87615142085028 -86.311140177527605 -10.571825763424547 9.9444785296583191 -0.0014935237803372393,0.99365763837568011 -102.54749909226939 -52.819346952454907 -6.0746527794462963 6.5387015494837186 0.027008252116047515
ur,tetrapga,18.548280017,0.489141355,0.298646934,0.353636172,34.112309,41.840337,4.264038625,1,0,0,5.711909914,0.486980686,1,5,5,1,0 0 0.060000000000000005,0 0 0.050000000000000003,0 0 0.050000000000000003,wrist_3_link,-1,0,0 0 0,0 0 0,,-0.016322432826661105 -1.1938508757420911 0.26011609122254348 -1.5259009312303418 -0.036865444126918154 0.080974415106986719,0.14043606642331743 0.044102379701267701 -0.044020922279589939 -0.08347349967016808 -0.075878130602543073 -0.0094476561585684401,0.35518400893770108 -1.3265623322834517 0.05790015817493973 -1.6950359461605864 -0.15364034351272524 0.058712702247023275,0.038813042789709061 -0.1216310406675149 -0.20662695070426618 -0.12199828704707799 0.018277838123165444 -0.13029863679681777,0.0031100777244152424 -1.2031370113503019 0.24354698990692367 -1.5392708303071672 -0.045337471145739966 0.079072462117364101,0.63087391336305165 0.036086436517264661 -0.41670383433739744 -0.53247625295728263 -0.37817113791471224 -0.12430414260598972,71.080564262387441 -233.99206922480124 -125.4042159799842 -16.146732541954233 14.822660894828406 -0.019649379849694705,-0.39606242065391939 -103.24452630282212 -53.045425824324866 -6.0526622621764545 6.5391382607785857 0.029097400545992969
ur,tetrapga,18.590219816,0.489642375,0.288496271,0.343254929,28.531545,35.99144,3.566443125,1,0,0,5.873147578,0.595286648,1,5,5,1,0 0 0.060000000000000005,0 0 0.050000000000000003,0 0 0.050000000000000003,wrist_3_link,-1,0,0 0 0,0 0 0,,-0.010042694268171205 -1.1924276313871103 0.25773314270785064 -1.529786340901873 -0.04029575559093055 0.080540026604665901,0.15566435696480846 0.019930571063104835 -0.059320399083355693 -0.085953167717188014 -0.073246150932527912 -0.0095277276029602353,0.35667192266651127 -1.331759553859968 0.049235963987187902 -1.7000533408449432 -0.15276626810175459 0.053243145422423047,0.032136932387073845 -0.12618956592782232 -0.20650915255561023 -0.11724812478933269 0.023394428232426955 -0.13050985056784137,0.0087233808894624457 -1.203019589030947 0.23984542252784657 -1.5435134106728832 -0.048301428557243446 0.078050274515850199,0.70168675440354811 0.014687336707160614 -0.4627051062917199 -0.53034003408746466 -0.37050863331567951 -0.1277815908782064,64.379992047344643 -226.58737822036127 -111.4712860717039 -13.708875113725941 13.115811092573935 -0.0030362215638062278,-2.7501157872228603 -100.12705633279256 -51.488239305444608 -5.8508191314949727 6.2999659926916536 0.029395731341395503
ur,tetrapga,18.626279991,0.489003814,0.287693237,0.333730815,34.0165,41.447714,4.2520625,1,0,0,6.00543608,0.41949039,1,5,5,1,0 0 0.060000000000000005,0 0 0.050000000000000003,0 0 0.050000000000000003,wrist_3_link,-1,0,0 0 0,0 0 0,,-0.0039092641223641656 -1.1918461197026446 0.25511775104960999 -1.533395497356228 -0.043346421207695773 0.080142010250941198,0.17365822364321301 0.0032705251923898972 -0.072602591946432052 -0.091198528259263334 -0.074385007092010222 -0.0099785273246899876,0.35772696934882436 -1.3363790558251547 0.041793723035971481 -1.7042062474279454 -0.15184411267854828 0.048535159596075891,0.026376148011518375 -0.13000486159382291 -0.20623160908581906 -0.11306976899678005 0.027742665985931086 -0.13059333951399379,0.0066488762906169166 -1.1970591521666853 0.24389923635542177 -1.54276986287545 -0.048591417608753365 0.077707279218046585,0.53024297127592268 0.046718758046225696 -0.44780033127941427 -0.53943795500246217 -0.34594575313328157 -0.17361349754866867,81.848109569313991 -256.92587166791373 -136.17724483492756 -17.467848959954239 16.195870686385454 -0.020334447356464329,-4.0391812258958666 -97.375830415928249 -50.05962227386749 -5.6491341423525228 6.1024632000682999 0.030854305840989582
ur,tetrapga,18.667796522,0.491969913,0.290774473,0.203463322,28.624145,35.956112,3.578018125,1,0,0,6.103109105,0.765102601,1,5,5,1,0 0 0.060000000000000005,0 0 0.050000000000000003,0 0 0.050000000000000003,wrist_3_link,-1,0,0 0 0,0 0 0,,0.00045947605758647531 -1.1919129999050055 0.25366204717864177 -1.5353121411485822 -0.044774934681677959 0.079778589142584552,0.052959602220149837 0.012498667887620477 -0.012778889526960591 -0.02886602036627671 -0.023569227081773458 -0.0071730049903820162,0.35868401686231416 -1.341865497831348 0.033241765963309459 -1.7087988992025585 -0.15058950210958252 0.04311329564643708,0.019725465873559965 -0.13427444539390887 -0.20571100103562728 -0.10815696070935954 0.03268442508888026 -0.13057727203543018,0.011497917478851703 -1.1969114681261379 0.23993500338073828 -1.5471053119178788 -0.051300135871890307 0.076314016932164497,0.60615086736270551 0.018467935887525305 -0.49553839542160705 -0.54194711922838223 -0.33860172508580677 -0.17416555349850155,72.318531713815005 -248.96619903113711 -121.77792006046138 -14.94576781574327 14.318046835585847 -0.0034753575104647821,-12.639733088141844 -55.22642519882902 -30.519498250508605 -3.6975045305434833 3.5324812806415338 0.022801368568622138
ur,tetrapga,18.703821949,0.495911582,0.307880763,0.262516444,28.55891,35.830251,3.56986375,1,0,0,6.201313545,0.971249304,1,5,5,1,0 0 0.060000000000000005,0 0 0.050000000000000003,0 0 0.050000000000000003,wrist_3_link,-1,0,0 0 0,0 0 0,,0.002852419763841495 -1.1906348871191816 0.25278035647900016 -1.5372873876838455 -0.046425362963862057 0.079282039054264411,0.068655789630494221 0.043341877022199389 -0.016061135875064445 -0.04890400167514123 -0.042464211055613488 -0.012508684670404526,0.35929050372022325 -1.3467678614298924 0.025841720688191145 -1.7126172259052783 -0.1493357080051346 0.038410923308867737,0.01394307060298266 -0.13786963454108972 -0.205085646043451 -0.10380995662913774 0.036911845571300429 -0.13046623278947897,0.016860335372833664 -1.1970667157235657 0.2357969810098573 -1.5514529759531903 -0.053967894002274711 0.074923698875827227,0.67032947806338605 -0.019396811626386453 -0.51726594611722043 -0.54347952454460779 -0.33348524084157449 -0.17380056165066335,62.63209549693935 -238.26764024820963 -114.98318638239645 -14.029378620799815 13.365753300800833 -0.0026885296446521193,-4.3485585126114685 -74.689999590153093 -39.377466667962494 -4.6367795314390605 4.7148277822983999 0.038994677486044793
ur,tetrapga,18.739713828,0.501147665,0.338510463,0.234562852,28.587486,36.189251,3.57343575,1,0,0,6.336427528,1.269186008,1,5,5,1,0 0 0.060000000000000005,0 0 0.050000000000000003,0 0 0.050000000000000003,wrist_3_link,-1,0,0 0 0,0 0 0,,0.0046827078573966037 -1.1887248961908747 0.25278030337426338 -1.5386283412817066 -0.04765608840124623 0.078825158273012744,0.035095379952265658 0.064545113087508016 0.013173114482130346 -0.029093537534213836 -0.030300963526818176 -0.011352860099971638,0.35968745963236753 -1.351778988985759 0.018494380610496776 -1.716264336857267 -0.1479361879373205 0.033731569118284906,0.0081757334499145424 -0.14134747081923227 -0.20430307225899652 -0.099405856141954421 0.041063074082372204 -0.13026615012886358,0.022665344849625485 -1.1975191830652094 0.23152514462908474 -1.5558057688806946 -0.056602167229291497 0.073535403633580243,0.72566194463179523 -0.056547306603649691 -0.53399814461445039 -0.54412802225763834 -0.32930410774768681 -0.17355194385703868,54.312121783199771 -227.15523158937236 -109.47763838928468 -13.334206843430469 12.633350593999898 -0.0024049085258425989,-7.2819697442490821 -65.471526944917969 -35.184427732743075 -4.2472584451097646 4.1279919331642532 0.035534337017224971
ur,tetrapga,18.775964455,0.506623037,0.345716878,0.299376817,28.614712,36.14042,3.576839,1,0,0,6.510559568,1.40862415,1,5,5,1,0 0 0.060000000000000005,0 0 0.050000000000000003,0 0 0.050000000000000003,wrist_3_link,-1,0,0 0 0,0 0 0,,0.006292594956358994 -1.1859516166985724 0.25275851501733926 -1.5404424127702927 -0.049304916885225751 0.078165266319758384,0.053945707178079005 0.084185915282115248 0.00085956346535928153 -0.051462935296854688 -0.046988616300831315 -0.018797489465541821,0.35987821194071451 -1.3569649660791028 0.011105018019939641 -1.7197861770172209 -0.14637261353636075 0.02901436555465613,0.0023482665962742885 -0.14475217910573906 -0.20335202884772119 -0.094887866109816685 0.045190289036966057 -0.12997375975775874,0.028855894623833044 -1.1982489841369828 0.22713304291231723 -1.5601614447851215 -0.059205528423661745 0.072148881542938192,0.77386559018280865 -0.091211800794774422 -0.54903893499599321 -0.54449825619427916 -0.32544577466680469 -0.17333617111852351,47.071721837447242 -216.15346795058375 -104.23967111474465 -12.687893661214149 11.956436466395047 -0.0022091082409482011,-0.55623963643861885 -86.66409078095694 -44.906522505143471 -5.2699717816340126 5.3837991826213596 0.058173583315891619
ur,tetrapga,18.812202444,0.511008995,0.339938916,0.341067622,34.032478,41.501827,4.25405975,1,0,0,6.71904417,1.374530732,1,5,5,1,0 0 0.060000000000000005,0 0 0.050000000000000003,0 0 0.050000000000000003,wrist_3_link,-1,0,0 0 0,0 0 0,,0.0087963818179683309 -1.182804144696604 0.25220912097874981 -1.5429852909673234 -0.051452049694493941 0.077267648906283404,0.078567710978342545 0.080177286438217213 -0.017856093667343319 -0.06776110582250025 -0.055843926322818503 -0.023798986442474104,0.35985777409908914 -1.3622704929472766 0.003755596665142909 -1.7231418894804693 -0.14466130331326377 0.024311038268245686,-0.0034756591754153778 -0.14804490467707757 -0.20224108554954459 -0.0903056630056394 0.049246123751911466 -0.12959115422900513,0.035385042017538511 -1.1992337147333818 0.22263032493046289 -1.5645185261242918 -0.061779616590339766 0.070763961434104669,0.81620475624267086 -0.12307557676576213 -0.56287659592578521 -0.54468709900915879 -0.32179381228349391 -0.17314402617499608,40.707321958747372 -205.35137198469687 -99.106164015040903 -12.058704383596067 11.302253842998068 -0.0020247812732687672,1.4074335544914476 -100.24337387598644 -51.160143371096524 -5.9099262033805644 6.1453355081091701 0.073369541792231985
ur,tetrapga,18.853801117,0.514536956,0.323811289,0.357230789,34.039773,41.326101,4.254971625,1,0,0,7.021411683,1.150967933,1,5,5,1,0 0 0.060000000000000005,0 0 0.050000000000000003,0 0 0.050000000000000003,wrist_3_link,-1,0,0 0 0,0 0 0,,0.012669499910786584 -1.179853679646075 0.25070191531161817 -1.5464084036306611 -0.054095380663301086 0.07609497797135184,0.10029866870821418 0.057100345746547515 -0.039159127247272239 -0.076469691592992772 -0.056879454968357633 -0.025987833451761137,0.35957424914421782 -1.3685052013985666 -0.0046274877959767962 -1.726787781439266 -0.14251744627932289 0.018931247397233356,-0.010154064308581309 -0.15168512381615204 -0.20076994410547816 -0.084970296340665913 0.05381045249205605 -0.12904122072848423,0.042213667057358767 -1.2004505890166088 0.21802636575295906 -1.5688756177611007 -0.064325835066825904 0.069380447553124225,0.85365825899078684 -0.15209106044320325 -0.57554651742495211 -0.54470594253343274 -0.31831912256672634 -0.1729793947189201,35.059892362035548 -194.76066243560993 -94.054842579441441 -11.441468669989487 10.664499112782909 -0.0018409033745860307,0.23110411107083451 -105.58747048516761 -53.584618299248291 -6.1387207267871418 6.3929614438365832 0.080014099000322858
ur,tetrapga,18.895230264,0.516420877,0.306654483,0.353728734,34.227462,41.80083,4.27843275,1,0,0,7.170876389,0.814997599,1,5,5,1,0 0 0.060000000000000005,0 0 0.050000000000000003,0 0 0.050000000000000003,wrist_3_link,-1,0,0 0 0,0 0 0,,0.017495925355090741 -1.1779314717144223 0.24822754465140814 -1.5502522383042021 -0.056815096632619466 0.074812403673699457,0.11734324678954139 0.028207111106920681 -0.060188647800705826 -0.081909835840070153 -0.055112155358296812 -0.027043388175285375,0.35901601689670681 -1.3748618738448692 -0.012911303575615547 -1.7301966774311199 -0.14019572952145423 0.013598544611424058,-0.016792000043165365 -0.1551589793405411 -0.19909876837693072 -0.079583149377260243 0.058253258853701674 -0.12837666076744186,0.034261440181899354 -1.1893854352186974 0.22904638128044313 -1.5638752199254098 -0.062755610088881489 0.070200091901175321,0.55088275230452077 -0.024290342721192452 -0.51010778620400765 -0.53895792889077221 -0.27316959329331925 -0.23706943717110524,64.788164470439881 -266.30097763214496 -141.46138425424795 -18.139233509873151 16.730492323497199 -0.022067355698178311,-1.3510758268043332 -104.77049283945234 -53.059310120358646 -6.0400239010432415 6.2857656472607175 0.083288008395015822
ur,tetrapga,18.937113421,0.517142195,0.295404367,0.341079179,34.004443,41.679074,4.250555375,1,0,0,7.34225502,0.803303328,1,5,5,1,0 0 0.060000000000000005,0 0 0.050000000000000003,0 0 0.050000000000000003,wrist_3_link,-1,0,0 0 0,0 0 0,,0.022941721326225732 -1.1771277122784516 0.24497048492290441 -1.5542809260180621 -0.059457308783463572 0.073495908970094878,0.13101865438616478 0.001923809386534948 -0.07823945057143214 -0.085932557476372462 -0.053080521794048992 -0.02773856283342567,0.35817251282825513 -1.3814312359101686 -0.02121120182443725 -1.7334146284221135 -0.13766375359366173 0.0082378465166118662,-0.023483129446047232 -0.15851391819878624 -0.19720266789899155 -0.074069357789020213 0.062634401494028574 -0.12758718857440174,0.039114297094192674 -1.1898271439279713 0.22452957557963871 -1.5681916559138063 -0.06488797237377765 0.06830698902885296,0.60667515097717595 -0.055202460081434784 -0.56465090333356138 -0.53961651818129652 -0.26657891402343625 -0.23667603250345315,59.661606430275896 -256.14511426946257 -125.23407423109538 -15.283266565744059 14.446467504427478 -0.0037346013739753972,-2.608944881241996 -101.11961817400243 -51.161876816871654 -5.7883978414984085 6.023219255153677 0.085512414718408536
ur,tetrapga,18.978888139,0.516422255,0.289110797,0.322856963,34.121347,41.721599,4.265168375,1,0,0,7.561307013,0.552463772,1,5,5,1,0 0 0.060000000000000005,0 0 0.050000000000000003,0 0 0.050000000000000003,wrist_3_link,-1,0,0 0 0,0 0 0,,0.029189175002124243 -1.1773147177990366 0.2408971189038614 -1.5586163531540949 -0.062122952900694063 0.072101922169351185,0.14044262534476476 -0.020584215473574585 -0.091409822002114796 -0.087115713559999669 -0.050012501818449781 -0.027632756598264956,0.35705255008377929 -1.3881202180698962 -0.029406223799422464 -1.736392916341684 -0.1349579609400279 0.0029264099924014913,-0.0301312518908399 -0.16169982620239276 -0.19510717427907714 -0.068509198358785051 0.066887874270850342 -0.12668298909164369,0.044352689319476446 -1.1905968562243463 0.21981623644785847 -1.5725188016364162 -0.066975819101292036 0.066416464158695426,0.65488745694441874 -0.096202647943045644 -0.5892370724398146 -0.54097596236339085 -0.26102325914695645 -0.23636802684764088,52.365844808457013 -243.77314518212359 -117.33612701041703 -14.246162149363311 13.40431406169996 -0.0029132073869839862,-4.2738698430258353 -95.663171746725311 -48.428544409359006 -5.4522835754805783 5.6501231729482697 0.085289353836685677
ur,tetrapga,19.020676614,0.520348524,0.296903983,0.195736694,34.018225,41.645465,4.252278125,1,0,0,7.826733501,0.896940213,1,5,5,1,0 0 0.060000000000000005,0 0 0.050000000000000003,0 0 0.050000000000000003,wrist_3_link,-1,0,0 0 0,0 0 0,,0.032210023763130452 -1.1778238919274568 0.23941195187288836 -1.5600627312531636 -0.062778768390700707 0.07146923336928436,0.043784501621160717 0.0077276157369043572 -0.018498085042196466 -0.027859114116394086 -0.016139972397871832 -0.0128897877051773,0.35565500010832585 -1.3949411602146107 -0.037512147210668832 -1.7391386546533345 -0.13207602885174832 -0.0023465666301595071,-0.036749811450972128 -0.16472361396737936 -0.19280971469591446 -0.062893762271192699 0.071020864063301353 -0.12566296998852641,0.049932271519691623 -1.1916843361754719 0.21495453319422955 -1.5768485538451924 -0.06902722206928702 0.064526785311881982,0.69756249552556338 -0.1359244495735587 -0.60780937764578846 -0.54132932497488073 -0.25647866412932518 -0.236281645558334,45.895294978298523 -231.00936749466717 -110.9110124256495 -13.444645175508967 12.586598409096254 -0.0025610834256882815,-10.975669074419301 -54.551377505275013 -29.360504029078356 -3.5351150195765513 3.2161950815287099 0.040484257009296698
ur,tetrapga,19.062394532,0.525207037,0.321416159,0.267328821,34.109834,41.612861,4.26372925,1,0,0,8.135506212,1.004411639,1,5,5,1,0 0 0.060000000000000005,0 0 0.050000000000000003,0 0 0.050000000000000003,wrist_3_link,-1,0,0 0 0,0 0 0,,0.034483200386900462 -1.1764581017959279 0.23816213314259269 -1.5622385688009122 -0.064154344883826708 0.070454745502829541,0.055151124074759965 0.040251205083651667 -0.021107548934985239 -0.046005996807662632 -0.03037980911309509 -0.021808772563371371,0.35398469652642983 -1.4018731794009174 -0.045504482296509781 -1.7416447023976462 -0.12902932152046398 -0.0075657395009248096,-0.04331948356750389 -0.16757674207160758 -0.19031841132968771 -0.057241667177101337 0.075019824309638133 -0.12453068795395854,0.055816629773844217 -1.193064465768416 0.20996240471738287 -1.5811783117615512 -0.071045196934733074 0.06263781844736617,0.7356933177987075 -0.17250837005665415 -0.6241492671538772 -0.54136662425987292 -0.25231351385431433 -0.23621893355282611,40.06972587096007 -218.40929182591248 -104.82542290086255 -12.699911390202715 11.829437230179996 -0.0023122633734588079,-3.9186961547019621 -77.817915985427135 -40.099323202778919 -4.7014297556715974 4.5864706003155788 0.067594981710698221
ur,tetrapga,19.104087201,0.529299202,0.326335504,0.311306826,34.03287,41.592021,4.25410875,1,0,0,8.332385777,0.893566907,1,5,5,1,0 0 0.060000000000000005,0 0 0.050000000000000003,0 0 0.050000000000000003,wrist_3_link,-1,0,0 0 0,0 0 0,,0.037589906686109509 -1.1743722918790174 0.23650624421176791 -1.5651493540422714 -0.066006874814803135 0.06909583209595381,0.072488782340858163 0.042295263305189956 -0.033500795610547911 -0.058239833122274196 -0.036513826210256908 -0.02720514486796393,0.35204246858128352 -1.4089164304692949 -0.053384083890847853 -1.7439128186105091 -0.12582051750241363 -0.012732211123094495,-0.049841549877406091 -0.17026028866063708 -0.18763452868841765 -0.051554141770971833 0.078884272774418687 -0.12328667603930543,0.05039022599813088 -1.1842348149890674 0.21971651601239134 -1.5789243456137612 -0.070121791414770332 0.064631747501021367,0.4609656849177986 -0.064553479297835517 -0.4398177999816516 -0.72016178836101963 -0.19951091779161625 -0.154451565226631,65.455568489567668 -292.97576694680697 -150 -19.744808047644021 18.276863671773789 -0.023573265880433087,-2.0334021507257205 -92.078252144572616 -46.696023910857207 -5.4034063834851622 5.3715789785083814 0.08396785602167256
ur,tetrapga,19.145754564,0.532384904,0.320573864,0.330042243,34.167283,41.831059,4.270910375,1,0,0,8.487139015,0.992329037,1,5,5,1,0 0 0.060000000000000005,0 0 0.050000000000000003,0 0 0.050000000000000003,wrist_3_link,-1,0,0 0 0,0 0 0,,0.04133422128495827 -1.1726825455806993 0.23423552393089353 -1.5684220278955843 -0.067968466726657156 0.067589822180520218,0.089993461203970671 0.027713669003383096 -0.051879363970586727 -0.068098692538671027 -0.038899758538628849 -0.031100181001413464,0.349830755723263 -1.4160636532663329 -0.061143127379129615 -1.7459419627987542 -0.12245552606100463 -0.017841413696252629,-0.056310153893839032 -0.1727721463484917 -0.18476192130733193 -0.045838494727611166 0.082609379657101939 -0.12193261604627416,0.054500165942234974 -1.1848235740494344 0.21501593248096468 -1.583029735610666 -0.071686978604279389 0.062253453760702272,0.51386621928909459 -0.073599088612257821 -0.5876990226271398 -0.51330357466524967 -0.19569971266995251 -0.29737764308149833,60.222192496961874 -279.79902677310099 -140.08559514045584 -16.429946856611835 15.450554823900962 -0.0040464737280260918,-1.5790715176905508 -98.381787985033043 -49.506336501924125 -5.6724593636927239 5.690818727303764 0.095869043407645904
ur,tetrapga,19.187692875,0.5343763,0.313805829,0.333282824,34.178987,41.556123,4.272373375,1,0,0,8.698309287,0.822600608,1,5,5,1,0 0 0.060000000000000005,0 0 0.050000000000000003,0 0 0.050000000000000003,wrist_3_link,-1,0,0 0 0,0 0 0,,0.04567617544390571 -1.1717501975438867 0.231264370972734 -1.5719717479023154 -0.069944112970799235 0.065982828300339413,0.10585011122431456 0.0072058613736728054 -0.071039197147267932 -0.075919319441555208 -0.039437628477035587 -0.033963132238538016,0.34733364589314253 -1.4233594058015078 -0.068827805535283754 -1.7477432789020582 -0.11891490054288947 -0.022924555293026793,-0.062764904645814315 -0.17512641200146301 -0.18168222965539743 -0.040061148668350699 0.086215490459369562 -0.12045949923139981,0.058958660923802107 -1.1857722638584627 0.21002062197245241 -1.5871579002056311 -0.07319875707125291 0.059881801307006821,0.55747099716309045 -0.11859933390753177 -0.62458671708523328 -0.51619287816074899 -0.1890353325122463 -0.29658001078734508,53.383290723730866 -266.66131568073803 -128.45274296092202 -15.554314976097794 14.565118035829853 -0.0036341833067201268,-1.6888892165507059 -99.813088978295127 -49.992423583947243 -5.678983320441148 5.7292077430439861 0.10468462583204996
ur,tetrapga,19.22932429,0.538980428,0.319392262,0.225699505,34.008894,41.511038,4.25111175,1,0,0,8.954971772,1.113296782,1,5,5,1,0 0 0.060000000000000005,0 0 0.050000000000000003,0 0 0.050000000000000003,wrist_3_link,-1,0,0 0 0,0 0 0,,0.04822550405007317 -1.1715151706734284 0.23030921603258384 -1.5739394269873317 -0.070570228615795372 0.065501223397243291,0.039243171265947112 0.018689486641455869 -0.0081975636583402622 -0.038378359374524551 -0.014037016735485285 -0.0088310243342524415,0.34458833158918045 -1.4306957850814375 -0.076324672935050172 -1.7492913931956413 -0.11525365358107222 -0.027907142402307208,-0.069111097479837763 -0.17728881523692644 -0.17844205730640358 -0.034309037548211289 0.089648417565171112 -0.118889457236139,0.063727321498967621 -1.1870925128797181 0.20483787225721981 -1.5912912205455672 -0.074667404920167491 0.057511439239723523,0.59628670615177959 -0.16505861134245078 -0.64808033300805601 -0.51689345689480004 -0.18365777344290524 -0.29646256234460133,47.281188397851352 -252.13169610329945 -120.64626058395454 -14.564510998530579 13.578961620677077 -0.0030540511731355626,-8.2936088589256087 -64.899588944187599 -33.85492570161432 -3.9671878947101504 3.6586717251659593 0.02781117922452836
ur,tetrapga,19.270939266,0.544079611,0.332394659,0.28622227,34.222293,41.58316,4.277786625,1,0,0,9.257719868,1.190503537,1,5,5,1,0 0 0.060000000000000005,0 0 0.050000000000000003,0 0 0.050000000000000003,wrist_3_link,-1,0,0 0 0,0 0 0,,0.050324199819670838 -1.1698964698962262 0.22922016530636322 -1.5765032376972792 -0.071727940014311042 0.064422704054341876,0.047749524546375065 0.039404290755648497 -0.01901043830552121 -0.051007161133359416 -0.023677723874973692 -0.022026393401234638,0.34158142744096764 -1.4381155866930531 -0.083680045578227627 -1.7505993425659838 -0.11145413887857991 -0.032820236711229453,-0.075387969813541497 -0.17927461096274042 -0.17502503933395461 -0.028549503887913611 0.092929362449483854 -0.11721457736371438,0.068775861890545603 -1.1887585554253923 0.19949758823793418 -1.5954252448636712 -0.076097640151496615 0.055142223418134864,0.63132870604618341 -0.20830530151630103 -0.66785867631145024 -0.51705546247705181 -0.17887207421383067 -0.29637831098143097,41.708766573090259 -237.66220685586623 -113.55566078311367 -13.694878605139124 12.711358375321204 -0.0027301401420219288,-2.646234111176625 -84.650725942246936 -42.933340526837014 -4.9691222789697349 4.8059718702762098 0.068139931549723087
ur,tetrapga,19.312635046,0.548456769,0.330509955,0.318953517,34.16081,41.502015,4.27010125,1,0,0,9.520627575,1.046709646,1,5,5,1,0 0 0.060000000000000005,0 0 0.050000000000000003,0 0 0.050000000000000003,wrist_3_link,-1,0,0 0 0,0 0 0,,0.052927974379621698 -1.168084845094713 0.22748813601458173 -1.5794607994368264 -0.073116364785232035 0.0629276756475044,0.063103101318974369 0.034801423422996303 -0.038211279796623324 -0.061311088523648638 -0.027697788430090065 -0.030926131490622791,0.33830820635226294 -1.4456289738830073 -0.090903439960760266 -1.7516693741339819 -0.10751353316364962 -0.037670797116658564,-0.081604342684575767 -0.18108635082133157 -0.17142709030688411 -0.022776349667139904 0.096061392945751597 -0.11543259224699481,0.063942363248528561 -1.1797840561723125 0.21148188668983497 -1.596527688358985 -0.075543804209818183 0.059885090376873097,0.38647219538816779 -0.1703366895684548 -0.25159221134590848 -1.1357832220338513 -0.11715547816681421 0.10611476140045401,62.021474509874764 -315.12432209068004 -150 -20.897587670978204 19.378183430480668 -0.023728290978700134,-1.1013607246459287 -95.442426139503368 -47.843027513996617 -5.483858191735635 5.3895697536614762 0.095376923010945802
ur,tetrapga,19.354207407,0.551715151,0.323052645,0.332030514,39.567426,47.099255,4.94592825,1,0,0,9.642295433,1.091725328,1,5,5,1,0 0 0.060000000000000005,0 0 0.050000000000000003,0 0 0.050000000000000003,wrist_3_link,-1,0,0 0 0,0 0 0,,0.056094822988240887 -1.1667732085470803 0.22498762174745399 -1.5827173344098544 -0.074570640535834426 0.061175239436850722,0.078224677699824108 0.017927475945157371 -0.059878867801080496 -0.069623342372899008 -0.028846915709540209 -0.037199816763545876,0.33478823145158404 -1.4531916133142928 -0.09795256282704061 -1.7524966650940288 -0.10345786817279762 -0.042430909090971844,-0.087724282172513171 -0.18271394454164055 -0.16767058664827342 -0.017025101703419046 0.099025390031836941 -0.11355437179450792,0.067400103055386865 -1.1811368153683288 0.20781257691175212 -1.602597921875573 -0.076470286894418163 0.058662370718876061,0.43242923915576315 -0.16916296241708059 -0.45896347887900429 -0.75904322517335021 -0.11587528914622608 -0.15304606710648028,57.559870054776141 -296.94901881329383 -150 -17.015109345486508 15.897091075245905 -0.0038577605063693349,-0.60211422663905978 -100.02758780886143 -49.804577053193498 -5.6615239404845852 5.6107844091016545 0.11464095914423922
ur,tetrapga,19.40138193,0.553961244,0.325548348,0.160410682,39.532337,47.266994,4.941542125,1,0,0,9.858959768,0.914139502,1,5,5,1,0 0 0.060000000000000005,0 0 0.050000000000000003,0 0 0.050000000000000003,wrist_3_link,-1,0,0 0 0,0 0 0,,0.060371766019195805 -1.1663593913840429 0.22131993231795138 -1.5867677465748387 -0.076118277114620034 0.059144231388587987,0.078990218617772431 -0.020497776395590767 -0.03216721016859992 -0.090655181985720396 -0.0062965567342743133 0.0055292741937675582,0.33048802766877955 -1.4618503952099051 -0.10575792736207022 -1.753146150647201 -0.098710868641837604 -0.047735173066826689,-0.094567579081777833 -0.18434300581895244 -0.16320913954346883 -0.010513792430090188 0.10219201062321048 -0.11130291132548308,0.068696498276870271 -1.1790506954805395 0.20855637139733058 -1.6067489104636739 -0.077075477943339618 0.058920156881466144,0.38188613854357228 -0.20110932545188057 -0.32943595182618129 -1.0138276826687709 -0.086705368634622623 0.016956974480041423,59.5529956537437 -313.11720432345311 -150 -19.472783134823999 18.108647173630263 -0.014359280719862685,-21.138824193816276 -52.935525142846927 -18.526112074351772 -3.0516265848409603 3.1354699476916323 1.932996572051465
ur,tetrapga,19.448725647,0.559652492,0.351253633,0.289818558,39.698496,47.410683,4.962312,1,0,0,10.073391738,1.408192419,1,5,5,1,0 0 0.060000000000000005,0 0 0.050000000000000003,0 0 0.050000000000000003,wrist_3_link,-1,0,0 0 0,0 0 0,,0.062534950544211321 -1.1663838148110293 0.22090177597524302 -1.5901936651715638 -0.076542008385558996 0.059375470914005496,0.03669661300673617 0.025848691588780368 -0.012031804309642357 -0.10981326871140507 -0.023135817623337298 -0.0067169829456933759,0.32585054382274103 -1.4706119599631804 -0.11337479735175711 -1.7534897195771972 -0.093801726943711861 -0.052948701206105765,-0.10131944407689256 -0.18574350393589942 -0.1585261415208373 -0.0040052628764566276 0.10515464844402345 -0.10891804416065827,0.072084745121117594 -1.1806072830823113 0.20414836229012415 -1.611646953601835 -0.077759555059154398 0.056853617122385167,0.4237847449784487 -0.19469543022712968 -0.55141533124787179 -0.61259924560689549 -0.085572825941892153 -0.25859734916705079,54.130294900889773 -295.58064465743922 -150 -16.903076711501562 15.731971754178554 -0.0039062230865418912,6.8857518985679462 -75.98802466608322 -43.472783741236867 -7.7834590186030255 4.5638583046679173 -0.48847608068217596
ur,tetrapga,19.496212112,0.565996157,0.364624786,0.271623195,39.673981,47.193209,4.959247625,1,0,0,10.361923049,1.55794865,1,5,5,1,0 0 0.060000000000000005,0 0 0.050000000000000003,0 0 0.050000000000000003,wrist_3_link,-1,0,0 0 0,0 0 0,,0.064413110722028391 -1.1649679477595767 0.22051786106054028 -1.5944023009203923 -0.077380637113369954 0.059120555393944833,0.039178714068935985 0.034482502615603969 -0.003934229185253651 -0.11018726101121083 -0.019800897732843371 -0.0021364328534442274,0.32088089627757083 -1.479460925312885 -0.12078716006627603 -1.7535256246664381 -0.088742123215160854 -0.058061604144584562,-0.10796706604944316 -0.18691102303540236 -0.15362966237575845 0.0024859996520295545 0.10790464978493569 -0.10640324317343594,0.07575532068261033 -1.1823055003269562 0.19867532682871453 -1.6151025983040919 -0.07839956442604995 0.053782114964631964,0.45914095337556848 -0.21246036705939586 -0.68469026823941959 -0.43240769633566262 -0.080069813211210428 -0.38431358872844174,48.629782351254015 -281.21397389691219 -139.46747947204562 -16.264345921823832 15.086020514439795 -0.0041589951525911875,2.4919097796687879 -77.870002860420755 -40.743479282528938 -6.6225981581883389 4.5976205773179117 0.10826169171657796
ur,tetrapga,19.543486896,0.572857561,0.36941224,0.361860436,34.27971,42.033151,4.28496375,1,0,0,10.704489518,1.651370837,1,5,5,1,0 0 0.060000000000000005,0 0 0.050000000000000003,0 0 0.050000000000000003,wrist_3_link,-1,0,0 0 0,0 0 0,,0.066147211609969198 -1.1632302749125534 0.2205105673239347 -1.598601034915798 -0.078158122391582263 0.058974787037195921,0.038533414914642565 0.046769952137767593 -0.015679738075451043 -0.11319928556086856 -0.025760168676990974 -0.020660128982634432,0.31562292409135928 -1.488319909463655 -0.12793097360360173 -1.753256256080314 -0.083580664299463606 -0.063030272004516899,-0.11445339958358403 -0.18783637543199486 -0.14856441710143406 0.0089011572724234014 0.11041752163956731 -0.10378106184253971,0.079660349445169559 -1.1843875062305744 0.19291781478202968 -1.6185705260519485 -0.078980067657534903 0.05071219860561927,0.48844760350887922 -0.26043394943102804 -0.72024984139882209 -0.43394307703564294 -0.072631546284884996 -0.38411536388587825,43.467558408652764 -266.03739134428639 -127.47974366717085 -15.283139066721946 14.128604106367325 -0.0036353039680777168,11.010304284659469 -97.578863335073947 -54.279065442768911 -8.3498434075690966 5.8139124030341236 -0.79156298056081198
ur,tetrapga,19.585628679,0.578299887,0.34755354,0.322831579,39.617088,47.326803,4.952136,1,0,0,10.814037228,1.537626201,1,5,5,1,0 0 0.060000000000000005,0 0 0.050000000000000003,0 0 0.050000000000000003,wrist_3_link,-1,0,0 0 0,0 0 0,,0.067943009094198759 -1.161733144490068 0.21975307164995661 -1.6023656091504388 -0.078913490233313038 0.058272832614785032,0.042189424930745408 0.026892181833455129 -0.017973274271087244 -0.077543428325912211 -0.014707530190885344 -0.014410206482282991,0.31067988598013629 -1.4962495010041041 -0.13409385907828181 -1.7527614893950103 -0.078883686356591362 -0.067352814389537136,-0.12011860977267792 -0.18846138504356216 -0.14389530944563197 0.014571684441471919 0.11246511438949247 -0.10134680452103535,0.079990704509464411 -1.1803590426855357 0.19429648446532571 -1.6177927933194911 -0.079311512382137586 0.049399005819503336,0.40785934395643925 -0.20473854888859308 -0.66713407662422486 -0.40982585001636707 -0.043517708856116888 -0.40100286813948105,48.849330893714324 -297.81988442381521 -149.01238784011136 -18.320831405808619 16.962688332900584 -0.013315090037062154,-0.25282419670099898 -97.252176957679694 -48.424736879934358 -5.3475282615336255 5.2641847194483375 0.044495934840355744
ur,tetrapga,19.633059246,0.582841402,0.34440915,0.418214429,39.489543,46.837168,4.936192875,1,0,0,11.087129758,1.508435951,1,5,5,1,0 0 0.060000000000000005,0 0 0.050000000000000003,0 0 0.050000000000000003,wrist_3_link,-1,0,0 0 0,0 0 0,,0.070493013739657065 -1.1606730003710284 0.21746457514812564 -1.6064822310724745 -0.079818240787676298 0.056553676224662938,0.062549217118418363 0.018141541571688229 -0.076390022093183269 -0.10125963736037469 -0.025577872301148007 -0.058013858985455094,0.30483406994400108 -1.5052006067308044 -0.1407910138596728 -1.7519202142111987 -0.073499044952948164 -0.072092706149325558,-0.1263563286314478 -0.18893915163201855 -0.13847431638027805 0.020890266417317744 0.11454937414330912 -0.09850139147093169,0.080363434720873123 -1.177427029255659 0.19666409387377207 -1.6217172203105552 -0.079525707933198089 0.050389686063193898,0.34369266919637886 -0.24894790931447836 -0.42870116521683704 -0.84448753540332389 -0.010944111539864607 -0.1001863875163366,52.002997414083929 -321.37298563863618 -150 -19.642996309913414 18.219336021790937 -0.01296127319858598,15.17240143359561 -113.76776307748423 -62.732164405099184 -8.5777499834666742 6.6583611205401212 -1.0878520563715028
ur,tetrapga,19.679965608,0.585519406,0.312891063,0.276459364,44.957777,52.41469,5.619722125,1,0,0,11.321771584,1.328409768,1,5,5,1,0 0 0.060000000000000005,0 0 0.050000000000000003,0 0 0.050000000000000003,wrist_3_link,-1,0,0 0 0,0 0 0,,0.073662219418608246 -1.1608216383165273 0.21384344213356871 -1.610289192918148 -0.080543026333243742 0.054346032879139243,0.065201144637230243 -0.0157760515016638 -0.079191539682939183 -0.062172393342593425 -0.009469200890805593 -0.049681088675764595,0.29876541864157924 -1.5140695357713143 -0.14715736568150489 -1.7507952398936735 -0.068082152550004632 -0.076644963682766604,-0.13237405850468906 -0.1891765239908372 -0.13294847697988191 0.027063149193047524 0.11637805157240039 -0.095581105370753844,0.08218153514130043 -1.1777705139028778 0.19589987648571366 -1.6279869871930566 -0.079606178024220667 0.050751824524968916,0.33223027833838292 -0.30262298433192492 -0.36452280907236428 -0.96270299320741559 0.0058325245838011051 -0.016933833116635988,50.8325324139279 -318.08315325336469 -150 -18.619700316607553 17.23307468141369 -0.0085499024101085997,-0.21758798978692084 -80.526114846501514 -41.468904602506996 -4.3221637893193474 4.422874426500556 -0.38600711981214886
ur,tetrapga,19.732461746,0.589375913,0.326591652,0.226105066,45.130662,52.963186,5.64133275,1,0,0,11.631393676,1.44145938,1,5,5,1,0 0 0.060000000000000005,0 0 0.050000000000000003,0 0 0.050000000000000003,wrist_3_link,-1,0,0 0 0,0 0 0,,0.076565508781395494 -1.161539627116895 0.21059960144173848 -1.6131757409750591 -0.08087483009506248 0.052422453328536019,0.047346613536300271 -0.0077417295890568529 -0.041864718242020468 -0.075041104319568008 -0.0038949840355216813 -0.020646197973984575,0.29164353041152086 -1.5240015548040744 -0.15397032032738178 -1.7491953623189391 -0.061925032677723237 -0.081574198740805209,-0.13892236342301706 -0.18916523692992496 -0.12658032441953623 0.03387013573872881 0.11814700515478251 -0.092192317807892707,0.084027235682527443 -1.1784920963346206 0.19521921373370682 -1.6345239820986419 -0.079584854761404561 0.051321564818191695,0.31869156162808721 -0.3440050587537361 -0.31526332556876752 -1.0489168896317016 0.022484321674713724 0.044778642487664777,49.574437007201055 -316.84074991590342 -150 -18.547968954723842 17.149146303081761 -0.0086713977461490618,-3.9694764671260714 -67.572223081821903 -33.915759886279034 -3.6096476989250732 3.474544826237576 0.067630843008814168
ur,tetrapga,19.785509815,0.59547555,0.356696802,0.269045134,45.077407,52.905638,5.634675875,1,0,0,11.959559807,1.680309097,1,5,5,1,0 0 0.060000000000000005,0 0 0.050000000000000003,0 0 0.050000000000000003,wrist_3_link,-1,0,0 0 0,0 0 0,,0.078547335896375525 -1.1613139446860365 0.20921474227875786 -1.6167188043349701 -0.081119326049838167 0.051627886863584715,0.035609309813635186 0.015822447374179295 -0.017695226337663014 -0.10065453617795084 -0.0061512168131830011 -0.0088984820741207366,0.28410305367272431 -1.5340295568773947 -0.16051035939443262 -1.7472188362419785 -0.055616790907049976 -0.086371250118235571,-0.14533025705213762 -0.1888574834551002 -0.11995999933887748 0.040626577857072396 0.11963346130567891 -0.088644237965714745,0.086798102790728721 -1.1812332980500662 0.19096946683446972 -1.6397827421997575 -0.07939130350988001 0.049534718566601424,0.34658697062635574 -0.34284986318561611 -0.53171564153466055 -0.65771181691678227 0.024190131656364272 -0.22369110055822983,45.426634561211131 -297.23703108466066 -150 -16.757952699534833 15.427790484509369 -0.0039914739696730126,0.86737802132296338 -80.851973322929553 -40.356770122975718 -4.2142580083545909 4.2878321740489298 0.028967465394600822
ur,tetrapga,19.838490077,0.602534822,0.374089339,0.297870842,39.543576,47.115958,4.942947,1,0,0,12.30474743,1.712501913,1,5,5,1,0 0 0.060000000000000005,0 0 0.050000000000000003,0 0 0.050000000000000003,wrist_3_link,-1,0,0 0 0,0 0 0,,0.080185400242854532 -1.1604374341367278 0.20867304241459159 -1.6212142057148897 -0.081396949965956755 0.051333642701574284,0.033607223531764312 0.019720053528406015 -0.0070111384767351445 -0.12005543356941464 -0.0055286240147945677 -0.00012629169823673682,0.27623870756320684 -1.5440205949847097 -0.16668687400843207 -1.744890652689421 -0.049245976441451754 -0.090971156714012014,-0.15151083668417706 -0.18825411634213357 -0.11317512862647047 0.047238368926379136 0.12081324550283128 -0.084982667976615953,0.087385264444287597 -1.1790317240767034 0.19335423223823611 -1.6442489905891042 -0.079411052952223421 0.05090889243319216,0.28021359789182559 -0.37482373718766288 -0.25551402075553131 -1.1388229170284838 0.060204940371318988 0.11530386477385451,47.484110545967653 -327.23300315130558 -150 -19.836266049594862 18.356966928524674 -0.013099423963636265,2.7553209067031048 -90.041047690143387 -44.680626275584359 -4.5788843910195283 4.7733171451971543 0.0025308718207952552
ur,tetrapga,19.88567368,0.608849691,0.371085177,0.372071163,61.397007,69.122726,7.674625875,1,0,0,12.540076306,1.836930461,1,5,5,1,0 0 0.060000000000000005,0 0 0.050000000000000003,0 0 0.050000000000000003,wrist_3_link,-1,0,0 0 0,0 0 0,,0.081658685212260385 -1.15971115554323 0.20835692204568818 -1.625769620629955 -0.081603582411928499 0.051267329443111125,0.032565711673527328 0.018627190733332612 -0.020510413596971887 -0.12268699596719972 -0.0080673502352098005 -0.016831749777826983,0.26896381913849088 -1.5528854985788527 -0.17188162753951827 -1.7425253284563071 -0.043525913970017503 -0.094902129738997365,-0.15682364487965525 -0.18746918907456669 -0.10699770639757565 0.053001578684359507 0.12160588920352383 -0.081627475894384433,0.089666226086735468 -1.1819979328626811 0.19066742707438997 -1.6514553202117002 -0.07893784037548035 0.050741768326216241,0.29653049000145032 -0.40889606020309704 -0.36590130515475339 -0.93738329624816097 0.063535696014942536 -0.022085469374122174,44.62963185437129 -307.74565524783236 -150 -17.238280666824181 15.833221112481501 -0.0044470305830230624,9.7284878783767681 -104.34071040356139 -55.810674399831896 -8.5686840086809752 6.238792105243931 -0.68851772691458279
ur,tetrapga,19.954871404,0.616547497,0.355160164,0.280036245,44.966373,52.419162,5.620796625,1,0,0,13.016611743,1.541195801,1,5,5,1,0 0 0.060000000000000005,0 0 0.050000000000000003,0 0 0.050000000000000003,wrist_3_link,-1,0,0 0 0,0 0 0,,0.084202963120012353 -1.1596081098555169 0.20681171948020322 -1.6329701465895001 -0.08170216607286454 0.050720139032160577,0.035721911243043906 -0.006038706498069501 -0.014606357154682378 -0.10055257046371395 0.0016944970851021117 0.0019144275885692387,0.25785177316623531 -1.5658064931144458 -0.17896629779275777 -1.7385717062706787 -0.03508309342978877 -0.10037610197948831,-0.16427585141133624 -0.18589971957336954 -0.097728780886332023 0.061220684085076194 0.12232661633016119 -0.076556085391202511,0.091212791964035991 -1.1825423385879663 0.18978249761009044 -1.656563348179096 -0.078617278933309609 0.05057514381912185,0.27888158319641571 -0.41822811711919189 -0.36352571662909999 -0.92777146099706109 0.083351879136410789 -0.02092312891967163,43.303516186173887 -311.92947282725885 -150 -18.166236991382203 16.733337206948853 -0.0083987556881797432,-1.6376175581275447 -84.735630088347534 -42.005436786941459 -4.2735256436517375 4.248511250951708 -0.0054884843229956459
