robot,backend,t,tracking_error,velocity_error,torque_ratio,solve_time_ms,cycle_time_ms,realtime_ratio,iterations,converged,failed,best_cost,final_stop,plant_mass_scale,plant_payload_mass,controller_payload_mass,model_payload,plant_payload_com,controller_payload_com,payload_com_attachment,external_force_body_name,external_force_start_s,external_force_duration_s,external_force,external_torque,failure_message,q,dq,q_ref,dq_ref,q_cmd,dq_cmd,u_cmd,effort
ur,tetrapga,0.000043687,2.217534759,1.823579569,1,41.732207,54.473588,5.216525875,1,0,0,0.263772891,84.996500239,1,0,0,0,0 0 0.050000000000000003,0 0 0.050000000000000003,0 0 0.050000000000000003,wrist_3_link,8,0.04,10 0 0,0 0 0,,1.8385405972503445e-05 -0.00059495369376998315 0.0010109992842015569 -0.0049231813115026288 -4.4764779662890002e-05 2.2229103976844003e-06,0.0061016190141502755 -0.18201791509530074 0.29550605547713443 -1.6265973287665934 -0.012370043325014526 0.0006122761757005377,6.57820789673982e-07 -1.570793118283289 5.9051235074173757e-06 -1.5707894323262412 6.8344571487023414e-06 6.4705265339367699e-06,0.015064368606433167 0.073448728133952215 0.13517395879264585 0.15781827053760225 0.15644266516365454 0.14811063407183289,0.00013110738092790512 -1.5701973894273489 0.0010946969985373327 -1.5695222774829978 0.0012601474042213494 0.0011907598037131668,0.017547931282342114 0.075482382992325014 0.13702172100039975 0.15896754496915061 0.15688251713011858 0.1479595844701577,0 0 0 0 0 0,-1.4188075431945639 -330 -74.967710424640899 -56 2.0425186873118171 -0.10183252072089914
ur,tetrapga,0.054575809,2.208252996,1.832137543,1,39.960754,47.342632,4.99509425,1,0,0,0.329602126,84.071872595,1,0,0,0,0 0 0.050000000000000003,0 0 0.050000000000000003,0 0 0.050000000000000003,wrist_3_link,8,0.04,10 0 0,0 0 0,,1.8385405972503445e-05 -0.00059495369376998315 0.0010109992842015569 -0.0049231813115026288 -4.4764779662890002e-05 2.2229103976844003e-06,0.0061016190141502755 -0.18201791509530074 0.29550605547713443 -1.6265973287665934 -0.012370043325014526 0.0006122761757005377,0.0012834831139697423 -1.5664120814042015 0.0077160583908826253 -1.5619754303383637 0.0086136841377401994 0.0080510406538471767,0.031976332801963492 0.08717420086537235 0.14749141895816323 0.16530437115296479 0.15907642415420681 0.14683182063645683,0.0002814230695010464 -1.5695854179867033 0.0021982158563406528 -1.5682459980475616 0.0025169058194388296 0.0023737902869321436,0.020030874531500282 0.077509351129716936 0.13885568204846649 0.16009940413195425 0.15730402722125719 0.14779593822053042,0 0 0 0 0 0,-1.4188075431945639 -330 -74.967710424640899 -56 2.0425186873118171 -0.10183252072089914
ur,tetrapga,0.101999728,1.825279396,10.273756347,1,34.389988,41.993766,4.2987485,1,0,0,8.921885632,58.946239376,1,0,0,0,0 0 0.050000000000000003,0 0 0.050000000000000003,0 0 0.050000000000000003,wrist_3_link,8,0.04,10 0 0,0 0 0,,0.00086455269892761445 -0.037201115150494381 0.01680326454805358 -0.55093517918254553 -0.00026418837639595666 5.2125639981750279e-05,-0.0060208880448990743 -0.98114677230002156 0.19439432266627499 -10.0434766493635 0.0081694896952175383 0.011239085676828265,0.0031476163052264186 -1.5620004786001402 0.014953743083205082 -1.5539951669578012 0.01619804527545236 0.014978543743502081,0.046627707475872103 0.098829274757878352 0.1576545540817591 0.1711396034439549 0.16066877060399182 0.1452476623336339,0.00045159930271201573 -1.5689572580109199 0.0033163507503523476 -1.566960733687321 0.0037769628501763161 0.0035554612672838073,0.022513041261509228 0.079529493663291137 0.14067570776688532 0.16121376192322284 0.15770716626461709 0.14761971151034611,0 0 0 0 0 0,-0.21931633254264005 -330 -110.26685716103978 -56 -1.7231332715065997 0.61722807581310035
ur,tetrapga,0.144111465,1.605030271,7.67967093,1,34.587618,42.157329,4.32345225,1,0,0,4.434760565,44.721468987,1,0,0,0,0 0 0.050000000000000003,0 0 0.050000000000000003,0 0 0.050000000000000003,wrist_3_link,8,0.04,10 0 0,0 0 0,,0.00018882470682027376 -0.092093694514601407 0.023093124053908079 -0.89295754433585328 0.00013506239049443632 0.00044129920579626797,-0.019236960895898752 -1.6073295208848619 0.14561337029333077 -7.3062121638249327 -0.0014935270714141898 0.0080510472537137969,0.0053839055929953712 -1.5576249705466403 0.021774911986768654 -1.5466886436362532 0.022984140104327248 0.02105908160125404,0.059566439493855414 0.10893550166493829 0.16622893855609097 0.17578132200060384 0.1615351650115413 0.143476700155027,0.00064162924011638501 -1.5683129646590068 0.0044489896643047167 -1.5656666247535167 0.0050401714160263301 0.004735672168197127,0.024994274404299435 0.081542672117138296 0.14248166490130762 0.16231053348365646 0.15809190648730026 0.14743092123605683,0 0 0 0 0 0,8.8898196593214678 -330 -122.00529507764021 -56 1.8976641648868631 -0.074363366294357469
ur,tetrapga,0.186340473,1.447628766,5.335516609,1,35.618128,43.420674,4.452266,1,0,0,2.071576923,34.182862912,1,0,0,0,0 0 0.050000000000000003,0 0 0.050000000000000003,0 0 0.050000000000000003,wrist_3_link,8,0.04,10 0 0,0 0 0,,-0.0006760598655827884 -0.16961320796698617 0.02716261309731683 -1.1139953698402068 0.00074512014906330363 0.0010744696337499659,-0.022292183262272877 -2.2299317119862168 0.081456125715201319 -4.6049110390861747 0.011930461750021883 0.013139185188413964,0.0081717262864030304 -1.5528151154976584 0.028968365934605486 -1.5391764307318809 0.029814830390575212 0.027074472813907936,0.072449856972345655 0.11881978794117849 0.17438334988172816 0.17991551675494116 0.16188521655701013 0.1413606746251384,0.00085150478484985492 -1.5676525941961255 0.0055960195195848073 -1.5643638122712704 0.0063063842200025335 0.005914322551105672,0.027474416924341029 0.083548748430118169 0.14427342112111721 0.16338963520295244 0.15845822151778421 0.14722958500219499,0 0 0 0 0 0,14.096600243842973 -330 -115.9898323837522 22.459727901480619 1.1457287084691465 -0.029679927329580025
ur,tetrapga,0.229874455,1.297475344,4.387635398,1,35.739036,43.581644,4.4673795,1,0,0,1.933118011,24.905851252,1,0,0,0,0 0 0.050000000000000003,0 0 0.050000000000000003,0 0 0.050000000000000003,wrist_3_link,8,0.04,10 0 0,0 0 0,,-0.001646188282158372 -0.27756097714128886 0.030173049170281165 -1.2696463388735792 0.0015465413946797102 0.0019077446617482422,-0.024520212187689988 -2.8736003492540774 0.056460142326305293 -3.0059247642775864 0.015817209846476804 0.01670378860196297,0.011612732836823719 -1.5474256859473581 0.036734243636635459 -1.5312612443904272 0.036860352751545596 0.033174609106519128,0.085611530048034651 0.12872720412078037 0.18230656315610697 0.18362235369958105 0.16170195646197616 0.13882730147475467,0.0010812165839214113 -1.5669762039902415 0.006757326182656574 -1.5630524379295734 0.0075754537597576893 0.0070913121211082309,0.029953311826853277 0.085547584963679188 0.14605084502749704 0.16445098472523426 0.15880608638764709 0.14701572112036129,0 0 0 0 0 0,20.157525514596564 -330 -113.86262741106842 11.864923775106945 1.2916494954067552 -0.046141491751746422
ur,tetrapga,0.27352342,1.141086403,4.236767105,1,35.027699,42.833616,4.378462375,1,0,0,2.519557215,17.132629518,1,0,0,0,0 0 0.050000000000000003,0 0 0.050000000000000003,0 0 0.050000000000000003,wrist_3_link,8,0.04,10 0 0,0 0 0,,-0.0027666257237031356 -0.41224940134228755 0.032355160800208352 -1.3710926164282158 0.0025068803050750416 0.0028770482140103582,-0.029458140680603873 -3.5045268055968819 0.040020906862022497 -1.959582815901578 0.018552378977529808 0.018863021819197075,0.01563496746425324 -1.5415956457508866 0.044855870844662846 -1.5231756358807258 0.043904394808410463 0.039172405403134845,0.098661084042119457 0.13835273482792149 0.18974067359816638 0.18676450658454782 0.16096449641675192 0.13593383463043951,0.0013307540285721511 -1.5662838525087124 0.0079327944725473519 -1.5617326440712276 0.0088472323388150576 0.0082665407326211922,0.032430802166012351 0.087539044509655148 0.14781380616144144 0.16549450095440188 0.15913547753319929 0.14678934860817761,0 0 0 0 0 0,28.176233664190999 -330 -111.77880455490995 5.0955251103123373 1.3528295797050305 -0.056376271540758083
ur,tetrapga,0.316433751,0.967803431,4.532779467,1,34.031203,41.457757,4.253900375,1,0,0,3.383317286,11.19945875,1,0,0,0,0 0 0.050000000000000003,0 0 0.050000000000000003,0 0 0.050000000000000003,wrist_3_link,8,0.04,10 0 0,0 0 0,,-0.0041281939342569674 -0.57333580008446539 0.033987423916843701 -1.4370729900474086 0.0035649412746359488 0.0039189381736868681,-0.03560523178436148 -4.1329019908284215 0.029493445915335915 -1.2745353257523082 0.020511442743141345 0.020263652760978194,0.02014083403841832 -1.5354615602291841 0.053145327569104235 -1.5151053968698751 0.050786232619645426 0.044938257069624225,0.11132241453068126 0.14749530032584479 0.1965348991041902 0.18928541225026896 0.15970112894410221 0.13275018974895847,0.0016001052546997605 -1.5655755993148137 0.0091223081683982302 -1.560404573682747 0.010121572077812462 0.009439908395022404,0.034906731053156982 0.089522990298039326 0.14956217501171434 0.16652010405940273 0.15944637279701973 0.14655048718820435,0 0 0 0 0 0,37.956454803664016 -330 -109.78702916485308 0.73038524669755134 1.3783802377649472 -0.063110252060193162
ur,tetrapga,0.357956296,0.782363811,5.015621897,1,34.109726,41.708966,4.26371575,1,0,0,4.436867627,7.903330645,1,0,0,0,0 0 0.050000000000000003,0 0 0.050000000000000003,0 0 0.050000000000000003,wrist_3_link,8,0.04,10 0 0,0 0 0,,-0.0056329932505350044 -0.75148234636125333 0.035226875092175751 -1.4781786164797037 0.0046484619827605288 0.0049653611597446712,-0.039477375237483528 -4.742842602422062 0.023638166835523562 -0.84274866156966888 0.022329321582678655 0.021597615607808672,0.025014498595182583 -1.5291590268243356 0.061433805039368308 -1.5072045389863655 0.057383274418288797 0.050380959397726091,0.12339414357238329 0.15602253277259409 0.20260993001722177 0.19118282911225726 0.15797346897080378 0.12935530043398255,0.0018892571433486306 -1.564851505064202 0.010325750017077842 -1.559068370384217 0.011398324925758279 0.010611315278286246,0.037380941664991715 0.091499286004734615 0.15129582302275191 0.16752771547942394 0.15973875142939831 0.14629915728682258,0 0 0 0 0 0,47.546437966689524 -330 -108.00566995946878 -1.9911072171198612 1.3863527976635837 -0.068875398673105437
ur,tetrapga,0.399788651,0.564644011,5.632854244,1,34.263701,41.79208,4.282962625,1,0,0,5.746823943,7.987358916,1,0,0,0,0 0 0.050000000000000003,0 0 0.050000000000000003,0 0 0.050000000000000003,wrist_3_link,8,0.04,10 0 0,0 0 0,,-0.0072506102265732482 -0.96534674497554407 0.036307230466990505 -1.506314726014705 0.0058222109846944479 0.0060829976270514417,-0.036825811795732563 -5.41197303048446 0.019542248003845932 -0.54296129751498656 0.023300270236560543 0.022189143865194515,0.030427287952284401 -1.5224583483271408 0.070028612211098518 -1.4991763897235157 0.063946582296138116 0.055715313269993461,0.13535537102249579 0.16427879947550431 0.20822048000409465 0.19255078432359488 0.15573452805268687 0.12562885127803214,0.0021981953212655884 -1.5641116315013179 0.011543001740859175 -1.5577241784191111 0.012677342671298556 0.011780661718609586,0.039853277251787229 0.093467795759280423 0.15301462260250978 0.16851725792900479 0.16001259408968313 0.14603538003308122,0 0 0 0 0 0,54.977747664136352 -330 -106.23541106041675 -3.8594913991237263 1.3885000496983082 -0.072046597083314623
ur,tetrapga,0.44165916,0.36346078,4.91365705,0.903395107,34.560627,41.870315,4.320078375,1,0,0,5.556937189,6.147799732,1,0,0,0,0 0 0.050000000000000003,0 0 0.050000000000000003,0 0 0.050000000000000003,wrist_3_link,8,0.04,10 0 0,0 0 0,,-0.0052507789173363807 -1.1701024029588083 0.02271845894044603 -1.5246374357552255 0.0073719727349639821 0.0071896633301450248,0.12988190009818612 -4.6482973038976567 -0.52088225819370448 -0.39373867779401867 0.038414007681505963 0.022794492860515426,0.036341478044626022 -1.5154130260472427 0.078855345632393645 -1.4910951135457742 0.070411690651847408 0.060892107951850273,0.14710483060101903 0.1721902276744593 0.21331164613403231 0.19337008351129709 0.15299768268966488 0.121597954051474,-0.00012419077387019984 -1.3828199389663525 0.013897777117831798 -1.5397235655169355 0.012059507465308119 0.011160436931953508,0.17588011607746151 -1.9636254028094169 -0.40369382330620829 0.18239728804046099 0.25441926902737133 0.20933973298710301,-14.135195122963371 313.82043667493554 123.07890679213904 9.5665476598591965 -1.8203323735513564 0.021762952198780171,-23.840679502398196 298.12038543262588 128.73155871019804 12.223479679857519 -2.0932045833302801 -0.060311542407543328
ur,tetrapga,0.483611908,0.231014158,3.625671962,1,29.627169,37.282943,3.703396125,1,0,0,4.758157284,2.695545618,1,0,0,0,0 0 0.050000000000000003,0 0 0.050000000000000003,0 0 0.050000000000000003,wrist_3_link,8,0.04,10 0 0,0 0 0,,0.00052595613965609697 -1.3272279115946095 -0.0018600437580446074 -1.5371754727608018 0.0090735399092282225 0.008300460520643916,0.12667217153895155 -3.3109208017159419 -0.639601607239214 -0.25647325445851354 0.035609761491394096 0.023401881891499322,0.042755640731798633 -1.5080293193890468 0.087901983485640225 -1.4829751709789416 0.0767642417511364 0.065903590840896531,0.15863301101054772 0.17974800452029291 0.21787527391752512 0.19363673667489578 0.14976404729145512 0.1172643190530757,0.0018065318492649144 -1.3971484615323941 0.011388140263690477 -1.5388970713755432 0.015136348995821862 0.013410496745413499,0.24195726235884599 -1.7905775262164707 -0.31328305760927033 0.10354930142509727 0.38466359680528955 0.28118480892816955,-34.126524287025639 283.31948953260428 124.48522526932054 9.0997059198923758 -1.7551430210122598 0.010819836145623922,-50.914666617580238 330 150 13.180378458216182 -2.4763647333764709 -0.060154284481271247
ur,tetrapga,0.520971904,0.18657426,2.614097036,1,34.05307,41.40758,4.25663375,1,0,0,4.049029338,0.091332922,1,0,0,0,0 0 0.050000000000000003,0 0 0.050000000000000003,0 0 0.050000000000000003,wrist_3_link,8,0.04,10 0 0,0 0 0,,0.0043596035518208903 -1.4271069306131194 -0.021188782843786561 -1.5444471926174934 0.010500828523725718 0.0093343747896046693,0.088204620055660612 -2.3198792818263141 -0.40741236800065256 -0.16830441939924456 0.033917953459691147 0.024774734614811795,0.048870459411134104 -1.5011932845711204 0.096110466028081418 -1.4757438390917739 0.082299196112329137 0.070208672444225781,0.16867652102888009 0.18615508793957197 0.221477977258835 0.19340601071153796 0.14647614217937865 0.11316294611107941,0.0059340342068575792 -1.4270936487865957 -0.00660113454544764 -1.5402807409399135 0.015815168300982396 0.013639282815104712,0.35667898417003252 -1.8705012186024061 -0.21239278810098469 0.17404036079421947 0.37459932190566086 0.28331800009335772,-32.091188786162036 330 150 11.594151238083722 -2.1706600474161433 0.028423217172412849,-49.521552748772343 330 150 12.468136171032711 -2.4348809636501585 -0.063901528685313735
ur,tetrapga,0.562457895,0.19106736,1.533752022,1,28.58661,35.871261,3.57332625,1,0,0,2.431435762,1.566382272,1,0,0,0,0 0 0.050000000000000003,0 0 0.050000000000000003,0 0 0.050000000000000003,wrist_3_link,8,0.04,10 0 0,0 0 0,,0.0065884135911641797 -1.5021246803832502 -0.02879216041019976 -1.5443769792043611 0.011461395726121319 0.0099885144221694006,0.039515706134273007 -1.3017448426797189 0.018205171190050863 0.016395944910442835 0.017086902774586916 0.011848528752469121,0.056095030585271037 -1.4933291804518549 0.10537284284487572 -1.4677343604265014 0.088292572517554291 0.074804417873379117,0.17956536859963446 0.19289993532439159 0.22496090898893353 0.19263261595904693 0.14238169601285156 0.10834857615587173,0.010334599214789816 -1.510704127681608 -0.028551545737773645 -1.5414471255933913 0.0144014871651609 0.012316757219174287,0.46827320295320451 -1.0724309122947313 0.03007683405326441 0.36623170137123273 0.36751142987994756 0.29103034962561097,-19.275740380665415 277.63799666608958 124.11541794470061 9.4036607401181751 -1.5337929456538506 0.036995735992775405,-47.787836262418985 330 143.98181311891591 10.671969696156339 -2.2510128802915652 -0.025945120226271712
ur,tetrapga,0.598406365,0.207287979,0.659674514,1,30.616759,38.866406,3.827094875,1,0,0,1.190899145,1.121094122,1,0,0,0,0 0 0.050000000000000003,0 0 0.050000000000000003,0 0 0.050000000000000003,wrist_3_link,8,0.04,10 0 0,0 0 0,,0.0082173036317918554 -1.5292324464386875 -0.028740779541912564 -1.5436497709977923 0.012819199601886919 0.010969441958753292,0.039480715692209636 -0.36415236056061262 0.005489838997436906 0.018502447934157038 0.034141401050980985 0.024738194911172549,0.062716115913721115 -1.486294591366899 0.11350731259019545 -1.4608282396607049 0.093341561767219944 0.078621121917870865,0.18876187111402293 0.19841973781483185 0.22753229571150599 0.19152276362886439 0.1384629622097632 0.1039617031225767,0.011393416683911448 -1.531988812887211 -0.026463745121573113 -1.5404551338135311 0.01578323863441428 0.013326516568840849,0.39701413151494924 -0.34454580606543045 0.28462930254243135 0.39932964803264992 0.37050487906592 0.29463432626094482,-1.7306238296791889 144.47854470947945 82.641547983370614 6.8300058208891965 -1.0393685924588529 0.040357873081903174,-46.704338657953777 330 138.75857070955431 10.174354904586835 -2.1998233940384964 -0.067028425962053717
ur,tetrapga,0.637346585,0.222657517,0.486604754,0.614207765,28.645156,36.032063,3.5806445,1,0,0,0.823654636,0.545625475,1,0,0,0,0 0 0.050000000000000003,0 0 0.050000000000000003,0 0 0.050000000000000003,wrist_3_link,8,0.04,10 0 0,0 0 0,,0.010150408683915212 -1.5220986500298879 -0.03187049987278185 -1.5433321461274854 0.014029960832353984 0.011805190232662351,0.016789249829232689 0.53272547458493247 0.01529983324554908 0.012806307322530493 0.024707940833807358 0.018585280876414534,0.070256257834986569 -1.4784572916711234 0.12241408604652822 -1.4534011053920632 0.098644549607164497 0.0825733640621195,0.19845849364836943 0.20404852625512537 0.22984397312150587 0.18986114770792603 0.13383728237360992 0.098991239128134997,0.012581776555115149 -1.5194370020490255 -0.027340922071865087 -1.5398509054693448 0.01702075186166991 0.014192769115522211,0.30392098389999217 0.33270599760778269 0.56619722511459536 0.43515508226758021 0.37384887866449051 0.29844736035748243,19.582021800739899 -5.0385118974878651 34.918668115149245 3.8333967727203446 -0.44821644797912819 0.044760601070954593,-28.571053687000681 202.68856239520937 89.558555320144734 6.6910107878466079 -1.4742310217096559 -0.049479096091459951
ur,tetrapga,0.673456006,0.231707936,0.34518317,0.33278566,28.610545,36.253145,3.576318125,1,0,0,0.786445051,0.092360498,1,0,0,0,0 0 0.050000000000000003,0 0 0.050000000000000003,0 0 0.050000000000000003,wrist_3_link,8,0.04,10 0 0,0 0 0,,0.0092167814148057699 -1.5097586817236632 -0.026902373675253347 -1.5424971210917962 0.014096880431880801 0.011997223767737245,-0.019352837108661727 0.22623427396950496 0.11125363720355359 0.020633706744979208 -0.00047982497181886052 0.0032622222343938636,0.077580907658967357 -1.4710000333114237 0.13074558585942328 -1.4465795967367892 0.10339462799276275 0.086061672224586619,0.20719073883269262 0.20893390144887639 0.23154287203342916 0.18789515855264483 0.12920135997135615 0.094185395585128173,0.012130047087058707 -1.5087208760409654 -0.022806097843552087 -1.5389297561328814 0.017162321100365703 0.014420704202873157,0.36415820903161716 0.12972571033721886 0.5120344789626573 0.4459206198643339 0.38318008356061256 0.30293505439198903,16.592649087461332 36.310763083237745 45.055300484741601 4.256791035366474 -0.48137660775057928 0.043753585041157228,14.266683047295849 -109.81926771208146 -46.350030543415897 -3.6741170904388127 0.73074477721691622 -0.01371450417428477
ur,tetrapga,0.709843442,0.243236244,0.441238878,0.264541472,32.425117,39.988961,4.053139625,1,0,0,0.906966627,0.133021631,1,0,0,0,0 0 0.050000000000000003,0 0 0.050000000000000003,0 0 0.050000000000000003,wrist_3_link,8,0.04,10 0 0,0 0 0,,0.0088276704018693739 -1.5076800309926053 -0.022918333418741964 -1.5416300469393223 0.014413171235883275 0.01233846170301774,0.0025612726879745552 -0.059288361197418767 0.064519723910572147 0.019833666293211726 0.011074141582945139 0.010046729688244289,0.085276146266104344 -1.4633129355016563 0.13919537340019794 -1.4397848563691134 0.1080059357420054 0.089397914645256413,0.21572523025692028 0.21352354542065938 0.23281812965731344 0.18550250367232402 0.12420021083813987 0.08915749741346482,0.015520425905543469 -1.5076400125517053 -0.018096920379865641 -1.5353297303032687 0.020219011899915245 0.016838368725888196,0.42379735231059523 0.13510793615751948 0.58864718296080554 0.4500032287015866 0.38208634994369256 0.30220806537687978,-2.3755751156866616 38.342299329654217 21.979325296883108 1.6162843177261839 -0.29711829301284748 0.0036333304390671309,11.024599259817869 -87.298685792452488 -36.990919631139334 -2.9847931845897619 0.55592689161511188 -0.03402039721920147
ur,tetrapga,0.749939111,0.259819601,0.48705547,0.029653324,31.818596,41.084796,3.9773245,1,0,0,1.116177618,0.133793028,1,0,0,0,0 0 0.050000000000000003,0 0 0.050000000000000003,0 0 0.050000000000000003,wrist_3_link,8,0.04,10 0 0,0 0 0,,0.0097914545191865043 -1.5102644282686946 -0.023396300000434592 -1.5410161901540054 0.01515606379495164 0.012887296836523994,0.027302602869286496 -0.07170314904266363 -0.031830015057988832 0.012651533471220396 0.018644372108673153 0.013255640469243659,0.094109021102447468 -1.4546567201086407 0.14855008795509772 -1.4324077293138437 0.11286915241280662 0.092858229700030673,0.22480719955632472 0.21818450592766075 0.23371191118782764 0.18239110991625723 0.11831609498725704 0.083409912712906084,0.018985288282328535 -1.5063934659563487 -0.013237025986863767 -1.531719809647069 0.023245724407276954 0.019236516137623585,0.43310779709813302 0.15581832441956414 0.60748679912523418 0.45124008202496857 0.37833906342021362 0.29976842646692337,-4.9586113306508226 35.241898733867743 16.759668751974914 1.1956367963777321 -0.23680574096961704 0.001634991328756538,0.37303036592668803 -9.7855968573685459 -3.00183343463749 -0.3768700473519857 0.0046176260668957525 -0.041024765166088883
ur,tetrapga,0.791101169,0.277040639,0.439979626,0.046380602,28.538417,35.939392,3.567302125,1,0,0,1.394212858,0.059757273,1,0,0,0,0 0 0.050000000000000003,0 0 0.050000000000000003,0 0 0.050000000000000003,wrist_3_link,8,0.04,10 0 0,0 0 0,,0.010832816927696595 -1.5115006118547007 -0.024234337700121747 -1.5404137760097665 0.015837811065278897 0.013387726883477826,0.018825341458506718 0.00041805152041997622 -0.0042983898517723112 0.013857636408964476 0.013893012451251168 0.010485001345363495,0.1035481807886173 -1.4455848609626982 0.15817944006134155 -1.4249746616680317 0.1176081809283963 0.096166389561949006,0.2337634355298786 0.22252752118436125 0.23406822454063148 0.17868384627024492 0.11188022059828145 0.077292601807941716,0.014788552601360146 -1.5120298036696482 -0.020630666754655389 -1.5365606553682678 0.01906095484004933 0.015872343748974393,0.49446695920794376 -0.066148976868428105 0.45045886818329467 0.48164008018732168 0.40289297184630413 0.31057710818707074,12.596514487811607 99.857854935015922 75.724448682253737 6.6007718674896241 -0.90886499019911271 0.049149133809977603,-2.7795902563531456 13.365704858376375 6.9570902843561129 0.37693895374104613 -0.13758042744003518 -0.031652052105545891
ur,tetrapga,0.827113199,0.289482938,0.380235766,0.014004493,28.923277,36.209916,3.615409625,1,0,0,1.449156472,0.051863421,1,0,0,0,0 0 0.050000000000000003,0 0 0.050000000000000003,0 0 0.050000000000000003,wrist_3_link,8,0.04,10 0 0,0 0 0,,0.01231459619134761 -1.5109803101936203 -0.022933610722618725 -1.5389574673250974 0.017124058330365712 0.014392152292282176,0.03501647020028547 0.028865257835433727 0.043339324210156217 0.036703575604925195 0.031505552487323805 0.024836482692859943,0.1121027499207717 -1.4375084627262957 0.16660720418273148 -1.4186047131497632 0.12153097897914215 0.098850854680766265,0.24128122182526646 0.22595256189315568 0.23391148719343888 0.1750187901700555 0.10593159198471877 0.07176835988938364,0.016486845338763396 -1.5112134609234702 -0.019106925359350629 -1.5350161593405942 0.020357259995964147 0.016870398956421246,0.52153114342697338 -0.029143841231231149 0.47833567040851227 0.49266349806289444 0.4041502081998043 0.30978083301738363,13.220480580719201 97.543066612018677 73.740837796418091 6.3878272935930935 -0.87009199742856336 0.047529540314354732,-1.4427672407486511 2.8368727785809824 2.1006738791672106 -0.12735120136039768 -0.11859382818042974 -0.076361980776908922
ur,tetrapga,0.863396818,0.300704977,0.342432057,0.007449718,28.53018,36.142014,3.5662725,1,0,0,1.550324676,0.03142045,1,0,0,0,0 0 0.050000000000000003,0 0 0.050000000000000003,0 0 0.050000000000000003,wrist_3_link,8,0.04,10 0 0,0 0 0,,0.014124265516164625 -1.5098422428099016 -0.020549253114320314 -1.5370352709907045 0.018753092640311997 0.015679063748164305,0.050332662348411002 0.04077219497675922 0.074822445562114301 0.054393147334364296 0.045516811370040045 0.036120518656233808,0.12099003412598144 -1.4292529085929879 0.17508479654157769 -1.4123273349184311 0.12526143081097299 0.10135153930766538,0.24854442054577019 0.22904357785239216 0.2333101084807391 0.17093309858446087 0.099648042800245626 0.066047248539418624,0.018518296880408298 -1.5099121903025294 -0.016585623429557939 -1.5330272125222393 0.021982827075592154 0.018138818237906144,0.54925392053045941 -0.0087434365784744492 0.49545371059529675 0.50100730855814057 0.40371680441001973 0.30746931121772991,13.642226345062468 98.263378622471464 73.323029038989873 6.301971614813402 -0.85539373990047718 0.046309256659341644,-0.87377999527672046 -2.1317333100678297 -0.29972593471978826 -0.41718423086058465 -0.125691335006195 -0.11139482706232684
ur,tetrapga,0.899617468,0.314506993,0.448418797,0.070176962,28.601612,35.975462,3.5752015,1,0,0,1.685759948,0.047504348,1,0,0,0,0 0 0.050000000000000003,0 0 0.050000000000000003,0 0 0.050000000000000003,wrist_3_link,8,0.04,10 0 0,0 0 0,,0.014467387355660824 -1.5086447482713123 -0.019319585869677185 -1.5365279128304128 0.019083452973818658 0.015947308002449465,-0.0015466953330899669 0.015960916356448872 0.011458140960911252 0.0017623535326644665 -0.00098993958911278309 -0.00075830834055269159,0.13011893910470149 -1.4209064334723036 0.18351785745855914 -1.406215758603508 0.12875290185751576 0.1036381357108483,0.25547294175742641 0.23176338102420357 0.23226517694745036 0.16646639689605822 0.093095134302825899 0.060187980204889559,0.023460502208092437 -1.5096979035675311 -0.011856371137596484 -1.5289738189618098 0.025187272411730618 0.020584061758064983,0.61777566596051725 0.026785841874793465 0.59115653649518185 0.50667419505366718 0.40055566701730799 0.30565544001985506,-9.6672904569571063 95.395865085882605 46.675658107602345 3.4639572936447487 -0.66661593083969839 0.0057525842922913359,2.2443934787815749 -23.158397623099518 -8.9229396155350997 -0.75635289875663148 0.15811400966713052 0.0017525933650901493
ur,tetrapga,0.935661399,0.329096094,0.44323681,0.034888403,28.58103,35.877511,3.57262875,1,0,0,1.888913559,0.030378205,1,0,0,0,0 0 0.050000000000000003,0 0 0.050000000000000003,0 0 0.050000000000000003,wrist_3_link,8,0.04,10 0 0,0 0 0,,0.014892753638080746 -1.5085040429620815 -0.018920609478748684 -1.5361244511578001 0.01937598267057054 0.016166537356331858,0.014743277021992825 -0.0020647241866440522 0.0091243440967157721 0.012332204273041198 0.0095793552035425798 0.0071476063507233262,0.13944650895573094 -1.4125095147715099 0.19186424075714711 -1.4003014662920878 0.13198686115046068 0.10570036008080112,0.26203820554052981 0.23410195101439152 0.23078433937783016 0.16164242242980761 0.086306716417150681 0.054217842272818846,0.028440870042606474 -1.5090960437635357 -0.0068676974752631837 -1.5249140175607745 0.028369189545744938 0.023013004713806802,0.62254597931425482 0.075232475499423232 0.62358420779166257 0.50747517512941787 0.39773964175178994 0.30361786946772745,-12.289796488503487 87.841823316191764 39.109195346622009 2.8694173305557702 -0.57575562601683972 0.0033941766620917001,0.57230696709913786 -11.513172976392525 -3.9554045938575229 -0.44708809496205504 0.047781684392631973 -0.022246517637846352
ur,tetrapga,0.971614795,0.342945222,0.424576642,0.014878037,34.02053,41.55705,4.25256625,1,0,0,2.003508654,0.077294162,1,0,0,0,0 0 0.050000000000000003,0 0 0.050000000000000003,0 0 0.050000000000000003,wrist_3_link,8,0.04,10 0 0,0 0 0,,0.015863441088220145 -1.5086389055199134 -0.018269795995393776 -1.5352895383099681 0.020060821385835401 0.016686386117257614,0.027387943226220311 -0.0015206928820140138 0.020492697102868787 0.023510593124011082 0.01933754777828935 0.014747237267651704,0.14898036211977747 -1.4040563627007809 0.20012860736130547 -1.3945819331151963 0.1349643163713857 0.10754064641029364,0.26824999437422165 0.23606434496770923 0.22886949270637635 0.15646021039514613 0.079280353601195924 0.048131626840847028,0.027205353180606046 -1.508548040663011 -0.0080140033053053821 -1.5259645524438836 0.027426612167180911 0.022272895018138422,0.63164970189909164 0.039929247339171331 0.56934292875288728 0.51715318643594421 0.40145083767384232 0.30289995032577666,2.4276937236205942 101.17561907235061 61.482283028032327 4.9965917772057811 -0.76609320899364586 0.027466423022204856,-0.39863063218349737 -4.9097522419524466 -1.2214119251714024 -0.30900148944601824 -0.025635545939692861 -0.045485064317702495
ur,tetrapga,1.01324532,0.356933134,0.385004534,0.014260127,34.23038,41.584408,4.2787975,1,0,0,2.194699923,0.038019502,1,0,0,0,0 0 0.050000000000000003,0 0 0.050000000000000003,0 0 0.050000000000000003,wrist_3_link,8,0.04,10 0 0,0 0 0,,0.01815517132889663 -1.5087540276635985 -0.016354543066502303 -1.5333651038457956 0.021609389526957318 0.017865971757654395,0.054223213490762291 0.0015336502964936206 0.049285869391838689 0.045224419576836289 0.036139715151438732 0.027598425203305178,0.16029009598095284 -1.3941895634923116 0.20960109932187185 -1.3882010754804155 0.13809023512988025 0.10939505880754208,0.27501010979968166 0.23786910919263965 0.22610760850781808 0.15000667467731577 0.070841084904906315 0.040930903751971476,0.02809165269491113 -1.5084283728346466 -0.0076143044516172442 -1.5254512357255026 0.027723240217285589 0.022468107318853507,0.67642380501997423 0.027832666082266262 0.57124609178582464 0.52669905241714565 0.40065492127705932 0.29983424136963732,2.5271967823072412 110.86203169676764 66.61939652912271 5.356152623575225 -0.83250675702342058 0.027614452910140745,-0.56272226025679117 -4.7058417726020707 -1.4116327416583658 -0.45705775828537298 -0.076016972405696492 -0.085194159938083658
ur,tetrapga,1.054906628,0.368998676,0.357935476,0.016742398,28.586494,35.858022,3.57331175,1,0,0,2.466027442,0.063178219,1,0,0,0,0 0 0.050000000000000003,0 0 0.050000000000000003,0 0 0.050000000000000003,wrist_3_link,8,0.04,10 0 0,0 0 0,,0.021476841572426783 -1.5086610095821611 -0.013293914343145797 -1.5306174508030321 0.023789120061762453 0.019528294564607154,0.070761468673096448 0.0085698365927163577 0.070289745710445911 0.058715692961870534 0.046269499106774206 0.035382663382461696,0.17188002975766598 -1.3842508064212127 0.21895334571885489 -1.3820944093747487 0.14086025089933796 0.1109475047921008,0.28129751741336373 0.23916750971414144 0.22276110664651733 0.14307270900089872 0.062086840223260206 0.033571553454652209,0.027195451267362145 -1.5087631199196743 -0.0091462381448319634 -1.5263346526377297 0.026961977252662597 0.02185729240599189,0.71482621186692019 -0.0127637921891355 0.5184595247892293 0.53534977066279743 0.39660714886251786 0.29112473017309215,16.680755344174806 129.64228030178353 89.717865669844997 7.4507550237714302 -1.0281463532245765 0.04931367577186431,-0.54978964999769175 -5.5249912310491709 -1.9921307452577146 -0.58629579476655636 -0.098624158124259509 -0.10927846713228462
ur,tetrapga,1.090831532,0.380872559,0.392029697,0.026413917,28.627547,35.953969,3.578443375,1,0,0,2.58521994,0.013058284,1,0,0,0,0 0 0.050000000000000003,0 0 0.050000000000000003,0 0 0.050000000000000003,wrist_3_link,8,0.04,10 0 0,0 0 0,,0.023235472850421681 -1.5081386829225476 -0.011448977177499681 -1.5291592625305932 0.024901453648968105 0.020374862693700646,0.039630395649281114 0.015540953097688567 0.043527590765889024 0.033447085094852703 0.025302283386684839 0.0192724551817989,0.18207703618993076 -1.3756448728174644 0.2268971127884726 -1.3770676097506513 0.14295154917951966 0.11203782967961902,0.28632552343085638 0.23987554004511463 0.21941027278535813 0.13672098135198774 0.05430433075978551 0.027111872038094592,0.02916549862881735 -1.5081934842134501 -0.0073067872967178937 -1.5248540919424651 0.028034610796744627 0.022657530715473835,0.741253222299459 -0.0068501613628231452 0.5177737350977234 0.53814632351601355 0.39164464347206535 0.28533350272164881,19.299922411515603 133.49406090749775 93.579601007413913 7.7642106527370487 -1.0579356027729565 0.052017426872872564,0.011728801073815021 -8.7165924490400357 -3.1652815417656193 -0.52526337253584643 -0.012536135487259514 -0.059607792932446557
ur,tetrapga,1.126865765,0.393482407,0.401003014,0.029009176,28.737099,36.071963,3.592137375,1,0,0,2.731365789,0.034313487,1,0,0,0,0 0 0.050000000000000003,0 0 0.050000000000000003,0 0 0.050000000000000003,wrist_3_link,8,0.04,10 0 0,0 0 0,,0.024572092287397502 -1.5076416400638428 -0.010102128836441644 -1.5280804284656462 0.025694026391554655 0.020971442633583574,0.034868995889452851 0.013504250928310641 0.034923643725741381 0.027768462966582277 0.020237165728241493 0.015197214642494728,0.1924798110814521 -1.3669941325331723 0.23473638530253368 -1.3722608412080213 0.14476463431468517 0.11289657539361932,0.29099419417088629 0.24019998143116772 0.21561970629376803 0.13001243306519056 0.046293896864933654 0.020535366671891445,0.035830372298197515 -1.5078426926332902 -0.0022151465184430215 -1.5204959949010952 0.031134444961848827 0.024923282328962088,0.83310920867252025 0.043848947519990487 0.63645509728435901 0.54476213017123243 0.38747927063802501 0.28321895168603162,-12.732544101324244 127.98335614734771 61.552327121244424 4.5623562030087363 -0.87829640391790131 0.007412324238531073,0.13859064254656062 -9.573027965867368 -3.5005104836170489 -0.51881392459836206 0.0094209104425928558 -0.047047054404409039
ur,tetrapga,1.163011218,0.406969663,0.427906625,0.033957314,33.974656,41.254357,4.246832,1,0,0,2.879206411,0.013030072,1,0,0,0,0 0 0.050000000000000003,0 0 0.050000000000000003,0 0 0.050000000000000003,wrist_3_link,8,0.04,10 0 0,0 0 0,,0.025390698629951691 -1.50719981410722 -0.0093524246791501179 -1.5274595391144168 0.026113427893635622 0.021278472270940995,0.017107683561256786 0.0090089089793581167 0.013499178374924601 0.012580498507592585 0.0082005870609494925 0.0058778871051346389,0.20307678514499089 -1.3583119880467316 0.24245488158082876 -1.3676880874279451 0.14628981170023977 0.11351825404559286,0.29529270529152613 0.24013506559757453 0.21138888268962358 0.12295279893739205 0.038066160792913611 0.01384912573504278,0.037170264210705052 -1.507121887363803 -0.00099588853543360056 -1.5196202908885938 0.03168868827243855 0.025319849575494796,0.81996609332880621 0.049920750806512704 0.59848713292037115 0.54468451489526748 0.38309398058704125 0.27737153444290663,3.0414840612432386 131.00617068805136 76.362833214720041 6.061649827465903 -0.94708894355709528 0.029616868484701964,0.43804582950369308 -11.205913717920339 -4.0554867864303041 -0.47153096268630179 0.057257471023682172 -0.018303172901475762
ur,tetrapga,1.204332799,0.422122574,0.416385663,0.024208932,28.499525,35.748444,3.562440625,1,0,0,3.53810566,12.57073458,1,0,0,0,0 0 0.050000000000000003,0 0 0.050000000000000003,0 0 0.050000000000000003,wrist_3_link,8,0.04,10 0 0,0 0 0,,0.026530074840489103 -1.506964826641753 -0.0085221014913629909 -1.5266338597363973 0.026690807030061336 0.02169878089883108,0.026462313876568857 0.0055760917393102277 0.020069314085841308 0.018975570284969115 0.013327815794913113 0.0097350609578084925,0.2153721186311664 -1.3483989317302192 0.25108102383196906 -1.3627809256030838 0.14766467531679994 0.11393089690490658,0.29972565337198187 0.23957964573088059 0.20603180910814795 0.1144893427177783 0.028440987062845952 0.0061065428562546292,0.033304636373192878 -1.5069723326719926 -0.0042970523213712569 -1.5222387184603383 0.029700978350051067 0.023837168607058024,0.84682019158797162 -0.00093825377994708695 0.52813114624896684 0.54939265950738281 0.37627141499871636 0.26729846352836806,22.564036521150889 155.4328917008919 106.14655839389522 8.6640556949789964 -1.1897764614966051 0.054881738750097005,-0.05733969769053715 -7.988947606309921 -2.7516893920836694 -0.41300848341052188 0.020868612418546206 -0.030109886273457676
ur,tetrapga,1.240144242,0.433040403,0.369450026,0.018631355,28.621352,35.902674,3.577669,1,0,0,3.532825729,0.064245003,1,0,0,0,0 0 0.050000000000000003,0 0 0.050000000000000003,0 0 0.050000000000000003,wrist_3_link,8,0.04,10 0 0,0 0 0,,0.029076840220646365 -1.5069022150720288 -0.0067158461326697417 -1.5249135581927158 0.027914969147515567 0.022590896239358761,0.068600406842656225 0.0047109161727410054 0.051758191260983133 0.045723549896513352 0.032416331201562121 0.023682472744684241,0.2261681308039323 -1.3398341621943546 0.25836946514375997 -1.3588172096928961 0.1485311673656817 0.11402827012907481,0.30314480183111076 0.23868164287099591 0.20094537176352389 0.10682677265177591 0.019925215832568524 -0.00067939450850949823,0.04093431118407579 -1.5064973071113339 0.00098539640794602108 -1.5177806650272971 0.032658339132076275 0.025955270793714968,0.9537093513603645 0.059378195082347152 0.66030609116465977 0.55725667913015098 0.36967009775315107 0.26476277333211784,-14.572247499339861 148.03997828033974 70.75682134616865 5.2474518635917482 -1.0111534738543437 0.0084359529761158288,-0.51269037201015522 -6.1483472224344951 -2.28080034940725 -0.54077628905270103 -0.04774093864399731 -0.073172692661188421
ur,tetrapga,1.276121473,0.443926815,0.373726918,0.020979563,28.645392,36.012837,3.580674,1,0,0,3.605248606,0.097788758,1,0,0,0,0 0 0.050000000000000003,0 0 0.050000000000000003,0 0 0.050000000000000003,wrist_3_link,8,0.04,10 0 0,0 0 0,,0.031449335798601694 -1.5066182464097899 -0.0048993063495190647 -1.5233357120961764 0.029018543918463414 0.023394782891990443,0.057973653298488304 0.010799659113819767 0.04668156887926609 0.038657937114927057 0.026807160467945006 0.019546748395047289,0.2371302209079682 -1.3312691347966013 0.26550086026574343 -1.3551167969154596 0.14909188082854308 0.11388025200330142,0.3061780139089621 0.23738910412209249 0.19542608210695739 0.098833386460355777 0.01122161130764035 -0.0075586650620908663,0.048598145507453658 -1.505433672459652 0.0066554892246055491 -1.5133201092329496 0.03560485202288307 0.028059613952992318,0.95797929042223295 0.13295433146023297 0.7087616020824411 0.55756947429344716 0.36831411135084935 0.26304289490966865,-18.623785452324999 135.82670935962611 59.605964515702965 4.3943222651349068 -0.88299664687319879 0.00514817532023979,-0.37621929405949572 -6.9232559265246891 -2.59393181138956 -0.52443952483645262 -0.024213588184743173 -0.060412257473231534
ur,tetrapga,1.312253294,0.456791034,0.420879329,0.031820726,28.576455,36.009599,3.572056875,1,0,0,3.685663085,0.138098098,1,0,0,0,0 0 0.050000000000000003,0 0 0.050000000000000003,0 0 0.050000000000000003,wrist_3_link,8,0.04,10 0 0,0 0 0,,0.032172702983711388 -1.5060957165595092 -0.0042379950839130185 -1.5228613087645173 0.029299907318362191 0.02359423617846924,0.010617460890083134 0.01451094095862061 0.010296605100008877 0.0074532349511591753 0.003659703103769358 0.0024671991197146963,0.24824184450943079 -1.3227212158856316 0.27245568752445498 -1.3516951284447589 0.14933736169423273 0.11348150738719384,0.30881310609567214 0.23569692101189993 0.18947612442961004 0.09051883095888541 0.0023450031502717378 -0.014521236453702416,0.056181807999351539 -1.5038021190585249 0.012574622391628317 -1.5088635301068183 0.038528276293751003 0.030147105653141784,0.94795781148723546 0.20394417514087507 0.73989164587784617 0.55707239076641268 0.36542803385849199 0.26093646251868324,-17.651099561873082 123.24718919174873 53.117001110013206 3.8946726337687538 -0.78955489480967855 0.0042515401838347545,0.31900722717338681 -10.5008396010262 -3.8230116416808446 -0.43136890768073499 0.07014412117125346 -0.0077281203598360548
ur,tetrapga,1.348332069,0.467823777,0.364979569,0.02137209,34.092849,41.623409,4.261606125,1,0,0,3.68869658,0.113977089,1,0,0,0,0 0 0.050000000000000003,0 0 0.050000000000000003,0 0 0.050000000000000003,wrist_3_link,8,0.04,10 0 0,0 0 0,,0.034314268746591083 -1.5057757552371094 -0.0028293799296202982 -1.5215670377019781 0.0301270728600306 0.024179187592232403,0.067067787200670581 0.0088648836213398741 0.046084088852368317 0.039410927589807951 0.025386677596779227 0.018034112635752678,0.25942465345481852 -1.3142539635187194 0.27917854737200959 -1.3485832450810702 0.14926022880882112 0.11283149414140878,0.31102776649800945 0.23361334582546955 0.18313448464483109 0.081941254131611518 -0.006639781577103529 -0.02151850520043054,0.052841164979183383 -1.5036342953675907 0.010090211549005478 -1.5108294119028485 0.037120721006667523 0.02911521391397285,0.94914082577650938 0.14433022252830668 0.65219878975018364 0.54823400019368917 0.34913080372209099 0.24400841141071977,5.3138248124123422 132.73487302263942 76.608593390262314 5.963068465793838 -0.92510499154012882 0.027761200662061898,-0.42047558264565055 -7.0527898490154257 -2.7035449124646727 -0.54037900583443843 -0.017660996586286615 -0.055760049806494294
ur,tetrapga,1.390027248,0.47787763,0.330002478,0.018807681,28.516727,35.738744,3.564590875,1,0,0,3.809703999,0.208060173,1,0,0,0,0 0 0.050000000000000003,0 0 0.050000000000000003,0 0 0.050000000000000003,wrist_3_link,8,0.04,10 0 0,0 0 0,,0.038675097261385516 -1.50540274869149 0.00012920970538519614 -1.5190115753328659 0.031800457298729899 0.025368502282104879,0.10070389983526194 0.014203280570290871 0.073152709169735999 0.058794331924825145 0.03832205861709935 0.027325102862071123,0.27243739163605191 -1.3045719940622813 0.28665319063281203 -1.3453789749239995 0.14876462091295567 0.11176491175959549,0.31306217117151336 0.23071605591976138 0.17531650629249956 0.071701569769484344 -0.017154937901872419 -0.029649304389211636,0.060854667359618371 -1.5019990510453092 0.015932311361472558 -1.5064161988279725 0.039869159440217357 0.031048342821909027,1.0016877975543734 0.20440554028519081 0.73026247655838517 0.55165163435949593 0.34355480419372914 0.24164111349202202,-13.960563168311952 122.92716190839758 56.317168893570859 4.1292760806850026 -0.81056626550681776 0.0059496799997787054,-0.7153069941921899 -6.2065347120524166 -2.629698259121465 -0.6545620811120898 -0.060247750285000734 -0.084468547897778024
ur,tetrapga,1.425827021,0.484551725,0.303859072,0.017667164,34.005261,41.223519,4.250657625,1,0,0,3.817375308,0.116663891,1,0,0,0,0 0 0.050000000000000003,0 0 0.050000000000000003,0 0 0.050000000000000003,wrist_3_link,8,0.04,10 0 0,0 0 0,,0.043592729773317053 -1.5048161753496032 0.003632155246677976 -1.516132623382068 0.033690284258404986 0.026713748222846188,0.12783543580662154 0.023733938744476622 0.097556640684537316 0.074870092187886622 0.048815054448334179 0.034861709408382693,0.2836693416906379 -1.2963632624825923 0.29280310671623261 -1.3429734926665944 0.14798739157758636 0.1105780749531806,0.31435473204106595 0.22781107789143146 0.16819399940367066 0.062643998036412116 -0.026279415792461375 -0.036658326962988944,0.060249040477076278 -1.5021473959176406 0.01501554929036782 -1.5069942950372264 0.039351254174400788 0.030638187889733329,1.0031677388260711 0.15752715997696926 0.65416449828656908 0.53501450847422072 0.32144154063620156 0.21964279591946492,5.8869034376675504 128.27129849786826 73.45000326963067 5.6423824913368215 -0.87857320373445269 0.025022779617593482,-0.9504692706872504 -5.6385553733334746 -2.650074622095957 -0.75629849772940361 -0.093364281529503046 -0.10775703357731459
ur,tetrapga,1.467117459,0.49455262,0.350445741,0.037190538,34.052987,41.520232,4.256623375,1,0,0,3.917749476,0.177401304,1,0,0,0,0 0 0.050000000000000003,0 0 0.050000000000000003,0 0 0.050000000000000003,wrist_3_link,8,0.04,10 0 0,0 0 0,,0.04683818952203514 -1.5036705303959772 0.0063395255065901773 -1.5142144183310011 0.034894811323296408 0.027570574526106457,0.059481224002447437 0.027828956527802165 0.052309163660524384 0.035891749497300125 0.02208026596123849 0.015684879188448336,0.29667104395276711 -1.2870341025279095 0.29957050202573332 -1.3406074783458843 0.14668347118037495 0.10889718193882181,0.31531904290420798 0.22398398856446033 0.15951975800816282 0.051909644719670467 -0.036893410791621672 -0.044762224233535902,0.068690683964790042 -1.500417979065986 0.020846375079041336 -1.5026910883611824 0.041881399102750294 0.032376499760979248,1.05520543596422 0.21617710645681981 0.72885322358418947 0.53790083450549508 0.31626811604368821 0.21728898390573986,-13.266715790172897 118.06985511463742 53.998107142903237 3.9431583534615942 -0.77336125004936329 0.0057277705951108097,0.23101532274810666 -12.272877626967784 -5.1488096949737212 -0.7162327321821067 0.03377407673848154 -0.048660304105176522
ur,tetrapga,1.508715645,0.499277164,0.310431735,0.030089985,34.075684,41.523206,4.2594605,1,0,0,3.899845298,0.060528912,1,0,0,0,0 0 0.050000000000000003,0 0 0.050000000000000003,0 0 0.050000000000000003,wrist_3_link,8,0.04,10 0 0,0 0 0,,0.051485487234050095 -1.5025720396459077 0.0097786308750065984 -1.5115621157585388 0.036549958942405356 0.028735729543960042,0.094240000826737808 0.028390330355882575 0.074443841730776672 0.053667627784795648 0.033239623705820245 0.023482466509694076,0.30800833256601606 -1.2794984261838631 0.30424823902386805 -1.3400190730419075 0.1440878052778744 0.10624782936601458,0.10973864615078197 0.025269933419602836 -0.052232642073500993 -0.11239542382788481 -0.14289028989198746 -0.12305183781296045,0.06765807462421751 -1.5001269903341075 0.020103647713726837 -1.5035907369776274 0.041132226760121904 0.031801452290381865,0.94624862809968069 0.17100237772994142 0.59889309208785835 0.44198313527914784 0.23956846719300984 0.15566720473902732,3.7010250778937674 119.50915624103447 66.135019896192659 4.9532557054713706 -0.80173725630325066 0.018251446836241112,-0.29021642351057153 -9.929695104458915 -4.4099866867867021 -0.77087471785762318 -0.013447165354463664 -0.07270399528962912
ur,tetrapga,1.550313089,0.492877342,0.285016401,0.040452317,34.174932,41.462947,4.2718665,1,0,0,3.831675361,0.145253504,1,0,0,0,0 0 0.050000000000000003,0 0 0.050000000000000003,0 0 0.050000000000000003,wrist_3_link,8,0.04,10 0 0,0 0 0,,0.054341386227694924 -1.5014928903826554 0.012020817173653579 -1.509994782040764 0.037460915999955706 0.029367059444659994,0.05836951839574385 0.02313727385628481 0.046209052808520217 0.03211685378707748 0.018621310806678226 0.012907846841991748,0.31244891485422754 -1.2785719498545709 0.30194023390224828 -1.3447970954661914 0.13808580123665934 0.10110213411925362,0.10374997951061526 0.019273389992667513 -0.058723687323178966 -0.11730730517091538 -0.1456543525490118 -0.12433310980538978,0.068278842730878864 -1.499661019318097 0.020372549459913243 -1.503721057828455 0.040814768470609428 0.031515509734352493,0.90988903811533106 0.14361513003554277 0.53878962702787958 0.38396271009256289 0.18977463632132818 0.11640673335394514,5.6274278478481499 120.7266430224235 68.143927215724219 5.0887371391241683 -0.81577217085650111 0.018870309140110939,0.31316801234800096 -13.349264619116184 -5.6935479623840592 -0.74299355076709617 0.055176368623861549 -0.040107860311515253
ur,tetrapga,1.591852257,0.484495676,0.31906254,0.029387433,34.717482,42.076096,4.33968525,1,0,0,3.742239051,0.098955044,1,0,0,0,0 0 0.050000000000000003,0 0 0.050000000000000003,0 0 0.050000000000000003,wrist_3_link,8,0.04,10 0 0,0 0 0,,0.058901622913263639 -1.5006235295890722 0.015081023674776648 -1.5076096220341042 0.038868990978386676 0.030333539308254148,0.098704964277997811 0.024187648644974104 0.070542067827856977 0.051374893360391277 0.030115933213804336 0.020744452586299797,0.31663297941200108 -1.2778958395054605 0.29936759267648017 -1.3497692931233969 0.13198134365674394 0.095912888135335744,0.097688491044915005 0.013278965973904893 -0.065128744134705097 -0.12206590642285985 -0.14822759934792837 -0.12549567967643532,0.070731237257393595 -1.4990721137045981 0.021780062919506446 -1.5029206812045928 0.041066850592030371 0.031625478911161811,0.8926255544152939 0.13377009362330464 0.50665954402018754 0.34308234083584171 0.15312135844154037 0.087619298732311932,4.7212333681989964 119.86538790148198 66.627211719719895 4.9318889762966114 -0.80208696475791763 0.016937571918014326,-0.40983804447330385 -9.6978528016516066 -4.4059310760522834 -0.7641739316895837 -0.0020601535279496375 -0.064239035267561917
ur,tetrapga,1.634010224,0.477676228,0.291294377,0.038301043,34.004924,41.553453,4.2506155,1,0,0,3.6492696,0.098491755,1,0,0,0,0 0 0.050000000000000003,0 0 0.050000000000000003,0 0 0.050000000000000003,wrist_3_link,8,0.04,10 0 0,0 0 0,,0.061790090873450887 -1.4996174368433799 0.017222591402423725 -1.5062137683095069 0.039613701176821385 0.030829426669358225,0.058318479360240878 0.02313766482508494 0.044537886123872099 0.028254912363451797 0.014852121838015877 0.009870703776768304,0.32062028902254913 -1.2774642804107341 0.29648636149409802 -1.3550144353297138 0.12568071603506303 0.0905994836616901,0.091459453971560897 0.0071949211132856647 -0.071543709918565845 -0.12674041689351051 -0.15064528410144029 -0.12655524095873405,0.073278005864761422 -1.4983141437668277 0.023332246854291333 -1.5020794804999482 0.041330024128718924 0.031743785721679366,0.87716772491739736 0.12882893839516701 0.47886496166578107 0.31096803213770802 0.12371853053663098 0.064541616427418763,5.7494667838494884 118.47700071647267 66.263080613930498 4.8899378928445545 -0.79020572209674267 0.016876595900802115,0.14952247988242107 -12.639344136495311 -5.4812363049216515 -0.71001686124873231 0.065231788403906421 -0.030696324034607869
ur,tetrapga,1.675640679,0.47162942,0.281568862,0.038025755,34.083883,41.435611,4.260485375,1,0,0,3.554517446,0.107783419,1,0,0,0,0 0 0.050000000000000003,0 0 0.050000000000000003,0 0 0.050000000000000003,wrist_3_link,8,0.04,10 0 0,0 0 0,,0.063976702526740981 -1.498722151242488 0.018795496170240303 -1.5053007707454824 0.040014017818695138 0.031070536995744309,0.04259290737974749 0.018549696113922584 0.031118217913034738 0.017620225466516103 0.0075663238794869544 0.0045190290888449357,0.32429851444636365 -1.2772897200969233 0.29337768003752573 -1.3603840385087487 0.11936295935017348 0.085311230172972652,0.085237721708262965 0.0011927075225869838 -0.077787117991824903 -0.1311980842684575 -0.15283843748435519 -0.12748184097312018,0.08067825483046831 -1.4968373459841444 0.027701475912534843 -1.4995695828001401 0.042305424023262234 0.032254945880028883,0.92503112071336069 0.18459972283541937 0.54615363228043878 0.31373721247601721 0.12192498681791369 0.063895019793690083,-12.555488853323709 109.02705372594676 49.607614461370332 3.5956710001499772 -0.70223630114827984 0.0053463944098546424,0.18660198170732656 -12.548499191108931 -5.3649795780082314 -0.63953646655045304 0.087584742736652288 -0.014139208085715893
ur,tetrapga,1.717169125,0.465562931,0.285387318,0.035357696,34.059649,41.620875,4.257456125,1,0,0,3.444238189,0.078191013,1,0,0,0,0 0 0.050000000000000003,0 0 0.050000000000000003,0 0 0.050000000000000003,wrist_3_link,8,0.04,10 0 0,0 0 0,,0.066171055091626907 -1.4980385881026976 0.020197835031085756 -1.504468240763752 0.040345021005975208 0.031253883820766208,0.045505771832776439 0.015715928550569788 0.030209263087479597 0.017223580596983531 0.0067900474378804285 0.0037738392291437862,0.32770831063420652 -1.2773643241963739 0.29001964712585876 -1.3659220342162699 0.1129737545813424 0.079999975556651351,0.07896703712945051 -0.0047831997025075063 -0.08391826038119328 -0.13548315227768823 -0.15483154797052442 -0.12828702907997488,0.080334485999964733 -1.4962058662691566 0.027672658750467035 -1.4998331269116942 0.042023362400779272 0.032044764938762557,0.86372887986464164 0.15401259678307 0.46537540983209158 0.2732231087814504 0.08726748577006857 0.036293761045626087,5.5737134355934188 110.90708780822558 61.22763265982104 4.4666177389619257 -0.72445374158527809 0.014604128984573965,0.032309269303141264 -11.668039722562753 -5.0152202130674368 -0.61216752044856548 0.084833864353896615 -0.011809746676796351
ur,tetrapga,1.758855749,0.459217769,0.290984113,0.03330259,34.087432,41.397481,4.260929,1,0,0,3.360349731,0.109185037,1,0,0,0,0 0 0.050000000000000003,0 0 0.050000000000000003,0 0 0.050000000000000003,wrist_3_link,8,0.04,10 0 0,0 0 0,,0.068456539903997998 -1.4974095106589866 0.021592067508140644 -1.5036470146957368 0.040650855417243149 0.031414046756350573,0.048385982060626664 0.01559418863456353 0.031112599350912793 0.017378216949578529 0.0063746836466560524 0.0033487455600675021,0.33086795105306871 -1.2776884566427089 0.28639489058614537 -1.3716566312075225 0.10648107652931943 0.074637361747247416,0.072613782025568077 -0.010764277262105207 -0.089968877249168522 -0.13961743825059431 -0.15663464182126971 -0.12897509570447968,0.087602567026680747 -1.4945471450792118 0.031886606608928725 -1.4976263226617386 0.042704305797248265 0.032330250712010747,0.90851012833950151 0.20734014874310694 0.5267434823077114 0.27585053124446346 0.085117924558623839 0.035685721656023288,-11.718937989398873 101.61390275675697 46.080017527063305 3.3238276971778271 -0.64901495918712193 0.004985234409433003,-0.094288562078247651 -10.989854730288243 -4.7598716336748481 -0.59496445182958269 0.082315488774909795 -0.010475737006764518
ur,tetrapga,1.800352335,0.451030188,0.316765006,0.029305461,34.09951,41.53513,4.26243875,1,0,0,3.23908976,0.032162395,1,0,0,0,0 0 0.050000000000000003,0 0 0.050000000000000003,0 0 0.050000000000000003,wrist_3_link,8,0.04,10 0 0,0 0 0,,0.072347282965380899 -1.4967013589087146 0.023801145171287872 -1.5023009583098867 0.041168956297647316 0.03168363691665501,0.084283413776208085 0.020557672651345452 0.051846976122877989 0.029148012060857716 0.011051405036474369 0.0058016762655199988,0.33374903721064036 -1.2782582744048125 0.28253840818579795 -1.3775327204662515 0.099947462691468078 0.069273199486901027,0.066236910493919901 -0.016694701750370022 -0.095882229086975745 -0.14356213069900098 -0.15823108772279992 -0.12954003765136893,0.086761118589034958 -1.4942636202098369 0.031393939897815158 -1.4981194736093999 0.042310845401036364 0.032049497080786124,0.84827419912551649 0.17007897301575947 0.44375800096335782 0.23052085955159668 0.046776794198571781 0.0053191583066558214,5.1153931109268864 103.91596224752183 56.526797683886485 4.0512725579256816 -0.66542393022814084 0.011711013626944284,-0.47838662857577674 -9.6188085431895161 -4.3958191601924739 -0.63763308956367837 0.060276714180787394 -0.018069017400236476
ur,tetrapga,1.841986088,0.443688698,0.305455598,0.03611034,34.15648,41.77953,4.26956,1,0,0,3.148058446,0.068937169,1,0,0,0,0 0 0.050000000000000003,0 0 0.050000000000000003,0 0 0.050000000000000003,wrist_3_link,8,0.04,10 0 0,0 0 0,,0.074987111062073938 -1.4957868089603383 0.025509313558213269 -1.5014322122306385 0.041439947454578872 0.031806826685584343,0.053528162922954675 0.022571222653036616 0.036827576517776441 0.017820563587598138 0.0053598785562344589 0.0024168117674750727,0.33637272058156126 -1.2790767001093051 0.27842497094360041 -1.3835891025107463 0.093329840407769038 0.063870253165226348,0.059792124842077819 -0.022615405168031989 -0.10169894246052377 -0.14734438710178235 -0.15963231122280275 -0.12998626096080937,0.087555778839807585 -1.4938128156712738 0.031713320632326875 -1.4981875199194805 0.042016065140241754 0.031789771230070998,0.83520800178164034 0.15154986422672184 0.40771173803908234 0.19854037506735095 0.01758358905426765 -0.017298831639280011,7.1031133310548356 103.77457391418837 57.578937556899291 4.1033683222208719 -0.66631018797126018 0.011834147491574167,-0.045793363569373469 -11.916412066904741 -5.2673872065383023 -0.6384932167666193 0.093639302320440265 -0.0076325004343118508
ur,tetrapga,1.883865036,0.434565094,0.328914673,0.033631747,34.096756,41.378232,4.2620945,1,0,0,3.036011995,0.034907046,1,0,0,0,0 0 0.050000000000000003,0 0 0.050000000000000003,0 0 0.050000000000000003,wrist_3_link,8,0.04,10 0 0,0 0 0,,0.079175301772303752 -1.4947445987776538 0.027962867185514786 -1.5001139072917287 0.041848848353691001 0.031982255828510983,0.084992208034262606 0.026818627063018158 0.053932365553852085 0.02681814368632323 0.0081438913465350839 0.0035344223744175826,0.33874027534412765 -1.2801479065048631 0.27404555409231929 -1.3898362383169944 0.086618647413072805 0.058419294329706689,0.053268052538067497 -0.028535434512980969 -0.10742635714093818 -0.15096749209677784 -0.16083788453138034 -0.13031309533715754,0.089977620979719203 -1.4931111013092564 0.032928313783164645 -1.4977848514687135 0.041872451785356576 0.031592866161900587,0.82651008420794159 0.14595073940094122 0.38627748428047681 0.1707327671113669 -0.0075006202012241271 -0.036643420923799755,6.4673372329446579 101.50068435730728 55.647174736203546 3.9284235804015566 -0.64520827281530657 0.010330812459268632,-0.36365425628696357 -10.937810525827445 -5.0447620817638779 -0.67523053507920849 0.079952718634416442 -0.011107342257531627
ur,tetrapga,1.925333983,0.426922314,0.313365928,0.041163056,34.03473,41.49086,4.25434125,1,0,0,2.925482977,0.042337326,1,0,0,0,0 0 0.050000000000000003,0 0 0.050000000000000003,0 0 0.050000000000000003,wrist_3_link,8,0.04,10 0 0,0 0 0,,0.081666089737986364 -1.4936720439676592 0.029621165944720126 -1.4993977701801091 0.041983812531204506 0.032005538331503831,0.050621812809010402 0.024423444487313855 0.035062055372649607 0.014731319259370547 0.0026930140817698471 0.00044741432058283923,0.34081468285976713 -1.2814520900069295 0.269475308313603 -1.3961679279244468 0.079927618820716015 0.053010723487173048,0.046772966372377267 -0.0343565810755928 -0.11296966265823162 -0.15437199490588802 -0.16182913222801812 -0.13051610235067257,0.092329567035493693 -1.4922519829172278 0.034189465780525924 -1.4974293258541587 0.041687518235175101 0.0313668122172059,0.81346395958011386 0.14244871515373475 0.36434073957294227 0.14524812128157044 -0.030076740388179941 -0.054048753687038598,7.4021168164882543 98.948898071664701 54.553687237591198 3.8234992009097346 -0.62471660449311961 0.0097820359960693777,0.13472362499618384 -13.583808320963726 -6.0411860785904281 -0.68153980931583646 0.11480496681200236 -0.0015930125168779341
ur,tetrapga,1.966900824,0.419853585,0.308710037,0.041086624,34.180634,41.826274,4.27257925,1,0,0,2.820980737,0.052539996,1,0,0,0,0 0 0.050000000000000003,0 0 0.050000000000000003,0 0 0.050000000000000003,wrist_3_link,8,0.04,10 0 0,0 0 0,,0.083568703753430174 -1.4927712466823844 0.030841127800255712 -1.4989408978133663 0.041979593381386494 0.031938583426827032,0.039492105359637118 0.019783030292840773 0.025837644158667825 0.0093804883665198902 -0.00025646024215596365 -0.001510057311526393,0.342623068484601 -1.283000656295592 0.26466633956641916 -1.4026523853398776 0.073183756704496047 0.047583437068632412,0.040233688945971548 -0.040144860183788794 -0.11839242259561127 -0.15759805490492007 -0.16261973071873714 -0.1305992022665336,0.094370760981105153 -1.4913998305433838 0.035272720155632861 -1.4972144028166192 0.041423197731951938 0.031089929072979378,0.80270319833040327 0.13897303205277928 0.34467792065525554 0.12133862714289248 -0.051294759541106606 -0.070346093629635412,7.8830103204666866 96.488101738272064 53.268199139505882 3.7030465352905018 -0.60457246359545969 0.0089934355329987642,0.16331734969651279 -13.558585787609445 -5.9801357440600782 -0.64654223082379758 0.12402316119448642 0.0044788569483174001
ur,tetrapga,2.00879504,0.412610089,0.312842614,0.038451517,34.083408,41.401205,4.260426,1,0,0,2.716630702,0.051656253,1,0,0,0,0 0 0.050000000000000003,0 0 0.050000000000000003,0 0 0.050000000000000003,wrist_3_link,8,0.04,10 0 0,0 0 0,,0.085617956169147774 -1.4920179204268724 0.031993755482325199 -1.498513266868009 0.041927815365019501 0.031827510431042635,0.043559054266098678 0.017410479984958524 0.02550989072171864 0.0090547794621229361 -0.0011626545939510333 -0.0023816896593609567,0.3441701550205995 -1.2848037823266529 0.25959434676394849 -1.409319592233949 0.066357834110585781 0.042112455757375725,0.033619755259812478 -0.045925746660280833 -0.12371682624545131 -0.16065719404789716 -0.16321043133124946 -0.1305611934853462,0.1011770909554072 -1.4899056304094087 0.038477654460808447 -1.4962236292874356 0.041005737193456147 0.030526103806235771,0.85079124678775597 0.18677501674687386 0.40061678814694807 0.12384669114796816 -0.05218256731197389 -0.070478158342951,-9.8510692035201508 87.957239953968866 40.010584253562804 2.8530037814367555 -0.55170860364102725 0.0045275513036599829,0.0046404713621086557 -12.689000663106526 -5.6324142214254636 -0.61874544890179095 0.12141488613596607 0.0071957890197040797
ur,tetrapga,2.050271899,0.40510854,0.317505013,0.03719847,34.272517,41.620131,4.284064625,1,0,0,2.608651548,0.012443321,1,0,0,0,0 0 0.050000000000000003,0 0 0.050000000000000003,0 0 0.050000000000000003,wrist_3_link,8,0.04,10 0 0,0 0 0,,0.087868005067218286 -1.4912595870123055 0.033200721366188235 -1.4980944299340198 0.041829474600640328 0.031672657036423704,0.044754383259058839 0.017567158969419301 0.025643932783173898 0.0083805058774579673 -0.0020308823782325077 -0.0031047081332691339,0.34542849852100399 -1.2868263358687151 0.25435614041618337 -1.4160426180092593 0.05957978005840011 0.036700046464390075,0.027054844591888286 -0.051591005364332046 -0.1288432102574795 -0.16349250316245642 -0.16359117906913004 -0.13040345040446549,0.10081434429483654 -1.489286248668519 0.038507569207119514 -1.4964602684414676 0.04076370184111873 0.03035226101454977,0.78647453544047607 0.16204500529225985 0.33354766170264694 0.087345146157488326 -0.081738006991188383 -0.093389925847496086,6.9651142988900467 87.528970510217775 47.298876530189929 3.2132838300584954 -0.53170205119009994 0.0062663988828493417,-0.079074605245011753 -12.275495137614598 -5.4764797486969599 -0.60324845092509349 0.12172192619915734 0.0094438211022307428
ur,tetrapga,2.091967429,0.397578482,0.321474799,0.037380898,34.104518,41.641856,4.26306475,1,0,0,2.515464849,0.028090798,1,0,0,0,0 0 0.050000000000000003,0 0 0.050000000000000003,0 0 0.050000000000000003,wrist_3_link,8,0.04,10 0 0,0 0 0,,0.089996853389476869 -1.49049857332782 0.03433438239517965 -1.4977547014003121 0.041677991410622221 0.031480705042882716,0.043892584971532825 0.018636876327278683 0.025262787539903325 0.0071211595793993976 -0.0031805002787175692 -0.0039670805092029901,0.3464187804467313 -1.2890950826038636 0.24887912534201659 -1.4229155331018566 0.052754332705398227 0.0312681965364403,0.020444476445299235 -0.057222328595163983 -0.13384590642192518 -0.16614592929633243 -0.16376932875014724 -0.13012484256591619,0.10156937871605214 -1.4886953390556654 0.038854964193409322 -1.4966376353716861 0.040370468171334356 0.030019361837446822,0.77047248423692871 0.14963399281301623 0.30424854903246779 0.058731193650462143 -0.1062973068170147 -0.11214014890867742,8.2877804936730044 85.510998289712447 46.870096092526722 3.1485996047777958 -0.51675698205874065 0.0057295317111373811,-0.087151666462602861 -12.33569628539226 -5.5146248097046424 -0.59877355610660743 0.12596757883142118 0.012109378254656633
ur,tetrapga,2.133690336,0.388609346,0.340853636,0.035525149,34.071118,41.492089,4.25888975,1,0,0,2.405783979,0.001889444,1,0,0,0,0 0 0.050000000000000003,0 0 0.050000000000000003,0 0 0.050000000000000003,wrist_3_link,8,0.04,10 0 0,0 0 0,,0.093548706226373873 -1.4896246164146885 0.036028040268711599 -1.4972195780491706 0.041446252263350782 0.031174307402323142,0.077067778752197488 0.023238124611143714 0.039959101431479987 0.011715218071310249 -0.0050449138933916461 -0.0065806857647163807,0.34713369699521318 -1.2915989193465194 0.24319296328044623 -1.4298995387044731 0.045921246249920111 0.025846911577398268,0.013824970321087053 -0.062787774702433144 -0.13869546972726762 -0.16860087038233643 -0.16374256827554243 -0.12972612758897481,0.1036236622911601 -1.4879918935058749 0.039722052651239514 -1.4966631024999866 0.039886216671367304 0.029569218995610491,0.75807747749338716 0.14601052866275882 0.28506880252238187 0.033188026305231266 -0.12776794324690754 -0.1284519530343112,7.5495280645058536 82.112235955776612 44.453856407262968 2.9472297046426159 -0.48934477941546617 0.0044163544005420899,-0.38710313265335117 -11.5179605690264 -5.3287722970175651 -0.60931730961692665 0.12685148191187068 0.020137636571227802
ur,tetrapga,2.175274483,0.380492372,0.333921035,0.040180233,34.128704,41.431287,4.266088,1,0,0,2.295472243,0.000545133,1,0,0,0,0 0 0.050000000000000003,0 0 0.050000000000000003,0 0 0.050000000000000003,wrist_3_link,8,0.04,10 0 0,0 0 0,,0.095950521903358191 -1.4886520042064455 0.037352394701761583 -1.4969116086444385 0.041205392987485809 0.030905161495643426,0.04867421575695173 0.023373669735716102 0.028779734717145431 0.0063196103210515419 -0.0051140729060871522 -0.0056130608374705517,0.34757143293912079 -1.2943239424176076 0.23732770939514924 -1.4369580431844147 0.039116234050763192 0.020462682548887952,0.007228769073164336 -0.06826001777623926 -0.14336825687222968 -0.17084592246793157 -0.16351240774251347 -0.12921002936082268,0.10571459906813965 -1.4871655793444978 0.040658827298979891 -1.4967144536734229 0.039364999488170405 0.029088956506645461,0.74093837136006413 0.14454618895782184 0.26520045280991777 0.0091127373487103966 -0.14760066765701901 -0.14352921737268692,8.311978211368082 78.372979938335604 42.632679314519685 2.7843831432722159 -0.46013658382097461 0.0035500557113709711,-0.035441488991978076 -13.259476760427788 -5.9842835354516239 -0.62928887873749773 0.13896261374766539 0.017157463097184689
ur,tetrapga,2.216797641,0.372899064,0.33156054,0.041714592,34.171946,41.816387,4.27149325,1,0,0,2.190863236,0.004935676,1,0,0,0,0 0 0.050000000000000003,0 0 0.050000000000000003,0 0 0.050000000000000003,wrist_3_link,8,0.04,10 0 0,0 0 0,,0.097775829238807205 -1.4877331078504903 0.038381423504212572 -1.496763010897681 0.040915576350440311 0.030617628539911821,0.037759763830815959 0.021123735021713479 0.022421651758707323 0.003042554313082944 -0.0061804010364583228 -0.0060737523097154841,0.34773496370748541 -1.2972703890328345 0.23128057772084126 -1.4440951366623198 0.032334948683711957 0.015110207753332694,0.00064955539347179986 -0.073644496576687757 -0.14786941491657993 -0.17288456545805372 -0.163080725646714 -0.12857720439682011,0.10754828449399483 -1.4863075239192591 0.041492816114685804 -1.4968500429942129 0.038808529692003893 0.028590248776254018,0.72538379256517493 0.14272745977935417 0.24658633913619685 -0.013913838582623853 -0.1664697784126829 -0.15788046837807782,8.7693417585387614 74.722503843069831 40.739493445344976 2.6187244628667661 -0.43194879717391405 0.0026404319875600189,0.066644353383821908 -13.765815257064787 -6.1624670817773222 -0.62419279293771979 0.14575519725079289 0.018590599932522878
ur,tetrapga,2.258709468,0.365162869,0.333848086,0.041310276,34.250353,41.681577,4.281294125,1,0,0,2.089542812,0.002998654,1,0,0,0,0 0 0.050000000000000003,0 0 0.050000000000000003,0 0 0.050000000000000003,wrist_3_link,8,0.04,10 0 0,0 0 0,,0.099727817349198777 -1.4868593465306121 0.039378880043192115 -1.4966716927114139 0.040548379655392409 0.030264150044283827,0.038881579460321176 0.019116103533730219 0.020975536818426253 0.0018434224600087062 -0.0073648863103831265 -0.0070552793022530076,0.3476232489388989 -1.3004693638814069 0.22499087760144124 -1.4513805442385646 0.025512619966789253 0.0097367509406904706,-0.0059777242599012249 -0.078993249575435659 -0.1522411048232245 -0.17473451431083947 -0.16244157472108869 -0.12782029904820319,0.10932353322418241 -1.4854564367293133 0.042268082266339574 -1.4970521100818985 0.038200763021073267 0.02805327982775873,0.71068528782320128 0.14087481195279286 0.22902927342507681 -0.036405278635635419 -0.18471145657811014 -0.17173994781377389,8.8592782544364752 71.027543351722798 38.634657306868476 2.4389420778982855 -0.40321614762202673 0.0016163270253545547,0.02245670016651502 -13.632391036284389 -6.1141104542881521 -0.61321725199468347 0.14864047928598723 0.021627444142538366
ur,tetrapga,2.300487859,0.357487905,0.337408519,0.040515054,34.163241,41.514066,4.270405125,1,0,0,1.991028109,0.001631547,1,0,0,0,0 0 0.050000000000000003,0 0 0.050000000000000003,0 0 0.050000000000000003,wrist_3_link,8,0.04,10 0 0,0 0 0,,0.10168133207875341 -1.486060751153824 0.040310405062462709 -1.4966328846263763 0.04013888382424969 0.029876763825978297,0.040390170526443496 0.018849466274258486 0.020766067623292656 0.00090495873758793006 -0.0084913338880235976 -0.0079983550130790053,0.3472358423747835 -1.3038793684669316 0.21854251628257299 -1.4587155475507951 0.018742901540781547 0.0044144268341382905,-0.012564290956168244 -0.08423362175146927 -0.15642286430420083 -0.17636912698188462 -0.16160244895598277 -0.12694867212249947,0.11106687976406859 -1.484640315886592 0.042986353815418404 -1.4973105571214564 0.037550618569530687 0.027483650188057152,0.69555588907508625 0.13978475687206798 0.21213876887715744 -0.0585074709148726 -0.2024006066413484 -0.18517145485142023,8.8988226791775862 67.111377993518616 36.39851015301403 2.2499137958133484 -0.37291274226481413 0.00057395122471712865,-0.040637412396847594 -13.369967783827633 -6.0147588173522024 -0.59961226825271297 0.15043682217167031 0.024548538508362583
ur,tetrapga,2.342091414,0.349896579,0.340429269,0.040179355,34.18385,41.557571,4.27298125,1,0,0,1.89517945,0.006959895,1,0,0,0,0 0 0.050000000000000003,0 0 0.050000000000000003,0 0 0.050000000000000003,wrist_3_link,8,0.04,10 0 0,0 0 0,,0.10357499768587429 -1.4852629482969779 0.04119589585222877 -1.4966501312617084 0.039688562592370795 0.029459396649455238,0.039857003469502841 0.019237869230883286 0.020148974582205253 -0.00030790416649291734 -0.009565930901627143 -0.0088242966854923683,0.34657711594841034 -1.307490687909044 0.21195123931731721 -1.4660833644493871 0.012040497819539361 -0.00084703565405458534,-0.019097803604964506 -0.089356328780551747 -0.16040829248125493 -0.17778766706165491 -0.16056805430579243 -0.1259655963401129,0.11275823331334726 -1.4838376832308886 0.043655709964341802 -1.4976224868807235 0.03686304241074416 0.026885861931270065,0.67966182354697757 0.13924360761201809 0.19557314131477724 -0.080267836142633275 -0.21956852127582255 -0.19820768593576638,8.9904890587325461 62.98823838579915 34.095580562653687 2.056350810779656 -0.3413711147849452 -0.00044961347025238409,-0.072584798102923287 -13.259187024456878 -5.9726877447396021 -0.58868093815635802 0.15302818314125943 0.027107030006042976
ur,tetrapga,2.383738852,0.342348278,0.343285065,0.040531794,34.186417,41.692814,4.273302125,1,0,0,1.80187582,0.012832846,1,0,0,0,0 0 0.050000000000000003,0 0 0.050000000000000003,0 0 0.050000000000000003,wrist_3_link,8,0.04,10 0 0,0 0 0,,0.10543161961856666 -1.4844425142619497 0.042049969538307468 -1.4967273606042899 0.039186912007255423 0.029003089190732648,0.03904082561262591 0.0198108770916035 0.019519627519064907 -0.0015671533801152535 -0.010647278110787643 -0.0096433079281259583,0.34564608140454223 -1.3113171981956087 0.20519072972876073 -1.4735136886094466 0.0053782303538924096 -0.0060707100793709516,-0.025606744438057046 -0.094383770597280064 -0.16421520113902555 -0.1789974095581516 -0.15933578844235582 -0.12486767007599434,0.11439974050711113 -1.4830287324537386 0.044286480438825909 -1.4979889117955276 0.036135016456284946 0.026257446141266676,0.6631017551442715 0.13892078658507986 0.17920508593765977 -0.10174850662761181 -0.23624509408935554 -0.21087867746683508,9.0935767599927892 58.697828280032638 31.725011347366245 1.8583184424700516 -0.30885034437006498 -0.0014653441779155407,-0.071911334706101115 -13.375491892820719 -6.0265838379327761 -0.5845992225667942 0.15710829012013505 0.029636761746218099
ur,tetrapga,2.425528346,0.334859407,0.345880676,0.041188402,34.333297,41.808528,4.291662125,1,0,0,1.711447814,0.018769541,1,0,0,0,0 0 0.050000000000000003,0 0 0.050000000000000003,0 0 0.050000000000000003,wrist_3_link,8,0.04,10 0 0,0 0 0,,0.10725049897793842 -1.4836048720160415 0.042871133029448359 -1.4968630198202673 0.038636555172029331 0.028509825205580132,0.038254835587030925 0.020067525571539045 0.018759686496161505 -0.0027973079397522562 -0.011667300559087995 -0.010418684943110079,0.34444016649168879 -1.315365014568076 0.19825170206766962 -1.4810155674638665 -0.0012510849681762076 -0.011263876291448642,-0.032100259847767293 -0.099322221113035833 -0.16784754264194293 -0.17999887814568333 -0.15790359299850951 -0.12365288299667949,0.11599264523043548 -1.4822092206290693 0.044881674120004718 -1.4984099793136081 0.035366104490828179 0.025597936151624048,0.6459406859888388 0.13844770072759066 0.1628584232334479 -0.12300168821380175 -0.25246016541611949 -0.22321244022491929,9.1888468474476781 54.305519978007993 29.308843418142246 1.6574164390631345 -0.27575519105991997 -0.0024773695863693278,-0.057450639024693828 -13.592172513501282 -6.1225165312995671 -0.58379295345184801 0.16163049580335098 0.032028358272214064
ur,tetrapga,2.467447588,0.3273766,0.348035734,0.042027743,34.215989,41.84273,4.276998625,1,0,0,1.623769585,0.025445806,1,0,0,0,0 0 0.050000000000000003,0 0 0.050000000000000003,0 0 0.050000000000000003,wrist_3_link,8,0.04,10 0 0,0 0 0,,0.10910080291104625 -1.4827222796545678 0.043688272030560707 -1.4970634139412284 0.038016449170882136 0.02796061626665106,0.036610131767217897 0.019859490530488352 0.017607151465109858 -0.0039085581180952423 -0.012360854414006014 -0.010911933213217285,0.34295877920643475 -1.319630415104931 0.19114264413161283 -1.4885782965135532 -0.0078367711594344181 -0.016419806056266611,-0.038570071527455167 -0.104164359066183 -0.17129880202928502 -0.18078903882756842 -0.15627241936293176 -0.12232195063594312,0.11757098762845392 -1.4813649482461018 0.045455978790847722 -1.498888929368436 0.034545785501831967 0.024897771537217703,0.62803294471413151 0.13760023696458015 0.14637571444562653 -0.14402909262722588 -0.26818641612789856 -0.23518808398998142,9.2907740515633943 49.844696794116885 26.867593363680207 1.454948582582025 -0.2422864258848777 -0.0034859968906012341,-0.030992351925817729 -13.869155272534954 -6.2409067641125375 -0.58544738210093783 0.16551767714226173 0.033549366076023546
ur,tetrapga,2.509392247,0.320135979,0.350155319,0.042409244,33.959268,41.55203,4.2449085,1,0,0,1.539777625,0.030769735,1,0,0,0,0 0 0.050000000000000003,0 0 0.050000000000000003,0 0 0.050000000000000003,wrist_3_link,8,0.04,10 0 0,0 0 0,,0.11083231578000055 -1.481879825482362 0.04442595119299228 -1.4973146681624832 0.037375912261218634 0.027398952991278237,0.035703834668136709 0.019799705412110864 0.016690297783178085 -0.0050706955996453716 -0.013252570266946798 -0.011589719813385713,0.34120606397526926 -1.3240991356681613 0.18388857321373581 -1.4961742496908441 -0.014353968595952837 -0.02152068494710092,-0.044993853288613023 -0.10889278166432022 -0.17455591398356565 -0.1813643318740292 -0.15444795567493447 -0.12087914073691056,0.11907923279812085 -1.4805301044952599 0.045980452424755354 -1.4994202436675099 0.033693284066977733 0.024173702787997908,0.60969763673670219 0.13653529612148063 0.12993592910441887 -0.1648056127563047 -0.28344560181844713 -0.24683243453125817,9.3642321527794543 45.315878159100535 24.39367992782304 1.2508792078263613 -0.20848455936119523 -0.0044822445678030145,-0.027839848504868314 -13.995050369232558 -6.294963984589657 -0.58171884720923117 0.1689521844366908 0.035643258569926672
ur,tetrapga,2.551044623,0.313136004,0.352023363,0.042477987,34.189831,41.561643,4.273728875,1,0,0,1.459720938,0.035500704,1,0,0,0,0 0 0.050000000000000003,0 0 0.050000000000000003,0 0 0.050000000000000003,wrist_3_link,8,0.04,10 0 0,0 0 0,,0.11249677476975627 -1.4810473895276455 0.045113860941038253 -1.4976160562724186 0.036703405924931015 0.026814009683879588,0.035013270052582722 0.01972789948189406 0.015792690922953774 -0.0062885155630245425 -0.01423126413783503 -0.012346862602175983,0.33920006289890181 -1.3287304908368227 0.17655396716578278 -1.503736698199138 -0.020746100653770905 -0.026523866041067334,-0.051317564699078368 -0.11346823272935443 -0.17759293258691644 -0.1817223154702374 -0.15244877958556721 -0.11933810769468768,0.12051583460561251 -1.4797067261342636 0.046455909607334839 -1.4999999498806198 0.032812985457858254 0.023429096703139772,0.59097885270924322 0.13525260964863489 0.11359411555475371 -0.18522498883196231 -0.2981699422620151 -0.25809494159987206,9.4192544897053239 40.742136095138704 21.903177298464293 1.0465637356938868 -0.17455362715093592 -0.0054582838865328874,-0.03947535291490567 -14.017735724295562 -6.303834345103013 -0.57410325011460372 0.17191923483814264 0.037985104310770623
ur,tetrapga,2.59270603,0.306321186,0.353925086,0.042655464,34.074165,41.608106,4.259270625,1,0,0,1.383262553,0.040177592,1,0,0,0,0 0 0.050000000000000003,0 0 0.050000000000000003,0 0 0.050000000000000003,wrist_3_link,8,0.04,10 0 0,0 0 0,,0.11413418143429417 -1.480209594177927 0.045766139188585082 -1.4979753983272752 0.035982846809069192 0.026191616861187723,0.034437654026803162 0.019930474000891471 0.015086776267498431 -0.0075027078920352581 -0.015244998914197051 -0.013136540404743151,0.3369313923136974 -1.3335509218912867 0.16909538001340693 -1.511311275058753 -0.027052483958559803 -0.03146170563730348,-0.057581742749437441 -0.11792063461425351 -0.18043093750339476 -0.18186787909324431 -0.15026549412477996 -0.11769057100408584,0.12189939606985807 -1.4788870235641964 0.046890257644289071 -1.5006299651546251 0.031899142349564549 0.02265861666384256,0.57179850623809048 0.13389207398733854 0.09740415579113948 -0.20528638133469557 -0.31234672298739741 -0.26896751479014869,9.4587165188192959 36.086030201087922 19.376119765819944 0.84031997259756153 -0.14020205865818949 -0.0064220188984112558,-0.046672821778201978 -14.076303018617182 -6.3280906078944668 -0.56749869541454245 0.17518613449402665 0.040425732574405515
ur,tetrapga,2.634465759,0.299630354,0.355522265,0.043327214,34.071806,41.299121,4.25897575,1,0,0,1.31023629,0.045172018,1,0,0,0,0 0 0.050000000000000003,0 0 0.050000000000000003,0 0 0.050000000000000003,wrist_3_link,8,0.04,10 0 0,0 0 0,,0.11579627435497593 -1.4793232756363597 0.04641119766439647 -1.4984076016961383 0.03518739195690717 0.025508860575803972,0.032857688421082894 0.019893935927170404 0.014133997617855706 -0.0084945515138366203 -0.015830067341905257 -0.013556011308441007,0.33439684345930898 -1.338566207842232 0.16150476426718177 -1.5189053706409927 -0.03327868210783342 -0.036340125981523287,-0.063793855994424414 -0.12225477518366309 -0.1830725608986104 -0.18180090004755622 -0.14789611061737704 -0.11593445934651947,0.12326348000102669 -1.4780466991426449 0.047300597418419091 -1.5013186647662486 0.03093575652560962 0.021848366926416,0.55195559857621102 0.13230630720416109 0.081233720509539434 -0.22498516760835818 -0.32593882845327998 -0.27942146167590798,9.5103176176506139 31.355587201908207 16.823839518496278 0.63247343182874138 -0.10543898353544606 -0.0073810946585711077,-0.026974006190016553 -14.297980741144784 -6.4193524189218181 -0.56733150134641619 0.17818745114455226 0.04172059178534937
ur,tetrapga,2.675865696,0.293336993,0.356920837,0.043766046,34.167651,41.762567,4.270956375,1,0,0,1.241650156,0.048214462,1,0,0,0,0 0 0.050000000000000003,0 0 0.050000000000000003,0 0 0.050000000000000003,wrist_3_link,8,0.04,10 0 0,0 0 0,,0.11733902168176079 -1.4784718592896171 0.046987671087029136 -1.4988783762738813 0.034383800183313523 0.024822925047514714,0.031780130127910866 0.019930071682408342 0.013287139152673407 -0.0095936521471153193 -0.016612065996177539 -0.014151734744790714,0.33162952655178324 -1.3437142307254077 0.1538748641776852 -1.5264269191943576 -0.039349916277529311 -0.041102010928211377,-0.069880807001042072 -0.1264202342039778 -0.18548831366523286 -0.18152474518619499 -0.14537190183197485 -0.11409196222588824,0.12455581191393687 -1.4772149806743062 0.047666031875600604 -1.5020524663360617 0.029948345682602375 0.021020023225831252,0.53182013406789108 0.13053731772808325 0.06523720285956075 -0.24424322699957524 -0.33892908398239957 -0.28945284514176328,9.543705012409367 26.589870699051037 14.262426518720051 0.42501870831419691 -0.070626223693418894 -0.0083139206755526857,-0.019309618382521876 -14.442795323278915 -6.4774357402713463 -0.56384832159255893 0.18123851738755548 0.043560721205317066
ur,tetrapga,2.717732468,0.287301885,0.358119849,0.044155819,34.061748,41.509106,4.2577185,1,0,0,1.177402688,0.051114796,1,0,0,0,0 0 0.050000000000000003,0 0 0.050000000000000003,0 0 0.050000000000000003,wrist_3_link,8,0.04,10 0 0,0 0 0,,0.1188294792996655 -1.4776198251280837 0.047523709840154714 -1.4994015011652415 0.033543710681056924 0.024109090104987761,0.030699203614680624 0.019887694395887931 0.01241077592406197 -0.010674011709743341 -0.017363332302002446 -0.014726895278724939,0.32857633701240224 -1.3490928380990277 0.1460615457630233 -1.5340172412762261 -0.045379700866772871 -0.045837909661370371,-0.075958274037528639 -0.13049567666640791 -0.18772342943714804 -0.18103399048139621 -0.14264565087214728 -0.11212796608593076,0.12578280377609294 -1.4763889233567677 0.047989359201276512 -1.502832474664173 0.028934706942244072 0.020171440046907706,0.51126977116146766 0.12855994305340288 0.049311042924856788 -0.26318636419018659 -0.35141515494819708 -0.29913957731272489,9.5609669046887902 21.763996581367063 11.673592696617757 0.21604485086613029 -0.035515919078771843 -0.009241341600154775,-0.013533370443951753 -14.57142015021418 -6.5274734830947523 -0.55977646929386538 0.18404645589133395 0.045337934583685069
ur,tetrapga,2.759342023,0.281613859,0.359187125,0.044437349,34.108688,41.594944,4.263586,1,0,0,1.11766493,0.053647185,1,0,0,0,0 0 0.050000000000000003,0 0 0.050000000000000003,0 0 0.050000000000000003,wrist_3_link,8,0.04,10 0 0,0 0 0,,0.12027876164551973 -1.4767652090068928 0.048021995401648532 -1.4999792704302173 0.032662934625006072 0.023363473953869483,0.02984750616262357 0.019952209356956057 0.011630370142324532 -0.011799129853193526 -0.018203155818446191 -0.015383170409195818,0.32529151937877976 -1.3546045451253625 0.13820786607096372 -1.5415362000321413 -0.05125581535092464 -0.050461187548877122,-0.081915091214907948 -0.13440576215233219 -0.1897357277997653 -0.1803366920116056 -0.13976727131092964 -0.11007783619446748,0.12695372511889222 -1.4755656851946501 0.048274099297340375 -1.5036593984125535 0.027892435196606519 0.019300207482825203,0.49036780101073574 0.12642262339750357 0.033552749484731137 -0.28169073316979976 -0.36329819837731903 -0.30840618969542388,9.5619503759236277 16.890869576591374 9.0685215618118065 0.006943936101537318 -0.00027882838624691819 -0.010144707673192449,-0.0136542496969696 -14.664325250352704 -6.5618542219383755 -0.5540862675934477 0.18684099150924993 0.047366152862139188
ur,tetrapga,2.801030793,0.27631148,0.359930913,0.044571515,34.114083,41.377259,4.264260375,1,0,0,1.062576301,0.055256562,1,0,0,0,0 0 0.050000000000000003,0 0 0.050000000000000003,0 0 0.050000000000000003,wrist_3_link,8,0.04,10 0 0,0 0 0,,0.12165895661731459 -1.4759189849513032 0.048477369256333544 -1.5005983778918477 0.031760326791511369 0.022601843613390776,0.028982293121220592 0.019909941942189528 0.010768247068995422 -0.012967502327040999 -0.019063471362568328 -0.01606057084052432,0.32175370847497592 -1.3602869203502017 0.13025964964017736 -1.5490360357395645 -0.057019563375538686 -0.055005712184393908,-0.087794555253850284 -0.13817931736021852 -0.19154108976010303 -0.17942997002182176 -0.13671886774741024 -0.10792788041102448,0.12805940125762172 -1.4747497877495239 0.048519112393588623 -1.5045271675921197 0.02682952557184197 0.018412789440389474,0.46913254868978893 0.12406841543157265 0.017922264593957227 -0.29978492998991174 -0.37460692777712179 -0.31727951346481464,9.5505371961982917 11.984257543248463 6.4539345020655157 -0.20209717617802653 0.035027674872391425 -0.011030731359516443,-0.019898409473967149 -14.708600096064401 -6.5739359063614131 -0.5463737511263389 0.18933829067660923 0.049461238992805079
ur,tetrapga,2.842502877,0.271416823,0.360519529,0.044855389,34.044534,41.357075,4.25556675,1,0,0,1.012156263,0.056148374,1,0,0,0,0 0 0.050000000000000003,0 0 0.050000000000000003,0 0 0.050000000000000003,wrist_3_link,8,0.04,10 0 0,0 0 0,,0.12299036696941405 -1.4750724629239453 0.048893656213313444 -1.5012699899210682 0.030821379827414726 0.021811773031180048,0.027934402921382474 0.019912923453830399 0.0099307416867990515 -0.014067841063490398 -0.0198225346174076 -0.01665469755873128,0.31799300706370837 -1.3660928197141864 0.12228244225909901 -1.5564551186714017 -0.062623940328800004 -0.059435745433099783,-0.093550114174208734 -0.14178677033909537 -0.19312626705330269 -0.17832293851262224 -0.13352735099496857 -0.1056961550515447,0.12910561619196984 -1.4739387460039444 0.048726280711908453 -1.5054376597140218 0.025743192344077771 0.017506566747480027,0.44759150983115525 0.12154741660681413 0.002487051045712908 -0.31738511970492433 -0.38528254447582916 -0.32571431106689336,9.5334819614487341 7.0497911248342238 3.8356321480025031 -0.4106133110704826 0.070359076570396362 -0.011895747309778871,-0.018107923434058648 -14.802278507740084 -6.6061682912215929 -0.54051266464557557 0.19181646626473281 0.051297922026094511
ur,tetrapga,2.883961144,0.266855259,0.360928063,0.0454276,34.112623,41.426489,4.264077875,1,0,0,0.966170317,0.056826621,1,0,0,0,0 0 0.050000000000000003,0 0 0.050000000000000003,0 0 0.050000000000000003,wrist_3_link,8,0.04,10 0 0,0 0 0,,0.12432269846800351 -1.4741857251667896 0.049289758625614133 -1.5020218336241722 0.029808420205502124 0.020961486002558812,0.026283568743436667 0.019683347844596369 0.0090136045779243799 -0.01482130006815929 -0.020123665902272578 -0.016867376709081339,0.31399700104959871 -1.372043233308079 0.11424656316209392 -1.5638216368917888 -0.068090952108282601 -0.063769915143465472,-0.099205557438256251 -0.14524365890532751 -0.19449953889016675 -0.17701377960355619 -0.13018307671138557 -0.10337491751129223,0.13011927659959743 -1.4731120371088453 0.048905658271646404 -1.5064053429757207 0.024613657355429593 0.016564705236938548,0.42563990871367718 0.11877480956921103 -0.012795174645093364 -0.33444953834121594 -0.39526861493604781 -0.33366514227450944,9.5187494518429592 2.0894611039628881 1.213720598630075 -0.61897333197676341 0.10574930327955395 -0.012750847964510923,-0.00055054420295164164 -14.991108053079188 -6.6775900872613931 -0.53969831720041839 0.19348107755077137 0.051955595140043442
ur,tetrapga,2.925487389,0.262835233,0.361153753,0.045764405,34.099105,41.63644,4.262388125,1,0,0,0.925387992,0.055946795,1,0,0,0,0 0 0.050000000000000003,0 0 0.050000000000000003,0 0 0.050000000000000003,wrist_3_link,8,0.04,10 0 0,0 0 0,,0.12554406128219764 -1.473339332547128 0.049627913567669373 -1.5027934173710666 0.028804936278940155 0.020120800983791987,0.025115322868260428 0.019621713287248838 0.0081886793064238888 -0.015796800195508484 -0.020727903716554474 -0.017341896784370307,0.30976153098781917 -1.3781439111130618 0.10614484837631108 -1.5711416494875157 -0.073424823050139101 -0.068012885787233995,-0.10476680114892711 -0.14855333681160718 -0.19566220765351192 -0.17550164918432945 -0.12668398925659222 -0.10096189914336663,0.13105952610150379 -1.4722987997754715 0.049043910792254772 -1.5074077824880261 0.023472030445431426 0.015613052113536068,0.40348214508194113 0.11586063156639745 -0.027859390928255578 -0.35105028933565474 -0.40465829647718299 -0.34121262461085011,9.4830679974475061 -2.8992030055036504 -1.4157833965975792 -0.82684451006627124 0.14113569765324152 -0.013580565777144001,0.0049015794349998032 -15.102253794359058 -6.7154737762984951 -0.53485463805463951 0.19552631571406209 0.053422705122549985
ur,tetrapga,2.967217182,0.259321389,0.361061267,0.045872652,34.131889,41.582617,4.266486125,1,0,0,0.890008876,0.054633881,1,0,0,0,0 0 0.050000000000000003,0 0 0.050000000000000003,0 0 0.050000000000000003,wrist_3_link,8,0.04,10 0 0,0 0 0,,0.12669361640714991 -1.4725059290929683 0.049925093747279152 -1.5035983475973365 0.027788878688197842 0.019270858621736647,0.024093073027443582 0.019480605573413409 0.0073032816465686164 -0.016874998993324116 -0.021439681223510705 -0.017913366811794462,0.30527492173915832 -1.3844096792995664 0.097959268710619316 -1.5784301104655429 -0.078635416596389784 -0.072173909866645847,-0.11024598722301056 -0.15172206390307569 -0.1966152174774656 -0.17378203882380985 -0.12302228281740049 -0.098450955054069214,0.13192525804082705 -1.471500365571385 0.049142436596589553 -1.5084408365939832 0.022322605520900336 0.014654888930436587,0.38108584831560965 0.11274985785534906 -0.042758209148608214 -0.36722144391606337 -0.41348113074328829 -0.34838330465357159,9.4298019091426575 -7.9098443975732931 -4.0505429535886179 -1.0342167783106118 0.17648919961059392 -0.014390069800064314,-0.00022527512123815541 -15.137975270359675 -6.71990695260601 -0.5267700894137306 0.19736548610367066 0.055191250388951119
ur,tetrapga,3.00889486,0.256299253,0.360920256,0.046043387,34.139813,41.733592,4.267476625,1,0,0,0.859814442,0.052944085,1,0,0,0,0 0 0.050000000000000003,0 0 0.050000000000000003,0 0 0.050000000000000003,wrist_3_link,8,0.04,10 0 0,0 0 0,,0.12779978587038132 -1.4716720841215125 0.050185028017891431 -1.5044564532824374 0.02673604476610587 0.018391095490201022,0.023173419147461474 0.019538396207595923 0.0065370680716530117 -0.017992611808832028 -0.022217180012976189 -0.018543905261540389,0.30056806408147629 -1.3907962761835839 0.089748718957930629 -1.5856337168007884 -0.083684043729334592 -0.076223402947439317,-0.11560405214905294 -0.15472668774522408 -0.19735103957884698 -0.17186704332393449 -0.11922488103222535 -0.095859684894857328,0.13273004559645174 -1.4707098957889584 0.04920445640845672 -1.5095117151504538 0.021155940031547121 0.013681986205175927,0.35844045510864486 0.10954113218697284 -0.057409487349739372 -0.38288377653400218 -0.42167313899836878 -0.35512575064650498,9.3633875821481389 -12.9548181508521 -6.6939859329399987 -1.2411995311731698 0.21187375707752262 -0.01517444710795608,-0.0028338190340946312 -15.194317658972068 -6.7328117073176372 -0.51892864787623694 0.19949956292249738 0.057141017062484423
ur,tetrapga,3.050732722,0.253796355,0.360609642,0.046364833,34.072867,41.648064,4.259108375,1,0,0,0.834983787,0.050732207,1,0,0,0,0 0 0.050000000000000003,0 0 0.050000000000000003,0 0 0.050000000000000003,wrist_3_link,8,0.04,10 0 0,0 0 0,,0.12885286246547148 -1.4708365232201017 0.050409628498220872 -1.5053617704209579 0.025654001963422025 0.017487699939755609,0.02203313496948453 0.019548421474003156 0.0057674879537198357 -0.018979467883121656 -0.022822324282486293 -0.019033904150379078,0.29562099928717284 -1.397329957014056 0.081480309479140117 -1.5927806383145129 -0.088590044173747565 -0.080178133990230771,-0.12086302243226105 -0.1575791565307815 -0.1978723070840025 -0.16974904857991596 -0.11527739634035633 -0.093177349189523723,0.13347549524800381 -1.4699236931168889 0.049232265670515571 -1.5106210885274549 0.019971099146930581 0.01269330874968049,0.33550515213162396 0.10618954845547848 -0.071847097853786221 -0.39804321772043033 -0.42923398132118429 -0.36144179034998214,9.2913358004977464 -18.030177322877179 -9.3441445140571968 -1.4480615537338357 0.24731269632822439 -0.015943939117991811,0.0028325900422032646 -15.300394837531712 -6.7660557939328783 -0.51337035404139897 0.20140562477465807 0.058655758680558279
ur,tetrapga,3.092487446,0.251755066,0.360125497,0.046940394,34.147342,41.48724,4.26841775,1,0,0,0.815244114,0.048306068,1,0,0,0,0 0 0.050000000000000003,0 0 0.050000000000000003,0 0 0.050000000000000003,wrist_3_link,8,0.04,10 0 0,0 0 0,,0.1298861760647832 -1.4699644894608435 0.050608175803340961 -1.5063477036264827 0.024504104029014255 0.016528242893696234,0.020315693031193828 0.019218283872831109 0.0049528462727228871 -0.019450578414385487 -0.022820164934173749 -0.019020773194529127,0.29046697609581468 -1.403966179056501 0.073211124227243962 -1.5998209809554458 -0.093318904198439856 -0.084011474527591556,-0.12598728459060796 -0.16025987220617682 -0.19817536166753844 -0.16744297613495115 -0.11120808179811745 -0.090422183286607338,0.13417892883557453 -1.4691235738902482 0.049231519812484928 -1.5117851726708798 0.018749014336330444 0.011672709354808958,0.31226164739878859 0.10256467482742475 -0.08608761555646495 -0.41259707424076236 -0.43607340645714654 -0.36725830836177087,9.2231278803470431 -23.106906681841423 -11.985705120940221 -1.6539593174488707 0.28264615437724971 -0.016704263995634617,0.022730896856955951 -15.490330076458122 -6.8340622933093016 -0.51358599880677502 0.20196979598510012 0.058616308925426353
ur,tetrapga,3.134071941,0.25035749,0.359367075,0.047244736,34.002315,41.535243,4.250289375,1,0,0,0.801101766,0.044285963,1,0,0,0,0 0 0.050000000000000003,0 0 0.050000000000000003,0 0 0.050000000000000003,wrist_3_link,8,0.04,10 0 0,0 0 0,,0.13081555463486935 -1.4691361862943648 0.050758393778665305 -1.5073367634036714 0.023378622495619082 0.015589343918385507,0.019056759316073809 0.019058405190547991 0.004151529207038626 -0.020283107388384493 -0.023237964201868078 -0.019366047019684113,0.2851239574795994 -1.4106831202618457 0.064967561067943061 -1.6067330022095561 -0.09785702921161446 -0.087713282937392514,-0.13096274212646616 -0.16276239178167953 -0.19826176379217433 -0.1649587333767078 -0.10703239149741896 -0.087603554302621858,0.13480883841046171 -1.4683395752332098 0.049194636998396823 -1.512973593923798 0.017525703706549295 0.010649930283570992,0.28894958440555135 0.098788107387178248 -0.10003997464781048 -0.42657823581626275 -0.44226433867913362 -0.37263704412920284,9.1369253535665447 -28.171588100628242 -14.611360161070529 -1.8573160862728479 0.31763954602303601 -0.01742608738549184,0.029003106631648734 -15.590762800035009 -6.8631136888543267 -0.50853230105440161 0.20320253340894823 0.059684765649766547
ur,tetrapga,3.175704307,0.249548112,0.358288917,0.047317015,34.094304,41.389672,4.261788,1,0,0,0.792841273,0.039894502,1,0,0,0,0 0 0.050000000000000003,0 0 0.050000000000000003,0 0 0.050000000000000003,wrist_3_link,8,0.04,10 0 0,0 0 0,,0.13167444617710589 -1.4683241721136213 0.050871750890140108 -1.5083504232834148 0.022249719014279995 0.014647520289588413,0.017931945686553988 0.018856005427564729 0.0032838864975497195 -0.021264361471334117 -0.023802929486147442 -0.019841805824259151,0.27957026619113379 -1.4175085220994719 0.056715382338620619 -1.6135456557086982 -0.10222397921050376 -0.091300436730354886,-0.13581165313379778 -0.1650983997990374 -0.19813338007224657 -0.16228768831984314 -0.10273489929775667 -0.084709983565786684,0.13536602901794859 -1.4675731946357393 0.049123375304393757 -1.5141820602068461 0.016305099073037052 0.0096279609478293927,0.26554834052108073 0.09483487970951146 -0.11372732998494581 -0.44000645040597769 -0.44782653592313176 -0.37759554234472181,9.0348764721529058 -33.219521409533442 -17.220985141822517 -2.0584117024609792 0.35229803010971139 -0.018118718373336999,0.024614770266339292 -15.614615009078079 -6.8582186846074649 -0.49992716410724825 0.20434795681313034 0.061158193881148293
ur,tetrapga,3.217189079,0.249267505,0.357171809,0.047447534,34.006284,41.287669,4.2507855,1,0,0,0.790280435,0.035258078,1,0,0,0,0 0 0.050000000000000003,0 0 0.050000000000000003,0 0 0.050000000000000003,wrist_3_link,8,0.04,10 0 0,0 0 0,,0.13248372199241273 -1.4675142665948981 0.050948219075288854 -1.50941331537333 0.021090696886520922 0.013680163500692764,0.016877371798446759 0.018857572827322002 0.0025223037110013872 -0.02230003430911482 -0.024440689733745129 -0.020382428502531611,0.27383827183431297 -1.424402927913422 0.048502205205379095 -1.6202198088235789 -0.10639516924095871 -0.09475361738277123,-0.14050748602237056 -0.16725555125647773 -0.19779228572200105 -0.15944680625143193 -0.098342238450224564 -0.081758334661433854,0.13586131232919066 -1.46681725839231 0.049019247839122107 -1.5154201673147409 0.01507622539803632 0.0085973420005962999,0.24205460300166273 0.090809027876022727 -0.1270686688405693 -0.45280994058263657 -0.45270907271878746 -0.3820900279590369,8.9221908862371446 -38.264704751068258 -19.819294650933649 -2.2575356769897716 0.38670876930681097 -0.01877987928416143,0.022754857423819885 -15.657686260316041 -6.8610873963082781 -0.49142882402702526 0.20580319978670047 0.06283083191910066
ur,tetrapga,3.258562942,0.249518889,0.355925683,0.047726167,34.011026,41.416358,4.25137825,1,0,0,0.79348755,0.030407663,1,0,0,0,0 0 0.050000000000000003,0 0 0.050000000000000003,0 0 0.050000000000000003,wrist_3_link,8,0.04,10 0 0,0 0 0,,0.13323548803276611 -1.4667053171878552 0.050991037041666007 -1.510517460958184 0.019910434453276213 0.012694495609159782,0.015645870605355387 0.018809890457770508 0.0017905210162320808 -0.023159516866537375 -0.024876682639898375 -0.020759253265189393,0.26793044479661715 -1.4313644893375579 0.04032945190722579 -1.6267551141497685 -0.11037154201218433 -0.09807425409562881,-0.14505158563772241 -0.16923555346670716 -0.197241102542658 -0.15643919731796346 -0.093857682565169548 -0.078749696530333035,0.1362961864776934 -1.4660679267918106 0.048884569043345441 -1.5166885581511589 0.013838112645879117 0.0075570246986949707,0.21847328708973912 0.086670124783905816 -0.14007167463179715 -0.46496800183814085 -0.45690215997312789 -0.38611176327382823,8.8057193183282259 -43.293817073561435 -22.400170079824218 -2.4546461142400728 0.42083472951975576 -0.019419459058636429,0.028854689460558802 -15.749634958962815 -6.8843050810410489 -0.48550410345615092 0.20694051246368872 0.063996586702707248
ur,tetrapga,3.300074523,0.250317,0.354492501,0.048035436,34.098377,41.411188,4.262297125,1,0,0,0.802779903,0.025729317,1,0,0,0,0 0 0.050000000000000003,0 0 0.050000000000000003,0 0 0.050000000000000003,wrist_3_link,8,0.04,10 0 0,0 0 0,,0.13392444332084141 -1.4659010193980708 0.051000814915827544 -1.5116558320109075 0.018716769851554446 0.011696795736319673,0.014310584534524891 0.01865213782131056 0.0010542780211328093 -0.023874127719299108 -0.025149323166275106 -0.021005688236398101,0.26181697073569571 -1.4384279585272457 0.032156783908680618 -1.6331835589225092 -0.11417263139577334 -0.10127954668045988,-0.14946717375345067 -0.1710485216033025 -0.19647748687531053 -0.15325078582813592 -0.089260454202191919 -0.075669055888825984,0.13666859712220647 -1.4653255143216746 0.048720468802340579 -1.5179843329326843 0.012594009471107739 0.0065094522799882051,0.19478527786769645 0.082369846658120582 -0.15277789715650442 -0.47651723145749331 -0.46042897220213741 -0.38968224219083636,8.6812443668199535 -48.305644343613778 -24.965192822297688 -2.6499000942631765 0.45467547318485346 -0.020039949485504031,0.037258802058659057 -15.851694004846649 -6.911208184037946 -0.48071360233825544 0.20762238953818724 0.064759767706966898
ur,tetrapga,3.341576236,0.251638084,0.352859835,0.048306902,34.033897,41.424151,4.254237125,1,0,0,0.817989034,0.021079252,1,0,0,0,0 0 0.050000000000000003,0 0 0.050000000000000003,0 0 0.050000000000000003,wrist_3_link,8,0.04,10 0 0,0 0 0,,0.13455073304808104 -1.4651042786546635 0.050977015964300119 -1.5128268019887847 0.017511606435992352 0.010688345786005617,0.012985871085596224 0.018438092235018657 0.0003080238381943936 -0.024560132465668905 -0.025388625677027252 -0.021230797698954668,0.25552476817408404 -1.4455613479478564 0.024022098416852485 -1.6394746930840276 -0.11778012640021499 -0.10435500764215865,-0.15373407350812218 -0.17268577089872061 -0.19550459165877748 -0.14989649437736971 -0.084572847367100246 -0.072530269877303086,0.13697787608047651 -1.4645916922521716 0.048527300817589797 -1.5193051241436266 0.011346496727394892 0.0054564949179502324,0.17102637441675014 0.077900529499608046 -0.16518019571670187 -0.48744458536206758 -0.46328890326989802 -0.39280051438130825,8.5471752013823821 -53.290325673215186 -27.508336339746194 -2.8426115905795779 0.48812704217481206 -0.020633865512320441,0.044297190033375955 -15.94127751619817 -6.9320597971136806 -0.47558093029329029 0.20809322909329353 0.065457474105009794
ur,tetrapga,3.383090745,0.25337699,0.351174207,0.048725464,34.156579,41.79781,4.269572375,1,0,0,0.838832578,0.017005707,1,0,0,0,0 0 0.050000000000000003,0 0 0.050000000000000003,0 0 0.050000000000000003,wrist_3_link,8,0.04,10 0 0,0 0 0,,0.13513809082727629 -1.4642802541701259 0.050919068479375891 -1.5140791077766511 0.016245524856752871 0.0096274677472969195,0.011430463145542665 0.017985040058613351 -0.00034776724405156722 -0.024722714242659701 -0.025104561107625708 -0.021022043513541939,0.24905658914518947 -1.4527612554519482 0.015929621076699096 -1.6456251128353263 -0.12119231346419983 -0.1072999252796413,-0.15785092444083459 -0.17414692204395144 -0.19432351153645339 -0.14637905388982175 -0.07979881477648125 -0.069334867854036114,0.13723532024407187 -1.46385034134903 0.048305038862370572 -1.5206734788829275 0.010072716893802696 0.0043787255567909545,0.14716709877454681 0.0732039827647082 -0.17726822326444538 -0.49767036534913556 -0.46541173728439078 -0.39540697197955116,8.4077581811519959 -58.242719768340919 -30.02946868391367 -3.033213378676848 0.52121534568546202 -0.021215156197705171,0.059016608423235084 -16.07940317757766 -6.9735535278778684 -0.47514772973772779 0.20724092420790541 0.064815154030597455
ur,tetrapga,3.424988254,0.255747174,0.349098817,0.048763864,33.987794,41.563512,4.24847425,1,0,0,0.866177433,0.012663102,1,0,0,0,0 0 0.050000000000000003,0 0 0.050000000000000003,0 0 0.050000000000000003,wrist_3_link,8,0.04,10 0 0,0 0 0,,0.13563293660403297 -1.4635109944405122 0.050830442529178434 -1.5152959770871701 0.015037061662123277 0.0086131632413993988,0.010212986425352445 0.017747295061450383 -0.0011399931612787965 -0.025536070500367353 -0.025462265036685919 -0.021359857199678988,0.242358723550333 -1.4600853286864308 0.0078165673373964649 -1.6516808735298956 -0.12443335496625474 -0.11013639468319772,-0.16184868025311083 -0.1754413837692036 -0.19292264574073667 -0.14266962688641346 -0.074901304390634499 -0.066056913862885994,0.13741995107865904 -1.4631335416042424 0.048055122628628474 -1.5220436854457331 0.0088193288837170418 0.0033149049169207928,0.1232278318258819 0.068390786316063421 -0.1890772583934599 -0.50736968258583326 -0.46694504928098929 -0.39762993527203466,8.2488468889311193 -63.180592741120876 -32.533997215153491 -3.221085024030176 0.55391268632795165 -0.021754456620570201,0.055883598439663729 -16.09207519391839 -6.9598300827457251 -0.46650166104882373 0.20751659018117863 0.065862913988587124
ur,tetrapga,3.466655504,0.258535865,0.346981497,0.048912287,33.982191,41.660667,4.247773875,1,0,0,0.898882963,0.008058922,1,0,0,0,0 0 0.050000000000000003,0 0 0.050000000000000003,0 0 0.050000000000000003,wrist_3_link,8,0.04,10 0 0,0 0 0,,0.13606834764658726 -1.4627495518681752 0.050708581529157942 -1.5165471289354737 0.013815825019157091 0.0075861541127563116,0.0089465073738384544 0.017579536444339412 -0.001848492976619275 -0.026252112756165374 -0.025725964950069222 -0.021623343788832797,0.23553487634025028 -1.4674191763841231 -0.00018938204795440334 -1.6575459858277433 -0.12745154593892977 -0.11282002282214543,-0.16566454286290799 -0.17654832856428151 -0.19132350076243321 -0.13882666929549184 -0.069958386650470231 -0.062747495213837975,0.13753834136041665 -1.4624335666825263 0.047777679001385569 -1.5234268240091091 0.0075749405788479874 0.0022552266756489204,0.099273999724216203 0.063497506710236379 -0.20052163468867751 -0.51642710231350841 -0.46782954657387293 -0.39941285489894007,8.0855687132526981 -68.084512341158657 -35.011546167749259 -3.4060396786443268 0.58616916711177558 -0.022265109715154684,0.058359036031788492 -16.141054847507803 -6.9614098972613192 -0.45954035694921913 0.2077224564811786 0.066680000940706918
ur,tetrapga,3.508416424,0.261655839,0.344894751,0.049248412,34.066188,41.408127,4.2582735,1,0,0,0.93695871,0.004225009,1,0,0,0,0 0 0.050000000000000003,0 0 0.050000000000000003,0 0 0.050000000000000003,wrist_3_link,8,0.04,10 0 0,0 0 0,,0.13646170085258538 -1.4619567314241888 0.050549898888817071 -1.5178896587695789 0.012526607929370303 0.0064996949040847744,0.0075637248075333492 0.017303429149201979 -0.0024080499179959794 -0.026517226327351335 -0.02556788259373315 -0.021535121989983991,0.22853955176152288 -1.4748120109247913 -0.008142213078855539 -1.6632604945880527 -0.1302684794994895 -0.1153703511220019,-0.16932568956808666 -0.17747654245313366 -0.18951703941927456 -0.13482629139594315 -0.064938913745805821 -0.059384578611123291,0.13760215034831963 -1.4617273810933593 0.047471142788819962 -1.5248562141426365 0.0063069949983387214 0.0011720399361413716,0.075266155227342063 0.058470994999681697 -0.21158076953540467 -0.52474659416185709 -0.46797240697154296 -0.40067760671591945,7.9158888010635575 -72.962466614777156 -37.469288016000249 -3.5888603764207705 0.61806883740145913 -0.022758378212081754,0.069652429006964667 -16.251976041123271 -6.9895534323159723 -0.45722111876511917 0.2069954283042641 0.066409854795233869
ur,tetrapga,3.549915909,0.265210363,0.342571134,0.049501763,34.042829,41.299195,4.255353625,1,0,0,0.979863722,0.000707128,1,0,0,0,0 0 0.050000000000000003,0 0 0.050000000000000003,0 0 0.050000000000000003,wrist_3_link,8,0.04,10 0 0,0 0 0,,0.13677488366534191 -1.4612044806228406 0.050366343018824068 -1.5192070538572364 0.011282964730076242 0.0054490352531511169,0.0062612567041145329 0.0171302771705336 -0.0030290567958740949 -0.027059485796878325 -0.025664620847664368 -0.021668766279929471,0.22143998071842003 -1.4821932179089363 -0.015966367903774179 -1.6687707591546213 -0.13285889500640924 -0.11776470115608204,-0.17279889376492813 -0.17821871389940735 -0.187522430469277 -0.13070874941555888 -0.059892882941016648 -0.056000490238689263,0.13759926606475045 -1.4610389943159112 0.047140775114618061 -1.526290808339589 0.0050551721680068846 9.8502819035087025e-05,0.05134363223996187 0.053367067773475822 -0.22224597365073945 -0.53239679245689064 -0.46747596202531849 -0.40150434695162851,7.7411766631249765 -77.78407336565256 -39.887368977965394 -3.7675657888549154 0.64933852487105792 -0.023213156043889471,0.077691410748229828 -16.335581712881321 -7.0052386198357226 -0.4522678885705318 0.20687355604673741 0.066824931508530305
ur,tetrapga,3.591309521,0.269131771,0.339949143,0.049586232,28.605962,36.03165,3.57574525,1,0,0,1.045977713,0.00570762,1,0,0,0,0 0 0.050000000000000003,0 0 0.050000000000000003,0 0 0.050000000000000003,wrist_3_link,8,0.04,10 0 0,0 0 0,,0.13702248127576461 -1.4604708935615065 0.050158768173972565 -1.5205273839027023 0.010056069289729869 0.0044098454064254358,0.0049675265752129527 0.01685577695908707 -0.0037539620389564149 -0.027708768395023346 -0.025838153917488726 -0.02187681876564896,0.21421838169468432 -1.4895825627796082 -0.023684047809971763 -1.6740939122536815 -0.13523302165844198 -0.12001223289197048,-0.17609647314779969 -0.17877969679469671 -0.18533762044161683 -0.1264659554224932 -0.054809072425014642 -0.052586563294603775,0.13799935197243401 -1.4608303139642582 0.045151160770618558 -1.5305548676393106 0.0013353014903758381 -0.0031010155054126904,0.050010738460419202 0.026085043956394237 -0.24870179300044681 -0.53300741246583616 -0.46498383470437388 -0.39993979055643702,7.7042336963509133 -74.600395478095621 -32.623505129663371 -2.5529443756184578 0.51721043172045589 -0.0022456578419949615,0.078590378009380402 -16.363456507552655 -6.9960282362497708 -0.44477170976915659 0.20660677421156848 0.067471473351489841
ur,tetrapga,3.627439805,0.272795569,0.336987781,0.049124155,28.565019,36.045281,3.570627375,1,0,0,1.107227556,0.028919729,1,0,0,0,0 0 0.050000000000000003,0 0 0.050000000000000003,0 0 0.050000000000000003,wrist_3_link,8,0.04,10 0 0,0 0 0,,0.13718830156198691 -1.4598458662564828 0.049946371959477674 -1.5217091383963404 0.0089760199101156391 0.0034922917595367393,0.0039960744289006681 0.01735570487476434 -0.0049381625605112766 -0.030255311656302956 -0.027736183579192046 -0.023558628704440639,0.20780607632734902 -1.4960485347816646 -0.030343498030988278 -1.6785946319258418 -0.13713257140112292 -0.1218579276997734,-0.17883649536880117 -0.17912288343274821 -0.18327353044049721 -0.12265620432101197 -0.050335776853827008 -0.049578044443854399,0.13707484292534186 -1.4593047382433399 0.048163224262615989 -1.5261148120200754 0.0052507038306078974 0.0002644230095088778,-0.014182329580630069 0.067641001642873011 -0.22289346210771063 -0.55070920296688153 -0.46566450993846775 -0.40348359375348269,6.688418572959355 -94.911175511339636 -54.278345294103147 -5.4991453325646917 0.87031919716092687 -0.045392353667335295,0.055120076159482778 -16.210971149380384 -6.9055853464732309 -0.41948465501263854 0.21045527947697451 0.072671046283697027
ur,tetrapga,3.663581324,0.276599387,0.334099351,0.048898618,28.571891,35.821949,3.571486375,1,0,0,1.131809621,0.019718578,1,0,0,0,0 0 0.050000000000000003,0 0 0.050000000000000003,0 0 0.050000000000000003,wrist_3_link,8,0.04,10 0 0,0 0 0,,0.13731276578198154 -1.459194130378183 0.049704786177659915 -1.5229634748452103 0.0078448066280397809 0.0025286926440726749,0.0027463694366234082 0.017572327966573483 -0.0059783476506049668 -0.032109429765477655 -0.028953401569098522 -0.024674926046384611,0.20129509004347168 -1.5025264549542829 -0.036927794697487741 -1.682957306605954 -0.13887048402674407 -0.12359500088717838,-0.18144664859619411 -0.17932961970737923 -0.18106452538175316 -0.11875000494877561 -0.045832482199605021 -0.046544285175523968,0.13687019447175083 -1.4590172806230226 0.046013572317378675 -1.5305366435299883 0.0015411090066489224 -0.0029514947093633647,-0.025581056698877593 0.035932202539659078 -0.26870649315466444 -0.55272893873912521 -0.46369935299487186 -0.40198971485903034,9.1400706994584482 -92.101874105173366 -41.101119915455328 -3.2024810880739061 0.64334728821665965 -0.0033176133671060639,0.043579144247814838 -16.136544078333827 -6.8491094805270336 -0.40098497809958644 0.21270865003559258 0.076123362295659774
ur,tetrapga,3.699501062,0.279516208,0.321699498,0.055072496,28.639077,35.935564,3.579884625,1,0,0,1.185079672,0.007962031,1,0,0,0,0 0 0.050000000000000003,0 0 0.050000000000000003,0 0 0.050000000000000003,wrist_3_link,8,0.04,10 0 0,0 0 0,,0.13747079668280393 -1.4585180934560857 0.049136056430003967 -1.5249092880377386 0.0061190582790170006 0.0010529490132561779,0.0045936148857384325 0.017089638624779545 -0.018173516964268679 -0.055560542679712374 -0.0492523217150952 -0.042177008760870216,0.1947329450878193 -1.5089695932530283 -0.043390043679066716 -1.6871516895140675 -0.14043603027763471 -0.12521237843369312,-0.18390965648021476 -0.17939990075169912 -0.17872831989466001 -0.11477722961726902 -0.04133309621835652 -0.043507378161781053,0.1366654104669319 -1.4590283833607645 0.043707360969462428 -1.5349560317523101 -0.0021440531694282457 -0.0061536067994536533,-0.025598000602365972 -0.0013878422177421995 -0.28827641848953117 -0.55242352779021431 -0.460645272009646 -0.40026401126128613,9.4697722275009859 -86.179110574603129 -36.97682515331001 -2.8573910929258197 0.57940418525651138 -0.002330874075587715,0.32247149683553289 -18.173923714455668 -7.6186487089896389 -0.30908174918386067 0.2865361622706275 0.13006000631527126
ur,tetrapga,3.735506719,0.284670647,0.344465101,0.037419804,33.999236,41.464573,4.2499045,1,0,0,1.218414207,0.00142436,1,0,0,0,0 0 0.050000000000000003,0 0 0.050000000000000003,0 0 0.050000000000000003,wrist_3_link,8,0.04,10 0 0,0 0 0,,0.13744468065514701 -1.4580474344005774 0.049079835728911489 -1.5255086289092326 0.0055981024727477105 0.00060399384937595937,-0.0027257855629336239 0.015569970217344648 0.006288035736033832 -0.0047532596617404915 -0.0040324326208602849 -0.0034484388165104229,0.18806869786993807 -1.5154282473629148 -0.049781034480043271 -1.6912113210736264 -0.14184276671400781 -0.12672379136293402,-0.18624587125005426 -0.17933533879860339 -0.17624803038503456 -0.11070829358374988 -0.036803849388422918 -0.040443765084665434,0.13668319949450247 -1.4584349554553455 0.044231257265820251 -1.5346846247776644 -0.0019301854065151454 -0.005968964487415785,-0.046480758317124234 0.012869178165686864 -0.27029263542083881 -0.55653680586162335 -0.45715125727185979 -0.39926975154711725,6.8322408026997792 -94.295273929659828 -48.105102470752271 -4.3819768359690929 0.75104761823063426 -0.02545341047713379,-0.48071873643175422 -12.348535397766682 -5.2718908364255981 -0.44693597343484726 0.10979149229294904 0.010769132471463383
ur,tetrapga,3.777068955,0.289881165,0.326306823,0.052737963,28.644971,35.932183,3.580621375,1,0,0,1.306398569,0.030155626,1,0,0,0,0 0 0.050000000000000003,0 0 0.050000000000000003,0 0 0.050000000000000003,wrist_3_link,8,0.04,10 0 0,0 0 0,,0.137264116236371 -1.4571829604657203 0.048837265777252108 -1.5269226985303279 0.0044019096024669494 -0.00042742992114895432,-0.0044656848936418803 0.020412174297053276 -0.0072690450617028243 -0.034950435468125679 -0.029702422499178906 -0.025627973369371903,0.1802747087695403 -1.5228774142586865 -0.057043904705192543 -1.6957132372155517 -0.14326345534077489 -0.12833086771320898,-0.18877562985323823 -0.17909320258084518 -0.17321576281341966 -0.10590878444920176 -0.03155793321845364 -0.036886223289565159,0.13623948047054243 -1.4586114430720145 0.041800023838431719 -1.5391431661077399 -0.0055692918802982237 -0.0091505913095024302,-0.055464877995006226 -0.022060952083637383 -0.30390417842356687 -0.55731766625944845 -0.45488830922288487 -0.39770335276083058,9.1618930646959988 -89.642031198672015 -39.25453323458084 -3.0301713817465608 0.60917476963885897 -0.0028778480991041018,0.23307359969157915 -17.403527644587484 -7.3217198525574929 -0.41062280569894938 0.22047759019643642 0.079040399465773348
ur,tetrapga,3.813096967,0.293067491,0.311947666,0.05789593,28.656364,36.041886,3.5820455,1,0,0,1.382741435,0.025070874,1,0,0,0,0 0 0.050000000000000003,0 0 0.050000000000000003,0 0 0.050000000000000003,wrist_3_link,8,0.04,10 0 0,0 0 0,,0.13706624306592852 -1.4564573972926189 0.048099852965957993 -1.5291185093231257 0.0025527555523068382 -0.0020267014140371029,-0.0050382110530315669 0.016473032287440657 -0.021406065953485234 -0.057473093827177343 -0.048383766892647159 -0.04190223346549761,0.17343621994079697 -1.5293237995482787 -0.06323498044750514 -1.6994526829027641 -0.14431834733672858 -0.12960401049624076,-0.19082227880739927 -0.17873849905880221 -0.1704434529600164 -0.10166399754390198 -0.027000485669954125 -0.033786732958057647,0.13618226988272183 -1.4560770620433459 0.0460640636521219 -1.5336363301538931 -0.0010066063869680897 -0.0051784153988223298,-0.11049664790083551 0.04754190615912289 -0.25447366422951134 -0.56472760384594578 -0.44492024240936601 -0.39396424809815339,3.2249281616340504 -115.93827672829605 -64.860464674730835 -6.1751100314519736 0.98769484636328841 -0.04510810421702692,0.48187089628231661 -19.105656905757314 -7.9326945155481496 -0.31272248139794101 0.28697581477420187 0.12920516975198026
ur,tetrapga,3.849232413,0.297080827,0.31537744,0.048916097,28.646213,36.015018,3.580776625,1,0,0,1.410851557,0.02938173,1,0,0,0,0 0 0.050000000000000003,0 0 0.050000000000000003,0 0 0.050000000000000003,wrist_3_link,8,0.04,10 0 0,0 0 0,,0.13694218214125281 -1.4559863349797673 0.047492812741364597 -1.5307775632034282 0.0011601280503402305 -0.0032351619468714409,-0.0026961734686342521 0.011450911278292498 -0.013413777455547778 -0.03809075782774151 -0.031974856199468958 -0.027757788979379271,0.16650575404449006 -1.5357741420314457 -0.069341811416172225 -1.7030483099227769 -0.14521135986644598 -0.13076855576701002,-0.1927373405217058 -0.17824826190851945 -0.16753157497270899 -0.097332266271091164 -0.0224250148165504 -0.030665904187233698,0.13508242543567991 -1.4560296502271914 0.043578304135489812 -1.5381695654850784 -0.0045626034984425756 -0.0083206240843988182,-0.13748055588024027 0.0059264770193014557 -0.31071993957901139 -0.56665441639815339 -0.44449963893431066 -0.39277608569706113,10.512237784548891 -111.17066281728106 -49.700711218725822 -3.8222241905721592 0.76003048374870974 -0.0041868012455362601,0.044608729667288571 -16.142312102521828 -6.7062515913592335 -0.33726055674196687 0.21612768262445137 0.085658654671570744
ur,tetrapga,3.885347976,0.300452549,0.303452931,0.055894247,28.56146,36.181911,3.5701825,1,0,0,1.468258295,0.021271329,1,0,0,0,0 0 0.050000000000000003,0 0 0.050000000000000003,0 0 0.050000000000000003,wrist_3_link,8,0.04,10 0 0,0 0 0,,0.13674328897849897 -1.4555397206874432 0.046629971083245056 -1.5329393538550196 -0.00063282591954473002 -0.0047944730738334477,-0.0058701023587015965 0.0099511043889222248 -0.026834148922508572 -0.061303079817563139 -0.050779347301707023 -0.044229698512881221,0.15951246207872222 -1.5422008147870385 -0.075337816320101239 -1.7064842800946558 -0.14593867152550716 -0.13181959819899669,-0.19451247653994225 -0.17762441721705552 -0.16449273449191901 -0.092932845390714308 -0.017852334042569175 -0.027537083223856434,0.13396226844902392 -1.456354391277245 0.040893983156472372 -1.5427041262534187 -0.0080852786218730734 -0.01144714607634773,-0.14001962333199885 -0.040592631256686412 -0.33554012237718012 -0.56682009604253936 -0.44033439042881228 -0.39081524899361397,11.64713994710967 -103.62079309083352 -44.444977302480822 -3.4030380976132348 0.68819632466443914 -0.0029509920297338169,0.39558452715493786 -18.445101603677358 -7.5727779284875965 -0.25447290134889045 0.28707203493176614 0.13641473823799188
ur,tetrapga,3.92162667,0.306297595,0.333130942,0.029276776,28.484738,35.770817,3.56059225,1,0,0,1.555347683,0.030536269,1,0,0,0,0 0 0.050000000000000003,0 0 0.050000000000000003,0 0 0.050000000000000003,wrist_3_link,8,0.04,10 0 0,0 0 0,,0.13663282132447124 -1.4552445566647674 0.046496950446096953 -1.5334599595376692 -0.0010400217753624361 -0.0051583848647184629,-0.0026815218424446024 0.014186992101708928 0.0077512750356474687 -0.00068904584107243479 -5.0331248181630537e-05 -0.00020446989725949225,0.15242558378190615 -1.5486314042329998 -0.081248111260552605 -1.7097745928560326 -0.14650307943507193 -0.13276148173465485,-0.19615485777065372 -0.1768638061087609 -0.16131372310721986 -0.088447384614345509 -0.013264017174914981 -0.024386777566181499,0.13287274413203168 -1.4570276222196579 0.038061215454081199 -1.5472342351642721 -0.011583861318902367 -0.014559619591289014,-0.1361905396240306 -0.084153867801622137 -0.35409596279889638 -0.56626361385665924 -0.43732283712866182 -0.38905918936766032,11.19484845966582 -96.158143819243548 -40.844903966301089 -3.1222111037721989 0.63354782478960248 -0.0025370856302906258,-0.8851016618855283 -9.6613361088629972 -4.0244950885723654 -0.36047555407731124 0.073708260637618483 0.00086228046043679285
ur,tetrapga,3.957488631,0.311533524,0.31511185,0.051334641,28.585922,36.077917,3.57324025,1,0,0,1.663629228,0.003199603,1,0,0,0,0 0 0.050000000000000003,0 0 0.050000000000000003,0 0 0.050000000000000003,wrist_3_link,8,0.04,10 0 0,0 0 0,,0.13625791408232457 -1.45449732392591 0.046321228937299383 -1.5345666764441628 -0.0019053299537135848 -0.0059226057819892685,-0.012187062961406835 0.022531123034904392 -0.0072859396098450381 -0.034948738415481108 -0.027593565180429915 -0.024348335220203632,0.14536406107136637 -1.5549586433220801 -0.086974966844929891 -1.7128660680542489 -0.14689756176719782 -0.1335801239469939,-0.19763882662041615 -0.17598087582279953 -0.1580496835689286 -0.083952609974753276 -0.0087380001753004973 -0.021267798550847372,0.13478421800561988 -1.4541429969554835 0.044199632860285075 -1.5391009792329846 -0.0052794946983045175 -0.0089758690082412367,-0.18421200958808628 0.044290871303317214 -0.26519950962678862 -0.56678784860274145 -0.42177059307386661 -0.38165790328149596,0.57061659649449048 -133.55667287717739 -74.474655658654825 -6.8960945782565304 1.1020338175816595 -0.04782252158884448,0.18337774286658259 -16.940431428826741 -7.0079656300956685 -0.37061356834328762 0.20524252332159776 0.075129392213995061
ur,tetrapga,3.993657379,0.315406734,0.299735464,0.061056522,28.633704,36.026669,3.579213,1,0,0,1.683507328,0.034390133,1,0,0,0,0 0 0.050000000000000003,0 0 0.050000000000000003,0 0 0.050000000000000003,wrist_3_link,8,0.04,10 0 0,0 0 0,,0.13560742046429045 -1.4536903467387448 0.045591426253942711 -1.5367038828908479 -0.003584408546797712 -0.0074053146870144181,-0.017891013008898539 0.017791788875597143 -0.023594472960427784 -0.059108060431391315 -0.04640043650388314 -0.041038404883218693,0.13819077257822174 -1.5613055736637975 -0.092630092295578489 -1.7158196857069759 -0.14713126267858101 -0.13429242510444495,-0.19899418327109467 -0.17495941643269158 -0.1546384563121469 -0.079362543811013181 -0.0041875958828665356 -0.018119643067673521,0.13299475091768143 -1.4541838289662881 0.041545195040838541 -1.5436499912441795 -0.0086674953908145464 -0.012023296470319318,-0.22368338599230531 -0.0051040013505688417 -0.33180472743081679 -0.56862650139936466 -0.4235000865637536 -0.38092843275976018,11.72164719970441 -127.41823985926121 -57.104812099252641 -4.360780318143485 0.86145171212791738 -0.0049697788386964085,0.67177984457214279 -20.148652266430872 -8.247018466310351 -0.31082785579656047 0.28228179818906796 0.12653367665043902
ur,tetrapga,4.029748849,0.318212678,0.287430992,0.063533301,28.531647,35.889575,3.566455875,1,0,0,1.733404484,0.023470018,1,0,0,0,0 0 0.050000000000000003,0 0 0.050000000000000003,0 0 0.050000000000000003,wrist_3_link,8,0.04,10 0 0,0 0 0,,0.13482772421788694 -1.4532004110279984 0.044333489032390441 -1.5394827494300527 -0.0057543868232508236 -0.009326569086953361,-0.021277894633601305 0.0076292820485138017 -0.038900151203298823 -0.076909051810370471 -0.059899435085107991 -0.053133423634126542,0.13098651076186665 -1.567599765304313 -0.09814804277859504 -1.7186005470433465 -0.14720073792657076 -0.1348896951583379,-0.20020451235171158 -0.17381012904508381 -0.15111835839251417 -0.074729854826199496 0.00033409323530918353 -0.014978114758489054,0.13116675018270688 -1.4546597963360324 0.038655441741991009 -1.5482044988915675 -0.012011947002829496 -0.015053331957785606,-0.2285000918718183 -0.059495921218041314 -0.36121916235594176 -0.56931345592351112 -0.41805645150186865 -0.378754435933286,13.512614755997552 -118.53900370126937 -50.851095607367064 -3.8739908672256105 0.78230363147296944 -0.003491365502269863,0.82360105996667698 -20.96598919758344 -8.468474305421239 -0.21280593929259339 0.32677652504452581 0.16383676414051251
ur,tetrapga,4.065735548,0.324254332,0.326205954,0.026022976,28.516968,35.869135,3.564621,1,0,0,1.812125821,0.051269588,1,0,0,0,0 0 0.050000000000000003,0 0 0.050000000000000003,0 0 0.050000000000000003,wrist_3_link,8,0.04,10 0 0,0 0 0,,0.1347400649638876 -1.4530865372772781 0.044167929960064779 -1.5398403784099508 -0.0060106711816781322 -0.0095677762809448091,0.0027035883134535646 0.0096542529014229696 0.010992541510062062 0.0084819599504219172 0.0070921021640176999 0.0060086990642786945,0.12376222465611371 -1.5738320752466886 -0.10352145098756542 -1.7212059907335893 -0.14710793635784503 -0.13537237627612289,-0.20126939478863845 -0.17253607000100754 -0.14749626099619484 -0.070062961827579984 0.0048191642029648098 -0.011847992939767658,0.12937129133119249 -1.4555425191533442 0.035591332153325585 -1.5527567116738337 -0.015328368926972914 -0.018068566509670196,-0.2244323564392966 -0.11034035216398827 -0.38301369858317774 -0.56902659778327436 -0.41455274051792729 -0.37690431898557364,13.106413442355258 -109.78099727945448 -46.599743339375635 -3.5446784509563591 0.71875589210780189 -0.0029896939670630406,-1.0886333911066686 -8.5875820381597805 -3.5150826870686842 -0.36486754534962529 0.04001120187126439 -0.018276048791449284
ur,tetrapga,4.101693385,0.329929661,0.305578066,0.050139392,28.565834,36.037161,3.57072925,1,0,0,1.916222914,0.034958025,1,0,0,0,0 0 0.050000000000000003,0 0 0.050000000000000003,0 0 0.050000000000000003,wrist_3_link,8,0.04,10 0 0,0 0 0,,0.13435402138458069 -1.4524610001461318 0.044062235326352645 -1.5406882277526714 -0.0066322193325945352 -0.010131973953019246,-0.013883475889379434 0.019789120743285718 -0.0056856178776445356 -0.02851216967319755 -0.021243627125960073 -0.01920368587643204,0.11650800988616353 -1.580011314209701 -0.10875839698612101 -1.7236408136075476 -0.14685449006639917 -0.1357422395543906,-0.20219140165477001 -0.17113655755536231 -0.14376853743228579 -0.065356797640288705 0.0092726567197683237 -0.0087250326987605466,0.12762282592204527 -1.456798226719183 0.032376141988331338 -1.557303886717869 -0.018622240607779721 -0.021070088830056163,-0.21855817614340209 -0.15696344572985482 -0.4018987706242807 -0.56839688050441239 -0.41173396010085062 -0.375190290048246,12.201434212181903 -101.47737499555384 -42.892706834495471 -3.2563148602851051 0.66073663160742147 -0.0026781497849022902,0.11731247747479756 -16.545999453887816 -6.7699572161120898 -0.37968033232118614 0.17873657013422672 0.059275818572658068
ur,tetrapga,4.1378168,0.334112859,0.288957443,0.061302105,28.77961,36.322915,3.59745125,1,0,0,2.02740824,0.036048382,1,0,0,0,0 0 0.050000000000000003,0 0 0.050000000000000003,0 0 0.050000000000000003,wrist_3_link,8,0.04,10 0 0,0 0 0,,0.13348416352086787 -1.451745609747648 0.043348034614712441 -1.5426366408549139 -0.0080787792243856155 -0.011437546640858555,-0.024682578726833517 0.015456331165798835 -0.023700210933302397 -0.054754498371006731 -0.040617762353054442 -0.036712597051261571,0.10918959186209495 -1.5861660608326564 -0.11388257232579778 -1.7259157421455087 -0.14643920727851142 -0.13600085446121574,-0.20297434348449661 -0.16960470231793243 -0.13991791236321036 -0.060590245551770797 0.013713944263060608 -0.0055947539522484251,0.13131635604743483 -1.4516104741332971 0.041079891305073744 -1.5470804661176563 -0.011125625286814586 -0.014295403737725722,-0.27097593417912791 0.016891951793864064 -0.28351791370483681 -0.55547815784279786 -0.38085575780362135 -0.35723213710839596,-2.601046515448477 -149.72994069861704 -82.028952556551005 -7.3024962756393172 1.1748248501824365 -0.045866934452874146,0.704327188650268 -20.229694490924885 -8.1956978955462318 -0.32197446241571015 0.2608411180042296 0.11319858731937416
ur,tetrapga,4.174218945,0.337136655,0.276119476,0.064564771,28.477469,35.760219,3.559683625,1,0,0,2.034776724,0.016587968,1,0,0,0,0 0 0.050000000000000003,0 0 0.050000000000000003,0 0 0.050000000000000003,wrist_3_link,8,0.04,10 0 0,0 0 0,,0.13234319334450451 -1.4513499114607304 0.042046322819985986 -1.5452957381096659 -0.010040234854764948 -0.013211994157052152,-0.031643932070806485 0.0046719600152315584 -0.040629352252833345 -0.073977953289897577 -0.05439296832190188 -0.049310891829237376,0.10178873599667321 -1.5923100252795443 -0.11890368303356924 -1.7280334002106281 -0.14585909566283736 -0.13614724291016964,-0.2036177558755613 -0.16793490111625259 -0.13593401976413469 -0.055752348187692868 0.018151742538844145 -0.0024498973851573638,0.12873531918149972 -1.4519317206349778 0.038217045427428466 -1.5515290690128722 -0.014217131854474391 -0.017157690599655773,-0.32262960824189035 -0.040155812710082256 -0.35785573470565973 -0.55607536190199391 -0.3864383209574756 -0.35778585774125654,12.749507026041776 -141.82341088302286 -63.546651018292785 -4.815413349391874 0.94493626254451968 -0.0056208910008205513,0.91695832036543834 -21.306374443823188 -8.5141134442024367 -0.2231499996923958 0.3080128854437767 0.15205135239170886
ur,tetrapga,4.210069719,0.33887064,0.2667933,0.063267147,34.051695,41.340584,4.256461875,1,0,0,2.032769562,0.004349696,1,0,0,0,0 0 0.050000000000000003,0 0 0.050000000000000003,0 0 0.050000000000000003,wrist_3_link,8,0.04,10 0 0,0 0 0,,0.13097596348002849 -1.4513840956110131 0.040146804173688329 -1.5486060923962237 -0.012464106906904434 -0.015410996314505926,-0.035406382820420079 -0.0087412318508452158 -0.054806580250769316 -0.086657818652976559 -0.063194236017380931 -0.057459438980151649,0.094479662080561438 -1.5982993130057863 -0.12370522093891782 -1.7299463122853549 -0.14513061163295204 -0.13617972705257753,-0.20410844160214395 -0.16616823524346058 -0.13191252983642074 -0.050958437159409953 0.022480819678408186 0.00063557219923083197,0.12733190113297815 -1.452137771327477 0.036427935128858266 -1.5544608378114255 -0.01627969735144176 -0.01906541165672181,-0.31546752472324402 -0.059982900560224477 -0.34424870896251702 -0.54915713835970537 -0.36738474634404339 -0.34763352495512012,5.8069849987779261 -140.75643211353486 -68.756241000142865 -5.6780634265371681 1.0030993195719828 -0.022984628523203494,0.9101491131880266 -20.878158411666845 -8.2039312101127422 -0.11617876208219968 0.3295730383194595 0.17721729612064507
ur,tetrapga,4.251484599,0.346082517,0.315968765,0.014220828,28.762603,36.38363,3.595325375,1,0,0,2.091653346,0.140063905,1,0,0,0,0 0 0.050000000000000003,0 0 0.050000000000000003,0 0 0.050000000000000003,wrist_3_link,8,0.04,10 0 0,0 0 0,,0.13102644986093553 -1.451562407692669 0.040044188552832823 -1.5485506726120957 -0.012360641222373873 -0.015348664375043253,0.0063454000046527332 0.011611208181745433 0.016281816022404697 0.015496265612240392 0.01236479259654091 0.010692446705342508,0.086017802787946032 -1.6051363561611784 -0.1290701791344715 -1.7319415492254138 -0.14409697283325557 -0.13607988960302939,-0.20449859195144202 -0.16397866488380589 -0.12715076251647378 -0.045390336105136868 0.02742479634679295 0.0041823536233873771,0.12459225216478773 -1.4530824936489286 0.033290935268682126 -1.5588666961543167 -0.019193267683421968 -0.021832391715629878,-0.34245612102380357 -0.11809029018145042 -0.39212498252201727 -0.55073229286139447 -0.36419629149752614 -0.34587250736350861,13.632824286453811 -131.59925037222723 -57.42001693575687 -4.3414992390397593 0.86412438826328519 -0.0044852131241432426,-1.6552796390727735 -4.6928731938915007 -1.7499354649028476 -0.25504857923624513 -0.0087934732458414544 -0.032598331284592774
ur,tetrapga,4.28796805,0.351870511,0.296440465,0.048196924,28.578949,36.10061,3.572368625,1,0,0,2.162617389,0.168866472,1,0,0,0,0 0 0.050000000000000003,0 0 0.050000000000000003,0 0 0.050000000000000003,wrist_3_link,8,0.04,10 0 0,0 0 0,,0.13042671216482321 -1.4507590524989162 0.040038284259985353 -1.5493424415674735 -0.012883059815137135 -0.015846820624614507,-0.017049179468956517 0.024057315893983799 0.00031657592438195562 -0.020752784666235223 -0.014073748256859557 -0.013310157724895416,0.07855313368226062 -1.6110816735053761 -0.13363103137730098 -1.7335077303000426 -0.14301782261176885 -0.13587058491912624,-0.2046854319574275 -0.16191979549849878 -0.12285726036143342 -0.040463828653704202 0.031724454811135061 0.0072885255326750834,0.12185148861633242 -1.4544806874790319 0.02993364727158309 -1.5632722805401031 -0.022083104705275601 -0.024585511816576266,-0.34259544355691235 -0.17477422876291704 -0.41966099963737957 -0.55069804822329715 -0.36122962773170397 -0.34414001261829857,14.549772962427822 -121.71894267844587 -51.767238554898967 -3.9105478295005209 0.78964517044663785 -0.0034960988003024758,0.036014337592746415 -15.904984981858433 -6.3982873239974083 -0.38057859650689352 0.14613824068899461 0.04111650920446408
ur,tetrapga,4.324156607,0.356852019,0.286465831,0.058874089,28.62106,35.951385,3.5776325,1,0,0,2.25873908,0.14728589,1,0,0,0,0 0 0.050000000000000003,0 0 0.050000000000000003,0 0 0.050000000000000003,wrist_3_link,8,0.04,10 0 0,0 0 0,,0.12959049396911726 -1.4499364312602234 0.039732949866736832 -1.5506381025224387 -0.013785238961230038 -0.01668673739683358,-0.023822539686200635 0.021078113744434544 -0.010757090486530927 -0.037119507292034705 -0.025959841401366004 -0.024151645361736279,0.071144697850274025 -1.6169025763624796 -0.1379986765429152 -1.7348834058921951 -0.14179342943245174 -0.13555136316195232,-0.20472579745416861 -0.15975926615606501 -0.11851126622848926 -0.035562317290548359 0.03593330105139414 0.010350197673471439,0.11915658813097096 -1.4562973803021 0.02640100335738008 -1.5676740321627758 -0.024952051287674332 -0.027325349139290279,-0.33686256067018194 -0.22708660288350874 -0.44158048927537613 -0.55021895283409128 -0.35861832279984129 -0.34247966533925178,13.837071569610021 -112.22868366709294 -47.363546748354075 -3.5714334364429301 0.72360768467415604 -0.0030569249186669853,0.56487977975916692 -19.428449297191946 -7.8167943162617348 -0.38438474953909463 0.20492691360554716 0.074463169089789005
ur,tetrapga,4.360199554,0.36040839,0.269707121,0.066120266,28.627747,36.174981,3.578468375,1,0,0,2.378619023,0.07328701,1,0,0,0,0 0 0.050000000000000003,0 0 0.050000000000000003,0 0 0.050000000000000003,wrist_3_link,8,0.04,10 0 0,0 0 0,,0.12821429404050994 -1.449318972786148 0.038796128321496044 -1.5528086293098182 -0.015268359782922089 -0.018076774656494592,-0.038345077891295272 0.010218497949213486 -0.030601155044903398 -0.059708203047980794 -0.040545442437973533 -0.038132252727128668,0.063767204575000083 -1.6226202592979726 -0.14219092306527911 -1.7360770429876102 -0.14042363445971071 -0.13512367751123264,-0.20462277657148617 -0.15749231372763914 -0.11410044838020891 -0.03067057586496702 0.040065452778950891 0.013378034469662322,0.11651448221693958 -1.4584962959523531 0.022714650284104514 -1.5720703771876559 -0.027801413705303712 -0.030052229154754848,-0.33026323925392298 -0.27486445628162814 -0.46079413415944581 -0.54954312811001638 -0.35617030220367246 -0.34086000193307081,12.798302745112627 -103.23763961007921 -43.39385547600051 -3.2635928019985494 0.66157900012510407 -0.0027431381575361898,1.0003505953887952 -21.819687657522081 -8.6779166370765921 -0.30744304209019901 0.26375380082601652 0.11754947124382653
ur,tetrapga,4.396470811,0.36277447,0.25779194,0.067154705,34.100408,41.667649,4.262551,1,0,0,2.2985129,0.044997616,1,0,0,0,0 0 0.050000000000000003,0 0 0.050000000000000003,0 0 0.050000000000000003,wrist_3_link,8,0.04,10 0 0,0 0 0,,0.12646279930303603 -1.4491926312749892 0.037231444577433083 -1.5555730187638244 -0.01712474838518838 -0.01982842625908279,-0.0484905137097629 -0.004638503935617504 -0.048744922903652725 -0.076436192579465823 -0.051032200162588352 -0.048300764825719586,0.056349333628107359 -1.6282896071906523 -0.14624779323704581 -1.7371001397254657 -0.1388959630420375 -0.13458353867976766,-0.20437519611168714 -0.15509712027333056 -0.1095828619477327 -0.025742574930278223 0.04415934995407348 0.016401060741984011,0.11865097219473837 -1.4552473820365681 0.026870548078805265 -1.5680721470861598 -0.025093399563583411 -0.027527473065145656,-0.35470857065617983 -0.17536480286213701 -0.3878124189954415 -0.53130613880247868 -0.32878981479217073 -0.32339316977835453,2.6230581897191172 -130.63361053965934 -64.397778236963759 -5.2674741420791147 0.91347498651903292 -0.021894306625797645,1.138213845488508 -22.161052773509255 -8.6724167054703685 -0.20028225311216374 0.29600223335384612 0.14893405360332679
ur,tetrapga,4.438239426,0.363990463,0.248159349,0.059463041,28.549181,36.124973,3.568647625,1,0,0,2.409011551,0.081129797,1,0,0,0,0 0 0.050000000000000003,0 0 0.050000000000000003,0 0 0.050000000000000003,wrist_3_link,8,0.04,10 0 0,0 0 0,,0.12405775418866598 -1.4497613275998524 0.034647592838827249 -1.5594246604212874 -0.019677245753924835 -0.022249596398038397,-0.050721325399865673 -0.022826353354751951 -0.061722100993917881 -0.082319194329031134 -0.054143535481505946 -0.051536823284865654,0.047821877751760819 -1.6347078109491697 -0.15071467374095457 -1.738056837574836 -0.13695448849875902 -0.13382634393564113,-0.20391190406442064 -0.15220024090715828 -0.10428805645347694 -0.020067330535981337 0.04878823837788672 0.019849456661241948,0.11555825782042667 -1.4570730664460423 0.023384382860913121 -1.572320335971219 -0.027734748583275216 -0.03011280834780844,-0.38658929678896381 -0.22821055118427297 -0.43577065223651801 -0.53102361063239123 -0.33016862746147574 -0.323166910332848,12.302343152543909 -121.55025471366861 -53.0749787331318 -3.9775676915501492 0.78507244040572832 -0.0042503485487749518,0.84224322698548804 -19.622803652050607 -7.4632009488463069 -0.066876736885205901 0.28577417466059529 0.15900950561341887
ur,tetrapga,4.474477228,0.3642313,0.244398258,0.055372477,33.982911,41.447904,4.247863875,1,0,0,2.381113867,0.032759754,1,0,0,0,0 0 0.050000000000000003,0 0 0.050000000000000003,0 0 0.050000000000000003,wrist_3_link,8,0.04,10 0 0,0 0 0,,0.12184746417904477 -1.4507998067990195 0.03198696672843377 -1.5630238644680345 -0.022038968113392374 -0.024498159041959386,-0.054759545537479519 -0.037590366319688907 -0.074061407389939257 -0.090606865250913438 -0.059032802296850054 -0.056393692220305103,0.040442198219094352 -1.6401758694108615 -0.15440944870018547 -1.7386948905369468 -0.13511494467464003 -0.13305330692703043,-0.20335612180725512 -0.14956928850605453 -0.09961892515191173 -0.015148665878180903 0.052725432167383693 0.022810205785315538,0.11549858047984432 -1.4553544304368091 0.024617814506665045 -1.5717485509886411 -0.027270816399860762 -0.029723555352344576,-0.40053506498642444 -0.17724922678479932 -0.38348253600104998 -0.50955634612677725 -0.29799475644087109 -0.30225895718258328,2.9515236908301272 -137.3886290293371 -66.99159064141223 -5.3894250551235467 0.94087594402393826 -0.020541899915706121,0.72651760555709188 -18.272917431028873 -6.764776979030259 0.042450563633792626 0.28914720704262464 0.17404461326386667
ur,tetrapga,4.51600456,0.367272696,0.250666206,0.015804848,28.646813,36.282678,3.580851625,1,0,0,2.472126951,0.111193316,1,0,0,0,0 0 0.050000000000000003,0 0 0.050000000000000003,0 0 0.050000000000000003,wrist_3_link,8,0.04,10 0 0,0 0 0,,0.12074525743420313 -1.4520652776485661 0.03017171482933589 -1.5649248637167521 -0.02321492002807975 -0.025652144395929506,-0.018114396817327228 -0.01940631969242336 -0.028420506265485354 -0.031682514760964252 -0.01918469607695818 -0.019043232818401992,0.032013570413358998 -1.6463222355511518 -0.15843387524528629 -1.7392071347055957 -0.13283333319244781 -0.13203626199834997,-0.2025444423523742 -0.14642309553505822 -0.094187882720470462 -0.009524274532238565 0.057141947157914499 0.026164641253502867,0.11202740737639458 -1.4572254190861968 0.021159566307648158 -1.5758291741308357 -0.029651604136814096 -0.03213515842694948,-0.43389663793121847 -0.23387358117346083 -0.43228102487711095 -0.51007789277431548 -0.29759846711916682 -0.30145038432561272,13.10365987860555 -127.63478829596809 -55.615127995043743 -4.1610349882096518 0.82186666940992015 -0.0044561452718664208,-1.322391289112602 -5.215599881149501 -1.442882146450529 0.089647082661031163 0.078659448007940114 0.059173129839329874
ur,tetrapga,4.552391104,0.369656297,0.247560789,0.0427553,34.063308,41.508201,4.2579135,1,0,0,2.490396066,0.06513869,1,0,0,0,0 0 0.050000000000000003,0 0 0.050000000000000003,0 0 0.050000000000000003,wrist_3_link,8,0.04,10 0 0,0 0 0,,0.11926506588164186 -1.4525766073278528 0.028674324963045898 -1.5670674818129031 -0.024552605720387193 -0.02696034354765401,-0.037127163401051724 -0.01382389090773781 -0.038333559881462441 -0.0523522287841705 -0.03269809871305538 -0.032009305418489196,0.024658961029051865 -1.6515981816146259 -0.16177345477539468 -1.7394642708176939 -0.13068507901359178 -0.13103130179649555,-0.20168075943708041 -0.14355399042786091 -0.089363545373386408 -0.0046122515786393009 0.060923567934620546 0.029067517227455025,0.11213160255172876 -1.4562812834547914 0.021939804043209492 -1.5753550528433873 -0.029248973393230362 -0.03180428212468548,-0.43932925966118264 -0.172533780970823 -0.37214269901719221 -0.48834060893972775 -0.26835855807871484 -0.28206639217296681,2.5077804382111637 -144.51462466959674 -70.692094591344031 -5.6597332768785442 0.9827123214375959 -0.021549741868850752,0.044059344905690523 -14.109249113917031 -5.1354069232686044 -0.058396541864567553 0.1780429298363444 0.098895578250761673
ur,tetrapga,4.593993991,0.373601767,0.255163293,0.03183818,28.605402,36.072141,3.57567525,1,0,0,2.568444967,0.158124296,1,0,0,0,0 0 0.050000000000000003,0 0 0.050000000000000003,0 0 0.050000000000000003,wrist_3_link,8,0.04,10 0 0,0 0 0,,0.11808205627307726 -1.4528756452985114 0.027588437576748448 -1.5686236042660731 -0.025480992449279989 -0.027892832320586251,-0.024704069254390899 -0.0009297278986428924 -0.018882312592015726 -0.031002839772724233 -0.018446090470890398 -0.018589402581525496,0.016291965726288229 -1.6575000578711478 -0.1653753038409243 -1.7395397420885299 -0.12806234760221458 -0.12975372484375955,-0.20052003041088581 -0.14014841720809362 -0.083778481924341217 0.00097911780191184817 0.065141243366896223 0.032342021021224493,0.10832282384655258 -1.4581412045748721 0.018543420944457354 -1.5792681696025688 -0.031393230232620514 -0.034054672525940161,-0.47609733814702188 -0.2324901400100774 -0.42454788734401727 -0.48913959489768977 -0.26803210492376894 -0.28129880015683523,13.82019242059919 -134.22984572303483 -58.536813378573818 -4.3727083736063879 0.86255796256943418 -0.0047646173972246764,-0.53772843603462661 -10.506599346962503 -3.686200974349461 -0.074844803384621628 0.10916806513829158 0.057585352389779132
ur,tetrapga,4.630162799,0.376094175,0.246788268,0.052074626,28.650882,36.197375,3.58136025,1,0,0,2.651531187,0.112850142,1,0,0,0,0 0 0.050000000000000003,0 0 0.050000000000000003,0 0 0.050000000000000003,wrist_3_link,8,0.04,10 0 0,0 0 0,,0.11631129969583873 -1.4529325459365476 0.026336777724118864 -1.5707014112206927 -0.026720765700671063 -0.029137818971670847,-0.04392115855455582 -0.0051697992182894335 -0.033682877138531554 -0.050831753573097938 -0.03023485736621568 -0.030433718612249472,0.0090599231697669445 -1.6625138986296564 -0.16831681541581217 -1.7394168214924646 -0.1256414181608938 -0.12853309337183977,-0.19936191783132318 -0.13708213599359592 -0.078868018810790572 0.0058133515545385215 0.068711877026368343 0.035147784819561247,0.10450121595783371 -1.4604669186776473 0.014915952239065777 -1.5831852206987407 -0.033509747025729758 -0.036290267973997106,-0.47770098608985906 -0.29071426284690183 -0.45343358817394719 -0.48963138702149384 -0.26456459913865515 -0.27944943100711794,15.154712386757327 -123.58537515076114 -52.303917075012677 -3.9102181757148564 0.78793275300122234 -0.0036390539752782147,0.5187559377449702 -17.184626590741573 -6.4108881711862153 -0.15615650999552599 0.18851512029964823 0.093928755967468192
ur,tetrapga,4.666462774,0.379352184,0.248274162,0.039321621,34.137318,41.509237,4.26716475,1,0,0,2.638573753,0.069254749,1,0,0,0,0 0 0.050000000000000003,0 0 0.050000000000000003,0 0 0.050000000000000003,wrist_3_link,8,0.04,10 0 0,0 0 0,,0.11511478781095164 -1.4530925660174803 0.025429975266185383 -1.5720450632468372 -0.027481873001637493 -0.029925654862685839,-0.029512884945932995 -0.0028906752665998864 -0.021438412722561504 -0.032701952747586943 -0.018281513694687838 -0.019075404703609872,0.0018462766630799824 -1.667432668686041 -0.17108956265821734 -1.7391181834405527 -0.12308354815331793 -0.12720673119109771,-0.19806148538269255 -0.13390889429131955 -0.073893122197312824 0.010635157459799293 0.072201754995263254 0.037923115305209011,0.10597466060114218 -1.4583850605509543 0.017190175711247063 -1.5813119402898694 -0.032351988921407018 -0.035165957149945706,-0.47916766040631137 -0.20066477542378602 -0.37284850517231466 -0.4620997896350667 -0.23202236346542471 -0.25724946645052993,1.6125010764330767 -146.39287796223971 -71.543079303324191 -5.6715502304607686 0.97978836013854853 -0.021128258630519939,-0.15016556070401066 -12.976134929626824 -4.6779623840002671 -0.13281407144040713 0.12276376696663505 0.059001742652291966
ur,tetrapga,4.708073534,0.382007384,0.239733875,0.053470541,28.712489,36.158327,3.589061125,1,0,0,2.717841336,0.146778831,1,0,0,0,0 0 0.050000000000000003,0 0 0.050000000000000003,0 0 0.050000000000000003,wrist_3_link,8,0.04,10 0 0,0 0 0,,0.11299824033035838 -1.4532966260095603 0.023989400593405326 -1.5742600376483615 -0.028721242038580654 -0.031215680864885294,-0.048055470379854907 -0.009812453567275399 -0.036079066132773743 -0.049611089294535331 -0.027607580268903704 -0.028825864332807635,-0.0063613118601137785 -1.6729270753151972 -0.17404477083342298 -1.7385613726338132 -0.11999799149513149 -0.12556342917553018,-0.19640222268376248 -0.13015690996909537 -0.068138796126328491 0.016119501934125337 0.076082191602466834 0.041051728795314602,0.10182644341734906 -1.46047721067403 0.013774841004842414 -1.5850105692304486 -0.034217645266562007 -0.037223236326423485,-0.5185271479741389 -0.26151876538447072 -0.42691683830058097 -0.46232861757238874 -0.23320704314437338 -0.25715989705972264,14.02501893414499 -135.67571391419574 -59.153450312305615 -4.4031768750968254 0.86636816717082832 -0.0048789506208709449,0.62695037260522213 -17.645278604782106 -6.5418570937348477 -0.16706089309718664 0.1810583872458551 0.088952522541902113
ur,tetrapga,4.744331973,0.383016682,0.234042751,0.056717806,34.197885,41.692319,4.274735625,1,0,0,2.714593829,0.062006219,1,0,0,0,0 0 0.050000000000000003,0 0 0.050000000000000003,0 0 0.050000000000000003,wrist_3_link,8,0.04,10 0 0,0 0 0,,0.11052229446835424 -1.4539123009731998 0.02212695728305698 -1.5767855466379441 -0.030118214140125797 -0.032676338488994407,-0.062039328805739077 -0.024990904582542557 -0.053081551407266316 -0.063728720378567152 -0.034932997003543263 -0.036694167473362696,-0.013454110871484159 -1.6775856082346789 -0.17642385768437435 -1.7378909107689484 -0.11717972368018452 -0.12402626980384419,-0.19481112509478407 -0.1267910698525565 -0.063084864786220593 0.020855868680857655 0.079355132882036897 0.043729647353695479,0.10202781720976338 -1.4588357165862444 0.015023989813957576 -1.5843854385756564 -0.033766936687741118 -0.036826527248549401,-0.51831896663603338 -0.20512009532868836 -0.36586366624901501 -0.43592258018253094 -0.19987587304965226 -0.23459248010505679,2.4471251326185204 -150.89812119195386 -72.73417295468758 -5.6783727016937071 0.99211020820878881 -0.01900573344527081,0.89418892528243532 -18.716876038309238 -6.8567231038773571 -0.10139892177903675 0.20892688576870455 0.11321404582456296
ur,tetrapga,4.786121603,0.385515262,0.237123901,0.027853794,28.590584,36.093099,3.573823,1,0,0,2.780010303,0.150042183,1,0,0,0,0 0 0.050000000000000003,0 0 0.050000000000000003,0 0 0.050000000000000003,wrist_3_link,8,0.04,10 0 0,0 0 0,,0.10891502788755378 -1.454826764153522 0.020601788835503961 -1.5784356464623612 -0.030962023281781381 -0.033599671200577046,-0.028066350849087016 -0.014795499788351412 -0.025494054874001665 -0.028696515119997216 -0.014303902305411743 -0.01590461079967849,-0.021554028827093879 -1.6828012518916 -0.17893774842086965 -1.7369062279946663 -0.11378690003093744 -0.12213533318083424,-0.19281151967800017 -0.12280436204634956 -0.057220293882684459 0.02625943073035595 0.082997694627830854 0.046757564662655439,0.097574218814348648 -1.4609854146779468 0.011669950498305543 -1.5878779415987863 -0.03536793477912429 -0.038699927789622529,-0.55669979942684178 -0.26871226146279792 -0.41925491445650415 -0.43656287789124609 -0.20012476142289651 -0.2341750676341412,14.714877799016529 -139.62843156805127 -60.69620877040424 -4.5128733536344203 0.88922895251217449 -0.0049713700565195158,-0.62143879775481992 -9.1917518585378275 -2.9442108141994723 -0.014279401808380499 0.080651400175185017 0.049334149669945759
ur,tetrapga,4.822311572,0.387146253,0.231847512,0.046102403,28.507627,35.80589,3.563453375,1,0,0,2.850098432,0.102757019,1,0,0,0,0 0 0.050000000000000003,0 0 0.050000000000000003,0 0 0.050000000000000003,wrist_3_link,8,0.04,10 0 0,0 0 0,,0.10689630764808479 -1.4553650591852512 0.019187166812358089 -1.5802957674803138 -0.031910348098832121 -0.03464096777548837,-0.051443067432718752 -0.017783186271316663 -0.038975034680619004 -0.046907960030248712 -0.023802574021852724 -0.026219581611485694,-0.02849836776864053 -1.6871816904467698 -0.18091619649253199 -1.7358720267913645 -0.11072790145043636 -0.12039653525817966,-0.19093819429828002 -0.11926232806015979 -0.052112447958404265 0.030885998242443015 0.086036405625455295 0.049326889894767488,0.093110118351072899 -1.4636240678006796 0.0080757112147869341 -1.5913774593965677 -0.036940661106298282 -0.04055818101569602,-0.55801255790946869 -0.32983164034159224 -0.44927991043982607 -0.43743972472267856 -0.19659079089674869 -0.23228165325918601,16.023970363784233 -128.34407586421824 -54.192362407962982 -4.0354909663992009 0.8131004806499027 -0.0038280967611434287,0.36968995507118052 -15.213792886422198 -5.3891106654202545 -0.085216677987773437 0.1488760542114278 0.080984041472405011
ur,tetrapga,4.858206759,0.389428857,0.235521211,0.029623542,34.197521,41.731105,4.274690125,1,0,0,2.81018898,0.069713477,1,0,0,0,0 0 0.050000000000000003,0 0 0.050000000000000003,0 0 0.050000000000000003,wrist_3_link,8,0.04,10 0 0,0 0 0,,0.10545590170553311 -1.4558440009997153 0.018136488291552819 -1.5815520694738305 -0.032500893748227282 -0.035323304173990884,-0.033243678243583048 -0.007792167951862679 -0.021896908467495209 -0.02823373445990858 -0.013054716101263084 -0.015264181622995062,-0.035316861367688815 -1.6913983951450919 -0.18269552110923001 -1.7346817972094848 -0.10758714667596246 -0.11858095234128822,-0.18895197798695529 -0.11567023812989873 -0.047024306237198249 0.03542177515376619 0.088941086271352443 0.051824820885907119,0.094871697752344206 -1.4616120001634982 0.01021741745329261 -1.5896963455622428 -0.036006820594404271 -0.039596354982440414,-0.55141403449484927 -0.23474572041257463 -0.36108528748465846 -0.40394764088045482 -0.16075539589268609 -0.2069515484496201,1.0755879078028823 -150.53160995291651 -72.812588554015292 -5.6372155840818987 0.97434020893100703 -0.018892264599667048,-0.488183217759115 -9.7757688530064115 -3.1486011392896458 -0.025477665633843571 0.078462630637886832 0.047335428347096808
ur,tetrapga,4.900039612,0.391448709,0.229900963,0.049092417,28.495167,36.068462,3.561895875,1,0,0,2.875174419,0.16306274,1,0,0,0,0 0 0.050000000000000003,0 0 0.050000000000000003,0 0 0.050000000000000003,wrist_3_link,8,0.04,10 0 0,0 0 0,,0.10306345343604612 -1.4561996993990851 0.016769841379052353 -1.5834539640568435 -0.033391854183468295 -0.036356307895618112,-0.056031920070612334 -0.012352014436639086 -0.034763049292405812 -0.043885171123728431 -0.020461776817831619 -0.023796264841749973,-0.043170116116957584 -1.6961480095717132 -0.18453827155155669 -1.7330906697508826 -0.10379809686548154 -0.11635320788996617,-0.18647848223305835 -0.11138888276631521 -0.041073014332534921 0.040635446364716291 0.092185141431616477 0.054670078999136222,0.090129095177306259 -1.4639964607983482 0.0068885404814424747 -1.5929293605529966 -0.037305123573867172 -0.041253686729272591,-0.59282532187974291 -0.29805757935625687 -0.41610962148126679 -0.40412687384423496 -0.1622878724328625 -0.20716646835402178,14.630500825786559 -139.04180578186239 -60.479637261002097 -4.4821856453025886 0.88073595436681362 -0.0050376928308136434,0.54957232064657546 -16.200497562315832 -5.7750037278809216 -0.12606776734537561 0.14302385126067918 0.073468791128561861
ur,tetrapga,4.936192152,0.391925496,0.227463267,0.055698527,34.01027,41.516221,4.25128375,1,0,0,2.855261707,0.081248964,1,0,0,0,0 0 0.050000000000000003,0 0 0.050000000000000003,0 0 0.050000000000000003,wrist_3_link,8,0.04,10 0 0,0 0 0,,0.10024021920452765 -1.4569037685064568 0.015027261395756865 -1.5856439296445637 -0.034407333151203583 -0.037538778818766709,-0.073322593766259783 -0.02743583254360445 -0.051327188940046502 -0.057064978888695973 -0.026177189905639858 -0.030657618462054063,-0.049871072263649674 -1.7001069081960509 -0.18592998334465161 -1.7315411747101568 -0.10041660537272173 -0.11433319938005845,-0.18420533839712275 -0.1076100480937304 -0.035916437095433046 0.045073559665411676 0.09486320910995788 0.05706979638438945,0.090494506838835392 -1.4623365080236628 0.0081677215916424791 -1.5922733622020318 -0.036872605460276285 -0.040855503278767066,-0.58626879401019583 -0.23579917140752171 -0.34877241836964873 -0.37333963790643909 -0.1270471372176134 -0.18240881309342619,2.1416017132645777 -154.09923138867387 -73.502547488390235 -5.6109406215238309 0.9819996396494296 -0.016710394594382453,0.98434115486168139 -18.380513974210771 -6.5705524227884631 -0.10363728285028628 0.17376605044219673 0.094587690185363726
ur,tetrapga,4.977803037,0.393554388,0.228179425,0.026628495,28.513258,35.777841,3.56415725,1,0,0,2.903543846,0.168862877,1,0,0,0,0 0 0.050000000000000003,0 0 0.050000000000000003,0 0 0.050000000000000003,wrist_3_link,8,0.04,10 0 0,0 0 0,,0.098329230228536915 -1.4579116679604061 0.013529325156562579 -1.587122949719195 -0.035018336238851915 -0.038303799954765815,-0.033363496892514638 -0.0171716795476414 -0.025438273361975391 -0.025738117023940302 -0.010181759657593388 -0.013125258950812046,-0.057478967420422349 -1.7044926883070712 -0.18730084956269985 -1.7295607605919483 -0.096407649973547699 -0.11190220826457931,-0.18143614326638011 -0.10317464146687727 -0.029972277711288527 0.050098404165546201 0.097797984828538284 0.059761446251870382,0.085489017060109307 -1.4647478296668355 0.004947087618031535 -1.595264992844367 -0.037894050072502884 -0.042313650196968554,-0.62568622234076043 -0.3014152053965935 -0.40257924670136808 -0.37395383029190726 -0.12768057652832482 -0.18226836477518626,15.262197908758244 -142.15759235386579 -61.63838643296728 -4.5646782509985266 0.89866278275785128 -0.005088906558986246,-0.56102635941965673 -8.7874032301142506 -2.6258787764252247 0.0092026155552957789 0.059110037205428512 0.040754154120008934
ur,tetrapga,5.013666546,0.394416222,0.224142519,0.044507418,28.582761,36.002582,3.572845125,1,0,0,2.956491919,0.120959593,1,0,0,0,0 0 0.050000000000000003,0 0 0.050000000000000003,0 0 0.050000000000000003,wrist_3_link,8,0.04,10 0 0,0 0 0,,0.095991125758119258 -1.4585916150617386 0.012145989758855461 -1.5887645397637455 -0.035687039927341263 -0.039151561085122216,-0.059474983954414772 -0.021941556174538294 -0.038503233146740597 -0.041442697085137141 -0.016756691614761385 -0.021344449779358943,-0.063941147301746937 -1.7081232738351755 -0.18828384684733449 -1.7276875454853062 -0.092856874917928003 -0.10971829676749968,-0.17892047954763191 -0.099281658421862637 -0.024846540056408253 0.054353047514998171 0.10019784885234567 0.062018949692298868,0.080477142905598681 -1.4676599037741025 0.0014811339769316791 -1.5982657341070796 -0.038889393818356585 -0.043757456074072075,-0.62648426931382806 -0.36400926340838241 -0.43324420513748196 -0.37509265783907003 -0.12441796823171299 -0.18047573463794017,16.530652247271988 -130.48928899050586 -54.978305027313922 -4.0799707003570997 0.82206272705437999 -0.0039367917036069629,0.42362476386961134 -14.687447944558699 -5.0241689290254961 -0.074724734511619317 0.11788585546445063 0.065943301285329881
ur,tetrapga,5.049755444,0.395928879,0.226241676,0.026202814,28.709632,35.978937,3.588704,1,0,0,3.031410523,0.087469499,1,0,0,0,0 0 0.050000000000000003,0 0 0.050000000000000003,0 0 0.050000000000000003,wrist_3_link,8,0.04,10 0 0,0 0 0,,0.094346509050171723 -1.4592226522577421 0.011093256495874471 -1.5898597553595328 -0.036077978776274368 -0.039693750169437533,-0.037388651796225567 -0.011517823344402446 -0.021800469562980779 -0.024147633302619893 -0.008200417444832497 -0.011797147228741558,-0.070350730424590655 -1.7116346126848021 -0.18908748775854203 -1.7256498757251086 -0.089199121769534206 -0.10744000972882545,-0.17627072513090081 -0.09530208753189244 -0.019690980638249006 0.058559036974653873 0.10248925076500712 0.064230591469028944,0.075519613873387764 -1.4710312563228276 -0.0021778042519597627 -1.6012681976462615 -0.039868068753916852 -0.045190457759710111,-0.61969112902636503 -0.42141906859063816 -0.45736727861143023 -0.37530794239772119 -0.12233436694503297 -0.17912521070475446,15.683411117440862 -119.26247054856532 -49.79589812316506 -3.6855276446617546 0.74596997081564909 -0.0034203899318233232,-0.53063290453485479 -8.6469285990533535 -2.5271029464337751 0.013114757162838941 0.05012535753883185 0.036655749144287597
ur,tetrapga,5.085825906,0.396977909,0.222228434,0.048606587,34.03995,41.325639,4.25499375,1,0,0,2.894870909,0.000432677,1,0,0,0,0 0 0.050000000000000003,0 0 0.050000000000000003,0 0 0.050000000000000003,wrist_3_link,8,0.04,10 0 0,0 0 0,,0.092046126959359487 -1.4596588886011326 0.0099812179275482384 -1.5912542494070334 -0.036565447610727185 -0.040381979224663613,-0.066962991575352501 -0.01583566633963172 -0.034747862874232066 -0.039773510935584663 -0.013854214085410989 -0.019613496704769268,-0.07665938036187385 -1.7149995768648441 -0.18970491439644563 -1.7234629961907042 -0.085462873700818953 -0.10508424229024295,-0.17350598376776799 -0.091265653831052729 -0.014545038956180673 0.062683365246805997 0.10465342702719663 0.066379282804097758,0.078858639488189941 -1.4677063956883583 0.0011064274864994042 -1.5989012545948635 -0.038849072526725273 -0.043962472856948723,-0.61552886602296009 -0.29516540329725699 -0.34940991891185424 -0.33000388352699578 -0.079039293050407272 -0.14703179559523311,0.70518934474388928 -146.19393343785435 -69.595099914757043 -5.2247196534712623 0.90591029010464275 -0.014827374272385438,0.66955167305724217 -16.040173622143811 -5.5687687728276209 -0.12077761748514604 0.11636024265482092 0.0605547391757284
ur,tetrapga,5.127322107,0.396798772,0.222908982,0.05322055,28.67091,36.027976,3.58386375,1,0,0,2.951437933,0.146985634,1,0,0,0,0 0 0.050000000000000003,0 0 0.050000000000000003,0 0 0.050000000000000003,wrist_3_link,8,0.04,10 0 0,0 0 0,,0.08849492765685979 -1.460637843468424 0.0081110967403540419 -1.5933552321446198 -0.037291964748329472 -0.041413102840749096,-0.082233769601409296 -0.032302811540774981 -0.049474538214452024 -0.048837918753451164 -0.016620960807665099 -0.023803537335995838,-0.083790820554243306 -1.718689234839984 -0.19018588728712446 -1.7207651836481503 -0.081071196162571468 -0.10227980165523752,-0.17018449835671692 -0.086553672109467142 -0.0086396305963961466 0.067324729126630872 0.10698454718432698 0.068772677458509443,0.073618890329434458 -1.4705625401591509 -0.0021078003240690805 -1.6015364563269261 -0.039504109194231363 -0.045147302433293887,-0.65496864484443595 -0.35701805884907545 -0.40177847632106062 -0.32940021650782741 -0.081879583438261599 -0.1481036970431453,14.536067144939075 -134.33640406218436 -58.174308683246721 -4.286312799711018 0.84153783707872964 -0.0048709578767668123,1.0021910138875114 -17.562781519352029 -6.0997539536029315 -0.10401030501907371 0.13383144055902108 0.073448133542356686
ur,tetrapga,5.163455057,0.395104196,0.22832926,0.050657286,34.178271,41.611507,4.272283875,1,0,0,2.877606081,0.029749843,1,0,0,0,0 0 0.050000000000000003,0 0 0.050000000000000003,0 0 0.050000000000000003,wrist_3_link,8,0.04,10 0 0,0 0 0,,0.084610922608340425 -1.4622505342234251 0.0057816026559096151 -1.5956643485395701 -0.038073245880583625 -0.042534364311317872,-0.092910511760514902 -0.052072993463834913 -0.064309425355930053 -0.05601624640785792 -0.018584569137461905 -0.026969015054909052,-0.089886000311470343 -1.7217416925535609 -0.19040542744149008 -1.7182609610274029 -0.077170997057251112 -0.099758258569662681,-0.16717225317692563 -0.082395028210080559 -0.0035153611761653686 0.071271869801006596 0.1088739664035558 0.070786587676490903,0.073958603734954748 -1.4687072082588335 -0.00077444322493188094 -1.6009277534698907 -0.039122151229700614 -0.044787639188818631,-0.64453784174158624 -0.28758388344322361 -0.32641804885651859 -0.29091887958033152 -0.041684211536639641 -0.11835072706409319,1.76608843085023 -149.00535174448527 -70.032216342560133 -5.1879177399124465 0.90942345593612162 -0.012936852414329974,0.99560383086600268 -16.716904421656182 -5.6186949530470836 -0.021958060328870488 0.13282984368115081 0.083253369791350451
ur,tetrapga,5.205161232,0.395343796,0.221897917,0.01118809,28.5058,35.986667,3.563225,1,0,0,2.912990056,0.164101266,1,0,0,0,0 0 0.050000000000000003,0 0 0.050000000000000003,0 0 0.050000000000000003,wrist_3_link,8,0.04,10 0 0,0 0 0,,0.082632505516348972 -1.4639171782432867 0.0041022003774186791 -1.5968485512258002 -0.03837407736022834 -0.043062881067823598,-0.035358921361471014 -0.029100243958032537 -0.028873875383387683 -0.02100235168027725 -0.0047650240140961406 -0.0091359828958776194,-0.09678328458639579 -1.725076947818762 -0.19042915156492188 -1.7151954263905214 -0.072587624750015858 -0.096758968750595295,-0.16355986027389524 -0.077535336759440493 0.0023723376425490638 0.075713570511293737 0.11088983001363528 0.073027913472399328,0.068502312709813953 -1.4715191152336824 -0.0037925725247251016 -1.6032588351636594 -0.039463553851752965 -0.045735677631072752,-0.68203637814259888 -0.35148837185612347 -0.37726616247415257 -0.29138521172108867 -0.042675327756544361 -0.11850480528176512,15.052116914672611 -136.85675705427522 -59.081619570377725 -4.3524259864455823 0.85656242433330809 -0.0049014116023710572,-1.1045045146321399 -3.6920697052264586 -0.26144107500689229 0.17775308131513157 0.0015430475868640769 0.028585115144636575
ur,tetrapga,5.241255363,0.395129289,0.220151739,0.036187506,28.630499,35.977945,3.578812375,1,0,0,2.953999327,0.113821516,1,0,0,0,0 0 0.050000000000000003,0 0 0.050000000000000003,0 0 0.050000000000000003,wrist_3_link,8,0.04,10 0 0,0 0 0,,0.080030124079573106 -1.4649894857694734 0.002680990828738853 -1.5982073725865267 -0.038712910458817591 -0.043674592973749447,-0.064510422475919274 -0.02963267837171845 -0.037564546380060335 -0.033280088611649473 -0.0082373506292156961 -0.014953930113228923,-0.10262866647998982 -1.7277988855414017 -0.19025199279672986 -1.7123948016845709 -0.068555870966117274 -0.094089203706222937,-0.16031923082431354 -0.073282034404827154 0.0074393352042896287 0.079454683923948013 0.11248984694687979 0.07489404930276701,0.063047263998557548 -1.4748143863123719 -0.0070458293993176796 -1.6056007835540052 -0.039782154488944198 -0.046670587250996584,-0.68188108890705024 -0.41190888483618043 -0.40665710932407229 -0.29274354879321191 -0.039825079648903743 -0.11686370249047899,16.1148045711507 -125.32374250769092 -52.597208598806937 -3.8846874235762687 0.78292914477715558 -0.0038097137179863346,0.21229764755338465 -11.941877060218758 -3.6944878621426058 -0.0061925289728606003 0.066982523150727502 0.046280853103880304
ur,tetrapga,5.277332882,0.395821173,0.220138409,0.018945442,28.615716,35.936867,3.5769645,1,0,0,3.014373455,0.080515966,1,0,0,0,0 0 0.050000000000000003,0 0 0.050000000000000003,0 0 0.050000000000000003,wrist_3_link,8,0.04,10 0 0,0 0 0,,0.078317965526952471 -1.4657580872634148 0.0017246289656766725 -1.5990235607722516 -0.038849918114361677 -0.044014154638483814,-0.042131849103184807 -0.015084286231589862 -0.020856483290918128 -0.019272950935627153 -0.0027847886095812026 -0.0078550694588921995,-0.108352600714758 -1.7303654190859261 -0.18989270055705398 -1.7094623042778245 -0.064470704493672079 -0.091354610360065994,-0.15697686766839544 -0.068990374923880868 0.012472901030630656 0.08309498705879674 0.11395347382665849 0.076689651416957758,0.057649000928901586 -1.478552028502742 -0.010484606718657436 -1.6079459641843223 -0.040087275680413682 -0.047596280402488304,-0.67478288370699491 -0.46720527379625981 -0.4298471649174696 -0.29314757878964298 -0.038140148933685815 -0.11571164393646501,15.204401286875747 -114.22437622577399 -47.506168373518392 -3.4983015329754865 0.708233605469066 -0.0033106707165788045,-0.68594129178495677 -6.2519958482043876 -1.3437570578544316 0.090937736486921494 0.011124490226308126 0.02453704356311448
ur,tetrapga,5.313366261,0.39583432,0.217615371,0.043555861,34.04953,41.463941,4.25619125,1,0,0,2.837414567,0.010489592,1,0,0,0,0 0 0.050000000000000003,0 0 0.050000000000000003,0 0 0.050000000000000003,wrist_3_link,8,0.04,10 0 0,0 0 0,,0.075621703936141843 -1.4663799218512144 0.00065352109509785169 -1.6001775680968653 -0.039028877534259626 -0.044492118535879081,-0.072453466781287529 -0.020014253458671048 -0.031274563940309905 -0.030551662983783132 -0.004692094482153371 -0.012626811917359409,-0.11394735282391345 -1.7327735930210946 -0.18935320871407901 -1.706404135742468 -0.060340289566795186 -0.088559973625948502,-0.15353829394848584 -0.064667333085302994 0.017464825413454021 0.086628572374352703 0.11527857781673337 0.078412219436387112,0.061312544400041989 -1.4751077702272415 -0.0074191250250923981 -1.6059897574996567 -0.039500062481451145 -0.046686378821812577,-0.66535100405996583 -0.33022438128289766 -0.31294777666407569 -0.24099891988284861 0.0072517657356888643 -0.080272419078610519,0.36369203756411217 -141.12816891486122 -66.230329387791684 -4.8135113145186947 0.83461886209492164 -0.011190759091159467,0.60833124192186006 -14.373433985924748 -4.7209722889836971 -0.095973052930276026 0.07113881616110973 0.039013044396781993
ur,tetrapga,5.354928975,0.394605458,0.222080725,0.048276081,28.587468,36.141882,3.5734335,1,0,0,2.873676216,0.157782998,1,0,0,0,0 0 0.050000000000000003,0 0 0.050000000000000003,0 0 0.050000000000000003,wrist_3_link,8,0.04,10 0 0,0 0 0,,0.071685443774519131 -1.4676010786249696 -0.0010699364724028688 -1.6018303855563347 -0.039278255009871373 -0.045170944463881285,-0.088311438755714025 -0.037833896123083868 -0.045268543006553058 -0.037463549868604791 -0.0054356279264382041 -0.015226811374345894,-0.12024432748179684 -1.735357014121117 -0.18850850480591028 -1.7027211481401106 -0.055520157293716552 -0.085261184358565251,-0.14945121121802826 -0.059640176318218899 0.023172971482964683 0.09057318827062219 0.11663573002370155 0.080309565100931998,0.055693567831225262 -1.4782308530113135 -0.010319157359610004 -1.6079125525422377 -0.039465588296064662 -0.047339332370735086,-0.70237207110209099 -0.39038534800900843 -0.36250404181470064 -0.24034938032262779 0.0043092731733103216 -0.081619193615313654,14.309131697012141 -129.14198971609034 -55.686908459999763 -4.0836134221483142 0.8018968585089612 -0.0046935032478939822,0.94470847275243841 -15.931106860670297 -5.2814911161680982 -0.095973797026090324 0.083112952277232921 0.046997283972771697
ur,tetrapga,5.391155217,0.392242786,0.232125905,0.047200436,34.070779,41.394853,4.258847375,1,0,0,2.783854674,0.04353563,1,0,0,0,0 0 0.050000000000000003,0 0 0.050000000000000003,0 0 0.050000000000000003,wrist_3_link,8,0.04,10 0 0,0 0 0,,0.067610447631106144 -1.4693824876514132 -0.0031222949060784296 -1.6035564690451873 -0.039525628838449761 -0.045869549957519282,-0.10164783770989741 -0.058557463882876241 -0.06008431637817499 -0.043836199946916544 -0.0060000258516305013 -0.017532696170030223,-0.12559228763820771 -1.7374377002594619 -0.18757965256447978 -1.6993795505722415 -0.05127576414168409 -0.082323132457766762,-0.14578654891755205 -0.055227046028373479 0.028099727849359289 0.09389308179118025 0.11766775047991346 0.081883694158860418,0.056160243628941911 -1.4763379463321962 -0.0089858347861077326 -1.6073195230616357 -0.039142032563865212 -0.047007363808664673,-0.68647051277797344 -0.31640950010410718 -0.28313858165793948 -0.19812653349038339 0.044197000423999697 -0.050365330567186326,1.5958339500964769 -142.95938932659143 -66.170247824670852 -4.7486247779995461 0.83419384881670333 -0.0093418491552572404,1.015479402953531 -15.576143856464114 -5.0199221532527503 -0.037160017964197323 0.08168753735020573 0.054135202439255181
ur,tetrapga,5.432644478,0.39119849,0.222118524,0.006228608,28.611491,36.041711,3.576436375,1,0,0,2.796555192,0.171727082,1,0,0,0,0 0 0.050000000000000003,0 0 0.050000000000000003,0 0 0.050000000000000003,wrist_3_link,8,0.04,10 0 0,0 0 0,,0.065310162088126525 -1.4713435673667172 -0.004825851233068802 -1.604520800351223 -0.039546857183738654 -0.0462042749261471,-0.037483304775689057 -0.03247864498464325 -0.02720527407925042 -0.015288246154139255 0.00061424208837160081 -0.0048970632241188104,-0.13155186132850197 -1.7396236436989883 -0.18629780006391469 -1.6954074917887492 -0.046372260099337759 -0.078890016627673337,-0.14147638218142319 -0.050141812762418997 0.033680863315192662 0.097555819632347968 0.11867582866292294 0.083593885713024452,0.050393652205751968 -1.479363501163985 -0.011631301191105572 -1.608908245622102 -0.038798322768778128 -0.047413329332942566,-0.72082392789874261 -0.3781943539735923 -0.33068330062473006 -0.19859032005827662 0.042963724385885797 -0.050745690534736584,14.721113656624533 -130.81025461504385 -56.214168374036248 -4.122966366589317 0.81182614873083292 -0.0046840411041136811,-1.1561016560428925 -2.05544056625331 0.56475970212805393 0.22034180865193775 -0.031086483879903426 0.015516782436066023
ur,tetrapga,5.46878044,0.39020929,0.2203936,0.03110207,28.537157,35.992169,3.567144625,1,0,0,2.817472525,0.123656935,1,0,0,0,0 0 0.050000000000000003,0 0 0.050000000000000003,0 0 0.050000000000000003,wrist_3_link,8,0.04,10 0 0,0 0 0,,0.062588564868629473 -1.4725509280056739 -0.0060732187313722857 -1.6054829978924949 -0.039528476348211695 -0.046530415918417077,-0.069225628608323903 -0.03442407317063638 -0.034499953611311987 -0.024349377125003253 0.00051449829234530362 -0.0082141538093259709,-0.13659496379683553 -1.7413551882483349 -0.18499376319312316 -1.6918264772412042 -0.042070251923704109 -0.075843605245737994,-0.13762736664764713 -0.045689975934799912 0.03848361893218645 0.10062129037607759 0.11940171885475216 0.085001616955427475,0.04463849697876953 -1.4828526145634959 -0.014501064305512349 -1.6105090676811076 -0.03843695828617863 -0.04780842946640864,-0.71939440337280458 -0.43613917493886717 -0.35872038930084699 -0.20010275737568914 0.045170560324936999 -0.049387516683259594,15.544540860489102 -119.56955989633475 -49.996305956945022 -3.6775670203915012 0.74147470680508332 -0.0036674344652044884,0.15660152114682546 -10.263683010633031 -2.8660743587840969 0.015401715049847553 0.024227654823562261 0.025497836701205756
ur,tetrapga,5.504888792,0.389946368,0.218332258,0.01469921,35.225448,42.91024,4.403181,1,0,0,2.71713346,0.093293318,1,0,0,0,0 0 0.050000000000000003,0 0 0.050000000000000003,0 0 0.050000000000000003,wrist_3_link,8,0.04,10 0 0,0 0 0,,0.060684112853129121 -1.473482015642126 -0.0069782754416565836 -1.6060740062735273 -0.039424245646325719 -0.046690936679414173,-0.043731301280310976 -0.017264537202395527 -0.017966013373409986 -0.012767509693171791 0.0029156061052627649 -0.0032143252786396206,-0.14149373834366077 -1.7429244000151556 -0.1835184152961668 -1.6881396910036597 -0.037747894548108653 -0.07275009999859422,-0.13369619110860745 -0.041224291887214673 0.043224084467928428 0.10356551024230973 0.11998495900565392 0.086331142061203778,0.047087038003276543 -1.480758416650914 -0.01277715571287974 -1.609514481279132 -0.038260551633439707 -0.047392011327732755,-0.69678336408409802 -0.32388769351285529 -0.2546857299119093 -0.15286803772680368 0.083756291601558258 -0.017791031852668521,0.15268577381106141 -139.8882827487933 -64.887207607656109 -4.5843657522333991 0.79442429857743202 -0.0085306817528188333,-0.70681675048703596 -4.8507394197777103 -0.63507717029225574 0.11861443641737424 -0.020418401801038044 0.010218025051187851
ur,tetrapga,5.547910417,0.389497658,0.216747416,0.039298079,28.562654,36.167784,3.57033175,1,0,0,2.722065923,0.20069986,1,0,0,0,0 0 0.050000000000000003,0 0 0.050000000000000003,0 0 0.050000000000000003,wrist_3_link,8,0.04,10 0 0,0 0 0,,0.057859548842802887 -1.4742236586917468 -0.007869626895158896 -1.6068420488809627 -0.039256901353580086 -0.046891104240231692,-0.075864655938763764 -0.023138199844903753 -0.02640165894014106 -0.020412108766701034 0.0044456900491456446 -0.005302723578390932,-0.14714292487266623 -1.7445831684963433 -0.1815387885940267 -1.6836114683502399 -0.032574274482339058 -0.069003712753756608,-0.12890566073100554 -0.035886277744316311 0.048789859565050782 0.10691449781513211 0.12049381655544041 0.087813245598748674,0.041225253130332207 -1.4838323167211724 -0.015198728580945488 -1.6107384743084849 -0.037606601896922762 -0.047541758221065017,-0.73272310911804206 -0.3842375087823085 -0.30269660850821856 -0.15299912866912105 0.081743717064617902 -0.018718361666532422,14.332479759160819 -127.78914175319883 -54.949378964928179 -4.0209972382620816 0.79025115784842281 -0.0046527126147148778,0.58346798438140013 -12.968366186553794 -4.0304742868201586 -0.093254056118894368 0.029512725696079656 0.016413626127629755
ur,tetrapga,5.584186439,0.387421402,0.224430767,0.045820626,34.16513,41.750903,4.27064125,1,0,0,2.667638442,0.122841068,1,0,0,0,0 0 0.050000000000000003,0 0 0.050000000000000003,0 0 0.050000000000000003,wrist_3_link,8,0.04,10 0 0,0 0 0,,0.054013429425936239 -1.4754794700263747 -0.0092078156490788734 -1.6078726704066157 -0.039031310173777797 -0.047156795269107342,-0.095821164715253662 -0.041289803846979875 -0.039685155535961032 -0.026052598113474389 0.0057608597315429236 -0.0066164485669089482,-0.15174450918173915 -1.7458031758771906 -0.17968489951552047 -1.6796839227259253 -0.028197877144515302 -0.065796869197860458,-0.12477986907610271 -0.031374980140805975 0.05340857814517052 0.10960105726057418 0.12076534213744865 0.088975759476807567,0.041933422620510016 -1.4821584602066697 -0.014016097359965611 -1.6102108782323401 -0.037391926539518602 -0.047273050174330304,-0.71073983220302583 -0.31282085411200056 -0.22660315561917893 -0.11316323434869592 0.11587868697895981 0.0095283213444844975,1.5971075433584279 -140.09579577953704 -63.996185859133661 -4.4722725826830327 0.7883699766545269 -0.0066435958765682021,1.012081526259891 -15.120806678172812 -4.8579481224007068 -0.12306942053328385 0.039803431644045872 0.02041221872599408
ur,tetrapga,5.626060916,0.386317313,0.221538886,0.016647013,29.677062,37.045164,3.70963275,1,0,0,2.651746016,0.189611189,1,0,0,0,0 0 0.050000000000000003,0 0 0.050000000000000003,0 0 0.050000000000000003,wrist_3_link,8,0.04,10 0 0,0 0 0,,0.051653619002689347 -1.476853689288826 -0.010361445762840617 -1.6084623082625835 -0.038783627716644613 -0.04725358573382607,-0.044490118249566134 -0.026629504484745978 -0.02157208687665425 -0.01077433722025143 0.0053509205993162584 -0.0014067920085772789,-0.15686826709507481 -1.7470078357840435 -0.17733835844910284 -1.6750322455297582 -0.023137414507378759 -0.06204468349392632,-0.11992363622366527 -0.026161028109045067 0.058649829323633586 0.11254258128376585 0.12089936979739237 0.090217333686794299,0.035991782682984988 -1.4851498144062223 -0.016192160184647687 -1.6111211410335531 -0.036475214283392281 -0.047200647181116814,-0.74270499219062813 -0.37391927494405475 -0.27200785308525938 -0.11378285015161173 0.11458903201579054 0.0090503741516861861,14.602784735248246 -127.93853849624588 -54.802266194316175 -4.010417043067025 0.79038157590726499 -0.0045757700702925156,-0.53884367245370868 -5.4935141830601424 -0.86102519832421365 0.092894335987693921 -0.02496869608121699 0.0045986180324320003
ur,tetrapga,5.66321502,0.384676984,0.221111387,0.033638704,34.052759,42.268356,4.256594875,1,0,0,2.615156989,0.146261024,1,0,0,0,0 0 0.050000000000000003,0 0 0.050000000000000003,0 0 0.050000000000000003,wrist_3_link,8,0.04,10 0 0,0 0 0,,0.048616606121687625 -1.4780359001601386 -0.011409543333011619 -1.6091151200692979 -0.038443803671269532 -0.047338385632877358,-0.07470755014030088 -0.033881601606197867 -0.029100474872448441 -0.01610236586651622 0.0083600359222300875 -0.0020654518164203491,-0.16124261638371165 -1.7478938571259186 -0.17507422157249644 -1.6708046251461446 -0.018645818792532763 -0.058673697802963207,-0.1155347243491264 -0.021533536877835765 0.063214505605954541 0.11500650731044762 0.12085736803190734 0.091228014349777606,0.036576881623748211 -1.4840553942169818 -0.015395961056076827 -1.6107324064807063 -0.036301024690729322 -0.046991706242519811,-0.71592050346072278 -0.30782195734943252 -0.19939183454074952 -0.076785097524804197 0.14481249372313898 0.034726972121636328,1.239897721622734 -138.76743258956333 -63.144497516304426 -4.3600353058840025 0.76713126600192105 -0.0056458931578360775,0.399444096109562 -11.100772449750366 -3.1874720635082596 -0.052655364431302587 0.003731955683363708 0.0064650993066521778
ur,tetrapga,5.7055929,0.383684341,0.21966748,0.01707901,28.551189,36.037135,3.568898625,1,0,0,2.586162229,0.196533264,1,0,0,0,0 0 0.050000000000000003,0 0 0.050000000000000003,0 0 0.050000000000000003,wrist_3_link,8,0.04,10 0 0,0 0 0,,0.046344951177927592 -1.4791144287505982 -0.012280802389408934 -1.6095199234778323 -0.038089327598703836 -0.047327864479252295,-0.043071118535844326 -0.017587633647866245 -0.014497116273051646 -0.0070879775301660349 0.0071176575223657074 0.00055540004431735876,-0.16603113546381298 -1.7486946239209329 -0.17228680862347087 -1.6658743146663411 -0.013528369342421413 -0.054785056165876519,-0.11044167242354629 -0.016259355405165044 0.068316911872091185 0.11764611557940886 0.1206250363604052 0.092275428085667174,0.030593699911657054 -1.4870036938820985 -0.017349300343303002 -1.6113532938633925 -0.035151959904569957 -0.046717482366062213,-0.74790412014860486 -0.36854229876383182 -0.24417058328812502 -0.077611529200480062 0.14363505616786235 0.034278686119176872,14.456522442195947 -126.65546604926575 -54.219419763703414 -3.9648847133351266 0.7812984929184722 -0.0045405714193555383,-0.48702664242665605 -5.6360732137372906 -0.9332395452714124 0.068239673431889969 -0.030140281795652868 -0.001478808530592346
ur,tetrapga,5.741734666,0.382144218,0.218356457,0.034649431,34.088197,41.836082,4.261024625,1,0,0,2.560923022,0.16652645,1,0,0,0,0 0 0.050000000000000003,0 0 0.050000000000000003,0 0 0.050000000000000003,wrist_3_link,8,0.04,10 0 0,0 0 0,,0.043389243620909651 -1.4799892210965357 -0.01303437490468325 -1.6099630360438499 -0.037631285027052729 -0.047291280148642416,-0.074948767388219734 -0.026706913620453611 -0.0222935142810596 -0.011338010312746389 0.011587188106811142 0.00091988143276031532,-0.16994313359149388 -1.7492010923194241 -0.16974047980159623 -1.6615839276085667 -0.0091747180340577689 -0.051435283982258148,-0.10602875082787207 -0.011768927338207622 0.072576443738366553 0.11975117527698721 0.12027203068461691 0.09307928193540714,0.031235832466921916 -1.4859303608272312 -0.016586481704975561 -1.6109972894846605 -0.035022686515261713 -0.046537822145009206,-0.71946122368950727 -0.30424266996709959 -0.17433354650862504 -0.042391004639732062 0.17111891744355751 0.058320664364318008,1.2802145764427113 -136.90898527945774 -61.87528653934946 -4.222389427131386 0.74517771963660895 -0.0044397418681101876,0.47582764371691155 -11.434312193209735 -3.3457747671307487 -0.091273276469109987 -0.0043927277569366652 -0.0027727223358624542
ur,tetrapga,5.783684476,0.381080998,0.219268189,0.020738078,28.527086,35.935247,3.56588575,1,0,0,2.519801181,0.192552513,1,0,0,0,0 0 0.050000000000000003,0 0 0.050000000000000003,0 0 0.050000000000000003,wrist_3_link,8,0.04,10 0 0,0 0 0,,0.041137813642069303 -1.4808663096810728 -0.013713399653046297 -1.610239185481017 -0.037201617460763406 -0.047204630243429739,-0.045008038428387478 -0.016500711353604796 -0.012583301281654901 -0.00497365098408199 0.0091433846728618644 0.0021610212955735157,-0.1742822807624351 -1.7495857061887352 -0.16659412049168348 -1.6565120848882608 -0.0041409905566057404 -0.047512844865006502,-0.10083146825046659 -0.0065708771619453947 0.077409060238864 0.12202321487626994 0.11968425776453707 0.093908325845989724,0.025233767781308668 -1.4888452914061316 -0.018328928583592408 -1.6113435948220944 -0.033663673168607335 -0.046075322117996018,-0.75026439697098346 -0.36437107509037381 -0.21780889621292665 -0.043288605439080759 0.16987859195665067 0.057813278698078507,14.309892113206361 -124.86213019221255 -53.376040392542272 -3.9006723689339386 0.76898966463759932 -0.0044654870645972535,-0.27854074935498829 -6.8435656584497337 -1.4471226096370415 0.017852324190243962 -0.028580514985947048 -0.0064846149338677606
ur,tetrapga,5.819721433,0.379219599,0.218721515,0.035332943,33.954898,41.604835,4.24436225,1,0,0,2.493010194,0.166668643,1,0,0,0,0 0 0.050000000000000003,0 0 0.050000000000000003,0 0 0.050000000000000003,wrist_3_link,8,0.04,10 0 0,0 0 0,,0.038058169931451252 -1.4817675486725461 -0.014393215587827841 -1.6105478067323646 -0.036605932266950768 -0.047061588940615184,-0.075758570569681161 -0.027008690006426795 -0.020018123301719287 -0.0077334091039676532 0.014605607988747497 0.0034936273844302979,-0.17783456411646265 -1.7497422821788589 -0.16373124462194719 -1.6520818387519469 0.00016065020546178816 -0.044117209350368843,-0.096306222020283785 -0.0021217036962410877 0.08146080301742667 0.12382606906765874 0.11902736798660586 0.09453076522018726,0.01925785191139287 -1.4922050149247146 -0.020287200398712721 -1.6117035583978576 -0.032297356307500677 -0.045607269691913241,-0.74699579500880242 -0.41997019255069984 -0.24478701327585997 -0.044995885230257528 0.17079153126318469 0.058507328581777013,14.925677690743889 -114.1554094393 -47.586511454506038 -3.4908048808811922 0.70407504587369873 -0.0035581901245440588,0.54158385996680636 -11.659871053745519 -3.4456896502139358 -0.11987824175503192 -0.012314710407324014 -0.010733560149063237
ur,tetrapga,5.861433552,0.377883457,0.220085943,0.02106911,34.009217,41.565613,4.251152125,1,0,0,2.447820539,0.136126868,1,0,0,0,0 0 0.050000000000000003,0 0 0.050000000000000003,0 0 0.050000000000000003,wrist_3_link,8,0.04,10 0 0,0 0 0,,0.035806331629605691 -1.4826558839153026 -0.015002093097519219 -1.6107107089933224 -0.036087993483273663 -0.046896357069759531,-0.045208513158359123 -0.017159810574717896 -0.011500663239913647 -0.0028660381783392275 0.010813459336594023 0.0036395575466566907,-0.18174133771939979 -1.749723775646457 -0.16023757613584763 -1.6468762465988851 0.0051066905109564895 -0.040160887179120038,-0.09100337167517894 0.0030043714991953813 0.086030699931856081 0.12573877753371124 0.11809282536069508 0.095147105050863129,0.02182061457281604 -1.4900542659436096 -0.018882043166925599 -1.6112186417519594 -0.032582567460797657 -0.045558988319465879,-0.71393780534506923 -0.32797944181401678 -0.15467607054411442 -0.0014387261760792983 0.20126439113611538 0.086603520332028699,0.14050449888693883 -128.30668190875662 -57.512545934118137 -3.8211698098861397 0.66993066496231757 -0.0024464860649757942,-0.22846868722839986 -6.9528061462551705 -1.4919226939269876 0.002451266409480013 -0.033123593981798649 -0.011061615603949804
ur,tetrapga,5.903093041,0.375429184,0.220844752,0.032176286,34.014145,41.644907,4.251768125,1,0,0,2.403504521,0.162479837,1,0,0,0,0 0 0.050000000000000003,0 0 0.050000000000000003,0 0 0.050000000000000003,wrist_3_link,8,0.04,10 0 0,0 0 0,,0.032281644820329317 -1.4837622426431349 -0.015713434457560068 -1.6109036772345939 -0.035282091828531419 -0.046621358758342453,-0.071321660431624995 -0.027707161680279865 -0.01780929016405778 -0.0041089241514912127 0.016309841474896468 0.0055438450637092717,-0.18542104815224111 -1.7494925002668213 -0.15656081960675747 -1.641601511820425 0.010003719295599428 -0.036186228954690453,-0.0856429138627091 0.008093159422272022 0.09046135731754662 0.1274605393258437 0.11697436665888575 0.095650669271127448,0.015867632781025216 -1.4931284921419379 -0.020445205186028527 -1.6112335578675276 -0.03098797200404959 -0.044873855970403199,-0.74412587960851651 -0.3842806511549352 -0.19539677058077667 -0.0018647335759389998 0.19932539390593473 0.085641931293550286,13.34332432464435 -116.60319237015527 -49.767543009327788 -3.626530211610187 0.71406966911583669 -0.0041852236949902148,0.41384347644299169 -10.618174485150121 -3.0103364917420592 -0.10812820001319778 -0.024639053689526236 -0.017041658227199719
ur,tetrapga,5.944836572,0.371828973,0.230787621,0.033363718,34.016967,41.3296,4.252120875,1,0,0,2.359187176,0.099097462,1,0,0,0,0 0 0.050000000000000003,0 0 0.050000000000000003,0 0 0.050000000000000003,wrist_3_link,8,0.04,10 0 0,0 0 0,,0.02798505285642091 -1.4854306808015609 -0.016738927770569269 -1.6111419663882642 -0.03430727150679435 -0.046287229101927806,-0.08843440635553064 -0.044094735555754196 -0.027011555946066142 -0.0053283551041149093 0.020273650474879928 0.0069036155049612708,-0.18888294450532625 -1.7490488618966733 -0.15269438811400449 -1.6362481679117289 0.014860052434158763 -0.032184859448326358,-0.080212781603630018 0.013155718192559104 0.094762023513487739 0.12899480100919011 0.11566990658140179 0.096042583568935719,0.016235120753599709 -1.4918630662823531 -0.019610453536149684 -1.6108998305224094 -0.030839799510320245 -0.044691250606795449,-0.71140591318825552 -0.32293723342869829 -0.12729965937447896 0.035991429690640599 0.22597896924186331 0.11116203786271277,1.1588933482392818 -124.37246242200185 -54.921690881168296 -3.6017711267603092 0.64105174890684558 -0.00085483824968928413,0.58011316644248723 -11.010026971306615 -3.1208228144263472 -0.11219701211211941 -0.033580045929411995 -0.02123867053292372
ur,tetrapga,5.986259182,0.369899704,0.226774335,0.013265349,34.004607,41.345569,4.250575875,1,0,0,2.304119069,0.145104519,1,0,0,0,0 0 0.050000000000000003,0 0 0.050000000000000003,0 0 0.050000000000000003,wrist_3_link,8,0.04,10 0 0,0 0 0,,0.025993088729492773 -1.486694079315567 -0.017454898690765133 -1.6111781484668866 -0.033731780542012486 -0.04604635718872073,-0.040590022676553865 -0.023615452833490449 -0.01304317419826354 -0.00060350385827755908 0.011751236583367511 0.00494736890946399,-0.19209304735568275 -1.7484005806934877 -0.14868316105022994 -1.6308766252971509 0.019621483221037388 -0.028200400398359995,-0.074771724201158823 0.018137761217083471 0.098887254655167595 0.13032658105743278 0.11419568144275809 0.096319722428406931,0.010333279320436844 -1.4948864055666333 -0.020927330136199775 -1.6106186098439088 -0.029043375275227438 -0.043806869490205472,-0.73773333419319465 -0.37791966763827489 -0.16461085214939183 0.03515256381740442 0.22455421799074843 0.11054818626520299,13.082884785802845 -112.94532868003779 -48.014059790238512 -3.4971952221070004 0.69017737426857173 -0.0039867720038803756,-0.52405083889385651 -4.3775652103058746 -0.37752205618403423 0.073441116370304371 -0.053306645885584203 -0.015034405508430382
ur,tetrapga,6.02770341,0.367090701,0.22636981,0.028048834,34.115253,41.551715,4.264406625,1,0,0,2.269774395,0.114536284,1,0,0,0,0 0 0.050000000000000003,0 0 0.050000000000000003,0 0 0.050000000000000003,wrist_3_link,8,0.04,10 0 0,0 0 0,,0.022769083468355 -1.4879563450015125 -0.018098675738908158 -1.6111825253817371 -0.03285468410951782 -0.045669912961782758,-0.069597266708297453 -0.031587694115355565 -0.016753627573747303 -0.00027804096428859175 0.018875153393009506 0.008082331580069704,-0.19507827480191342 -1.7475463829578648 -0.14450185118046655 -1.6254510346656923 0.024320609864129265 -0.024204684573781075,-0.069280905985512467 0.023075531984577534 0.10286799955920248 0.13146749035270883 0.11254370410365575 0.096485422287085496,0.0044628587182313998 -1.4983108603588462 -0.022437420502068761 -1.6103514789350726 -0.027243570956791197 -0.042919226943460023,-0.73380885106407323 -0.42806114099854919 -0.18876343592600706 0.033391658279783736 0.22497824733474681 0.11095667444355235,13.503386309331933 -103.0914661755144 -42.82256886146908 -3.1333538710704616 0.63230101108137804 -0.0032193417909852969,0.29404409629584904 -9.2561151377776696 -2.4313822073122253 -0.087761200079512491 -0.041387653382543022 -0.024853642503927631
ur,tetrapga,6.069350842,0.365131825,0.223889859,0.016388637,34.070148,41.552579,4.2587685,1,0,0,2.228150663,0.091787026,1,0,0,0,0 0 0.050000000000000003,0 0 0.050000000000000003,0 0 0.050000000000000003,wrist_3_link,8,0.04,10 0 0,0 0 0,,0.020652025925360508 -1.4889067684209099 -0.018557672872018902 -1.6110995151638823 -0.032187926440345058 -0.045349079153112079,-0.04345160615111221 -0.017315742387166155 -0.0079997524326212294 0.0019393884469909068 0.013734494569292389 0.0066783715880562059,-0.19784801510397237 -1.7464829226949381 -0.14013699696410326 -1.6199552442737379 0.02897014305196292 -0.02018479818067279,-0.063721552375371429 0.027984899039940312 0.10671594610503443 0.13241973758102063 0.11070781124461518 0.09653944778842477,0.0069813708341276495 -1.4962871190574865 -0.021294494764106445 -1.6100997241646029 -0.027692870326358091 -0.04301884856104532,-0.69701207385273445 -0.33479022943700565 -0.09961957972901847 0.078221757946908776 0.25286115029136258 0.13941373895527809,-0.14027102816241133 -115.6536123081232 -50.554738946303374 -3.1968261949809311 0.56381870134645706 0.0011898936036974354,-0.33412260087700929 -5.4082502256787848 -0.83849037191427556 0.023294613281905185 -0.052162437125922168 -0.020422424563477648
ur,tetrapga,6.110994381,0.362193051,0.224964584,0.029678111,34.160046,41.496207,4.27000575,1,0,0,2.169767567,0.110926803,1,0,0,0,0 0 0.050000000000000003,0 0 0.050000000000000003,0 0 0.050000000000000003,wrist_3_link,8,0.04,10 0 0,0 0 0,,0.017354569186340575 -1.4899809169056035 -0.0189794750716866 -1.6109290295560361 -0.031182260500826519 -0.044853649582816249,-0.071039696593213686 -0.027733557985805807 -0.012038271979618858 0.0034564640206897375 0.021617710213306725 0.010628211029865879,-0.20038522688459795 -1.7452163188294159 -0.13561557153782847 -1.6144243862104819 0.033539170399877895 -0.016165384592714164,-0.058126731377365778 0.032835730171417332 0.11040647413404271 0.13317620851429537 0.10869863860052685 0.096480785130556593,0.001196477260900801 -1.4993745819086741 -0.022368391065358439 -1.6094778860555805 -0.025685567845934499 -0.041911507445383883,-0.72311787603374378 -0.3859369225850024 -0.13423880654930709 0.077730379588094159 0.25091573681728202 0.13841920947891778,12.05482779785727 -104.6220513531905 -44.406731110544932 -3.2254179063391661 0.63559985439916689 -0.0037103861403079857,0.40439366352222805 -9.7937764847774815 -2.6881309344604034 -0.13032743960957305 -0.045700435452189936 -0.032739877864798927
ur,tetrapga,6.152601167,0.358039764,0.23638411,0.031878011,34.010246,41.668089,4.25128075,1,0,0,2.124521156,0.059796288,1,0,0,0,0 0 0.050000000000000003,0 0 0.050000000000000003,0 0 0.050000000000000003,wrist_3_link,8,0.04,10 0 0,0 0 0,,0.013181852049443962 -1.4916379338219887 -0.019658626676725115 -1.6107185547987082 -0.029916664242586339 -0.044228415364188312,-0.088422495385193423 -0.04416872212713184 -0.019773289247405477 0.0040892331884211453 0.027017123657098702 0.013292625179067539,-0.20268687144408121 -1.7437503928306866 -0.13094799031908841 -1.6088710287436561 0.038017054228051399 -0.012154296854582206,-0.052506660366956996 0.037619011255930042 0.11393270083100128 0.13373586084004471 0.10652103332955103 0.096309823538558367,0.0016941223920311482 -1.4981045061572082 -0.021565921907837231 -1.6091795502938058 -0.025612350349244188 -0.041767004727566004,-0.68688337258284826 -0.32478306957787406 -0.069052514045835817 0.11483407464746617 0.27359717525919541 0.16287036966313062,0.88119444864799767 -111.00332078626091 -47.704475396408256 -2.9740762292966796 0.53390520938952368 0.0025195134743548168,0.6111761424299722 -10.519743547618418 -2.9614227175692491 -0.15916637824648205 -0.05634062673860285 -0.040975128882152489
ur,tetrapga,6.194367166,0.355359322,0.230757642,0.011966447,34.047321,41.610057,4.255915125,1,0,0,2.05735221,0.090850022,1,0,0,0,0 0 0.050000000000000003,0 0 0.050000000000000003,0 0 0.050000000000000003,wrist_3_link,8,0.04,10 0 0,0 0 0,,0.011057902508192356 -1.4929883999927072 -0.020240857622073311 -1.610518554271106 -0.029139865787443792 -0.043810239445278759,-0.0397361339651989 -0.023992972243150047 -0.0097730653084005473 0.0040387410155412196 0.014783786418880819 0.0080343690445960243,-0.20476161449157892 -1.7420801141276563 -0.12611843693248156 -1.6032771231049403 0.042417436894759832 -0.0081373650261582428,-0.046840543996757814 0.042351763497752819 0.11730649294553769 0.13409998167261411 0.10416724973813359 0.096025556124561429,-0.0039780721944309184 -1.5010983689428825 -0.022367261646201089 -1.6082675182571085 -0.023436182138622946 -0.040469831231636083,-0.70902741299795224 -0.37423488130254712 -0.10016835174188622 0.11400431256730409 0.27202248970982207 0.16214747200185853,11.697183856821789 -100.35109892683269 -42.403398285986029 -3.0786195680286563 0.60815891144619072 -0.0034918242797915516,-0.47434247755758818 -3.9489275325158815 -0.22287109752683421 0.055116483825258911 -0.064318953804757939 -0.024580730807173268
ur,tetrapga,6.236065753,0.35185051,0.23145926,0.024551706,39.454046,46.775654,4.93175575,1,0,0,1.970457766,0.066463773,1,0,0,0,0 0 0.050000000000000003,0 0 0.050000000000000003,0 0 0.050000000000000003,wrist_3_link,8,0.04,10 0 0,0 0 0,,0.0078376332791987302 -1.494342693195305 -0.020661022062092856 -1.6101637154766135 -0.028006370053954822 -0.04318548622311278,-0.066859379604851985 -0.032703893983231536 -0.011604234265620619 0.0071306962274597036 0.023515991613089978 0.012934929216681238,-0.2065965200078706 -1.7402168662317337 -0.12115963625490409 -1.5976812010099899 0.046709207719393693 -0.0041411025016208037,-0.041164870598850017 0.047002933798580775 0.12050516915195601 0.13426571677768062 0.10165300083376363 0.095629564274352222,-0.0065285079429661733 -1.5023438543859884 -0.02258081871143678 -1.6077014266896694 -0.022326330160424686 -0.03976337287065871,-0.68804980506834812 -0.3668033880312806 -0.080015615194396775 0.13001833279206931 0.28155224497589687 0.17317287655016586,6.207869663652728 -98.938224463181285 -41.558240316618082 -2.7565644018524744 0.52559946653274625 0.00047317306186036917,0.22994527584879165 -8.1020630128632547 -1.9882272871367093 -0.10204197478469723 -0.061804181531229574 -0.039827076298365682
ur,tetrapga,6.282943061,0.348931057,0.219447207,0.043313777,34.131103,41.556152,4.266387875,1,0,0,1.928911546,0.096304654,1,0,0,0,0 0 0.050000000000000003,0 0 0.050000000000000003,0 0 0.050000000000000003,wrist_3_link,8,0.04,10 0 0,0 0 0,,0.0054326159935924757 -1.495451502684233 -0.020961690181145399 -1.6097760924802644 -0.027042717229031715 -0.042617793629254226,-0.08942866233240189 -0.027340702077448799 -0.00020901384831453296 0.015719425904552938 0.035663472987900652 0.021266510571905862,-0.20837636094801348 -1.7378927501875514 -0.11543037986637625 -1.5913873735683426 0.051404473797752974 0.00032874735349130887,-0.034769254447047884 0.052137249559279904 0.12389418405836747 0.13421610001370188 0.098635159099844369 0.095051211302831173,-0.012089478701891679 -1.5056304453646157 -0.023406767797607739 -1.6066710320199951 -0.020080817528007066 -0.038380510418254174,-0.6951258853162029 -0.41082671285968553 -0.10324463080792229 0.12880005746197459 0.28069145439919541 0.17285916949491498,11.121912518423196 -89.519751818283154 -37.303368684835988 -2.7109210436642632 0.54174988511821542 -0.0029254821014651359,-7.9860384827208648 -14.293546318056542 -5.0628672269386357 0.29264015711123648 0.74831921535495383 0.46820272573063448
ur,tetrapga,6.324599086,0.345435256,0.229449271,0.025029374,34.055665,41.589497,4.256958125,1,0,0,1.895965504,0.048884546,1,0,0,0,0 0 0.050000000000000003,0 0 0.050000000000000003,0 0 0.050000000000000003,wrist_3_link,8,0.04,10 0 0,0 0 0,,0.0023213881371138899 -1.4965774104948777 -0.021155626636738988 -1.6092641816924891 -0.025852912894916036 -0.041906859397114755,-0.063540927783117263 -0.027188053858079625 -0.006296228503768422 0.010323253823542126 0.024479195562491972 0.01459057615979815,-0.2097062062241058 -1.7356274539046779 -0.11021000346981089 -1.5858010578218888 0.055454452320466134 0.0042754325844286956,-0.029079064435594781 0.056610286796567294 0.1267181919438379 0.13396278502473419 0.095787872424703407 0.094419699994563552,-0.010122037683386919 -1.5037384112675272 -0.022493455171700098 -1.6066059339999532 -0.020552762092117205 -0.038553221514626076,-0.65475347283112062 -0.32931305690682361 -0.026532947689586681 0.17021006576263892 0.30176538980098305 0.19880943606055329,0.030247231604075608 -98.11180913863754 -41.060981081934813 -2.4038498763050691 0.4317393194658396 0.0052582750138459831,0.27055524903533978 -8.259693460253402 -2.1004315245528886 -0.13107536899042316 -0.062823162172364277 -0.044958669523850858
ur,tetrapga,6.366284481,0.34190335,0.232592039,0.022453515,39.530937,46.987076,4.941367125,1,0,0,1.810505551,0.058245759,1,0,0,0,0 0 0.050000000000000003,0 0 0.050000000000000003,0 0 0.050000000000000003,wrist_3_link,8,0.04,10 0 0,0 0 0,,-0.00054692710299582661 -1.49780809600082 -0.021398532387387738 -1.6087471274482781 -0.024706725962041414 -0.041209335574385532,-0.060126028204293309 -0.029182659922456316 -0.0069899428306030766 0.010749343948526294 0.024136243357893279 0.014681192685744204,-0.21079967788906936 -1.733175878018594 -0.10487192438872564 -1.580225463880482 0.05938537963948444 0.0081962721045057852,-0.023384403081656725 0.060997204108540704 0.12936423019540821 0.13351278231934338 0.092786945433327564 0.093677778606442205,-0.012994467154680379 -1.5049176334721348 -0.02238070175781752 -1.6056713257848059 -0.019135315093493966 -0.037563600456161972,-0.65827920657868011 -0.33272710742376854 -0.020122687804747501 0.18373904119844811 0.30699412067524146 0.20670733062168728,5.0389050789573142 -93.833639667136822 -39.371573983981136 -2.5517186227357627 0.4811489488386283 0.0012928693542069163,0.16133624100728028 -7.4096598540982086 -1.7467006059037118 -0.10799747521923564 -0.067012912124397417 -0.04521784324059297
ur,tetrapga,6.413367087,0.3367296,0.238046584,0.009900055,39.469586,47.006361,4.93369825,1,0,0,1.729633247,0.044484312,1,0,0,0,0 0 0.050000000000000003,0 0 0.050000000000000003,0 0 0.050000000000000003,wrist_3_link,8,0.04,10 0 0,0 0 0,,-0.0046575924769119504 -1.4997188175940626 -0.021775012456706329 -1.607975992712009 -0.023051451782253762 -0.040190346430166404,-0.055677935663109329 -0.037528733245447518 -0.010823090895884763 0.013482758665568029 0.025673966649650944 0.016692666721925251,-0.2117493750281666 -1.7301895098856723 -0.098715022655750467 -1.5739558631294308 0.063670798211281798 0.012584594170740739,-0.016959175625029469 0.065838774208891129 0.13213268033941164 0.13276915423805352 0.089220572036629711 0.092708615095412894,-0.016096902708767478 -1.5063029972812774 -0.022315423318207833 -1.6046748275208307 -0.017612486040506761 -0.036498154050125568,-0.6483342657134824 -0.33563495715498676 -0.010768381356244795 0.19658366375567352 0.3127343093312982 0.2152674629018323,5.1602143184925344 -89.799736482940389 -37.252689818349772 -2.3978761092190655 0.45657041119561148 0.0017766337585161766,2.6319737991416972 -0.85308588028237864 1.4850082910077731 0.05192154253290937 -0.27467727847659518 -0.12204296522787672
ur,tetrapga,6.46048225,0.333427597,0.225595943,0.020539525,39.696158,47.126576,4.96201975,1,0,0,1.660939247,0.063475054,1,0,0,0,0 0 0.050000000000000003,0 0 0.050000000000000003,0 0 0.050000000000000003,wrist_3_link,8,0.04,10 0 0,0 0 0,,-0.0067072064872322262 -1.5009898509535515 -0.022046629263238089 -1.6074452903633361 -0.022072585313712135 -0.039550010925318922,-0.059707865522402863 -0.025481799530471829 0.00070467956596760096 0.017783495028508435 0.029336349455304615 0.019752861147146271,-0.21239722432895247 -1.726975846454246 -0.092428962974280326 -1.567722832747696 0.067786791467160337 0.016927018491928694,-0.01054473095923599 0.070556917717076159 0.13466547910178067 0.131776607684397 0.085470282673693748 0.091600869775523008,-0.018849337029543348 -1.507642379730215 -0.022233049109449197 -1.6036868758745848 -0.016182538336005255 -0.035469985136865757,-0.63748589121158472 -0.33346065085387167 0.0018966482604970344 0.21007194271694538 0.3181237591562377 0.22389305162872833,5.0024258581328498 -86.565400219267801 -35.700347729607557 -2.2790379188588696 0.43513614572135806 0.0021305391486564763,-4.3216558415654731 -6.7780433820162216 -1.2167295135714227 0.4629230354066749 0.44632407883138114 0.34689184129771888
ur,tetrapga,6.507729243,0.32998011,0.224006032,0.029200057,39.503055,47.041841,4.937881875,1,0,0,1.598294383,0.064413967,1,0,0,0,0 0 0.050000000000000003,0 0 0.050000000000000003,0 0 0.050000000000000003,wrist_3_link,8,0.04,10 0 0,0 0 0,,-0.0091002328879447418 -1.5019712987278897 -0.022027531011784514 -1.6067510080794547 -0.020932008205101972 -0.038777872662587462,-0.067453431051470697 -0.023551725860978159 0.0045726680254852513 0.021102050433628016 0.033086543523671727 0.022699607264789527,-0.21274392528650735 -1.7235330955149109 -0.086011183386193249 -1.5615251734988875 0.071732698882360876 0.021225944209039904,-0.0041360282488675489 0.075154385909466936 0.13696315314921154 0.13053374562181005 0.081534233118530128 0.090353116688635438,-0.021421426712591035 -1.5088645967689236 -0.022059917317488742 -1.6026638083230516 -0.014784896373658181 -0.034437023949764681,-0.62617341044963548 -0.32999992765763986 0.015218798230639518 0.22363834267479565 0.32312782405706741 0.23249269115753315,4.8766821858261702 -83.445158119962997 -34.183059665953522 -2.1639306114664896 0.41468947430013114 0.0024797781329036934,-4.2537998829107835 -9.6360188438438854 -2.4458723656632486 0.38988859258915909 0.49332770443281504 0.36893963925605533
ur,tetrapga,6.554866782,0.326178426,0.226491385,0.031347349,39.441226,46.773102,4.93015325,1,0,0,1.538274945,0.055317806,1,0,0,0,0 0 0.050000000000000003,0 0 0.050000000000000003,0 0 0.050000000000000003,wrist_3_link,8,0.04,10 0 0,0 0 0,,-0.011761010390614652 -1.5029822162368625 -0.021924978779966953 -1.6059396002310966 -0.019655161899781851 -0.037898438368549309,-0.069045045423888188 -0.025315909907868351 0.0050874464450197093 0.022973650508832964 0.034644172596778731 0.024225402583033274,-0.21278880406675654 -1.7198851336071184 -0.079505854714131519 -1.5554061697370039 0.075480161875872545 0.025452975630164746,0.0022258497106557216 0.079601286878209249 0.13901061063850642 0.12904913924577083 0.077439706721581028 0.088973437837372674,-0.023917068324538403 -1.5100070955541947 -0.021798067670921413 -1.6015867485434852 -0.013381877600599352 -0.033375048963389796,-0.61384708355563644 -0.32663879703099341 0.028514295108222693 0.2370023367454776 0.32757566791158899 0.24091777369399259,4.6877334031541515 -80.162806158124184 -32.59336359247871 -2.0419013054890414 0.39259087300714007 0.002849390259592321,-3.5900529920211852 -10.344625039474522 -2.6875946031464082 0.34332917145820829 0.45955357395602192 0.34890890251071482
ur,tetrapga,6.601712108,0.322304577,0.228702167,0.061770583,34.046786,41.319919,4.25584825,1,0,0,1.50607287,0.04483746,1,0,0,0,0 0 0.050000000000000003,0 0 0.050000000000000003,0 0 0.050000000000000003,wrist_3_link,8,0.04,10 0 0,0 0 0,,-0.01431746400501286 -1.5040431541851575 -0.021829497749588516 -1.6051094085185509 -0.01839376638136089 -0.037014210455702197,-0.0636184271564329 -0.026397107109976843 0.004526888066299431 0.023412737759171048 0.033872347326571066 0.024032465077780299,-0.21253720705895529 -1.7160554834640349 -0.072950980116350567 -1.5494000583317078 0.079009432565699256 0.029586278512639484,0.0085084627231986343 0.083876125411609825 0.14080026202453957 0.12733443205132655 0.073212226146718601 0.087470860784579482,-0.023775875462422713 -1.50930043057881 -0.021235631086003813 -1.6012324598233096 -0.013195066916320004 -0.033131028433589164,-0.58232809820611175 -0.28441424226431866 0.072268912323825249 0.26445302205018389 0.33659564612645043 0.25795100939965993,-0.081238138911215785 -81.170348986908323 -32.00678971942849 -1.6611435504517904 0.30421663707551633 0.0088227791944054078,-11.480808492345275 -12.130719158283682 -0.92282150589628031 3.4591526380936557 2.7307313070098118 2.0170924001679538
ur,tetrapga,6.643120789,0.318516898,0.234006796,0.019324873,39.66662,46.983237,4.9583275,1,0,0,1.440491683,0.043684134,1,0,0,0,0 0 0.050000000000000003,0 0 0.050000000000000003,0 0 0.050000000000000003,wrist_3_link,8,0.04,10 0 0,0 0 0,,-0.016746277956984586 -1.5051306955166479 -0.021728224228979961 -1.6042606221394962 -0.017153599814912955 -0.036127400731994552,-0.04689804916669045 -0.023330926733331502 0.00071004866047456514 0.016317918469124535 0.024029999034370215 0.017162946342191329,-0.21207058153226213 -1.7125062164661324 -0.067091458029774662 -1.5441621191718282 0.081961487458604113 0.033178952981353316,0.014022424832607948 0.087530264085271731 0.14217683893035751 0.12562259488961541 0.069350130815111627 0.086035244972955782,-0.026662593527757988 -1.5105997313783046 -0.020748747014491253 -1.5998018758691817 -0.011479631184713599 -0.031774112516552044,-0.5805161322120207 -0.29271759209635539 0.076254014126398109 0.27345357933677561 0.33813456587728213 0.26325176138360074,3.9513549245195785 -75.923387155014922 -30.553876961211618 -1.8614033116770365 0.35620811231568528 0.0036058116795033108,0.078734936356966045 -6.3772079637719798 -1.4406446961091319 -0.12689476983086934 -0.069542303861492627 -0.052891267139088427
ur,tetrapga,6.69020219,0.31433023,0.231676108,0.019885331,34.01127,41.315714,4.25140875,1,0,0,1.395023048,0.034235781,1,0,0,0,0 0 0.050000000000000003,0 0 0.050000000000000003,0 0 0.050000000000000003,wrist_3_link,8,0.04,10 0 0,0 0 0,,-0.019274640928991615 -1.5063095619239373 -0.02158184785681962 -1.6032959385397898 -0.015808150976172424 -0.035143330904860423,-0.044995435740362175 -0.023492307545019801 0.0024409080292837251 0.020231045839612861 0.026225675744202301 0.019925918714759815,-0.21126380084628305 -1.7082902029516878 -0.060365295074201269 -1.5382977247913137 0.085120578818801279 0.037188851980622335,0.020239408941297589 0.091537869192849911 0.14350601214668701 0.12345584930730509 0.064823473359684192 0.084282572639421446,-0.027372175924578739 -1.5105843543358544 -0.020316632848376606 -1.5992045971328193 -0.010901835240096663 -0.031254025516171693,-0.55044556302557757 -0.26621384632515221 0.10608305814451513 0.293039015303311 0.34275745321601925 0.27558734303121407,-0.4419708546516663 -74.996556307251083 -28.736608342814669 -1.3863302616713375 0.25515933257056883 0.010150715088561531,0.68005369696024331 -2.8383337983159436 0.65759834179722532 1.1135785092192236 0.30069327261299961 0.43259444470133701
ur,tetrapga,6.731591195,0.31145784,0.22902816,0.014098983,39.497054,46.937665,4.93713175,1,0,0,1.335575066,0.045662951,1,0,0,0,0 0 0.050000000000000003,0 0 0.050000000000000003,0 0 0.050000000000000003,wrist_3_link,8,0.04,10 0 0,0 0 0,,-0.020727275939705355 -1.507000645438255 -0.021428342862418782 -1.6026163389313788 -0.014941357590143459 -0.034477318972585339,-0.03007174923710209 -0.012490854726514513 0.0041665874958971005 0.014015285413948649 0.017760743021844348 0.01366909517910388,-0.21031390989439747 -1.7044309577574386 -0.054405186575639648 -1.5332307653115038 0.087719226899909505 0.0406435196737924,0.025652613610139659 0.094927485096443845 0.14446578798950879 0.12136033985276523 0.060731374183103634 0.082637871538871144,-0.030100758683901999 -1.5118890414736312 -0.01972080336986138 -1.5976570675767332 -0.0091665897373709882 -0.02982207932689572,-0.54872699008157921 -0.27507728955565047 0.1092197014433243 0.30005858014198622 0.34314147607312173 0.27972171446332494,3.4102192263815638 -69.962501611936929 -27.667453765891842 -1.6325314317516941 0.31344730235211671 0.0043655968619222959,-0.19513118795096318 -4.6526644835930711 -0.75082607431467352 -0.061009090697552892 -0.061156796460011265 -0.042074070756527249
ur,tetrapga,6.778627928,0.307630426,0.224651349,0.017,33.964062,41.441188,4.24550775,1,0,0,1.291178444,0.035861587,1,0,0,0,0 0 0.050000000000000003,0 0 0.050000000000000003,0 0 0.050000000000000003,wrist_3_link,8,0.04,10 0 0,0 0 0,,-0.022875255682907315 -1.507771448702464 -0.021010636214130851 -1.6015693916193754 -0.013667947969881966 -0.033480452178035337,-0.044238272998783357 -0.016063239335127599 0.0098210020180137299 0.023899238659629521 0.027878544275138657 0.022386648624268337,-0.20896388242380062 -1.6998782975793947 -0.047588943097862151 -1.5275825048342966 0.090464116355783858 0.044484332797107604,0.031738134738500109 0.098623342701207289 0.14531828386537998 0.1187660793166989 0.05596054233025545 0.080653040647582525,-0.03065299477917725 -1.5118433135199427 -0.019291432640788825 -1.5970840606650678 -0.0086544229627644395 -0.029332118380433425,-0.52062395979101328 -0.25163380112867323 0.1342859332459625 0.31614634383644036 0.34535609375447962 0.289893681649464,-0.50144926254941247 -69.02272461236339 -25.633910626621041 -1.1452407533516964 0.21346308932123678 0.011123344206614025,-0.97936579584379047 -5.6100001547692955 -0.76346612857544471 0.19340763621221413 0.13770052661011434 0.1454747050989198
ur,tetrapga,6.820156753,0.304610313,0.226533747,0.018196062,39.538163,46.912266,4.942270375,1,0,0,1.239285271,0.041416873,1,0,0,0,0 0 0.050000000000000003,0 0 0.050000000000000003,0 0 0.050000000000000003,wrist_3_link,8,0.04,10 0 0,0 0 0,,-0.024403763849969552 -1.5082931245618931 -0.02065042038561957 -1.600751847720979 -0.012715904688102896 -0.032713796840130704,-0.029695660510212191 -0.0095142841639503043 0.0073257328987036381 0.015822589663836407 0.018395915788552722 0.014821591855670049,-0.20753539208435368 -1.6957173119151034 -0.041542119566529333 -1.5227010908089247 0.092698870090556273 0.047795611911279928,0.037046399774973621 0.10174439924520633 0.14585953951454611 0.11629094264616906 0.051648648146986574 0.0788004287323983,-0.033233616196450377 -1.51304405751404 -0.018534987508916828 -1.5954254693156475 -0.0069117275359683508 -0.027831605635158897,-0.51786686091732947 -0.26103672037820258 0.13702412823087373 0.32194264877831624 0.34475877191856902 0.29324195561348648,3.0554220839460875 -63.99373861756699 -24.775737285572209 -1.4135504668386014 0.27356258347219681 0.0049957129622413927,0.0035574187914022559 -6.0047005924907353 -1.3851922298077568 -0.12368702685762401 -0.052326140325508419 -0.045684522352381407
ur,tetrapga,6.867168145,0.300717812,0.225475385,0.032521935,34.21556,41.872976,4.276945,1,0,0,1.194130624,0.024808252,1,0,0,0,0 0 0.050000000000000003,0 0 0.050000000000000003,0 0 0.050000000000000003,wrist_3_link,8,0.04,10 0 0,0 0 0,,-0.026424873414851828 -1.5089875617283819 -0.020120717003751971 -1.5996309495088241 -0.01144680121209949 -0.031677249903681516,-0.040749243943703224 -0.015284120256636795 0.011029153696096463 0.025042610699661173 0.027335344625259234 0.022797583666480131,-0.2056540789027555 -1.6908543024710008 -0.034675295634201631 -1.5173039178571892 0.09501016740286676 0.051448685586595433,0.042975309748713358 0.10511246623561048 0.14623245821150244 0.11328453989071539 0.046662752802051233 0.076592471989170588,-0.033744307904645596 -1.5129517072437983 -0.018066187662476627 -1.5948445604094752 -0.006420439841145092 -0.027339562389391579,-0.48938324598453486 -0.24198736091189219 0.15770813409267787 0.33545631764687645 0.34485333643721927 0.30185837779789404,-0.64550242112637424 -62.333570896130716 -22.184077031423563 -0.8782973353653204 0.16662045253451799 0.012141053149919638,-2.3365336766493954 -6.6118729316849567 -0.26612619713579022 1.8212283869388557 0.9643095620170925 0.92157963318449987
ur,tetrapga,6.909143811,0.297571725,0.226864115,0.018369904,28.571848,36.106916,3.571481,1,0,0,1.158979641,0.031249763,1,0,0,0,0 0 0.050000000000000003,0 0 0.050000000000000003,0 0 0.050000000000000003,wrist_3_link,8,0.04,10 0 0,0 0 0,,-0.027863530806571921 -1.5095114861010033 -0.019703417878363081 -1.5987495341017353 -0.010486435685783673 -0.030869980503346876,-0.027936242078689583 -0.0098137817851900976 0.0083047305977673753 0.017052757697937269 0.01856739012361848 0.015614530753170859,-0.20374042281169288 -1.6863816961880227 -0.028533911736803294 -1.5126082432451655 0.096873884652274367 0.054620609023660054,0.048191274918289811 0.10796813468000888 0.14635006814791868 0.11042078498354314 0.042124071186183921 0.074524011071706697,-0.037744391325078466 -1.515118984190956 -0.016880579206878469 -1.5921677504279013 -0.0036768272523442901 -0.024932929747289265,-0.50001078616433237 -0.27090977648318509 0.14820111681022646 0.33460143999853387 0.34295184342621587 0.30082928555710448,6.2660085991476127 -55.171244104116653 -22.550997873249784 -1.6135318273017532 0.31963469649513193 -0.0017136816563822863,0.018238490988068179 -6.0620683691658996 -1.4583987924528543 -0.14093391789992893 -0.050681580534391202 -0.048139796596444739
ur,tetrapga,6.945337904,0.294396567,0.227505108,0.02062166,34.167112,41.592356,4.270889,1,0,0,1.108539805,0.008152674,1,0,0,0,0 0 0.050000000000000003,0 0 0.050000000000000003,0 0 0.050000000000000003,wrist_3_link,8,0.04,10 0 0,0 0 0,,-0.029395610798044744 -1.5100630603076204 -0.019213499900575543 -1.5977841280616689 -0.0094596192425327567 -0.029995992062302395,-0.038721845393089663 -0.014775678403536127 0.011933360065097081 0.024191454864811088 0.025803699312177065 0.021976063739535243,-0.20191575307268489 -1.6824311180848035 -0.023237564205825557 -1.5086583856174751 0.098326770466046667 0.057284561480128456,0.052625591683890131 0.11031319576197494 0.1462884217718049 0.10781877047827196 0.038150019757087136 0.072668778301496831,-0.037266272834401225 -1.5145336977468866 -0.01668182658669945 -1.5921934807790756 -0.0038342598790209728 -0.02498817545073518,-0.46203415091006428 -0.2428345162440258 0.17065165080867317 0.34780740436457752 0.34174555596525158 0.30953578440473906,-0.71897538449497311 -55.207905562280857 -18.637938479213275 -0.61525702573201668 0.12171244718272731 0.013053716691591775,0.16143759367540156 -6.8051479130090229 -1.8194570581464546 -0.21603566271278396 -0.066251927657434706 -0.067790254955575335
ur,tetrapga,6.98702556,0.291049441,0.226157048,0.017652644,28.56163,35.810437,3.57020375,1,0,0,1.083671903,0.023976716,1,0,0,0,0 0 0.050000000000000003,0 0 0.050000000000000003,0 0 0.050000000000000003,wrist_3_link,8,0.04,10 0 0,0 0 0,,-0.030845089656160452 -1.5106122697995019 -0.018715743097924398 -1.5968002112999757 -0.0084427674171610127 -0.029110014282214124,-0.028994727002764197 -0.010389041703726429 0.01055710165559659 0.020008645208812171 0.020497519559569799 0.01797611737616845,-0.19961677153040847 -1.6777784640864206 -0.01714382283416593 -1.5042286932279127 0.099820649593085592 0.060268036168825735,0.057655812358300147 0.11287708238494554 0.14603059554991765 0.10467321692559732 0.033509243043325143 0.070451777358837828,-0.041033765264726581 -1.5166823419379951 -0.015369076316694737 -1.5894168718478636 -0.0011159653181748402 -0.022520648759694312,-0.4709368745827367 -0.26858064581500429 0.16409387916821436 0.34707633431380719 0.33978707821443443 0.30844105130039651,5.4759249599719428 -48.554700393166293 -19.671392212221086 -1.4024945344277246 0.27812235065275343 -0.0014511578533143667,-0.00097331733746841564 -5.8253726094571903 -1.4101745298686055 -0.15984166687394463 -0.056278081881801612 -0.055422196691381487
ur,tetrapga,7.02293158,0.287047512,0.231726682,0.02228637,34.06524,41.508181,4.258155,1,0,0,1.029426873,0.011794343,1,0,0,0,0 0 0.050000000000000003,0 0 0.050000000000000003,0 0 0.050000000000000003,wrist_3_link,8,0.04,10 0 0,0 0 0,,-0.032816943886807601 -1.5113766917623539 -0.017997651343894559 -1.5954548064780514 -0.0070757649682239776 -0.02790974706560639,-0.049874347229948879 -0.02128442468694363 0.017164494948889955 0.033723706360219749 0.034411684024425578 0.030225190010378628,-0.19746985356403365 -1.6736876649487784 -0.011906861020145125 -1.5005208279749664 0.10095131117694532 0.062762376557830596,0.061918520031356054 0.11496578098112557 0.14564861026528464 0.10183953396673448 0.029462436953007841 0.068475192335959681,-0.040384028243150918 -1.5159439938334305 -0.01520336477482918 -1.5895664612662161 -0.0014061194033470883 -0.022687189137342363,-0.4323343688190121 -0.23930968387020446 0.18499992964199607 0.35867234604881981 0.33621834653587401 0.31600120437364254,-0.65708632205740614 -48.313670689037508 -15.346067196265496 -0.39268412918653506 0.082892029190183097 0.0133848670101627,0.28533685245611196 -7.354502109461464 -2.1384824685188306 -0.3058666226997957 -0.085921956072324335 -0.093262065083891343
ur,tetrapga,7.064537913,0.283416373,0.228087944,0.016254584,34.184562,41.651619,4.27307025,1,0,0,0.994000973,0.00859542,1,0,0,0,0 0 0.050000000000000003,0 0 0.050000000000000003,0 0 0.050000000000000003,wrist_3_link,8,0.04,10 0 0,0 0 0,,-0.034301184174763653 -1.5120448567611162 -0.017455839877287483 -1.5943682294155765 -0.005994486386639567 -0.026939215504256472,-0.029550605822938478 -0.012896824844650549 0.011409684563265866 0.022224225890215461 0.021901229741190947 0.019809669251614266,-0.19479234377137894 -1.6688564096225695 -0.0058593161354436067 -1.4963543653743323 0.10207869328384335 0.065562438574934545,0.066772693652031215 0.11724540439289441 0.14502155521221355 0.098415973407840807 0.024721673761446145 0.066109376126626207,-0.040620041733783419 -1.5157850015386694 -0.014714598870957388 -1.5890281316868893 -0.0010448131925745174 -0.022244438879293549,-0.40967958577536168 -0.22382207632277024 0.2018754937316064 0.36740182548919648 0.33193633975402304 0.3210955405331149,-1.2132733265527502 -45.669649374158965 -13.790996902127574 -0.2370799605450763 0.051084504989777985 0.014284247381499334,-0.048017559085593575 -5.3640126393993341 -1.2708371980078823 -0.16855866270725528 -0.061342913436327251 -0.061068669284310317
ur,tetrapga,7.106288241,0.27866802,0.234176683,0.020564958,34.029398,41.527197,4.25367475,1,0,0,0.956827691,0.00238816,1,0,0,0,0 0 0.050000000000000003,0 0 0.050000000000000003,0 0 0.050000000000000003,wrist_3_link,8,0.04,10 0 0,0 0 0,,-0.036452060505058989 -1.5129832547253959 -0.016590840763511826 -1.5927615808693032 -0.0044286459295437034 -0.025518683422517008,-0.046257072464432357 -0.022077568591502707 0.017717973183967787 0.034288553829407618 0.033542712503596549 0.030440569252688308,-0.19190455198574963 -1.663916298198254 0.00017879990590657935 -1.4923197391017859 0.10301065963360875 0.068271591252762318,0.071547012895398387 0.11937887505706579 0.14419426861153314 0.094833938372137688 0.019915456070386427 0.063656407174705346,-0.041653490037360283 -1.5161098870189975 -0.013948671028794065 -1.5879101117514347 -0.00012451835765628708 -0.021287727917604683,-0.38967993732843287 -0.21571988394476621 0.21300612947706174 0.37309312520186166 0.32652646390118889 0.3242292093350152,-0.94358592070865388 -42.061040988862416 -12.138903836647836 -0.14547116578491603 0.035994173288414144 0.014073838113997544,0.21079590831303108 -6.7864361028669009 -1.9586708490203151 -0.30129535823652986 -0.084703617948177712 -0.09391594321785135
ur,tetrapga,7.147914628,0.275020239,0.228046733,0.015680126,34.124154,41.716828,4.26551925,1,0,0,0.922532272,0.002760862,1,0,0,0,0 0 0.050000000000000003,0 0 0.050000000000000003,0 0 0.050000000000000003,wrist_3_link,8,0.04,10 0 0,0 0 0,,-0.03779525144082517 -1.5136349875440724 -0.016013204576280585 -1.5916543623924333 -0.0033839104952221991 -0.024540783008845195,-0.025740761414214962 -0.011497573282317607 0.011716793424131903 0.021352023221190685 0.020043744702184126 0.018820256863780443,-0.18882898112148055 -1.6589054138847728 0.0061605110269856546 -1.4884489385959998 0.10373919123811033 0.070869149613386778,0.076206017981809537 0.12135021269913664 0.14317314644426807 0.091121158837859664 0.01508148300769532 0.061134598004753155,-0.042683591213469846 -1.5165345390687528 -0.013197979097385919 -1.5867607902700374 0.00081386915628322946 -0.020299799176989129,-0.36990259559016297 -0.20776273493928188 0.2228698536049229 0.37768087992164912 0.32101047957822704 0.32680706336569654,-1.2854538136771003 -39.008989646243087 -10.459567418222829 0.0061939389668466127 0.0078372710396054368 0.01496394865805219,-0.070656255646184718 -5.1744416191459095 -1.248702424797294 -0.16681540896115621 -0.054672317457338249 -0.058017530916821158
ur,tetrapga,7.189731401,0.271993607,0.224097289,0.016445179,34.01288,41.674493,4.25161,1,0,0,0.892100935,0.001721927,1,0,0,0,0 0 0.050000000000000003,0 0 0.050000000000000003,0 0 0.050000000000000003,wrist_3_link,8,0.04,10 0 0,0 0 0,,-0.038708785737759079 -1.513986970894821 -0.015487477492945916 -1.5907824661538965 -0.0026114850862270895 -0.023782095687531979,-0.019002781858230743 -0.0057893063284167098 0.011719648084811305 0.01798791182433954 0.015859122418048148 0.015612455051147455,-0.18554627784970643 -1.6537922933280345 0.012122688258793708 -1.4847189252988355 0.10426769119477529 0.073371342873758044,0.080779972288547608 0.12317191274222752 0.14195148290307796 0.087254326313933067 0.010190152295531163 0.058527448471433888,-0.043510215907712382 -1.5168637154715223 -0.012484798542842086 -1.5857167425127532 0.0016250861945742339 -0.019407062209189078,-0.35175346027191667 -0.20037006862355183 0.2322412378333723 0.38186074469597731 0.31548679967005211 0.32923568070426079,-1.4069187987437619 -36.129017717550049 -8.958489812990468 0.1249351976725166 -0.013769230547396538 0.015444489305972111,-0.056513473259968805 -5.4269090448915449 -1.371814158096754 -0.15587969169155258 -0.039848179420306717 -0.048133837719610995
ur,tetrapga,7.231509056,0.268880772,0.222787009,0.018261182,34.136221,41.573482,4.267027625,1,0,0,0.863580146,0.004341525,1,0,0,0,0 0 0.050000000000000003,0 0 0.050000000000000003,0 0 0.050000000000000003,wrist_3_link,8,0.04,10 0 0,0 0 0,,-0.039650955162387945 -1.5142653141796298 -0.014860335037321728 -1.5898430293847876 -0.0018054157046381255 -0.022972703718978801,-0.020098873752066735 -0.0049669131155168928 0.013910094673289625 0.019872782084970193 0.016994170592947513 0.017108369246183981,-0.18207794977112884 -1.648611235528973 0.018024206763421011 -1.4811566485109477 0.10459082965978987 0.07576083090370446,0.085238628942198399 0.12483127511559723 0.14053663238050976 0.083259168999903474 0.0052751781757433619 0.055851671064088518,-0.044254010918986203 -1.517118303576666 -0.011747402879677453 -1.5846965494657805 0.0023867480783666111 -0.01853927554012566,-0.33417818862184356 -0.19422359758957175 0.24064549819700326 0.38541707652084767 0.30961411903821051 0.33132594190494868,-1.383387822539591 -33.14681817341468 -7.4748362813039266 0.22869487611765904 -0.032108843656090846 0.015670212694353463,0.028788273056477465 -6.0261900378018254 -1.6614610101664411 -0.19143538303342211 -0.038341591400389341 -0.052771284878993185
ur,tetrapga,7.273180843,0.26563096,0.223124302,0.019442936,33.976527,41.297634,4.247065875,1,0,0,0.835975082,0.008526027,1,0,0,0,0 0 0.050000000000000003,0 0 0.050000000000000003,0 0 0.050000000000000003,wrist_3_link,8,0.04,10 0 0,0 0 0,,-0.040627977710703762 -1.5145472166834253 -0.014166294413499732 -1.5888322709642866 -0.00095665648575351983 -0.022104735953517383,-0.020746108603645324 -0.0055755001652313283 0.015013083539475332 0.02133078841642852 0.017886466574106415 0.01832646473177299,-0.17843522841548973 -1.643377610524998 0.023847883801074058 -1.4777723193911825 0.10470812996104401 0.078031474650103877,0.089571011182726187 0.12632483003959996 0.13893380494147939 0.079148156467136799 0.00035163555028942264 0.053114777166688748,-0.044972352160386073 -1.5173468333138136 -0.010972841368855143 -1.5836586160685826 0.0031408146035730522 -0.017658265419202682,-0.31641974424099867 -0.18925914990847056 0.24800092052790093 0.38822428543527604 0.30322111517588796 0.33296755490512586,-1.3723022695926077 -30.00349875935165 -5.9241340543524759 0.33662615621649061 -0.051302091446033149 0.015886176412899349,0.084169070895711684 -6.4161689823667984 -1.8586490705854928 -0.21766267178645649 -0.03745230048567616 -0.0565440097042611
ur,tetrapga,7.314568631,0.262282464,0.223449165,0.019605947,34.172199,41.476263,4.271524875,1,0,0,0.809086988,0.012457461,1,0,0,0,0 0 0.050000000000000003,0 0 0.050000000000000003,0 0 0.050000000000000003,wrist_3_link,8,0.04,10 0 0,0 0 0,,-0.041599210794903502 -1.5148503532701261 -0.013429130982539507 -1.5877658050313803 -8.3940880252388788e-05 -0.021190714162479269,-0.019304975132322759 -0.0057293756176393989 0.014899769200929046 0.021118722503485302 0.017255955478465781 0.018110364552603481,-0.17464106700008952 -1.638121387934625 0.029561869069841082 -1.4745831094211774 0.1046212406353708 0.080172413412651009,0.093755964745756828 0.12764700394631889 0.13715466994738021 0.074946106229540801 -0.0045521324667424775 0.050332309528605471,-0.045672639882910378 -1.5175775662719093 -0.010164605928825433 -1.5825901588151945 0.0038985120527514688 -0.016751569676529417,-0.29835730743238104 -0.18487162346119534 0.25454753626459625 0.39025647541282055 0.29625940602017942 0.33411502126533021,-1.4038834751578437 -26.789246229198788 -4.3359585610924656 0.44960247192829583 -0.0716460242604266 0.016144310554101888,0.087099713346219687 -6.4699626097808505 -1.9055058672946288 -0.22207207786232175 -0.034269088617132404 -0.055880583978797915
ur,tetrapga,7.356138743,0.259005583,0.223393484,0.019341616,34.044064,41.617656,4.255508,1,0,0,0.783458761,0.01523548,1,0,0,0,0 0 0.050000000000000003,0 0 0.050000000000000003,0 0 0.050000000000000003,wrist_3_link,8,0.04,10 0 0,0 0 0,,-0.042467529748711465 -1.5151404429129727 -0.012715137225900779 -1.5867426225030254 0.00072872619421591274 -0.020315943225085401,-0.018025262490656956 -0.0055568419387292149 0.015101712977299652 0.021091814230069329 0.016736538892274798 0.018039441716100085,-0.17065836555551714 -1.6327903049988775 0.03522304645525394 -1.4715572959924221 0.10432950415756038 0.082205575257270694,0.097836950855755569 0.12881201502707898 0.135182235973485 0.070611755923522479 -0.0094842906192886423 0.047476118381868097,-0.046311259318897117 -1.5178032051279717 -0.0093544529159135994 -1.5815329573430228 0.0046239684740906105 -0.01585469472475301,-0.28014681864796054 -0.18052506709167046 0.26067733869210219 0.3916791734923013 0.2887936756308036 0.3348827226957069,-1.432830322043749 -23.583697758116141 -2.761185989186119 0.56062062737977236 -0.091721910878046653 0.01637671488835821,0.070795149716644801 -6.3827331994561973 -1.8921078832521872 -0.22294487712770206 -0.032399521327630687 -0.055660042540374377
ur,tetrapga,7.397830971,0.255717719,0.223163702,0.01918718,34.26261,41.654876,4.28282625,1,0,0,0.759053021,0.017712861,1,0,0,0,0 0 0.050000000000000003,0 0 0.050000000000000003,0 0 0.050000000000000003,wrist_3_link,8,0.04,10 0 0,0 0 0,,-0.043285602642164349 -1.5154184490876077 -0.011983697924267093 -1.5857145696366244 0.0015220017844526539 -0.019439153476286514,-0.017005633134410725 -0.0051626226784919974 0.015549614310612964 0.021199648045466063 0.016335531667241197 0.018082291011560482,-0.16649620531368867 -1.6273983544627413 0.040814654953144548 -1.4687058526232748 0.1038309568080943 0.084124218046455507,0.10180268743035314 0.12981528299159029 0.13301992194077858 0.066155961484583012 -0.014430672940128099 0.044552711978923083,-0.04689267400584169 -1.5180187136940395 -0.008537157497190034 -1.580483811520951 0.005319415583740543 -0.014964819791665571,-0.26178038104496315 -0.17598582335638158 0.26648974336799591 0.39249400059977341 0.28080381021108303 0.33526304207622765,-1.4482948025457243 -20.430620850270721 -1.220004974318921 0.66780362210897781 -0.11111805978652436 0.016577060414988552,0.059903093474815705 -6.3317693169901759 -1.8955216515700073 -0.22592907720900257 -0.030630867535408335 -0.055791611653326356
ur,tetrapga,7.439590326,0.25242924,0.223012917,0.019154405,34.090657,41.76028,4.261332125,1,0,0,0.735826395,0.019781508,1,0,0,0,0 0 0.050000000000000003,0 0 0.050000000000000003,0 0 0.050000000000000003,wrist_3_link,8,0.04,10 0 0,0 0 0,,-0.044055362530353755 -1.5156789804398634 -0.011236790421811027 -1.5846874855410482 0.0022930314827112287 -0.01856493359304771,-0.016301429068993668 -0.0048798911287439945 0.016231458810951362 0.021632078086350405 0.016195768536750758 0.018412038785452809,-0.16216433775980735 -1.6219592695159584 0.046321089257159873 -1.4660382123178919 0.10312501260680393 0.085922594082148127,0.10564315904437369 0.13065343681367717 0.13067216730419273 0.061589871267030284 -0.019377603833963433 0.041568675150733245,-0.047420000005868899 -1.5182190441615249 -0.0077111541474964053 -1.5794440546029964 0.0059845439061557096 -0.014082846303380145,-0.24324771960152802 -0.17127463650765801 0.27197747977283282 0.39269924566766823 0.27229004982961091 0.33525380205205224,-1.4495492722478913 -17.329946423573269 0.28480113729237733 0.77062574698724751 -0.12974865507261923 0.016736666068409786,0.055045129551729133 -6.3209537792890842 -1.9178776676782405 -0.23239699019995896 -0.029361245809279346 -0.056809580338935461
ur,tetrapga,7.481453305,0.249046282,0.222848313,0.019358237,28.691915,36.276571,3.586489375,1,0,0,0.73246811,0.021997905,1,0,0,0,0 0 0.050000000000000003,0 0 0.050000000000000003,0 0 0.050000000000000003,wrist_3_link,8,0.04,10 0 0,0 0 0,,-0.044813669049390395 -1.5159350044785314 -0.010432844284843321 -1.5836069322431965 0.0030804602723987044 -0.017646655285617145,-0.015113941597105144 -0.0044285131751756477 0.016447733748192445 0.021412623690492797 0.015559731316276275 0.01819473562935715,-0.15766358020355034 -1.6164750726295445 0.05173901213077961 -1.4635573985370878 0.10221024759121224 0.087599237989196083,0.10935710880446736 0.13132544448009531 0.12813888468045495 0.056915050821429176 -0.024322168047542298 0.038524266651728645,-0.046452491237839642 -1.5171566953881011 -0.0082496394807744285 -1.5804712320588259 0.0051300811622778508 -0.014961281657185636,-0.20485277355615597 -0.15271136369619817 0.27290060050861153 0.39196252304631279 0.2562026112348933 0.33567170355393883,-4.0499377695206684 -14.825878274591117 8.0433118481891714 2.0306952463315886 -0.35410318818282166 0.033837482141105726,0.059319404657543373 -6.3882182500592535 -1.9722740266625713 -0.23732187653240544 -0.026053904638716929 -0.05614237344888906
ur,tetrapga,7.51782746,0.24615908,0.222877705,0.01920904,28.526438,35.856076,3.56580475,1,0,0,0.698101722,0.022371196,1,0,0,0,0 0 0.050000000000000003,0 0 0.050000000000000003,0 0 0.050000000000000003,wrist_3_link,8,0.04,10 0 0,0 0 0,,-0.04540648722779729 -1.5161430812529511 -0.0097451519773497971 -1.5826962396910558 0.0037233786765574718 -0.016873616815898603,-0.014980955868952135 -0.0045995178323132418 0.017774557387788048 0.022829655285047455 0.016089906739586175 0.019381033186965616,-0.15362885780589638 -1.6116897090946174 0.056357714092002076 -1.4615621838446753 0.10124767376747489 0.088951790062459846,0.11247065305875072 0.13177215185902058 0.12579422780079538 0.052778900314407601 -0.028600939490869986 0.035838505079576935,-0.046918386590761273 -1.5173389939243065 -0.0075393091546777863 -1.5795724921231149 0.0057030041635246099 -0.014196675317161137,-0.18898742037049776 -0.14948908391943611 0.27573035283400138 0.39046844599259545 0.24745318587089229 0.33461768734218333,-3.7164474016673403 -12.028108973914618 9.4621465629914816 2.114143788362179 -0.36819137804659285 0.033826466684442377,0.049975290619670432 -6.3389833117198577 -1.9806897868697497 -0.24868401170260768 -0.027102951224943439 -0.059801623804062842
ur,tetrapga,7.553777282,0.243222654,0.222912118,0.01907256,34.019428,41.63408,4.2524285,1,0,0,0.673000372,0.001446416,1,0,0,0,0 0 0.050000000000000003,0 0 0.050000000000000003,0 0 0.050000000000000003,wrist_3_link,8,0.04,10 0 0,0 0 0,,-0.045986440993280135 -1.5163487086262901 -0.0090149304064765373 -1.5817464728767201 0.0043756406890987547 -0.016067865158620673,-0.014433736604417439 -0.0046353106744146015 0.018764521242026846 0.023753722429391059 0.016217323443733875 0.020154949843606853,-0.1495318320641387 -1.6069464711679409 0.060836406321787662 -1.4597392299421634 0.10014376719751929 0.090191940058658757,0.11544183080303411 0.1320880473406765 0.12334815739172032 0.048627499268885606 -0.032808972751381921 0.033149298499759124,-0.047906183365138647 -1.5180679980676097 -0.0059676579364823235 -1.5775384770054648 0.0069726792888236081 -0.012466831346552994,-0.18172119663974234 -0.15301834903895095 0.28868273051185489 0.39012568680659709 0.24166960781399063 0.33317986141723888,-1.53482354918139 -8.0270342949021067 5.0079495548396462 1.1034403245035749 -0.19220093851817516 0.017181072624948713,0.039803404818741228 -6.2939449558325578 -1.9898264443067184 -0.25708870743892476 -0.026896275388335056 -0.06218865595986145
ur,tetrapga,7.595513061,0.240970155,0.217136499,0.017998799,34.034174,41.43206,4.25427175,1,0,0,0.656285836,0.000576137,1,0,0,0,0 0 0.050000000000000003,0 0 0.050000000000000003,0 0 0.050000000000000003,wrist_3_link,8,0.04,10 0 0,0 0 0,,-0.046176427417586027 -1.5162666736874131 -0.0085904627710783037 -1.5812701425146558 0.0046609759270212691 -0.01566172416381896,-0.0026872397855194022 0.0044681715475050508 0.0085625090428986458 0.0084067580465147715 0.0046622426087005175 0.0071119070839182671,-0.14464410527137389 -1.6014287065164328 0.065922474597041383 -1.4578115697902903 0.09867304989109367 0.091509602128768325,0.1187561102790852 0.13229798656031991 0.12035093785874029 0.043734267662799843 -0.037662297659941189 0.029986741266333702,-0.048385107926897597 -1.5183612367740453 -0.0049453421022145434 -1.5762959304344879 0.0076896852257773689 -0.011406971422937159,-0.16797531694190759 -0.14923761206675368 0.29171478144572127 0.38854741569654416 0.23410720223186626 0.33216329153110219,-1.6027459761634453 -6.0416988659056621 5.981598849290557 1.1850716056214794 -0.20576591668531308 0.017824483675303628,-0.043267980403697948 -5.9396035905883764 -1.7715298018402557 -0.14469424710932799 0.004956617599658486 -0.021930454508499508
ur,tetrapga,7.637039741,0.238581586,0.217913074,0.020145566,34.116821,41.426757,4.264602625,1,0,0,0.643086021,0.004348767,1,0,0,0,0 0 0.050000000000000003,0 0 0.050000000000000003,0 0 0.050000000000000003,wrist_3_link,8,0.04,10 0 0,0 0 0,,-0.046410644161737874 -1.5161627100421768 -0.0080829808681636122 -1.5807120639436378 0.0049928043861326822 -0.015189808431879294,-0.0052127385677041924 0.0031033358772776915 0.011510863291166122 0.011948659238946766 0.0070827695722268961 0.010083866426224407,-0.13964662901378111 -1.595933368462821 0.070855478224075813 -1.4560977854690362 0.097009486810073736 0.092688816839972141,0.12190666667087045 0.13233963489231909 0.1172044527741385 0.038793204396097646 -0.042450555995539332 0.026799997087269642,-0.048615966655762122 -1.5184238881100391 -0.0041524641934265272 -1.5754101345734373 0.0081424541044712254 -0.010649949806433119,-0.15226132643054846 -0.1452393377410075 0.29521216147031887 0.38673282695319555 0.22515116231452495 0.33105501512188851,-1.4812402943892886 -3.6494047612360347 7.1027010585863186 1.2509282377092326 -0.21757501438748794 0.017757133097147517,0.055513059150825939 -6.6480368699367318 -2.1086643600024253 -0.19363306537525204 0.0031279924595235542 -0.031124857140262918
ur,tetrapga,7.678569777,0.235339113,0.221965155,0.020948829,28.545315,36.000844,3.568164375,1,0,0,0.643827292,0.012221061,1,0,0,0,0 0 0.050000000000000003,0 0 0.050000000000000003,0 0 0.050000000000000003,wrist_3_link,8,0.04,10 0 0,0 0 0,,-0.046887933300426919 -1.5162846551673912 -0.0072195942679810672 -1.5796810116843367 0.0056227100331550615 -0.014317985996587993,-0.010407314466875001 -0.0024272204075021374 0.019123129280964848 0.022205215667494626 0.013559905428089726 0.018795863064868766,-0.1345210012509391 -1.5904393186071977 0.075654867306873153 -1.4545904581113152 0.09514788842200797 0.093735005057936499,0.12490767348552921 0.13221459834674765 0.11389781714500333 0.033786163781166993 -0.047191646124958471 0.023576437504710623,-0.047846230581998175 -1.5173634957316544 -0.0049276198613396795 -1.5766339382431422 0.0072750532295518082 -0.011688966252534298,-0.11978716019640698 -0.1348550705329031 0.28649680083017337 0.38088418014930064 0.20654289954959337 0.32862746800671189,-2.3034721150628488 -0.66460805325381156 15.447475638576503 2.4824020144941894 -0.43125945929205267 0.034145557702471047,0.098940253765192665 -6.9131134062490673 -2.3042669376541056 -0.27507812808744347 -0.013002981355649368 -0.058016940636729686
ur,tetrapga,7.714668245,0.232295161,0.223654578,0.020444601,28.690511,36.022197,3.586313875,1,0,0,0.620986032,0.012083832,1,0,0,0,0 0 0.050000000000000003,0 0 0.050000000000000003,0 0 0.050000000000000003,wrist_3_link,8,0.04,10 0 0,0 0 0,,-0.047331940413301563 -1.516464396969829 -0.0063737757444436369 -1.5786614808906527 0.0062337613179105772 -0.013453055630539456,-0.010700544751292515 -0.0039201996512254894 0.020797448888918383 0.024474695467218997 0.014635395925607104 0.02077505921686168,-0.12996683115096314 -1.5856705977258425 0.079712590995331734 -1.453450123816947 0.093370623859606566 0.094535088782097751,0.12739224786222481 0.13197075240529652 0.11089698515815037 0.029385882370279219 -0.051268722910430636 0.020747425458865616,-0.048159872440004074 -1.5175189499033193 -0.004075686396509277 -1.5756497662104718 0.0077999470657315433 -0.010848170831856539,-0.10349150333781432 -0.13181911668628316 0.287261168491795 0.37646433502261933 0.19577321847762072 0.32561059983536472,-1.9413940249503903 1.9897816468045548 16.664007487339376 2.5380723780936232 -0.44086843019783045 0.033802679441242718,0.072989781328544723 -6.7467181979618545 -2.2704097600408524 -0.28895050315077242 -0.016292969627963672 -0.064118423665956215
ur,tetrapga,7.750764564,0.229437795,0.2235819,0.019527349,34.319214,41.813563,4.28990175,1,0,0,0.601799481,0.000020022,1,0,0,0,0 0 0.050000000000000003,0 0 0.050000000000000003,0 0 0.050000000000000003,wrist_3_link,8,0.04,10 0 0,0 0 0,,-0.047688957046427408 -1.5166214969827492 -0.0056102956382969461 -1.5777503024635136 0.0067610140024151697 -0.012678030402870917,-0.009336671264027244 -0.0036082186442141602 0.020804385893822802 0.024199655133618256 0.013885035257439442 0.020592208396260997,-0.12532535988600305 -1.5809132259240177 0.083659676809374597 -1.4524694233248012 0.091447110504424611 0.095232592991307125,0.12975952937179244 0.13160157269194717 0.10778154154108388 0.024945787873401282 -0.055300024725044937 0.017895800349544445,-0.048663670373431035 -1.5181263034788541 -0.0024186218463840871 -1.5736998648472609 0.0087936877377034171 -0.0091763338261573006,-0.092406953776911965 -0.1320100044774882 0.30304614637737803 0.37502118621645347 0.18915090045375754 0.32334584890080359,-1.3250970222053002 5.224071429177128 11.37868785909942 1.5169375842735939 -0.26779958237611035 0.01740910464727926,0.02438746960282856 -6.4440251375099251 -2.1621112881385134 -0.28088979452149943 -0.015266143860944936 -0.063543609492484165
ur,tetrapga,7.792687826,0.227191453,0.21643571,0.018786517,34.124788,41.628876,4.2655985,1,0,0,0.590215362,0.001304816,1,0,0,0,0 0 0.050000000000000003,0 0 0.050000000000000003,0 0 0.050000000000000003,wrist_3_link,8,0.04,10 0 0,0 0 0,,-0.047780847468170635 -1.5165069583931094 -0.0051657175426800608 -1.5772974587799589 0.0069788989565554207 -0.01228844950477535,-0.00060630718399361727 0.0053698447897507504 0.0080964384508969353 0.0070965304548210907 0.0028809254805354074 0.0060868419092113563,-0.11983034925191158 -1.5754077449240058 0.088099964645708587 -1.451532485384996 0.0890316819637018 0.09591297350800139,0.13235967806272536 0.13101605322981524 0.1040230240157005 0.019744554014971914 -0.059919124703888028 0.014558266526017711,-0.048850627147137782 -1.5183290574408548 -0.0013496888393715479 -1.5725277896384076 0.009326598935869573 -0.008164780450447915,-0.078546028292119097 -0.12655331310911105 0.30531010689506582 0.37135902190028025 0.18003819859251929 0.32095140187730115,-1.3536661251154436 6.7488999142636539 12.103932367737832 1.5782205324458096 -0.27810576709461421 0.017978183797095787,-0.031063298804269834 -6.1995505565819258 -1.9700618384319224 -0.15997865398458089 0.015460158208981056 -0.018773175344279025
ur,tetrapga,7.834392339,0.224773881,0.218145906,0.020633468,28.819195,36.344512,3.602399375,1,0,0,0.59340576,0.005506694,1,0,0,0,0 0 0.050000000000000003,0 0 0.050000000000000003,0 0 0.050000000000000003,wrist_3_link,8,0.04,10 0 0,0 0 0,,-0.047903928202455565 -1.5163698417515075 -0.0046128646852574631 -1.5767328161310887 0.0072486638936201803 -0.011806579028196403,-0.0026849153578961519 0.0037356108516446254 0.011915248551767369 0.011433904557598358 0.0054466352069462041 0.0097313008434521328,-0.11425922161468137 -1.5699588231313937 0.092357701931352343 -1.4508176589356756 0.086438235425822102 0.096450465686022738,0.13478472370238875 0.13026727544571715 0.10013921993438124 0.014529804582042579 -0.0644405552756592 0.01121427446822643,-0.04831743946242275 -1.5173184773569455 -0.0022887659791416314 -1.5738337651230159 0.0085314354268665998 -0.0092719910394635906,-0.051688907495897884 -0.11857945067976301 0.29051233826447898 0.36238137600910009 0.16034644165580253 0.31682349859160164,-0.83132162803373832 9.1773870119798886 20.851691960157982 2.8182002504973243 -0.48951954694206345 0.034607442852161954,0.050757336003954379 -6.8090444341933107 -2.272485984092194 -0.21119286509656376 0.012613371576671639 -0.030039924461647161
ur,tetrapga,7.870836242,0.221988278,0.222888681,0.020980215,28.650344,35.944683,3.581293,1,0,0,0.580036384,0.003625007,1,0,0,0,0 0 0.050000000000000003,0 0 0.050000000000000003,0 0 0.050000000000000003,wrist_3_link,8,0.04,10 0 0,0 0 0,,-0.048122350611924554 -1.5164460414516714 -0.0038147900315136148 -1.5758475351477899 0.0076885774264533642 -0.011051378073692204,-0.0055644077176418213 -0.0013412136856554647 0.020891952679217399 0.022305140769451677 0.011056190188274324 0.019038426878027464,-0.10931058063197417 -1.5652253771918954 0.09594355524651528 -1.4503716068589827 0.084018770576503199 0.096805648937464794,0.13677015121753461 0.12947794462592357 0.096630847904305275 0.0099451509188481103 -0.068326382121132553 0.0082754027379303569,-0.048405097422844726 -1.5173697969769124 -0.0014861693894700056 -1.572996753245286 0.008875842664015917 -0.0085493681046669712,-0.035343351365021397 -0.11546944065512899 0.29107758025545116 0.35634773781297596 0.14840815469531909 0.31275124612815408,-0.41939218305076831 11.662049535868466 21.572944282802631 2.8012381893269751 -0.48679259624051974 0.033310983827844302,0.063504859366304345 -6.9234708032445269 -2.4125176798000911 -0.29161338720314234 -0.0019235009089300092 -0.058764977238176641
ur,tetrapga,7.906881388,0.219108391,0.224731836,0.020428401,28.620327,35.952,3.577540875,1,0,0,0.569059613,0.000421532,1,0,0,0,0 0 0.050000000000000003,0 0 0.050000000000000003,0 0 0.050000000000000003,wrist_3_link,8,0.04,10 0 0,0 0 0,,-0.048331541134818447 -1.5165574077396853 -0.0029508918506716058 -1.5748974140330885 0.0081485051722080953 -0.010237913762563708,-0.005274328501110045 -0.0026416080544746502 0.022840982666789682 0.024562355865719449 0.011797599764051283 0.021049701216773218,-0.10434715426095469 -1.5605742470233304 0.099362558347828395 -1.450095171839392 0.081487631007148537 0.097051353789614242,0.13860970132309852 0.12857421666961641 0.093059313824842463 0.0053900887839943715 -0.072105344798899379 0.0053558350040648463,-0.048594356306449052 -1.5182910794707971 0.0011293293710016054 -1.5701304679836607 0.010045489624899689 -0.0060591042817098855,-0.023657360450541169 -0.11516031173557906 0.32693734505895133 0.35828565770315413 0.14620587011047148 0.31128297786963566,-1.9471330109668386 14.756031204712835 8.7974889706194137 0.71715071278730025 -0.13843439841069191 0.0015569015656979864,0.031825201548031146 -6.7413722534183762 -2.3736905201379566 -0.30481051405513426 -0.0043392348896205135 -0.064964944072304576
ur,tetrapga,7.942928125,0.217205682,0.217061212,0.019535716,28.663003,35.984638,3.582875375,1,0,0,0.566287589,0.009986448,1,0,0,0,0 0 0.050000000000000003,0 0 0.050000000000000003,0 0 0.050000000000000003,wrist_3_link,8,0.04,10 0 0,0 0 0,,-0.048348776827145494 -1.5164352623290038 -0.0025434673967688762 -1.5745161158908172 0.0082931819101500961 -0.0099050223946331988,0.00033309809631325489 0.0056441803615735128 0.0087628292552207002 0.0073440953643729521 0.0022724068478053154 0.0064274968418407243,-0.099319442589555856 -1.5559576809729141 0.1026511976834982 -1.4499832231285674 0.078821373426566907 0.097191631013833282,0.14032456267535931 0.12754896860005729 0.089390000246235932 0.0008189578326425526 -0.075816321145697585 0.0024256934445436519,-0.048382259394285532 -1.5172911624177086 -0.00022793135540551644 -1.5717654208882708 0.0092903535642998511 -0.0074670564027233665,-0.0041853208925050041 -0.10698751108808852 0.28944200517041996 0.3438368753182986 0.1246464567687193 0.30474574898872914,0.31261926020624742 15.522792045401761 24.071702199200981 2.9807875291802208 -0.51814099849194006 0.034120672888541495,-0.018114271576905594 -6.4467862270676051 -2.1469142657514109 -0.18087920797097468 0.021425726060858352 -0.019829040041884127
ur,tetrapga,7.979008591,0.215253496,0.218840324,0.020261236,28.675933,36.050661,3.584491625,1,0,0,0.557164852,0.002719419,1,0,0,0,0 0 0.050000000000000003,0 0 0.050000000000000003,0 0 0.050000000000000003,wrist_3_link,8,0.04,10 0 0,0 0 0,,-0.048359430285568647 -1.5162857769729448 -0.0020964751282038282 -1.57409382497363 0.0084446066753212212 -0.0095384029455140001,-0.00049362952197779225 0.0041498470621715881 0.01271422841337108 0.011597928358532216 0.0042197686429018295 0.010042234084778593,-0.094227395974163144 -1.5513759832524976 0.10580875047550645 -1.4500363928117905 0.076019956930140839 0.097226115704457661,0.14191488928262502 0.12640209248689691 0.085622949971329465 -0.0037677394797391186 -0.079458438575037316 -0.00051530790965140813,-0.048299848681353556 -1.5181330942473945 0.0023999792071435341 -1.5689973667616663 0.010270000471786946 -0.0050408554606026917,0.010301339116497003 -0.10524147871073293 0.3284888203186313 0.34600676582555129 0.12245586343588687 0.30327511776508437,-2.2886697160429375 18.386742104922192 10.485396400448536 0.84172653113752038 -0.16223235363364552 0.0017634041328903345,0.0085338405070842782 -6.6862080384717046 -2.2891828611015361 -0.21900234001805075 0.017855748152477702 -0.030991807619077605
ur,tetrapga,8.015155532,0.212305138,0.227612582,0.020516543,28.575792,35.826859,3.571974,1,0,0,0.551826982,0.013996125,1,0,0,0,0 0 0.050000000000000003,0 0 0.050000000000000003,0 0 0.050000000000000003,wrist_3_link,8,0.04,10 0 0,0 0 0,,-0.048420568479638833 -1.5163968539415489 -0.0011254027597246492 -1.5730683746386849 0.008848226236447097 -0.008651029699348587,-0.0017609607418263898 -0.0037724468422859056 0.029709160733946888 0.03038159645006526 0.011979506143803244 0.026317289574521393,-0.089070731748367479 -1.5468295087826291 0.10883417256290669 -1.4502557431076188 0.073082977811796998 0.09715414618325581,0.14338050051020046 0.1251331342635861 0.081757908825967271 -0.0083695794561405249 -0.083030674512794556 -0.003467513319711736,-0.048198331012517505 -1.5171933341188135 0.0011946315857772794 -1.57043193861541 0.009645639922329927 -0.0062894350354913506,0.027779683390166138 -0.099560022158077049 0.29000429318774112 0.32955450290937194 0.099676710735353655 0.29519933298215451,1.0132075738907571 19.683848464909389 24.914570968269118 2.894634571075037 -0.50429500200254551 0.031133698687331762,0.0024546533755938071 -6.770459093709178 -2.4849615101479254 -0.35283651147619821 -0.0024844495947782264 -0.081221497820152422
ur,tetrapga,8.051048787,0.210218927,0.219106536,0.020884589,28.746794,36.140723,3.59334925,1,0,0,0.543410795,0.002934901,1,0,0,0,0 0 0.050000000000000003,0 0 0.050000000000000003,0 0 0.050000000000000003,wrist_3_link,8,0.04,10 0 0,0 0 0,,-0.048418857862018383 -1.5162889185898147 -0.00056404040249302841 -1.5725576149394278 0.0090239503982205514 -0.0082038894451806326,0.00028918842509096992 0.0054085880266365946 0.010273386166097952 0.0085281476882072826 0.0025341192242338373 0.0074815132808873641,-0.083900126132441313 -1.5423624494546961 0.11169855123550451 -1.450638199783159 0.070040264993242077 0.096977021298323168,0.14470841666819062 0.12375544029793943 0.077833416517800583 -0.012941159529010102 -0.086498075130433727 -0.0064023914231365964,-0.047844617850721284 -1.5179546989736543 0.0038242996019185616 -1.5677794927278075 0.010426663512333078 -0.0039395767377148599,0.044214145224527379 -0.095170606855094847 0.32870850201766028 0.33155573595030391 0.097627948750393961 0.29373228722206141,-2.6794125954760366 21.767369540451178 11.858796128309887 0.93767709578848901 -0.18069532519170331 0.0018543880354901317,0.027434244836143762 -6.8919145316085633 -2.3975798657227529 -0.21151344782174419 0.025473204004825334 -0.023094271022957358
ur,tetrapga,8.087287471,0.207491385,0.227326682,0.020654065,28.546474,35.806722,3.56830925,1,0,0,0.539573491,0.013069591,1,0,0,0,0 0 0.050000000000000003,0 0 0.050000000000000003,0 0 0.050000000000000003,wrist_3_link,8,0.04,10 0 0,0 0 0,,-0.048392286410411801 -1.5163538176161189 0.00033507476755844463 -1.5716439128438522 0.0093337593247926204 -0.0074049874215827514,0.00092497896473259038 -0.0025182975325214285 0.027938926257348201 0.027434685427727843 0.0093227455361974063 0.024004378578376371,-0.078633746272300103 -1.5379046948658164 0.11444606847694234 -1.4511907694932926 0.066843525992665603 0.096691297673587459,0.14591941296686614 0.12224685344724355 0.073787358862752228 -0.017554141970774206 -0.089914334094733359 -0.0093665721670242782,-0.047923041855782389 -1.517083135080276 0.0026281052312320239 -1.569137989222924 0.0099246877694349703 -0.0051292523315938903,0.058655569328676882 -0.091164683019637704 0.28662880795919743 0.31324045261601968 0.073866055580293716 0.28446688624860761,1.7845379149526659 23.186136058112027 26.556790517048757 2.9547815040120531 -0.51533545790615798 0.030443639494172239,-0.0085688771737011393 -6.8158415277603126 -2.5289145222655325 -0.34075487873178645 0.0069735498387437644 -0.074084115205764078
ur,tetrapga,8.123186236,0.205516047,0.219623077,0.020959711,28.55543,35.883609,3.56942875,1,0,0,0.532135398,0.003525309,1,0,0,0,0 0 0.050000000000000003,0 0 0.050000000000000003,0 0 0.050000000000000003,wrist_3_link,8,0.04,10 0 0,0 0 0,,-0.048336152554561314 -1.5162246868441216 0.00087814342520376332 -1.5711726889871218 0.0094616893468731662 -0.0069885437558784378,0.0013223037408273738 0.0058085448804729807 0.010213602696711144 0.0080237972387856155 0.0016899818475906944 0.0070984732579261207,-0.07337582134230286 -1.5335447344229174 0.11702180814783834 -1.4519028645785241 0.063556272013322909 0.096302359068047946,0.14698976689509102 0.12063725010621804 0.069699992517207571 -0.022116686717701069 -0.093211074889339024 -0.012301651820683979,-0.047302463581339424 -1.517763900514193 0.0052443867696324621 -1.5666153788937465 0.010499966136174762 -0.0028651978016971794,0.07757228430537022 -0.085095679239609812 0.32703519230005479 0.31532629114719413 0.071909795842473978 0.28300681623708884,-2.9794986196958093 24.864160921356557 13.234640644653478 1.0367217592888713 -0.19950648769014642 0.0020022160553574728,0.01742533670963553 -6.916704785507136 -2.4436001702939336 -0.21484808841250924 0.029419820048765644 -0.021911255736052127
ur,tetrapga,8.159173019,0.202919489,0.227450874,0.020687273,28.581734,35.877941,3.57271675,1,0,0,0.529623731,0.012393423,1,0,0,0,0 0 0.050000000000000003,0 0 0.050000000000000003,0 0 0.050000000000000003,wrist_3_link,8,0.04,10 0 0,0 0 0,,-0.048215616910081402 -1.5162619503826666 0.0017738911579581389 -1.5703016015948585 0.009699508435066442 -0.0062189896308501883,0.0037499785886057589 -0.0016138479645255884 0.027919579340538025 0.026185710536207239 0.0071937219532873607 0.02314417715816414,-0.068068771423329608 -1.5292341260319025 0.11945522539596104 -1.4527809005940435 0.060143799722320694 0.095806771736483831,0.14793290690970184 0.11891012215506953 0.065527254578689326 -0.026678664484090849 -0.096424855073538027 -0.015240287250585198,-0.047504055480976248 -1.516920664004036 0.0040339435397789454 -1.5679378657200735 0.010079108176143266 -0.0040370768501397092,0.088945178638144634 -0.082339202671183984 0.28250654772760087 0.2954669843481339 0.047449967634603157 0.27273909758880988,2.5513667736463175 26.299659573618175 27.876630344379848 2.9813201401622731 -0.52071803642673242 0.029442464605606105,-0.0273802665826679 -6.8268002049717325 -2.5700341937299402 -0.33876869274263299 0.014690922373411297 -0.071428932503661002
ur,tetrapga,8.19514978,0.201026379,0.220806744,0.021411983,28.597128,35.908785,3.574641,1,0,0,0.52323447,0.003505129,1,0,0,0,0 0 0.050000000000000003,0 0 0.050000000000000003,0 0 0.050000000000000003,wrist_3_link,8,0.04,10 0 0,0 0 0,,-0.048118442323931365 -1.5161142437479285 0.0023230284728582872 -1.5698488940575461 0.0097932177841928304 -0.0058140504527575696,0.0018811557327265153 0.0061337149412942779 0.010383633442307855 0.0077503914411958816 0.0011461724924385999 0.0069531836308735105,-0.062731619736078714 -1.5249888676023695 0.12173656582893798 -1.4538225141723187 0.056618365261921065 0.0952057151751141,0.14874525203344452 0.11707136566066631 0.061284157688801535 -0.031223031659406483 -0.099543057276798422 -0.018172121408836648,-0.046622634864484667 -1.5175181741059356 0.0066274767277395607 -1.5655570259075355 0.010443924389176707 -0.001866749111281697,0.1101775770614475 -0.074688762737438338 0.32419164849507692 0.29760497656724672 0.045602026629180135 0.2712909673572515,-3.2369527843129728 27.563281351392511 14.42111898992227 1.1213681219659519 -0.21550255259404721 0.0021266779860626079,0.025267376510186068 -7.0659543743458926 -2.5438697982753737 -0.22364312831177813 0.033266425623438067 -0.021465679513227087
ur,tetrapga,8.23115224,0.198556477,0.228055942,0.020899626,28.726525,36.241976,3.590815625,1,0,0,0.521444892,0.012783358,1,0,0,0,0 0 0.050000000000000003,0 0 0.050000000000000003,0 0 0.050000000000000003,wrist_3_link,8,0.04,10 0 0,0 0 0,,-0.047918232976305299 -1.5161280782205664 0.0032172566814120626 -1.5690173799850022 0.0099659193043293327 -0.0050693495343236694,0.0062190147265651268 -0.00088253729404651985 0.02787849830765645 0.024985702151028237 0.0052251731374267319 0.022380013647074835,-0.057363757603458229 -1.5208087949005853 0.12386549035547753 -1.4550281756810737 0.052979867373532503 0.094498781205398896,0.14942703369355362 0.11512073788195343 0.056970404246051314 -0.035749716992694316 -0.10256523662397271 -0.021097721001925591,-0.046968890835859464 -1.516715151399755 0.0054346519057456482 -1.5668084209065281 0.010128818272616035 -0.0029898715413683653,0.11866776755572914 -0.073384147398572741 0.27717440304169821 0.27611988480926991 0.020362371035837788 0.259934749119413,3.3456132674970647 29.087781743134251 28.986161409649306 2.9873527161803066 -0.52258662205858109 0.028284974154482074,-0.037521478959945398 -6.8968766483967556 -2.6359378007949701 -0.33890096648246981 0.022285371815360833 -0.069071541245153689
ur,tetrapga,8.267497656,0.196770773,0.221924064,0.021802515,28.56195,36.02224,3.57024375,1,0,0,0.516263419,0.003106271,1,0,0,0,0 0 0.050000000000000003,0 0 0.050000000000000003,0 0 0.050000000000000003,wrist_3_link,8,0.04,10 0 0,0 0 0,,-0.047776621151204457 -1.5159619138295539 0.003763799039843032 -1.5685916371672781 0.010020299138217489 -0.0046829654631255612,0.0026443961098523688 0.0065191926668316299 0.010287650770290202 0.0071964944931326574 0.00039854526902589264 0.0065581240959584576,-0.051922280848712414 -1.5166621428009703 0.12585598155792468 -1.4564101753591798 0.049198202098251882 0.09367846345694332,0.14998184330642919 0.11304112585833416 0.05255103539592889 -0.040293650072710151 -0.1055130681574291 -0.024040360989495673,-0.045831464132280182 -1.5172292907767944 0.0079940156262040384 -1.5645820330435423 0.010277891058589183 -0.00092185052878162362,0.1421783379474103 -0.064267422129930321 0.31992046505729882 0.27829848287321268 0.01863409824664343 0.25850262657334266,-3.45428511722778 29.944406121658655 15.463699592707869 1.1951384888459491 -0.22933093559802725 0.0022366354506742595,0.029154700557114666 -7.1948299561290696 -2.6329998684480618 -0.22971263618637749 0.037522966770978883 -0.020248573597807962
ur,tetrapga,8.303620544,0.194420022,0.230239698,0.021346702,28.585467,35.9481,3.573183375,1,0,0,0.514525574,0.014213297,1,0,0,0,0 0 0.050000000000000003,0 0 0.050000000000000003,0 0 0.050000000000000003,wrist_3_link,8,0.04,10 0 0,0 0 0,,-0.04749063480837537 -1.5159485801499102 0.0046580333411854183 -1.5677913874132388 0.010165741011282049 -0.0039451479770525894,0.008881057429346733 0.0001705066965452515 0.028399640356797186 0.02464750181908637 0.0057936451477133355 0.023000425257437604,-0.046496549341879988 -1.5126177317725635 0.12767403394498 -1.4579468155719897 0.045335440815733027 0.092757427658633318,0.15040009459394915 0.11086620333971912 0.048098632529173138 -0.044779404238171151 -0.10833684604316292 -0.026951841376710726,-0.046307775032729252 -1.5164590294403255 0.0068253285609259692 -1.5657500373490805 0.010105418898851208 -0.001977291128488658,0.14785747195576446 -0.063806161301928899 0.27091190246756891 0.25516875801978389 -0.0075402640538550702 0.24598210607049142,4.1537157995161866 31.446440963619171 29.817148432412687 2.967015950585739 -0.52116909513064136 0.026864491813502034,-0.1042729033982539 -7.0444115172940656 -3.0077423122095439 -0.8064319605464334 -0.6022686687632941 -0.44499716672388034
ur,tetrapga,8.339661823,0.192731872,0.222471956,0.023294983,28.563828,35.826315,3.5704785,1,0,0,0.510182721,0.002483541,1,0,0,0,0 0 0.050000000000000003,0 0 0.050000000000000003,0 0 0.050000000000000003,wrist_3_link,8,0.04,10 0 0,0 0 0,,-0.047306958114081005 -1.515744815465212 0.0052254255155449042 -1.5673723643142659 0.010228914618758097 -0.0035489668215951645,0.0031868764021554903 0.0074641677891804942 0.010365111312961693 0.0063429004523162108 -0.0012364786588557506 0.0056770794657172606,-0.041070407335488224 -1.5086626631460691 0.12932667587978477 -1.4596408615336685 0.041381696426486619 0.091733928411736609,0.15068491128938941 0.10859079278602668 0.043600756506646549 -0.049220315083235738 -0.11104571883973156 -0.029841346224266808,-0.044919436120120816 -1.5168860449631114 0.0093406692300955687 -1.5636910786738449 0.010032346590286144 -2.0726949308865882e-05,0.17354236407605447 -0.053376940348227847 0.31441758364619998 0.25736983440442834 -0.0091340385706330657 0.24457052239747404,-3.6216149292459234 31.906865468788617 16.315307503161709 1.254489248560144 -0.24030174163268203 0.0023266227690296962,0.080728176442590893 -7.6873444099237531 -2.8820890458330766 -0.2459640384231534 0.04675967249202273 -0.01767821952947024
ur,tetrapga,8.375582732,0.190623059,0.22839772,0.021806986,28.598206,36.04909,3.57477575,1,0,0,0.509054306,0.014450755,1,0,0,0,0 0 0.050000000000000003,0 0 0.050000000000000003,0 0 0.050000000000000003,wrist_3_link,8,0.04,10 0 0,0 0 0,,-0.046945248031778519 -1.5156968350607574 0.0060959955556302908 -1.5666536535975955 0.010230985232466641 -0.0028879699895032018,0.011200501248395948 0.000811131101647342 0.027136102589452878 0.021679572078547468 0.00025926706591798682 0.019963177757755367,-0.03565454269554931 -1.5048042554350367 0.13081157057526918 -1.4614878176143336 0.037345999463450623 0.090610536847952922,0.15083701614403675 0.10622023894874408 0.039066892350284772 -0.053607427289568875 -0.11363462011585794 -0.03270359153645206,-0.045537063653863452 -1.516136470641595 0.0082000292326347701 -1.5647901343130575 0.0099464459216231527 -0.0010385603428202548,0.1760230472393835 -0.054954447604701258 0.26300420962555993 0.23293991056723451 -0.035567413855436096 0.23117620583536838,4.978471518557166 33.553258031671945 30.544638996539952 2.9409866462647765 -0.51614411042643882 0.025613286220160267,-0.038079008609315679 -7.1963053066792781 -2.829064694505842 -0.33775974333093473 0.041505821269574028 -0.061620622553723248
ur,tetrapga,8.411718287,0.189152804,0.224784415,0.022649232,28.716652,36.33257,3.5895815,1,0,0,0.505769666,0.002275555,1,0,0,0,0 0 0.050000000000000003,0 0 0.050000000000000003,0 0 0.050000000000000003,wrist_3_link,8,0.04,10 0 0,0 0 0,,-0.046719347708725684 -1.5154972002541449 0.0066305462768195223 -1.5662891851093816 0.010196853192736881 -0.0025457524260031911,0.0040159415087623069 0.0071015548537287487 0.01005851571029936 0.0060852234867519997 -0.0011466130742323231 0.0057719824730621217,-0.03020319575713884 -1.5010105434775034 0.13214015252984554 -1.46350403959618 0.033194415901303446 0.089377049187666271,0.15085732709362268 0.10373414197593632 0.034458813966479852 -0.05797703461907755 -0.11612428247079065 -0.035562892111100225,-0.04390604105823992 -1.5164831393465528 0.010657794243893969 -1.5629087917495739 0.0096502863958733715 0.00079976528299388616,0.20387782445294148 -0.043333588119739447 0.30722062640739983 0.23516782043544879 -0.037019940718722735 0.22979070322676762,-3.7582872192769665 33.64287867007365 17.071307487409801 1.3068576085014447 -0.24987527161430029 0.0024097537893099613,0.037893562165038475 -7.4742465316739981 -2.8180978375396357 -0.24193022861800273 0.046186806393450297 -0.017826740901817129
ur,tetrapga,8.448143501,0.187224665,0.229295411,0.021529472,28.648192,35.984362,3.581024,1,0,0,0.504887804,0.015938365,1,0,0,0,0 0 0.050000000000000003,0 0 0.050000000000000003,0 0 0.050000000000000003,wrist_3_link,8,0.04,10 0 0,0 0 0,,-0.046275015924925868 -1.5154361799189668 0.0074832621009412077 -1.5656183823639944 0.010147791436543402 -0.0019089479159774513,0.013690690348927925 0.001457038527609772 0.026716521668087904 0.020215975273336149 -0.0013905338474492104 0.019172199891203612,-0.024709853642852431 -1.497279176513967 0.13331005872115204 -1.465695350755345 0.02892066299701886 0.088029511015895859,0.15074322175935498 0.10112745096476357 0.029770349682621728 -0.062332776661695947 -0.11851454977217372 -0.038422422983182387,-0.044646706455552986 -1.5158016193460679 0.0095169986661967423 -1.56394393977736 0.0096357701965667942 -0.00018576012313491815,0.2035386836716106 -0.045679928387631873 0.25421707065694193 0.2093053233292925 -0.064002654997075956 0.21539847410531665,5.8030226203535271 35.277103627032695 30.998372939601506 2.8880991367769715 -0.50822502755493759 0.024046124903776021,-0.072199286905885174 -7.1047256433585062 -2.819773133645711 -0.33007784161145537 0.046793194742825506 -0.059173077227734149
ur,tetrapga,8.484231251,0.185933903,0.226584518,0.022732376,28.547454,36.085199,3.56843175,1,0,0,0.502476702,0.001505271,1,0,0,0,0 0 0.050000000000000003,0 0 0.050000000000000003,0 0 0.050000000000000003,wrist_3_link,8,0.04,10 0 0,0 0 0,,-0.046008459759158904 -1.5152181437131915 0.0080142896230258349 -1.5652807393152597 0.010085179035004856 -0.001581305712520951,0.0046376971250063877 0.0076120216767388785 0.010098387455801518 0.0056077634581385887 -0.0016325557581281459 0.0055108629989395466,-0.019273912206669772 -1.4936777822916041 0.13430000134597717 -1.4680218781054566 0.024602825607298668 0.086592182562686512,0.15049715527790986 0.098447547375018943 0.025086692689214058 -0.066595326949675196 -0.12076173301923027 -0.041230693291199029,-0.042779214997307399 -1.5160655450739202 0.011907500942123799 -1.5622515971690221 0.009113283322317086 0.0015265567503216101,0.23343643228069808 -0.032990715981523575 0.29881278449088206 0.21154282604223174 -0.065310859281213565 0.21403960918206599,-3.8514441856419683 35.000160201497835 17.651807176501247 1.3460069934679724 -0.25685683585293678 0.0024727713088379573,0.026379278349367041 -7.5016840892403707 -2.8608850877148981 -0.24444393733028846 0.048763049456230334 -0.017018433433555025
ur,tetrapga,8.520423877,0.184227906,0.229781616,0.021771432,28.666357,36.283816,3.583294625,1,0,0,0.501302014,0.017113213,1,0,0,0,0 0 0.050000000000000003,0 0 0.050000000000000003,0 0 0.050000000000000003,wrist_3_link,8,0.04,10 0 0,0 0 0,,-0.045489152822121973 -1.5151225462611964 0.0088547266827901129 -1.5646666679384276 0.0099683633520784316 -0.00098048478798845465,0.015987727794566281 0.0025379054924951224 0.026358419541624725 0.018511536161155862 -0.0034546246151453707 0.018075911593382139,-0.013833491157362505 -1.4901647793869086 0.13512242922447587 -1.4705086426153793 0.020193216231517899 0.085049372806870652,0.15011772649835367 0.095664910919347368 0.020355232344035266 -0.070813059785269847 -0.12289189560598994 -0.044020077861903213,-0.04365044697745217 -1.5154104566696054 0.010810809072948759 -1.5631904634592357 0.0092281129263625163 0.00060957963219014036,0.22983823058372504 -0.035988801051132183 0.24451029876983094 0.18452555989896968 -0.092531303214489449 0.1987580525223244,6.6454217626990246 36.508210938043135 31.176501936891633 2.8124222861073491 -0.49609479683963525 0.022374324995266731,-0.082764506010533978 -7.1845725295333978 -2.8825373610239993 -0.32614971909060841 0.054440652457014238 -0.055789717270558814
ur,tetrapga,8.556801875,0.183147774,0.228231966,0.023369981,28.511291,36.0573,3.563911375,1,0,0,0.499886424,0.00075557,1,0,0,0,0 0 0.050000000000000003,0 0 0.050000000000000003,0 0 0.050000000000000003,wrist_3_link,8,0.04,10 0 0,0 0 0,,-0.045183956050930993 -1.5148801966418262 0.0093796140074329896 -1.5643640953543765 0.0098611527043343632 -0.00067782652513073455,0.005268521653845286 0.0080392596396610758 0.009950589353013177 0.0049227063799039622 -0.0025235498798982566 0.0049963125526655246,-0.0083814677012501258 -1.4867369717658583 0.13577594902587506 -1.4731608550501962 0.015685634870984285 0.083397459219741704,0.14960292937181627 0.092774697360868366 0.015569530107034343 -0.074990297048193891 -0.12490573901761375 -0.046794167840194335,-0.041556993240842575 -1.5155899354749238 0.013124656195888356 -1.5616964214256259 0.0084787191221916795 0.0021890457301572837,0.26168171707619897 -0.02243485066480843 0.2892308903674497 0.18675525420123154 -0.093674225521354515 0.19743326224589292,-3.8871353707548373 35.890456675188538 18.024310877829279 1.3695681327630571 -0.26073764269227101 0.0025158197673261907,0.039400271289878219 -7.7120938922489586 -2.9802289271243652 -0.25130269463443256 0.053746667568724149 -0.015434839210501428
ur,tetrapga,8.592950065,0.181619658,0.23007529,0.022409911,28.524336,36.105654,3.565542,1,0,0,0.498268936,0.018780311,1,0,0,0,0 0 0.050000000000000003,0 0 0.050000000000000003,0 0 0.050000000000000003,wrist_3_link,8,0.04,10 0 0,0 0 0,,-0.04455442345625403 -1.5147498317615731 0.010247913053146974 -1.5637831654187528 0.0096528967176369891 -8.9277401239137936e-05,0.017891153385520421 0.0034440135878120496 0.025242196834051329 0.016238418934263848 -0.0057143351237638369 0.016406526909058,-0.0029848280670876212 -1.4834366046149559 0.13625242040120708 -1.475945653785508 0.011136286981105895 0.081656585624143241,0.14895942075574636 0.089812614910203287 0.010788756835894441 -0.079075193095576618 -0.12677810932000402 -0.049519106018387993,-0.042514610616717435 -1.5149619293136802 0.012115152247740237 -1.5625155448585557 0.0086839006242177483 0.0013599745061803729,0.2549766049420743 -0.026512194013392401 0.23340489932415789 0.15845257002463534 -0.12112451167740507 0.18115648842743884,7.5035441709871487 37.386241464504693 31.159289482952214 2.7205686253417665 -0.48103648012606742 0.020626241093057784,-0.074330109238275099 -7.395270659126254 -2.9961638532277775 -0.32252279222939251 0.06348279689321501 -0.050642316178846514
ur,tetrapga,8.629144318,0.180855832,0.230199031,0.023679295,28.630265,36.317013,3.578783125,1,0,0,0.497464727,0.000496106,1,0,0,0,0 0 0.050000000000000003,0 0 0.050000000000000003,0 0 0.050000000000000003,wrist_3_link,8,0.04,10 0 0,0 0 0,,-0.044247102091315764 -1.5144982945559249 0.010710992611235291 -1.5635480304400331 0.0095174171851715918 0.00015715547410125321,0.0058673876266844083 0.0083612033324766497 0.0097798387503508673 0.0043069937522235624 -0.0031798585199679895 0.004593803077659722,0.0023930076087938941 -1.480240899357387 0.13655596309707363 -1.4788806898441782 0.0065156902422456864 0.079815408711854302,0.14818393447558398 0.08675936915578325 0.0059811362017787974 -0.083095206327964868 -0.12852200704960859 -0.052213704183311539,-0.040204895492634729 -1.5150598266191231 0.014339761917324754 -1.5612302185084455 0.0077071677127661525 0.0027989530747265885,0.2887143905103382 -0.012237163180350785 0.27807620869806471 0.16066579376378437 -0.12209161393144946 0.17987232106827691,-3.8811651297276457 36.447799913394142 18.248676345660929 1.3820308260704079 -0.26240985727155081 0.0025451816980637679,0.037045744818044568 -7.814167321329478 -3.0514598617906685 -0.25474993237457966 0.057197488576999689 -0.01419267300846716
ur,tetrapga,8.665561045,0.179649835,0.230576479,0.022487855,28.630576,36.166383,3.578822,1,0,0,0.496545906,0.019414713,1,0,0,0,0 0 0.050000000000000003,0 0 0.050000000000000003,0 0 0.050000000000000003,wrist_3_link,8,0.04,10 0 0,0 0 0,,-0.043574705639465444 -1.5143333865320168 0.011519458803497525 -1.5630592929078759 0.0092426303648184341 0.00067574802607103346,0.020358467579622137 0.0041038547077850854 0.024807715092569866 0.014534243357347329 -0.0079957208182276033 0.015365406693917028,0.0077731759163921282 -1.4771386445958197 0.13668544418159081 -1.4819792624179478 0.0018054242713829347 0.077865138854035704,0.14727197707800457 0.083601829916480713 0.0011275876941114549 -0.087064952072963178 -0.13014231326669481 -0.05488849581364471,-0.041341174276954072 -1.5144702207329743 0.013292063674885288 -1.5620073268974388 0.0080449174900039527 0.0019790741522979533,0.27919142031392152 -0.017104275119690135 0.22157560892347031 0.13149575130464963 -0.14971410935181012 0.162915765778365,8.3354259755453342 37.884176844348723 30.88371133482126 2.606131581641042 -0.46217903719870373 0.018710204254861661,-0.094159094546114375 -7.4209921517676776 -3.0322523333770803 -0.31611945104123151 0.071269347684658868 -0.047427015718672472
ur,tetrapga,8.701833329,0.179091012,0.232164117,0.024000307,28.689145,36.044924,3.586143125,1,0,0,0.496054509,0.000603824,1,0,0,0,0 0 0.050000000000000003,0 0 0.050000000000000003,0 0 0.050000000000000003,wrist_3_link,8,0.04,10 0 0,0 0 0,,-0.043203733259599565 -1.5140528153729909 0.012010493749982962 -1.562835786527369 0.0090559037943287145 0.00092259751260650557,0.0068010586616417158 0.0086312684402418995 0.010044290762684368 0.0039484434511516424 -0.0040267470714284203 0.0044410224920291112,0.013096619048345463 -1.4741645051373216 0.13663848444005924 -1.4852078309325005 -0.0029423517877628178 0.075826467908384418,0.14623316422255217 0.080374329830439753 -0.0037184471849614209 -0.090940072456715287 -0.13162025164585323 -0.057514221809949598,-0.040892782997919964 -1.5141490005582989 0.01371533896249795 -1.5618937952392864 0.0077433466855819783 0.0021532601619487571,0.28886878270995037 -0.012023148163497352 0.21310565156437353 0.11774891101032553 -0.16406963859334198 0.15383283116778146,9.5354887837692424 37.776880705037939 31.476386355656231 2.6307917032794146 -0.46523056322714051 0.018945770652703003,0.032695087515691057 -7.9201013058800527 -3.1262643499692189 -0.25978758774090238 0.061216216772635335 -0.01372142312182989
ur,tetrapga,8.737983626,0.178173233,0.230926519,0.022809388,28.577537,35.898382,3.572192125,1,0,0,0.493899762,0.002195691,1,0,0,0,0 0 0.050000000000000003,0 0 0.050000000000000003,0 0 0.050000000000000003,wrist_3_link,8,0.04,10 0 0,0 0 0,,-0.042461511218881719 -1.5138743762470523 0.012790516473640778 -1.5624140464288399 0.0087065104392016861 0.0013965270085280355,0.022767072476010865 0.005057598897120077 0.024452360505285407 0.012731540355540716 -0.010392515151410172 0.014239667816959026,0.018362338414595475 -1.471318286233551 0.13641664963461084 -1.4885639146179828 -0.0077250276781959514 0.073700615486003221,0.14506923293380455 0.077078620365251621 -0.0085552687311944309 -0.094719817626226541 -0.13295636494354313 -0.060090782661082399,-0.040045559922685742 -1.5139339806576155 0.01446106202576662 -1.5615850463515675 0.0072827059933374978 0.0025478388225063766,0.30199391202449755 -0.0074505513203853542 0.20881819401573026 0.10362500965905304 -0.17797555573302359 0.14391397674729262,9.1679491747542503 37.901221716489317 30.331548104528018 2.4693147542246301 -0.439259873234911 0.016685717466167711,-0.10354350204525531 -7.5270980525410778 -3.1023598486597379 -0.31149957164961961 0.079890985458153096 -0.043953276044958578
ur,tetrapga,8.773981886,0.177904526,0.234137375,0.02455764,34.013581,41.337093,4.251697625,1,0,0,0.487436114,0.000168595,1,0,0,0,0 0 0.050000000000000003,0 0 0.050000000000000003,0 0 0.050000000000000003,wrist_3_link,8,0.04,10 0 0,0 0 0,,-0.04206387186144981 -1.5135699540261673 0.013264367391369838 -1.5622333372421182 0.0084820394650463107 0.0016120712609477806,0.0071173040673157412 0.0091231094485451792 0.0095584819388267184 0.003015538336452332 -0.0046968480221083525 0.0037264874934279072,0.02356181608861059 -1.4686037985943745 0.13602193808623431 -1.4920401308137632 -0.012533112786625099 0.071491899787543695,0.14378364325528745 0.073721213455240325 -0.01337425055107397 -0.098398086553440789 -0.13414938737976317 -0.062614400896286129,-0.038456323134631612 -1.5137311052378202 0.015671812130521826 -1.5611283461575751 0.0063999611252215666 0.0031892401487665718,0.32479909467952017 0.0026077630089003882 0.22613717774419961 0.09760570490845491 -0.18530145049629226 0.13866063837993664,3.3520854875728139 36.994472536414484 24.495104564279959 1.9249024539528583 -0.34914046473558752 0.0096874649090355029,0.041798582123135475 -8.1040211803911006 -3.2266001684641168 -0.26304421212080342 0.065056252212521315 -0.011518829380432916
ur,tetrapga,8.815419582,0.177962849,0.23523206,0.024587326,28.565695,36.0274,3.570711875,1,0,0,0.497086578,0.006112949,1,0,0,0,0 0 0.050000000000000003,0 0 0.050000000000000003,0 0 0.050000000000000003,wrist_3_link,8,0.04,10 0 0,0 0 0,,-0.041701709192985006 -1.5132118814590554 0.013677360910256819 -1.5621038984637605 0.0082432257142471856 0.0017833516613895795,0.0080030880404865102 0.008776380771619418 0.0096981820589192129 0.0028571480774856215 -0.0053350669473180489 0.0037559825156792985,0.029486578823170798 -1.4656305653292412 0.13535284589750582 -1.4962033709033253 -0.018117485162663247 0.068838042290791462,0.14214891405658239 0.069766950786496751 -0.018918622310419016 -0.10252148840937812 -0.13535081330758886 -0.065464655860859922,-0.039114142398266181 -1.5131942098154429 0.01521564200902059 -1.5615165161219413 0.0065756450619222761 0.0027730474036377897,0.32344584933985282 0.0022089554515452251 0.19228513734547126 0.073422792727389649 -0.20844758154061374 0.12371196778102628,10.956325370283263 37.443614952935597 30.421792146064039 2.3951509379469926 -0.42570319501447024 0.015586469223527352,0.031159542155705822 -8.1138174639118006 -3.2395178419020354 -0.26326181689455552 0.067224847460069626 -0.011608414221711882
ur,tetrapga,8.851540376,0.177992931,0.235590538,0.024584518,28.617997,36.046181,3.577249625,1,0,0,0.496574528,0.001563098,1,0,0,0,0 0 0.050000000000000003,0 0 0.050000000000000003,0 0 0.050000000000000003,wrist_3_link,8,0.04,10 0 0,0 0 0,,-0.041231838990599401 -1.512933828782645 0.014143245500827534 -1.5619354734100397 0.0079600990316446487 0.0020031909001323551,0.011830199955875568 0.0081524514827212846 0.012597972916795108 0.004292879013481017 -0.00713961125451413 0.0055302098636179561,0.034593330901421193 -1.4631739258227505 0.13458231237759391 -1.4999699112279328 -0.023023066593949568 0.066429295310459657,0.14059010980190942 0.066245280321313382 -0.023744054024465572 -0.10601498788143816 -0.1362464301684139 -0.067899154477142704,-0.038556284611418634 -1.5128801688176643 0.015630083571263002 -1.5614633355499492 0.0061806142280512264 0.0029140192622284121,0.3344442973975954 0.0067074956225844319 0.18585475880443342 0.059017232511313619 -0.22243560044917782 0.11385354526200711,11.240109601065928 37.144696003317812 29.796009974410364 2.2931984372890719 -0.40871083200655567 0.014240039740369009,0.0061923991368928455 -8.1128910384559276 -3.2737290897506028 -0.2746956144219439 0.073191544325435842 -0.017083924443195286
ur,tetrapga,8.887683518,0.177867136,0.233778602,0.023857043,28.520173,36.135337,3.565021625,1,0,0,0.495850416,0.002187882,1,0,0,0,0 0 0.050000000000000003,0 0 0.050000000000000003,0 0 0.050000000000000003,wrist_3_link,8,0.04,10 0 0,0 0 0,,-0.040499270827419873 -1.512677342180347 0.014781893754338726 -1.5616984034669918 0.0075342979598408497 0.0023233699159868151,0.020567396951713949 0.0071223494843527854 0.018229525600812785 0.0065198635168243766 -0.011775075088523683 0.0087917265124399478,0.03964465194080935 -1.4608443006592609 0.13363704143100683 -1.5038633302207831 -0.027961488348457617 0.063931915257906549,0.13890697900453758 0.062654943440572833 -0.028560670655121061 -0.10941281387639111 -0.13699987205055311 -0.070286407105321955,-0.03773849972015788 -1.5125875205892472 0.016216933374435211 -1.5613446219424683 0.0056464719441108088 0.0031514410181779006,0.34509638840774948 0.01122769888748204 0.17937995251206079 0.044222690565437109 -0.23597825196625516 0.10350888777388569,11.256703134825727 36.757227478687291 28.899282217807869 2.1690174523686303 -0.38820743105785838 0.012659482609413394,-0.073684751458273468 -7.8728241071994489 -3.2353896325783964 -0.28513494137223461 0.086561330899559863 -0.027142370735009358
ur,tetrapga,8.923913782,0.178308175,0.237525254,0.024375673,34.105932,41.452626,4.2632415,1,0,0,0.489975492,0.000662004,1,0,0,0,0 0 0.050000000000000003,0 0 0.050000000000000003,0 0 0.050000000000000003,wrist_3_link,8,0.04,10 0 0,0 0 0,,-0.040063634578685531 -1.51236576064086 0.015185591364430016 -1.5616074364946178 0.0072411434703289288 0.0024735713667480732,0.009488337018785863 0.0097471464155267779 0.0096297943287235351 0.0016481363714790428 -0.0070172384860714915 0.0030408032911213695,0.04464487526879906 -1.4586404563108093 0.13251505761697827 -1.5078875547476058 -0.032936533358917809 0.061342836073523928,0.1370973922712857 0.058992358948426672 -0.03337248650183184 -0.11271703266602857 -0.13761070578894796 -0.072628494836307039,-0.035944254298095404 -1.5123048103214423 0.017271685276552311 -1.5611736824151909 0.0045000769420806726 0.0035961874670684376,0.36960160641578743 0.021478786701424293 0.19630286338996206 0.03779335041900235 -0.24296634564239949 0.097960159325681362,4.4666901693083831 35.408160496864568 23.12526969743417 1.7141762688840183 -0.3116150929061286 0.0073277775593286396,-0.007199699508220192 -8.043971984973723 -3.235699298405919 -0.25651479425505386 0.07240394645918613 -0.0093929675101351862
ur,tetrapga,8.965464419,0.179045609,0.238853464,0.02528822,28.616137,36.071931,3.577017125,1,0,0,0.501401687,0.007520532,1,0,0,0,0 0 0.050000000000000003,0 0 0.050000000000000003,0 0 0.050000000000000003,wrist_3_link,8,0.04,10 0 0,0 0 0,,-0.039583194306521345 -1.5119596776730155 0.015620172729709938 -1.5615370558669788 0.0068904987533364116 0.0026169910967362969,0.010201977640425042 0.0094630686284902215 0.009805157052132963 0.0015024754662865403 -0.0074781633883325739 0.0030159910712687344,0.050295697994952593 -1.4562778267357415 0.13101419760047173 -1.5126475348454291 -0.038665840409801852 0.058270382816301418,0.13487321011400569 0.054717703516254178 -0.038864794337643935 -0.11637649924991846 -0.13813195966506162 -0.075249249263961759,-0.036670101637246148 -1.5117904501018795 0.016915942855081492 -1.5614385560016883 0.0047656873813783562 0.0032708023080830575,0.36413658365939994 0.021153446392008592 0.16197126567144413 0.012312483161298054 -0.26560142149475691 0.081726401418345085,12.790496403506889 35.337790479330899 28.071705153250782 2.0082965123248786 -0.36000051991203819 0.010777007760692302,0.022040040972825636 -8.3451124851435452 -3.3739928591506612 -0.26620536332211486 0.075945303115059204 -0.0093252593556973906
ur,tetrapga,9.001630519,0.17976472,0.239051655,0.025366899,28.516305,36.086497,3.564538125,1,0,0,0.500543765,0.002989927,1,0,0,0,0 0 0.050000000000000003,0 0 0.050000000000000003,0 0 0.050000000000000003,wrist_3_link,8,0.04,10 0 0,0 0 0,,-0.039058633498174046 -1.5116399759428769 0.016044780912176967 -1.5614617990670447 0.0065252225568330924 0.0027708226102941369,0.013171442988411424 0.0092559442837730835 0.01152725844851101 0.0019519586074991896 -0.0091947924910001505 0.0038647307010094833,0.055136575628729929 -1.4543671180050413 0.12952257998415403 -1.5169122381579587 -0.043667343852279959 0.055508557851851104,0.13280964749459881 0.050936122496409317 -0.043617536445675426 -0.11944489727376385 -0.13842881185209888 -0.077471484842774024,-0.036071129534410669 -1.5114351879726058 0.017280722294856221 -1.5614838280600076 0.0042929040135050636 0.0033409822796344833,0.3734379954704225 0.025598496283896863 0.15449267283490661 -0.0027536241203485533 -0.27903981791600369 0.071269958667543265,13.108147939184148 34.581245961169962 27.255015494276538 1.8941164965806596 -0.34064557970889286 0.0094436171258878501,0.0046901474674712063 -8.3710767553657206 -3.4080022542837654 -0.27140257016708347 0.081627471613895608 -0.011944769571304192
ur,tetrapga,9.037813079,0.18029101,0.235622971,0.024991225,28.604997,36.026332,3.575624625,1,0,0,0.50054567,0.003056485,1,0,0,0,0 0 0.050000000000000003,0 0 0.050000000000000003,0 0 0.050000000000000003,wrist_3_link,8,0.04,10 0 0,0 0 0,,-0.038210432010347677 -1.5113255686994247 0.016631606781974104 -1.5613614211547699 0.0059569227788994197 0.0030004480246549141,0.022775941563659689 0.008688207617946463 0.016227881285012534 0.002669276702298422 -0.015062877355965129 0.0060489602390553518,0.059902852231901151 -1.4525933708795828 0.12785881865381205 -1.5212879094754135 -0.048679213430710244 0.052666073286420964,0.13062811752248971 0.047099596737156045 -0.048341802853881247 -0.12240244394496237 -0.13857900621752631 -0.07963793618458867,-0.035151078295066814 -1.5110862269338328 0.017808489054349723 -1.5615056015531295 0.0036225779754213683 0.0034838701659060441,0.38241921441010779 0.02991772069899476 0.14711028404695253 -0.018022549794939342 -0.29179310043475637 0.060427767656391254,13.072952340973428 33.750629618786164 26.148325173752024 1.759313734561633 -0.31809823298351081 0.007904124977216884,-0.06243451862837901 -8.2471041113703905 -3.4113061061984169 -0.27523491487590945 0.099339933720171913 -0.018682435689363786
ur,tetrapga,9.073937576,0.181421741,0.241411705,0.025147479,34.015591,41.298008,4.251948875,1,0,0,0.495328588,0.001221712,1,0,0,0,0 0 0.050000000000000003,0 0 0.050000000000000003,0 0 0.050000000000000003,wrist_3_link,8,0.04,10 0 0,0 0 0,,-0.037726998601730309 -1.5109809544120236 0.016998381351664975 -1.5613505359070396 0.0055918668457844399 0.0030943691026629199,0.010566981098177778 0.010505238965473278 0.0088837448202582475 -0.0001418303669270022 -0.0086586835645907842 0.0017914832466202047,0.064580653892653619 -1.4509618608824382 0.12602782222022355 -1.525761241490224 -0.053685806599328145 0.049751002335025607,0.12833514160850817 0.043219468641643805 -0.053023447232527041 -0.12524009066575581 -0.13858196767291156 -0.081742436327945769,-0.033179520336712495 -1.5107151427789169 0.018701773511675991 -1.5616263755828523 0.0022214982701954855 0.003726606588351129,0.40743976396075748 0.039805986751442056 0.16229228858358036 -0.02478835659595257 -0.29821551755092729 0.054685869258330889,5.6615908629471132 32.008238645612877 20.827457491398423 1.4328075490903311 -0.260959235084191 0.0047523446061989699,-0.0094825956354043228 -8.2986679906834979 -3.367736409560429 -0.25605769846515614 0.079423774956440596 -0.0055378481133523394
ur,tetrapga,9.115331613,0.182975296,0.242508728,0.02602099,28.67874,36.011752,3.5848425,1,0,0,0.510488846,0.007660978,1,0,0,0,0 0 0.050000000000000003,0 0 0.050000000000000003,0 0 0.050000000000000003,wrist_3_link,8,0.04,10 0 0,0 0 0,,-0.037211777493648887 -1.5105547306576799 0.017380148898213651 -1.5613690836690932 0.0051747173011147413 0.003172835831802947,0.011347948882645304 0.010407597065701709 0.0090719456257255422 -0.00038650447034129664 -0.0092330154143691907 0.0017073830639696946,0.069836217972258322 -1.4492658279376709 0.12372275633004094 -1.5310102661898182 -0.059419264481490229 0.046318698828396447,0.1255689490100437 0.038716581968829211 -0.058339248643737539 -0.12834629446572401 -0.13840431859832097 -0.084079826165824267,-0.034028707620650023 -1.5102383506234685 0.018405517781176186 -1.5617763772012261 0.002615917885265647 0.0034734191036055609,0.39788373412485828 0.039547504276423139 0.12817111037031678 -0.050911691516598592 -0.31984992698113685 0.037572908975326724,14.59871664816756 31.429865359438544 24.747423424567309 1.5482193441561549 -0.28099678553697838 0.0056844575481508983,0.017696295435797538 -8.5869265834271573 -3.4986607706014823 -0.26435260606194788 0.083145023131672602 -0.0052866103230941874
ur,tetrapga,9.151435983,0.18433891,0.242199,0.026201247,28.596812,36.058096,3.5746015,1,0,0,0.508702963,0.004873971,1,0,0,0,0 0 0.050000000000000003,0 0 0.050000000000000003,0 0 0.050000000000000003,wrist_3_link,8,0.04,10 0 0,0 0 0,,-0.03661013804853578 -1.5101759873302139 0.017780707813575776 -1.5613885069415241 0.0047075842663709382 0.003264721621719046,0.014563196836020151 0.010242254320553605 0.010472330375947674 -0.00040164728057256592 -0.011298663474342852 0.0022252415256752713,0.074324437387617903 -1.4479395912067452 0.12153347200076448 -1.5356910581302561 -0.064411057386397047 0.04324725847163545,0.12303752171495096 0.034743471881237359 -0.062928291373092859 -0.13092551603803423 -0.13809126987530304 -0.086051993262450527,-0.033366895514244627 -1.5098264135013073 0.018739621647307129 -1.5619191440240623 0.0020485911489131268 0.0034780624422783963,0.40540531678639447 0.043696728613310316 0.1198642292164194 -0.066329635317274344 -0.3323741396822264 0.02666760256991877,14.882046559410268 30.245935253654732 23.699916822916894 1.418508958133164 -0.25879754166413738 0.0043146489765233925,0.0034093271426058891 -8.6464114472573783 -3.54372366478961 -0.2672785615459361 0.090015151506012359 -0.0068859415772095645
ur,tetrapga,9.187583688,0.185582405,0.236791161,0.025693077,28.60613,35.998146,3.57576625,1,0,0,0.510228842,0.003383493,1,0,0,0,0 0 0.050000000000000003,0 0 0.050000000000000003,0 0 0.050000000000000003,wrist_3_link,8,0.04,10 0 0,0 0 0,,-0.035726018967796411 -1.5098280430179252 0.018267738676180888 -1.5614313173680903 0.0040478641939575835 0.0033867483096707571,0.025605450895639356 0.010129887706159326 0.014484948970634718 -0.0012028020703644729 -0.018821795899651994 0.0034508524530558571,0.078724514854428093 -1.4467561820676966 0.11917644699055127 -1.5404685192408751 -0.06939485172268138 0.040101948001997886,0.12039443736668443 0.030726629790879909 -0.06747396558120114 -0.13338350511211561 -0.13763021385211338 -0.087962682098460615,-0.032423294534256505 -1.5094461007204178 0.019162526917288557 -1.5620854838550904 0.0012943697524496586 0.0035109917498826089,0.41284055419248838 0.047742787188416735 0.11184853013845857 -0.081770810875021929 -0.3441868051884906 0.015530430026481462,14.764641121660922 29.000970414904661 22.393100585771933 1.2749197209833607 -0.23449722409490592 0.0028316048924992183,-0.074756630236777255 -8.4787155032790906 -3.5211965966008307 -0.25923026700820628 0.11229658514059526 -0.010663514604440039
ur,tetrapga,9.223676909,0.187340725,0.245107178,0.026121523,34.065521,41.554033,4.258190125,1,0,0,0.50577907,0.001886334,1,0,0,0,0 0 0.050000000000000003,0 0 0.050000000000000003,0 0 0.050000000000000003,wrist_3_link,8,0.04,10 0 0,0 0 0,,-0.03516819573183675 -1.5094285304703541 0.018615165385151591 -1.5615067854273532 0.0035864835105515009 0.0034250053381519722,0.011379329333226438 0.011211319347114567 0.0080457673531074171 -0.0019568490632679804 -0.01013512074901949 0.00049164197045247567,0.083020709467447718 -1.4457200779187724 0.11665997621825984 -1.5453251477837857 -0.07435184586649364 0.036893642542581456,0.11764907825464023 0.026680440419660011 -0.071959681533296044 -0.13571098950335544 -0.13702256782962502 -0.089805141841717367,-0.030293054308059071 -1.5089820850907976 0.019886943437665866 -1.5625063610000829 -0.00035869686797761636 0.0035452671642688185,0.43783635312344465 0.056903813073556075 0.1247621608057243 -0.088778294857636442 -0.34989043743477455 0.0096585775314409743,6.9004468928749088 26.910969629493913 17.668467219122459 1.087742002530574 -0.1983484316931049 0.0019971652724539188,-0.00309708089656624 -8.6201024726460673 -3.5205614077396348 -0.25614952866635576 0.086044529251128488 -0.0015287051536896357
ur,tetrapga,9.265320091,0.189680061,0.245876692,0.026780029,34.152232,41.689344,4.269029,1,0,0,0.509308964,0.007900444,1,0,0,0,0 0 0.050000000000000003,0 0 0.050000000000000003,0 0 0.050000000000000003,wrist_3_link,8,0.04,10 0 0,0 0 0,,-0.034608032513842715 -1.508968791576218 0.018957875667420361 -1.5616127435129838 0.0030942440925257526 0.0034423605645654302,0.012362184612284622 0.011197248656518862 0.0082319392163092281 -0.0023114138872816965 -0.010904301787171765 0.00036259834417607235,0.087851827500245269 -1.4447069037815865 0.11355679715515521 -1.5510297554331562 -0.080040181267321736 0.033111027538176942,0.11435260441913961 0.021972731349735378 -0.077063654881599761 -0.13823560434961232 -0.13613896095070188 -0.091847743318149475,-0.02890031968351409 -1.5084618812852746 0.020383445955731164 -1.5628720441901518 -0.0015100373890531153 0.0034968008616148129,0.44377796592960067 0.064194631029161897 0.12012955039850609 -0.10156149170231853 -0.359726375165898 0.00037337464971108191,6.7054193690739226 24.975813755793919 16.109831800456799 0.94557092918547048 -0.17661541381311247 0.00098280183426906241,0.013148808699924075 -8.8374096731122336 -3.6195764758539042 -0.26112221195216989 0.089811332495699503 -0.0011361344057556622
ur,tetrapga,9.307107504,0.192093585,0.245923987,0.027453216,33.969607,41.232702,4.246200875,1,0,0,0.514794664,0.013588133,1,0,0,0,0 0 0.050000000000000003,0 0 0.050000000000000003,0 0 0.050000000000000003,wrist_3_link,8,0.04,10 0 0,0 0 0,,-0.033910006341666618 -1.5085101680127804 0.019341826366027298 -1.5617418687549594 0.0025023317291882324 0.0034645178319758899,0.014797396123554997 0.010884214190965665 0.0089167028972858553 -0.0026688224682642711 -0.012559353437818548 0.00047200320142557427,0.092558849290352241 -1.4438880781923817 0.11023093327009215 -1.5568561255698816 -0.085707138372440289 0.02923171632487687,0.11090928791112464 0.017211589755408641 -0.082102090059586783 -0.14059225331637334 -0.13505633648346868 -0.093805628378302863,-0.02781004192127506 -1.5079282508291252 0.020754663683881805 -1.5632430346376607 -0.00247385906850328 0.0033946547157304636,0.44939013641441161 0.069721727487790514 0.11150344037532131 -0.11700977063815413 -0.37125077982135485 -0.010750578883111006,6.9712279731454272 23.096206090343681 14.934752830106781 0.82831456268982062 -0.15564790910292051 0.00013099962823763652,0.023653242912473615 -9.059561139066318 -3.7276480000603129 -0.26659343654773693 0.096377967119098074 -0.0014801465179061779
ur,tetrapga,9.348437764,0.194166954,0.240393518,0.027542535,34.056739,41.328452,4.257092375,1,0,0,0.519775535,0.018462474,1,0,0,0,0 0 0.050000000000000003,0 0 0.050000000000000003,0 0 0.050000000000000003,wrist_3_link,8,0.04,10 0 0,0 0 0,,-0.032765314295964958 -1.5080476268450378 0.019832848686037387 -1.5619637062449223 0.0015744759363910054 0.0034906632465026535,0.024756840553382294 0.010966099478350658 0.011388987699103636 -0.0046882298495070649 -0.019923489055782735 0.00055455682673844582,0.097070137653418709 -1.4432745782276735 0.10673616323589742 -1.5627119517124615 -0.091263608724380024 0.025316281507069889,0.10737390022330419 0.012471391117482414 -0.086997107256203549 -0.1427455309594996 -0.13379335452050534 -0.095649449657648516,-0.02664729902302047 -1.5073944778798165 0.021105667197543115 -1.5636717211774158 -0.0035130084039871378 0.003260420516915846,0.4550473856999423 0.074182619658116997 0.10148887657293988 -0.13354384201554104 -0.38291460474137506 -0.022779808025089075,7.0613688315167522 21.220100035310651 13.702178095040708 0.71181738161437447 -0.13470424677575019 -0.00070250452135222664,-0.024008022938232898 -9.0890366802459539 -3.776229206901391 -0.25618092313743546 0.11923196064863495 -0.0017359786554704826
ur,tetrapga,9.389859597,0.196319113,0.240433193,0.0275214,34.070343,41.395977,4.258792875,1,0,0,0.524778567,0.021518638,1,0,0,0,0 0 0.050000000000000003,0 0 0.050000000000000003,0 0 0.050000000000000003,wrist_3_link,8,0.04,10 0 0,0 0 0,,-0.031521578110613416 -1.5075723466613289 0.020331033880324461 -1.5622341097062298 0.00056409757969535373 0.0034935263494304068,0.026284580408893043 0.011413358252485996 0.011391392801752465 -0.0056582324852248534 -0.021353825513706699 3.3368183498752458e-05,0.10144220343404541 -1.4428568332406475 0.10303259499688831 -1.5686663202836895 -0.096776067448417852 0.021317661944057861,0.10370504149638751 0.0076950692739148115 -0.09180868912205839 -0.14472314407719067 -0.1323369339198881 -0.097402815993747588,-0.025408186250170259 -1.5068568177718968 0.021440758024553405 -1.564157804062634 -0.0046294545391881896 0.0030945978370385935,0.45953153958083515 0.078324312334496132 0.090300935702451735 -0.15061107760140519 -0.39437489088028721 -0.035296949516816598,7.3237207245619063 19.23170546709828 12.503694062459786 0.59529451509247977 -0.11363119465926312 -0.0015131676681096303,-0.041946158341204409 -9.0820621545335598 -3.7803487238773243 -0.24983842850815563 0.12342138936381675 -0.00012484107948651513
ur,tetrapga,9.43135505,0.198701244,0.241858762,0.02775744,35.820053,43.246137,4.477506625,1,0,0,0.530218524,0.022838416,1,0,0,0,0 0 0.050000000000000003,0 0 0.050000000000000003,0 0 0.050000000000000003,wrist_3_link,8,0.04,10 0 0,0 0 0,,-0.030321551040686512 -1.5070748254680209 0.020792990901534782 -1.5625375849227132 -0.00043411921194181204 0.0034625450907339698,0.025176211070275199 0.011952573017760891 0.010573667493306294 -0.0063395874045177143 -0.021006125314119287 -0.00068921113313102596,0.10566711662494349 -1.4426371559511597 0.099124675684540031 -1.5747095985355266 -0.10223389082537317 0.017241116758349703,0.099907502673569168 0.0028900344281579272 -0.096528106481494014 -0.14652013934476715 -0.13068796250895065 -0.099062392700672366,-0.024159105646542535 -1.5063076720236319 0.02174476861351695 -1.564691057576284 -0.0057763915251582733 0.0028939835844250918,0.46322037486073153 0.082268699540889223 0.078486768809107099 -0.16792038545128618 -0.40557558119915904 -0.048073484932648763,7.663346008078241 17.115362745405111 11.287615724784533 0.47676538377438293 -0.091985191617107082 -0.0023131102513449624,-0.037260634348015742 -9.1599553292562632 -3.8106364833556512 -0.24750504337862367 0.12263452720243162 0.0021057205045025285
ur,tetrapga,9.474709892,0.201388838,0.243068941,0.028309336,36.124213,43.916035,4.515526625,1,0,0,0.537274228,0.025477521,1,0,0,0,0 0 0.050000000000000003,0 0 0.050000000000000003,0 0 0.050000000000000003,wrist_3_link,8,0.04,10 0 0,0 0 0,,-0.029087034050608997 -1.5065313149763555 0.021243648314853272 -1.5628954083219548 -0.0014864647441754858 0.0033951940765878795,0.024422517533709907 0.012248798152505114 0.0097870614168505954 -0.0070461416181164301 -0.020876799992999521 -0.0013682986435733836,0.10991030335119635 -1.4426209792646345 0.094834867308517909 -1.5810990658735879 -0.10785887546984453 0.012910592094914158,0.095813622005733845 -0.0021459378368813226 -0.1013448350108138 -0.1481977615176624 -0.12876379928539752 -0.10069064732659964,-0.022891778717320461 -1.5057315218604603 0.022022741401883001 -1.5652786784994617 -0.0069647928791554342 0.00265442283963586,0.46641139140691346 0.085996454941661638 0.066066617212236251 -0.18568069379279845 -0.41667059306106935 -0.061270748858828189,8.0086034097401662 14.847182672743683 9.9869952239019248 0.35114259956531146 -0.069009629792326291 -0.0031528494045512199,-0.020321816645392232 -9.3420807796301233 -3.8861907961200615 -0.24830859765279456 0.1231878021456394 0.0041983932704461324
ur,tetrapga,9.518725891,0.204209679,0.234891543,0.038748887,36.139425,43.853681,4.517428125,1,0,0,0.544939561,0.027876997,1,0,0,0,0 0 0.050000000000000003,0 0 0.050000000000000003,0 0 0.050000000000000003,wrist_3_link,8,0.04,10 0 0,0 0 0,,-0.027772354900136027 -1.5059434521775574 0.021683993201888182 -1.5633273529762579 -0.0026343341134370687 0.0032851319791726971,0.032153030222215682 0.01376139488657618 0.0089676126827916095 -0.012347146307386168 -0.029834969896817456 -0.0035556841694559457,0.11403382797069107 -1.4428281503524529 0.090268746997610658 -1.5876557469022006 -0.11347973241340703 0.0084442694948261166,0.091530277090238921 -0.0072686244197248213 -0.10610889992275645 -0.14968904067961428 -0.12660206988649611 -0.10223114495120379,-0.02157653841076565 -1.5051214968777511 0.022280046373179978 -1.5659325315162873 -0.008219168152345354 0.0023716656548585869,0.4694410497453243 0.089498767657226974 0.053334883911798289 -0.20368947230343581 -0.42745058200613784 -0.074763969318211443,8.1746915533179845 12.409985365875791 8.5712132904350522 0.2255174824676098 -0.045571896738601382 -0.0038980656032102916,5.621070267674952 -7.0872219247467001 -2.9123322314442248 -2.1169741126886947 -2.1699376510232309 -0.39518758067435389
ur,tetrapga,9.562677018,0.207316292,0.244783153,0.029242776,36.239841,44.032907,4.529980125,1,0,0,0.553849711,0.028078376,1,0,0,0,0 0 0.050000000000000003,0 0 0.050000000000000003,0 0 0.050000000000000003,wrist_3_link,8,0.04,10 0 0,0 0 0,,-0.026539639678710904 -1.5053806603888353 0.022069844107505728 -1.5637699473964226 -0.0037253483225535141 0.0031505683608559223,0.023785192751624579 0.012269897878030789 0.0082650958268462252 -0.0084970800367175012 -0.021132377172275396 -0.0026050957370017669,0.11796044195360521 -1.4432600965804228 0.085503036709678418 -1.5942635246058605 -0.11899280896966169 0.0039193987916911841,0.087130669710624192 -0.012387137760100024 -0.11073237291799098 -0.15096232751318531 -0.12423677608200165 -0.10365415221669076,-0.020289810626845064 -1.5045101589968348 0.022494087758874043 -1.5666254422585144 -0.0094755290481142312 0.0020539708238007264,0.47103480223665189 0.092614954557295237 0.039892814816398892 -0.22177535026990675 -0.43790885133309965 -0.088393273007066037,8.6687439388585599 9.9147904049514501 7.1694524005429363 0.084884958694646628 -0.020310325422103148 -0.0048757530211469705,0.0016691826964461143 -9.6501159511290098 -4.0130525481267085 -0.24746098424566298 0.1253960613808065 0.0080109581272145292
ur,tetrapga,9.606808951,0.210500098,0.235197051,0.045208115,36.04376,44.005252,4.50547,1,0,0,0.563390414,0.028686822,1,0,0,0,0 0 0.050000000000000003,0 0 0.050000000000000003,0 0 0.050000000000000003,wrist_3_link,8,0.04,10 0 0,0 0 0,,-0.025235462593399861 -1.5047865961505626 0.022431143067846857 -1.5642914540174382 -0.0049092963930258502 0.0029695573062193982,0.032424105228467011 0.014035422921416475 0.0071029971603872094 -0.014972155942866699 -0.031327457571847031 -0.0054847765655607764,0.121706028692282 -1.4439201264906871 0.080516341193686614 -1.6009499666615465 -0.1244194380240546 -0.0006844271623477568,0.082595058062972168 -0.017523427197238876 -0.11523388449536684 -0.15202141977733138 -0.12165680595797239 -0.10496524102005746,-0.018980084632743387 -1.5038834932850276 0.022675079513660212 -1.5673766227608457 -0.010775107609894825 0.001695110113369813,0.47281899717238451 0.095610536083884937 0.026558012537469932 -0.23977182785866197 -0.44783686116559807 -0.1020817439550312,8.8220876205232077 7.2406060395956242 5.6529193024056541 -0.045491061854349091 0.0042575255768375203 -0.0055834982327416629,5.9172532174370076 -6.9608613581794998 -3.132187084929825 -2.5316544265278935 -2.3826062659389819 -0.55552708069290979
ur,tetrapga,9.650915424,0.213888174,0.235286154,0.047529807,36.117331,43.888549,4.514666375,1,0,0,0.574245714,0.028336228,1,0,0,0,0 0 0.050000000000000003,0 0 0.050000000000000003,0 0 0.050000000000000003,wrist_3_link,8,0.04,10 0 0,0 0 0,,-0.023969055306560856 -1.5042043244525278 0.022746285969802684 -1.564841706976807 -0.0060779272182938642 0.0027588188332013084,0.032743360099952899 0.014471927685880275 0.006363632841035304 -0.016351749078083788 -0.032218911326986593 -0.0064984402000284741,0.12524695919818615 -1.4448060585386835 0.075337267475124481 -1.6076743644518714 -0.12972470899846178 -0.0053407738229472425,0.077949501665684956 -0.02264678130724183 -0.11958513436400814 -0.15285804656223129 -0.11887638171890369 -0.10615586274715136,-0.01768651165712732 -1.5032560986204899 0.022814503680012473 -1.5681701037755218 -0.012084604736768392 0.0013008098801665102,0.47350728906560036 0.098476281035961552 0.012977617285128046 -0.25761736333691809 -0.45726091533425617 -0.11576932413988129,9.1301059113004932 4.4502327621788016 4.0907521182316966 -0.18746554009907476 0.030346651420719316 -0.006429767611760371,5.7812981889970274 -6.9949186483981975 -3.2971200940473864 -2.661669207192972 -2.3840648798145345 -0.62312662545948516
ur,tetrapga,9.694903243,0.217410395,0.24570176,0.029803393,36.183148,43.912325,4.5228935,1,0,0,0.586486509,0.027607217,1,0,0,0,0 0 0.050000000000000003,0 0 0.050000000000000003,0 0 0.050000000000000003,wrist_3_link,8,0.04,10 0 0,0 0 0,,-0.022712966383545106 -1.5036090641205211 0.02303158205796773 -1.5654290032060882 -0.0072568590110018271 0.0025163039868036294,0.02423321250609797 0.012944179612413384 0.0063325694809292172 -0.011293666142004288 -0.022834110646905968 -0.004694188329160227,0.12857192612445228 -1.4459143286701464 0.069984334371773177 -1.6144125272139938 -0.13488920567850185 -0.01003424194744325,0.073209959047804585 -0.027739771063658956 -0.12377135071526049 -0.15346968316989301 -0.11590590685495818 -0.10722242898677753,-0.016415770166613587 -1.5026241906682118 0.0229158679968893 -1.5690014465397726 -0.013399755573351664 0.0008733339363337009,0.4729961067153281 0.101048837786721 -0.00089685901260059663 -0.27523663112095226 -0.46612796243331911 -0.12940287464392114,9.629811466258662 1.5840894969335291 2.5061463691771864 -0.34163449853619587 0.058217581440951523 -0.0074543933104053838,-0.0084068227241971272 -9.835119553416007 -4.079175793089135 -0.2318982442639026 0.13058117874755482 0.014461097698993619
ur,tetrapga,9.738911003,0.220930197,0.235567288,0.053659802,36.052761,43.998243,4.506595125,1,0,0,0.599451426,0.027599216,1,0,0,0,0 0 0.050000000000000003,0 0 0.050000000000000003,0 0 0.050000000000000003,wrist_3_link,8,0.04,10 0 0,0 0 0,,-0.021378645414108981 -1.5029713079818647 0.023290694313456508 -1.5661093130633921 -0.0085410332199141112 0.0022177438632582816,0.032851335168692194 0.015109652753451101 0.0046661497112308655 -0.018989612011942027 -0.033604448867994109 -0.008493248739543699,0.13168753971344108 -1.4472467969934801 0.064448190020759827 -1.6211757417288251 -0.13992101690977818 -0.014774100389677386,0.068367561802595067 -0.03281187353915465 -0.12780014546982232 -0.15385747814167769 -0.11274052214551052 -0.10816718501225403,-0.015116404468699973 -1.5019697836299302 0.022986801056105122 -1.569895621228165 -0.014764577736838026 0.00040206635152920263,0.47260041520766399 0.1034957118885193 -0.01456001238347248 -0.29253017832283723 -0.47427291752564216 -0.14293406853334856,9.7783169338644083 -1.4589184673828246 0.83732016002888277 -0.47942670816173671 0.084433879266704481 -0.0081041286572662453,5.8141056009374665 -7.1040517591736716 -3.623821563959595 -3.0049488885988467 -2.4871835618157974 -0.77205408843680834
ur,tetrapga,9.783004542,0.224687693,0.246110462,0.030335486,36.161422,44.082817,4.52017775,1,0,0,0.61439467,0.02664505,1,0,0,0,0 0 0.050000000000000003,0 0 0.050000000000000003,0 0 0.050000000000000003,wrist_3_link,8,0.04,10 0 0,0 0 0,,-0.020118489092567603 -1.5023537938469986 0.023506913129064388 -1.5667918674719015 -0.0097702545283589633 0.0019022441321091849,0.024319462041640552 0.013317549181507743 0.004954798858027641 -0.013138410297487706 -0.023805994477738696 -0.006106560505019433,0.13459338090745759 -1.4488050931506926 0.05872706788549345 -1.6279642784810917 -0.14481872441459967 -0.019562167196746964,0.063420543763168011 -0.03786397199833634 -0.13167106464558062 -0.15401998604009073 -0.10937893750425394 -0.10898971310842989,-0.013852181844897496 -1.5013171917771673 0.023018388749457427 -1.5708202806855889 -0.016122337194502061 -9.9010568642431606e-05,0.47065811696703647 0.1055746201621317 -0.02855854289091634 -0.30956704194443718 -0.48186513273794584 -0.15639572630770315,10.260578502604446 -4.5366237052907348 -0.85874318038839048 -0.64137328416542128 0.11367346903059108 -0.009157689296095714,-0.0072236839042290057 -10.010710222381022 -4.1399537565558404 -0.2223684288755976 0.13367165428932637 0.018820039997735627
ur,tetrapga,9.827185321,0.228552083,0.246095656,0.03046314,36.13535,44.229154,4.51691875,1,0,0,0.630808216,0.025866607,1,0,0,0,0 0 0.050000000000000003,0 0 0.050000000000000003,0 0 0.050000000000000003,wrist_3_link,8,0.04,10 0 0,0 0 0,,-0.018860258719739401 -1.5017296317314834 0.023684424760336848 -1.5675240928034262 -0.011025539116723651 0.0015493721590102091,0.02445676679096425 0.013490688561553044 0.0042205918857881912 -0.014149304236224815 -0.024412290958708942 -0.0068640641057844702,0.13728419241257767 -1.4505891145050382 0.052827215706449347 -1.6347684063093963 -0.14957332763095324 -0.024393310018743813,0.05837416500600684 -0.042889433459809397 -0.13537753611076786 -0.15395497565122371 -0.1058243801241642 -0.10968805077630248,-0.012608502307658555 -1.5006636889344329 0.023011279156584154 -1.5717826987178314 -0.017484627211462284 -0.0006329796172052217,0.46846474683248673 0.10746535248657556 -0.042515949789122862 -0.32631399666549937 -0.48883613198117859 -0.16977005154863883,10.578057264469136 -7.7424983100173943 -2.6029237596398271 -0.79491115470553586 0.14223470458850701 -0.010000679051503591,-0.012845510215058198 -10.052836105135611 -4.1490258603858052 -0.21530950453507103 0.13522931072509436 0.021159384852076135
ur,tetrapga,9.871538471,0.232387744,0.235923943,0.06156667,36.095507,43.821719,4.511938375,1,0,0,0.648434687,0.02591673,1,0,0,0,0 0 0.050000000000000003,0 0 0.050000000000000003,0 0 0.050000000000000003,wrist_3_link,8,0.04,10 0 0,0 0 0,,-0.017522271357728072 -1.5010600026884213 0.023830950785668558 -1.568357795964274 -0.012389222636580736 0.0011329354002715594,0.032753535557802728 0.015873594554093141 0.0020193467766835725 -0.02284593878354229 -0.035443446118819812 -0.011470680566363684,0.13975935850085866 -1.4526024864413334 0.046743571737867348 -1.6415910991362244 -0.15418445048641269 -0.029271508620673375,0.053224058618670987 -0.047890972248652748 -0.13891962904285296 -0.15365972118862595 -0.10207314542689572 -0.11026130410541098,-0.011338052806808134 -1.4999879427528411 0.022970123393683317 -1.5728116637061198 -0.018897276885074681 -0.0012141309807299516,0.46591675323564752 0.10923788232325324 -0.056373947180379941 -0.34267704563339296 -0.49504399513164626 -0.18301360903289007,10.711400498856678 -11.112124046207558 -4.4086514419595808 -0.93911872729668666 0.16978930347997553 -0.010597961784726318,5.679613888356144 -7.2176585147044534 -4.0718691875723891 -3.4477335249657699 -2.5795438556258645 -0.97902793586142733
ur,tetrapga,9.915464658,0.236377382,0.246511553,0.031025481,36.115379,43.787739,4.514422375,1,0,0,0.667762767,0.024313778,1,0,0,0,0 0 0.050000000000000003,0 0 0.050000000000000003,0 0 0.050000000000000003,wrist_3_link,8,0.04,10 0 0,0 0 0,,-0.01626962333289626 -1.5004142230970914 0.023940571469396425 -1.5691787462525459 -0.013683662323287859 0.00070902584738991384,0.024177516250632147 0.01381281249693854 0.0028484891917892399 -0.015817118362203168 -0.025066274029681253 -0.0082043144755059253,0.14198384616522255 -1.4548140511416576 0.040567638068542508 -1.6483301969153965 -0.15858331381401056 -0.034125008014693294,0.048046699594320612 -0.052794871833150937 -0.14224576782158546 -0.15313992742589458 -0.098182495029884367 -0.11070185253273079,-0.010109184874901294 -1.4993163070620796 0.022892151635847492 -1.5738641654867229 -0.020295379510947377 -0.0018211849212647993,0.4618316493688629 0.11059698286084257 -0.070399474461547817 -0.35862006342377484 -0.50061373834576361 -0.19607904432434753,11.178374566582788 -14.482415704002939 -6.2482423547508912 -1.1107173259208145 0.20085699209812014 -0.01167665906653689,-0.0084806937181838293 -10.238408686845105 -4.2075466463114992 -0.20609018552841007 0.1371679886050714 0.025295304416666886
ur,tetrapga,9.959345585,0.240310361,0.236235336,0.067923099,36.064985,43.718622,4.508123125,1,0,0,0.688193203,0.023556157,1,0,0,0,0 0 0.050000000000000003,0 0 0.050000000000000003,0 0 0.050000000000000003,wrist_3_link,8,0.04,10 0 0,0 0 0,,-0.014961005108786993 -1.4997311574783523 0.024011902473823614 -1.5700970362971891 -0.015070406005857725 0.00022193963391637305,0.032266337253933838 0.016216390865218318 0.00019730570288589862 -0.025232720942914059 -0.036292540779228381 -0.013377481900676221,0.14397740928684244 -1.4572372174690675 0.034256246324140156 -1.655034595446685 -0.1628032745965686 -0.038990039238152925,0.042804532821813804 -0.057638148514870494 -0.14538281325681071 -0.15239479745372084 -0.094126672727182795 -0.11101474870865416,-0.0088723690426425542 -1.4986292025725163 0.022778198491973899 -1.5749731803326177 -0.021725947952004811 -0.0024709842051178436,0.45784074365019867 0.11181621221247731 -0.084228570357706756 -0.37407243008271751 -0.50538189920028243 -0.20892019518045379,11.313758545004243 -18.008802612051689 -8.1024630913743874 -1.2557232567090284 0.22881738316546599 -0.012214660111698427,5.7113354922601474 -7.28451276501346 -4.3763282402468775 -3.8036935559393896 -2.6883222473166484 -1.1352497426095822
ur,tetrapga,10.003155493,0.244406507,0.246639332,0.031458483,36.122267,44.019152,4.515283375,1,0,0,0.71083803,0.021888419,1,0,0,0,0 0 0.050000000000000003,0 0 0.050000000000000003,0 0 0.050000000000000003,wrist_3_link,8,0.04,10 0 0,0 0 0,,-0.013724544558632031 -1.4990728308155354 0.024048109581018606 -1.5710049420024732 -0.016397045266019216 -0.00027221081766848641,0.023870514650141509 0.014005056533435575 0.0013907789871310157 -0.017501199764810474 -0.025688610989623821 -0.0095637165969410156,0.14573685392378469 -1.4598671445728748 0.027821890233840893 -1.661690596055299 -0.16683526624471773 -0.043858101336169991,0.037507150469702641 -0.062411895005579247 -0.14832496555191269 -0.15142604137351992 -0.089914180155010057 -0.11119963824110211,-0.007679314939454852 -1.497949843823293 0.022628228138095272 -1.5761017166733331 -0.023137601845122396 -0.0031442217608001113,0.45239273264780511 0.11264660884159779 -0.098115737300122435 -0.38908193822345755 -0.50951315451379797 -0.22157803117586833,11.762654643788435 -21.531398452127139 -10.015918242327679 -1.431795368523251 0.26073398574787532 -0.013300624848817813,-0.0093350290769080857 -10.381299329754256 -4.2432695047060207 -0.19466383389772091 0.13857178631801759 0.029491681157834737
ur,tetrapga,10.047266686,0.24858472,0.246496799,0.031580052,36.37514,44.170046,4.5468925,1,0,0,0.735591611,0.020774802,1,0,0,0,0 0 0.050000000000000003,0 0 0.050000000000000003,0 0 0.050000000000000003,wrist_3_link,8,0.04,10 0 0,0 0 0,,-0.012495915581900755 -1.4984087460051794 0.024046248210592581 -1.5719606756021665 -0.017744548507250876 -0.00080356788483868695,0.023883609322583658 0.014171700234951481 0.00063941096792795456 -0.018490992284037097 -0.026199770160628775 -0.01033231664154906,0.14727262287853379 -1.4627249718477862 0.021217356078255537 -1.6683445082974011 -0.17070500824561158 -0.048764982734456348,0.03211541161727352 -0.067149910193409962 -0.15109122779474349 -0.15022434827401093 -0.085513690588871302 -0.11125654472320304,-0.006514107506366466 -1.4972727130311236 0.022441830456049777 -1.5772607711490714 -0.024544763620801872 -0.0038465654867485743,0.44668846928891714 0.11332273538904485 -0.11192596478676864 -0.40369687641520169 -0.51296105557690486 -0.23408383299114693,12.051208407523387 -25.178467855799269 -11.950576994281654 -1.594937907102959 0.29130577608944769 -0.014096657886812424,-0.01427187112934547 -10.421417298436609 -4.2462176022426235 -0.18677176406981744 0.13963011571269845 0.031865188992600935
ur,tetrapga,10.091510148,0.252674213,0.236804955,0.073798079,36.244803,44.122132,4.530600375,1,0,0,0.761896502,0.020506474,1,0,0,0,0 0 0.050000000000000003,0 0 0.050000000000000003,0 0 0.050000000000000003,wrist_3_link,8,0.04,10 0 0,0 0 0,,-0.011201219116193872 -1.4976990579657141 0.024002528082263126 -1.5730267264360736 -0.019195430796400001 -0.0014080361514171673,0.031538161489331168 0.016830897561274399 -0.0024310084233029948 -0.028724804781214398 -0.037474024651983261 -0.016234108561195316,0.14857291960374644 -1.4657996661394497 0.01447489367417217 -1.6749601037422099 -0.17438793794604235 -0.053686212283680548,0.026655637611053953 -0.071826758271870225 -0.15366381066902066 -0.14879200633254508 -0.080945785997925054 -0.11118293969960924,-0.0053327322361378694 -1.4965748895628201 0.022217335674111629 -1.5784860661683195 -0.025994695977352787 -0.0045982169123038753,0.4406163843927875 0.11387449194985153 -0.1256054493806025 -0.41778967196837669 -0.51557484609398152 -0.24636451165262557,12.167760809643545 -28.975166965618595 -13.908968970857112 -1.7436001505042213 0.32007234235693305 -0.014568474593388349,5.3590242583937524 -7.4640287731035642 -4.7985766676930837 -4.132692413127188 -2.6837790671686435 -1.3128557157310832
ur,tetrapga,10.135737649,0.256943298,0.246792401,0.032126006,36.158152,43.942445,4.519769,1,0,0,0.790675618,0.018923875,1,0,0,0,0 0 0.050000000000000003,0 0 0.050000000000000003,0 0 0.050000000000000003,wrist_3_link,8,0.04,10 0 0,0 0 0,,-0.0099993353402199302 -1.4970196786560843 0.023932032733730124 -1.5740590355099389 -0.020561657308629869 -0.0020054763166880685,0.023203634388197954 0.014338199988719075 -0.00073061068838825127 -0.019910162983893139 -0.026452184642999976 -0.011562199263835612,0.14963029206139922 -1.4690782760905781 0.0076256515215669023 -1.6815049732244345 -0.17786425071764922 -0.058599513740729289,0.021152523498537468 -0.076420267080026721 -0.15602925167830489 -0.14713427215087316 -0.076231497927942066 -0.11097829876101957,-0.004201058532005494 -1.4958854729468891 0.0219603365739676 -1.579723938158434 -0.027418534461181851 -0.0053695683451095346,0.43312190702167563 0.11397639532038817 -0.13929345374415927 -0.43142341491310049 -0.51754472727381584 -0.25846521632669528,12.594525154656584 -32.750333176692827 -15.94492430027486 -1.9274666392642668 0.35347626135175414 -0.015670255887414924,-0.0079342510916120546 -10.601582127455913 -4.2920716150932776 -0.17717003040979762 0.13992526849648357 0.035660323780123626
ur,tetrapga,10.179777733,0.261084188,0.237339904,0.079676378,36.280648,44.047792,4.535081,1,0,0,0.820722425,0.017955133,1,0,0,0,0 0 0.050000000000000003,0 0 0.050000000000000003,0 0 0.050000000000000003,wrist_3_link,8,0.04,10 0 0,0 0 0,,-0.0087539218142879509 -1.4963052136939698 0.023815207777346782 -1.5751943153048302 -0.022013807246712484 -0.0026730862521475974,0.030575336267548082 0.01697785465215651 -0.0042175486237855499 -0.030768215037788031 -0.03779606111398115 -0.017990240527763456,0.1504404685934472 -1.4725429621552528 0.00070606701878823789 -1.6879443372183023 -0.18111553107933875 -0.063480127971142025,0.015634330919996931 -0.080907125080636175 -0.15817605015001987 -0.14526079085414142 -0.071396642658607873 -0.11064421062628922,-0.0030719398755302738 -1.495183662172932 0.021665153807777903 -1.5810148638749797 -0.028865545664736252 -0.0061834655286870117,0.42569378720205608 0.11396014343718119 -0.15282729598491063 -0.44446714291844802 -0.51867185134863592 -0.27026727875730566,12.711419299163119 -36.673801225517323 -17.938143646761482 -2.0759824676463676 0.38244844763381963 -0.016080921499612738,5.3111535467913846 -7.539652316278989 -5.0940751929478267 -4.4618771426494277 -2.7609893512979937 -1.466180813029311
ur,tetrapga,10.223923498,0.265381909,0.246831169,0.032510708,36.042561,43.714291,4.505320125,1,0,0,0.853565267,0.016211298,1,0,0,0,0 0 0.050000000000000003,0 0 0.050000000000000003,0 0 0.050000000000000003,wrist_3_link,8,0.04,10 0 0,0 0 0,,-0.0075865064669350503 -1.4956207436702682 0.023671774821004486 -1.5763015775984712 -0.023393216320771078 -0.0033355408809474956,0.022542473095631007 0.014375963588666803 -0.0021851848114091458 -0.021362724347714409 -0.026706449880052042 -0.012820541992928428,0.15100796653075774 -1.4762122400685636 -0.006320335451596026 -1.6943114632802942 -0.18415793824467219 -0.06835480982548077,0.010071109689900316 -0.085311468687488318 -0.160115593391914 -0.14316169507303667 -0.066416180354666565 -0.11017885403246654,-0.001993767110217713 -1.4944940310123358 0.021338593412947485 -1.5823141442395952 -0.030282493746602954 -0.007014322105075509,0.41693200762686866 0.11352148865803657 -0.1662338626804642 -0.45699043785873961 -0.51913909423116111 -0.28185236253228191,13.114343295888926 -40.566248056274546 -20.02731113059366 -2.262308853433173 0.41633736449687164 -0.017175657270172041,-0.0081832589566914749 -10.728533779316422 -4.3109287550074811 -0.16498484176736383 0.13973747248590485 0.039544921874462347
ur,tetrapga,10.267820393,0.269640826,0.246679354,0.032618399,36.086841,43.816353,4.510855125,1,0,0,0.888186711,0.014423978,1,0,0,0,0 0 0.050000000000000003,0 0 0.050000000000000003,0 0 0.050000000000000003,wrist_3_link,8,0.04,10 0 0,0 0 0,,-0.0064360347031714345 -1.4949337779747585 0.023490936318243585 -1.5774515087338454 -0.024784112653004824 -0.0040333783507584464,0.022363275786775202 0.014480726270483813 -0.0029573800031443315 -0.022265500202603827 -0.02703731439876203 -0.013566977300872168,0.15132817315389716 -1.4800514817656936 -0.013387331216500506 -1.7005460248092927 -0.18696238382931621 -0.073178795682853043,0.0045143368074868776 -0.089592578039004445 -0.16183016311639731 -0.14085719007818356 -0.061337650426674141 -0.10958678431129441,-0.00095138288682387884 -1.4938104848292815 0.020978971390038285 -1.5836343208120891 -0.031684176409851383 -0.0078690115731950595,0.40793975248383685 0.1129274580332264 -0.17947418444465596 -0.46893679067109961 -0.51885915125593718 -0.29314516815976022,13.366518617558725 -44.547888048217004 -22.091669763608689 -2.4297955187074862 0.44793218125871326 -0.01789516172402662,-0.012197188111304769 -10.76407170067796 -4.3068947839673939 -0.15667407526598254 0.14004241662861006 0.041849929387710816
ur,tetrapga,10.31174246,0.27375193,0.238323998,0.083927948,36.151114,43.854693,4.51888925,1,0,0,0.924598047,0.013705315,1,0,0,0,0 0 0.050000000000000003,0 0 0.050000000000000003,0 0 0.050000000000000003,wrist_3_link,8,0.04,10 0 0,0 0 0,,-0.0052343663876327825 -1.494203217297257 0.02325811923419055 -1.578717651389552 -0.026270524712256351 -0.004812314230360857,0.029136729612607676 0.01732665456401563 -0.0068142888893399246 -0.033743465789150912 -0.038183216286443805 -0.020637626406909679,0.15140400427265796 -1.4840787537327114 -0.020528964753030791 -1.706678199764246 -0.18954267879250281 -0.077976706905297233,-0.0010638326452846007 -0.093772263505063791 -0.16332921129737787 -0.13833712094422193 -0.056137377701039347 -0.10886562099242637,9.59477029944273e-05 -1.4931092037322755 0.020578527931812085 -1.5850174681128659 -0.033118902444214837 -0.0087732689321786336,0.39860279252784475 0.11220591637421685 -0.19250217253779159 -0.48018525150567193 -0.51769398539512124 -0.30407575380008445,13.462098968232244 -48.645898422485807 -24.134190097737367 -2.5774383098748412 0.4768482552578836 -0.0182178904894543,4.8440017880101323 -7.7486633430617076 -5.4675262124014523 -4.6999650921452485 -2.694795953689173 -1.6183555645208116
ur,tetrapga,10.355674261,0.278018262,0.246943299,0.033100321,36.046703,43.717445,4.505837875,1,0,0,0.96380324,0.011841336,1,0,0,0,0 0 0.050000000000000003,0 0 0.050000000000000003,0 0 0.050000000000000003,wrist_3_link,8,0.04,10 0 0,0 0 0,,-0.0041286856878723563 -1.4935084337729223 0.02300943069033435 -1.5799304375176215 -0.027660429975797041 -0.0055700648800330113,0.021349526481074261 0.014487064162308744 -0.0042856560265062456 -0.023407157134136717 -0.026906916476254785 -0.014664243287384329,0.15123448787949634 -1.4882881750270089 -0.027733237723781855 -1.7126963537138717 -0.19189258357373307 -0.082741174547941401,-0.0066547873885506757 -0.097843392836943793 -0.16460934976125238 -0.13560499049879018 -0.050824293553664447 -0.10801593534282986,0.0010878073584537065 -1.4924207618576211 0.020151658727474583 -1.5864007239263 -0.034516559902833713 -0.0096896150207358769,0.3880220438615839 0.11100711187222463 -0.20529007294982921 -0.49084638888202448 -0.51586171160347227 -0.31474351432875691,13.831116689554539 -52.680648509905922 -26.284367315510153 -2.7659678462437896 0.51119927722409453 -0.019294797537713137,-0.0056860353696954746 -10.923106077429111 -4.3342548046848748 -0.14654076714396069 0.13869540929742641 0.045235939242687095
ur,tetrapga,10.399490147,0.282254391,0.24686442,0.033212154,36.207314,43.926692,4.52591425,1,0,0,1.005102738,0.010079115,1,0,0,0,0 0 0.050000000000000003,0 0 0.050000000000000003,0 0 0.050000000000000003,wrist_3_link,8,0.04,10 0 0,0 0 0,,-0.0030490943717686107 -1.4928160080676987 0.022724992121573657 -1.5811776918564473 -0.029050642407189457 -0.0063588499669252861,0.020983124994127352 0.014479702937812226 -0.0050548910121026155 -0.024158207140932881 -0.027019388655066902 -0.015333413181895562,0.15082063869692969 -1.4926621444012809 -0.034969686860150534 -1.7185745131409822 -0.19400149343422776 -0.087453097524425302,-0.012235835836822516 -0.10178933280102311 -0.16566540228560137 -0.13267253575543395 -0.045421386139524067 -0.10704123417858516,0.0020371958115478622 -1.491741270646098 0.019694912010803346 -1.5877964763764276 -0.035889949101445828 -0.01062503622592798,0.37722991477566425 0.10963928957023882 -0.21792667671509669 -0.50090856063174738 -0.51329349330428098 -0.32510046651217483,14.05768673923998 -56.790136784274488 -28.389643551597871 -2.9332241841498217 0.54285094369130449 -0.019959775678134433,-0.0081710266386894048 -10.960010968987262 -4.328197496811157 -0.13881530558956001 0.1382580003692695 0.047302251595798595
ur,tetrapga,10.443524303,0.286349025,0.239649501,0.088848514,36.223537,44.167495,4.527942125,1,0,0,1.04859166,0.009620755,1,0,0,0,0 0 0.050000000000000003,0 0 0.050000000000000003,0 0 0.050000000000000003,wrist_3_link,8,0.04,10 0 0,0 0 0,,-0.0019259523609984625 -1.4920827737835163 0.022382226910801432 -1.5825444627048026 -0.030531848525854183 -0.0072333172028341891,0.027172760616164152 0.017383911702258375 -0.0093473233672480716 -0.036249867729983169 -0.037949282120176273 -0.023042664753515588,0.15015837488144226 -1.4972294634948973 -0.042283883735176629 -1.7243479782944457 -0.19588024630461684 -0.092142665245489724,-0.017842846916862793 -0.10563449012247302 -0.16650261169860489 -0.1295201367533064 -0.03989468796275162 -0.10593439589931819,0.0029843308082049599 -1.4910468091530094 0.019195601579099865 -1.5892524976788114 -0.037289638930250765 -0.011609844535823744,0.36608863536628256 0.10815163272470543 -0.2303709852128154 -0.5102535172745335 -0.50984251457509555 -0.33508347768033242,14.137585361603049 -61.013113746855886 -30.455994068952712 -3.0783461851312719 0.57146105338738085 -0.020190254150672826,4.4583109124521156 -7.9344907270369731 -5.830672861665434 -4.9755168057872652 -2.6584216931472184 -1.7840015279379102
ur,tetrapga,10.487803162,0.290617234,0.24717731,0.03361062,41.157382,49.065424,5.14467275,1,0,0,1.095261126,0.008083937,1,0,0,0,0 0 0.050000000000000003,0 0 0.050000000000000003,0 0 0.050000000000000003,wrist_3_link,8,0.04,10 0 0,0 0 0,,-0.0008978090038554102 -1.4913881616965177 0.022030229995732696 -1.5838474437470471 -0.031912084265497478 -0.0080785808663792896,0.019853300317456322 0.01438380618694456 -0.0063539900662176966 -0.025155989397883976 -0.026717669596213803 -0.016357630073647596,0.14924363531169865 -1.5019901092661192 -0.049670860861609135 -1.7300090376005857 -0.1975220242128552 -0.096806321002070511,-0.023472350102537436 -0.10937405432635856 -0.16711616704422932 -0.12614647026521741 -0.034247213949776409 -0.10469365698994008,0.0038735132529842601 -1.490367970875929 0.018673010590980314 -1.5907020029470946 -0.038646622628647681 -0.012602750253775611,0.35378154385118571 0.10618931860432579 -0.2424881495544958 -0.51900402927067624 -0.50572012884669515 -0.34481719408426159,14.46550245784136 -65.170923003683242 -32.658354424657524 -3.2681726437482421 0.6060961846038263 -0.021244059425757186,-0.0036603621461193114 -11.091504595416154 -4.338636153211354 -0.12784708008530288 0.13603329882624848 0.050463337781501139
ur,tetrapga,10.536997929,0.29545515,0.240993854,0.093220957,36.138742,47.08032,4.51734275,1,0,0,1.153222075,0.013793134,1,0,0,0,0 0 0.050000000000000003,0 0 0.050000000000000003,0 0 0.050000000000000003,wrist_3_link,8,0.04,10 0 0,0 0 0,,0.00015052914880548543 -1.4906632167257032 0.021622867111580301 -1.5852548710017731 -0.033361045954151396 -0.0090012219930359766,0.025532641370970367 0.017244166126401807 -0.010929570395163953 -0.03757223518932741 -0.037378145268734696 -0.024447617842987001,0.14793543174248114 -1.5074697954704714 -0.057903390893259389 -1.7361178186850486 -0.19905050189382203 -0.10191977023668271,-0.029708335043271555 -0.11337330133004249 -0.1675275739762204 -0.12216369196181516 -0.027876646374051791 -0.10316624162974361,0.0047390660410076323 -1.4896818786728048 0.018106692219657161 -1.592199770748044 -0.040008836560842934 -0.013640462209447167,0.34088060501409495 0.10421439100141777 -0.2551558289528934 -0.52766672170124651 -0.50062528368042458 -0.35480951075517164,14.540024176908304 -69.709412026972402 -34.882152649383748 -3.4243285643739014 0.63685778333698084 -0.021493319150840295,4.2613420562521522 -8.0265473191984711 -6.0883257541236162 -5.2203736102310359 -2.6657241181573994 -1.9182636643537592
ur,tetrapga,10.584189996,0.299838306,0.241305443,0.0315368,36.171549,43.992566,4.521443625,1,0,0,1.208676604,0.014480787,1,0,0,0,0 0 0.050000000000000003,0 0 0.050000000000000003,0 0 0.050000000000000003,wrist_3_link,8,0.04,10 0 0,0 0 0,,0.0012179730264565024 -1.4899045853012263 0.021156029618858978 -1.5867606421714471 -0.034871219850965821 -0.010000682753810745,0.025946443193578791 0.017884052367856767 -0.012785794020751232 -0.038968318679540592 -0.038066560044559036 -0.026001203025523587,0.1463927905223697 -1.5129074958686146 -0.065813371295120104 -1.7417883390303297 -0.20022015980773997 -0.10675094228258135,-0.035663737684168362 -0.11704987352097662 -0.1676534665739724 -0.11811649002973404 -0.021680455536447617 -0.10155518876894505,0.0055942443014146085 -1.488978642380542 0.0174910678354676 -1.5937640188858819 -0.041396456532406471 -0.014735619963665901,0.32696559596031766 0.10182370080916983 -0.26753663547380879 -0.53547655326705224 -0.49455354081276215 -0.36438093525461818,14.706369590208602 -74.267607013051702 -37.152613119632875 -3.5966627660492172 0.6694315279106412 -0.022061952405757906,1.176418839071296 -9.6029106653604686 -4.7305199617804163 -0.83665489133909432 -0.36673066964232248 -0.32966850564265471
ur,tetrapga,10.628298585,0.304054539,0.248160341,0.03414467,44.633444,52.648659,5.5791805,1,0,0,1.26058392,0.007530542,1,0,0,0,0 0 0.050000000000000003,0 0 0.050000000000000003,0 0 0.050000000000000003,wrist_3_link,8,0.04,10 0 0,0 0 0,,0.0021243741110639953 -1.489233309141115 0.020720564109796353 -1.5880941179368757 -0.036179764763486541 -0.010896645330668014,0.017472963948135082 0.013741753189313109 -0.0080452259402455355 -0.025737485825653432 -0.025308823898302288 -0.017322940283113153,0.14469751468957529 -1.5181434812600483 -0.073206505843720737 -1.7469112392022499 -0.20104749010538886 -0.11119482533416801,-0.041198961108308362 -0.12033951688183543 -0.1675322733013927 -0.11413829633239572 -0.015822958942909023 -0.099921789810784409,0.0063598870201363126 -1.4883147477329159 0.016872254400858357 -1.5952679887959742 -0.042691853533843804 -0.015802776274831291,0.31257222673712642 0.098903503489070829 -0.27919519647170221 -0.54236504807439756 -0.48796786073716292 -0.3733304534580415,15.039055782603132 -78.583777392664402 -39.444537285168636 -3.793559668647684 0.70553387773655174 -0.02314820240930009,0.0043323582828271867 -11.267740965613484 -4.3404924607237803 -0.11555926236542291 0.12945304125979362 0.053442929632112168
ur,tetrapga,10.681030079,0.308786855,0.243372874,0.032044946,36.088579,44.208909,4.511072375,1,0,0,1.331865687,0.019196089,1,0,0,0,0 0 0.050000000000000003,0 0 0.050000000000000003,0 0 0.050000000000000003,wrist_3_link,8,0.04,10 0 0,0 0 0,,0.0032514075750312474 -1.488384660984343 0.020096489082968242 -1.5898790734805193 -0.037870897243155677 -0.01210993500932523,0.02364758897266328 0.017740766469260517 -0.014555866625136388 -0.038816127348661723 -0.036023921623457696 -0.026656122360874616,0.14235159565865391 -1.5245887144898553 -0.08203036231443632 -1.7527993177699381 -0.20169564912253468 -0.11640891489902637,-0.047767316393465376 -0.12407978181232787 -0.16708379653668617 -0.10914170414110141 -0.0087484278860698629 -0.097809412304646404,0.0071815693182135766 -1.4875815674452966 0.016152860390732344 -1.5969634334870346 -0.044119043232571195 -0.017015318285946445,0.29699025257872458 0.096017114166638717 -0.29143891889761964 -0.54873779359849784 -0.47970848050893211 -0.38237033048352287,15.069055274225038 -83.461494016583941 -41.757836008038382 -3.9486937046230235 0.73613675732569295 -0.023267871577918358,-0.084916509177151767 -10.574832295560554 -4.0240106264508668 -0.011093899051047629 0.15310485926474371 0.078431599327814183
ur,tetrapga,10.725356082,0.313038393,0.24908497,0.034527773,42.809812,50.62832,5.3512265,1,0,0,1.386951451,0.007097716,1,0,0,0,0 0 0.050000000000000003,0 0 0.050000000000000003,0 0 0.050000000000000003,wrist_3_link,8,0.04,10 0 0,0 0 0,,0.0040505200240270409 -1.4877431332003532 0.019621535743947992 -1.5911936654534533 -0.039093330921880783 -0.013014170799950419,0.015401000810530556 0.013002487217954396 -0.0088778847106219198 -0.025374538081475936 -0.023638032873801625 -0.017478738737003455,0.14011280056750419 -1.5301552231611077 -0.089423354372418537 -1.7575403410714168 -0.20195066311184048 -0.12070256683291423,-0.053239552282784666 -0.12705657443213725 -0.16645083266211017 -0.10474501115584076 -0.0027509716485969019 -0.095901189934318759,0.007865301686040771 -1.486923038169996 0.015465740856190815 -1.5985119702412607 -0.045376462464453787 -0.018140291010791329,0.28115712686505778 0.092414019103621972 -0.30268215139366916 -0.55417759637708275 -0.4712844234034741 -0.39069330848036221,15.374095997096568 -87.890637348392787 -44.108290732715538 -4.1479783305898721 0.77277893989429702 -0.024333502103917652,0.013225778588402903 -11.394165238840287 -4.3414400316815929 -0.11144793546645815 0.12269256094653258 0.053923522769427024
ur,tetrapga,10.77610113,0.317570946,0.244726097,0.032002176,36.199389,44.25275,4.524923625,1,0,0,1.458323931,0.011508092,1,0,0,0,0 0 0.050000000000000003,0 0 0.050000000000000003,0 0 0.050000000000000003,wrist_3_link,8,0.04,10 0 0,0 0 0,,0.0050088107757464799 -1.4869646439542366 0.018967848457671879 -1.5928988955881069 -0.040624156545221522 -0.014200253018777677,0.021914248947777958 0.017573689946808649 -0.016654855290769242 -0.040649478676117769 -0.035689949737464664 -0.028561621044352229,0.13725352621490375 -1.536685161574233 -0.097845540450202495 -1.7627234672996241 -0.20191509200934324 -0.12551059532509035,-0.059440013950174724 -0.13027115715620663 -0.16543937885289781 -0.099498866986025655 0.0041599164706880559 -0.093570471890360371,0.0085540759335134536 -1.4862324016025461 0.014702869496757183 -1.6001763039108561 -0.04669186243172585 -0.019360486210434957,0.26462746282747845 0.088929932446264029 -0.31424064502177051 -0.55885887452152816 -0.46144411586102502 -0.39877677445630666,15.383662018510522 -92.7166046494375 -46.333429664298819 -4.2900442911183214 0.80123825952065875 -0.024276526296749354,-0.022079435125618829 -10.560718209215338 -4.090754767739071 -0.020330610129349225 0.13491327793661867 0.067337054007268193
ur,tetrapga,10.820470951,0.321669751,0.249551185,0.034637024,36.044928,43.888332,4.505616,1,0,0,1.516908901,0.001441974,1,0,0,0,0 0 0.050000000000000003,0 0 0.050000000000000003,0 0 0.050000000000000003,wrist_3_link,8,0.04,10 0 0,0 0 0,,0.005750330330979771 -1.486328001548793 0.018417363790549215 -1.5942764116481754 -0.04183562742002709 -0.015169702443163581,0.014287352038501698 0.012902577283150782 -0.010344173151905698 -0.026590840426971796 -0.023426032375257151 -0.018739483966806841,0.13449708796602558 -1.5425243810857547 -0.10516174434707731 -1.7670330762294069 -0.20159589226687752 -0.12961473180469132,-0.064797816273261311 -0.13290830920723359 -0.16430464732837352 -0.094732351073075899 0.010232000413613518 -0.091406938826671363,0.0091351617739149037 -1.4856013712077307 0.013963459595678841 -1.6017268937482798 -0.047874952588827624 -0.020514184378626961,0.2478698302085364 0.08485379599236445 -0.32458213099679484 -0.56256699609552152 -0.45140095786889445 -0.40613625647846141,15.645479359217095 -97.124549248381655 -48.668010201631184 -4.4857919351898428 0.83720438599519187 -0.025308906381667703,0.0082462228839617069 -11.430218011017132 -4.2970960530274809 -0.093919878419910674 0.11969729392393447 0.057816653863575596
ur,tetrapga,10.864466987,0.325481597,0.246679605,0.105534621,36.118286,44.204546,4.51478575,1,0,0,1.576806603,0.011246997,1,0,0,0,0 0 0.050000000000000003,0 0 0.050000000000000003,0 0 0.050000000000000003,wrist_3_link,8,0.04,10 0 0,0 0 0,,0.0065061358591133982 -1.4856566307024521 0.017790093411051741 -1.5957917505026107 -0.043126492599938233 -0.016247035497392918,0.018616453063903287 0.016280785802273962 -0.016295740992109828 -0.041194448653333098 -0.033862534750022988 -0.029086469062306164,0.13153056233764981 -1.548426344297003 -0.1123615282992876 -1.7710940259136077 -0.20101293028225567 -0.1335869951164867,-0.070045004076457945 -0.13535943100916156 -0.16294969484359928 -0.089847040044535809 0.01627091989235082 -0.089148089309137979,0.009672444630981927 -1.4849814144498161 0.013199501062125359 -1.603281794740707 -0.049026718984236869 -0.021682603326652665,0.23147447680847216 0.080948313159432531 -0.33465943015499144 -0.56530907690771026 -0.44074954873174238 -0.41274917358034069,15.686597689575803 -101.54663537901456 -50.692654270557256 -4.6128101140819222 0.86306190922015036 -0.025171917467021902,3.1051110343986181 -8.3312791379103146 -6.9408429937155844 -5.9099387483656756 -2.5127054008975733 -2.3804739097634382
ur,tetrapga,10.908749187,0.329330858,0.250026545,0.034737042,36.198787,44.301364,4.524848375,1,0,0,1.639689013,0.019879757,1,0,0,0,0 0 0.050000000000000003,0 0 0.050000000000000003,0 0 0.050000000000000003,wrist_3_link,8,0.04,10 0 0,0 0 0,,0.0072045579073490105 -1.4850051847113406 0.017144352708588825 -1.5972798481656898 -0.044361088995146694 -0.017318398072301407,0.013479390660324525 0.013241388643343491 -0.0122548435168991 -0.02875222067132175 -0.023894757388458303 -0.020734385241737159,0.12831320259611215 -1.5544718849496486 -0.11954286212867771 -1.7749609388893248 -0.20015765239988131 -0.13748226170019254,-0.075254020691404397 -0.13765823358614576 -0.16135601170950886 -0.084776477848514539 0.022358419218837515 -0.08676261347315356,0.010154756087901564 -1.4843801247808102 0.012421898322718374 -1.6048179107749885 -0.050129893303165557 -0.022851114522948059,0.21453185234201189 0.07664684997101294 -0.34375357032983977 -0.56713616522374832 -0.42949866418422267 -0.41882672793387776,15.864873218799572 -105.79611996225698 -52.882325493444313 -4.7902568324565546 0.89561191354563718 -0.02604197911483104,0.0040528045394694345 -11.463223914817718 -4.247201737651416 -0.070154874445506721 0.11874968413806641 0.063974871744783002
ur,tetrapga,10.953150058,0.333012166,0.248720533,0.098381313,30.299258,38.238518,3.78740725,1,0,0,1.71839104,0.027001474,1,0,0,0,0 0 0.050000000000000003,0 0 0.050000000000000003,0 0 0.050000000000000003,wrist_3_link,8,0.04,10 0 0,0 0 0,,0.0078934100887324051 -1.4843263216115199 0.016435158212750375 -1.5988698301653361 -0.045639621960732693 -0.018475307018722652,0.016413009416878548 0.016102020036575432 -0.017674777076179433 -0.041658109579896713 -0.032374594110787344 -0.030146651302748739,0.12485736024229575 -1.5606320106139326 -0.12666747460418026 -1.7786094686797675 -0.19902938626202857 -0.14127945089611726,-0.080397739599555887 -0.13979034316105249 -0.15952791028134794 -0.079544357892359488 0.028462720797573976 -0.084260375853564995,0.011942516811339144 -1.4841033599826039 0.0093935654580619976 -1.6093655502588304 -0.053541207953037989 -0.026191426451797169,0.22347009042986077 0.034595599775762133 -0.37854160808223358 -0.56845493548051285 -0.42641433123427519 -0.41753899110632225,12.407086684474541 -100.77311149865783 -43.093566516354862 -3.1944324699604398 0.64360385794250585 -0.0032568784268016513,2.4274924552128567 -8.7299903823322893 -6.9157474284236642 -5.5093535505557156 -2.1880955416298207 -2.2723841356341978
ur,tetrapga,10.991494921,0.336224665,0.250791872,0.034869232,36.224156,44.080241,4.5280195,1,0,0,1.755879443,0.000270812,1,0,0,0,0 0 0.050000000000000003,0 0 0.050000000000000003,0 0 0.050000000000000003,wrist_3_link,8,0.04,10 0 0,0 0 0,,0.0084278997808627937 -1.4837692983787982 0.015820496533656896 -1.6001907958745867 -0.046673672835745632 -0.019448251605414413,0.012429887282103234 0.013487580133411052 -0.014180757991101779 -0.030760698776874835 -0.024109434379897762 -0.022686548317076543,0.12169046065656552 -1.5660252604171907 -0.13275129504300995 -1.7815711003752486 -0.19783701026782793 -0.14446755948605364,-0.084771125622755128 -0.14148992187746626 -0.15776504217234213 -0.07491190709262939 0.033727965174951226 -0.082012424417604424,0.011725253673583666 -1.483545511141271 0.0096868532330771986 -1.6093176794432158 -0.053391106902636473 -0.026225177981293521,0.19250567218549824 0.048852254928758811 -0.36502222034797183 -0.56743829706368487 -0.41045831353080597 -0.42566736908615121,15.29195178840232 -108.36506417641716 -54.006647585803542 -4.8404223790330816 0.90232379805668939 -0.026219303079065743,0.0041693080732727594 -11.506846467320429 -4.2015592781361661 -0.047862369076028699 0.1171581225450069 0.070000185891146316
ur,tetrapga,11.035677126,0.339716143,0.254628211,0.28503693,36.135738,43.880171,4.51696725,1,0,0,1.823732863,0.028204508,1,0,0,0,0 0 0.050000000000000003,0 0 0.050000000000000003,0 0 0.050000000000000003,wrist_3_link,8,0.04,10 0 0,0 0 0,,0.0090409717153208547 -1.4831018320672305 0.015044663861717388 -1.6018335145044222 -0.047923939410399505 -0.020666616043720581,0.023007112998246981 0.021345663422399658 -0.029367634466757171 -0.068075031323188234 -0.05076518325233037 -0.049180513701749425,0.1178352892329647 -1.5723168596836112 -0.13967301942269542 -1.7847606831919196 -0.19621307550965572 -0.14803205275907128,-0.089725722262157304 -0.1432827448182622 -0.15552403292225092 -0.069449516119742968 0.039779439358203973 -0.079324600194855099,0.011741584794033135 -1.4828838137367109 0.0094048335260351439 -1.6101124020792701 -0.05381919102733132 -0.026899564594096786,0.16980901244776447 0.054982233442478316 -0.37011562767046458 -0.56710063818165579 -0.3952084838518849 -0.43170844769890337,15.544361872518857 -115.44704505312563 -57.249098593623351 -5.0349345161037453 0.94577057264194508 -0.025343084505913098,8.0528014635795344 -10.297271138198994 -14.786235161192991 -15.962068067442488 -6.709389946641366 -6.6105275157328407
ur,tetrapga,11.079661226,0.341680747,0.247346508,0.038552425,36.101887,44.16513,4.512735875,1,0,0,1.88163198,0.020751774,1,0,0,0,0 0 0.050000000000000003,0 0 0.050000000000000003,0 0 0.050000000000000003,wrist_3_link,8,0.04,10 0 0,0 0 0,,0.01000231920218587 -1.4823863674472024 0.013626023291419678 -1.604400277146073 -0.049865967887372555 -0.022566908940253174,0.019103897459219556 0.010844050090042953 -0.029435409014391047 -0.049795848268446893 -0.037546643214174842 -0.036801485695510699,0.11378205497349012 -1.5786550037262277 -0.14646048552960891 -1.7876934461298002 -0.1943313606962081 -0.1514603659028112,-0.094562384259571683 -0.14488894677018188 -0.15307214903645966 -0.06388574870940332 0.045779151491516956 -0.07654753297429108,0.012064443424467422 -1.482228421423311 0.0084995051774489454 -1.6117723378184992 -0.054876288952994595 -0.028216912273604001,0.14906142829488753 0.050833646080688306 -0.37699040391001082 -0.56449977572873644 -0.37921368695554458 -0.43545943830381539,15.719945971787553 -120.04522731914841 -59.498719550806499 -5.2127480928272529 0.9781171121640011 -0.026184992150639869,0.14918740495532035 -12.722300296934918 -4.5592036725251646 0.052426121301323292 0.16194369346320059 0.11351834394001514
ur,tetrapga,11.123935533,0.344757869,0.248781438,0.049500576,30.268678,38.390487,3.78358475,1,0,0,1.959890419,0.040695058,1,0,0,0,0 0 0.050000000000000003,0 0 0.050000000000000003,0 0 0.050000000000000003,wrist_3_link,8,0.04,10 0 0,0 0 0,,0.010625615364448298 -1.4819768580013664 0.012590912289272853 -1.606156147962881 -0.051138786161713135 -0.023885065735031612,0.011971323837947384 0.0097385275365772742 -0.021330366858364841 -0.038516820144380466 -0.026531009047059802 -0.029212500899198031,0.10948947233237448 -1.5851022934463384 -0.15317895157662212 -1.7903957480907187 -0.19217143075919094 -0.1547857379334901,-0.099328508166889928 -0.14632328791109814 -0.15038406123322209 -0.058165779625988352 0.051784855564406422 -0.073652899179460454,0.013295192355582609 -1.4822121808164432 0.0051644748945931379 -1.6163001670509169 -0.057886133063134795 -0.031689349749435235,0.1538436163896765 0.0020300758583904448 -0.41687878535739431 -0.56597865405278203 -0.37623051376793826 -0.4340546844792833,13.899396173125487 -113.71725041039893 -48.676842783567217 -3.5970406413970029 0.72184897483086008 -0.0037596410750013803,-0.048288717616209453 -7.6251686744944891 -4.6749555526441 -2.7720322561299326 -0.75305765784067091 -1.275090695299113
ur,tetrapga,11.162446201,0.347936963,0.252803282,0.031608497,36.130582,43.980458,4.51632275,1,0,0,1.994883144,0.022894224,1,0,0,0,0 0 0.050000000000000003,0 0 0.050000000000000003,0 0 0.050000000000000003,wrist_3_link,8,0.04,10 0 0,0 0 0,,0.010975079381381845 -1.4815915335521546 0.011925390241818875 -1.6073451518108084 -0.051956396369377683 -0.024799847087526548,0.0079499814744996809 0.010395180007507217 -0.014814131869217168 -0.027635795966524296 -0.019068162559085118 -0.02131972296854788,0.10558586685228742 -1.5907588757214164 -0.15892243260863648 -1.7925384496499899 -0.19007712064000626 -0.1575723954578041,-0.1033859902964913 -0.14742024952232394 -0.14786863540915229 -0.05309881267163321 0.056974499900022957 -0.071056412119287898,0.013122423006229376 -1.4817261806896052 0.0053846991078324241 -1.6162988828370457 -0.057765241049712146 -0.031759022379675685,0.12341089221865437 0.02195956183660288 -0.39502918254712988 -0.55952792577341914 -0.35549704168238938 -0.43930299514973059,15.364212095770476 -122.41502272728816 -60.702878750020403 -5.2988626588018768 0.99076253722934038 -0.027081677919450195,-0.13703378495623042 -10.430804123444432 -3.6085907510031063 -0.0073401797853875905 0.088789691203899679 0.065821197250102159
ur,tetrapga,11.206525141,0.351307587,0.26245398,0.283264602,30.212764,38.183639,3.7765955,1,0,0,2.08431666,0.065810627,1,0,0,0,0 0 0.050000000000000003,0 0 0.050000000000000003,0 0 0.050000000000000003,wrist_3_link,8,0.04,10 0 0,0 0 0,,0.011369606959473443 -1.4809854007012098 0.011104444403423978 -1.6089150067569491 -0.053008935561337137 -0.026018910352523572,0.015208725063329123 0.02059596738753117 -0.030751604099172779 -0.066591269777269674 -0.04406880303832654 -0.050386346029295342,0.10092827566075421 -1.5972815288218052 -0.16537324843849932 -1.7947493843207427 -0.18743566469863182 -0.16063740360733372,-0.1079242922298268 -0.14850193265447964 -0.14478988565412054 -0.047201433770309491 0.062867663849178079 -0.067997373445368256,0.014136354880105092 -1.4819491445513022 0.0018945470412272348 -1.6207867496675739 -0.060586654176296169 -0.035262672936176763,0.12674148423495021 -0.027870482712325735 -0.4362690083265397 -0.56098335381714948 -0.35267664082378053 -0.43795631956340253,14.100284193320606 -115.77974558717453 -49.539329659328416 -3.6511036823863297 0.73140801848048953 -0.0038608024297247189,5.5039714886461084 -11.10695041605868 -15.568395799100404 -15.862817729885137 -5.9255369576389256 -6.874276014778836
ur,tetrapga,11.244803735,0.35293248,0.253859139,0.04048173,36.095134,43.784901,4.51189175,1,0,0,2.10510944,0.012146065,1,0,0,0,0 0 0.050000000000000003,0 0 0.050000000000000003,0 0 0.050000000000000003,wrist_3_link,8,0.04,10 0 0,0 0 0,,0.011917931989055344 -1.480377157902262 0.009782927623311833 -1.6111332324951047 -0.054496214205937428 -0.027737995831922376,0.013247376637633241 0.011000815980997834 -0.03299630116620058 -0.051866943195437526 -0.034640983266988341 -0.040119925291941964,0.09672319908609886 -1.602981496621664 -0.17086167121531029 -1.7964568845456901 -0.18493197935070216 -0.16318821741391432,-0.11176956796782357 -0.14928932028009667 -0.14194591985620064 -0.042001176886303115 0.067938413499737782 -0.065267741493899717,0.013770045040938664 -1.481164562798166 0.002558809687111579 -1.6203705324268058 -0.06016086865192892 -0.035037172199501462,0.092862700795253911 -0.00017644642324215684 -0.40999095564566213 -0.55131766818445327 -0.32742930760226724 -0.44210472693225744,14.947360825768286 -126.70064110514605 -62.374482649605199 -5.3519409434570324 1.0033622167278486 -0.026111705731178492,0.25678704699749488 -13.358970906988361 -4.6785921224564966 0.070599136625787651 0.15151328117860885 0.12373596952848231
ur,tetrapga,11.288693082,0.355518235,0.263354319,0.279691975,30.23948,38.019443,3.779935,1,0,0,2.197850085,0.067075893,1,0,0,0,0 0 0.050000000000000003,0 0 0.050000000000000003,0 0 0.050000000000000003,wrist_3_link,8,0.04,10 0 0,0 0 0,,0.012370169695371972 -1.4800039670730916 0.0085572237122116899 -1.6130392830013764 -0.055720887310392118 -0.029227720451418172,0.014401037539714914 0.014224643352465191 -0.037581354931802126 -0.070359941266905437 -0.044324246072665066 -0.054023197099750328,0.09172301002478285 -1.6095503598718039 -0.17701656431601531 -1.7981679286028125 -0.18182371074656878 -0.1659826320474895,-0.11606397750087259 -0.15001683707065597 -0.13849346122223566 -0.035955411883838558 0.073691189992024619 -0.062057202479135272,0.014523737171164865 -1.4815824262020418 -0.0010603112238846617 -1.6247922200143303 -0.062759026923506336 -0.038563399407867273,0.09421151627909316 -0.052232925485009379 -0.45239011387641803 -0.55271094844283586 -0.32476978394862743 -0.44077840104727506,14.50777204737977 -119.48589290216356 -51.087443345008296 -3.7560727291330176 0.75108887882484254 -0.0040020600289140777,4.4564606312356432 -11.644623501044407 -15.769484706720705 -15.662750588436211 -5.5505997485351628 -6.926224908923615
ur,tetrapga,11.326813814,0.356749412,0.253926215,0.038777051,36.077246,43.735198,4.50965575,1,0,0,2.206442289,0.006738492,1,0,0,0,0 0 0.050000000000000003,0 0 0.050000000000000003,0 0 0.050000000000000003,wrist_3_link,8,0.04,10 0 0,0 0 0,,0.012872908827770578 -1.4796279734325959 0.0070006377828959084 -1.615369880637112 -0.057204021219193005 -0.031057458684414747,0.012258522139593579 0.0048241415863045263 -0.038912420179454295 -0.054515041740192484 -0.034528482453744562 -0.042697598324548468,0.087229127624270444 -1.6152786927851386 -0.18223624607561045 -1.7994374093706198 -0.1789202553396598 -0.16829405397231023,-0.11969076557918212 -0.15049573466986219 -0.13533151058757281 -0.030637962923752243 0.078628600692972575 -0.059201015561818657,0.014171690434200225 -1.4807708338979149 -0.00040246103235576369 -1.6243961647885492 -0.062348358034406623 -0.038354105730754179,0.059170929342300754 -0.020704260075156435 -0.42157803898461199 -0.53938930785578909 -0.2958542453835139 -0.44295958557819903,14.666480766074736 -131.26396445123629 -64.405825113027987 -5.4595101111785667 1.024625833476247 -0.025888857672647248,0.19357612688878589 -12.796426971732217 -4.3269633756174972 0.12202271412934351 0.14377760249587368 0.13170721399765739
ur,tetrapga,11.370613965,0.359315248,0.253335851,0.027966573,30.291997,38.317815,3.786499625,1,0,0,2.298633388,0.084504162,1,0,0,0,0 0 0.050000000000000003,0 0 0.050000000000000003,0 0 0.050000000000000003,wrist_3_link,8,0.04,10 0 0,0 0 0,,0.013216639303776277 -1.4794865435533686 0.0057354530650531605 -1.6171033457071711 -0.058243453193680739 -0.032438024339516536,0.0061461161414716105 0.0038579697840396545 -0.023521277735435338 -0.032948797583387188 -0.019539169058128372 -0.026390910597064571,0.081897599384005149 -1.6218793014051689 -0.18808090920723661 -1.8006443001827828 -0.17535341351429859 -0.17081384882683065,-0.12373486224354774 -0.1508693141088337 -0.13151474131089297 -0.02445934164337055 0.084226284225069947 -0.055844671689543962,0.014640662549388688 -1.4813708187412375 -0.0041276800238747484 -1.6287225470803319 -0.064695071869454807 -0.041887277293399222,0.058621514399871059 -0.074998105416729036 -0.4656523739438479 -0.54079778647739707 -0.2933392293836965 -0.44164644533373976,14.971034770359731 -123.53796055260108 -52.805304734213323 -3.8746794649331613 0.77359104349799479 -0.0041691199932063728,-0.28367710664389989 -9.2289689348563115 -2.8584514747444523 0.10296306991767779 0.073807123581318024 0.081509367084493078
ur,tetrapga,11.409039327,0.360370635,0.256565479,0.037450081,30.35925,38.32314,3.79490625,1,0,0,2.401427966,0.021718449,1,0,0,0,0 0 0.050000000000000003,0 0 0.050000000000000003,0 0 0.050000000000000003,wrist_3_link,8,0.04,10 0 0,0 0 0,,0.013600479694705053 -1.4791731496683804 0.0040592940766989317 -1.6195142717615172 -0.059675625066677333 -0.034370135767569109,0.0089315300837627086 0.0029876326046505285 -0.039824200254152821 -0.053186135216823721 -0.031458876776801946 -0.042576309451497193,0.07707669155804546 -1.6276802719238535 -0.19306750226605549 -1.8014791228181695 -0.17202380404538267 -0.17290210108605941,-0.12717059447822424 -0.15104074933730596 -0.12800780505946743 -0.018984300961604313 0.089064639052622588 -0.052837059347139351,0.015152664558562899 -1.4824140390074225 -0.0080530462845228475 -1.6330467796186316 -0.067020986451058542 -0.04540710239397823,0.064000251149074594 -0.13040253327619278 -0.4906707825891482 -0.54052906729656891 -0.29073932270558706 -0.43997813757859805,14.232082197772311 -113.92282362534041 -47.594690821401088 -3.4540002378293533 0.69195921941867944 -0.0033205798223001192,0.15900627376156251 -12.358526693007661 -4.0515547589245582 0.1432311303960887 0.12807603573490667 0.13134347134064228
ur,tetrapga,11.447474752,0.362450207,0.255465183,0.026977772,30.508347,38.569982,3.813543375,1,0,0,2.515109312,0.040535005,1,0,0,0,0 0 0.050000000000000003,0 0 0.050000000000000003,0 0 0.050000000000000003,wrist_3_link,8,0.04,10 0 0,0 0 0,,0.013813878521848663 -1.4790857076907269 0.0028686992750676368 -1.6210727942498275 -0.06053828451757557 -0.035641634223695463,0.0042427147787479601 0.0030733374804859121 -0.025116759679372758 -0.033595383596103742 -0.018421503278054072 -0.027541583001006925,0.072124520080644766 -1.6334865343548595 -0.19791779643904886 -1.8021028133265697 -0.16850872662249067 -0.17487419189277595,-0.13049896440401662 -0.15106554170081321 -0.12435494332725153 -0.01346255877992141 0.093830898540614868 -0.049772109197866815,0.013530775120482364 -1.4786490213769252 -5.624426053322043e-05 -1.6250645742583565 -0.062264656872166479 -0.039185014815969713,-0.035387925170787468 0.054585789225212296 -0.36561794195010722 -0.49897250106612095 -0.21579654432386325 -0.44292257403428104,14.444475026383872 -162.68990403218049 -88.21495825140471 -7.9275461785951071 1.443295442258945 -0.049650971268860533,-0.3078843193728531 -8.902664839877616 -2.6284023805150127 0.13288059328442614 0.064854113775041355 0.085067392525076002
ur,tetrapga,11.486144442,0.36363408,0.260153882,0.038761735,30.223664,38.299861,3.777958,1,0,0,2.512955941,0.020681904,1,0,0,0,0 0 0.050000000000000003,0 0 0.050000000000000003,0 0 0.050000000000000003,wrist_3_link,8,0.04,10 0 0,0 0 0,,0.014034991425884316 -1.4788169169386098 0.0012273496271276976 -1.6233509654403424 -0.061790909960845158 -0.03751245351464931,0.0055710806170061336 0.0024254246928679148 -0.041956661580745312 -0.054145504311617555 -0.029635990397248072 -0.044419690129594479,0.067015226229977215 -1.6393262845775318 -0.20265319599905879 -1.8025153397051139 -0.16478886852867447 -0.17673835872196184,-0.13373512167640644 -0.15094204906263933 -0.1205367265244404 -0.0078671269261278744 0.098546789895487222 -0.046633848961622391,0.013153108188782597 -1.478720562699539 -0.0035764492214419787 -1.6290733271004549 -0.063987039419199462 -0.042733817632865427,-0.047208366462470841 -0.0089426653267149978 -0.44002562011359481 -0.50109410526231102 -0.21529781837912271 -0.44360035211196458,18.352678653761338 -155.30279831124813 -67.789273109178595 -5.0171049337591427 0.99664678098644666 -0.0059652466386458259,0.24720383584107708 -12.791372628411409 -4.1441294180179877 0.15025464640166319 0.1221046505492609 0.13701125423602889
ur,tetrapga,11.524560377,0.363894182,0.264104413,0.042839316,30.248271,38.261788,3.781033875,1,0,0,2.543867691,0.010186774,1,0,0,0,0 0 0.050000000000000003,0 0 0.050000000000000003,0 0 0.050000000000000003,wrist_3_link,8,0.04,10 0 0,0 0 0,,0.014305957739716345 -1.4787614110856089 -0.00092724082658297423 -1.6261375009106762 -0.06331288893611936 -0.039795529161414045,0.0075797710215511262 -0.0059868001395133727 -0.058670275841772881 -0.06973222054906493 -0.037821085499333412 -0.056976849399190788,0.061817749027163443 -1.6451201430358962 -0.20720864051899257 -1.8027102358948501 -0.1609144524455495 -0.1784691242325504,-0.1368351960979321 -0.15067169633318128 -0.11660483575570615 -0.0022743152275700868 0.10314760151774451 -0.043464403436408547,0.012807903708223553 -1.479356221862127 -0.0073737738203218696 -1.6330900749754258 -0.065679758632201962 -0.046264231372983328,-0.04315056006988046 -0.07945739532349666 -0.47466557485998628 -0.5020934843713627 -0.21158990162531283 -0.44130171751473785,18.162727017971481 -143.72457049386421 -60.507339838667932 -4.428166683248298 0.88823818574653413 -0.004401244812667693,0.45348683901700326 -14.136974282911979 -4.571945717837103 0.21940439034005976 0.1530259673544947 0.17570885332624187
ur,tetrapga,11.562901067,0.367583762,0.262888997,0.009191447,30.367971,38.047088,3.795996375,1,0,0,2.606595357,0.077142773,1,0,0,0,0 0 0.050000000000000003,0 0 0.050000000000000003,0 0 0.050000000000000003,wrist_3_link,8,0.04,10 0 0,0 0 0,,0.014264449378234095 -1.479096177269897 -0.0012728783484768941 -1.6261892064788832 -0.06318615193108662 -0.039889361481065408,-0.0039781474800456799 0.0045091939820534038 0.0090901305287788801 0.010816035060139046 0.0096225990323604606 0.0071496687218939644,0.056513946954916634 -1.6508894806754704 -0.21160196967591369 -1.8026899686310434 -0.15687308572717895 -0.18007415290834297,-0.13981207009554472 -0.15025501306725217 -0.11254628260015825 0.0033357604927044793 0.10765065886129703 -0.040252215432532649,0.012525809568609615 -1.4805192234103492 -0.011388613513129888 -1.6371081357066315 -0.067349237621133776 -0.049777926382747972,-0.035261767451742414 -0.14537519352779371 -0.5018549616010024 -0.50225759140070114 -0.20868487361647708 -0.43921187622058067,16.927846356538716 -132.30131004671142 -55.2120311102437 -4.0170595203288428 0.80689274871970085 -0.0038629554887719109,-1.6073215510817178 0.67972979148180457 1.3787170360948977 0.17239110457830975 -0.086855456177971746 -0.021654785592701842
ur,tetrapga,11.601049876,0.371013412,0.268315011,0.032008023,30.297539,38.192676,3.787192375,1,0,0,2.699238249,0.074054801,1,0,0,0,0 0 0.050000000000000003,0 0 0.050000000000000003,0 0 0.050000000000000003,wrist_3_link,8,0.04,10 0 0,0 0 0,,0.013972207872515043 -1.4784190607958403 -0.0016221914118403889 -1.6269350628813013 -0.063374989269358195 -0.040638183106760914,-0.0081802754163629171 0.020773985936902745 -0.010004043521464107 -0.021427005195320072 -0.0062947612125642486 -0.021278144868044448,0.051125673067675841 -1.6566113067395398 -0.21581638184072036 -1.8024558756426112 -0.15268234871215494 -0.18154802716949048,-0.14265505016957958 -0.14969482637267612 -0.10837840802143803 0.0089401093759816693 0.11203821390159985 -0.037010084520453138,0.012308764607404954 -1.4821656511882517 -0.015595994183416301 -1.641124788792601 -0.068998309994715831 -0.053275916280735275,-0.027130620150582499 -0.20580347223780179 -0.52592258378580181 -0.50208163574619669 -0.20613404669775676 -0.43724873724841301,15.53061960559436 -121.4646666472825 -50.447623813285624 -3.6489259617149723 0.73247521544173488 -0.0034875772495268458,-0.0230532704353692 -10.562647737327097 -3.2751093010555845 0.02294122449166025 0.03426884674402686 0.065671543853000003
ur,tetrapga,11.639333633,0.373137408,0.268673624,0.04644509,36.096912,43.796153,4.512114,1,0,0,2.610402461,0.002054288,1,0,0,0,0 0 0.050000000000000003,0 0 0.050000000000000003,0 0 0.050000000000000003,wrist_3_link,8,0.04,10 0 0,0 0 0,,0.013579739932790094 -1.4775770265181802 -0.0027425265039956806 -1.6286845847416935 -0.064037293382957189 -0.042261162294961116,-0.009105309978931702 0.015795044193083748 -0.031863852798217476 -0.044130688797644702 -0.016890653899969091 -0.040644571972082329,0.045611631865468481 -1.6623291003018998 -0.21988343183063527 -1.8020056813787613 -0.1483103786116598 -0.18290193311594483,-0.14538599542095193 -0.14898682505666275 -0.10406952590447761 0.014581025103720748 0.11634317749725975 -0.033712900160567591,0.012375276694469538 -1.4807546527385587 -0.012804656415003061 -1.6387001034450575 -0.067839334921796335 -0.051233181887818627,-0.071121946953497966 -0.11041423566784653 -0.45442450891213382 -0.47442708473878437 -0.16519165411997883 -0.43308032499630361,13.581769186026156 -145.41652576546591 -70.573986133891538 -5.7553091338264952 1.0837169280098347 -0.024879432838353154,0.65513440948289769 -15.326879854394974 -5.145996679264119 0.024984400170978915 0.095681889960189892 0.12526467943668251
ur,tetrapga,11.683233603,0.374089189,0.266492905,0.045904068,30.350861,38.280473,3.793857625,1,0,0,2.7043241,0.136608488,1,0,0,0,0 0 0.050000000000000003,0 0 0.050000000000000003,0 0 0.050000000000000003,wrist_3_link,8,0.04,10 0 0,0 0 0,,0.013154678572634693 -1.4771589363727475 -0.0049303017973391728 -1.631437651974958 -0.065138581037232704 -0.044742707249845762,-0.0076141279572919272 -0.00077387637301201966 -0.051001031933894533 -0.057082829134683523 -0.022632276447249033 -0.051124593509249784,0.039163224393949703 -1.6688485590049897 -0.22434089753664649 -1.8012233387077488 -0.14309684259282995 -0.1842980226749629,-0.14836359702161508 -0.14799553964218309 -0.098977845085041982 0.021062741292346518 0.12115252731825113 -0.029881645451111868,0.011752449355510203 -1.4821283494468189 -0.01683531797670661 -1.642504527067463 -0.069148034878168452 -0.054691593914671058,-0.077853417369916911 -0.171712088532531 -0.50383269521294383 -0.47555295280068383 -0.16358749454651517 -0.43230150335655382,16.458899910090999 -135.92857138963629 -58.001602539604264 -4.2261524163654602 0.84008942384839103 -0.0047062109153290788,0.64945968670473775 -15.148342279786448 -4.911924551725555 0.12697729929368506 0.10908248154262878 0.15760690338896666
ur,tetrapga,11.721623057,0.373544977,0.267319076,0.042088045,30.236987,38.140446,3.779623375,1,0,0,2.809245372,0.026820511,1,0,0,0,0 0 0.050000000000000003,0 0 0.050000000000000003,0 0 0.050000000000000003,wrist_3_link,8,0.04,10 0 0,0 0 0,,0.012817912274783299 -1.4774362647341939 -0.007683952732156725 -1.6344776166177166 -0.066368481485879469 -0.047439341588515475,-0.0060679670854414582 -0.017492471113943333 -0.067628112362270662 -0.067196557259550649 -0.026826371989123691 -0.059261393796598304,0.033419874762988029 -1.6745108484925399 -0.2280530648916938 -1.8003058603086841 -0.13836701912338653 -0.18538018273355822,-0.15082972808683801 -0.14697208272357942 -0.094397880117111338 0.026735991295892943 0.12524155830539904 -0.026490193570324921,0.011171496125824671 -1.4839953711998886 -0.021090125538925721 -1.6463110924389359 -0.070435481166974137 -0.058133560916722851,-0.0726191537106914 -0.2333777191336989 -0.53185094527738896 -0.47582067143411999 -0.16093078610071052 -0.43024587525647373,15.89666673618636 -124.88691720144345 -52.003202193128878 -3.7550485903193414 0.7521352761657718 -0.0037239633041196464,0.50616236011184412 -13.889054901716008 -4.224151022161422 0.24621051921167236 0.1105176185805874 0.1827520465654402
ur,tetrapga,11.759837013,0.374831444,0.257406757,0.014452758,30.417339,38.171439,3.802167375,1,0,0,2.920386469,0.040219862,1,0,0,0,0 0 0.050000000000000003,0 0 0.050000000000000003,0 0 0.050000000000000003,wrist_3_link,8,0.04,10 0 0,0 0 0,,0.012728191053325798 -1.4781419533155178 -0.0092750433119989893 -1.6358488246083884 -0.066847302664167566 -0.048657374369994406,-0.0018177476163225021 -0.015254035877277358 -0.033702695433938737 -0.029341809924771513 -0.0099163734010200965 -0.026154575196557464,0.027611239051542801 -1.6801054643900257 -0.23157145349639247 -1.799176279917075 -0.13350506248587812 -0.18632740727034217,-0.1531544171902196 -0.14580879720456988 -0.089725108810327789 0.032382059981524616 0.12919904210541153 -0.023078959803230794,0.011359621152709699 -1.4781602360022761 -0.012140906155863581 -1.6390576379623492 -0.067358707528816161 -0.051951452461992856,-0.17107123757701237 -0.0022853358447954362 -0.35823285548307388 -0.40110166924509649 -0.063925608081074739 -0.41175976149980642,10.471333929330353 -180.85659963165807 -95.850657680639358 -8.112973126642359 1.4845689627198286 -0.045355694052260531,-0.78726493694815503 -4.7694101035058338 -0.50124501260530252 0.29791929304883524 -0.0010161586463368621 0.080910811940640315
ur,tetrapga,11.798112979,0.375630587,0.266667526,0.033355026,30.477795,38.211653,3.809724375,1,0,0,2.893973749,0.045295069,1,0,0,0,0 0 0.050000000000000003,0 0 0.050000000000000003,0 0 0.050000000000000003,wrist_3_link,8,0.04,10 0 0,0 0 0,,0.012445056884985515 -1.4785153859248126 -0.011137851935039224 -1.6377829996030453 -0.067520321667462149 -0.05041329141766307,-0.00714102014660926 -0.012209210047005785 -0.048609133728213266 -0.047864590247872707 -0.016554861187384723 -0.043439831511541398,0.021706653164103154 -1.6856618434547717 -0.2349144429909224 -1.7978286978620643 -0.12848584675936331 -0.18714486286006837,-0.15535036477940728 -0.14449981391555275 -0.084935239174861135 0.03803030239524606 0.13304564234200569 -0.019629613596494063,0.0097946403211276317 -1.4787598152809101 -0.015663348890405927 -1.6422706856377003 -0.067883941601990655 -0.055266103465255116,-0.19562260394775846 -0.074947409829243986 -0.44030534181779346 -0.40163095941890242 -0.065654259146811056 -0.41433137540778275,19.909409339931969 -171.1276499081539 -74.61344128375238 -5.4797462456771928 1.0814213787196603 -0.0066939082375520893,0.13094458625317174 -11.007158547643485 -3.0291170348346839 0.22517913177034643 0.058215060057023038 0.1340205416259721
ur,tetrapga,11.836397163,0.375400179,0.271832517,0.038325577,30.310133,38.211964,3.788766625,1,0,0,2.904271882,0.03836268,1,0,0,0,0 0 0.050000000000000003,0 0 0.050000000000000003,0 0 0.050000000000000003,wrist_3_link,8,0.04,10 0 0,0 0 0,,0.012014834578439585 -1.4790755596104155 -0.013658642531556645 -1.6403572378756899 -0.068411888598270146 -0.05275516005243177,-0.0091963560368145941 -0.022102521538531112 -0.064618392039472908 -0.060314677161106459 -0.02060801888414597 -0.054609419387001965,0.015719295267754087 -1.6911665543605572 -0.2380727250297304 -1.7962647904269191 -0.1233205904695422 -0.18782984384975804,-0.15741190333465249 -0.14304742679301555 -0.080039058241562905 0.043667018046143924 0.13677131723150296 -0.016149657260616568,0.0082510404571064129 -1.4799878447194335 -0.019495466634809361 -1.6455005046166478 -0.068375893436751059 -0.0585568995110229,-0.19294998300265229 -0.15350367981543861 -0.47901471805042944 -0.40372737236844081 -0.061493979345051089 -0.41134950572097306,20.18424991616417 -158.06485072727452 -66.399488877612811 -4.8399867863191295 0.97009617608606236 -0.0049371101409082952,0.40679934246074367 -12.647440503357757 -3.5854597516324986 0.26410719904743019 0.078773023310048984 0.1684199038355132
ur,tetrapga,11.874719316,0.378580065,0.269219206,0.024951279,30.208566,37.935488,3.77607075,1,0,0,2.949486227,0.140630467,1,0,0,0,0 0 0.050000000000000003,0 0 0.050000000000000003,0 0 0.050000000000000003,wrist_3_link,8,0.04,10 0 0,0 0 0,,0.011979366161465669 -1.4796142019248104 -0.01400641629124863 -1.6402435349617361 -0.0681702539927561 -0.052711287304846283,-0.0016153018339901139 0.0044886901756579873 0.0091008912740290909 0.010847576292388693 0.008720744530728769 0.0077123631736163304,0.0096495790961760933 -1.6966183081098851 -0.24104446551043504 -1.7944835500044665 -0.11800976777285002 -0.18838154989289704,-0.15933828236130124 -0.14145123287188097 -0.075037047030164741 0.049290812152227054 0.14037454650537073 -0.012639111512211271,0.0067756163340903335 -1.4818018539781217 -0.023569631720690713 -1.6487369070838411 -0.068845466411115497 -0.061828256114407752,-0.1844280153770099 -0.22675115733603632 -0.50927063573516895 -0.40455030839918393 -0.058696621795555501 -0.4089195754231062,18.900464755115323 -145.21565790323618 -60.437111426269993 -4.3812603531009282 0.88038495363292846 -0.0043231880877299157,-2.1889067020604216 5.4422779096012164 3.7426919012874436 0.38314530959632975 -0.12783132522511664 -0.023243905472668303
ur,tetrapga,11.912743983,0.38188752,0.27671812,0.028456504,30.377991,38.148091,3.797248875,1,0,0,3.026844355,0.15663662,1,0,0,0,0 0 0.050000000000000003,0 0 0.050000000000000003,0 0 0.050000000000000003,wrist_3_link,8,0.04,10 0 0,0 0 0,,0.011389014682073992 -1.4788753465488413 -0.014279310788632723 -1.6407943354728411 -0.068059979840853602 -0.05341729958165805,-0.01583870208034557 0.022472700377186339 -0.0065329091010249167 -0.014953170165788838 0.0018026081688669157 -0.018771993678467023,0.003556632810666338 -1.7019646156965393 -0.24380184376249925 -1.7925035629831958 -0.11260613357186985 -0.18879553631984311,-0.16111206319292257 -0.13972774854636633 -0.069978533772760795 0.05484698016107846 0.14382105947335552 -0.0091317483597190083,0.0053730847856566042 -1.4841524621080178 -0.027857480426348606 -1.6519760461101902 -0.069296539219930731 -0.065081969222790276,-0.17531644355421616 -0.29382601623701787 -0.53598108820723678 -0.40489237829362967 -0.056384101101904491 -0.40671413854781524,17.367559536850436 -133.02015952287471 -55.089239383456004 -3.9714712798694638 0.79809874158159444 -0.0039001214272444381,-0.07312127718860495 -9.3906462977220144 -2.4683436257291049 0.074982929364523443 -0.0099304481322519678 0.057950640812336474
ur,tetrapga,11.950986956,0.384190586,0.276091204,0.046583409,30.230116,38.204373,3.7787645,1,0,0,3.136595132,0.085033575,1,0,0,0,0 0 0.050000000000000003,0 0 0.050000000000000003,0 0 0.050000000000000003,wrist_3_link,8,0.04,10 0 0,0 0 0,,0.010449742292240197 -1.4780935684594616 -0.015247777037510072 -1.6421030179370844 -0.068146837437569108 -0.054871288353505167,-0.023691935479214832 0.014702124155623246 -0.028860980255327257 -0.034021720275040385 -0.0024857196147387646 -0.037421070095076621,-0.002636654423583623 -1.7072728580636456 -0.24637929036904685 -1.7902996640756546 -0.10704182370017631 -0.18907696551975528,-0.16275587810274622 -0.13785526732367148 -0.064799837365306354 0.060405293653307213 0.14715412064412084 -0.0055828689814743674,0.0040392109355901181 -1.4869922816734535 -0.032337799940645562 -1.655215788995851 -0.069730704182761366 -0.06831882144953566,-0.16673423125831074 -0.3549774456794651 -0.56003993928711915 -0.40496786070759433 -0.054270620353829215 -0.40460652834317357,15.857301365128645 -121.4834950727813 -50.081830054246012 -3.5880480128798076 0.72065009151816084 -0.0035291806460724731,0.80200042949140737 -15.372524913640518 -4.8629816610797221 0.012971449597898754 0.040760056622843877 0.11528120204974357
ur,tetrapga,11.989286445,0.385190943,0.274865948,0.050424384,30.251381,37.882989,3.781422625,1,0,0,3.250510811,0.053785281,1,0,0,0,0 0 0.050000000000000003,0 0 0.050000000000000003,0 0 0.050000000000000003,wrist_3_link,8,0.04,10 0 0,0 0 0,,0.0092806759145450494 -1.4778241415894526 -0.017068652054827785 -1.6440359271760254 -0.068357065610594792 -0.056928764733780467,-0.027161515093986024 -0.0038884932788242873 -0.050622571581652842 -0.047232287838118905 -0.0051405701610623186 -0.049746032844849131,-0.0088993737411933206 -1.7125145226039979 -0.24876038030681055 -1.7878801332641181 -0.10134416543208719 -0.18922242381772256,-0.16425951056635549 -0.13584157966676833 -0.059526638308418055 0.065936241518929697 0.15035442486670733 -0.0020100929835455239,0.0070810718255569435 -1.4780645032535729 -0.019750668363496662 -1.646526970088507 -0.067939439911270119 -0.059932535895707323,-0.27495051112351332 -0.030045208015041201 -0.33525203858360991 -0.31138036406019742 0.052203212415584163 -0.37547139524085743,9.0077241776765202 -194.59258878745959 -99.687931951602366 -8.0099092649651933 1.4822697250914081 -0.038219102232568664,1.0202443160919863 -16.640046798373078 -5.2432333170984009 0.067545267312198121 0.054955617570186632 0.1532611665607817
ur,tetrapga,12.027238895,0.385033533,0.276840478,0.047970123,30.306281,38.185654,3.788285125,1,0,0,3.204169889,0.006059816,1,0,0,0,0 0 0.050000000000000003,0 0 0.050000000000000003,0 0 0.050000000000000003,wrist_3_link,8,0.04,10 0 0,0 0 0,,0.0080634507197115679 -1.4783071679934858 -0.019576682064640701 -1.6463193900446063 -0.068637781032697423 -0.059298933221071624,-0.028826505731888736 -0.024721832827991782 -0.070044635391980761 -0.057089173454414388 -0.0068249519716816415 -0.058717254595059831,-0.015159447988774506 -1.7176300352503109 -0.25091911439970788 -1.785274321225589 -0.095579869572477855 -0.18923127698897338,-0.16560712750540715 -0.13371095195786972 -0.054220265208362386 0.071376379119420061 0.15338624144215951 0.0015459057479040729,0.0057778132109851908 -1.4787671287802551 -0.022285187354427409 -1.6486690817935166 -0.068056181856714415 -0.062220856923420373,-0.28570468859079712 -0.057495098346144108 -0.33856316122333852 -0.29371146861380171 0.072699896997875643 -0.36524046279359396,8.4140014550773294 -191.2359811916144 -97.339089586810587 -7.7376636865690962 1.4352275396593963 -0.035836784391430281,0.95753670898788101 -15.830140726458012 -4.7433952296014752 0.16848357348226273 0.052315357618454073 0.1809616399107199
ur,tetrapga,12.065491472,0.383688428,0.28142152,0.041825819,30.256954,37.883755,3.78211925,1,0,0,3.166849135,0.002266446,1,0,0,0,0 0 0.050000000000000003,0 0 0.050000000000000003,0 0 0.050000000000000003,wrist_3_link,8,0.04,10 0 0,0 0 0,,0.006778296417048719 -1.4796055985300705 -0.022828247143876323 -1.6489766028643555 -0.068973186838743275 -0.062012949823789118,-0.028787355732161575 -0.044832847446669009 -0.085303800584045811 -0.063255194199551806 -0.0077437684042798022 -0.064026189612871529,-0.02151802027202139 -1.7227016048109669 -0.25288965690905407 -1.7824398510732868 -0.089656291881120093 -0.18910338188367895,-0.16682047375730696 -0.13142891776341714 -0.048795284602775997 0.076812971603128152 0.15629807847121485 0.0051428820095366203,0.0043896794240743699 -1.4802764719008468 -0.025540362604446233 -1.6511653947540652 -0.068225452949377513 -0.064841829472287532,-0.29857712412179366 -0.083859171347052605 -0.33901443257123853 -0.27359898621369477 0.093466736170719392 -0.35360995606230117,7.6213761317491606 -187.24947380184111 -94.844769869899096 -7.4538006784866839 1.3838312012591811 -0.033645254482569449,0.73207936276511987 -13.802520374576488 -3.7397229004276085 0.28565236657777859 0.039202854085118588 0.19740051410127535
ur,tetrapga,12.103438678,0.386388413,0.278478139,0.048244454,30.276424,38.094838,3.784553,1,0,0,3.133059897,0.204938455,1,0,0,0,0 0 0.050000000000000003,0 0 0.050000000000000003,0 0 0.050000000000000003,wrist_3_link,8,0.04,10 0 0,0 0 0,,0.0070029266745866101 -1.4806665943513773 -0.023201102092655891 -1.6485885231982558 -0.068685119994329677 -0.061652801748375424,0.0075635049545855195 -0.00044234629386179312 0.015424975796059368 0.018967664456075017 0.0083364687778205923 0.017462878929158723,-0.027868934527310259 -1.7276439245356181 -0.25463805892630076 -1.779423494067897 -0.083672715710309709 -0.1888403596673067,-0.16787901096246582 -0.12903334573303521 -0.043342509539428087 0.082154499465878342 0.15904061377775597 0.0087210618654338379,0.0017206349032549027 -1.4815813827520565 -0.028869410932441501 -1.6533859059575946 -0.06746374243495229 -0.067657039185971296,-0.33363056510243344 -0.16311385640123 -0.41613104099940823 -0.27756390044117862 0.095213814303153177 -0.35190121421047132,20.268971383973966 -175.27757477582895 -75.898581068568348 -5.5314665935904941 1.0883378076814707 -0.0067334985068578882,-3.2311420691561423 13.198580216937444 7.2366681639522028 0.61716177534435701 -0.18519411146442621 -0.053070471102856231
ur,tetrapga,12.141632532,0.390329922,0.290398023,0.019807456,30.371748,38.212247,3.7964685,1,0,0,3.137493529,0.317189339,1,0,0,0,0 0 0.050000000000000003,0 0 0.050000000000000003,0 0 0.050000000000000003,wrist_3_link,8,0.04,10 0 0,0 0 0,,0.0067675906308283041 -1.4799330243693125 -0.022868818980678444 -1.6485397428547728 -0.068470806600629888 -0.061727435604368518,-0.0090347039981951826 0.027080152750303302 0.0096167618436657915 -0.0015748317384672672 0.0043447660166302032 -0.0050104799103316833,-0.034298887924779246 -1.7325240788990823 -0.25618760311358374 -1.7761839320203399 -0.077548008423680787 -0.18843837471984853,-0.16879722437338024 -0.12649154781727118 -0.03778782297228743 0.087473315829755025 0.16165095181889297 0.012329605774624521,-0.00091555013912892778 -1.483530286671559 -0.032521471936495135 -1.6556144744108467 -0.066693097323316686 -0.070459186144845559,-0.32952313029797875 -0.24361298993780089 -0.45650762550670398 -0.27857105665652521 0.096330638954449946 -0.35026836985928272,20.938838513181555 -161.48119368172786 -67.575571923464139 -4.8971901032000442 0.98141713304073352 -0.0051066790884891035,-0.44255913765301713 -6.5364606265811744 -1.1481744389815418 0.11208023439212411 -0.042707523455902674 0.01557504589840164
ur,tetrapga,12.179947439,0.393480387,0.290643972,0.045581465,30.299463,38.040739,3.787432875,1,0,0,3.177565806,0.320512409,1,0,0,0,0 0 0.050000000000000003,0 0 0.050000000000000003,0 0 0.050000000000000003,wrist_3_link,8,0.04,10 0 0,0 0 0,,0.0060579064557880176 -1.4789841130875876 -0.023143574615065755 -1.6492441562385538 -0.068395543201936637 -0.062588202635178655,-0.018356428509815538 0.020162268272196478 -0.010852010205836119 -0.019091719234854046 0.0016019070527392956 -0.022881346689234514,-0.040781599691003749 -1.7373196686552053 -0.2575276937151178 -1.7727311845475744 -0.071306657983056895 -0.18789654473058984,-0.1695688279489147 -0.12381198347109014 -0.032153682511741465 0.092745634794171306 0.16411534105756728 0.015953848549974503,-0.0034730827795834821 -1.4860794748439565 -0.036425495132996026 -1.6578467094543274 -0.065912731598832361 -0.073247701653891328,-0.3196915800568193 -0.3186485215496988 -0.48800289956261167 -0.2790293804350884 0.097545715560540064 -0.34856443863072112,19.584758136063677 -148.05107484299623 -61.37215630762622 -4.4251714469268633 0.88993881830377364 -0.0044726997561148844,0.77677578487053012 -15.041883299666551 -4.655280121784628 -0.044908635038154898 0.020737193517589958 0.070415002835204632
ur,tetrapga,12.218086485,0.395387929,0.28186829,0.048110003,30.258096,38.174553,3.782262,1,0,0,3.250647361,0.256074673,1,0,0,0,0 0 0.050000000000000003,0 0 0.050000000000000003,0 0 0.050000000000000003,wrist_3_link,8,0.04,10 0 0,0 0 0,,0.0047504857734198035 -1.4784957679239392 -0.024249408592267988 -1.6504369705119055 -0.068142429052234221 -0.064067319505813944,-0.032335141600405806 0.0036222668447106338 -0.032793809791875794 -0.029525621516777675 0.0067538533803144203 -0.036447240651300415,-0.047261060508940703 -1.7419888548282509 -0.25864615353829973 -1.7690949544481587 -0.065003155885217767 -0.18721925887416729,-0.17018715591278019 -0.12101779968434956 -0.026489082396079909 0.097925348454176886 0.16641219225779288 0.019562797872279703,-0.0059504311844354382 -1.4891784306207985 -0.040550926810348137 -1.6600805093356712 -0.06512298357207863 -0.076022709673357919,-0.30966855060649456 -0.38736947210524253 -0.51567895966901356 -0.27922498516798289 0.09871850334421646 -0.34687600243332395,17.973580297194527 -135.29703772837019 -55.801078845408924 -4.0017123530554271 0.80523049126805113 -0.0040330581581653341,0.96937391700601161 -15.87630097786041 -4.8451187384732037 0.0044513452430692269 0.0086359142816547774 0.11223379217031493
ur,tetrapga,12.256353375,0.396010569,0.278320853,0.045145709,30.257695,38.384184,3.782211875,1,0,0,3.356666894,0.132741281,1,0,0,0,0 0 0.050000000000000003,0 0 0.050000000000000003,0 0 0.050000000000000003,wrist_3_link,8,0.04,10 0 0,0 0 0,,0.0029754384772089815 -1.4787266432566146 -0.026182543977343545 -1.651990475160845 -0.067714579406490658 -0.066007717281671471,-0.040757759632530866 -0.016027003025437022 -0.051768200356271769 -0.036533301726298033 0.010281015088039481 -0.045197177561247179,-0.053783058147741043 -1.7465641914674139 -0.25955023726253224 -1.765249387926533 -0.058593520143502865 -0.18640138866740036,-0.17065653159645922 -0.11808921544603758 -0.020754301035401167 0.10304849140635493 0.16855742601239126 0.023182277927322359,-0.0083531783377709373 -1.4927781491277337 -0.044875302768189809 -1.6623143309800954 -0.064324255823880988 -0.078784391315561864,-0.30034339416693734 -0.44996481336690541 -0.54054699473020906 -0.2792277055530214 0.099840968524705559 -0.34521020527549245,16.394568403284097 -123.22174163936059 -50.581525167220008 -3.605430971513726 0.72547800266302842 -0.0036474651244530433,0.90305814263141126 -14.898083921784746 -4.2764389024325311 0.090902365187503165 -0.010518424194913223 0.13925550645848261
ur,tetrapga,12.294841073,0.395759319,0.279836074,0.042355611,36.095729,44.043749,4.511966125,1,0,0,3.144134368,0.037124636,1,0,0,0,0 0 0.050000000000000003,0 0 0.050000000000000003,0 0 0.050000000000000003,wrist_3_link,8,0.04,10 0 0,0 0 0,,0.0010458127358291363 -1.4796431419105331 -0.028630133377371067 -1.6536800027565919 -0.067199657100589963 -0.068115672275809003,-0.046870784889170312 -0.034686755502926332 -0.067998705982689103 -0.042186554678622153 0.013020426733612029 -0.052107382968446324,-0.060357863160114399 -1.7510505004886119 -0.2602372752729103 -1.7611854050530549 -0.052067228501932752 -0.18543916938934885,-0.17097526182510564 -0.11501977721438593 -0.014940104774866974 0.1081211623050707 0.17055154764122957 0.026818112197703293,-0.0064078933575898358 -1.4886605448905685 -0.040176547579421837 -1.6597826082362144 -0.064523994114460428 -0.076041581048878468,-0.34427631957736693 -0.30623742142938032 -0.42797868833017494 -0.22318017098382997 0.15474529347188121 -0.32394365664912933,10.261839454940173 -154.77186142218079 -71.8909070527437 -5.304381603970759 1.0144573653531355 -0.015944560842856514,0.84624845263753734 -13.977351734833974 -3.7480801258880092 0.16650127145658189 -0.026804016064232883 0.16059538358382497
ur,tetrapga,12.33898177,0.394059295,0.293524568,0.134003228,30.244268,37.902818,3.7805335,1,0,0,3.23470738,0.165622067,1,0,0,0,0 0 0.050000000000000003,0 0 0.050000000000000003,0 0 0.050000000000000003,wrist_3_link,8,0.04,10 0 0,0 0 0,,-0.0014648243936355968 -1.4816728983524436 -0.032269055432800606 -1.6559246974421258 -0.066474555294693399 -0.070902755165702075,-0.063615353658114937 -0.054268064591323703 -0.089692559891442702 -0.059950402492474839 0.019631288289572339 -0.074314131688945989,-0.06790945000796321 -1.7560471360095555 -0.26074864995870128 -1.756286365197161 -0.044492200265285997 -0.18416353239569308,-0.17115065159386228 -0.11134970529499369 -0.0082218213270511525 0.11383325658677686 0.1726336677040782 0.030978547744988563,-0.0092832624507796779 -1.4916535284174985 -0.044001329476011576 -1.6615669580631385 -0.063291160910157324 -0.07863919808985223,-0.35942113664873027 -0.37412294086623743 -0.4780977370737175 -0.22304372836550374 0.15410415053788781 -0.32470213012171983,17.533284639944981 -142.54939731927038 -60.286284771718151 -4.3269643132572035 0.8572917353718581 -0.005042713678039208,-10.476578760397508 -26.060335960283737 -17.014662485225159 -7.5041807459137999 1.5386408257878657 -5.3616449547025127
ur,tetrapga,12.37695835,0.392010804,0.290802498,0.025466156,36.203148,44.24432,4.5253935,1,0,0,3.13729557,0.009183177,1,0,0,0,0 0 0.050000000000000003,0 0 0.050000000000000003,0 0 0.050000000000000003,wrist_3_link,8,0.04,10 0 0,0 0 0,,-0.0035941013816847374 -1.4840162219692143 -0.035702577193504038 -1.657857707027232 -0.065824887622473627 -0.073293719093652662,-0.047846787716574593 -0.070424696942655782 -0.089250038840166565 -0.04572459341711424 0.015397541508812359 -0.055749687422688217,-0.074409412251202151 -1.7602138451400826 -0.26095053287433401 -1.7518715851279134 -0.037904997828727145 -0.18291928240325883,-0.17113841355665946 -0.10806695855747507 -0.0024049773257904827 0.11865161785409917 0.17424744565592298 0.034546671559972375,-0.0095328974999648441 -1.4902064095514502 -0.043018255195251848 -1.661092768924334 -0.062938940593770532 -0.0783552634742192,-0.38677694796657952 -0.29644179476173044 -0.39578773256175515 -0.17255454739358506 0.20238545906811681 -0.29860061030834417,10.772406412836427 -159.22323768087492 -73.076600450888691 -5.302208733608393 1.0197925849765022 -0.014148630951600254,0.2097531441877436 -8.4038314762419759 -1.1484485861578548 0.38911373514201841 -0.074661082825002723 0.17199294359684814
ur,tetrapga,12.421309789,0.391894435,0.280823402,0.100454312,30.247921,38.130916,3.780990125,1,0,0,3.208343523,0.206582122,1,0,0,0,0 0 0.050000000000000003,0 0 0.050000000000000003,0 0 0.050000000000000003,wrist_3_link,8,0.04,10 0 0,0 0 0,,-0.0045645683494137078 -1.4863987014386795 -0.038065580490898164 -1.6587452420673658 -0.065308824627948792 -0.074436499859991373,-0.035454255710425493 -0.033919341172593882 -0.043922407204283268 -0.025933600612849654 0.017990631749839479 -0.037303432399154041,-0.081995847051233084 -1.764919146614651 -0.26090589136351422 -1.7464865871962654 -0.030138905583262779 -0.1812949861073356,-0.17093263395952782 -0.10409029799492785 0.0044237824721536827 0.12415942794860255 0.17592152716388237 0.038696500869379397,-0.012748687528057669 -1.4931441014116562 -0.046581651031796685 -1.6624814758811721 -0.061319527897397232 -0.080739756766682699,-0.40197375351160297 -0.36721148252575686 -0.44542447956810477 -0.17358836960477006 0.20242658704666244 -0.29806166155793706,18.133591003057717 -146.47108713005031 -61.836218494632625 -4.4390147218178688 0.88039246068725763 -0.0051396768100632952,-14.776059151902455 -8.0413243654829785 -8.896560431481106 -5.625441454922111 2.3203360028555977 -5.1431785362626101
ur,tetrapga,12.45954481,0.392401852,0.284197158,0.01612107,30.531781,38.445227,3.816472625,1,0,0,3.294108887,0.131933287,1,0,0,0,0 0 0.050000000000000003,0 0 0.050000000000000003,0 0 0.050000000000000003,wrist_3_link,8,0.04,10 0 0,0 0 0,,-0.0059657503978983832 -1.487527663286814 -0.039780102874708123 -1.6596156717861881 -0.064691488428368984 -0.075710614483283686,-0.032583033210095605 -0.029732110791749713 -0.042308275420420573 -0.020459896972993788 0.014466304634691311 -0.029735848762565999,-0.088525387576438186 -1.7688315509463295 -0.26062379816232967 -1.7416503250761295 -0.02338792514432415 -0.17974732022603429,-0.17058939936333092 -0.10054169881515866 0.010335225917764621 0.12879884929504257 0.1771806430475337 0.042255832761681086,-0.015916851959043785 -1.4966245264254392 -0.050390283261206578 -1.6638799821228327 -0.059689531955044235 -0.083107719666287258,-0.39602055387326451 -0.4350531267228801 -0.47607902867623675 -0.17481328020757084 0.2037494927941243 -0.2959953624505699,17.719540295297676 -133.72109988354237 -55.187956143485835 -3.9439776427161854 0.7925212549745847 -0.004152115993929761,-0.24617763019308825 -5.3199532523867674 -0.020051993185859374 0.32964818130494677 -0.092586340055746064 0.091823638579825229
ur,tetrapga,12.49809671,0.393685993,0.286776666,0.00970438,36.109332,43.798355,4.5136665,1,0,0,3.188929841,0.058134252,1,0,0,0,0 0 0.050000000000000003,0 0 0.050000000000000003,0 0 0.050000000000000003,wrist_3_link,8,0.04,10 0 0,0 0 0,,-0.0070128433689236169 -1.4883645059425961 -0.0410019212049045 -1.6601381591585367 -0.06413910156647798 -0.07656340675203667,-0.023531167728312943 -0.014189968799842814 -0.024059806855712147 -0.010622122584927658 0.012545190314447403 -0.018194667139586916,-0.09509276553636016 -1.7726368893310804 -0.26011018108237849 -1.7365964265249574 -0.016535597244405287 -0.1780494181235284,-0.17008777692864455 -0.096853988437386004 0.016312628172191566 0.13336955595020744 0.1782759468537353 0.045824516258573124,-0.01488784718795241 -1.4949372004380281 -0.048589366306578029 -1.6629290758725341 -0.059863144580193518 -0.08197450196852199,-0.42787494049608871 -0.305335531751318 -0.36165800919031066 -0.11500065398116001 0.25639652257094842 -0.26736734492000347,9.6357506760824077 -160.20268545335932 -73.750067494530356 -5.2772952115713005 1.014335317568297 -0.013822119437729938,-0.77813328381175495 -1.6973662194022836 1.4556570745140789 0.3847766778735604 -0.11087571728808143 0.05634441445758398
ur,tetrapga,12.541965098,0.394905632,0.284996446,0.027513412,30.378929,38.096397,3.797366125,1,0,0,3.260389116,0.210368193,1,0,0,0,0 0 0.050000000000000003,0 0 0.050000000000000003,0 0 0.050000000000000003,wrist_3_link,8,0.04,10 0 0,0 0 0,,-0.0088953027115124487 -1.4890806822993738 -0.042540241231078524 -1.660906819414073 -0.063215777716085761 -0.077929006920248345,-0.039185001624725886 -0.021060965747248896 -0.036149025892745157 -0.016302920828294615 0.019384271332720658 -0.028538693842544705,-0.102538295622865 -1.7767913218574256 -0.25924512495457219 -1.7306340990018687 -0.0086914496568551679 -0.17595060365263163,-0.16932708931049206 -0.092527683420610518 0.023127818047676711 0.13843357392066652 0.17930771505113377 0.049857000040477127,-0.018450501235196239 -1.4979503688487181 -0.051894701944076492 -1.663853999513015 -0.057816051116525075 -0.08411530978972212,-0.44533175590547874 -0.37664605133623624 -0.41316695468730802 -0.11561545506011377 0.2558866829585551 -0.26760097765001623,18.228547927903872 -147.18156036112822 -62.166263376905754 -4.4555448997718736 0.88297502485667878 -0.0052578140548724187,0.33307483308576025 -9.0794259887397857 -1.606793172801531 0.18781924523773341 -0.083702111118341804 0.087981520750275877
ur,tetrapga,12.58015776,0.394764196,0.286817147,0.031781542,36.096379,43.971192,4.512047375,1,0,0,3.200928215,0.075370143,1,0,0,0,0 0 0.050000000000000003,0 0 0.050000000000000003,0 0 0.050000000000000003,wrist_3_link,8,0.04,10 0 0,0 0 0,,-0.011162899528513199 -1.4903461835480369 -0.044582927111428541 -1.6618366338806925 -0.062105420116700984 -0.079564674982985167,-0.04872870983584858 -0.040660412199457222 -0.052741828834917806 -0.020986394444225443 0.024626369544933295 -0.035973766580131128,-0.10899004857907967 -1.7802515056360102 -0.25824840859969878 -1.7252647515731883 -0.0018290771560269985 -0.17397983272215115,-0.16850044949785897 -0.088651930530367906 0.029066634176628772 0.1427184631202012 0.18001867956024251 0.053339979776863361,-0.018540189886642099 -1.496539792999998 -0.050870335334861697 -1.6633545335599735 -0.057548998131941892 -0.08375433636790966,-0.46668618809842244 -0.29893960020255439 -0.32894010088864778 -0.063652107889948822 0.30146718558389207 -0.23929299769450352,10.354450621065485 -163.19602768520278 -73.964866645440239 -5.2037881686770051 1.0078050446059614 -0.011460412465446854,0.61147952324340338 -10.487908922273164 -2.0921544437916282 0.17856694043712196 -0.0913961888811059 0.1108536704546168
ur,tetrapga,12.624197299,0.395770387,0.291495649,0.011033848,30.293059,38.189199,3.786632375,1,0,0,3.254419856,0.196438031,1,0,0,0,0 0 0.050000000000000003,0 0 0.050000000000000003,0 0 0.050000000000000003,wrist_3_link,8,0.04,10 0 0,0 0 0,,-0.012416693674815297 -1.4918276565110162 -0.046161528816764108 -1.6622746403142992 -0.061315075000134597 -0.080429124838643187,-0.02312381933008759 -0.027707557614069241 -0.028900274643682382 -0.0076329965720081478 0.01512261355545317 -0.015691970997012781,-0.11638631345680867 -1.7840550766377035 -0.25681754760209802 -1.7188733892063257 0.0061129778378729875 -0.17154297227547816,-0.16735779997520495 -0.084061087181592331 0.035913206695305483 0.1475100172266321 0.1806207430943052 0.057320211965996563,-0.022402651376645953 -1.4995196270161921 -0.053901854880005068 -1.6638735223390209 -0.055140375372721713 -0.08566528721767154,-0.48280768625048204 -0.37247925202428223 -0.3789399431429214 -0.064873597380910919 0.30107784490252248 -0.23886885622023477,18.701271679424437 -149.70769192642749 -63.073627053564039 -4.5206668270633337 0.89715930977600877 -0.0052853441007311005,-0.72449999542564569 -1.4446072899754654 1.6550772233481723 0.38465229425491998 -0.12212670385758884 0.048606273048619641
ur,tetrapga,12.662487866,0.396178918,0.287784033,0.021213143,36.186672,44.0299,4.523334,1,0,0,3.212412171,0.103246818,1,0,0,0,0 0 0.050000000000000003,0 0 0.050000000000000003,0 0 0.050000000000000003,wrist_3_link,8,0.04,10 0 0,0 0 0,,-0.014318180637330341 -1.4930522139226237 -0.047762767764966206 -1.6627796326921391 -0.060208561161684479 -0.081591782343923336,-0.041564002072094597 -0.034074128196422505 -0.039876632099343223 -0.011435920781728731 0.024500662720393484 -0.025622592179416592,-0.12277285778122848 -1.7871957446188751 -0.25532855503861651 -1.7131475612884861 0.013035991488313534 -0.16928244663459469,-0.16619993786613646 -0.079967334160516115 0.041858437037036469 0.15154118412475348 0.18095381577294553 0.060746380064106827,-0.022346658915358961 -1.4986875739805572 -0.053214867762498654 -1.663451369770665 -0.054932703320923405 -0.085322944413884605,-0.4982803635463518 -0.30020668889367369 -0.29781955500162682 -0.015599031885610437 0.34272061828496136 -0.21180120413589543,10.02156051278723 -164.03224575353045 -73.980708540505631 -5.1357979583897517 0.99726835323535745 -0.010329117226162194,0.15095589682928789 -7.000337132049026 -0.62773969241195005 0.2341020172343633 -0.11463387323254892 0.07902617522051969
ur,tetrapga,12.70661001,0.397627969,0.292710765,0.010369862,30.27765,38.350825,3.78470625,1,0,0,3.253969687,0.205921263,1,0,0,0,0 0 0.050000000000000003,0 0 0.050000000000000003,0 0 0.050000000000000003,wrist_3_link,8,0.04,10 0 0,0 0 0,,-0.015702409701587108 -1.4941823658729543 -0.0490244832032872 -1.6630270506525664 -0.059287462820888058 -0.082347552295545329,-0.027030328942357913 -0.019468802566356112 -0.022747593850828928 -0.0042879934634538885 0.018024295335430946 -0.014284616619665657,-0.13007309879865009 -1.7906179476346544 -0.25333082122899325 -1.7063616773676797 0.021024535959904462 -0.16651587259796291,-0.16467699174751479 -0.075136935025211821 0.048692677355605223 0.15602492035025378 0.18111724811958979 0.06465075842985929,-0.026466733815053042 -1.5016835062953187 -0.055996805288314341 -1.6635871514962344 -0.052194837685855096 -0.087013666203338461,-0.5150093624617601 -0.3744915393451857 -0.34774219072696078 -0.016972715696182257 0.34223320438353838 -0.21134022368173205,18.812368523730864 -150.33522156901023 -63.29872898523341 -4.5348109458708858 0.90010303848310069 -0.0053178045254521607,-0.62137493579497516 -1.7279636783459864 1.5554793323940146 0.35913268802232778 -0.1298415979634342 0.044236344763135094
ur,tetrapga,12.745064863,0.398337487,0.286840024,0.02256635,36.113608,43.898642,4.514201,1,0,0,3.219997607,0.121285604,1,0,0,0,0 0 0.050000000000000003,0 0 0.050000000000000003,0 0 0.050000000000000003,wrist_3_link,8,0.04,10 0 0,0 0 0,,-0.01781766225929253 -1.4951480042185299 -0.050353350971791028 -1.6632998242586712 -0.057976518850206035 -0.083394050107573309,-0.046366196626873579 -0.027768077709052985 -0.033506422313870167 -0.0063053970695907654 0.028990922819181753 -0.023060783402398307,-0.13637754255343765 -1.793424834637404 -0.25134415227691415 -1.7002889822723455 0.027988980041829134 -0.16396497321133177,-0.16318570639258156 -0.070832183224233014 0.054628323579756534 0.15978715294620263 0.18106685114413432 0.06801241723393682,-0.026358945720947879 -1.5008516075127145 -0.055324039013615961 -1.6631945689542307 -0.052036011375004618 -0.086679157008932972,-0.52709346047188677 -0.3044815319737903 -0.26862011044540945 0.031114865402759446 0.38120836162824401 -0.18441235668463649,9.8367395227654466 -163.88485689605326 -73.344715549372125 -5.0168930546400041 0.97823156137109346 -0.0087815288839352239,0.27236971052286663 -7.4468954750345802 -0.80617881850969297 0.1908474336441941 -0.12584326494356901 0.071088376328873437
ur,tetrapga,12.789076978,0.399946155,0.294168855,0.009214717,30.259733,38.206852,3.782466625,1,0,0,3.251873266,0.202558495,1,0,0,0,0 0 0.050000000000000003,0 0 0.050000000000000003,0 0 0.050000000000000003,wrist_3_link,8,0.04,10 0 0,0 0 0,,-0.019334369257711811 -1.4961380683948569 -0.051445504346882429 -1.663393232155693 -0.05692337080175177 -0.084068770307104898,-0.02926988812597912 -0.018639768336387304 -0.02053193502216092 -0.0014388652443346173 0.020544667098926089 -0.012734791803596846,-0.1435187603126529 -1.7964320084247585 -0.24879090130264928 -1.6931647533783778 0.035952854922273035 -0.16088784831212272,-0.16129274702090457 -0.065801943174525729 0.061390357690762939 0.16392128538257911 0.18078857273487645 0.071809034616527614,-0.030708543680778789 -1.503884613289461 -0.057865338232156116 -1.6629569629622216 -0.04899171294039275 -0.088151003189880076,-0.54369974497886375 -0.37912572209332013 -0.31766240231751952 0.029700749001128554 0.38053730432648336 -0.18398077261838822,18.831879506107995 -150.00403012174087 -63.078394615049255 -4.5163444002272781 0.89684361566370041 -0.005297514089143052,-0.38829866350185682 -3.0408566215137398 1.0147970390443106 0.30179602658154181 -0.12915490859977297 0.039393374165399564
ur,tetrapga,12.827381371,0.400617081,0.286873729,0.022902499,36.417295,44.443985,4.552161875,1,0,0,3.215576262,0.118803541,1,0,0,0,0 0 0.050000000000000003,0 0 0.050000000000000003,0 0 0.050000000000000003,wrist_3_link,8,0.04,10 0 0,0 0 0,,-0.021591178327120483 -1.4971443775933699 -0.052661911502925277 -1.6634586664093203 -0.055429267673129758 -0.084997680017065549,-0.04941717366146034 -0.029251513454710425 -0.031316377415547068 -0.0017714923914709131 0.033031960821117728 -0.020468987480271157,-0.14966282858856528 -1.7988672737147964 -0.24632720228007951 -1.6868194165506607 0.042870112906433937 -0.1580747226890194,-0.15948473331061311 -0.061338439537658385 0.067241854106718124 0.16736573857650078 0.18035482219016705 0.075066056403676917,-0.030568880242172379 -1.5030213760394968 -0.057191100306856618 -1.6625912587379905 -0.048871555268912743 -0.087827702003548225,-0.55237740477784292 -0.3133600747601521 -0.24093442991449018 0.077069493472573011 0.4173668797310639 -0.15667005000942491,9.4937655264889624 -162.26671360053342 -72.029006072946416 -4.84728715534784 0.94918344697381563 -0.0071344370893242559,0.3412754525582784 -7.5578247279017887 -0.83593703186079438 0.16084805302398308 -0.13755883860339679 0.063070906724220777
ur,tetrapga,12.871966301,0.402105886,0.27492348,0.106291533,30.395872,38.201879,3.799484,1,0,0,3.241154025,0.188781654,1,0,0,0,0 0 0.050000000000000003,0 0 0.050000000000000003,0 0 0.050000000000000003,wrist_3_link,8,0.04,10 0 0,0 0 0,,-0.02331559271758778 -1.4982477430328436 -0.053738664273612194 -1.6633995031330209 -0.054161601287469843 -0.085632032019926044,-0.060997251234353192 -0.024102282147976193 -0.023174552404438973 0.0044086255466408118 0.046286444002688693 -0.022539245934228708,-0.15672311473737449 -1.8014844772872696 -0.24317824420518011 -1.6792714275081499 0.050895863478394393 -0.15464446957142555,-0.15719375062053703 -0.056048037508345305 0.074005643644009633 0.17118991210695378 0.17962581770606637 0.078798040037946201,-0.035119734728769322 -1.5061226377303467 -0.059500244835566242 -1.6619862501796892 -0.045539445862951611 -0.08907771387832597,-0.56885681082461814 -0.38765771135623361 -0.28864306608870333 0.075626069787674069 0.41651367574514137 -0.15625148434721814,18.665077919666384 -148.29380711404923 -62.267597622282594 -4.4544223140368651 0.88487854975682134 -0.0052266986861744177,-19.940307296439215 -16.486138996543559 -7.7724740513073414 1.1249595806993966 5.9523258721607561 -2.9100617037425138
ur,tetrapga,12.910274166,0.402829091,0.287196852,0.02140504,36.147326,44.040361,4.51841575,1,0,0,3.201312142,0.110318996,1,0,0,0,0 0 0.050000000000000003,0 0 0.050000000000000003,0 0 0.050000000000000003,wrist_3_link,8,0.04,10 0 0,0 0 0,,-0.025568009775545516 -1.4992870396238698 -0.054813827344126792 -1.6632712263071512 -0.052591019401102002 -0.086395733088439827,-0.052035494509333931 -0.030920745832714289 -0.029116426278462993 0.0026866477736850491 0.036751816240985689 -0.017821802119847911,-0.1627045934758273 -1.8035432340075699 -0.24023268160502054 -1.6726532070021465 0.057761834971724012 -0.15156533313692058,-0.15506655401883693 -0.051425235440452632 0.079770330129801378 0.17431269255707196 0.17880741660176314 0.081950839428163877,-0.03494270369879815 -1.5052954079211442 -0.058861693244119204 -1.6616464670352551 -0.045452729654988422 -0.088762669042346323,-0.57485393083009195 -0.32382115550449769 -0.21308214428408545 0.12278390102064851 0.45156287212979751 -0.1282431948704269,9.062265157299791 -159.65041943211443 -70.255033537641978 -4.643995118397072 0.91354436201138212 -0.0054099655073539714,0.32635320278143354 -7.0636633380754574 -0.61163455829506574 0.14976462274444202 -0.15204573046254666 0.054903569438096156
ur,tetrapga,12.954414148,0.404245964,0.273466928,0.116407565,30.24624,38.328188,3.78078,1,0,0,3.219066369,0.18037497,1,0,0,0,0 0 0.050000000000000003,0 0 0.050000000000000003,0 0 0.050000000000000003,wrist_3_link,8,0.04,10 0 0,0 0 0,,-0.027377637907400044 -1.5004398892799888 -0.05580955138911841 -1.6630579254457798 -0.05120043586367036 -0.086937054776774852,-0.063975537388386058 -0.025619885783329594 -0.020402939505959478 0.01013781533098897 0.050736758822516582 -0.019157722674132488,-0.16949186706143773 -1.8056940685100382 -0.2365661208157219 -1.664883097141354 0.065629603913533285 -0.14786902387487538,-0.15243555657690122 -0.046015564957483199 0.086351421472747963 0.17771952393868662 0.17764528941911034 0.085518463937569969,-0.039671921575357268 -1.5084738029513682 -0.06093486036066971 -1.6606757866987742 -0.041848479807769325 -0.089785465452801416,-0.59115223456988997 -0.39729937877801175 -0.25914588956881318 0.12133504206010434 0.45053123090238689 -0.12784955130688652,18.374513290602419 -145.65448311846905 -61.059573590092533 -4.3635361977817668 0.86712381699814145 -0.0051219019156348708,-20.853211589918686 -16.369479272414537 -6.7629789486373397 2.4086098692014275 6.5188236430584681 -2.4714055341637788
ur,tetrapga,12.992838081,0.404923138,0.28741599,0.020095637,36.148497,43.84535,4.518562125,1,0,0,3.177525784,0.103539239,1,0,0,0,0 0 0.050000000000000003,0 0 0.050000000000000003,0 0 0.050000000000000003,wrist_3_link,8,0.04,10 0 0,0 0 0,,-0.029733509405600482 -1.5015268502561974 -0.056773785940479271 -1.6627398647342477 -0.0494804797432849 -0.087586056514105587,-0.054479218593459201 -0.031843542109313241 -0.026396275242124019 0.0071199670537369485 0.040233038984978209 -0.015145193437687282,-0.17530251993894377 -1.8073705875866279 -0.23313905468425719 -1.6580001989333715 0.072432913325662832 -0.14452436765711182,-0.14999021203467475 -0.041238602837002487 0.092020681939376348 0.18051474801598744 0.1764436573399818 0.088564381808145062,-0.039460155264170009 -1.5076726760123345 -0.060329089759748919 -1.6603622624006538 -0.041795048315330971 -0.089479057533103562,-0.59467997171139153 -0.33404367606896468 -0.18434582614680359 0.16819541448215322 0.48367893252451843 -0.09916206870625735,8.5933835987863727 -156.37329801936076 -68.177241039954012 -4.4199536219285545 0.87383302592588541 -0.0036447798200136051,0.31927242224824681 -6.6315601608939687 -0.42238163579710886 0.13557303313427838 -0.16510845377172245 0.046643157908221156
ur,tetrapga,13.036780503,0.4062963,0.272116837,0.125994524,36.458449,44.492201,4.557306125,1,0,0,3.188398584,0.170709869,1,0,0,0,0 0 0.050000000000000003,0 0 0.050000000000000003,0 0 0.050000000000000003,wrist_3_link,8,0.04,10 0 0,0 0 0,,-0.031621822008047758 -1.5027123168742329 -0.057675316704115041 -1.6623724874569961 -0.047974104294429602 -0.088032258917982276,-0.066674133521601273 -0.027041978397981222 -0.01747482713821619 0.01584656889318883 0.054943421225199379 -0.015694472447524511,-0.18182885175791388 -1.8090613742648776 -0.22895434032836923 -1.6500012874687979 0.080152190176990573 -0.14055738580266333,-0.14701910433665893 -0.035703743858279409 0.098428827413829245 0.18351291100910108 0.17485417921043142 0.091976243562036861,-0.044345825608594965 -1.5109238031639673 -0.062157475551117419 -1.6590282230502991 -0.037935308515037326 -0.09026947820344168,-0.61070879305311931 -0.40639089395411165 -0.22854822392106255 0.16675491879433171 0.48246747503670595 -0.098802583792265405,18.003711435181543 -142.4059608130872 -59.591832510032091 -4.2540371309189124 0.84565941035967218 -0.0049943237571092114,-21.641613842467279 -16.452391455009092 -5.8159404267527179 3.6798013244087997 7.0556933341500923 -2.0221131964540007
ur,tetrapga,13.08137642,0.407032249,0.288070647,0.022241394,36.199566,44.097395,4.52494575,1,0,0,3.151241458,0.071230205,1,0,0,0,0 0 0.050000000000000003,0 0 0.050000000000000003,0 0 0.050000000000000003,wrist_3_link,8,0.04,10 0 0,0 0 0,,-0.034391443562926914 -1.5040452461490488 -0.058663742035838316 -1.6617945775435305 -0.045860913060453853 -0.088630434729591423,-0.051100409253700393 -0.032232894890736857 -0.022276470338166321 0.013147586914235898 0.041524921573708025 -0.0092503601797266442,-0.18831458104199258 -1.8105270128732209 -0.2244214602855224 -1.6417536019143313 0.08790967829949424 -0.13637992005782598,-0.14381614674999507 -0.030014409167820579 0.10484211674909759 0.18633490382197079 0.17300818079507035 0.095357184373801585,-0.044265018329920282 -1.5102360542316557 -0.061637299356582353 -1.6586924177676006 -0.037780894679119513 -0.089996507037094137,-0.61204796801991768 -0.34394119689345071 -0.15333632038806097 0.21487281616426049 0.51465201357825985 -0.068318821322197576,7.9612907346725112 -152.34475295742885 -65.757636703079385 -4.1667981356869674 0.82800636161661745 -0.0018254612421002665,1.1557582151252745 -1.8726207732179319 2.184821025988299 1.2455180654069409 -0.067487799124918979 0.64878764253566601
ur,tetrapga,13.125583255,0.408544979,0.272515764,0.135100603,41.89027,49.610561,5.23628375,1,0,0,3.125430671,0.149934233,1,0,0,0,0 0 0.050000000000000003,0 0 0.050000000000000003,0 0 0.050000000000000003,wrist_3_link,8,0.04,10 0 0,0 0 0,,-0.0362244579976655 -1.5052005489017417 -0.059416347849209586 -1.6612916241656195 -0.044333753707593598 -0.088946527088292024,-0.067095947822652241 -0.027123198990887654 -0.01358545972668143 0.02097506079786202 0.057232794281971928 -0.011807265146808719,-0.19459867020228991 -1.8117279838221765 -0.21964799163657336 -1.633458608436354 0.095513145649345932 -0.13209196079078503,-0.14045763380824888 -0.024309492379681143 0.1111016366021197 0.18890871345623755 0.1709491051449534 0.098623730829356687,-0.047285735698294702 -1.5118914940281765 -0.062313483076915664 -1.6574827885925003 -0.035214902277802967 -0.090187852861573992,-0.62885718142976377 -0.36428951612487281 -0.15392769964706376 0.23242884682563023 0.52552589480438394 -0.056730101460047179,12.827526950699081 -147.31647114912388 -62.64601784092541 -4.1925630311090876 0.83171566308021994 -0.0030607285821964512,-22.324641500465987 -16.603952264818872 -4.8884545009995577 4.9421320745695994 7.5656337853434792 -1.5636836100416076
ur,tetrapga,13.175300161,0.409343064,0.290659078,0.010990347,36.018558,43.679285,4.50231975,1,0,0,3.124980846,0.098922038,1,0,0,0,0 0 0.050000000000000003,0 0 0.050000000000000003,0 0 0.050000000000000003,wrist_3_link,8,0.04,10 0 0,0 0 0,,-0.03932057696907576 -1.5067317382042968 -0.060347936247078481 -1.660417166465878 -0.041868834407716521 -0.089432570951291243,-0.04887456390104062 -0.031012543859734981 -0.017561574906598213 0.016585512646355268 0.041866929770612044 -0.0057310458981438238,-0.20148350162165732 -1.8127756467410197 -0.21395193054831108 -1.6240002262194346 0.10394912055384811 -0.1270995211879988,-0.13646633035161118 -0.017824135012733965 0.11801500176228405 0.19153272465906732 0.1683641171246599 0.10219195689244623,-0.048375434471378348 -1.5119466504749319 -0.062147703407139009 -1.6567674562239803 -0.034136211281289998 -0.090048516930477135,-0.63403476721164043 -0.32937929483692219 -0.10212421814274206 0.27281516315112364 0.55070713268371785 -0.029788128005565163,7.5390466423296818 -151.66637742225657 -64.895292555493384 -4.0201962171905965 0.8014619973566206 2.7269931722286034e-05,-0.22258474714766407 -1.8599647770242882 1.648552057483073 0.23346841121565376 -0.19785994539429907 0.0224209583567756
ur,tetrapga,13.219073193,0.411077544,0.304809532,0.010267493,36.076131,44.030797,4.509516375,1,0,0,3.114806962,0.135243871,1,0,0,0,0 0 0.050000000000000003,0 0 0.050000000000000003,0 0 0.050000000000000003,wrist_3_link,8,0.04,10 0 0,0 0 0,,-0.04097979915721827 -1.5077907470027638 -0.060942957971718871 -1.6598547647557653 -0.040448705997809004 -0.08962679332120517,-0.032185010210368244 -0.020198989765457212 -0.011303499613722082 0.010881236929224811 0.027445884209469407 -0.0037542447956252778,-0.20737673096377457 -1.8134298891437588 -0.20865502516561402 -1.615570136899914 0.11126481175238292 -0.12255928105641951,-0.13276830651653831 -0.012060588354322169 0.12398252473748712 0.193602133211178 0.16585548164384778 0.10523734577013354,-0.053577837884532818 -1.5151495203742229 -0.06329418344117127 -1.6545990201907843 -0.029742471265930735 -0.090282903481676682,-0.65030042664430898 -0.40035873741136785 -0.14331000425403329 0.27105450414949078 0.5492175019199077 -0.02929831889994404,17.437750579580694 -137.7189569933943 -57.477196708924424 -4.0987949953946039 0.8150614425090752 -0.0048119594857138773,-0.30266669577977723 -1.8852832936672712 1.540123891411298 0.25942450001093675 -0.15543318967300479 0.011652538890302822
ur,tetrapga,13.263204317,0.412565514,0.298472897,0.01164752,36.688857,44.494165,4.586107125,1,0,0,3.085287978,0.071205193,1,0,0,0,0 0 0.050000000000000003,0 0 0.050000000000000003,0 0 0.050000000000000003,wrist_3_link,8,0.04,10 0 0,0 0 0,,-0.043119645651026453 -1.5088073237458837 -0.061423911189475974 -1.6590613412488429 -0.038646250190984846 -0.089819357488821097,-0.041670271601853638 -0.022501145025971198 -0.011003187571562925 0.015297807069670023 0.035131439247913475 -0.0037414604908285014,-0.21315053929957564 -1.8138331028413812 -0.20305299397521448 -1.6069844702032525 0.11852439746146867 -0.11784902524557954,-0.12886952062150586 -0.0062060775098709614 0.12987777124869621 0.19545690424196824 0.16310919239408114 0.10821291325644683,-0.053506499810616705 -1.5147590344775188 -0.06296772195466635 -1.654304804647845 -0.029585924789486698 -0.090046702365189607,-0.64471975535463333 -0.34757655218319855 -0.076084329917840837 0.31567200899607228 0.57605449237138628 0.00055351500741045861,6.8308483297739038 -145.14576383475534 -61.161605317055944 -3.6668066859677149 0.73927355251362248 0.0022750200893224114,0.018838694232528042 -3.8436815236636903 0.69998166811924989 0.16585095656682824 -0.16513300972688683 0.011527087279262105
ur,tetrapga,13.307804097,0.414357312,0.268319855,0.154147821,41.999343,49.974697,5.249917875,1,0,0,3.045300068,0.123818077,1,0,0,0,0 0 0.050000000000000003,0 0 0.050000000000000003,0 0 0.050000000000000003,wrist_3_link,8,0.04,10 0 0,0 0 0,,-0.04503382155552775 -1.5097121276223293 -0.061786901892463761 -1.6582334793105142 -0.036956735043993681 -0.089905477396999708,-0.0708772704755605 -0.024730400338090017 -0.003888453460643552 0.033509241705567391 0.064501494008903176 -0.0033584730193501498,-0.21880706256484939 -1.8139772362184303 -0.19713003630389042 -1.5982297677379744 0.12573308905370015 -0.11295754347033052,-0.12475934430854006 -0.00025158010894726424 0.13570439728371445 0.19709231181023076 0.16011595483130775 0.11112010125169645,-0.05666039100793141 -1.5164571336499393 -0.063281883211483814 -1.6526295755722848 -0.026749942444806989 -0.089913767621692064,-0.65900759513586826 -0.36997823577723343 -0.076170784046013018 0.33217471765343554 0.5848356135383066 0.012203562681258303,11.860873076105086 -139.11614881133841 -58.244589354520237 -3.7966302768930786 0.75826575114103811 -0.00093083238854022336,-23.55627318912201 -17.165320256841369 -2.8706793438819318 7.7941537507431349 8.6322779854123652 -0.46414804572657431
ur,tetrapga,13.357862702,0.415128019,0.290589973,0.0087273,36.137539,43.823026,4.517192375,1,0,0,3.039367961,0.075913082,1,0,0,0,0 0 0.050000000000000003,0 0 0.050000000000000003,0 0 0.050000000000000003,wrist_3_link,8,0.04,10 0 0,0 0 0,,-0.048299736911477556 -1.511156987360162 -0.062262997053079708 -1.6568408776869534 -0.034183309857401464 -0.090037083570602389,-0.052011301298078204 -0.029865257642077338 -0.010446312608494187 0.024952386992313978 0.046981438512000012 -0.00011795901322568213,-0.22493277423279862 -1.8138217781524055 -0.19017659100267245 -1.5883236183432099 0.13365889841741899 -0.10731589807261124,-0.11994777567553369 0.0064682967449915287 0.14207760421987201 0.19863850116802306 0.1565006574721346 0.11425935444678791,-0.057749487518588286 -1.5165327097803138 -0.063001014316072357 -1.6517726467334581 -0.025622547168068499 -0.089660364888416152,-0.65867794486047604 -0.34070615940789184 -0.028571772973823791 0.37032248702010001 0.60550987287946623 0.039382588466384094,6.4065674945585442 -141.48329065377061 -58.850261026535506 -3.4296361688295751 0.69463928169080269 0.0041739100715276738,0.039023100925732024 -2.8800089600481442 1.1995210077998593 0.15767228433105629 -0.19340454603862867 0.020207221510730733
ur,tetrapga,13.401780463,0.416691294,0.283365595,0.108517122,41.8538,49.881426,5.231725,1,0,0,2.990542426,0.099661643,1,0,0,0,0 0 0.050000000000000003,0 0 0.050000000000000003,0 0 0.050000000000000003,wrist_3_link,8,0.04,10 0 0,0 0 0,,-0.050170336104249841 -1.5122695292925592 -0.062645991741254889 -1.6559353014856024 -0.032483234591629093 -0.090038440654838292,-0.055670487943522917 -0.025987970831433407 -0.0043578164191383217 0.030434947521911074 0.05276365938568954 0.00098344529297897908,-0.23010479360472286 -1.8134077829611701 -0.18381690458751868 -1.5795747853661737 0.14045835830455139 -0.10223946047540598,-0.11555846607180281 0.012388060191327951 0.14751587546824596 0.19974059174849954 0.15311089854010471 0.11690230829223119,-0.061215208857432778 -1.5184058879822202 -0.063157347422417603 -1.6497345620380568 -0.022438763007993287 -0.089350961325266695,-0.6700636490536378 -0.36737166548065131 -0.030636093756201847 0.38484354792967018 0.61236950199567031 0.05049031309437417,11.214803548345564 -134.42318905540012 -55.753648943972628 -3.5702834658902622 0.7161875804866813 0.00027545540214690863,-14.398183080572409 -9.632543300936959 0.3534774180353395 6.0769588457178543 5.5118305972536419 0.26610330052920972
ur,tetrapga,13.451768243,0.418179584,0.2902245,0.008443344,36.08445,43.971829,4.51055625,1,0,0,2.986822667,0.075646756,1,0,0,0,0 0 0.050000000000000003,0 0 0.050000000000000003,0 0 0.050000000000000003,wrist_3_link,8,0.04,10 0 0,0 0 0,,-0.052685815946636856 -1.5135145359009694 -0.062928126008840915 -1.654647508824679 -0.030219875540490333 -0.089977211701281104,-0.050107912032195619 -0.025051422706283653 -0.0043611856007469748 0.028361523034631974 0.046914731068210973 0.0031951869529481202,-0.23575261580579079 -1.8126197239149455 -0.17629195447314513 -1.5695648369577631 0.14801061317129202 -0.096323257397837397,-0.11037729968652889 0.019144519618614169 0.15352239910115498 0.20070328859254016 0.14901076261491683 0.11978021986813298,-0.062287168910049921 -1.5186913424577577 -0.062936011709017983 -1.6488276543247065 -0.021287724159889991 -0.089050830825174898,-0.66708206350188826 -0.34139131452036142 0.013340625826410522 0.42042263833269289 0.6301993892939779 0.076656961012375263,5.7746122335012053 -135.88661969828044 -55.594115117195315 -3.1166609692837475 0.63750971077413043 0.0063136548592917317,-0.5458344919725846 -2.388404712940428 1.2665016331783079 0.19502506971548428 -0.12012963894103024 0.011608254562588627
ur,tetrapga,13.495850348,0.420111591,0.306557858,0.008776477,41.935747,49.998524,5.241968375,1,0,0,2.935595922,0.093811417,1,0,0,0,0 0 0.050000000000000003,0 0 0.050000000000000003,0 0 0.050000000000000003,wrist_3_link,8,0.04,10 0 0,0 0 0,,-0.054398564797007026 -1.514375745156133 -0.063082653809313521 -1.6536851939074135 -0.028625694201791854 -0.089868105624453479,-0.033194764928886997 -0.016610133032528552 -0.0029260425614712005 0.018596835177450501 0.03081483672707155 0.0021091893872840269,-0.24051461693658549 -1.8116442927587617 -0.16941075586245194 -1.560703521734855 0.15449574400546512 -0.090989349178426257,-0.10564982723139787 0.02511139996524157 0.15864968138316266 0.20129294064922001 0.14518680961309757 0.12219985510449673,-0.06572888236320612 -1.5205546416720139 -0.062875697251689691 -1.6465683224425054 -0.018033992918032114 -0.088554809079128993,-0.67673306017711621 -0.36777481745780494 0.012121872800271379 0.43421459723472805 0.63602796904166792 0.087542555733194333,10.361158767172796 -128.6739727159042 -52.789662487439671 -3.3018772294364163 0.66602203249881642 0.0016506339256236284,-0.14170446232168388 -2.2184026561762948 1.3164715063552421 0.1831847165212821 -0.15865369419218212 -0.0064861731234771014
ur,tetrapga,13.545952963,0.421403309,0.289355007,0.010388864,36.090572,43.82467,4.5113215,1,0,0,2.932098845,0.065004196,1,0,0,0,0 0 0.050000000000000003,0 0 0.050000000000000003,0 0 0.050000000000000003,wrist_3_link,8,0.04,10 0 0,0 0 0,,-0.057136219377396644 -1.5155633459955131 -0.063122321348342086 -1.6520837422201344 -0.026098442475156788 -0.089643049191258525,-0.051600187546470361 -0.023869416146968449 -0.00041312912590395266 0.032391463872423823 0.049103375042349191 0.0060080790754118993,-0.24566974832322269 -1.8102162198135534 -0.16132014496554853 -1.5506075389669807 0.16165634789019556 -0.084800763255938813,-0.10010282577770398 0.031893857965022476 0.16427542693221395 0.20166658774880081 0.14061053098170492 0.1248117974316732,-0.066805155842437708 -1.5208143760291342 -0.062572902129626531 -1.6455819551731512 -0.016855875055612899 -0.088191495678009962,-0.6715756215170402 -0.34442277442130409 0.053263396298670232 0.4680096447711054 0.65129283012269401 0.11342918214797579,5.1312082549563378 -129.26239975144208 -51.853839828093164 -2.7737556752878305 0.57445936846028911 0.0084813954832775144,-0.042484387981915006 -3.4283252752675253 0.75795470056044678 0.064294024748051015 -0.18799654951222777 -0.013414145184981408
ur,tetrapga,13.589869668,0.423254621,0.307098169,0.007725985,41.953048,49.668184,5.244131,1,0,0,2.875972796,0.075574551,1,0,0,0,0 0 0.050000000000000003,0 0 0.050000000000000003,0 0 0.050000000000000003,wrist_3_link,8,0.04,10 0 0,0 0 0,,-0.05888715936271656 -1.5164200534396652 -0.063161622056292527 -1.650987298223348 -0.024431770584629506 -0.089439099449280385,-0.033837997170575417 -0.017194079436837852 -0.001069054553359152 0.021159571636386706 0.032225667199505439 0.0039422838596130175,-0.24995644238953119 -1.808685121522541 -0.15400082233229659 -1.5417486399961247 0.16773978763257488 -0.079271456580099556,-0.095094107654787041 0.037831778620616291 0.16902290144355686 0.20173380252493661 0.13640403438755244 0.12697752668527001,-0.070262371323508363 -1.5226795789452754 -0.062296138720392351 -1.6430841601119663 -0.013502116912522727 -0.08750962750274148,-0.67958932512511727 -0.37047294543855847 0.052992923862584536 0.48114135296672955 0.65596650316804006 0.12422113976076145,9.6215040305407857 -121.79923590996799 -49.325325841195713 -3.0131969647557875 0.61138797474529616 0.0029044357645272223,-0.06953372398652391 -2.4962412458198742 1.1588977201777482 0.14988009680291725 -0.15893013141808154 -0.012162841692543225
ur,tetrapga,13.639641391,0.424500403,0.289358013,0.00964222,41.882727,49.715224,5.235340875,1,0,0,2.832237865,0.050327793,1,0,0,0,0 0 0.050000000000000003,0 0 0.050000000000000003,0 0 0.050000000000000003,wrist_3_link,8,0.04,10 0 0,0 0 0,,-0.061532328373501234 -1.5176146573416678 -0.063066272831343514 -1.6492670223817945 -0.021920911847134968 -0.089082744547422182,-0.052597152161689739 -0.0252497203633326 0.0023767232196339311 0.036715143017434337 0.051614654620113047 0.0090181561860650499,-0.25454490977880312 -1.8066350294118576 -0.14545876224691365 -1.5317121357072139 0.17440583529422307 -0.07289340493219669,-0.089258854530290963 0.044544210916942509 0.17418778701628418 0.20151548960275467 0.1314237650344883 0.12928908537806336,-0.073499847853517999 -1.5245238550449034 -0.062016322776167733 -1.6406609329623634 -0.01031559453605296 -0.086804542271572666,-0.67749840843892661 -0.38881331256624019 0.059043683995300494 0.49611783963248768 0.66140263876535366 0.13729556154237418,9.4417104636253448 -115.81566751847359 -46.398166003634017 -2.8049045922211158 0.5744363047975648 0.0034828454273370356,-0.35106224501947736 -3.181932510164188 0.90517248976965448 0.11655264036926383 -0.12239834056428833 0.0028446043847623059
ur,tetrapga,13.689467081,0.426262478,0.278724194,0.018985768,36.034661,43.844338,4.504332625,1,0,0,2.837392152,0.033581913,1,0,0,0,0 0 0.050000000000000003,0 0 0.050000000000000003,0 0 0.050000000000000003,wrist_3_link,8,0.04,10 0 0,0 0 0,,-0.063702423424161353 -1.5186739649189009 -0.062962620863153129 -1.6477446955918069 -0.019791130423590583 -0.088705058113896132,-0.065695263795037678 -0.027063815337141715 0.0078128772029144086 0.046858165102374047 0.063784639185488781 0.012079479304176043,-0.25884339367626386 -1.8042487338818474 -0.13665583929371733 -1.5216834395650054 0.18082535844638983 -0.066397053587360477,-0.083255731256813556 0.051236057956209231 0.17912065321776507 0.20098348048282874 0.12621983234525669 0.13144788333843715,-0.073961518007730653 -1.5244650932751944 -0.061646498653817092 -1.6399453904187031 -0.0096532441207992769 -0.086425357104563755,-0.67004779611137011 -0.35827291166153252 0.10537164573041684 0.53217798229775415 0.67501479487781202 0.16618038602133023,4.1640847996411772 -116.46575598169169 -44.990236402275308 -2.1900229769456816 0.46590636647566475 0.011619395333614238,-0.95716731069791194 -6.2653034933982781 -0.42130461993480139 0.099107898012334772 0.024448096531521912 0.020472107485943525
ur,tetrapga,13.73340888,0.427158542,0.279504366,0.152626993,41.99888,49.880689,5.24986,1,0,0,2.776074118,0.031783772,1,0,0,0,0 0 0.050000000000000003,0 0 0.050000000000000003,0 0 0.050000000000000003,wrist_3_link,8,0.04,10 0 0,0 0 0,,-0.066081769757165371 -1.5197995293269084 -0.062764779289123898 -1.6460571230478969 -0.017484283133716652 -0.088266621693920633,-0.065548363290785283 -0.029677960723750865 0.008148488764837699 0.05056514344865802 0.06664101227703198 0.013378516746132742,-0.26238310152969241 -1.8018682286951488 -0.12869314303124108 -1.5128669917310913 0.18626761366647029 -0.060581599400769723,-0.077833731086881283 0.057106559675133263 0.18326713225490271 0.20025438762320752 0.12145645993849763 0.13322034867018004,-0.07739739206881513 -1.526344757440655 -0.061055349778346299 -1.6371108590458099 -0.0061861772481118932 -0.08546506503949014,-0.6757263904657258 -0.38075689406649632 0.10883987928718723 0.54530806627397299 0.67810332823959074 0.17757602655160437,8.5475747213373587 -108.91795020018819 -43.054087848658462 -2.5291886947997275 0.51851459379372455 0.0045167017497742754,-14.508787598603021 -11.176841624761437 1.8977702082172812 8.5471115888276472 6.1934499538004779 1.386064133968631
ur,tetrapga,13.783391682,0.427825555,0.294859357,0.010098175,40.129509,48.203432,5.016188625,1,0,0,2.729492504,0.006059748,1,0,0,0,0 0 0.050000000000000003,0 0 0.050000000000000003,0 0 0.050000000000000003,wrist_3_link,8,0.04,10 0 0,0 0 0,,-0.068927088670647896 -1.5212564978863918 -0.062512442487137554 -1.643972919669666 -0.014698173174240619 -0.087687113008928938,-0.050088176922548043 -0.028509067986304364 0.0044771030305748478 0.040122972005014516 0.051475415647403523 0.012778635814917288,-0.26611646126925875 -1.7988478969665398 -0.11941997350590988 -1.5028845148853591 0.19219902204634165 -0.053875613891915704,-0.071528179091576022 0.063739615147524353 0.18774421085127274 0.19912980063972263 0.11584862675486879 0.13508412500687433,-0.080645979041194263 -1.5282380912919871 -0.060484755479530659 -1.6343494300943266 -0.0028621191175283375 -0.084492142580064405,-0.67077061497112889 -0.39567502435533264 0.11685842645063522 0.55961819429359727 0.68150740596427695 0.19105436151418537,8.0643965640926147 -102.94219642166459 -40.156811373785835 -2.3026607513373767 0.47838357264781706 0.0053742152059244944,-0.21783487833971549 -1.7005897655380977 1.5147262921125275 0.10213757616747898 -0.16715388644332663 -0.0074819137375072842
ur,tetrapga,13.831695693,0.429301262,0.282201496,0.015605056,34.136985,41.749343,4.267123125,1,0,0,2.735874542,0.002008006,1,0,0,0,0 0 0.050000000000000003,0 0 0.050000000000000003,0 0 0.050000000000000003,wrist_3_link,8,0.04,10 0 0,0 0 0,,-0.070998423343554606 -1.5224093654178796 -0.062294247743411621 -1.6423028207234205 -0.012569339228683309 -0.087152681272509774,-0.063919186882405415 -0.028856970751211491 0.012201983533836471 0.052181628090041135 0.064754366014715375 0.017052729928175966,-0.26942169939836602 -1.7956152696907921 -0.11025169099926349 -1.4932980020849942 0.19766037334832143 -0.047310163389581973,-0.065302345831515243 0.070095853352511742 0.1918219417672645 0.19774573270006604 0.11024633847328145 0.13672876094973208,-0.081096035877248701 -1.5282386885408603 -0.060095949490126185 -1.6335791086915041 -0.0021896087095489378 -0.084059512537654549,-0.65922946672478977 -0.36437011417492204 0.16169401114259582 0.59337718010254636 0.69076519141951542 0.22036245109957048,2.9729285793246731 -102.74754262662734 -37.751814262398675 -1.5751103856339523 0.35062660899808018 0.014818367710840271,-0.99814387289302431 -5.14966863560403 0.16133163788111915 0.12687162533802621 0.023796105952769153 0.028595839154490932
ur,tetrapga,13.873561424,0.430163106,0.302966181,0.007382293,39.40434,46.708468,4.9255425,1,0,0,2.669896242,0.000950335,1,0,0,0,0 0 0.050000000000000003,0 0 0.050000000000000003,0 0 0.050000000000000003,wrist_3_link,8,0.04,10 0 0,0 0 0,,-0.073103065459068056 -1.523464598326236 -0.06195309504363767 -1.6406019173239086 -0.010448597052261773 -0.086593981670986836,-0.043034483724669594 -0.023530080993813089 0.0060049659880358607 0.034803072768563877 0.043538127851068184 0.011462684975295512,-0.27204091627804278 -1.7925662088137666 -0.10215052843213725 -1.4850485029890836 0.20217182009969004 -0.041558306651826339,-0.059807446734127918 0.075554906262275734 0.19515312000638435 0.19631118803992739 0.10525263774235867 0.13802793827126902,-0.084395328537528402 -1.5301103477030433 -0.059216100557278113 -1.630491298805018 0.0012822794746080498 -0.082840732185801624,-0.66219200643973686 -0.38314778268041916 0.1680169121341 0.60543907339692415 0.69207950883557823 0.23154972503862731,6.9658633202521258 -95.431036289732674 -36.481348433960122 -1.9890989868976567 0.41550977503165309 0.0066496145795409229,0.051820139149640454 -2.4361566824645706 1.0126945971117607 0.031210715986162541 -0.1850198648727126 -0.035411050890189699
ur,tetrapga,13.920367019,0.430338172,0.294655116,0.011329577,39.439611,46.849693,4.929951375,1,0,0,2.618960369,0.014345068,1,0,0,0,0 0 0.050000000000000003,0 0 0.050000000000000003,0 0 0.050000000000000003,wrist_3_link,8,0.04,10 0 0,0 0 0,,-0.075881464662238968 -1.5249085441280992 -0.061454522826316339 -1.6382834800403958 -0.0076191834253293662 -0.085804068959031463,-0.051766298703687562 -0.029760488895610761 0.0093441841945105936 0.046885780395947256 0.055152784690708029 0.017530700365312114,-0.27469448968113708 -1.7888881744320881 -0.092933507734833498 -1.4759025240480002 0.20696478641453309 -0.035066542299892242,-0.053562195676769779 0.081595651007437833 0.19864896760792489 0.19445095023259218 0.099525872140176899 0.13933985740966223,-0.087513307744758934 -1.5319696177351096 -0.058362677036738822 -1.6274954475839118 0.00460307059795401 -0.081626430390546831,-0.65580572075908294 -0.3949651668756885 0.17662863371049872 0.6179871171114546 0.69326968112092324 0.24439201405056549,6.6856302590637755 -89.640001187013937 -33.808368697432186 -1.8037665253785395 0.38216553917548052 0.0070875188109261449,-0.55007478874676963 -1.8350075516309516 1.6994365998480134 0.40484983492206084 0.040602941031090189 0.12461700919692476
ur,tetrapga,13.96731339,0.431667703,0.283494201,0.028365122,39.434953,46.914458,4.929369125,1,0,0,2.57904707,0.018484846,1,0,0,0,0 0 0.050000000000000003,0 0 0.050000000000000003,0 0 0.050000000000000003,wrist_3_link,8,0.04,10 0 0,0 0 0,,-0.077823290234585923 -1.5260258846324937 -0.061083295537389087 -1.6365156301667205 -0.0055477245709250446 -0.085138414093957837,-0.063688089100058951 -0.030666314136312579 0.017276755138749815 0.059916708973238968 0.068238003398926245 0.022813172206098322,-0.2770600144589857 -1.7849167641392087 -0.08353018003027568 -1.4668228313300391 0.21149950341222784 -0.028497098306886681,-0.0471972002711828 0.087580562165313375 0.20190803613610392 0.19231555117049517 0.093637983843979977 0.14050500147566308,-0.090282352403780769 -1.533697591688767 -0.0575311582592666 -1.6246954374081644 0.0076207110206403103 -0.080436941828521458,-0.64894368488499032 -0.4017384420267236 0.18895917363108131 0.63188201583194936 0.69441745817298339 0.25843557259497646,6.2415369742893567 -84.369458585795883 -31.370275458799252 -1.6251424420394991 0.34750670420302987 0.0075352498590428602,-4.0672073414328338 -5.7864298968352159 1.3955512616826979 1.5884468108752117 1.109638078487821 0.43418045746798839
ur,tetrapga,14.014330396,0.432058095,0.282598073,0.026027107,34.099821,41.742807,4.262477625,1,0,0,2.588112077,0.040581117,1,0,0,0,0 0 0.050000000000000003,0 0 0.050000000000000003,0 0 0.050000000000000003,wrist_3_link,8,0.04,10 0 0,0 0 0,,-0.080340220200620413 -1.5273412351710443 -0.060444771996088359 -1.6341965017133762 -0.0028957934947537868 -0.08424591852028937,-0.070187703292105719 -0.034434172212920715 0.020471394401130712 0.066926790458305421 0.075049633506226551 0.026082875384758598,-0.2791273782788472 -1.7806596769319456 -0.073965287731010174 -1.4578362554423259 0.21576079059161837 -0.021866532904094172,-0.040728923850047283 0.09349216836183194 0.20491881243774701 0.18990922535598209 0.087606029025233137 0.14151904909702442,-0.090372339965049259 -1.5334683014518236 -0.057133556077736583 -1.6241465884909239 0.0079463706735688564 -0.080036311694762302,-0.63263173551326235 -0.3686110219211674 0.23180113039347766 0.66242265280617274 0.69798901698306226 0.28813981576049508,1.5663365628241248 -83.285565077055935 -27.76290212165334 -0.7698861530935206 0.19828665485333186 0.018509390943652646,-3.6664008127128227 -6.5716986807237845 0.99869326158216154 1.4575179865923928 1.0363534297678623 0.4221121592098882
ur,tetrapga,14.056142352,0.432101647,0.302617218,0.006752861,39.58893,46.934472,4.94861625,1,0,0,2.524026265,0.044087948,1,0,0,0,0 0 0.050000000000000003,0 0 0.050000000000000003,0 0 0.050000000000000003,wrist_3_link,8,0.04,10 0 0,0 0 0,,-0.082701706337353201 -1.5286330680400761 -0.059818491558919828 -1.6319927568871428 -0.0004070972235554331 -0.083378850905163365,-0.048266013163732767 -0.028987293975593305 0.011556232186303238 0.045097269262638795 0.051104605507944878 0.017793531287501867,-0.28070879085246486 -1.7766420030755337 -0.065345068466143977 -1.4499444416863791 0.21930974526072106 -0.01593277491857522,-0.034904239424197923 0.098673694524925512 0.2073796635319885 0.18754687095932085 0.082135834913487457 0.1422912140713089,-0.093509800952146366 -1.5353202993355968 -0.055871040185481613 -1.6207244230212274 0.01143169658498148 -0.078479086699370912,-0.63188996579193801 -0.38260080592080759 0.24171872353556165 0.67296347718337846 0.69671165283515724 0.29910748681308519,5.1191220520676364 -76.159299799959257 -27.301477980746867 -1.2811153481552584 0.27910393833640096 0.0089110271634646413,0.081400657849314939 -2.0562465668290315 1.0129291119066863 -0.0518960614599564 -0.20313150967516869 -0.054962338263038646
ur,tetrapga,14.103178941,0.431811883,0.299872987,0.013839892,34.107202,41.509436,4.26340025,1,0,0,2.510263503,0.059749094,1,0,0,0,0 0 0.050000000000000003,0 0 0.050000000000000003,0 0 0.050000000000000003,wrist_3_link,8,0.04,10 0 0,0 0 0,,-0.085444757714709357 -1.5302341313339074 -0.059060278566171791 -1.6293310172742195 0.0025356650444977274 -0.082295038800852427,-0.048984425965299054 -0.031726691876025233 0.013880580167694842 0.051800760121124778 0.055099009364483774 0.022765043553451551,-0.28219500856794849 -1.7718654137930216 -0.055530318610334806 -1.4411901672645515 0.22302625207371074 -0.0092222964900375345,-0.028277364606795811 0.10441043190283027 0.20990036905477968 0.18464239127774806 0.075871629186472861 0.14301291714021608,-0.094376666387079616 -1.5356545869164187 -0.055280023285834208 -1.6194601286595871 0.012551487519460971 -0.077793089655082873,-0.61242340247611882 -0.35967146087439705 0.27320451285741854 0.69594895156178183 0.69597585915189386 0.32424664291066441,0.56587951526844726 -73.668609032799992 -22.70912688841625 -0.33289848915430031 0.11600089639057443 0.020821634408052875,-0.15641969025011804 -0.4003918831494957 2.0759837255182276 0.25722553101422818 -0.097181359968926628 0.095081348909815233
ur,tetrapga,14.144792361,0.432850234,0.311647097,0.01107741,34.142913,41.674494,4.267864125,1,0,0,2.474235083,0.042974898,1,0,0,0,0 0 0.050000000000000003,0 0 0.050000000000000003,0 0 0.050000000000000003,wrist_3_link,8,0.04,10 0 0,0 0 0,,-0.087044626244457329 -1.5312698958891444 -0.058590564406016614 -1.6276374981332673 0.0043359970863610427 -0.08154730707730222,-0.032935624048818765 -0.02099086825354371 0.0098480890045458073 0.034743188323245217 0.036930911572896616 0.015341872183372294,-0.28324868627580713 -1.7674164621356772 -0.046753131067914268 -1.433563807478766 0.22606662874300551 -0.0032600443246113119,-0.022355083044477284 0.10939833897528936 0.21190880126324227 0.18185792777701523 0.070239740926323846 0.14352090201502804,-0.095521507486217128 -1.5362378152296134 -0.054539239888923195 -1.6178327325177431 0.013999143892116791 -0.076915411357599259,-0.60135766699799031 -0.34694674038219064 0.29950674813492956 0.71451012649421775 0.69442521973498961 0.34434838341737439,-0.076649541729691961 -69.768004827027568 -20.427243593812499 -0.10618267214716259 0.072341455449777214 0.022323250659074208,-0.15534956207073947 -0.42538238953966356 1.6616114575321888 0.054479097795592679 -0.16784456980615126 -0.047325965043455653
ur,tetrapga,14.186570892,0.432900595,0.303933153,0.00726308,34.021614,41.554025,4.25270175,1,0,0,2.427022436,0.039043188,1,0,0,0,0 0 0.050000000000000003,0 0 0.050000000000000003,0 0 0.050000000000000003,wrist_3_link,8,0.04,10 0 0,0 0 0,,-0.089195243782963077 -1.532459838917589 -0.057777222055144344 -1.6253276974697637 0.0067289509454323757 -0.080516850015761379,-0.043228746139928685 -0.025195522524523676 0.015888783557560272 0.046201043837337065 0.047970545338921554 0.020690727641854503,-0.28405756138554167 -1.7627428769031865 -0.037861455491816583 -1.4260279274367269 0.22888166588459602 0.0027445470047060844,-0.016359046275281525 0.1143179387640727 0.21371325255092105 0.17886270076423361 0.064507869657265432 0.14390702539250735,-0.097082505308508898 -1.5370707211641317 -0.053596898040113548 -1.6157459427296208 0.015895360642638249 -0.075823426662261773,-0.5905162195858038 -0.34023676733038666 0.32016661824485404 0.72928404134591962 0.69141416352509144 0.36158800672392555,-0.20473631210508625 -65.187888672023178 -18.170011998630617 0.053465321963466872 0.041631163319244824 0.02280095705375625,0.045652988469271349 -1.5807951426804721 1.0894620292047819 -0.066179850613480085 -0.191238972034526 -0.063892454146952105
ur,tetrapga,14.228225666,0.433676673,0.308336159,0.008771732,34.08445,41.615258,4.26055625,1,0,0,2.386914501,0.020432475,1,0,0,0,0 0 0.050000000000000003,0 0 0.050000000000000003,0 0 0.050000000000000003,wrist_3_link,8,0.04,10 0 0,0 0 0,,-0.090883562433023909 -1.5334244375707362 -0.057084843456709319 -1.6234070706589057 0.0086605836771907734 -0.079617498850957133,-0.034825852827289117 -0.020046231330473743 0.014287549699014695 0.039484430837331219 0.03974065561393185 0.018524284335105667,-0.28461370060302776 -1.7578804375385852 -0.028925513943776869 -1.4186430473248894 0.23144846621088025 0.0087448268456776258,-0.010336341813900219 0.11912986221521844 0.21529866235743414 0.17568043344788203 0.058722604870704388 0.14416795953421341,-0.098615938156772803 -1.5379283364895735 -0.052633882503578075 -1.61363761620456 0.017781765374987372 -0.074700368206602058,-0.57911304092377713 -0.3350946432744969 0.33837353148158261 0.7423613153775861 0.68797415715517451 0.37751182058672927,-0.62477424254092107 -60.716618572536113 -15.798494539795009 0.25631938130567389 0.0034868274758880213 0.023877797154763871,-0.046010884347708725 -1.01413968388988 1.315759752305695 -0.010123952635694877 -0.16876346410951726 -0.057177054659831583
ur,tetrapga,14.26993881,0.434740438,0.309060482,0.008061516,34.048002,41.65525,4.25600025,1,0,0,2.355065445,0.00643991,1,0,0,0,0 0 0.050000000000000003,0 0 0.050000000000000003,0 0 0.050000000000000003,wrist_3_link,8,0.04,10 0 0,0 0 0,,-0.092377899317559284 -1.5342479959222033 -0.05638135201014384 -1.6216061440756977 0.01041088961529563 -0.078737979760657037,-0.03138093082967474 -0.017246180092753329 0.014969775465670743 0.037751534567805431 0.036655207065335954 0.018505611077054111,-0.28491839045567341 -1.7528123550169661 -0.019915365312303021 -1.4113846797224769 0.2337760291959107 0.014761812816333599,-0.0042665049930263451 0.12385022853830793 0.21667042947037216 0.17230122249699775 0.052865988773475814 0.14430478083830967,-0.10003876639600798 -1.5387364031677409 -0.051664715323631233 -1.6115856884520314 0.019569879982070111 -0.07357705121132653,-0.56773096240950505 -0.33102962288726467 0.35536274304538251 0.75452396548090439 0.6841940660113992 0.39276534870959623,-0.9813038077373708 -56.180321399241066 -13.445598357187482 0.44863274639778972 -0.032977397161662814 0.024788718510376805,-0.024204298824145098 -1.1884802011800275 1.2092273775666627 -0.010614081000312581 -0.15681267002670651 -0.057122609806157243
ur,tetrapga,14.311697007,0.435695149,0.307983963,0.006981978,34.050047,41.468404,4.256255875,1,0,0,2.328491886,0.000982783,1,0,0,0,0 0 0.050000000000000003,0 0 0.050000000000000003,0 0 0.050000000000000003,wrist_3_link,8,0.04,10 0 0,0 0 0,,-0.093890367981445122 -1.5350441443188745 -0.055585662181354904 -1.6197161784221183 0.012201281191502458 -0.077791795568911609,-0.031966266836229842 -0.017021168560605721 0.016885544829277992 0.039800946874267086 0.037711991592833824 0.019986066550500555,-0.28496909880272642 -1.7475437226910284 -0.01084271929291487 -1.4042636198581173 0.23586021546689998 0.02078840558382631,0.0018428478542587474 0.12847211155676935 0.21782551161514516 0.16872921841598648 0.04694692189318362 0.14431674404577224,-0.10141240749693969 -1.5395132459762442 -0.050654393051067885 -1.6095245003498051 0.021324106820850723 -0.072424101779584915,-0.55598004105377408 -0.32787153044490053 0.37134946337398189 0.76580413814306936 0.67981578183071656 0.40754020240262923,-1.2767033394264082 -51.477797830429246 -11.05992363060269 0.63447195712561655 -0.068367995678579985 0.025559118036745349,0.022287852501676753 -1.465592214552089 1.0472967201054644 -0.039626333646992862 -0.15651281620055357 -0.061704026392476408
ur,tetrapga,14.353263767,0.436377354,0.308522156,0.00638643,33.939593,41.508228,4.242449125,1,0,0,2.304601802,0.001339485,1,0,0,0,0 0 0.050000000000000003,0 0 0.050000000000000003,0 0 0.050000000000000003,wrist_3_link,8,0.04,10 0 0,0 0 0,,-0.095475826120323487 -1.5358792432530208 -0.0546881636671398 -1.6176718642948495 0.014098310531129055 -0.076746043169632794,-0.031491729670661078 -0.017008651697543325 0.017786839728646683 0.04048393793060507 0.03759173124902615 0.020771024786726624,-0.28476562995747834 -1.7421097955329836 -0.0017683028346055659 -1.3973271855995073 0.23768833985948271 0.026785278245528114,0.0079511225873730492 0.13296496355313461 0.21875696418643176 0.16498962984866941 0.041006504783816018 0.14420431938778452,-0.10279191801021156 -1.5402979901917795 -0.049579870721076426 -1.6073896560951473 0.023108179892189253 -0.071210425927882709,-0.5434751526583057 -0.3252181983080461 0.38642595566977245 0.77606578076496724 0.67462140455143593 0.42183081955777829,-1.5893839223942381 -46.633260389589786 -8.611075806879839 0.82514005496783738 -0.10466851275827688 0.026344709638611911,0.043804445335069886 -1.5796719622658202 0.95796456819437026 -0.0549525637370607 -0.15365392449874093 -0.064132020597298833
ur,tetrapga,14.394874694,0.437147324,0.309234577,0.006198889,33.98152,41.344899,4.24769,1,0,0,2.284274524,0.001665619,1,0,0,0,0 0 0.050000000000000003,0 0 0.050000000000000003,0 0 0.050000000000000003,wrist_3_link,8,0.04,10 0 0,0 0 0,,-0.09696673259585821 -1.5366846443457374 -0.053786727093744886 -1.615676400364781 0.015909904675031263 -0.075700818356670779,-0.030813444640098765 -0.017094324040498137 0.018543549515282448 0.041077016812085164 0.037345721777989831 0.021563938555366629,-0.28430718053940479 -1.7364853682470829 0.0073499741198389812 -1.3905428222952305 0.23927020848691691 0.032781258069525469,0.014086950903194529 0.13735002081922798 0.21946992147518965 0.16106643715247171 0.035018656983929981 0.14396753002629292,-0.10412215821683625 -1.541073419469309 -0.048475717927041653 -1.6052483983459609 0.024859209511174051 -0.069969086751769272,-0.53035411545557376 -0.32276277565114353 0.4009476230042987 0.78557873668414846 0.66877090470873224 0.4358169244219407,-1.912074869784969 -41.685339562489723 -6.1207194006520069 1.0182976544460232 -0.14150883307637041 0.027122181295990484,0.044953959211511574 -1.5536940980964573 0.92983337486546702 -0.065001337808098469 -0.15139188314409324 -0.066579114980044096
ur,tetrapga,14.436284532,0.437906407,0.309712936,0.006118122,34.073987,41.589082,4.259248375,1,0,0,2.267212024,0.002635415,1,0,0,0,0 0 0.050000000000000003,0 0 0.050000000000000003,0 0 0.050000000000000003,wrist_3_link,8,0.04,10 0 0,0 0 0,,-0.098400141292238563 -1.5374781968397995 -0.052864700299168829 -1.6136870105259844 0.017678541277266584 -0.074635777102854559,-0.030206644114189694 -0.017066830858424149 0.019464606847164185 0.041822945066702456 0.037192983484960473 0.022456512838575849,-0.28359714356358584 -1.7307093751501947 0.016449098349519319 -1.3839569364112854 0.2405963551834461 0.038735922454132252,0.020208228568971094 0.14159742696261787 0.21996036834134769 0.15698815002886257 0.029026216062951322 0.14360859018971495,-0.105394683557921 -1.541837352211747 -0.047349602585482209 -1.6031127046429232 0.026567197335907049 -0.068706405277339427,-0.51669172661054175 -0.32019300765071634 0.41507581651030218 0.79437497537561241 0.66229024394367042 0.44950333190939906,-2.2323708350499523 -36.698624692991501 -3.6242523888070739 1.2104557907215563 -0.1782178511472412 0.027871474677000265,0.040381919217509221 -1.4878347724297782 0.91771826215912711 -0.074775859498004138 -0.14967486042705502 -0.069332315117605958
ur,tetrapga,14.477979967,0.438614004,0.310050847,0.005983415,34.125666,41.639938,4.26570825,1,0,0,2.253609181,0.005864237,1,0,0,0,0 0 0.050000000000000003,0 0 0.050000000000000003,0 0 0.050000000000000003,wrist_3_link,8,0.04,10 0 0,0 0 0,,-0.099815447352257725 -1.538274554489949 -0.051893506621692856 -1.6116501346888406 0.019451600321284783 -0.073522569560057247,-0.029844543365639773 -0.017060052268017899 0.020559065347928365 0.042837375213562123 0.037297586549831827 0.023476620744114503,-0.28262588569677638 -1.724718358852859 0.025626890396622044 -1.3774998303525883 0.241680354676369 0.044714056459450348,0.026381049040919941 0.14575217236337376 0.22023257854818296 0.15271092247879314 0.022966069276096283 0.14312313889897482,-0.10662439120003178 -1.5425950689019239 -0.046190364670572262 -1.6009617062901811 0.028250311616896305 -0.067410953207088758,-0.50241571871159785 -0.31738944413528258 0.42889874190562077 0.80246417258480929 0.65511409915396335 0.46294177678261794,-2.5428302363106692 -31.667668413434527 -1.1173083863169477 1.4015685415659163 -0.21477086481197047 0.028592785540641881,0.038066522808151149 -1.4356026526656933 0.89751224571878652 -0.086964338889629289 -0.14859418933107804 -0.072479818380287497
ur,tetrapga,14.519724797,0.439265313,0.310579121,0.005791363,34.020757,41.643169,4.252594625,1,0,0,2.243027262,0.010129292,1,0,0,0,0 0 0.050000000000000003,0 0 0.050000000000000003,0 0 0.050000000000000003,wrist_3_link,8,0.04,10 0 0,0 0 0,,-0.10120368493597989 -1.5390682055363936 -0.050877752567615356 -1.6095782043350519 0.021217706656203206 -0.072367416148114261,-0.029264196717241859 -0.0169458405361919 0.02152780697664174 0.0435622998395436 0.037136594923588444 0.024351711462408936,-0.28139554904422837 -1.7185493391670938 0.034822266612541009 -1.3712172311971229 0.24251208572520538 0.050676400003185289,0.032564606095674541 0.14978476995280418 0.22028175729397759 0.14826177591536802 0.01687972494429265 0.14251278461594113,-0.1078140773853884 -1.5433461586215425 -0.044994822132171694 -1.5987914098872935 0.029911868592562528 -0.066080287346664685,-0.48750491524139011 -0.3143151755080118 0.44240456119037558 0.80981817881505036 0.64723243259857999 0.47611216672252321,-2.8506992505976676 -26.605044095391666 1.3978817452980614 1.5923687894601579 -0.25127867993202357 0.029300700574968065,0.037552609024373851 -1.4027970690094662 0.86870451654405656 -0.098060718977649231 -0.14655421620643949 -0.075180090118152521
ur,tetrapga,14.561467782,0.439732781,0.31168221,0.005590618,34.079139,41.383089,4.259892375,1,0,0,2.234709478,0.016269259,1,0,0,0,0 0 0.050000000000000003,0 0 0.050000000000000003,0 0 0.050000000000000003,wrist_3_link,8,0.04,10 0 0,0 0 0,,-0.10261091151263528 -1.5398880131657089 -0.049780214585225413 -1.6073981787554874 0.023037057619181581 -0.071127856611261392,-0.027914676084172318 -0.016440294086658064 0.021901775572485578 0.043131182171279467 0.035997761724690151 0.024586476202141511,-0.27990718484560773 -1.7122149929166668 0.044014618790197767 -1.3651240228017749 0.24308945742851562 0.056610414330242061,0.038745334798173596 0.15368568705318131 0.220107130768808 0.14365095416035173 0.010782162887132143 0.14177853931196144,-0.10898762872106098 -1.544104423796788 -0.043743508201496362 -1.5965643696232914 0.031582942413187376 -0.064692652925732716,-0.47189178429042866 -0.31091723800032722 0.45550126981282901 0.81630308758723569 0.63855991371290621 0.48892738183150053,-3.161296247439799 -21.52153670274058 3.9228717391687944 1.7839930302975251 -0.28791482107635735 0.030017532709505527,0.036091744376392398 -1.376978893260457 0.83859267751188327 -0.10221694478241261 -0.1414566496527172 -0.07590348186471374
ur,tetrapga,14.602915074,0.440275246,0.312397169,0.005361554,33.994173,41.391891,4.249271625,1,0,0,2.229196957,0.020072399,1,0,0,0,0 0 0.050000000000000003,0 0 0.050000000000000003,0 0 0.050000000000000003,wrist_3_link,8,0.04,10 0 0,0 0 0,,-0.10392159306311559 -1.5406678708950352 -0.048688684182612997 -1.6052842825833142 0.024762450688242222 -0.069901838255212428,-0.027105233729548282 -0.016262553957329215 0.022678567857071341 0.043529565091225457 0.035560114610099232 0.025291473439299737,-0.27817425140285978 -1.7057671824721741 0.053130041822476971 -1.3592676430457751 0.24341079992820985 0.062469532586379196,0.044873842290557492 0.15742468560660672 0.21971223315521257 0.13891783645774189 0.0047238872053565742 0.14092747941291955,-0.11010084144596834 -1.5448444913242931 -0.042470179108132194 -1.5943478491863081 0.033206959240913124 -0.063285883306044871,-0.45577881950545879 -0.30729299738202626 0.46823963567499649 0.82205961496135238 0.62928283656208883 0.50142028574216846,-3.4607578644859336 -16.434017235668527 6.4316359264562895 1.9719634910836299 -0.32393261336660489 0.030682516940211034,0.035972452576629621 -1.3558783606440556 0.80423314055283868 -0.11179640366208332 -0.13846764803619749 -0.078078729848868988
ur,tetrapga,14.644411055,0.440830957,0.31299456,0.005126637,33.970561,41.298016,4.246320125,1,0,0,2.227000239,0.024167766,1,0,0,0,0 0 0.050000000000000003,0 0 0.050000000000000003,0 0 0.050000000000000003,wrist_3_link,8,0.04,10 0 0,0 0 0,,-0.10517658773565323 -1.5414310889283502 -0.047577570203038856 -1.6031808055705534 0.0264438772824926 -0.068659468149259481,-0.026451917430711118 -0.016187647129296507 0.023625317030828322 0.044230626899480562 0.03534992483071743 0.026187987568068633,-0.27618510098497073 -1.6991594030964301 0.062235193238547301 -1.3536040200657435 0.24348102579418698 0.068297683215095453,0.050995236580901021 0.16103000170918336 0.21909592410591625 0.13402983883946384 -0.0013379734474467987 0.13995432271923058,-0.11115193886496104 -1.5455653058477496 -0.041178749814697921 -1.5921473745622969 0.03478070251664659 -0.061863680233370091,-0.43915303440400782 -0.30343946522067738 0.48064060520329338 0.82711910218518669 0.61941053201161544 0.51362443687961246,-3.7512217423939935 -11.338599731560258 8.9320878126479197 2.1576057583842334 -0.35954804858507294 0.03131404634206187,0.0355901302614825 -1.3333382532500764 0.76899550465793709 -0.12333351049619523 -0.13616721763663975 -0.080845034060189391
ur,tetrapga,14.685808889,0.441302397,0.313588351,0.00487998,34.042409,41.695514,4.255301125,1,0,0,2.227279701,0.02889202,1,0,0,0,0 0 0.050000000000000003,0 0 0.050000000000000003,0 0 0.050000000000000003,wrist_3_link,8,0.04,10 0 0,0 0 0,,-0.10640514747063204 -1.5421953756091875 -0.046419111806304536 -1.6010366444216366 0.028121469256111628 -0.06736998286018997,-0.025901505768201754 -0.016173964328675593 0.024661447442588691 0.045095858836447511 0.035275033037015208 0.02718454866722882,-0.27394793915160892 -1.6924210956132595 0.071288768417958032 -1.3481588953236827 0.2433006348092816 0.074069322708794141,0.057082033236709559 0.16448525451535057 0.21826118286618501 0.12901002880389967 -0.0073745941117977906 0.13886353852615557,-0.1121545110358232 -1.5462749961132514 -0.039857717496464252 -1.5899407857261121 0.036322329361817368 -0.060412997923139616,-0.42199598363097179 -0.29933192312942802 0.49265166435760355 0.83140297090574511 0.60890543456702306 0.52547920305446549,-4.0322609308632664 -6.2437180505997114 11.41868987371446 2.3403726544190198 -0.39465466408300282 0.03190885254655728,0.035157142351351922 -1.3106477130349958 0.73199694028690487 -0.13613888551481068 -0.13423228176462487 -0.083920121793369162
ur,tetrapga,14.727610031,0.441762369,0.31435371,0.004638313,34.006751,41.376839,4.250843875,1,0,0,2.230665038,0.034404362,1,0,0,0,0 0 0.050000000000000003,0 0 0.050000000000000003,0 0 0.050000000000000003,wrist_3_link,8,0.04,10 0 0,0 0 0,,-0.10759688787286335 -1.5429551993089126 -0.045221039521910651 -1.598867686334196 0.029781872515151873 -0.066041996621753571,-0.025113755319182543 -0.016024442549226497 0.02551986405600563 0.04560162787201668 0.034896925518516114 0.027984476355140099,-0.27143383573222818 -1.6854750592016969 0.080390850938094061 -1.3428745060623701 0.24286527978515146 0.079848856748592323,0.063201806040952324 0.16782693903183893 0.21719611602029415 0.12380177747707753 -0.013451492051336266 0.13764152196955565,-0.11310950489501186 -1.5469747166211762 -0.038504857627517958 -1.5877247097115172 0.037833941866094574 -0.05893109128087029,-0.40422568014739035 -0.29495236377758827 0.50431511026017639 0.8349407899165382 0.59773011601986492 0.53705074899674399,-4.3082164394064097 -1.1283733411613137 13.91161044331281 2.5228819972984358 -0.42970708807996866 0.032496050610697887,0.033707696717215185 -1.2869758358247054 0.69574693996378301 -0.14668620750489936 -0.13137424452918367 -0.086387933850147647
ur,tetrapga,14.769088757,0.442163259,0.315196375,0.004386854,33.97127,41.19548,4.24640875,1,0,0,2.235519411,0.038387213,1,0,0,0,0 0 0.050000000000000003,0 0 0.050000000000000003,0 0 0.050000000000000003,wrist_3_link,8,0.04,10 0 0,0 0 0,,-0.10874354300920919 -1.5437054786922351 -0.04399019049767651 -1.5966873765397085 0.031414184803389811 -0.064683082885829218,-0.024155346749857618 -0.015768513339801501 0.026235762949395666 0.045828930228139136 0.034293494722462875 0.028627083469216684,-0.26868690779442328 -1.6784476275268689 0.089374147197369719 -1.3378488543700604 0.24218270384212373 0.085530847560975398,0.069242356509574221 0.17099299591628142 0.21591946547136642 0.11850099305951434 -0.019455705332286799 0.13631018393736358,-0.11401406453491289 -1.5476624827036745 -0.037123027007493842 -1.5855045536093364 0.039311637848301328 -0.057421128940869481,-0.38594257290997863 -0.2902981308815209 0.51556213194449896 0.8376861896239004 0.58594681425995687 0.54824476786202081,-4.5795710354750092 3.9689550121053019 16.387072090982471 2.7030880086303761 -0.46433191426358117 0.033060887602965418,0.032089035580781911 -1.2674816316339275 0.65802808747486097 -0.1556263348848006 -0.12780302916863207 -0.088370052045263492
ur,tetrapga,14.810353884,0.442518814,0.316043288,0.004118449,34.097332,41.465212,4.2621665,1,0,0,2.241898458,0.040978869,1,0,0,0,0 0 0.050000000000000003,0 0 0.050000000000000003,0 0 0.050000000000000003,wrist_3_link,8,0.04,10 0 0,0 0 0,,-0.10984376276142586 -1.544445157362329 -0.042727598431662087 -1.5944977945334706 0.033016761194042746 -0.06329427601882795,-0.023176526333658735 -0.015497204000793477 0.026937441589090096 0.046024729830136869 0.033665687956623717 0.029255334633421278,-0.26570625692933114 -1.6713291936248784 0.098254166131588147 -1.3330698655686077 0.24125716900508845 0.091126375564296175,0.075214372683693353 0.17399120518541536 0.21443325307541591 0.11310230500507103 -0.025396209094647688 0.13486946918987835,-0.11486650412669487 -1.5483368904928747 -0.035714403703120977 -1.5832841153357813 0.040752923351102435 -0.055885450555409957,-0.36719880984552822 -0.28538380748932213 0.52636362708541129 0.83963234199741432 0.57359047877383174 0.55903149058083845,-4.8423970078072749 9.0361901827800981 18.83736135736725 2.8800347624050566 -0.49835590726550216 0.033595290136289549,0.03069843954750695 -1.2526217472832286 0.61776727626360639 -0.16459186649353796 -0.12411572570758267 -0.090307887095690376
ur,tetrapga,14.851913539,0.44273042,0.31713169,0.003821608,34.005518,41.809049,4.25068975,1,0,0,2.250026873,0.044684041,1,0,0,0,0 0 0.050000000000000003,0 0 0.050000000000000003,0 0 0.050000000000000003,wrist_3_link,8,0.04,10 0 0,0 0 0,,-0.11094068157299684 -1.5452039518877836 -0.041378852403155336 -1.5922083017720081 0.034654224951755193 -0.061816586098576945,-0.021756538497372125 -0.014906616558920196 0.027107444598109657 0.045301664988461027 0.032378432766734216 0.029298144046157291,-0.26245613336477153 -1.6640381272451872 0.1071310851116466 -1.3284844457030889 0.24007807293773512 0.096699344541862894,0.081185497211677948 0.17685474979528407 0.21271991129340689 0.10754502313665698 -0.031338782137233963 0.13330255499095364,-0.115686505470892 -1.5490117268978396 -0.034253239981307811 -1.581020732438289 0.042187901776440218 -0.05429586221202147,-0.34786407765825322 -0.28016321344116513 0.53667350900957955 0.84068451449642834 0.56054095315680375 0.56939451439854682,-5.0987544772237756 14.094322200025616 21.283802283537586 3.056366935992731 -0.53222152628261754 0.034131729372935793,0.030098020405262105 -1.2511322755253786 0.57324123334558408 -0.16834223973091866 -0.11829783770018309 -0.090438865882305208
ur,tetrapga,14.893857243,0.443100423,0.318011175,0.003771484,33.996808,41.726371,4.249601,1,0,0,2.261015867,0.045741284,1,0,0,0,0 0 0.050000000000000003,0 0 0.050000000000000003,0 0 0.050000000000000003,wrist_3_link,8,0.04,10 0 0,0 0 0,,-0.11194415534016579 -1.5459210901720257 -0.040051770246750711 -1.5900014167846697 0.03619449392778238 -0.060366670610903415,-0.02076585464974029 -0.014623335916411422 0.027785502032477059 0.045460645163563372 0.031733757499021208 0.029907828684275495,-0.25892539554166411 -1.656562398263403 0.11601326087168363 -1.3240932647650461 0.23863866225965488 0.1022553451402106,0.087161648742089634 0.17958275996790365 0.2107720667738372 0.10182065598861413 -0.037287860342617003 0.13160461403031448,-0.11643918730566588 -1.5496641398193738 -0.03277915414664237 -1.5787826410102537 0.043566492752768499 -0.052695298419343894,-0.32798211253503273 -0.27471641055599194 0.54666887094453676 0.84105420018395805 0.54691186260269253 0.57949599903304927,-5.3427474015344067 19.165763600623773 23.720861855041022 3.2296526228599731 -0.56556748407354118 0.034621165138027758,0.029090092214460128 -1.2445896661974984 0.52826033935451733 -0.17749658893080777 -0.11448163515197507 -0.0923194415525046
ur,tetrapga,14.935662322,0.443485902,0.318843357,0.003725939,34.058105,41.626054,4.257263125,1,0,0,2.273631142,0.044689226,1,0,0,0,0 0 0.050000000000000003,0 0 0.050000000000000003,0 0 0.050000000000000003,wrist_3_link,8,0.04,10 0 0,0 0 0,,-0.11288675851483211 -1.5466167010703968 -0.03871421359855548 -1.5878196915285214 0.037682182135966774 -0.058909421650898859,-0.01985954147898604 -0.014439435401599312 0.028620321631584202 0.045877967073213392 0.031253502259400399 0.030704160165949353,-0.25515805744094044 -1.6490009625310542 0.12478024405774563 -1.3199578150860802 0.23695685874974948 0.10771970607609047,0.093062061014411321 0.18213677152764118 0.20861396487460818 0.096006115549310017 -0.043161550115340598 0.1297972972721175,-0.11712400685004001 -1.5502928051017033 -0.031296332328257903 -1.5765754080819405 0.044886441247134548 -0.051088180329143709,-0.30762924249031032 -0.269048082101496 0.55629394306513658 0.84071977346211546 0.5327629753650841 0.58927246326593186,-5.5788972755591253 24.219637261260726 26.135332658358934 3.3995723987543141 -0.59830933878091408 0.035071802446453339,0.026599609351137588 -1.2295598681830597 0.48574159881938783 -0.18803857397142565 -0.11122251101861025 -0.094775685939893606
ur,tetrapga,14.977357638,0.443661223,0.3198247,0.003749446,34.082674,41.487231,4.26033425,1,0,0,2.286878343,0.04406152,1,0,0,0,0 0 0.050000000000000003,0 0 0.050000000000000003,0 0 0.050000000000000003,wrist_3_link,8,0.04,10 0 0,0 0 0,,-0.11382694258223378 -1.5473356131466827 -0.037275946314199324 -1.5855198174334406 0.039212804015317328 -0.057347317692877438,-0.018658218160276768 -0.013978378051984472 0.028998543409087526 0.045532527864699399 0.030272358738235111 0.030983220219675933,-0.25115617661243816 -1.6413565029388453 0.13342988436724978 -1.3160774916241587 0.23503616924112072 0.1130921041564581,0.098885523888317201 0.18451715044405548 0.20624816911529456 0.090105052814782996 -0.048957176474827502 0.12788199874015788,-0.11776967929479099 -1.5509188456907919 -0.029763121746345836 -1.5743318635975823 0.046193586774942917 -0.049429310579714059,-0.28677557233997769 -0.26307957082449263 0.56537719687160215 0.83946864502919971 0.51799551797423171 0.59855480392142657,-5.8069164844954511 29.234412328951333 28.525637530536162 3.5668770928724913 -0.63052781557209969 0.035508169326286497,0.026572127034683035 -1.2373170350410874 0.43404375236832493 -0.19476686746293126 -0.10622982028019123 -0.095635982589897139
ur,tetrapga,15.018920032,0.443941513,0.320682043,0.003753497,33.96465,41.308466,4.24558125,1,0,0,2.301812453,0.039763026,1,0,0,0,0 0 0.050000000000000003,0 0 0.050000000000000003,0 0 0.050000000000000003,wrist_3_link,8,0.04,10 0 0,0 0 0,,-0.11467968867867878 -1.5480153808691099 -0.035860093201663459 -1.5832997313160748 0.040652013774231187 -0.055812779669866121,-0.017655766761001467 -0.013697424668272383 0.029727321533052249 0.045741088687317286 0.029647096514128075 0.03165361154924394,-0.24692677154115278 -1.6336411349473579 0.14194940737644088 -1.3124563975042001 0.23288252468270904 0.11836559651849836,0.10462366116218036 0.18672135962744546 0.20368019538917959 0.084128386185604295 -0.05466499076563025 0.12586247565188394,-0.11834896391318796 -1.55152223193988 -0.028219397439888036 -1.5721159644071947 0.047444899409138347 -0.047761540475301234,-0.26553499081392923 -0.25688983248980557 0.57402625427650134 0.83747913122009776 0.50276239182762561 0.60743808119568332,-6.0239678253183122 34.203741269672733 30.878841956883541 3.7295209469064092 -0.66189992539270781 0.035898634196287332,0.025422502791229817 -1.2386540163488462 0.38356637495925838 -0.20470594512607931 -0.10239002260131258 -0.097703783227487406
ur,tetrapga,15.060324844,0.444249996,0.321531248,0.003828344,34.173858,41.726982,4.27173225,1,0,0,2.318637286,0.033753473,1,0,0,0,0 0 0.050000000000000003,0 0 0.050000000000000003,0 0 0.050000000000000003,wrist_3_link,8,0.04,10 0 0,0 0 0,,-0.11546839720395569 -1.5486707660037438 -0.034438881359652077 -1.5811132531963845 0.04203364227025589 -0.054276181005911903,-0.016610522915574785 -0.013446256144376478 0.030477116219469851 0.04597645545465924 0.029011522205644413 0.032369626561777061,-0.24247773597365507 -1.6258674396638237 0.15032623208768614 -1.3090978519509546 0.23050270895579572 0.12353339569189715,0.11026820561665089 0.18874738321767895 0.20091631008271393 0.078087442935170184 -0.060275422870444059 0.12374287763952897,-0.11886023348973651 -1.5521005429578367 -0.026671365830153219 -1.5699364255328971 0.048636128620870231 -0.046091498966343229,-0.24394411640032682 -0.25050549825202517 0.58222169621025244 0.8347729086221406 0.48710722265253709 0.61592022178937444,-6.2318114879077271 39.119481832475508 33.196355948229247 3.8882834066624881 -0.69254582134132825 0.036258010775049435,0.022140719743902082 -1.2288435699729234 0.337811605758219 -0.21438726511587447 -0.098613704219999931 -0.099911785848291856
ur,tetrapga,15.10215717,0.444557075,0.322406803,0.004029621,34.081744,41.694003,4.260218,1,0,0,2.338486726,0.028579684,1,0,0,0,0 0 0.050000000000000003,0 0 0.050000000000000003,0 0 0.050000000000000003,wrist_3_link,8,0.04,10 0 0,0 0 0,,-0.11621075485198536 -1.5493183447150145 -0.032978400050682172 -1.5789077147123052 0.043390554987678555 -0.05269999008421114,-0.015639513710048299 -0.013226850933987153 0.031354179695413806 0.046388804617482272 0.028496409827043677 0.033209104165072348,-0.23774703455765092 -1.6179319174999574 0.15866903622203632 -1.3059603554574519 0.22786413254417115 0.12866318515476663,0.11589263642512075 0.19061985217000996 0.19791825625686907 0.07190300185231667 -0.065860103810171391 0.12149412285246686,-0.11931047910363227 -1.5526605044525725 -0.025104994693090237 -1.5677716530951216 0.04978073192450555 -0.044403518769569508,-0.22187311660058961 -0.24388257701670485 0.58998603092444823 0.83130212844564066 0.47092376503425992 0.62402821947001064,-6.4260894703430198 44.009862575955417 35.490389578898835 4.0434992786841653 -0.7225349488582008 0.036581720326003486,0.019864393124976232 -1.2281611599373718 0.2863747014797724 -0.22565878705154319 -0.095110809859832557 -0.10250109224210746
ur,tetrapga,15.143954447,0.444843478,0.323308259,0.004199503,34.178433,41.522368,4.272304125,1,0,0,2.360141598,0.022547816,1,0,0,0,0 0 0.050000000000000003,0 0 0.050000000000000003,0 0 0.050000000000000003,wrist_3_link,8,0.04,10 0 0,0 0 0,,-0.11690075729981568 -1.5499526960507952 -0.031486690953048797 -1.5766975139907915 0.044713156872860871 -0.051093632861689352,-0.014529883365515387 -0.012890600743262681 0.032034189122983614 0.046473136479772741 0.027762532006076909 0.033832657198907157,-0.23278705110031464 -1.6099285122268612 0.16687533004611266 -1.3030854506172238 0.22499631543894724 0.13369250840392274,0.1214281132570372 0.19231343449043439 0.19471934923843129 0.065649436925650978 -0.071349266444905218 0.11914160572387368,-0.11970056165866162 -1.5532027325260018 -0.023517684196487053 -1.5656182250040178 0.05088093499870576 -0.042694869264865633,-0.1993679321199161 -0.23701653428850428 0.59726982832860265 0.82704481737447511 0.45424882500644803 0.63171331884989079,-6.6115297857179272 48.854246925486251 37.756225799996209 4.1957191016187103 -0.7519404679150461 0.036885589447607475,0.018403897086841425 -1.2380115952528286 0.23126161035452242 -0.23517216053733137 -0.090883023307156918 -0.10442412391945766
ur,tetrapga,15.185579988,0.444974852,0.324256023,0.004252352,33.982289,41.453513,4.247786125,1,0,0,2.382719459,0.016774782,1,0,0,0,0 0 0.050000000000000003,0 0 0.050000000000000003,0 0 0.050000000000000003,wrist_3_link,8,0.04,10 0 0,0 0 0,,-0.11755946580684624 -1.5505937256742841 -0.029908341880396854 -1.5744053840495533 0.046045616255919915 -0.049399063519600599,-0.013060733001760886 -0.012169494526687939 0.031917637921779513 0.045356104451327844 0.026317654443773757 0.033583609604960867,-0.22761934212858492 -1.6018913456941719 0.174910869187719 -1.3004835451933867 0.22191425865419198 0.13860129311186126,0.12685171584608676 0.19382192824495353 0.19133482950279274 0.059354934103830692 -0.076718952021770356 0.11669593309941638,-0.12004180660250104 -1.5537373240552723 -0.021881595927060335 -1.5634367708325807 0.051959848698645714 -0.040936196763862537,-0.1764741087206948 -0.22988686938960029 0.60392713892870009 0.82187921178277845 0.43707163391985493 0.63884620355076804,-6.7881510935879472 53.630187478314873 39.993263205818614 4.3459086622224588 -0.78088842062301267 0.037195577641209274,0.020650790086165216 -1.2799641569627056 0.16606525842426834 -0.23813170877110679 -0.084281355493601495 -0.10365492161815837
ur,tetrapga,15.227097766,0.445249458,0.325124549,0.004391374,34.079943,41.675736,4.259992875,1,0,0,2.407615716,0.008189403,1,0,0,0,0 0 0.050000000000000003,0 0 0.050000000000000003,0 0 0.050000000000000003,wrist_3_link,8,0.04,10 0 0,0 0 0,,-0.11813090517140451 -1.5511913890910527 -0.028371781939714239 -1.5722155422518531 0.047279333369289217 -0.047751101008884626,-0.011847062303400805 -0.011744914507651742 0.032384637309260618 0.045127898501185849 0.025402654186113059 0.033989925201868165,-0.22224206030969987 -1.5938161482468238 0.18278122412216116 -1.2981506228543496 0.21861964662133448 0.14339387664281047,0.1321673585617654 0.19514766349779916 0.18776495871762128 0.05301769108493766 -0.081971891736442259 0.1141565903563052,-0.12031257482828625 -1.5542450190059516 -0.020245634130130863 -1.5612980154984695 0.052975909761180995 -0.039179177463114168,-0.15327736766817804 -0.22258280409749601 0.61013185041112372 0.81601763047319575 0.4195398409038823 0.6455589279104238,-6.9520604815289584 58.340815005699966 42.179601130449832 4.4900220149169705 -0.80873817962645833 0.037446387958173094,0.019560714957606251 -1.299599705221226 0.10765685730045504 -0.24591697149026004 -0.079464731521113663 -0.10490752423558547
ur,tetrapga,15.268850373,0.445600176,0.326001148,0.004549838,34.025931,41.627418,4.253241375,1,0,0,2.435759803,0.000173684,1,0,0,0,0 0 0.050000000000000003,0 0 0.050000000000000003,0 0 0.050000000000000003,wrist_3_link,8,0.04,10 0 0,0 0 0,,-0.1186379080918783 -1.551763240083933 -0.026836007730615206 -1.5700663941065043 0.048453693072206011 -0.046106451063589703,-0.010668056224982759 -0.011451327519978528 0.033044578562436734 0.04519630529158071 0.024640301445897145 0.034639737391127461,-0.21661385714293932 -1.5856435490148333 0.1905426118075102 -1.2960709619425459 0.21508872556475517 0.14810518492266458,0.13741320379245781 0.1962991499953855 0.18398309228119966 0.046592463075518578 -0.08714455603075151 0.11150448474870632,-0.12051290889269661 -1.5547250201003129 -0.018613649904270276 -1.5592064438165689 0.053927771192130367 -0.037427647877132722,-0.12970842907800026 -0.21511131941995107 0.61589637826702948 0.80947012324454448 0.40162122193152305 0.65189579828039979,-7.103847995821341 63.002466174094515 44.329731804429528 4.6297605355631335 -0.83577899289744706 0.03765753175852881,0.014668374068264711 -1.2954316976683913 0.058264416623742932 -0.2547909110380715 -0.0752808249760335 -0.10691061026055593
ur,tetrapga,15.310557729,0.445921333,0.326863279,0.004737856,33.988057,41.51137,4.248507125,1,0,0,2.465989955,0.007984971,1,0,0,0,0 0 0.050000000000000003,0 0 0.050000000000000003,0 0 0.050000000000000003,wrist_3_link,8,0.04,10 0 0,0 0 0,,-0.11909117691577466 -1.5523244529987505 -0.0252644643249402 -1.5679062469940688 0.049596539466460365 -0.044424910092538301,-0.0095409406906648599 -0.01116056130351727 0.033854634766391743 0.045439647077832823 0.023981186691804195 0.035422887531549367,-0.21077525806377409 -1.5774356287796334 0.19813400343232837 -1.2942623496317927 0.2113484164057044 0.15269882145142946,0.14254819290806467 0.19726600065279346 0.18001721762816753 0.04012938899772709 -0.092195228991430789 0.10875915504076034,-0.1206484515668787 -1.5551841002603335 -0.016969656422406131 -1.5571389524981851 0.054828699902315869 -0.035664035207844877,-0.10580108283116003 -0.20742046384927265 0.62117508652772324 0.80217411339488232 0.38331807162885578 0.65778047212585111,-7.2434040011935137 67.594412628862045 46.43198480324304 4.7641896854964934 -0.86182929451555523 0.037825205835900502,0.011098000177867107 -1.3035263516785562 0.001838171093965002 -0.26531992187119613 -0.071302784803549457 -0.10932553725821492
ur,tetrapga,15.352143188,0.446231937,0.327685576,0.004892501,34.066415,41.570962,4.258301875,1,0,0,2.498033895,0.015876606,1,0,0,0,0 0 0.050000000000000003,0 0 0.050000000000000003,0 0 0.050000000000000003,wrist_3_link,8,0.04,10 0 0,0 0 0,,-0.11948577541160317 -1.5528683439173405 -0.023666920751389865 -1.5657516753223668 0.05069816633880863 -0.042718352304206758,-0.0082999391798984686 -0.010735005735793094 0.034420990125464485 0.045306475179521723 0.0231019957751189 0.035935244118165809,-0.20474276076536377 -1.5692153692083901 0.20553470140808663 -1.2927281999977855 0.20741182759027577 0.15716308624810865,0.14755844976561963 0.1980463087694774 0.1758798685742865 0.033648027009060388 -0.097109241403118426 0.10592872241854145,-0.12072000117669088 -1.5556223741951229 -0.015310976085370697 -1.5550923202199478 0.055680807037062352 -0.033885759548460306,-0.081610960931723459 -0.19951901328507821 0.62591406269283234 0.79412421129310662 0.3646717395633578 0.66317927594704895,-7.3714476263695596 72.101312867059676 48.488919334754698 4.8945173555924875 -0.88707322276333844 0.037973668770797442,0.0095153390119548931 -1.329974096947808 -0.061054641204989935 -0.27398008026557363 -0.066556962168618838 -0.11090518165013918
ur,tetrapga,15.393810734,0.446571653,0.328478655,0.005017947,28.526241,36.121818,3.565780125,1,0,0,2.557920369,0.023531009,1,0,0,0,0 0 0.050000000000000003,0 0 0.050000000000000003,0 0 0.050000000000000003,wrist_3_link,8,0.04,10 0 0,0 0 0,,-0.11981793970543426 -1.5533906130438637 -0.022052714157774895 -1.5636163794503719 0.051750979457151354 -0.040996811600987761,-0.006980251830622934 -0.010231203545755116 0.034786843705501315 0.044889612000229319 0.022066505992851579 0.036239731150621013,-0.19849175895827817 -1.5609501869168865 0.21277370209305144 -1.291461996844451 0.20326515620689914 0.1615162126178534,0.15246373293421248 0.19864312233480655 0.1715553368636957 0.027124098205780885 -0.10190494312196251 0.10300202653080516,-0.12129197333915749 -1.5570008273213127 -0.0099074373186825923 -1.548725481664599 0.058572876387486192 -0.028596483847440436,-0.071496520308941464 -0.1723066407721181 0.67544234583992824 0.79585481942282854 0.36150866880432109 0.66115946263015835,-8.9572356976954808 70.9022081654104 32.796808883472828 2.4953519153403594 -0.49247105648759798 0.0032337059407945385,0.0085841822609609153 -1.3647500415690956 -0.12618804881586243 -0.28100503179393854 -0.061310567971915475 -0.11184342088844801
ur,tetrapga,15.430012086,0.446736779,0.329045487,0.005295274,34.162189,41.789164,4.270273625,1,0,0,2.554397837,0.017512381,1,0,0,0,0 0 0.050000000000000003,0 0 0.050000000000000003,0 0 0.050000000000000003,wrist_3_link,8,0.04,10 0 0,0 0 0,,-0.12006401655403624 -1.5538517613078697 -0.020565528997931213 -1.5616819144937744 0.052669126356972636 -0.039409143335729792,-0.0058476037820630669 -0.010301049542211166 0.036465554157089658 0.046264384316149702 0.021883838339596857 0.038026170743435957,-0.19289670499690942 -1.5537519610880264 0.21891405260797098 -1.2905829531572903 0.19950229516204496 0.16519790137316223,0.15662838476985347 0.19901061016701674 0.16765615752762886 0.021437642420271224 -0.10596301289671513 0.10038766238611393,-0.12105326582024009 -1.5567932710883055 -0.010118044551097027 -1.5489645519158124 0.058308018447979351 -0.028652831302092882,-0.046908859205790659 -0.17087209671313003 0.63980482590388288 0.77989327042453804 0.33587713446964462 0.6687477861883353,-7.4123257765503254 75.830794158984105 49.271633140357949 4.8784361982497852 -0.88495572608304285 0.037457004335252599,-0.004709971412125924 -1.317349633503909 -0.16219268892153593 -0.29653536552268633 -0.059247285704003616 -0.11735197233994654
ur,tetrapga,15.471911741,0.447145396,0.329830219,0.005412462,28.687637,36.460658,3.585954625,1,0,0,2.633806816,0.025582101,1,0,0,0,0 0 0.050000000000000003,0 0 0.050000000000000003,0 0 0.050000000000000003,wrist_3_link,8,0.04,10 0 0,0 0 0,,-0.12027470212025632 -1.5543331153569282 -0.018923213786758399 -1.559587265970714 0.053626947405759476 -0.037661083104265011,-0.0044515109621072755 -0.009796236372388599 0.03681373172207468 0.045803333287849628 0.020800248472086613 0.038332955632273923,-0.18623505378681057 -1.5454076003561774 0.22584147283016534 -1.2898228676125771 0.19496632867175345 0.16933932633732027,0.16133151505487386 0.19926000552782422 0.16298267626502902 0.014841570734490153 -0.11052883129118052 0.097281143834752198,-0.12134540884446121 -1.5579247503209979 -0.0046062412883562092 -1.5427122259485251 0.060970502153994029 -0.023319148431593658,-0.036517878028091012 -0.14143490408494497 0.68897540784618183 0.78154074591460576 0.33281046325300567 0.66671035881483243,-9.3877745259693945 73.972573857757496 33.910110663544316 2.5632551179274907 -0.50565008707214587 0.0033092782956408583,-0.0072083946740804095 -1.348520939654918 -0.22590754366287058 -0.30309788315935293 -0.053905137547118898 -0.11829681617396659
ur,tetrapga,15.508493282,0.445356394,0.33707565,0.008885684,30.067855,37.656939,3.758481875,1,0,0,2.708833583,0.055181963,1,0,0,0,0 0 0.050000000000000003,0 0 0.050000000000000003,0 0 0.050000000000000003,wrist_3_link,8,0.04,10 0 0,0 0 0,,-0.12055767139370659 -1.5551460380343356 -0.016380758044157513 -1.5563953908586032 0.055078812846451046 -0.035003309879035459,-0.0069933433861170151 -0.017610170423783215 0.065036342298264813 0.078106091819791557 0.035425942500776561 0.065051898223499299,-0.18025982917206246 -1.538116769626696 0.2317268740553379 -1.2893853913410862 0.19085193451058916 0.17284734883041139,0.16533145872640062 0.19932301577640238 0.15876523061637191 0.0090756734724698022 -0.11439607192079095 0.094500323653960175,-0.12034952992949731 -1.5566542840640141 -0.011659262129279866 -1.5504671781708128 0.057263713505666662 -0.029550371085488365,0.026017683026159571 -0.18853075370981437 0.59018698935970593 0.74102658597379378 0.27311258240195174 0.68161734919338679,-5.2196041914696449 94.400507494346357 72.347440246464586 7.587720729066211 -1.344219412343151 0.069368328457297956,-0.17730188840312167 -0.28245538451574248 -0.051524889302079657 -0.49759831288884016 -0.10017094040483698 -0.20071820928777839
ur,tetrapga,15.54623386,0.445057882,0.330526756,0.006909078,28.582485,36.00162,3.572810625,1,0,0,2.709420897,0.010982726,1,0,0,0,0 0 0.050000000000000003,0 0 0.050000000000000003,0 0 0.050000000000000003,wrist_3_link,8,0.04,10 0 0,0 0 0,,-0.12071516309816768 -1.5555647325776034 -0.014456495167409621 -1.5541199925985001 0.056069307407006636 -0.033072490520320429,-0.0034898628174135468 -0.008103465994410983 0.04519961415762537 0.052646457814526947 0.022632769729369558 0.04487531584487886,-0.17394392849881476 -1.5305953504684215 0.23763461279455814 -1.2891551491246833 0.18646115205028241 0.17635868841117988,0.16935091181744699 0.19923660835187057 0.1542839648489239 0.0031258892745240369 -0.11826556989869519 0.091566559705561046,-0.12033177971985458 -1.5570168667449722 -0.0097595397776270507 -1.5482908023748061 0.058102186539604139 -0.027607368923359868,0.047922922289138137 -0.1815167709210895 0.58711942372282122 0.72864877796175864 0.25410989157468783 0.68314019962007033,-4.7601939798426294 98.034720719207527 75.034356771481015 7.8185274279746899 -1.3838543270293659 0.071450213019068495,0.040651791862501341 -1.8246055256195177 -0.61458153528160153 -0.38690834752742376 -0.050902134176084246 -0.13849891645745771
ur,tetrapga,15.58234699,0.443488729,0.341789191,0.010022509,29.400888,36.960711,3.675111,1,0,0,2.708133078,0.014564236,1,0,0,0,0 0 0.050000000000000003,0 0 0.050000000000000003,0 0 0.050000000000000003,wrist_3_link,8,0.04,10 0 0,0 0 0,,-0.12087172055143804 -1.5562118710151738 -0.011953508431781001 -1.5511087140689765 0.057361118195044788 -0.030505713153644545,-0.0042663579069459143 -0.016640077639305851 0.074063726010731787 0.085555713935372785 0.036576445911347753 0.072968936947460816,-0.16776027123058404 -1.5234039632254619 0.24312703984399095 -1.2891450109342195 0.18212513064436692 0.17961384983559425,0.17309206726781351 0.19900985731563944 0.14987568520828026 -0.0025633511293005366 -0.12185040393170819 0.088699674024476968,-0.11972230418044381 -1.5582222617554402 -0.0043455014808694969 -1.5424171321671158 0.060107544921910672 -0.022159796707764572,0.076184442426345755 -0.15067437630850386 0.67675478709469417 0.73420877596129352 0.25066979778831661 0.68094652694941193,-11.545828565533837 98.595913782016012 46.592151587694786 3.550841408584902 -0.69600521919802494 0.0052514574205606498,-0.23848171882161751 -0.032106347888657183 -0.13203221401913012 -0.56126052304807672 -0.10003094025192638 -0.22513293119914835
ur,tetrapga,15.61942831,0.445564599,0.331348213,0.017075597,28.603363,36.197759,3.575420375,1,0,0,2.74328141,0.049000485,1,0,0,0,0 0 0.050000000000000003,0 0 0.050000000000000003,0 0 0.050000000000000003,wrist_3_link,8,0.04,10 0 0,0 0 0,,-0.12080113212212393 -1.5560732806259929 -0.011210510156075241 -1.5504189234452004 0.057552979622011738 -0.029827678278478414,0.0032874267088388465 0.0062899365561294119 0.0010282149342914653 -2.491534268465664e-06 -0.0031464736651112039 0.0028162877954203418,-0.16127225366280468 -1.5160309909500356 0.24859887023189839 -1.2893482387329001 0.17754040427827406 0.18284746591407292,0.176823692443208 0.19863043368587319 0.14523057041023621 -0.0083958433444477048 -0.12540806837631843 0.085697352742803268,-0.11911049678060517 -1.5590445006157458 0.0012970013362381162 -1.5365495224107366 0.062094827801037561 -0.016730143902392924,0.076475924979829232 -0.1027798575381921 0.70531285213845152 0.73345121954740966 0.24841035989086088 0.67870660067145594,-12.479742581204107 91.309814055890783 39.673301675887693 2.9545560256576131 -0.58938167785239803 0.0031115433345869697,0.57899983752247408 -5.6349470415934775 -2.0133057907285306 -0.17433901009007968 0.052247429526005362 -0.0088227357783310367
ur,tetrapga,15.655740873,0.447922214,0.334030149,0.006908668,30.406707,39.460062,3.800838375,1,0,0,2.809619347,0.050986699,1,0,0,0,0 0 0.050000000000000003,0 0 0.050000000000000003,0 0 0.050000000000000003,wrist_3_link,8,0.04,10 0 0,0 0 0,,-0.12067820478584228 -1.5561392019761242 -0.010795165365461481 -1.5498648710679805 0.057676947999116837 -0.029245160791665517,0.0032485823762454465 -0.003799446916094836 0.012240461770645011 0.016233594042195692 0.004206531712246925 0.01662947386658201,-0.15478665834655511 -1.5088271377105662 0.25378825905402247 -1.2897566071225164 0.17292513983427482 0.18590513192639208,0.18036727082551249 0.19811506295400211 0.14056896287149373 -0.014093251904836271 -0.12876775596888193 0.082701844225415613,-0.11853839791119464 -1.5594954304702782 0.0070890624765515154 -1.5306946377964812 0.064065517835241351 -0.011318074018687081,0.071512358676317445 -0.056366231816548727 0.72400764253917493 0.73186057678194227 0.24633625427547332 0.6765087354632302,-11.76818928924634 83.58253962498101 35.701005267174537 2.6355947455568702 -0.52730179512112252 0.0025954565088709379,0.10215919060476608 -2.2798603929149976 -0.67815768614092775 -0.17587720173651178 0.0091860911909549259 -0.051333504291875443
ur,tetrapga,15.695323694,0.448153047,0.335706904,0.006582904,28.552764,36.286883,3.5690955,1,0,0,2.918397489,0.023025018,1,0,0,0,0 0 0.050000000000000003,0 0 0.050000000000000003,0 0 0.050000000000000003,wrist_3_link,8,0.04,10 0 0,0 0 0,,-0.12039775105637077 -1.5567513445275065 -0.0090723034444632235 -1.5477636732566356 0.058356477858666322 -0.027247465894593544,0.007291647468090968 -0.01439578247719933 0.047489255141932959 0.054510029158090868 0.017710516603032682 0.051657576036804688,-0.14757285154496408 -1.5009989496377685 0.25924979247415675 -1.2904370255441151 0.16775800898963383 0.18911309428269735,0.18410200834188895 0.19739145946469933 0.13536482674702446 -0.020281928534340049 -0.13228645367492509 0.079376556630510478,-0.11928194476478957 -1.5580520206876161 -0.0044029808503213133 -1.5423118267770488 0.059806282979425363 -0.021723451975461196,0.1394757864476493 -0.16258452001370144 0.58366532426773876 0.68148080994834814 0.18122564009487993 0.69050173989154351,-3.7901855933457078 114.31178461926882 82.162293608991078 8.140062629950549 -1.4464679768512438 0.070222325194753077,-0.25892217774696746 -0.026227794652186276 -0.032303800991297038 -0.36864263078769 -0.041827369420772698 -0.15934511732037748
ur,tetrapga,15.731685021,0.446256683,0.343210461,0.009547153,34.025283,41.588538,4.253160375,1,0,0,2.886087832,0.000833562,1,0,0,0,0 0 0.050000000000000003,0 0 0.050000000000000003,0 0 0.050000000000000003,wrist_3_link,8,0.04,10 0 0,0 0 0,,-0.12000327924326096 -1.5575530061883462 -0.0062390421618568493 -1.5445413679802746 0.059428876386040323 -0.024229875786444678,0.0097865109003652234 -0.016297166199087186 0.075445912654184974 0.081438958030462333 0.026997434988947102 0.076148418451791322,-0.14081812087016354 -1.4938358866119203 0.26408325654649512 -1.291277480334398 0.16289119113774406 0.19194298445853328,0.18741231855502294 0.19657838923579496 0.1304755870272559 -0.025941529832881116 -0.13538372894743728 0.076269043370075257,-0.1183002568472209 -1.558889541377565 -0.00026569429122426467 -1.5380190132406146 0.060971227303315723 -0.017474423206089568,0.16779439460054579 -0.13587849244798544 0.63191465185810214 0.67594801725591269 0.16920595257285939 0.68778008435792093,-8.4476401762640503 114.89169867096986 67.249927779950752 5.9717806194522911 -1.099326217731099 0.036297918507885663,-0.4204529610570944 0.85567277014797583 0.064227330075408595 -0.53464054636697256 -0.07081484827733675 -0.23488820239873576
ur,tetrapga,15.773349709,0.442962197,0.350465461,0.011973061,28.52746,35.94617,3.5659325,1,0,0,2.911999107,0.007330528,1,0,0,0,0 0 0.050000000000000003,0 0 0.050000000000000003,0 0 0.050000000000000003,wrist_3_link,8,0.04,10 0 0,0 0 0,,-0.11951208271813979 -1.5583462486273596 -0.0022301853995692102 -1.5402118989173992 0.060875698595679387 -0.020200380069606911,0.010527215471843139 -0.011872455180156321 0.094499344199418453 0.097082266235708023 0.032273858782433044 0.090186510390705465,-0.13293310614019629 -1.485667899319697 0.26940066102554922 -1.2924928127262838 0.15717931431471188 0.19504551020360819,0.19106022831284175 0.1954727081915591 0.12475057488468233 -0.03239014297958593 -0.13877013010821304 0.072648955586201824,-0.11801845685678167 -1.559381300418498 0.0024346536295100111 -1.5350693363685202 0.061976002890270505 -0.014755483837254457,0.18670323266976485 -0.12938147389229482 0.58310487863490268 0.64282031860988686 0.13753803682388971 0.68061202904405682,-3.1581535605357551 118.35328199048804 81.219269033780193 7.7604693436105903 -1.3830718755448035 0.064004877065386059,-0.39939643439618067 0.47486047336042247 -0.33456583170405096 -0.67049142103314807 -0.079159673017045407 -0.27821805380048303
ur,tetrapga,15.809369287,0.446483312,0.335715499,0.024380061,28.514456,35.878349,3.564307,1,0,0,2.907262838,0.099023729,1,0,0,0,0 0 0.050000000000000003,0 0 0.050000000000000003,0 0 0.050000000000000003,wrist_3_link,8,0.04,10 0 0,0 0 0,,-0.11947724554315817 -1.5577097503595136 -0.0022559452742479946 -1.5405866546327673 0.060628643755513516 -0.020451673077537886,2.3736672729086661e-05 0.013791298020271068 -0.012754053685788276 -0.016754762311429406 -0.0086734044355845068 -0.012912042864134615,-0.12599634144596733 -1.4786465416746262 0.2738034414285177 -1.2937593422235012 0.15213031859011736 0.19760518745296826,0.19408616624862732 0.19436770717793014 0.11970012657363753 -0.037928236941829375 -0.14155486875440629 0.06947072814763941,-0.11624973029648558 -1.5600787381321781 0.0078330717436218902 -1.5298837589786256 0.063053180047584922 -0.0093288035554243004,0.2210908200370115 -0.0871797142100285 0.67480226426398493 0.64819717373682795 0.134647144664303 0.67833503522876948,-13.698135368318828 115.96395682099205 53.658686548109344 4.0405947354317124 -0.79146078376559326 0.0058169360196832064,0.91002696060297694 -8.0454202826986148 -3.1793177406204514 -0.18176153499371139 0.092518516018628816 0.039633359378150601
ur,tetrapga,15.845320172,0.448832721,0.334413336,0.007511682,28.554561,35.939404,3.569320125,1,0,0,2.93683584,0.141272361,1,0,0,0,0 0 0.050000000000000003,0 0 0.050000000000000003,0 0 0.050000000000000003,wrist_3_link,8,0.04,10 0 0,0 0 0,,-0.11921330579731879 -1.5577609793140308 -0.0018155090330745196 -1.5400573638093076 0.06065567399068459 -0.01981222839202533,0.0089701527542474097 -0.0058672860901970818 0.018481716863161805 0.02110819163019861 0.0030386261500830697 0.023737046884108749,-0.11896628555410899 -1.4716807319001373 0.27801481212655954 -1.2952216785078916 0.14699334737417749 0.20004505798725797,0.19698580816686057 0.19312764064279009 0.11457001691585701 -0.043416772412148877 -0.14419970738566931 0.066255895859867867,-0.11448828924711926 -1.5603241361675946 0.013489973770527804 -1.5247007051143961 0.064115384382953819 -0.0039209395934237997,0.22018013117079027 -0.030674754427047181 0.70711275336323898 0.64788173302867447 0.13277554192111229 0.67598299525006256,-14.689645067766698 107.03665579588608 46.068319341624651 3.4084943052932144 -0.68100380106318881 0.0036563065712741458,0.076892385947871844 -2.4788550753119125 -1.0637799338057441 -0.25762737427703541 0.023471145016813466 -0.073257767349808489
ur,tetrapga,15.881366168,0.45002641,0.340254777,0.005699102,28.70279,36.170179,3.58784875,1,0,0,3.000326111,0.129958964,1,0,0,0,0 0 0.050000000000000003,0 0 0.050000000000000003,0 0 0.050000000000000003,wrist_3_link,8,0.04,10 0 0,0 0 0,,-0.11888040935200468 -1.5581479732569357 -0.00071178593200159476 -1.5387444914678119 0.060987174498878916 -0.018479218285900084,0.008977300318989332 -0.010427953396457348 0.032907427969303675 0.037656043121896007 0.0099141914623122555 0.037808875013556155,-0.11181518270262197 -1.4647437177703559 0.28205060826913209 -1.296885210071465 0.14174978879121539 0.20237461091635592,0.19977000855525803 0.1917475062377168 0.10934085808330919 -0.048876017593847 -0.14671429689017226 0.062991982013960002,-0.11277979303472715 -1.5601357797243989 0.019323001700202017 -1.5195269210558664 0.065164115872193645 0.0014684160092683163,0.21356202654901291 0.023544555399463693 0.72912849120927659 0.64672300731621368 0.13109143615497915 0.67366945033651449,-13.795371387663351 97.798559461162043 41.44669574877414 3.042591101343211 -0.60992566546739435 0.003087551388118353,-0.17107775179124474 -0.79285593382974184 -0.48036235640069336 -0.31914968874752958 -0.0062236598393639042 -0.11662548866247846
ur,tetrapga,15.91761385,0.449484315,0.343900342,0.008365441,28.692056,36.125084,3.586507,1,0,0,3.097503225,0.058823745,1,0,0,0,0 0 0.050000000000000003,0 0 0.050000000000000003,0 0 0.050000000000000003,wrist_3_link,8,0.04,10 0 0,0 0 0,,-0.11818112238968928 -1.558771105055252 0.0014571407653771536 -1.5363673501544448 0.061547288035614801 -0.016038793646360079,0.020290713931061265 -0.014529441872578711 0.064202209584713496 0.066170765384371416 0.015189691477972654 0.068129603083273121,-0.10452514613885454 -1.4578205409896707 0.28591741241336782 -1.2987556167576868 0.1363880276906396 0.20459785099237274,0.20244331183337294 0.1902224453229911 0.10400033620833765 -0.054316861000919758 -0.14910223125125383 0.059671107356166694,-0.11112687917946143 -1.5595473528054018 0.025306733553777532 -1.5143640820053801 0.066199832894674973 0.0068395359486083723,0.20661423190821618 0.073553364874626187 0.74796648169693947 0.64535488131078567 0.12946462781016588 0.67138999241750696,-12.650905802218652 88.968696747245076 37.458896855387799 2.7292693793667921 -0.54692140975670434 0.0027663712557937669,-0.471073371626062 0.86600996555716847 -0.0693060621051238 -0.46846469358661125 -0.028518497650452446 -0.21011646384187443
ur,tetrapga,15.953809867,0.44757435,0.351157142,0.01067637,28.58501,35.893493,3.57312625,1,0,0,3.172900313,0.065512466,1,0,0,0,0 0 0.050000000000000003,0 0 0.050000000000000003,0 0 0.050000000000000003,wrist_3_link,8,0.04,10 0 0,0 0 0,,-0.11717297341243185 -1.559392042082077 0.0045328543080471609 -1.533230769879929 0.062240435770995112 -0.012791109817138314,0.028151498620137241 -0.012213881261563768 0.089980803697487746 0.087010182512952144 0.018933751051124909 0.090062907542232257,-0.097151129369020636 -1.4509648644523458 0.28958411415649071 -1.3008191965289 0.13095011698191505 0.2066971390487321,0.20498416715180476 0.18856328937914715 0.098589553987448147 -0.059696292710841981 -0.15134393714835062 0.056318549692720384,-0.11478926739902946 -1.5601894957106583 0.0090615448103378675 -1.5286705381215142 0.062620291167180514 -0.0073811849568609419,0.2979632516752988 -0.099681703572651298 0.56608631278633847 0.5700289698018538 0.047481924523174679 0.67624060753467141,-1.6851576631190763 134.32116331368951 87.923559754105455 7.9945756011857041 -1.4283008991956003 0.061924400871029808,-0.63733898579960169 1.6451418243232183 -0.0031429036964851775 -0.59787674381368561 -0.040334358247605451 -0.27775938500312236
ur,tetrapga,15.989770141,0.444307117,0.358071136,0.012661719,28.544452,36.220454,3.5680565,1,0,0,3.146955739,0.01345631,1,0,0,0,0 0 0.050000000000000003,0 0 0.050000000000000003,0 0 0.050000000000000003,wrist_3_link,8,0.04,10 0 0,0 0 0,,-0.11591513482063061 -1.5598502383863047 0.008517348366414235 -1.5293810484518127 0.063063285022366272 -0.0087971270335073827,0.032710525503382042 -0.0053417010290573181 0.10934879702799551 0.10057323015877932 0.021196624288666102 0.10423085952219245,-0.089736390344971648 -1.4442157212222351 0.29303167120431162 -1.303061126649383 0.12546984795590388 0.20866197350243132,0.2073792140095555 0.18678121259496591 0.093141254714540753 -0.064983017890087189 -0.15342786417779816 0.052954097876739679,-0.11336281585698785 -1.5604894523953954 0.013019636084677249 -1.524993318491608 0.06328183981333739 -0.0034600265366372691,0.31903987045534449 -0.079901751136339516 0.56278596478287679 0.54846624502558805 0.027319348871389031 0.66713756210876429,-1.3277842641970139 134.59278672021716 86.733770350720164 7.769693349402738 -1.3889924221053851 0.059038135621951288,-0.67517900382864582 1.5639545495059792 -0.26958492307858251 -0.70905624156694103 -0.041972594966296128 -0.32147063742229598
ur,tetrapga,16.026091814,0.440493627,0.365810331,0.014475471,28.656008,36.251639,3.582001,1,0,0,3.122374194,0.015942762,1,0,0,0,0 0 0.050000000000000003,0 0 0.050000000000000003,0 0 0.050000000000000003,wrist_3_link,8,0.04,10 0 0,0 0 0,,-0.11457567512807694 -1.5600272787521801 0.012949911240341516 -1.5252697067090339 0.063921549269910255 -0.0045290474484981497,0.035822624698178457 0.0032602812148697083 0.12599561074204726 0.1113836026944304 0.022960013070962695 0.11543063812412867,-0.082162100426102558 -1.437466233319481 0.29631372433472919 -1.3055174503177578 0.11986107893202384 0.21052315570111271,0.20966564540537322 0.18484715637365165 0.087568999685976451 -0.070259945896262818 -0.15538613806913282 0.049524065149693722,-0.11186644512298147 -1.5605017944149535 0.017414333804025142 -1.5210689309696375 0.063977511856766187 0.00072616207136856018,0.33865375063693437 -0.059314457846687388 0.55805282046045346 0.52509696742456258 0.0069953233569913058 0.6569011899833388,-0.8640042006767974 134.25212256913568 85.358421299081471 7.5345564610745122 -1.3475379971202213 0.056287304072707905,-0.67832391470545872 1.2335741790911925 -0.62663879818656198 -0.81062635726902954 -0.040502518980218838 -0.35603007634634487
ur,tetrapga,16.062443365,0.443227604,0.336752744,0.051288726,28.542087,35.974689,3.567760875,1,0,0,3.114064972,0.114585653,1,0,0,0,0 0 0.050000000000000003,0 0 0.050000000000000003,0 0 0.050000000000000003,wrist_3_link,8,0.04,10 0 0,0 0 0,,-0.11450512222509408 -1.5589463501109364 0.013535107651378714 -1.5253620972386484 0.063722853156983644 -0.0045096214102176221,-0.0072787940301348875 0.023588382971290411 -0.024752800455716664 -0.031895294471702779 -0.011868411917932 -0.029154070964458708,-0.074500884143947552 -1.4307839592574352 0.29939463668524974 -1.3081664783794449 0.11417918534041119 0.2122605860266682,0.21181862515720493 0.18277795382199369 0.081927035972921849 -0.075473341098500207 -0.15719691726146209 0.046061643994672934,-0.10882954183308995 -1.5605640624258723 0.022621369614345639 -1.5168262056928727 0.06401723812416163 0.0059625632458666696,0.37961291123643998 -0.0077835013648626106 0.65087947629006238 0.53034065959559851 0.0049657834244302874 0.65455014681226364,-15.279206590192345 129.17566725628754 58.899010597063899 4.3889417320442305 -0.85858435906389696 0.0062610241911917539,2.0969347247581709 -16.925279548719118 -7.3028334450634595 -0.4359936092978387 0.1741472748377646 0.089451833837653538
ur,tetrapga,16.098518348,0.446516809,0.338703438,0.017291026,28.545502,35.975463,3.56818775,1,0,0,3.140844445,0.181317332,1,0,0,0,0 0 0.050000000000000003,0 0 0.050000000000000003,0 0 0.050000000000000003,wrist_3_link,8,0.04,10 0 0,0 0 0,,-0.11429519365527804 -1.558849788981344 0.013485374318498049 -1.5253906563472359 0.063546717104838529 -0.0043758177769711052,0.0084546749023890373 -0.0049154896504464678 0.002490525465894693 0.004830453024663341 -0.0030074686837248052 0.0092989588002884132,-0.066823028562066414 -1.4242292545147897 0.30224825271774269 -1.3109814289518 0.10847813368125177 0.21385987336725878,0.21381967216867681 0.18059384505014583 0.076268103065561407 -0.080575499501145342 -0.1588450183929673 0.042598719335517454,-0.10580722052765605 -1.5601209151526634 0.02811096961700451 -1.5125817784075695 0.064045192212748708 0.011179671553285322,0.37779016317923625 0.055393409151127129 0.68620000033235884 0.53055341066289985 0.0034942610733843188 0.65213853842733149,-16.374612866859152 118.89689432063855 50.770982741287128 3.7322608948503171 -0.74667223133737382 0.0040930945032191983,0.41941383734257442 -5.3768822044858098 -2.5936538657041339 -0.30756384766118572 0.07335068426000646 -0.028787367786916818
ur,tetrapga,16.134558275,0.448187373,0.342606944,0.005869804,28.512691,35.917962,3.564086375,1,0,0,3.201446449,0.172060263,1,0,0,0,0 0 0.050000000000000003,0 0 0.050000000000000003,0 0 0.050000000000000003,wrist_3_link,8,0.04,10 0 0,0 0 0,,-0.11366375981993398 -1.5592986949634957 0.014416893494239021 -1.524314209478457 0.063634632196183927 -0.003100310798774813,0.018799911174956722 -0.011863526592023541 0.031590608097645349 0.033390880460999667 0.0033165294620190271 0.038851725528453715,-0.059083006121764883 -1.417761916002829 0.30489424136115034 -1.3139760874392787 0.10272594276194177 0.21533241829190897,0.21568234004420309 0.17828342828900559 0.070559620524894548 -0.085597162189310932 -0.16034212620802241 0.039114851088568513,-0.10284942875273256 -1.5591959305532896 0.033797862712705795 -1.5083425979666369 0.064063403487991971 0.016377851176541378,0.36972397186543587 0.1156230749217186 0.71086163696266069 0.5298975551165761 0.002276409405407619 0.6497724529070068,-15.332345356966586 108.42196821696221 45.623103057028899 3.3295522652530609 -0.66868462517699179 0.0034801844096650496,-0.3897607206262137 0.0397495893867017 -0.51910634104596909 -0.32870900510624779 0.021472468738167549 -0.11978062996328953
ur,tetrapga,16.170545708,0.448163086,0.341802166,0.007952444,28.502762,35.917366,3.56284525,1,0,0,3.294558883,0.099835187,1,0,0,0,0 0 0.050000000000000003,0 0 0.050000000000000003,0 0 0.050000000000000003,wrist_3_link,8,0.04,10 0 0,0 0 0,,-0.11239363576934128 -1.5598160913173511 0.016445263864491914 -1.5223409566600163 0.063742493929039828 -0.00072873447872131767,0.037088848042524547 -0.010326416609658421 0.062537567994317478 0.056426647420395534 0.0026492205148658733 0.06793946112529968,-0.051289745717156526 -1.4113893646534277 0.30733017175876348 -1.3171455491427979 0.096930991659211069 0.21667713371975383,0.21740473370853308 0.17584990899291275 0.064809098246034591 -0.090531928370494563 -0.16168693900758205 0.035614211589486126,-0.099958645647466995 -1.5578273511962699 0.039654276145569579 -1.5041105647616524 0.064072416672660837 0.021557390143584144,0.36134788815819652 0.17107241962746067 0.73205167910797309 0.5290041506230595 0.0011266480836082137 0.64744237088034562,-14.021678853494919 98.418091571760584 41.147158554198981 2.9818650778609967 -0.59904780328520268 0.0031217825132183997,-0.69413184814379747 1.566468343607994 -0.1544121518022763 -0.44533686439172016 0.017551631633665465 -0.20945796057559285
ur,tetrapga,16.206559808,0.44659081,0.344914599,0.009880204,28.589492,36.030356,3.5736865,1,0,0,3.414016421,0.029603194,1,0,0,0,0 0 0.050000000000000003,0 0 0.050000000000000003,0 0 0.050000000000000003,wrist_3_link,8,0.04,10 0 0,0 0 0,,-0.11055515295133944 -1.5601698929254142 0.019518412644414406 -1.5196317700488475 0.063831975297126309 0.0025621157039551886,0.049159112287644795 -0.0028423002417646229 0.087147915717935537 0.072094762637364265 0.0020110409250587674 0.08749765786328724,-0.043431155455237236 -1.4051020166687769 0.30955989250016286 -1.3204936505166778 0.091086014603401183 0.21789636924872863,0.21898939667117492 0.17328978742278153 0.059008528608828457 -0.095386567067391528 -0.16288160219811276 0.032091536589478754,-0.10697174027359954 -1.560498169317097 0.023666507139914 -1.516118438665631 0.063183909573633554 0.007684056149217678,0.44792658471748825 -0.041034548960343441 0.51851181193744922 0.43916642290206498 -0.081008215436594685 0.64024255565781119,1.0688064501164902 149.11830376713652 92.385250452394132 7.8446576705992186 -1.4026893216019838 0.055824159573527571,-0.81801598464613789 1.9214476486631611 -0.25352684331615194 -0.55329142320715619 0.021247699734033176 -0.2697771606738506
ur,tetrapga,16.242664201,0.443783676,0.349130138,0.011815791,28.531448,36.075749,3.566431,1,0,0,3.367900281,0.025650593,1,0,0,0,0 0 0.050000000000000003,0 0 0.050000000000000003,0 0 0.050000000000000003,wrist_3_link,8,0.04,10 0 0,0 0 0,,-0.10832339557142018 -1.5601859773048861 0.023454072038712571 -1.5163920014147856 0.063900455354915578 0.00651173708408087,0.056312525431917976 0.0083644918032469481 0.1062713495732544 0.082403889021938431 0.001452983915332203 0.10017499685820082,-0.035498114825550174 -1.3988936859100141 0.31158475544184444 -1.3240240601851938 0.085185946841062662 0.21899100260749121,0.22043714946216128 0.17059975397671706 0.053152087012102618 -0.10016513301167493 -0.16392665879179885 0.028542944899157707,-0.10458627622738306 -1.5603309256364644 0.027565649458098206 -1.5130595720924798 0.06310667002162039 0.011540723240140219,0.46713991800463983 -0.018118541447279327 0.5139471774232045 0.41655366528822646 -0.099223166661899106 0.62862326950741887,1.4768114077074941 147.8350195910518 90.454313482013589 7.5731683850071239 -1.3542264286878991 0.052897804018056112,-0.78336769669095929 1.2090247076375817 -0.77760344739549225 -0.6616843003394024 0.031708592475695241 -0.30890363251106834
ur,tetrapga,16.27883621,0.440516777,0.355875989,0.013378162,28.521488,35.951016,3.565186,1,0,0,3.335745858,0.015169632,1,0,0,0,0 0 0.050000000000000003,0 0 0.050000000000000003,0 0 0.050000000000000003,wrist_3_link,8,0.04,10 0 0,0 0 0,,-0.10601247569592707 -1.5598167742095799 0.02775023786724206 -1.5130260035694805 0.063948254620361258 0.010617945117201232,0.062113296824941586 0.019395623659146325 0.12302595996413397 0.091321597832850057 0.001023538365489353 0.11107308987101705,-0.027500375233792649 -1.3927733355589584 0.31340069369593326 -1.3277324310922138 0.079239772288756921 0.21995893311285769,0.22174494899894831 0.16778261554903828 0.047247887383123917 -0.10485999028287314 -0.16481976491966949 0.024973015823427203,-0.1021404220683419 -1.5597857791458176 0.031813598431720928 -1.5098857458005541 0.06301086354834419 0.015547402789559302,0.48400670344814817 0.0038743829702848256 0.50792007055985877 0.3925322211158021 -0.11717388400213395 0.61618220904475873,1.9318082851777199 146.12362435629132 88.378911771929495 7.2932498302566362 -1.3046153764903761 0.050019390525020024,-0.79976639634566027 0.85383221464780945 -1.1337090622751305 -0.74917708410794148 0.039293728694019592 -0.3425255391073847
ur,tetrapga,16.314882992,0.443451203,0.339352538,0.058640828,28.631097,35.920976,3.578887125,1,0,0,3.318694937,0.132191859,1,0,0,0,0 0 0.050000000000000003,0 0 0.050000000000000003,0 0 0.050000000000000003,wrist_3_link,8,0.04,10 0 0,0 0 0,,-0.1060866680544795 -1.5585378160313268 0.028196688118490614 -1.5133312508463002 0.063726832431080294 0.010381445155607193,-0.013833057240752617 0.021605024626564329 -0.021362332707018466 -0.026201288437173002 -0.0063251868798770332 -0.027385226555490073,-0.0194858433998354 -1.3867777098555689 0.31499729606911064 -1.3315951808233972 0.073284818996915829 0.22079482399342557,0.22290506067536506 0.16485569722961926 0.041332212292100719 -0.109442377065577 -0.16555599415993219 0.021403279256631193,-0.097882693322927511 -1.5592854219507004 0.036631773244904846 -1.5067033673140715 0.062063524267577407 0.020458343607244456,0.53221609317679797 0.062544649389655024 0.60227185164799002 0.39779731081032715 -0.11841741009584789 0.6138676022106444,-16.332151099793013 138.86903216938444 62.745518082194302 4.6386448658810684 -0.90612198659665255 0.0066384337195945359,2.3552570465877238 -19.351473136975073 -8.7271923132522176 -0.608203728144872 0.18505150723517261 0.083920084972794129
ur,tetrapga,16.35087637,0.4467789,0.337569032,0.022756901,28.601957,35.960863,3.575244625,1,0,0,3.336922098,0.202667028,1,0,0,0,0 0 0.050000000000000003,0 0 0.050000000000000003,0 0 0.050000000000000003,wrist_3_link,8,0.04,10 0 0,0 0 0,,-0.10584318140207812 -1.5584548791164496 0.028180366980766227 -1.5133608032440728 0.063537474405636687 0.010531513476769526,0.011623510787833928 -0.0050077421314801808 0.0033175421332683479 0.0041128069109054761 -0.004784217811204001 0.010247525188690794,-0.011444042446466782 -1.3808983508471009 0.31637826405158698 -1.335615237777215 0.067314972309866897 0.22150090346734211,0.22391986275562489 0.16181615151178236 0.035398231531092575 -0.11391829309315119 -0.16613757542310159 0.017829170963878069,-0.093643860037470772 -1.5582397040162279 0.04175293297738112 -1.5035145924108255 0.061107976146493062 0.025349990792708221,0.52985416068209201 0.13071474180907439 0.64014496655953412 0.39859686290574553 -0.11944351513554324 0.61145589818297041,-17.604576519184157 127.55759163192579 54.162782932761225 3.9626872235610109 -0.79375883591621621 0.0044409974744148914,0.45647678495771515 -6.4196489828000267 -3.4135351806670968 -0.39334779485943727 0.097092207497510685 -0.031722441922372724
ur,tetrapga,16.386932957,0.44868276,0.338752518,0.006300527,28.518874,35.829683,3.56485925,1,0,0,3.389387594,0.193931895,1,0,0,0,0 0 0.050000000000000003,0 0 0.050000000000000003,0 0 0.050000000000000003,wrist_3_link,8,0.04,10 0 0,0 0 0,,-0.10487194627335227 -1.5588412011681723 0.029070911580589703 -1.5124840388133829 0.063377774023989433 0.011805009261171907,0.028361425654862802 -0.0088347177705858076 0.030304230496494715 0.026982068609256952 -0.0039510983800837866 0.037997854780123526,-0.0033541023050463847 -1.3751204374803168 0.31754709279155713 -1.3398020264446591 0.061316429229263746 0.22207910224235691,0.22479168924002077 0.1586562719021824 0.029431453902668461 -0.11829844282227171 -0.16656610013044554 0.014241573584572226,-0.089479473033239443 -1.5566760586477462 0.047088327461557278 -1.5003266777389495 0.060146755219839532 0.030222818334133667,0.52054837552891642 0.19545567106021705 0.66692431052202006 0.39848933398451536 -0.12015261583169096 0.60910344267818073,-16.454069269862327 116.13496683391618 48.606947147021756 3.532492298402075 -0.71076250514044359 0.0037879599961266955,-0.49395434491043488 -0.12417372699110274 -0.94507901349673773 -0.34810479384850623 0.055621532549807284 -0.11711114458341143
ur,tetrapga,16.42285936,0.449004165,0.333629181,0.007624582,28.599064,35.93212,3.574883,1,0,0,3.473935886,0.12105816,1,0,0,0,0 0 0.050000000000000003,0 0 0.050000000000000003,0 0 0.050000000000000003,wrist_3_link,8,0.04,10 0 0,0 0 0,,-0.10303871913230317 -1.559144917831407 0.030965729301459667 -1.5109513226153479 0.063040027505096866 0.014073691605621805,0.053227349543696831 -0.0034539963999225317 0.058829472376245806 0.043714502433894457 -0.010116635047221753 0.064825718283185049,0.0047352901674940209 -1.369478728710531 0.31849739388808634 -1.3441288675045717 0.055326936530298479 0.22252646429411685,0.22551547882497383 0.15539559156641655 0.023468680625990772 -0.12255598135280135 -0.16683961924004367 0.010662206047816421,-0.085392239287728045 -1.5546361637718396 0.052608093838586049 -1.4971417223436894 0.05918040704814561 0.035077115128689072,0.51090421818892462 0.25498685948832506 0.68997079712859621 0.39811942440750214 -0.12079352146173995 0.60678709931942543,-15.006332365105425 105.22987032659974 43.761803648279816 3.1598298309337745 -0.63635980663865721 0.003399457265712412,-0.79912450312059491 1.2476420543962377 -0.62431051328795206 -0.42697660136218474 0.068738044828577927 -0.19980764721470479
ur,tetrapga,16.458899669,0.447829856,0.334221861,0.009091796,34.132201,41.534782,4.266525125,1,0,0,3.331285221,0.009866326,1,0,0,0,0 0 0.050000000000000003,0 0 0.050000000000000003,0 0 0.050000000000000003,wrist_3_link,8,0.04,10 0 0,0 0 0,,-0.10042743088954649 -1.5591586790146388 0.033834411745886563 -1.5088789775521581 0.06251026211867472 0.017192880924305369,0.069730429899270849 0.0069640507992333213 0.081911930888026396 0.055122796248337401 -0.014453212474264128 0.082822276384618657,0.012873830984933464 -1.3639388254962856 0.31923522191109038 -1.348621131632824 0.049311350318442915 0.22284599045050243,0.22609555963978553 0.15201439222359162 0.017474176426706341 -0.12671635388194591 -0.16696016536545358 0.0070692198986314859,-0.08855324433428155 -1.5555847730521641 0.047882631950186355 -1.5002284482307626 0.059562224139528011 0.030904396579887729,0.54457384429446476 0.16408104263434373 0.58267239474375643 0.34773771464513897 -0.16038880548526935 0.59617481917381276,-4.6555299473594829 126.33987851916388 66.326342591119626 5.1133803544106602 -0.94525952218981601 0.02564905432744892,-0.92196407604023989 1.4687645138183143 -0.76031748467514149 -0.50914058831131115 0.083795022987928292 -0.25530340008489105
ur,tetrapga,16.500545945,0.445337682,0.336200553,0.011920324,28.5983,36.052706,3.5747875,1,0,0,3.418634513,0.129311726,1,0,0,0,0 0 0.050000000000000003,0 0 0.050000000000000003,0 0 0.050000000000000003,wrist_3_link,8,0.04,10 0 0,0 0 0,,-0.096965159264261913 -1.5586464517594285 0.037908923836456707 -1.5061748854871706 0.061767507214162486 0.021285903133030123,0.076284321551700673 0.021951173849401144 0.097510535333135126 0.060286805860386067 -0.016755114999711822 0.090740315411527744,0.022300700560340534 -1.3576916526816654 0.31981853765706925 -1.353996073328477 0.042358458212931528 0.22305394319116117,0.22658298554574466 0.14797302897543563 0.010537509327534264 -0.13138129481354135 -0.16690785913991885 0.0029177608890469204,-0.084001268484152417 -1.5538144523500663 0.0530124333155347 -1.4974270260278451 0.05826361052183833 0.035659820903738801,0.5689969812661424 0.22129008776223016 0.64122517066854301 0.35017777536470168 -0.16232670221121029 0.5944280404813842,-14.771087205860168 117.15685000780387 51.103059419570982 3.7205488164023564 -0.7344098243789976 0.0049602976700424788,-0.71817394192134998 -0.4976002476469148 -1.7880485612488712 -0.62230544807698607 0.10707218217139314 -0.27978522392016458
ur,tetrapga,16.536668271,0.442318797,0.341923369,0.015023975,33.995752,41.400935,4.249469,1,0,0,3.332885317,0.015047359,1,0,0,0,0 0 0.050000000000000003,0 0 0.050000000000000003,0 0 0.050000000000000003,wrist_3_link,8,0.04,10 0 0,0 0 0,,-0.093668429285861915 -1.5577371909186408 0.042004165552291563 -1.5036009371508012 0.061032547691009208 0.02518975155265352,0.084130676839433871 0.034954401596834633 0.11321384590321346 0.066626207768900672 -0.019145551162480103 0.10039073862848692,0.030490609298790144 -1.3524115720815473 0.32009045662322644 -1.3588130078251717 0.036332711209265053 0.22309434888757959,0.22684642583453482 0.14435405462907977 0.0045179212036664355 -0.1352998829090819 -0.16669656075084885 -0.00067988295295129473,-0.08411220017851552 -1.5543875843689516 0.051945360313107092 -1.4981235040109748 0.058072294375943356 0.035027041931475641,0.5903310883114562 0.1735296581752574 0.55463260989924423 0.29880969729353379 -0.19697309131005128 0.5752819629099355,-4.8041587338082135 129.24579515344635 66.350765504342633 5.0008759958927937 -0.92837325950224503 0.023062305427335686,-0.70655142629362899 -1.1549879327430972 -2.2535962416768882 -0.69986029080428125 0.12180833704489658 -0.30956184838376544
ur,tetrapga,16.578145655,0.441811473,0.324202937,0.043256665,28.577658,36.211524,3.57220725,1,0,0,3.40795762,0.12571347,1,0,0,0,0 0 0.050000000000000003,0 0 0.050000000000000003,0 0 0.050000000000000003,wrist_3_link,8,0.04,10 0 0,0 0 0,,-0.091787762697658717 -1.556120244045855 0.044911307593565479 -1.5021984042755538 0.060480939133808517 0.027402363251971387,0.030168629490713299 0.031886702153571256 0.048089037572878753 0.02183543235390872 -0.0099962455717696515 0.035559182110150758,0.039902759794583874 -1.346512487488819 0.32013454429142013 -1.3645156476500946 0.029426834822500466 0.22298059126777764,0.22696587035009683 0.1400719421746601 -0.0023909449506917964 -0.13964878492874092 -0.1662645637242447 -0.004803867350660811,-0.079198351740546957 -1.5525243495810688 0.056840491422372873 -1.4957129687157553 0.056486726445085331 0.039612945850630174,0.61423105474607131 0.23290434848535632 0.61189138865822235 0.30131691190244603 -0.19819599135725324 0.57323798989431685,-15.127874747200163 119.42330208966355 51.875260480626949 3.7701350058524121 -0.74462297054358462 0.0049867921392654727,0.99494965343984632 -12.060061407466492 -6.4884997071035002 -0.75434023086836532 0.16324863927258093 -0.10995716431223457
ur,tetrapga,16.61445935,0.441209325,0.325316356,0.026777532,34.150418,41.69722,4.26880225,1,0,0,3.354995276,0.036400697,1,0,0,0,0 0 0.050000000000000003,0 0 0.050000000000000003,0 0 0.050000000000000003,wrist_3_link,8,0.04,10 0 0,0 0 0,,-0.089583774062103896 -1.5552166581014526 0.047433006331446474 -1.5007943813095437 0.059833272525712307 0.029775101462859468,0.05576166674425246 0.027417263524511293 0.067543733512919632 0.035547804881901603 -0.016419699801426057 0.059750595225957041,0.048144160755910791 -1.3414956890128722 0.31993801185192489 -1.3696538669654776 0.023398558609803843 0.22274072180865256,0.22690950429805878 0.1362148930157224 -0.0084314796659342491 -0.14332052753457791 -0.1657209456683007 -0.008405471627614609,-0.079349981715018378 -1.5524259982447439 0.056300248647188605 -1.4962463446577834 0.056311928328655947 0.039124505801347589,0.63013514828838035 0.18056319956459282 0.52043747128486662 0.25091629435825502 -0.23100889459285984 0.55381026807534584,-3.6334315965766333 131.699282039183 67.845666680350931 5.0626279163264298 -0.93717467264256349 0.023496057861249246,-0.0073083962537339175 -5.7913257182344751 -4.0166297489332408 -0.65269363577590411 0.14402280845771998 -0.18433978409289864
ur,tetrapga,16.656264233,0.441957164,0.324430528,0.036512778,28.5555,36.140898,3.5694375,1,0,0,3.423018464,0.149400543,1,0,0,0,0 0 0.050000000000000003,0 0 0.050000000000000003,0 0 0.050000000000000003,wrist_3_link,8,0.04,10 0 0,0 0 0,,-0.087826808178864235 -1.5542334420581136 0.049473987195028143 -1.4998253128877876 0.059239280272353603 0.03154253342118913,0.035887151013501942 0.019525263729411092 0.040260005690347385 0.018907984224898415 -0.01244491522779927 0.035380699316286041,0.057625531327747045 -1.3358961395778068 0.31944044565048429 -1.3757309595441287 0.016486960758079313 0.22230289652176657,0.22665837150090112 0.13165359020734083 -0.015369288014498357 -0.14738640975313702 -0.16490510799090097 -0.012537910308372171,-0.074091162872484073 -1.5504973506163895 0.060941823386183605 -1.4942169030356822 0.054455732745614924 0.043538971892050825,0.65735235531678859 0.24108095354429046 0.58019684237437452 0.25368020276264414 -0.23202444788012822 0.55180826133790428,-15.266679230990043 121.62378087800055 52.880120358536708 3.8390375065386371 -0.75723690021599888 0.0051539767912028873,0.57455350954728601 -9.5524928952027039 -5.4769167192053203 -0.66629250524511008 0.15626600112695144 -0.10929730553786499
ur,tetrapga,16.6925137,0.441564473,0.322927408,0.02235688,34.016218,41.346276,4.25202725,1,0,0,3.380438563,0.06204589,1,0,0,0,0 0 0.050000000000000003,0 0 0.050000000000000003,0 0 0.050000000000000003,wrist_3_link,8,0.04,10 0 0,0 0 0,,-0.085312520211266368 -1.5535969539041363 0.051780110733174935 -1.4985893359126836 0.058421885244425542 0.033911020439246459,0.061736582529398593 0.020473848727363676 0.06050814663017328 0.030425652701943046 -0.020084513625627128 0.057894189289615816,0.065835357326604949 -1.3311970135163027 0.31877457188866049 -1.3811353546524725 0.010524566150683819 0.22178367990168174,0.22627922763647215 0.12759690541460506 -0.021365654401000061 -0.15076912311815113 -0.16403423266432568 -0.016106432123243045,-0.074337082855366943 -1.5505286273279482 0.060283982427846085 -1.4947693679201266 0.054332860412054193 0.04298149492246689,0.67059483581353496 0.18981561653935225 0.49037692102085217 0.20421894425704026 -0.2632435728707555 0.53206234460228041,-3.2202295583413978 133.49999332258645 68.034264350422774 4.994252264307911 -0.92540287630962248 0.022126475184717654,-0.30961177544702423 -4.1109332617334076 -3.3535319420258247 -0.5764737880881512 0.14595322539426547 -0.17853101344478262
ur,tetrapga,16.733934924,0.442389258,0.322621915,0.031271086,28.587253,36.023153,3.573406625,1,0,0,3.439338394,0.15066319,1,0,0,0,0 0 0.050000000000000003,0 0 0.050000000000000003,0 0 0.050000000000000003,wrist_3_link,8,0.04,10 0 0,0 0 0,,-0.083360620214519537 -1.5527361079335964 0.053693039371545438 -1.4977440185912279 0.057714446235215981 0.035659163290989761,0.039568186995134216 0.019961068026506604 0.039529036625125386 0.01668294068214889 -0.014781964800076297 0.035185665003952905,0.075196024226847499 -1.3260097009887215 0.31774815032784098 -1.3874576262269964 0.0037538176432047824 0.22103241791689804,0.22566261703944096 0.12285004358909694 -0.028188878488804706 -0.15446828101553153 -0.16285486487862935 -0.02016396391557088,-0.068745927490647923 -1.5485146749818182 0.064683709528107036 -1.4931127437497564 0.052220002559377789 0.047222011636872126,0.69889442058987705 0.25174404326625882 0.54996588753261855 0.20707802129627001 -0.26410723158455057 0.53006458930065459,-15.417784775415514 123.01132797923677 53.379714790117163 3.8698578183428962 -0.76324370886031345 0.0052095413678295722,0.23247098336287308 -7.5328255920530864 -4.6906629216735212 -0.59753077139612287 0.15189761330027807 -0.10860583095994514
ur,tetrapga,16.770058176,0.441944167,0.319544037,0.022237556,34.106917,41.487616,4.263364625,1,0,0,3.393427576,0.061927273,1,0,0,0,0 0 0.050000000000000003,0 0 0.050000000000000003,0 0 0.050000000000000003,wrist_3_link,8,0.04,10 0 0,0 0 0,,-0.080650121263996413 -1.5519891251228308 0.055949646904399103 -1.4966806853598258 0.056748544338834965 0.037972834465983762,0.066387720793959604 0.024293956047006317 0.059838301327605793 0.026238415759953927 -0.023718228489967304 0.056515322567407107,0.083335546496430782 -1.3216481604954411 0.3166228552419898 -1.3930935418047472 -0.0021080261479900424 0.22024042304598618,0.22496544999623119 0.11861676562407318 -0.034109069757847742 -0.15754667028385774 -0.16166744054186291 -0.023682256396373346,-0.069033875510149473 -1.5486114264126729 0.064016939694720706 -1.4936304116586778 0.052136061224944491 0.046673590841220094,0.70801860839658837 0.20505920495647684 0.46253268480845461 0.15828786201415782 -0.29352652802023493 0.50952097372401906,-2.6309835985079832 133.55804261732118 67.389725928943605 4.8632354430621945 -0.90124145584867088 0.020609802893900745,-0.40833103102011137 -3.8926958586307592 -3.3356333914047696 -0.55278294958043261 0.15726734230071315 -0.17424699619488138
ur,tetrapga,16.811651611,0.442731927,0.320333305,0.03364348,28.595348,36.054744,3.5744185,1,0,0,3.446279267,0.14676942,1,0,0,0,0 0 0.050000000000000003,0 0 0.050000000000000003,0 0 0.050000000000000003,wrist_3_link,8,0.04,10 0 0,0 0 0,,-0.078579651943742931 -1.5509888887436467 0.057836118180179787 -1.4959751244112152 0.055936678135691829 0.039656293049778711,0.041823909094263215 0.022922409836323668 0.038953970255697648 0.013801052114109848 -0.016856093439949905 0.033762768775824771,0.092672801047611525 -1.3168176316643114 0.31506307340594536 -1.3997172012549579 -0.008800794055444084 0.21917159771338623,0.2239791772217917 0.11363871693173358 -0.040884341559429098 -0.16091748652102994 -0.16011887017111501 -0.027706648148438286,-0.063135140022138297 -1.5464707844365944 0.068187796211866589 -1.4923407445972288 0.04978236215608401 0.050733686412233518,0.7373419360013963 0.26758024700981442 0.52135706464323583 0.16120838268112636 -0.29421238360756036 0.50751194637667807,-15.343494071067013 122.76265780515267 53.173884690535083 3.8483404661460949 -0.75877849790139051 0.005202710978280338,0.2608521558623238 -8.1885297338340024 -5.0465220380928884 -0.61018334268737817 0.16424180445825698 -0.10422036876371976
ur,tetrapga,16.847781625,0.442472816,0.315911217,0.023838509,34.271316,41.659478,4.2839145,1,0,0,3.397653914,0.063337658,1,0,0,0,0 0 0.050000000000000003,0 0 0.050000000000000003,0 0 0.050000000000000003,wrist_3_link,8,0.04,10 0 0,0 0 0,,-0.075850307320504837 -1.550173977849836 0.059896917032643111 -1.4951477098801975 0.054889228706601824 0.041769181954813252,0.071880054724613632 0.026877273839059017 0.058479451467881451 0.021936199837189634 -0.027560294863517798 0.055364804870034173,0.1007472678841997 -1.3127913051748905 0.31348022588259394 -1.4055817068289125 -0.014559211527682353 0.21810779624628346,0.22296350935516915 0.10922805095273069 -0.046728365873412649 -0.16369196171200107 -0.15861804685107278 -0.031176529540165053,-0.063547481962382843 -1.5465486815373917 0.067519535445191639 -1.4928415501547732 0.049760014672192529 0.050140720897652091,0.74315521361734005 0.22171245072795037 0.4346473528670981 0.11283463549249308 -0.32197259489379837 0.48616083926608833,-1.9347505865411758 132.66596759155186 66.315141959633308 4.7018799685890107 -0.87103023180240868 0.019031018420162631,-0.42676574999148897 -4.2942653047894055 -3.5757763462646039 -0.54710004086064146 0.17303815620913099 -0.17068784631929645
ur,tetrapga,16.889522329,0.443046996,0.31814898,0.035921948,28.556406,36.085338,3.56955075,1,0,0,3.444794203,0.143989508,1,0,0,0,0 0 0.050000000000000003,0 0 0.050000000000000003,0 0 0.050000000000000003,wrist_3_link,8,0.04,10 0 0,0 0 0,,-0.073521069016382307 -1.5490473768430435 0.061826960843355226 -1.4945425852276384 0.053926701651995153 0.043490313240800771,0.044219526245636645 0.024084812515711432 0.037336353715064226 0.010896240986821504 -0.018781034359961542 0.032321756043544023,0.11002629046986438 -1.3083400441272461 0.31138976146455194 -1.4124781272399389 -0.021140802913876051 0.21672336653636776,0.2216068976959939 0.10403679613405713 -0.053425717448932694 -0.16671651147361738 -0.15670645602258854 -0.035152008976584381,-0.057359172418082714 -1.5442735997190138 0.071458969813249673 -1.4919153092432746 0.047180223842580221 0.054014043071332174,0.77353869303751588 0.28438522729722177 0.49242929600725421 0.11578011393730163 -0.32247385370153864 0.48416527171001006,-15.144205771606014 121.63113061291574 52.594055300390835 3.7994489790435271 -0.74879153764017814 0.0051644825185698622,0.28522321353256075 -8.8335313718025645 -5.3882921457532973 -0.6210940513665264 0.17578663268980677 -0.099778237877515608
ur,tetrapga,16.925723372,0.442672217,0.31249846,0.026673406,34.113055,41.481988,4.264131875,1,0,0,3.391596856,0.060311062,1,0,0,0,0 0 0.050000000000000003,0 0 0.050000000000000003,0 0 0.050000000000000003,wrist_3_link,8,0.04,10 0 0,0 0 0,,-0.070554316048242527 -1.548144919205622 0.063836290686147101 -1.4938796651192741 0.05272494551490059 0.045572063120477582,0.074918567120306936 0.028909504852042214 0.055312508194030399 0.016986940976376454 -0.030369422051397778 0.052408080585430603,0.11802497201386694 -1.3046565154558274 0.3093513503587102 -1.4185584858794353 -0.026781402025413709 0.21538889760704413,0.22027203862060674 0.099455252506572528 -0.059181912550769662 -0.16918038678325897 -0.15489652546839913 -0.038568330768282089,-0.057751813061421797 -1.5443041102603887 0.07089233001769335 -1.4923563445133234 0.047165203939041757 0.053485998820094152,0.77561639646760372 0.23814365024115819 0.40558747099936976 0.067642833493881005 -0.34842259246233087 0.46161821552365945,-1.1223728480322812 131.09988091116531 64.957114203141828 4.5211709743487347 -0.83676421335173679 0.01744820115604084,-0.37439620737040968 -5.1659143547949498 -4.0010108507028974 -0.55119799935528135 0.18848232298537937 -0.16157494657588245
ur,tetrapga,16.967312812,0.443402704,0.315818554,0.037548327,28.566562,35.868975,3.57082025,1,0,0,3.43213389,0.143939004,1,0,0,0,0 0 0.050000000000000003,0 0 0.050000000000000003,0 0 0.050000000000000003,wrist_3_link,8,0.04,10 0 0,0 0 0,,-0.068244667985112348 -1.5470141997896083 0.065577472585879273 -1.4934538337618373 0.051725386616574789 0.047120058176312964,0.046326630675281824 0.025354283919883046 0.035553571497941465 0.0079046617828279868 -0.020575048625998512 0.030670627230093242,0.12715098753356829 -1.3006311621368061 0.30675361353889102 -1.4256503042608935 -0.033177287267053213 0.21370391378476328,0.21855805390132765 0.094105514840081325 -0.065728659627229388 -0.17182577044844174 -0.15264573161152259 -0.042453789895526825,-0.051294211898181181 -1.5418989029182366 0.074589946986315436 -1.4917915890746172 0.044375441755118018 0.057163184247808127,0.80720014540507701 0.30065091776902608 0.46220212107776004 0.070594429838292089 -0.34872027299046765 0.45964817846424638,-14.851463211802123 119.87734895067808 51.755912377501154 3.7317472076116425 -0.73494055820363036 0.0051068332689740746,0.2819776589520302 -9.2725398481379671 -5.6322491029770276 -0.62331109935894347 0.18524109144716761 -0.094680790538845372
ur,tetrapga,17.003277255,0.442869615,0.309013893,0.028178505,33.942272,41.298746,4.242784,1,0,0,3.37584577,0.061767237,1,0,0,0,0 0 0.050000000000000003,0 0 0.050000000000000003,0 0 0.050000000000000003,wrist_3_link,8,0.04,10 0 0,0 0 0,,-0.065072078775422412 -1.5460005700853863 0.067521024312502217 -1.4929695162791532 0.050379108144724738 0.049144077728739931,0.077876830582211592 0.030383913712015431 0.051817303121185827 0.012108904314563306 -0.032989496826248167 0.049446696453606991,0.13498230227567978 -1.2973309761610301 0.30428885422309793 -1.4318686033682759 -0.038629893059295088 0.21211721922661031,0.21692132694702568 0.089408835162447589 -0.07132777326232341 -0.17395169640893277 -0.15055405371597361 -0.045777202800492654,-0.051738350490782459 -1.5419206244825936 0.074059088024108266 -1.4921965971824886 0.044394992879530068 0.056642651043542047,0.80559935575241737 0.2536390024022398 0.37545029683742959 0.022994436799581346 -0.37278525879891405 0.43612750690850238,-0.2656579688962708 129.01712505838955 63.361840143916652 4.3251667924777104 -0.79934394515875984 0.015836722239442241,-0.38343087065771897 -5.5959803612222458 -4.226775675838212 -0.5399201123000239 0.20008418713773324 -0.1524321954348693
ur,tetrapga,17.044640483,0.443552194,0.313562859,0.038559091,28.637434,36.174761,3.57967925,1,0,0,3.40938543,0.142850358,1,0,0,0,0 0 0.050000000000000003,0 0 0.050000000000000003,0 0 0.050000000000000003,wrist_3_link,8,0.04,10 0 0,0 0 0,,-0.062664615141646202 -1.544822286639612 0.069159620027509777 -1.4926933486893885 0.049296105411953485 0.050605464736541136,0.048554818668896174 0.026426885388643712 0.033905785506023092 0.0051420999012296003 -0.022267808510880019 0.029247776672478635,0.14391294530009668 -1.2937457567438466 0.30120662902564582 -1.4391111909153262 -0.0448047584915598 0.21014543376582703,0.21486300682071388 0.083930970869550883 -0.077690073805315188 -0.1762091906612091 -0.14798495907664638 -0.049554538693514373,-0.045031166313928526 -1.5393946096324989 0.077504925657138887 -1.4919890191838368 0.041411875413154921 0.060116128584586516,0.83839802210674141 0.31575185626182917 0.4307297041288275 0.025947249831478458 -0.37288968329689354 0.43418469263055892,-14.492680523657969 117.64848505742566 50.71798216262431 3.6497829939477668 -0.71819436691804506 0.0050318506369193654,0.24805243383337938 -9.50838364505762 -5.7838636515263602 -0.61922251785927074 0.19277014987767416 -0.090280144690154884
ur,tetrapga,17.080884613,0.442974632,0.305727629,0.029578944,34.007753,41.294182,4.250969125,1,0,0,3.351238873,0.061018947,1,0,0,0,0 0 0.050000000000000003,0 0 0.050000000000000003,0 0 0.050000000000000003,wrist_3_link,8,0.04,10 0 0,0 0 0,,-0.059350975678705939 -1.5437319625084158 0.070990101832254154 -1.4923951116474343 0.047838998677110917 0.052530888566674587,0.081352082005668319 0.032337271958387488 0.049040123832085149 0.0075717179249495479 -0.03569241198145693 0.04703347453696418,0.15166543380858694 -1.2907917055797316 0.29829090049221213 -1.4455310403009907 -0.050125389404226582 0.2082900315667631,0.21290599377736358 0.079068086877170776 -0.083191996964394388 -0.17802070032098102 -0.14559294447449653 -0.052822299619102689,-0.045526638671691058 -1.5394157013600891 0.077003441275600229 -1.4923601428110032 0.041465155110699196 0.059601330637067837,0.83305404057827148 0.26844808879603171 0.34449094136296432 -0.021009674420943571 -0.3950352418042149 0.40972775767966052,0.62027591331127852 126.37258037919844 61.488296879769933 4.1103416888470194 -0.75815156513123771 0.01416313184241549,-0.40051638978215465 -5.9950976827512932 -4.4368415359139135 -0.52865510861192888 0.21146936714603726 -0.14497872076270824
ur,tetrapga,17.122278115,0.443581629,0.311337105,0.039975401,28.557805,36.147016,3.569725625,1,0,0,3.378764337,0.139258779,1,0,0,0,0 0 0.050000000000000003,0 0 0.050000000000000003,0 0 0.050000000000000003,wrist_3_link,8,0.04,10 0 0,0 0 0,,-0.05684410618919325 -1.5424899344963239 0.072546739697388923 -1.4922565779925792 0.046677789394651045 0.053915735828161636,0.050510831960020326 0.027823366041786788 0.032314817238772608 0.0023724042812765475 -0.02382584694986882 0.027687980020439918,0.16042914184569712 -1.2876348957895531 0.29471875104460549 -1.4529394929839612 -0.05609276615796558 0.206027155147255,0.21049729289387481 0.073447238018048422 -0.089386339678582921 -0.1798974653753353 -0.14270373013041054 -0.056503228201070545,-0.03859044805271785 -1.5367763121957034 0.080189081255369721 -1.4925046862006277 0.038305596159136743 0.062863834053425355,0.86702382737165129 0.32992364554821124 0.39820499747118598 -0.018067923703058174 -0.3949448689453065 0.40781292704469041,-14.065053747223056 114.89872985834259 49.457302922886186 3.5518229300345014 -0.6982212200995892 0.0049360071100940667,0.23541761469772382 -9.9024051521382717 -5.9963101331927078 -0.61892417819763068 0.20065323048835637 -0.085462540660898867
ur,tetrapga,17.158501173,0.443007112,0.302518055,0.03125577,34.000712,41.330649,4.250089,1,0,0,3.318043104,0.059524707,1,0,0,0,0 0 0.050000000000000003,0 0 0.050000000000000003,0 0 0.050000000000000003,wrist_3_link,8,0.04,10 0 0,0 0 0,,-0.053473399700119356 -1.5413570816628699 0.074216826034962782 -1.4921467837085949 0.045151849418930357 0.055697742257703568,0.085216458272005621 0.034760650377680793 0.046642498974449609 0.0030910546903825135 -0.038516708533113071 0.044861518537598649,0.16801351875067866 -1.2850643388888165 0.29138399036406143 -1.4594830858168464 -0.061214077915905218 0.20392281355270186,0.20823905192165379 0.068473926327433071 -0.094724009747811672 -0.18137042258296968 -0.14004090002826103 -0.059677191832274837,-0.03916831746553194 -1.5368058535557765 0.079705582205203088 -1.492839683322541 0.038407418486356662 0.062340946446592896,0.85795080136083346 0.28260542168876801 0.31282857000460496 -0.064243545991219869 -0.41516303783461128 0.38251978637855338,1.5387112203978699 123.16255395038453 59.348082648696291 3.8782523419335453 -0.71341733984679234 0.012451694150353684,-0.40521254256083239 -6.5026582333948681 -4.6883655131068167 -0.52000040900566091 0.22366180418298143 -0.1382726890632
ur,tetrapga,17.199901259,0.443476742,0.308972721,0.041650489,28.594629,35.917407,3.574328625,1,0,0,3.339612947,0.134438384,1,0,0,0,0 0 0.050000000000000003,0 0 0.050000000000000003,0 0 0.050000000000000003,wrist_3_link,8,0.04,10 0 0,0 0 0,,-0.050847057510823024 -1.5400384854724911 0.075709198155518895 -1.4921392798375694 0.043907464214410739 0.057020875583982542,0.052656709097850349 0.029469003471764923 0.030852778647072469 -0.00043031317741314986 -0.025463216036289617 0.026200884700999051,0.17657831019742617 -1.2823481591427544 0.287337827425999 -1.4670233687720518 -0.066946227946205195 0.20137804381984012,0.20548808355409456 0.062732437482541009 -0.10072404770646592 -0.18285893293363459 -0.13684769860976151 -0.063247938028480777,-0.032023838074482697 -1.534060335352051 0.082623759523923535 -1.4933302687128271 0.035088380806460234 0.065386020797307945,0.89305992388115529 0.34318977546567841 0.36477216484005603 -0.061323173785753263 -0.41487970998705387 0.38063429383938124,-13.568145820391919 111.62857191847445 47.975974909854045 3.4380505929891876 -0.67504907082086452 0.0048200904796935895,0.23552518378457421 -10.401639307562618 -6.247573343433146 -0.62055578116905963 0.20919662242737047 -0.080872380913731945
ur,tetrapga,17.235884103,0.442647649,0.299530484,0.032936603,34.114087,41.538464,4.264260875,1,0,0,3.275288698,0.055910245,1,0,0,0,0 0 0.050000000000000003,0 0 0.050000000000000003,0 0 0.050000000000000003,wrist_3_link,8,0.04,10 0 0,0 0 0,,-0.047278306611353238 -1.5387796432477914 0.077310471047442264 -1.4922108593353309 0.042248780360837908 0.058736687447802818,0.087669755180822234 0.036350439910241054 0.043259730243006042 -0.0014508800479274442 -0.040597086276353257 0.041904399103995058,0.18392712290640617 -1.2801813474151091 0.28362105321976822 -1.4736238480447468 -0.071818537956310186 0.19904714791770717,0.20295152928403923 0.05769666256524849 -0.10584727398079699 -0.18398279442025611 -0.13394594062890053 -0.066299828610297207,-0.032612190998265435 -1.5340563212190976 0.082208639111689269 -1.4936228225161952 0.035204743788307333 0.06489727286217363,0.87986016808156631 0.29545851010296204 0.28019047825079563 -0.10653231151452139 -0.43297959941771746 0.35448984245228216,2.5114260764691672 119.4867119975483 57.008277882012749 3.6343433543598649 -0.66613038774002853 0.010742615848818061,-0.40308186022360815 -7.041442266672675 -4.9404904725679444 -0.5105666820290935 0.23349165344856715 -0.12914680437293669
ur,tetrapga,17.277554426,0.443079943,0.306960977,0.042989634,33.994284,41.704684,4.2492855,1,0,0,3.280195542,0.128540532,1,0,0,0,0 0 0.050000000000000003,0 0 0.050000000000000003,0 0 0.050000000000000003,wrist_3_link,8,0.04,10 0 0,0 0 0,,-0.044601437027789993 -1.5374170189596146 0.07868727298301853 -1.4923466193650818 0.040951297796291183 0.059953621493796079,0.053806655143213769 0.030259361997296598 0.028667093853150857 -0.0031577728640896198 -0.026507759003852164 0.024239915399941043,0.19232011615441424 -1.277899441571883 0.27908865591854704 -1.4813141953849358 -0.077327646887705936 0.19621184520081567,0.19984714261948583 0.051817088607205769 -0.1116681919532551 -0.18508593902411519 -0.13044296050255116 -0.069771285033213074,-0.0314247180629499 -1.5335477955393868 0.082346888500327162 -1.4941006383363007 0.034504105834709517 0.065095742219893921,0.89776199375972698 0.27360931874616562 0.23736655662165734 -0.1394896744577912 -0.44673936969871797 0.33378688023863334,4.3111780162430886 122.37833357551233 59.077000454841368 3.7314424832521378 -0.67447948089525556 0.010901610843186842,0.22518626034576528 -10.810217377954359 -6.4484451238072324 -0.61832808220606239 0.21503196080135467 -0.074818270409224397
ur,tetrapga,17.319382608,0.442261087,0.298019023,0.035967191,28.532013,36.011733,3.566501625,1,0,0,3.277187244,0.097666224,1,0,0,0,0 0 0.050000000000000003,0 0 0.050000000000000003,0 0 0.050000000000000003,wrist_3_link,8,0.04,10 0 0,0 0 0,,-0.040592093911371974 -1.5359486231946546 0.080307644213713725 -1.49262145534383 0.039050693812676777 0.061699887578557405,0.086299996102518525 0.03744603928984918 0.03889009155288714 -0.0055794898429466222 -0.040823309217045592 0.037426660034192358,0.20061108917413495 -1.2758562712911856 0.27429777728542226 -1.48907542003925 -0.082707694149974698 0.19322178996811828,0.19655344041220038 0.045869190261073493 -0.1173843216948406 -0.18597838786409263 -0.12677767992613237 -0.073185084990885205,-0.023911316921796898 -1.5308750106015634 0.084675919770425392 -1.495192551714311 0.03093877193474712 0.06775277205644209,0.93917514264412505 0.3340981172279181 0.29112890876227926 -0.13648917225128229 -0.44566673749529956 0.33212872956852146,-13.153434751540102 110.69815039074727 47.731454078531613 3.4161225882902371 -0.66772272900246099 0.0049016060678312538,-0.31986375312288828 -8.0882198579802207 -5.3950786705613609 -0.51867988255071396 0.24073486653514919 -0.11535209524427614
ur,tetrapga,17.355471868,0.442487205,0.304929912,0.044075291,33.973953,41.431653,4.246744125,1,0,0,3.219025963,0.062428878,1,0,0,0,0 0 0.050000000000000003,0 0 0.050000000000000003,0 0 0.050000000000000003,wrist_3_link,8,0.04,10 0 0,0 0 0,,-0.038190100075929677 -1.5346923196749223 0.08142845577803072 -1.4928666101011869 0.037861100179606061 0.062679410626352822,0.055303698659007201 0.031259251716585661 0.026758368262279043 -0.0058031810671293742 -0.027659303775118615 0.022519237802229943,0.20765112740026842 -1.274293991098697 0.26997409264459593 -1.4957984907788258 -0.087224167626669596 0.19052834820850681,0.19357089645399381 0.040704814484890987 -0.1222094490951969 -0.18657494781901918 -0.12349934037608307 -0.076071124447437799,-0.023744094862620271 -1.530396067274107 0.084787216347548544 -1.4954292350565384 0.030729318832034915 0.06767836621827783,0.91332670453037723 0.2984497330169753 0.2168785716650618 -0.17495676859865783 -0.45882715314270967 0.30778435961004891,4.5186035485186764 115.86063398168919 54.670149177247779 3.3440273247935624 -0.60690229376910698 0.0086333873953671637,0.20217563864085264 -11.142918914495567 -6.6112936054068427 -0.61294253890991968 0.22041888765325268 -0.069502263811131115
ur,tetrapga,17.396975295,0.443563432,0.305051013,0.043335917,34.136749,41.510838,4.267093625,1,0,0,3.217464751,0.1269783,1,0,0,0,0 0 0.050000000000000003,0 0 0.050000000000000003,0 0 0.050000000000000003,wrist_3_link,8,0.04,10 0 0,0 0 0,,-0.036046961365222972 -1.5335573949473302 0.082320814573321452 -1.4931945755736273 0.036759374289923097 0.063470398177029486,0.04576759280433805 0.024567653203554408 0.018851401946228096 -0.0073525951472848145 -0.023578869217212785 0.016503097160578833,0.21561109696475556 -1.2727284049210459 0.26478899365072645 -1.5035528357846637 -0.092269384947523431 0.18730346089287347,0.18998239014437887 0.03473362221640993 -0.12763106427443963 -0.18706209101395518 -0.11960117792214291 -0.07931948047324304,-0.022474294761070414 -1.52972481341258 0.084988195823844384 -1.4959455172329337 0.029989869775516979 0.067879624896615351,0.92765416910640119 0.2814897122673149 0.17927254542617227 -0.20420148973133989 -0.46930959818275331 0.28815533737021193,6.0496580930998824 117.28141556707797 55.821305239274437 3.3776598025145823 -0.60365229086260341 0.0083833446199813831,0.19912968389144226 -10.991930866788607 -6.5003875355153582 -0.59628532152873959 0.20653897047453995 -0.050942764414884323
ur,tetrapga,17.438597871,0.443016054,0.291859865,0.036327335,34.117352,41.620455,4.264669,1,0,0,3.199072739,0.098326082,1,0,0,0,0 0 0.050000000000000003,0 0 0.050000000000000003,0 0 0.050000000000000003,wrist_3_link,8,0.04,10 0 0,0 0 0,,-0.032191393984978188 -1.5322636356614412 0.083457277100445953 -1.4937943174370727 0.034876300284063709 0.064842586512815256,0.08351576292591921 0.032837467917855981 0.028021465901610629 -0.012591249168416531 -0.040571124985558121 0.029548001066421123,0.22344085142944917 -1.2714078366726338 0.25936596176626242 -1.5113453025507484 -0.09716383294590264 0.18393554240175203,0.18621628602546617 0.028716485003502077 -0.1329260055415506 -0.18733685880571924 -0.11555958925740889 -0.082498483272000322,-0.019802835252209369 -1.5287638677299138 0.085468765653831491 -1.4966989154936159 0.028619691121651816 0.068522265721997377,0.94125114010186639 0.27879460088712166 0.15575364896078958 -0.22862476982657182 -0.47667423851731627 0.27014500216025772,5.627858039392704 115.9683128473844 54.544928184072702 3.2644736014081603 -0.58348251978668575 0.0071172889319280844,-0.35817393336219538 -8.3039485492245149 -5.4491001840671629 -0.47801100227206916 0.24012789240235577 -0.091033287449874933
ur,tetrapga,17.480328493,0.443220106,0.301588513,0.042360157,34.018572,41.60052,4.2523215,1,0,0,3.175970198,0.093094045,1,0,0,0,0 0 0.050000000000000003,0 0 0.050000000000000003,0 0 0.050000000000000003,wrist_3_link,8,0.04,10 0 0,0 0 0,,-0.029308895954974667 -1.530928243579988 0.08447816648272502 -1.4942965427367434 0.033430600618200211 0.06582041509360452,0.055524108648332071 0.028994216476127311 0.021352764359281979 -0.0096955611383726173 -0.02809084235501608 0.01886466770130453,0.23113011614362095 -1.2703357654765437 0.25371068151692733 -1.5191650008720727 -0.1018994370543779 0.18042774585124424,0.18227554358951004 0.022660727151733406 -0.13808619033119432 -0.18739760958851992 -0.11138029728995456 -0.085603797163810447,-0.01696629032565751 -1.5276082656774723 0.086039939514042985 -1.4975057710871256 0.027162160945933034 0.069197593421271006,0.94869690974181331 0.27972374718482562 0.13330918072058939 -0.25100524649325084 -0.48287311549912215 0.25328162668375698,6.705767497972392 113.95583486188168 53.435787534683541 3.1317225568764981 -0.55550422086214601 0.0063822308732946241,0.03940060673407686 -10.558998352822528 -6.3540234769447466 -0.56674580610433622 0.2166851740230058 -0.058184858528505856
ur,tetrapga,17.522010963,0.444127893,0.303069953,0.043092926,33.982301,41.617196,4.247787625,1,0,0,3.151190926,0.098976068,1,0,0,0,0 0 0.050000000000000003,0 0 0.050000000000000003,0 0 0.050000000000000003,wrist_3_link,8,0.04,10 0 0,0 0 0,,-0.027082213400351416 -1.5297960482921114 0.085219132637758516 -1.4947841131763722 0.032272844060628747 0.06650145074599656,0.04582445324764689 0.025046053202989853 0.016216979727173439 -0.0099660065455210479 -0.023851981379834023 0.013993336333413041,0.23864296783362113 -1.2695175800682941 0.24785014946996364 -1.5269737392595084 -0.10645292515665439 0.17679639022469124,0.17817804512851623 0.016594949441947084 -0.14308664418674635 -0.18724409804128014 -0.10708456558349826 -0.088620857968221181,-0.0090178076030123424 -1.524905291671145 0.08749869223188908 -1.4994905400410565 0.023312370839411432 0.071211848251624327,0.993560340330646 0.33787175079093124 0.18234408973076138 -0.24809611924135752 -0.48122376331520028 0.25178185379416468,-11.913862015982552 102.25386122801912 43.971861502280071 3.1318618228416377 -0.60910354524204713 0.0045955950263080539,0.10465191112572825 -10.898322080458456 -6.4639389403298537 -0.5739139656734551 0.20555159290737635 -0.043175123278786032
ur,tetrapga,17.563696366,0.44498532,0.299380566,0.041825868,34.067629,41.408766,4.258453625,1,0,0,3.104025635,0.063979257,1,0,0,0,0 0 0.050000000000000003,0 0 0.050000000000000003,0 0 0.050000000000000003,wrist_3_link,8,0.04,10 0 0,0 0 0,,-0.02475128637942544 -1.5287616063221425 0.085846826575137009 -1.4953505404960128 0.031066104240083558 0.06715946024062458,0.049436615120324857 0.023373610627712215 0.014216702409795556 -0.011913330730511915 -0.02549435695373416 0.013837162109541265,0.24598223893806109 -1.2689524504839755 0.24178404533556305 -1.5347721773368661 -0.11082523665058222 0.17304081784939512,0.17392267247316728 0.010517745267466738 -0.14792858089913913 -0.18687718831820782 -0.10267337309792318 -0.091550820073613898,-0.0092195156581621161 -1.5243513476043657 0.087618113688309546 -1.4996673626445516 0.023267803794354936 0.071016972439476869,0.95812891663209698 0.31026267403475588 0.11816928559956341 -0.28085279700212323 -0.49017921817407001 0.22891477416905121,7.1884622339376385 105.44903642148941 48.248039170670964 2.6881406190377573 -0.47642461884546133 0.0041309057229986096,0.0096636730967532003 -10.465304063629446 -6.2738801529080774 -0.5461398011429992 0.20717341640886389 -0.042667502606292373
ur,tetrapga,17.605204579,0.445632904,0.296981849,0.04060353,39.51502,46.89893,4.9393775,1,0,0,3.065609689,0.107062895,1,0,0,0,0 0 0.050000000000000003,0 0 0.050000000000000003,0 0 0.050000000000000003,wrist_3_link,8,0.04,10 0 0,0 0 0,,-0.022249168920128886 -1.5277399837582453 0.086426854027349648 -1.4959981117692758 0.029778659583392687 0.067822637755298329,0.052981303541819479 0.023828952570628014 0.013640354465221514 -0.013577061665001066 -0.027204729996549482 0.013960404247064729,0.25311086628243068 -1.2686415647655247 0.23554653998863728 -1.5425178787964191 -0.11499397926186783 0.16918169795648227,0.16953256083042817 0.0044614040566991076 -0.15258712981300188 -0.18630075620094932 -0.098172641651349396 -0.094378995951475059,-0.0046017763756252619 -1.5225369707062464 0.088310442412764617 -1.5010877716135527 0.020954830249442134 0.071965751446465526,0.98439407475356822 0.33269199207365607 0.12376795496188039 -0.29221521097749592 -0.49258593652153015 0.218420334754162,-1.0839202424962266 99.297247222157495 44.200378210304109 2.7435218548940528 -0.50490191312806343 0.0039005871635602067,-0.084848034113150561 -10.038174767983037 -6.0905295744965429 -0.52016119068412081 0.20898360310552277 -0.043021977887917728
ur,tetrapga,17.652169991,0.444298746,0.285195371,0.035079835,34.070654,41.812698,4.25883175,1,0,0,3.036195422,0.055144163,1,0,0,0,0 0 0.050000000000000003,0 0 0.050000000000000003,0 0 0.050000000000000003,wrist_3_link,8,0.04,10 0 0,0 0 0,,-0.017517862882894263 -1.5261501518999352 0.087293237969981369 -1.4972166262838109 0.02742542667487714 0.069038116000926769,0.084490682305640621 0.034963292796789933 0.018233906369782203 -0.023345159999085742 -0.042754749909886522 0.020173635418032493,0.26095291756685218 -1.2685929368304762 0.22826033418573252 -1.551247371621534 -0.11948273040288508 0.16467613620465549,0.16438628010950204 -0.0023896798378828777 -0.15765628842922325 -0.1853960737695404 -0.092957757841642952 -0.097468393912671397,-0.0032956338103074714 -1.5218178413044563 0.088421404247497948 -1.5017272621131119 0.02020546697230835 0.072060897926455619,0.97052322736903662 0.315714999829315 0.077445507015619794 -0.32188289555376443 -0.49808268623141116 0.19487052534493488,8.1299747810843659 99.37530994321105 44.896008119285455 2.3891605580231414 -0.41392154862157415 0.002204848385372972,-0.87156713857272905 -7.2672244153363863 -5.2619751830671362 -0.48842665313532052 0.22595735208511769 -0.14244522415327765
ur,tetrapga,17.694059021,0.44438753,0.297937774,0.044033593,34.11864,41.540413,4.26483,1,0,0,3.012247086,0.077061827,1,0,0,0,0 0 0.050000000000000003,0 0 0.050000000000000003,0 0 0.050000000000000003,wrist_3_link,8,0.04,10 0 0,0 0 0,,-0.014790159727394451 -1.5248314760026744 0.087971408162719686 -1.4979725418762775 0.026028537544331938 0.069693265559946593,0.055655578154328401 0.029950359634566895 0.015448153962316306 -0.015384263864162204 -0.028701219106448711 0.013440162488307112,0.26774000566669165 -1.2688208903902274 0.22156484387787359 -1.5589925672301446 -0.12327740199163743 0.16053735967511201,0.15964048468635977 -0.0084921938610195494 -0.16199158913112591 -0.18436469357549956 -0.088204082750653071 -0.1001221016422548,-0.0012462138865983428 -1.5208485514124954 0.08857739819551283 -1.5026147971752604 0.019101632980919117 0.072276058909593432,0.97458536028157738 0.30951340513375092 0.047623998800500125 -0.34561189757071553 -0.50192115967512874 0.17487214579904134,9.8141529952409936 97.314271463563784 44.022310924509114 2.261148125821701 -0.38190947155847171 0.0014313169990542449,0.0064133370897536679 -11.223414057662922 -6.6050389528523965 -0.54242981785955635 0.21988981307620037 -0.041439154674975498
ur,tetrapga,17.735705874,0.443691877,0.292658952,0.042982411,34.034997,41.42487,4.254374625,1,0,0,2.976998346,0.063404368,1,0,0,0,0 0 0.050000000000000003,0 0 0.050000000000000003,0 0 0.050000000000000003,wrist_3_link,8,0.04,10 0 0,0 0 0,,-0.011394432535983219 -1.5233674291846409 0.088634041669058125 -1.4989682889722156 0.024299270267324719 0.070459920531604922,0.068161302964728165 0.03268641964227971 0.015340743638172876 -0.019747994758516598 -0.034610038806807228 0.015289166209634986,0.27428781840785643 -1.2693006750472724 0.21473174000981698 -1.5666458090570954 -0.12685085393698178 0.15631433900300129,0.15478095422396648 -0.014545634458795564 -0.16612343890175252 -0.18313127954144534 -0.083388997125703815 -0.10266293205069218,0.0015129394228190624 -1.5196382786477352 0.088807113467025287 -1.5037188085941762 0.017668549682716448 0.07262109924005887,0.97915782926373063 0.30871395635414056 0.025174191842475303 -0.36590819005477482 -0.50398774267568369 0.15663868993246188,10.115958457730228 94.255984380438917 42.255412025837288 2.1091471027384467 -0.35170344448494395 0.00049027853532329028,-0.12829128428962377 -10.840333814794576 -6.4473616388389132 -0.49965666279786092 0.23434394522504221 -0.047103643743781731
ur,tetrapga,17.777235266,0.443698193,0.296055222,0.045312655,39.617058,47.011577,4.95213225,1,0,0,2.92174424,0.065133251,1,0,0,0,0 0 0.050000000000000003,0 0 0.050000000000000003,0 0 0.050000000000000003,wrist_3_link,8,0.04,10 0 0,0 0 0,,-0.0087469577633183439 -1.5220751415659779 0.089162895211888943 -1.4998230105483421 0.02292529702606403 0.070989616027666111,0.054420048205847373 0.028805925777822459 0.012085866134278801 -0.01748669968827915 -0.028294522971520731 0.01087718531653465,0.2806127966912535 -1.2700297600217563 0.20775031062056995 -1.5742220568178615 -0.13021282233993531 0.15199990968369853,0.14979930701102886 -0.02056236173581524 -0.1700623639571274 -0.18169682477664537 -0.078505881968021787 -0.10509755502621855,0.0069811604230389807 -1.517573372972316 0.089173613053746437 -1.5057365965409613 0.014953790991659069 0.0733930156856204,1.0041494120942838 0.3342651756224766 0.034694268813154613 -0.37396718228043185 -0.50361819086178417 0.14747340608246612,0.86112811961795188 87.137467924084817 38.072324775936607 2.2248637414095982 -0.39980441852224985 0.0017432031122139122,0.028740478130501401 -11.734830981844425 -6.796898260950627 -0.54010133203701116 0.22049226869429361 -0.033537144060971968
ur,tetrapga,17.82432095,0.44388213,0.282861783,0.034712393,34.153639,41.868412,4.269204875,1,0,0,2.892295172,0.050861065,1,0,0,0,0 0 0.050000000000000003,0 0 0.050000000000000003,0 0 0.050000000000000003,wrist_3_link,8,0.04,10 0 0,0 0 0,,-0.0059524750181411609 -1.5207249699890972 0.089612499239174637 -1.5008195469100758 0.021453800284527612 0.071474368129465823,0.071887424745276318 0.030673082352674366 0.007019281776449433 -0.02761982122908567 -0.038492516904308223 0.011499782563298373,0.28753014481110045 -1.2711579669839121 0.19964199546235073 -1.582734349216373 -0.13377721901302939 0.1469886963245447,0.143992727665541 -0.027352902239536538 -0.1743043644529069 -0.17982624005382306 -0.072879362562386696 -0.10773563458477022,0.0083802871596896679 -1.5165754420570661 0.089356692835231927 -1.5064614520337591 0.014159890626000229 0.073441076902453745,0.98324305715509475 0.32171617795504809 -0.0045454139035773153 -0.39792253853005433 -0.50548812651163888 0.12592312436383077,10.678384994481011 86.102988423671221 37.585854033547626 1.7210628706332081 -0.2788860311638014 -0.00149846170676439,4.1560676900476281 -8.2525329418585898 -5.2068588959566569 -1.0110192098609332 -0.32078688625129814 0.10532396316202153
ur,tetrapga,17.866257117,0.44404672,0.294621993,0.044452128,39.48585,46.913049,4.93573125,1,0,0,2.840724549,0.063920308,1,0,0,0,0 0 0.050000000000000003,0 0 0.050000000000000003,0 0 0.050000000000000003,wrist_3_link,8,0.04,10 0 0,0 0 0,,-0.0035015770747640717 -1.5195928485959009 0.089937505917554506 -1.5017235055864688 0.020180165244966679 0.071853950678198705,0.050177481688675203 0.025316284716582257 0.0078257960840388413 -0.018451503704407613 -0.026165645127773435 0.007789098736526859,0.29345778783436927 -1.2724312564333431 0.19225672808227348 -1.5902368220655707 -0.13672712385629551 0.14242338069346311,0.13868463325606439 -0.033366254614128912 -0.17787789245302302 -0.17794455396470499 -0.06779530855949123 -0.10997354545793508,0.013465624743049867 -1.5145829984310115 0.089503138752148756 -1.5085306223697779 0.011627032803171681 0.073970963227380324,1.0069755010624877 0.34334943750723818 0.00015533032889770721 -0.40670714688844145 -0.5047408426973915 0.11583348378237647,2.0136383037255712 79.289183191377944 34.178083399824928 1.9042015392299647 -0.3355517933981082 0.00057670957249659907,-0.027188497698922731 -11.529599626066556 -6.6678192441079318 -0.52106446721336397 0.21103390996456284 -0.023997062559857341
ur,tetrapga,17.913282523,0.442990248,0.282100111,0.035180235,34.011139,41.544997,4.251392375,1,0,0,2.811752722,0.031904741,1,0,0,0,0 0 0.050000000000000003,0 0 0.050000000000000003,0 0 0.050000000000000003,wrist_3_link,8,0.04,10 0 0,0 0 0,,0.00029976759600488893 -1.5180807597267378 0.090254571916786222 -1.5031475102678657 0.018239313359504614 0.072412951109082899,0.080173726869796014 0.033868308018610259 0.0061136152720883147 -0.031982269114405514 -0.041691791592350071 0.010419332069780129,0.29983667942417325 -1.2741579830495824 0.18380224807675832 -1.5985505054937212 -0.1397797555787875 0.13719529199814137,0.13258558795416528 -0.040062946055909161 -0.18165127456720115 -0.17559645984891475 -0.062021732309011486 -0.11235543316241139,0.014754550086079513 -1.5136948464927036 0.089563220110036701 -1.5092824048065694 0.010895692379875289 0.073933570486551331,0.98398176247690894 0.32962908822727977 -0.039454403285411027 -0.43041732517256953 -0.50468510418341772 0.09270166411925794,11.661714058940055 77.778114961513936 33.055125480943957 1.3361485353072713 -0.20235949695498831 -0.003476273261124917,1.7801876053433787 -7.9008327605006343 -5.2770353184823762 -0.75206236383382929 -0.066088556639716245 -0.013036091904552904
ur,tetrapga,17.954904073,0.442645454,0.294129259,0.045073631,39.512872,46.918077,4.939109,1,0,0,2.755490459,0.042614356,1,0,0,0,0 0 0.050000000000000003,0 0 0.050000000000000003,0 0 0.050000000000000003,wrist_3_link,8,0.04,10 0 0,0 0 0,,0.0029584158937823986 -1.5168100523994423 0.09054894018831125 -1.5041896807643567 0.016868556529406466 0.072753307210630058,0.054314843777523478 0.028776485233415475 0.0075016280368299937 -0.02126092544605571 -0.028165095653084334 0.0069830789232054923,0.30524057022263101 -1.275947992014739 0.17617581512048999 -1.6058122195203761 -0.1422538515870107 0.13247701911423537,0.12706337458482231 -0.04594267352739298 -0.18478119053713299 -0.17331159951866021 -0.056855453852756775 -0.11434908105963339,0.019856410270200631 -1.5116788001376207 0.089514933405847721 -1.5115200770725066 0.0083651991915810568 0.074296472831330049,1.0063617337053441 0.34935599018787211 -0.036839590643374311 -0.43885667021438979 -0.50296366558504924 0.082246019966848438,3.0837420487257177 70.910300777422279 30.060405849932589 1.5739262961710148 -0.26933019078336645 -0.00058166381458780872,-0.059317832958384997 -11.803889586596597 -6.7610446587137289 -0.50430811145815824 0.2167897274824746 -0.021500425218107466
ur,tetrapga,18.001924371,0.441243989,0.28382912,0.038950882,34.107642,41.460809,4.26345525,1,0,0,2.727473906,0.01385595,1,0,0,0,0 0 0.050000000000000003,0 0 0.050000000000000003,0 0 0.050000000000000003,wrist_3_link,8,0.04,10 0 0,0 0 0,,0.006769543062913776 -1.5151666878446188 0.09079295169289181 -1.5057337522223995 0.014920819392000097 0.073194266065080463,0.079151442289206828 0.035985600036136919 0.0042066737302265825 -0.034276468404795993 -0.04119476812455327 0.0075228472963679589,0.31106586117042662 -1.2782632260399098 0.16740887591287618 -1.6138962544803934 -0.14478892995925638 0.12704988252762325,0.12069127752404647 -0.052523951851151419 -0.18807607224922201 -0.17050125567466554 -0.050964859576598368 -0.11646976819953779,0.021152434907738146 -1.5107416898501831 0.08954903905406153 -1.5123159832908117 0.0076368550957530458 0.074213277113186482,0.97993228873807747 0.335131773225536 -0.075612937000364588 -0.46113358574637031 -0.50076928069240179 0.058488457871135907,12.831900020888654 68.936295147330711 28.366293461397802 0.94009110735758217 -0.1228554514473196 -0.005390763219723118,1.686409278022964 -9.0230040903315967 -5.8426322478655379 -0.78291051886299101 -0.036419171973463449 -0.039303059145169073
ur,tetrapga,18.04348839,0.440688924,0.294203209,0.046697554,39.485495,46.947527,4.935686875,1,0,0,2.66700364,0.023371074,1,0,0,0,0 0 0.050000000000000003,0 0 0.050000000000000003,0 0 0.050000000000000003,wrist_3_link,8,0.04,10 0 0,0 0 0,,0.0093924264554855284 -1.5138466941160229 0.091008373731472206 -1.5068520696924337 0.013567487885157638 0.073439018097513908,0.053631789740742682 0.029383245604841717 0.0056484855814306718 -0.022840078052640631 -0.027801082452384517 0.0050212959938581081,0.3159632377853166 -1.2805661868502305 0.159534931904671 -1.620927857552666 -0.14679830725536658 0.12217203778931215,0.11494623736841278 -0.05828122025118232 -0.19077261421509903 -0.167818515578045 -0.045717840429625123 -0.11822642979884507,0.026223951268005669 -1.5086978037616197 0.08931530051587605 -1.5147021151439946 0.0051348401372997747 0.074403360805230884,1.0014398156091795 0.35251714858427585 -0.074821526007394168 -0.46901378559205764 -0.49808414911633481 0.047956055556680408,4.2381445476954633 62.159634222991073 25.821219229136901 1.2358067099701242 -0.20116124168496338 -0.0017102350108568025,-0.018487523148095875 -12.465972436965785 -7.0046331058626379 -0.50692633209655469 0.21781642050199324 -0.015458585549680492
ur,tetrapga,18.090508391,0.439032313,0.28445132,0.03999195,33.998755,41.314362,4.249844375,1,0,0,2.643029798,0.001001573,1,0,0,0,0 0 0.050000000000000003,0 0 0.050000000000000003,0 0 0.050000000000000003,wrist_3_link,8,0.04,10 0 0,0 0 0,,0.013184927567875563 -1.5121758951219231 0.091113507090096385 -1.5085153406713676 0.011633967482651532 0.073747736370137332,0.078961388861689005 0.036328092602661621 0.001193631661643007 -0.036821296896274495 -0.04091482594181637 0.0047624967205399573,0.32121287238894786 -1.2834582424121579 0.15049787221690294 -1.6287430728645285 -0.14880769735225785 0.11656892514890016,0.10832674126680575 -0.064718628100393055 -0.19357545291077263 -0.16456393801480848 -0.039746202117013262 -0.12007838367131446,0.027482648536538656 -1.507735862637402 0.089316995691550508 -1.5155242868259311 0.0044332756246003736 0.074267688024495432,0.97227614629592496 0.33762335449700187 -0.11217601444120795 -0.48944486893526595 -0.4938910276337124 0.024017429085282888,13.930315135974775 59.886136733217427 23.614618812893362 0.54590503593427586 -0.043647004504256848 -0.0072412886338469352,1.7089709393775223 -9.3279140937220291 -5.9987925629046117 -0.79643913164818514 -0.034459981353846203 -0.049679368954457459
ur,tetrapga,18.13192676,0.43825291,0.294058956,0.047203566,39.724729,47.215143,4.965591125,1,0,0,2.578472211,0.003669701,1,0,0,0,0 0 0.050000000000000003,0 0 0.050000000000000003,0 0 0.050000000000000003,wrist_3_link,8,0.04,10 0 0,0 0 0,,0.015802849142145442 -1.5108462000421163 0.091227057147672735 -1.5097172564914105 0.010289985439770196 0.073901860492604679,0.053534351586333948 0.029548248844235264 0.0035362181316792043 -0.024555975681947402 -0.027608680559965473 0.0031618098579639896,0.32557707911816613 -1.2862549550022873 0.14243300979957921 -1.6354963651718779 -0.15034455942511687 0.11156379346912625,0.10239587177529558 -0.070316509188949605 -0.19582404943431345 -0.1615082694608895 -0.034462375945284396 -0.12158926819363096,0.032505596073404627 -1.505690270212618 0.088891170397927863 -1.518045531639052 0.0019751772456880617 0.074284606157825658,0.99286217803641219 0.35289709995844576 -0.11291758259046009 -0.49662530270938354 -0.49028448243444755 0.013546876650765623,5.3512370302705241 53.209131982436261 21.508090262964522 0.89575760886131206 -0.13263182980848329 -0.0028101244587930541,-0.030997757508032464 -12.754087578599865 -7.0805348468198304 -0.49554297186932672 0.21665844958231339 -0.009718736199374689
ur,tetrapga,18.179246145,0.436351441,0.285722517,0.040851315,39.485924,46.942516,4.9357405,1,0,0,2.524186451,0.016796491,1,0,0,0,0 0 0.050000000000000003,0 0 0.050000000000000003,0 0 0.050000000000000003,wrist_3_link,8,0.04,10 0 0,0 0 0,,0.01957896259928767 -1.5091524343367002 0.091193151306973697 -1.5114964662642207 0.0083743360590887439 0.074079771679077575,0.078384997364839601 0.036747511453446555 -0.0016604018947844281 -0.039126082157275401 -0.040355934470598424 0.0019657079851916294,0.33025996843978517 -1.2897318569651599 0.13311091641806488 -1.6430521259641782 -0.15183211251552162 0.10577213784149528,0.095512523955880071 -0.076621450967076746 -0.19813774211757584 -0.1578063336608059 -0.028408200941163059 -0.12317576082568049,0.037191783830782796 -1.5036613488915183 0.088505003912580288 -1.5204465071071751 -0.00031355913863299542 0.074243861988757806,0.98973077301442403 0.36180779816836062 -0.12020771510321471 -0.50478023132839089 -0.48606576583045669 0.0013080554310290204,4.7002894713422378 48.021316012879126 18.756152867121255 0.71767368098435624 -0.10498006719540995 -0.003367696910944829,1.647506280942082 -9.5803290830208425 -6.127697219329491 -0.79821510462170409 -0.024803617283495782 -0.062665753403848612
ur,tetrapga,18.226293384,0.435089242,0.2827949,0.040129192,39.644901,47.226205,4.955612625,1,0,0,2.476180764,0.030778462,1,0,0,0,0 0 0.050000000000000003,0 0 0.050000000000000003,0 0 0.050000000000000003,wrist_3_link,8,0.04,10 0 0,0 0 0,,0.022633671375752354 -1.507593239711281 0.091188086484516762 -1.5130157114396765 0.0068062300807020595 0.074149966621527424,0.093154215760527306 0.040130622545698776 -0.0071490551929351536 -0.04891697355006714 -0.048772710445063462 0.0013637283662476826,0.33459048422167409 -1.2934821375093277 0.12374030735778227 -1.6503856301093389 -0.15302685617143 0.099942875856264324,0.088562770655656792 -0.082786919321007055 -0.20016574257790687 -0.15390885314558389 -0.022380373230276047 -0.12460396582788087,0.041421008050552502 -1.5017064451723527 0.088120980437490518 -1.5226993314081581 -0.0023826072309637751 0.074120922374421194,0.98359404714791432 0.36723455612830791 -0.13184926552954951 -0.5138154058693345 -0.48112442829923274 -0.012433222238403267,4.9958917705704495 42.999270967470018 16.329609424123696 0.54136357399849544 -0.07081230708054953 -0.0038716893434891991,7.8250138219866869 -8.1144295708154459 -6.0193788102755548 -1.7034333303381572 -0.66829822051185683 3.3461681084645534e-05
ur,tetrapga,18.273630628,0.432894515,0.285104652,0.039608378,39.463744,46.762438,4.932968,1,0,0,2.430067974,0.054748267,1,0,0,0,0 0 0.050000000000000003,0 0 0.050000000000000003,0 0 0.050000000000000003,wrist_3_link,8,0.04,10 0 0,0 0 0,,0.026403849769248307 -1.5058717848937704 0.09101723330102035 -1.5149037307072459 0.0049153648023737171 0.07419841208542477,0.10293205174672933 0.042858871917981323 -0.0094966822902410337 -0.054205104593385442 -0.052858445378403625 0.00048198016477142428,0.33861533875479405 -1.2975456842093918 0.11422216017463388 -1.6575742532960978 -0.15394275117872402 0.094013439513138633,0.081471676100999882 -0.088878746660727342 -0.20192990283064044 -0.14977593644247153 -0.016317444114498061 -0.12588946414428065,0.045476037034625869 -1.4997870168323271 0.087679537383600431 -1.5249352195627865 -0.0043601477069915339 0.073922280585977024,0.97616482741430055 0.37009541313083655 -0.14568828534945219 -0.5230985468863657 -0.4752541908370479 -0.027251778339803887,5.4107511272199291 37.994140035220653 13.952200079015252 0.36503745263419163 -0.035958628969421674 -0.0043802786403729331,7.2060343875373576 -7.9842716111925256 -5.9412566526551132 -1.5895645337332098 -0.59287389871237295 -0.020800845723954353
ur,tetrapga,18.320499007,0.430407296,0.288091923,0.148320609,39.452814,46.929767,4.93160175,1,0,0,2.384012667,0.075841708,1,0,0,0,0 0 0.050000000000000003,0 0 0.050000000000000003,0 0 0.050000000000000003,wrist_3_link,8,0.04,10 0 0,0 0 0,,0.030290619274508539 -1.5041251814165673 0.090788290484369372 -1.5168652130397791 0.0029918491974833044 0.074212714487890047,0.096978545746508105 0.042472048282047301 -0.009356160597404229 -0.054073150094540022 -0.051212315217603666 -0.00066641163738142216,0.34226749668584722 -1.3018503409116917 0.10472247115048165 -1.6644941555419086 -0.15456707358851046 0.088086326185132527,0.074361636517060209 -0.094792393460646274 -0.2034017066216374 -0.14548205138157266 -0.010326999346867476 -0.12701131306004829,0.049416890606918673 -1.497904063593205 0.087168582327557392 -1.5271760094501432 -0.0062699790458353695 0.073652525120976337,0.96715100762604667 0.37093680139773344 -0.16101791762531997 -0.53228644400427805 -0.46847882458915424 -0.042795493546433243,6.0007947405228625 33.008616755220395 11.597453551172498 0.18380400146780695 0.00069089939693664504 -0.00491848750585735,18.890454263445747 -4.5070506179890799 -8.5354278197883104 -8.3059541278344113 -3.90345158072288 -0.24672371696308915
ur,tetrapga,18.367537941,0.427349665,0.292074098,0.041671669,39.487326,46.81455,4.93591575,1,0,0,2.337789196,0.099270668,1,0,0,0,0 0 0.050000000000000003,0 0 0.050000000000000003,0 0 0.050000000000000003,wrist_3_link,8,0.04,10 0 0,0 0 0,,0.034502325158122009 -1.5022076619704499 0.090480568883267956 -1.5190459017592808 0.00091203690053626369 0.074171947166066524,0.10562882426988671 0.046053390478100004 -0.011664010891284902 -0.057760493024843741 -0.053414111900957316 -0.0024484852891197306,0.34559595360497086 -1.3064464262049142 0.09512534301536324 -1.6712322899584942 -0.15491186643928595 0.082088344237887842,0.067144773437799218 -0.10060230817530903 -0.2046024546316334 -0.14097786864992343 -0.0043375605821945381 -0.1279852540824703,0.053346729669340467 -1.4960175980652726 0.086579902952103382 -1.5294719843963867 -0.0081601417019612453 0.073311535654454141,0.95731006207667402 0.37029564476030746 -0.17708450413701277 -0.54106274019023504 -0.46070833605357397 -0.058855624020384682,6.4223171172810165 27.932470516866552 9.2242345840818594 0.0091150619278970169 0.035317648484125302 -0.005392474336316443,6.1739824934078626 -8.5265360055573183 -6.2507502847317369 -1.4788966414444076 -0.46885912794376061 -0.076525234031464606
ur,tetrapga,18.414456836,0.424187703,0.294894447,0.043614348,39.553187,47.2517,4.944148375,1,0,0,2.291652699,0.118260616,1,0,0,0,0 0 0.050000000000000003,0 0 0.050000000000000003,0 0 0.050000000000000003,wrist_3_link,8,0.04,10 0 0,0 0 0,,0.038657954043600271 -1.5002504390739293 0.090140244675639428 -1.5212471960984679 -0.0011286947332780244 0.074070211342649475,0.10350390516491297 0.04648792191085302 -0.01269446143150941 -0.058125577478674056 -0.05212389582125735 -0.0041245232830001534,0.34857600731605654 -1.311299954541159 0.085502937223594824 -1.6777377537931819 -0.15497585533298786 0.076063608343092393,0.05987386823977392 -0.10626524661787053 -0.20552328404554857 -0.13629848052401644 0.0016035745356882331 -0.12880421478737417,0.057242381782655699 -1.4941302789108981 0.085919550550149201 -1.5318102447384012 -0.010018585582348243 0.072899322218251433,0.94598075921807512 0.36819117917720895 -0.19380473085925445 -0.54930718198949591 -0.45203820710502002 -0.075235296128474322,6.9411843741756005 22.851373577676181 6.8489747443854716 -0.16951257867665337 0.071136012559161577 -0.0058894638994985539,6.0468144350444106 -9.0628460084035396 -6.5421521370300297 -1.4924922427426282 -0.44286921215707764 -0.10062819961606806
ur,tetrapga,18.461815909,0.420994912,0.297266193,0.045116283,39.494825,47.220992,4.936853125,1,0,0,2.247116397,0.135016426,1,0,0,0,0 0 0.050000000000000003,0 0 0.050000000000000003,0 0 0.050000000000000003,wrist_3_link,8,0.04,10 0 0,0 0 0,,0.042732267554953782 -1.4982884648308916 0.089748589002433779 -1.523464574697708 -0.003120463461694764 0.07390381745049851,0.10198615005752577 0.046546249361625089 -0.014204641649317503 -0.058890047243421229 -0.051109607853601288 -0.0058672171690146253,0.3512364960441462 -1.3164651673352039 0.075753075037447187 -1.6840772916265696 -0.1547587513645256 0.069947041946624294,0.052469914163618951 -0.11184038226445227 -0.20617173549878234 -0.13139408671978706 0.0075566521158683996 -0.1294757765865942,0.061083610123556092 -1.4922514680502688 0.085189053182820218 -1.534179586364514 -0.011834262106846492 0.072415738636022409,0.93359462217073075 0.36479467216075928 -0.21096962573241895 -0.55696989963694199 -0.44252588797210957 -0.091838426142248103,7.4509518058894599 17.75739412012603 4.4792434391373952 -0.34674959919868326 0.1067442683627341 -0.0063699381395171421,6.0728074076660903 -9.4089165127743399 -6.7674424651894469 -1.5275678609277747 -0.43515763530228746 -0.12462662936277979
ur,tetrapga,18.509144473,0.417729488,0.299498762,0.046313968,39.50471,47.191958,4.93808875,1,0,0,2.203935357,0.149248042,1,0,0,0,0 0 0.050000000000000003,0 0 0.050000000000000003,0 0 0.050000000000000003,wrist_3_link,8,0.04,10 0 0,0 0 0,,0.046751610041666371 -1.4963313943876968 0.089290809605130403 -1.5257124919829914 -0.0050735368986082685 0.073670330290839081,0.10073919396752092 0.04646231734541631 -0.015887520047779654 -0.059787030725369672 -0.050166877735542743 -0.0076518987317028067,0.35354359589115858 -1.321887345659899 0.065985494405146103 -1.6901765630800514 -0.15426137146229896 0.063806335418846685,0.045014334268805661 -0.1172635389888623 -0.20653750360445222 -0.12631938498466369 0.013451617921038985 -0.12999080865661031,0.06486258407907125 -1.4903892000453862 0.08438765694298013 -1.5365745167974643 -0.013601917900913515 0.07186107386270818,0.92024675445532178 0.36028120209165104 -0.2283544205640089 -0.56396300924224418 -0.43222964162037802 -0.10853908764422308,7.9409990307970286 12.657624104233461 2.1155472093797489 -0.52242307495492835 0.14201222137975811 -0.0068334451585783341,6.0457172180269652 -9.6671287135513921 -6.9470951288800507 -1.5511309831535982 -0.42331786349324929 -0.14847303543700718
ur,tetrapga,18.55644485,0.414389785,0.301714376,0.047426172,39.429689,46.900788,4.928711125,1,0,0,2.162455085,0.161619545,1,0,0,0,0 0 0.050000000000000003,0 0 0.050000000000000003,0 0 0.050000000000000003,wrist_3_link,8,0.04,10 0 0,0 0 0,,0.050723686225140688 -1.4943820511582877 0.088762183174765766 -1.5279951256229005 -0.0069900316766902323 0.073368214989213587,0.099456990847718932 0.046329487638720496 -0.017591210477054503 -0.060652716475761093 -0.049164161267207497 -0.0094643845911148612,0.35549561516438299 -1.3275590965425099 0.056213100876655084 -1.6960283085132113 -0.15348702084011839 0.05764862531719054,0.037515628165037444 -0.12252851460887197 -0.20662132973071365 -0.12108302958852239 0.019278638403116187 -0.13034937977300778,0.068575630790237013 -1.4885488519415901 0.083515091575824416 -1.5389913849111747 -0.015318514957828717 0.071235964347228703,0.90597140777116048 0.35482011487663434 -0.24577461981649915 -0.57021449717692474 -0.42119608317485913 -0.12523685264635706,8.4134907204214002 7.5515327608444496 -0.24318019796211754 -0.69676348938235222 0.17698218033286278 -0.0072816796167112854,5.9797802117109882 -9.9111487198561008 -7.1139257484580298 -1.5674587399444135 -0.40766174516993203 -0.172279859099433
ur,tetrapga,18.603445549,0.410974478,0.303892249,0.048551368,39.485971,46.980738,4.935746375,1,0,0,2.122502915,0.171779505,1,0,0,0,0 0 0.050000000000000003,0 0 0.050000000000000003,0 0 0.050000000000000003,wrist_3_link,8,0.04,10 0 0,0 0 0,,0.054645752385607337 -1.4924419841546472 0.088162218735013287 -1.5303109955705709 -0.0088674512828435265 0.072996466317450326,0.098060603591049705 0.04615251811677664 -0.019280883391855252 -0.06144166324217723 -0.048072598937436956 -0.011291700182497633,0.35708300078520233 -1.3334378463679231 0.046505253121691299 -1.7015939771089958 -0.1524462683491857 0.051516771413319673,0.030026039076579764 -0.12760024376161958 -0.2064262543141108 -0.11572550349765948 0.02499496529921209 -0.13055100123830576,0.072219627482432588 -1.486733804114909 0.082572351046679593 -1.5414265402730438 -0.016981583682976649 0.070541485875484033,0.89080829487420665 0.34854136346111653 -0.26306529300180453 -0.57565659369602151 -0.40947933540188952 -0.14182549779360409,8.8698966031415694 2.4468608932016593 -2.5922515761978291 -0.86942279650412391 0.21158465783685187 -0.0077125335475730509,5.9007334361563721 -10.171535820262761 -7.2827051771932929 -1.5811896957693534 -0.39025863481101553 -0.19591581851054229
ur,tetrapga,18.650530156,0.407512392,0.306043428,0.04969056,39.604761,47.468286,4.950595125,1,0,0,2.084902865,0.181007021,1,0,0,0,0 0 0.050000000000000003,0 0 0.050000000000000003,0 0 0.050000000000000003,wrist_3_link,8,0.04,10 0 0,0 0 0,,0.058513112724668581 -1.4905137501438805 0.087491053465981489 -1.5326571433551037 -0.010702376216909525 0.072554570296727197,0.096553897529097502 0.045902981053653868 -0.020961259585842322 -0.062146263262872987 -0.04689531911077037 -0.013122306725754207,0.35831952957357094 -1.339562222238742 0.036795795158555057 -1.7069136446792637 -0.1511361941770436 0.045368103933748363,0.022493441818231031 -0.13251499557755078 -0.20595359900745436 -0.11021307383227176 0.030637953392829743 -0.13059852508840727,0.075791322897272098 -1.4849464367542025 0.081561006076369499 -1.5438762636027614 -0.018588671045716047 0.0697787091457506,0.87479052502187027 0.34154423807957401 -0.28012757724296367 -0.58025907995213932 -0.39711116059998214 -0.15825598314688633,9.3106109819328395 -2.6592820588787518 -4.9343152758311035 -1.040700079889175 0.24588033387004024 -0.0081290181072192231,5.8161128225994503 -10.447609224244843 -7.4535839959200985 -1.5934902501794568 -0.37193338149666744 -0.21927586488780548
ur,tetrapga,18.698102537,0.403937399,0.309201772,0.044465223,39.81018,47.662378,4.9762725,1,0,0,2.050268624,0.191145697,1,0,0,0,0 0 0.050000000000000003,0 0 0.050000000000000003,0 0 0.050000000000000003,wrist_3_link,8,0.04,10 0 0,0 0 0,,0.062388891131135514 -1.4885775065293561 0.086724600096913226 -1.5350773999710263 -0.012523175765300293 0.072029227052239395,0.097534848714547456 0.046450027368121399 -0.0229240686339275 -0.062887458459948822 -0.045746046002116715 -0.0150462254955985,0.35920813070508906 -1.3459809393875617 0.027015006540526951 -1.7120215051597327 -0.14954491481531984 0.039157182139188049,0.01486161574843866 -0.13730578138293315 -0.20519566403348341 -0.10450511390809894 0.03624465476566488 -0.13048987575943435,0.07930455615111115 -1.4831824773779823 0.080477148698344103 -1.5463483818414703 -0.020144917813962597 0.068945227756373267,0.85798015841175457 0.3339658559404346 -0.29684448940842928 -0.58397927586915932 -0.38407757875103099 -0.17451386107471173,9.7034120445579752 -7.799927952812034 -7.2844016059163312 -1.2107234292208291 0.27966028679622157 -0.0085306209678139948,1.800071838490453 -12.042309536956054 -6.6697834886205669 -0.4127931939674454 0.14928412056165286 -0.012469142864290461
ur,tetrapga,18.745875681,0.400469462,0.310220997,0.052059616,39.713285,47.156398,4.964160625,1,0,0,2.018473286,0.199160887,1,0,0,0,0 0 0.050000000000000003,0 0 0.050000000000000003,0 0 0.050000000000000003,wrist_3_link,8,0.04,10 0 0,0 0 0,,0.06611128269824712 -1.4866851830178891 0.085923987348501582 -1.5374567593104143 -0.014252092365922928 0.071452063537467608,0.092794648694469517 0.045023730041883148 -0.02411612117681346 -0.062983567783695613 -0.044108890260051305 -0.016666299748255647,0.35973478573058243 -1.352651759731299 0.017235955774550719 -1.7168745110173289 -0.14768098627347978 0.032929020332718766,0.0071852516476200055 -0.14193391671263023 -0.20415277432899714 -0.098642725526761357 0.041769373227467425 -0.1302228422053687,0.082727646269968896 -1.4814526002534674 0.079332278683331578 -1.548820302517234 -0.021635251363753164 0.068047312470944643,0.84017607333426414 0.32569419626027452 -0.31332246641432998 -0.58685330006090475 -0.3704424962719095 -0.19057803347906818,10.148979748676815 -12.923541067255657 -9.6240479131467893 -1.3814101290011271 0.3139841082234508 -0.0089305091718829624,5.6388471103581423 -11.065331862891981 -7.8089423516712486 -1.616513814236896 -0.33357055875059416 -0.26502212699682559
ur,tetrapga,18.793135909,0.396963014,0.312202844,0.052980854,39.585243,47.375809,4.948155375,1,0,0,1.988295356,0.204685454,1,0,0,0,0 0 0.050000000000000003,0 0 0.050000000000000003,0 0 0.050000000000000003,wrist_3_link,8,0.04,10 0 0,0 0 0,,0.069774414061903794 -1.484821462903446 0.085044629935362312 -1.5398633186603428 -0.015933873919525495 0.070803821066648592,0.091342789298204094 0.044519911882578311 -0.025918639376620544 -0.063642749013673297 -0.042855981171308795 -0.018517371571416974,0.35989483671087302 -1.3594641230672044 0.0076174655286234119 -1.7213969864259133 -0.14558003015686016 0.026783958295406037,-0.00041184805699489299 -0.14632639957923049 -0.20284550190950773 -0.092724506303794071 0.047121124577701241 -0.12980369144523979,0.086063276576853226 -1.4797599257430232 0.078125382522323317 -1.5512917267181967 -0.023060019471701922 0.067085634831021701,0.82174230466886056 0.31686127495392874 -0.32937300179225037 -0.58883377926939418 -0.35626406409834599 -0.20635060208708775,10.54502939681368 -18.034816476603933 -11.942371346431791 -1.5482295250823512 0.34730166655304939 -0.0092989144529634499,5.5554481808355263 -11.279571155749181 -7.9471280504992592 -1.6269202678831789 -0.31599115248091181 -0.28842388331332813
ur,tetrapga,18.840617579,0.393450898,0.314190311,0.05387067,39.713808,47.108769,4.964226,1,0,0,1.961035103,0.209721935,1,0,0,0,0 0 0.050000000000000003,0 0 0.050000000000000003,0 0 0.050000000000000003,wrist_3_link,8,0.04,10 0 0,0 0 0,,0.073379987340841141 -1.4829823599727268 0.084090224504684813 -1.5422946133865512 -0.01756671239126275 0.070084778902878328,0.089604091162799618 0.043970250078616026 -0.027568446201464487 -0.064053825816401483 -0.041435747233843592 -0.020306478404593022,0.35969417292206313 -1.3665129349977878 -0.0019773847624805071 -1.7256563631081738 -0.1432174065329076 0.020633713241202542,-0.0080386865847118221 -0.15054780241698815 -0.20125872506659809 -0.08666952424478129 0.052374841503013053 -0.1292282746343571,0.089313138554987875 -1.4781053702382674 0.076856995908724302 -1.5537617008659925 -0.024419151144762369 0.066060866680207386,0.80258555008770793 0.30752051196094154 -0.34494964696183616 -0.58990657318741424 -0.34155731299510073 -0.22181927674496227,10.922365317790709 -23.135872400638117 -14.250217000417308 -1.7135056577828038 0.38024461703295609 -0.0096549311480167554,5.4204177824755106 -11.527040079549806 -8.0806004817697499 -1.6260040227989521 -0.2933449337284415 -0.30941245863991185
ur,tetrapga,18.887836359,0.38994169,0.316087258,0.05479109,39.710215,47.191208,4.963776875,1,0,0,1.935751604,0.212747927,1,0,0,0,0 0 0.050000000000000003,0 0 0.050000000000000003,0 0 0.050000000000000003,wrist_3_link,8,0.04,10 0 0,0 0 0,,0.076915929356365514 -1.4811706700800729 0.08306620581365233 -1.5447413646591246 -0.019144348866762185 0.069297316348981869,0.08767797897522632 0.043356837239669981 -0.029128371565192233 -0.064301592739062094 -0.039910582830078992 -0.022048568005419433,0.35913580058312133 -1.3737168905933765 -0.011438024212673235 -1.7296046726687733 -0.14062354814809858 0.014548221659833171,-0.015608556851909474 -0.15455022735501603 -0.1994119966446333 -0.080549674720949968 0.057468137700506947 -0.12850377666810564,0.09247570990839217 -1.476490019991864 0.075529325770450101 -1.5562270763560684 -0.025711425231404045 0.064974545782655574,0.78273421727910975 0.29770940399799933 -0.35999658304814591 -0.59005745254837816 -0.32637183771683059 -0.23692916857891844,11.284782258734175 -28.214310874870755 -16.539320378213965 -1.8765902074925431 0.41270677773370179 -0.0099937858201285604,5.2915551747183827 -11.791284450523563 -8.2186635016077503 -1.6262817518636439 -0.27108000277835487 -0.33027009357959969
ur,tetrapga,18.935147387,0.386466258,0.317911479,0.055695705,39.448163,47.266748,4.931020375,1,0,0,1.913136635,0.214618475,1,0,0,0,0 0 0.050000000000000003,0 0 0.050000000000000003,0 0 0.050000000000000003,wrist_3_link,8,0.04,10 0 0,0 0 0,,0.080375593647206242 -1.479389680069948 0.081975442585557209 -1.547197617515631 -0.020662947805527236 0.068443181171554957,0.085654149726571968 0.042670228558952472 -0.030640453852223019 -0.064438517654195185 -0.038318348361675109 -0.023754569335883692,0.35821837323471961 -1.3811197433926941 -0.020823402576224993 -1.7332687497039214 -0.13778669536010682 0.0084887263249578179,-0.023169570564300211 -0.15836001112688303 -0.19729628190695953 -0.074329597827648933 0.062431313879673184 -0.12762687793145375,0.095548396777388619 -1.4749152955285134 0.074144944834141524 -1.5586840189165576 -0.026935161951753706 0.063828368801336771,0.76221450712090633 0.28745493913473619 -0.37448877766787603 -0.58928842370100432 -0.31073201743200884 -0.25166698536783766,11.63107750931124 -33.268835987388997 -18.80982882224836 -2.0374982474910408 0.44469201267548553 -0.010316759855428062,5.1652562966389723 -12.057025456155316 -8.3543558008968262 -1.6266060239722719 -0.24901250585256207 -0.35096167967574843
ur,tetrapga,18.982515978,0.383204206,0.320259042,0.056429361,39.57239,47.059479,4.94654875,1,0,0,1.893520355,0.213658798,1,0,0,0,0 0 0.050000000000000003,0 0 0.050000000000000003,0 0 0.050000000000000003,wrist_3_link,8,0.04,10 0 0,0 0 0,,0.083641888909911144 -1.4777046779337781 0.080856354472734149 -1.5495773911191131 -0.022071214233882364 0.067554223078638773,0.084718827589514628 0.042452022884378653 -0.032526010039638849 -0.065312645744076678 -0.037165978607586331 -0.025732638839927553,0.3569421939860124 -1.3887073273551132 -0.030113694280063403 -1.7366405761745487 -0.13471464247358428 0.0024669765915360268,-0.030707183774237919 -0.16196884435257231 -0.19491565871236022 -0.068023713805115391 0.067251588976726354 -0.12659899927848628,0.098501162065099152 -1.4733978711752251 0.072715424403008933 -1.561108649671215 -0.028076779644217953 0.062631532448742352,0.74117404332320702 0.27684624715738859 -0.38842161271549847 -0.58766097415946361 -0.29470058361374912 -0.26603749533990045,11.949371153583963 -38.300184142852643 -21.059001885442655 -2.1954196191139208 0.47599829389706538 -0.010613647450480861,5.0236896993610003 -12.27659647505061 -8.4644041553693228 -1.6188018156781254 -0.22555070941859867 -0.37017449712431016
ur,tetrapga,19.029675188,0.379768971,0.321763472,0.057352092,39.670984,47.097487,4.958873,1,0,0,1.875692839,0.212908308,1,0,0,0,0 0 0.050000000000000003,0 0 0.050000000000000003,0 0 0.050000000000000003,wrist_3_link,8,0.04,10 0 0,0 0 0,,0.086981031688636634 -1.4759723587594764 0.079623091938472459 -1.5520709571306897 -0.023482752487069911 0.066559663596306773,0.082123102101309547 0.041505339253679233 -0.033756126263099852 -0.064937870718754884 -0.035287474294790191 -0.027246928435941859,0.35531791174981048 -1.3964262759479793 -0.039244823464546337 -1.7396991414945258 -0.13143300777895039 -0.0034763023954422038,-0.038170286119562725 -0.16535311853474066 -0.19228894042543654 -0.061678255432046088 0.071894362959172398 -0.12542832435318038,0.10137656386588768 -1.471915037606266 0.071228550108241057 -1.563529878405074 -0.029154454641949594 0.061373821981714462,0.71942931583763436 0.26580693630815488 -0.40172390961016913 -0.58508150046270835 -0.27827273134701458 -0.27996791485234179,12.266014202322237 -43.289318175915824 -23.285271502134211 -2.3516548541371609 0.50695754329273512 -0.010905791514637603,4.8949383277666811 -12.57096934416677 -8.6028137912711031 -1.6188030311586772 -0.20320596792024048 -0.39012077132035472
ur,tetrapga,19.076882523,0.376434903,0.323050436,0.058104908,39.626568,47.043623,4.953321,1,0,0,1.860398384,0.21031894,1,0,0,0,0 0 0.050000000000000003,0 0 0.050000000000000003,0 0 0.050000000000000003,wrist_3_link,8,0.04,10 0 0,0 0 0,,0.090218342002797117 -1.4742857213936293 0.078334822478703089 -1.5545502258164985 -0.024821731213423962 0.065507227239664442,0.079398077356656743 0.040407679672954264 -0.034926226048187091 -0.064389498915580962 -0.033314795924874983 -0.0286918450744372,0.35334062202897276 -1.4043079481504479 -0.048255244010153651 -1.7424597369347494 -0.12793257745891062 -0.009366915610396884,-0.045591116561396486 -0.16852841157612919 -0.18940759906476104 -0.055269316230654716 0.076377933625956657 -0.12411106791572427,0.10416359850910767 -1.4704728182870723 0.069689950224257322 -1.565937602914516 -0.030163146844337345 0.060059545601913518,0.69707378741043535 0.2543612867734778 -0.41439601642048418 -0.5815797324675811 -0.26148414379932616 -0.29345347439892877,12.568775592079209 -48.232684427141386 -25.483374500106756 -2.5051627772894278 0.53734173968882593 -0.011182500932116264,4.7096268183522056 -12.861328209659405 -8.7157361500418631 -1.6047788959249374 -0.17654265399850289 -0.40646954371419497
ur,tetrapga,19.124038004,0.373217132,0.324339206,0.058808562,39.676114,47.347686,4.95951425,1,0,0,1.847601994,0.205709586,1,0,0,0,0 0 0.050000000000000003,0 0 0.050000000000000003,0 0 0.050000000000000003,wrist_3_link,8,0.04,10 0 0,0 0 0,,0.093348570716955348 -1.4726501597949766 0.076993706023313013 -1.5570096236878734 -0.026085231148340163 0.064399231512226665,0.076923281826928327 0.039345638400926648 -0.0361977791130903 -0.064004497221887724 -0.031452492713145784 -0.030186389525734689,0.35101710880374398 -1.4123255354524624 -0.057114129715592134 -1.7449141115057061 -0.12422869440226345 -0.0151855908765068,-0.052945327907599628 -0.17148434864769849 -0.18628261303402727 -0.048820918308174269 0.080685288559550677 -0.12265206337090616,0.10685327157410353 -1.4690768242723697 0.068104478198415502 -1.5683230493060936 -0.031098712117604736 0.058692615170659226,0.67417876946901045 0.24254117659917565 -0.42642638645990161 -0.57718016882556422 -0.24438053317791 -0.30648149806372815,12.851391432959176 -53.124004412316786 -27.648830602920938 -2.6552590106568537 0.56699066781443919 -0.011437827639329835,4.5913342219973288 -13.077042788015206 -8.8212842674639376 -1.6054479426738908 -0.15630689797333019 -0.42689886411095301
ur,tetrapga,19.171505133,0.370122608,0.325667905,0.059418179,34.001951,41.721255,4.250243875,1,0,0,1.883292383,0.20030217,1,0,0,0,0 0 0.050000000000000003,0 0 0.050000000000000003,0 0 0.050000000000000003,wrist_3_link,8,0.04,10 0 0,0 0 0,,0.096382558538028643 -1.4710623079785601 0.075596786871241106 -1.5594550097183304 -0.027277302890928699 0.06323385902099718,0.074549104557049037 0.038330875155609623 -0.037452729271209066 -0.06362937348949034 -0.029615752186756501 -0.031674531683388553,0.34832957147879356 -1.4205316558244321 -0.065876942436451591 -1.7470767065330366 -0.12029943858204094 -0.020969858583556898,-0.060280465073254734 -0.17423850428840701 -0.18289310755988941 -0.04229358882277149 0.084840903346099533 -0.12104110707995716,0.10648340484566517 -1.4681978789393209 0.068356636964371456 -1.568426775118855 -0.030881456726062659 0.058304525489609751,0.60818624066569504 0.2339608998251462 -0.43674946157954864 -0.56721821988479681 -0.21168116036629325 -0.33233896063194968,19.960786686518816 -63.494512204054914 -36.671633774368232 -3.865776321660126 0.83367716344945519 -0.022203399363751906,4.4507240681828648 -13.286418987714569 -8.9127268177051349 -1.5994704719123547 -0.13436419553345758 -0.44556345925644791
ur,tetrapga,19.213326953,0.367406655,0.317887887,0.049366777,34.108128,41.431048,4.263516,1,0,0,1.839961315,0.176022525,1,0,0,0,0 0 0.050000000000000003,0 0 0.050000000000000003,0 0 0.050000000000000003,wrist_3_link,8,0.04,10 0 0,0 0 0,,0.09904425288315602 -1.4696653683305385 0.074293523345946549 -1.5616377592117789 -0.028289184578760312 0.06214086230435617,0.051519694781494131 0.027836187055256523 -0.024847922204982026 -0.042148956126029674 -0.019571589984298008 -0.021132901001405725,0.34567449329885097 -1.4278660822931768 -0.073459910562986536 -1.748724845864658 -0.11667740837633851 -0.026000280554291901,-0.066680098887788461 -0.17647859449617542 -0.17970844328891478 -0.036520894589727022 0.088346868727161382 -0.11950534640909896,0.10732742749775162 -1.4671268212968744 0.067739406686049983 -1.5695028676263441 -0.031080131142334152 0.057422924106341006,0.57044984542777022 0.22560029294123618 -0.44820919948843518 -0.55882507667994896 -0.18685131839421548 -0.34997123396327923,21.436399030361027 -71.660275767758733 -40.684041211757048 -4.2071664576499241 0.90686584672102244 -0.023425657363225202,-0.15414543286919979 -16.138323872971341 -7.4050165745416336 -0.29133804559933196 0.16740076275822702 0.065246532755011799
ur,tetrapga,19.254857618,0.364822071,0.319840227,0.048875202,34.104711,41.511177,4.263088875,1,0,0,1.787938426,0.11499778,1,0,0,0,0 0 0.050000000000000003,0 0 0.050000000000000003,0 0 0.050000000000000003,wrist_3_link,8,0.04,10 0 0,0 0 0,,0.10159356880587346 -1.4683298820979294 0.072952918399980901 -1.5637975753060303 -0.029234124916480995 0.061004037622866741,0.052972903909939015 0.028410368917769109 -0.027505633502675375 -0.044476552638656526 -0.01946415795911929 -0.023469303153770639,0.34277436707267439 -1.4352385221034643 -0.080854534297430905 -1.7501223166812361 -0.11293857793055978 -0.030929908444226689,-0.072970624394586459 -0.17852816482393746 -0.17636635134273296 -0.030775898214155595 0.091679605817269527 -0.11787419799987539,0.10879728037449671 -1.46599412847279 0.066690345922760963 -1.5710536437377352 -0.031487717463883819 0.056307099379635461,0.54209779350065335 0.21677790300332828 -0.45697709387559493 -0.5504278029424523 -0.16632368610428622 -0.36329769600205575,21.647575472291358 -78.114838616892342 -43.531878848816952 -4.3965899043077528 0.94438978678412755 -0.023619700880101058,-0.17673958468685669 -16.123595339663552 -7.3312803554917423 -0.26606334886037075 0.16464910498355323 0.072458963268360321
ur,tetrapga,19.296501956,0.36361749,0.316211539,0.046982155,34.040001,41.510623,4.255000125,1,0,0,1.763070486,0.039302403,1,0,0,0,0 0 0.050000000000000003,0 0 0.050000000000000003,0 0 0.050000000000000003,wrist_3_link,8,0.04,10 0 0,0 0 0,,0.10322158526830909 -1.4672418580172337 0.072068097714282076 -1.5652865281240602 -0.029795808050330958 0.060111655870465568,0.033005022681728703 0.024910307346054671 -0.016860418435545133 -0.030440433169991159 -0.011536471889131442 -0.018348945775358495,0.3396054224757214 -1.4427129389007327 -0.088126362565304484 -1.7512839045283717 -0.10905370753696773 -0.035802831842082029,-0.079208069977419457 -0.18040656710758532 -0.17283963186938134 -0.025009945162490776 0.094868233770980567 -0.1161342894674473,0.11013709023814053 -1.4649394471126405 0.065672008997570863 -1.5725097336618958 -0.031828395985808146 0.055211938584391274,0.51595719217410718 0.20981826576784085 -0.46340161939948132 -0.54245598529576777 -0.14832915999228868 -0.3746798906833449,22.259276570567572 -83.929549492341977 -46.362649554045966 -4.6215598044235318 0.99025608180501901 -0.024413135972561138,-0.18962733416333322 -15.418420738039458 -7.0473233010789897 -0.32980360902183747 0.13603392358420763 0.056659136539394694
ur,tetrapga,19.338111732,0.362825771,0.316987016,0.048277829,34.091553,41.747534,4.261444125,1,0,0,1.761693911,0.01086641,1,0,0,0,0 0 0.050000000000000003,0 0 0.050000000000000003,0 0 0.050000000000000003,wrist_3_link,8,0.04,10 0 0,0 0 0,,0.10456364608178501 -1.466129604203013 0.071307892648592691 -1.5666194069441246 -0.030234193756064672 0.059236616774592313,0.027843525599223134 0.025623636465965448 -0.014883947121434184 -0.027793740991502763 -0.0091150765503789141 -0.018415459395587124,0.33618123765949304 -1.4502555732132363 -0.095241894496520527 -1.7522047247112931 -0.10504269898141495 -0.04059720670773246,-0.085364407184813543 -0.18210505067308441 -0.16914475169491416 -0.019250794912041888 0.097896865516495679 -0.11429346149274248,0.11129278500997378 -1.4639063646914816 0.064737474632916125 -1.5738420753437783 -0.032084245833799076 0.054144648612131141,0.49280211379232863 0.2035201204038376 -0.4690595321610328 -0.53468813955652505 -0.13161887356018051 -0.38495363872055166,22.509999474347751 -89.477558634716118 -48.912549562297158 -4.8011852144008902 1.0259982205493505 -0.024781036018251032,-0.10661461989644749 -15.931642444520548 -7.2416743822850549 -0.35794749925025826 0.13107756869653286 0.056840934720881364
ur,tetrapga,19.37995907,0.362023156,0.318572984,0.050112237,39.554254,46.970578,4.94428175,1,0,0,1.766427457,0.037172158,1,0,0,0,0 0 0.050000000000000003,0 0 0.050000000000000003,0 0 0.050000000000000003,wrist_3_link,8,0.04,10 0 0,0 0 0,,0.10592638377842363 -1.4649513584484646 0.070490990221371508 -1.5680147347009401 -0.030659706766001011 0.058285885522981751,0.028778079992485321 0.02645175140554782 -0.016628595557471249 -0.029341728868678373 -0.0089447319447639416 -0.020091652248655643,0.3324808379438039 -1.457908770688171 -0.10223946717983287 -1.7528892788420771 -0.10088507005383313 -0.045339580909792607,-0.091473730334550599 -0.18363202657016384 -0.16526094326031096 -0.013468112516919038 0.10078023202313358 -0.11234098922556801,0.11393891086447566 -1.4626843355273844 0.062282689367549229 -1.5766360058203648 -0.03270712837426442 0.05206676945427282,0.49846578081631432 0.18540969906163424 -0.48664553329991411 -0.53134571876225201 -0.12237716734107947 -0.38914855632840767,17.149835941697003 -91.294835725018501 -44.757424827212333 -3.9344895847605725 0.82873335939117976 -0.013747081152354644,-0.041354860718797681 -16.537038358839709 -7.4555113158997415 -0.36094594289443194 0.13303816522888923 0.061994481668378398
ur,tetrapga,19.427035048,0.361108507,0.321938135,0.055667019,34.032176,41.670627,4.254022,1,0,0,1.796839432,0.032012717,1,0,0,0,0 0 0.050000000000000003,0 0 0.050000000000000003,0 0 0.050000000000000003,wrist_3_link,8,0.04,10 0 0,0 0 0,,0.10748106487229485 -1.4636096316898504 0.069484781054268738 -1.5696501049207696 -0.031116093461401245 0.057128602679837569,0.036976202911858505 0.03088444698835462 -0.026176051399958353 -0.040714040981874165 -0.010348827094342134 -0.029847239681354405,0.32801488289743186 -1.4665896242915859 -0.10991265345368453 -1.7533705590594799 -0.096068250662246155 -0.050574140282066263,-0.098240991222774285 -0.18513110165315369 -0.1606967559645297 -0.006983233596868978 0.10382440556687862 -0.11002604866583457,0.11436196900347359 -1.4616914462348434 0.062033980681017384 -1.5772959566455322 -0.032728999056883173 0.051388550025419172,0.45649764876651217 0.1819421706217238 -0.48121932502002651 -0.51911266870366313 -0.10217351997588822 -0.40114201070447442,21.529071070159191 -97.487325357628308 -52.213114996922279 -4.9611399640543574 1.0518329754364244 -0.024503812052367711,1.7647282025035906 -14.390688206351115 -8.3500528027925611 -1.0839946512451206 0.076719934057464911 -0.3484126850824083
ur,tetrapga,19.468779469,0.360560591,0.318579117,0.051248785,28.5705,36.265462,3.5713125,1,0,0,1.82822318,0.054878804,1,0,0,0,0 0 0.050000000000000003,0 0 0.050000000000000003,0 0 0.050000000000000003,wrist_3_link,8,0.04,10 0 0,0 0 0,,0.1087319113539226 -1.4625089250023322 0.068619422630089411 -1.5709901911328539 -0.031453624461722091 0.056140866850255378,0.025598691539635426 0.023680684544587122 -0.017235082976709813 -0.027442362570499867 -0.0069392845998271016 -0.020268588336708276,0.32379035801878647 -1.474342132990198 -0.11653341738404628 -1.7535424906397785 -0.091680989130080756 -0.055122460295158396,-0.10414244921064642 -0.18626559713336233 -0.1564822395509031 -0.0012588448637365164 0.1063433271223759 -0.10787082202141945,0.11824208042718959 -1.4605027416744847 0.057925776816303329 -1.5814608490704396 -0.033528599007941598 0.048189048414791671,0.48501394065055614 0.1485880668382405 -0.5135255011273967 -0.52061157160728799 -0.099949997906293761 -0.39993771252727606,12.36116506712044 -94.940473850966441 -41.289628654141659 -3.1309848425480711 0.64310829992441776 -0.0028053937427578598,-0.0018949554388427714 -16.912099110250892 -7.5390233755303768 -0.37223490387714264 0.12678284011082042 0.062527321194494334
ur,tetrapga,19.505155969,0.359353041,0.32196735,0.053298124,28.568169,35.980332,3.571021125,1,0,0,1.875860103,0.02855546,1,0,0,0,0 0 0.050000000000000003,0 0 0.050000000000000003,0 0 0.050000000000000003,wrist_3_link,8,0.04,10 0 0,0 0 0,,0.11023114678968127 -1.4614069115934549 0.067438520045260339 -1.5726106027454021 -0.031840881841024585 0.054940984984023944,0.037016260199495707 0.026243656322721378 -0.029555357375964837 -0.039366788194929822 -0.0093356122410912321 -0.029183302213483604,0.31990971697617265 -1.4811335011730671 -0.12215698561218846 -1.7534979439298273 -0.087774829943611979 -0.059011084312616521,-0.10920451379723194 -0.18710424803192335 -0.15268572088333704 0.0037036016135374569 0.10839739404847705 -0.10591612202666283,0.12218796228636193 -1.4596273331636196 0.053693595523293988 -1.5856171395993677 -0.034318648506175053 0.044998347831038427,0.49323525618175024 0.10942605582210435 -0.52902269847953387 -0.51953635267017351 -0.098756194026968946 -0.39883759575201727,10.225129403828005 -88.679685908562675 -37.899028118833236 -2.814103300059962 0.56922729714118403 -0.0022276205878075249,0.028902770256763688 -17.588381053708872 -7.7120339424712938 -0.30659354734871158 0.13535945654359693 0.090020898236630842
ur,tetrapga,19.541241205,0.358646563,0.32006689,0.048458783,34.161241,41.736995,4.270155125,1,0,0,1.848686844,0.013199989,1,0,0,0,0 0 0.050000000000000003,0 0 0.050000000000000003,0 0 0.050000000000000003,wrist_3_link,8,0.04,10 0 0,0 0 0,,0.1114612381396405 -1.4604858588891223 0.066427358349572974 -1.5739623451743854 -0.03212420182327258 0.05389435845207978,0.029349066272742478 0.023630254602464644 -0.023779001742981278 -0.032476755359330214 -0.0066283893163667802 -0.025442898471234363,0.31587960861022368 -1.4878981302442142 -0.12759706888003722 -1.7532759045457913 -0.083828499765784478 -0.062797068950455046,-0.1141483628912577 -0.18779777842883083 -0.14880921670570635 0.0085976360458795507 0.11030328980991137 -0.10390824678784681,0.12016034144526512 -1.4589976546583336 0.05606348313842225 -1.583770839236591 -0.033771893298273431 0.046121647612675828,0.41696767646550337 0.13236766154503032 -0.49962426227467316 -0.49763714228051525 -0.068808522483507689 -0.4155882142528865,19.812907210423063 -101.50858426301428 -54.004994695641329 -5.018619765855175 1.0569310554540927 -0.024780835736557424,-0.16542167940235686 -15.991398496425973 -7.0231032005239911 -0.29445410530479421 0.11598995523210931 0.07852793830360838
ur,tetrapga,19.583078116,0.356730368,0.328137834,0.055689261,28.700622,36.042306,3.58757775,1,0,0,1.908038452,0.046992484,1,0,0,0,0 0 0.050000000000000003,0 0 0.050000000000000003,0 0 0.050000000000000003,wrist_3_link,8,0.04,10 0 0,0 0 0,,0.11347719455390973 -1.4591847780651741 0.064601334475564598 -1.5762082421421371 -0.032573326751518535 0.052150466400758023,0.047512388791645439 0.027410313344249849 -0.044417772176205517 -0.051857080173545796 -0.010236329423892512 -0.040222149330276222,0.31098582300985955 -1.4957688596240042 -0.13372647942215846 -1.7527982195836487 -0.07917038446006576 -0.067094131782621233,-0.11977896567926036 -0.18842891972024683 -0.14418190941585055 0.014229915552080226 0.11234639600485791 -0.10149667590533987,0.12368247221092835 -1.4582211679862656 0.051790537119019243 -1.587764910619081 -0.034305337469206422 0.042807262116236658,0.4402663751191046 0.097060820582238708 -0.53411830294002727 -0.49925897036676653 -0.066680529159136415 -0.41429821829872765,12.358849033009934 -98.298013880884227 -42.69324221684186 -3.2172001295272987 0.65762727839864077 -0.0029806240031604392,0.073024487291831974 -18.37745620703754 -7.8636197055185733 -0.23133977389716165 0.13804644415277778 0.12406046401056869
ur,tetrapga,19.619215925,0.353908317,0.336358321,0.058032812,28.57786,35.868365,3.5722325,1,0,0,1.958399163,0.022706806,1,0,0,0,0 0 0.050000000000000003,0 0 0.050000000000000003,0 0 0.050000000000000003,wrist_3_link,8,0.04,10 0 0,0 0 0,,0.11585823987891533 -1.4580201647245796 0.062284738795668815 -1.5788126194755256 -0.033083370488722036 0.05013820476080233,0.063125160436128244 0.025968792268314278 -0.063277031196059236 -0.067647323898265749 -0.013077196041640397 -0.052187395226267523,0.30657078244983899 -1.5025858320692478 -0.13886297896148156 -1.7521966996536205 -0.075080769487202811 -0.070723282262370887,-0.12455131287436842 -0.18882441611841586 -0.14007420717483349 0.019053617373253045 0.11396534974506144 -0.09934321623147449,0.11825013482898761 -1.45670915873817 0.058602493915165414 -1.5824092524108091 -0.033155250802242811 0.046612821112605118,0.29898686875903402 0.16387574830119464 -0.46028061006292498 -0.44957911691043861 -0.0089850391900972645 -0.44067295602465101,26.888715115313772 -126.77412536694258 -73.959450232692944 -7.2462934093137985 1.5390275971958634 -0.043794519198575854,0.10415951086974928 -19.150828076847574 -8.0185723136762306 -0.13847059177533083 0.14718501834074971 0.16096248834232085
ur,tetrapga,19.655181524,0.352820223,0.31638136,0.040047972,28.549651,36.143106,3.568706375,1,0,0,1.941308847,0.049690903,1,0,0,0,0 0 0.050000000000000003,0 0 0.050000000000000003,0 0 0.050000000000000003,wrist_3_link,8,0.04,10 0 0,0 0 0,,0.1173195200431411 -1.4574405365515084 0.060759870528886692 -1.5804015688153961 -0.033336469200843745 0.04884872568885084,0.029608971048164519 0.014109759008568045 -0.030717385424741759 -0.033182720779307104 -0.0047851236810126365 -0.027690030831456259,0.30200711328744317 -1.5093820274907961 -0.14382584086099634 -1.7514257291468152 -0.070954996312702606 -0.074256733022888946,-0.12921358866682367 -0.18908022666899821 -0.1358880827013122 0.023811564144893011 0.11544082054775287 -0.09713704115165038,0.12089643156398139 -1.4557311373409696 0.054464616194388894 -1.5860395722880374 -0.033206297494235995 0.043098804305223837,0.33078709187422178 0.1222526746500604 -0.51723471509706531 -0.45378998465353171 -0.006380836499148005 -0.43925210092266059,16.38464270183168 -124.74634747361395 -54.854586273356361 -4.1739161806172067 0.85470513304544837 -0.0043103757241720808,-0.56256481626996901 -13.21583091332559 -5.6229611973923568 -0.16964649776946317 0.085469749307264919 0.085555662864578608
ur,tetrapga,19.691429402,0.351401234,0.330048096,0.053628414,28.614158,36.142184,3.57676975,1,0,0,1.954215739,0.060033882,1,0,0,0,0 0 0.050000000000000003,0 0 0.050000000000000003,0 0 0.050000000000000003,wrist_3_link,8,0.04,10 0 0,0 0 0,,0.11895615638890301 -1.4565887650782992 0.059018367885026457 -1.5823047166438646 -0.033607443110268677 0.04725930832092412,0.047344632705388287 0.022730447204155818 -0.051381546424351415 -0.054121278424499659 -0.0075680609455648518 -0.045203829732980767,0.29723960610639416 -1.5162383586561345 -0.14867359022300378 -1.7504764134044253 -0.066745646874080855 -0.077736511064499053,-0.13382115158721114 -0.18919900491785127 -0.13157402516381642 0.028559196858849903 0.11678948477283557 -0.094851765636454866,0.12362592831077131 -1.4551776032656971 0.05013646871991996 -1.5896661708946467 -0.033253023377110398 0.039594358043421159,0.34118709334874031 0.069191759409056142 -0.54101843430861629 -0.45332482582615646 -0.005840735359300098 -0.43805578272533485,14.061404640395075 -116.30627790015518 -49.660615663977531 -3.6939572490367265 0.74758067909862946 -0.0031925510067940298,-0.023645024990173624 -17.697376628401798 -7.3634400754147009 -0.16549543891505891 0.11905548036506275 0.1394454441436892
ur,tetrapga,19.727679809,0.3527279,0.315377657,0.024083167,28.637664,35.998069,3.579708,1,0,0,1.995243191,0.100000972,1,0,0,0,0 0 0.050000000000000003,0 0 0.050000000000000003,0 0 0.050000000000000003,wrist_3_link,8,0.04,10 0 0,0 0 0,,0.11919187077370683 -1.4562378577950552 0.058714106206588713 -1.5826527481798045 -0.033543460617606262 0.046826037910439544,-0.0070707686502705196 0.014252246134636949 0.0096649393038522446 0.0031502060905889634 0.0037261962386112113 -0.0021662028102763849,0.29230644294316199 -1.523096946222674 -0.153363615130331 -1.7493558564481901 -0.062489649151644538 -0.081132590156381523,-0.13833425952565659 -0.1891783575072527 -0.12716814280928315 0.03325485309260983 0.11799809426512198 -0.092506134264276868,0.12641189346406997 -1.4550239725468117 0.045654223962564494 -1.5932875232678376 -0.033291547991169061 0.036101167791748663,0.34824564416233217 0.019203839860674907 -0.5602805946694337 -0.45266904664887103 -0.0048155767573332111 -0.43664878145906222,12.659192053436083 -107.81219696720439 -45.812278788514824 -3.3878925464696348 0.68433053818323286 -0.0028517099912935728,-1.1363981836675521 -7.9474452049798856 -3.5188399543220612 -0.23122867055644747 0.026954145225275283 0.0069604356061461203
ur,tetrapga,19.763778863,0.353725011,0.325941623,0.052078513,28.529139,35.96485,3.566142375,1,0,0,2.063964442,0.089064301,1,0,0,0,0 0 0.050000000000000003,0 0 0.050000000000000003,0 0 0.050000000000000003,wrist_3_link,8,0.04,10 0 0,0 0 0,,0.11955584509811815 -1.4551780517952757 0.058246176475542567 -1.5834253391260888 -0.033457585856142856 0.045916140274113518,0.013272370593814652 0.032917793868816263 -0.016864758087916501 -0.025161919117385325 0.0020647567405919572 -0.028605657337017105,0.28723304595238791 -1.529923653333926 -0.15787375805419265 -1.7480718288310266 -0.058210416041924298 -0.084428938440663515,-0.14273131697156055 -0.18901950146285912 -0.12269369093685099 0.037874539382579744 0.11906132522827831 -0.090112344385265483,0.12924567859970798 -1.4552372666749438 0.041033486094978505 -1.5969028477915677 -0.033321712537427148 0.032619367920559909,0.35422314195474969 -0.026661766016502463 -0.57759223344824862 -0.45191556546626543 -0.0037705682822606326 -0.43522498389859382,11.460588113010528 -99.764899817242039 -42.261332277140454 -3.1104527544074618 0.62767280779572743 -0.0025882526494890659,0.043703403444169453 -17.185909239003195 -7.2806691492124571 -0.33610424211383361 0.088670741343179316 0.08821975862996112
ur,tetrapga,19.799846773,0.353343198,0.331032042,0.064342968,34.128424,41.489,4.266053,1,0,0,2.027356549,0.020090856,1,0,0,0,0 0 0.050000000000000003,0 0 0.050000000000000003,0 0 0.050000000000000003,wrist_3_link,8,0.04,10 0 0,0 0 0,,0.12056064112802505 -1.4537987404657728 0.056863294933997728 -1.5850456411597136 -0.03341277488072459 0.044214896348935114,0.029541376378194165 0.032975523816656367 -0.042292614392926642 -0.045282250798456672 0.0010320615251080676 -0.046913873654916317,0.28200729354571619 -1.5367362629023611 -0.16221719256742131 -1.7466234365419808 -0.053899079537375216 -0.087635127753250455,-0.14702476814764642 -0.18872333378466793 -0.11814046780744029 0.042429764603061068 0.11998287708710582 -0.087664765297516489,0.12713076314709601 -1.4541981772943178 0.044795463721152423 -1.5943377942842292 -0.033149352536337794 0.034841832313674055,0.27845041040368645 0.039978284505069316 -0.51911584916696107 -0.42044372607356079 0.027236396592259737 -0.44691247763418207,17.794456063620501 -120.89772534340429 -61.609415897986949 -5.3554846624587142 1.1150644528334868 -0.023385816343210762,0.52470330548680977 -21.23317952999696 -8.820111527598101 -0.32362564194863808 0.11425253851066941 0.14457184619755026
ur,tetrapga,19.841415565,0.351630238,0.330911552,0.064212808,28.571839,35.956202,3.571479875,1,0,0,2.103220228,0.083450138,1,0,0,0,0 0 0.050000000000000003,0 0 0.050000000000000003,0 0 0.050000000000000003,wrist_3_link,8,0.04,10 0 0,0 0 0,,0.12228276264796686 -1.452511836582679 0.054313254346476929 -1.5875536507003776 -0.033394119819359892 0.041686980202587827,0.040341678222376651 0.02122836030862504 -0.062349973038287425 -0.056683859547917069 0.00047870772455849489 -0.05671485250156251,0.27579497464376268 -1.5445712690706475 -0.16701741160449624 -1.7447519294406042 -0.048892456264804492 -0.091219471980164044,-0.15184556052926107 -0.18821221502519098 -0.11279570261573883 0.047599236048975542 0.12086947455928231 -0.084777169174300684,0.12946133613687447 -1.4542422654029783 0.040324724591641756 -1.5977148707668034 -0.032921079361889101 0.031276543764146056,0.29132162372230613 -0.0055110135825631387 -0.55884239118883383 -0.42213456032177349 0.028534146806086635 -0.44566106869100031,13.857949836629743 -115.20230833113247 -49.799085716517695 -3.7148909888145685 0.75255359714875936 -0.0036378796037328659,0.47034747079851513 -21.190226581402385 -8.6237724935556912 -0.2330899680573566 0.11156159303186541 0.17481635303846588
ur,tetrapga,19.877489779,0.34900649,0.332613196,0.061438369,34.0829,41.585573,4.2603625,1,0,0,2.07908187,0.011624695,1,0,0,0,0 0 0.050000000000000003,0 0 0.050000000000000003,0 0 0.050000000000000003,wrist_3_link,8,0.04,10 0 0,0 0 0,,0.12425994026966042 -1.4517611703744928 0.051242773702320499 -1.5902780681283712 -0.033392542891149922 0.038996041956499236,0.049279368879506319 0.0093509796456890081 -0.079566976704939646 -0.065898224629090604 0.00021068997387539863 -0.064745053540665787,0.27024353552008079 -1.5513506393175662 -0.17100154663003572 -1.7429550366877513 -0.044520638488001932 -0.094231690319978703,-0.15591536812739129 -0.18762198231205704 -0.10807783931614488 0.052010843267890197 0.12148588563056872 -0.082215582693289976,0.12869045433479365 -1.4528182664326141 0.041677847416799169 -1.5971062398684108 -0.03269789898487746 0.031525653342219753,0.22872701644077598 0.022931432015185309 -0.51323771627274484 -0.38872130260294435 0.057364017705255857 -0.45132993976286184,17.046903508853362 -128.53632944294364 -64.080928119045566 -5.417686312748871 1.1226077774698733 -0.021841927471908364,0.31448000486204819 -20.274661838209795 -8.0623492343319469 -0.12811408460311213 0.10231117632220332 0.19962331263752731
ur,tetrapga,19.919176725,0.348782142,0.310911372,0.034025896,28.554322,36.018971,3.56929025,1,0,0,2.151295416,0.085941996,1,0,0,0,0 0 0.050000000000000003,0 0 0.050000000000000003,0 0 0.050000000000000003,wrist_3_link,8,0.04,10 0 0,0 0 0,,0.12536196236555291 -1.4517859535457769 0.049359272058499042 -1.5917160616833432 -0.033326075051919354 0.037520013146205539,0.019415921285734938 0.0012230385801684932 -0.032785040494711676 -0.025912394981320756 0.0015486971433297449 -0.027193806902469163,0.26364818360027609 -1.5591549190245146 -0.17539185745268501 -1.7406821668064381 -0.03944445650079971 -0.097596246686034213,-0.16048302072449214 -0.1867711432703382 -0.10253964484416787 0.057016943989841397 0.12202052950308075 -0.079193778836509895,0.13058873449251229 -1.4530345160553177 0.037246975458797786 -1.6002298964710335 -0.032230771982766505 0.027925726349252104,0.23728501971482929 -0.027031202837953575 -0.55385899475017297 -0.3904570753278262 0.05839087526386938 -0.44999087412095617,14.476790701724164 -121.79578146907359 -52.549467554691866 -3.908694503925263 0.78954761154359865 -0.0038638825788185425,-0.80405647791667434 -11.228545585241591 -4.419272583648393 -0.097572604364358995 0.04237056296749131 0.08407579478070204
ur,tetrapga,19.95529033,0.348227714,0.322060392,0.051064216,34.036826,41.679505,4.25460325,1,0,0,2.151059193,0.032600652,1,0,0,0,0 0 0.050000000000000003,0 0 0.050000000000000003,0 0 0.050000000000000003,wrist_3_link,8,0.04,10 0 0,0 0 0,,0.12648231174517374 -1.451376401449149 0.04744636271055544 -1.5933580181408433 -0.033227323460314942 0.03577759162212818,0.029961573547328986 0.0084529309045791381 -0.052379637944671598 -0.043122740259527587 0.0027059223443183862 -0.045701336529776919,0.25778294455421047 -1.5658843690356068 -0.1790072270184907 -1.7385460490981897 -0.03503184705077262 -0.10040816677415561,-0.16431970717171221 -0.18588871337841417 -0.097671960291332058 0.061269550956242043 0.12232937705478673 -0.076524861861957921,0.12996403863585401 -1.4521432543921173 0.038320089858612752 -1.5996513312705958 -0.032042997057016437 0.028213515969717516,0.17856443962637636 0.0077755450145229471 -0.50332240325798172 -0.35717174558215681 0.0857563330655364 -0.45476787699657828,16.986798739000893 -135.60508027177249 -67.422123213450163 -5.647171705908038 1.1679011378185993 -0.02254401065734846,-0.05878008705690263 -16.851191201029906 -6.6543782189060892 -0.15558308476738603 0.072106252559038353 0.14097231079358608
ur,tetrapga,19.997061804,0.348697665,0.316583236,0.037870067,28.676852,36.266443,3.5846065,1,0,0,2.221078295,0.113819691,1,0,0,0,0 0 0.050000000000000003,0 0 0.050000000000000003,0 0 0.050000000000000003,wrist_3_link,8,0.04,10 0 0,0 0 0,,0.12733328216863748 -1.4510440258766926 0.045852592914650804 -1.5946603230131244 -0.033066221563088236 0.034298676467408619,0.014841432896832931 0.010442138966022595 -0.027560413290677346 -0.024043867076378695 0.0034650786969228301 -0.028156509832479998,0.25082882472885537 -1.5736250301042172 -0.18296823925488417 -1.735885751331822 -0.02991757522968588 -0.10353927684799753,-0.16861471054156876 -0.18470103434040372 -0.091966694515733277 0.066085496067206179 0.12250775545337285 -0.073381509747672796,0.13144043245521059 -1.4525080404121216 0.033946169779205261 -1.6025241739501142 -0.031350615660829459 0.024585888064305728,0.18454922741957294 -0.045598252500521859 -0.54674000992593597 -0.35910533493979563 0.086547674523372461 -0.45345348817647352,15.192731633188961 -128.25817728760185 -55.329640538771045 -4.1104110879479396 0.82896267059380968 -0.0041373170643564383,-0.59830230473335178 -12.497122198022225 -4.8824083592571696 -0.13612826768621744 0.042114748710773142 0.086990976140228327
