robot,backend,t,tracking_error,velocity_error,torque_ratio,solve_time_ms,cycle_time_ms,realtime_ratio,iterations,converged,failed,best_cost,final_stop,plant_mass_scale,plant_payload_mass,controller_payload_mass,model_payload,plant_payload_com,controller_payload_com,payload_com_attachment,external_force_body_name,external_force_start_s,external_force_duration_s,external_force,external_torque,failure_message,q,dq,q_ref,dq_ref,q_cmd,dq_cmd,u_cmd,effort
ur,tetrapga,0.00004093,2.217730348,1.75420158,1,42.36241,51.157194,5.29530125,1,0,0,0.255857635,85.136209848,1.2,0,0,0,0 0 0.050000000000000003,0 0 0.050000000000000003,0 0 0.050000000000000003,wrist_3_link,-1,0,0 0 0,0 0 0,,1.7746315151212245e-05 -0.00052123965975223727 0.00096103130351844063 -0.0047207207629675566 -5.0894163509546307e-05 2.5309156429011715e-06,0.0058932346926633874 -0.15940098761517191 0.28385649995732054 -1.5597448346859915 -0.014029553252741224 0.00069506342484935925,6.1628950540342631e-07 -1.5707933207804647 5.5324497840918632e-06 -1.5707898674306631 6.4031449341576789e-06 6.0621854470375469e-06,0.015063512619931076 0.073448026149040932 0.13517331964416224 0.1578178714770016 0.15644251042152044 0.14811068395419461,0.00013105900246108011 -1.5701975975313143 0.0010943192305270762 -1.5695227157559775 0.0012597148793262265 0.0011903518790640313,0.017547075482229564 0.07548168328783933 0.13702108658490916 0.15896715189530281 0.15688236870386407 0.14795963869634793,0 0 0 0 0 0,-1.3677846032707155 -330 -70.207317193278215 -56 2.3291758144145129 -0.1163604569066502
ur,tetrapga,0.051258849,2.209033163,1.762221097,1,41.915542,49.714633,5.23944275,1,0,0,0.313868837,84.27237249,1.2,0,0,0,0 0 0.050000000000000003,0 0 0.050000000000000003,0 0 0.050000000000000003,wrist_3_link,-1,0,0 0 0,0 0 0,,1.7746315151212245e-05 -0.00052123965975223727 0.00096103130351844063 -0.0047207207629675566 -5.0894163509546307e-05 2.5309156429011715e-06,0.0058932346926633874 -0.15940098761517191 0.28385649995732054 -1.5597448346859915 -0.014029553252741224 0.00069506342484935925,0.0011791223364717928 -1.5666998662472256 0.0072280457552450885 -1.5625230229532172 0.0080862582378964012 0.0075638481827059231,0.030949181050154862 0.086348837410561444 0.14676111627609931 0.16487251679607148 0.158940688715418 0.14692624537497628,0.00028136784555935195 -1.5695856316790229 0.0021978330320931981 -1.5682464394410853 0.0025164721324316647 0.0023733828134497371,0.020030018971918494 0.077508653753588619 0.13885505241236407 0.16009901707474616 0.15730388512117688 0.14779599678509284,0 0 0 0 0 0,-1.3677846032707155 -330 -70.207317193278215 -56 2.3291758144145129 -0.1163604569066502
ur,tetrapga,0.101060304,1.837561008,9.671888126,1,35.313198,43.250062,4.41414975,1,0,0,7.734539146,61.408850524,1.2,0,0,0,0 0 0.050000000000000003,0 0 0.050000000000000003,0 0 0.050000000000000003,wrist_3_link,-1,0,0 0 0,0 0 0,,0.0010013074746763571 -0.028008265116773647 0.016796240492713683 -0.54285906076368784 -0.00026661422434031844 7.6097696533337138e-05,-0.0044748180557087078 -0.70134023859854344 0.15780397386738043 -9.465735252945354 0.028522873993800303 0.010276008531839038,0.0031039490958514994 -1.562093214041443 0.014805730744091389 -1.5541558882504174 0.016047120997333762 0.014842077861879313,0.046338209358200662 0.098601134431798687 0.15745837168154139 0.17103022150209257 0.16064356130373519 0.14528327636146987,0.00045153723543624055 -1.5689574772727757 0.0033159629082873347 -1.5669611781531376 0.0037765280517060738 0.0035550542796524689,0.022512185996592455 0.079528798663313069 0.14067508295625217 0.16121338091211382 0.15770703050052348 0.14761977440758003,0 0 0 0 0 0,-4.2559918960290926 -330 -121.90044010260594 56 0.36158802281544178 0.087945650241826545
ur,tetrapga,0.144427652,1.626947992,7.151630213,1,34.098223,41.314872,4.262277875,1,0,0,3.806902904,48.457698146,1.2,0,0,0,0 0 0.050000000000000003,0 0 0.050000000000000003,0 0 0.050000000000000003,wrist_3_link,-1,0,0 0 0,0 0 0,,0.00044316704858369469 -0.06744205657759797 0.023050362001195028 -0.89437453319163596 0.00015073774520623091 0.00045582830852543841,-0.019222967586709234 -1.1648922427536201 0.11718631619565764 -6.857816740690537 0.0070788155901655965 0.0073390436220007998,0.0054027550354658876 -1.5575905147057223 0.021827481333826646 -1.5466330586648869 0.023035216143999684 0.021104444763654931,0.059663271628271897 0.10901046415917334 0.16629166729593012 0.17581422491534957 0.16153971728875485 0.14346211704942577,0.00064156033208035432 -1.568313189471199 0.00444859684320917 -1.5656670722431405 0.0050397355568185488 0.0047352657010546109,0.024993419488172117 0.081541979540961707 0.14248104496190792 0.16231015854767628 0.1580917770685234 0.14743098846001723,0 0 0 0 0 0,6.9441920545528149 -330 -117.94410489710016 38.193490649266096 0.77406051204998239 0.0013837070635043247
ur,tetrapga,0.185820483,1.490310279,5.070972143,1,35.578144,42.952397,4.447268,1,0,0,1.959264557,39.127803143,1.2,0,0,0,0 0 0.050000000000000003,0 0 0.050000000000000003,0 0 0.050000000000000003,wrist_3_link,-1,0,0 0 0,0 0 0,,-0.00034398531201756369 -0.12409014331739748 0.027157309315334052 -1.1173611232814824 0.00075489562814206376 0.0010835733673257555,-0.019289040996410229 -1.6398736520888102 0.083212371651022535 -4.5705521827667166 0.011785821497869095 0.013025031003105529,0.0081340941618366532 -1.5528768693727495 0.028877713718887678 -1.5392699726031396 0.029730651992154109 0.027000959366015917,0.072291864277654785 0.11869967712855925 0.1742857117789777 0.17986781667450458 0.16188406748815248 0.14138878471917182,0.00085142903906034113 -1.5676528245390735 0.0055956217586105852 -1.5643642627359864 0.0063059473508554533 0.0059139166390411975,0.027473562411114993 0.083548058325250044 0.14427280609839532 0.16338926637069948 0.15845809845317066 0.14722965654669304,0 0 0 0 0 0,11.353248346243598 -330 -116.55042277070484 22.218538078466736 1.1522033707454797 -0.025800962998340893
ur,tetrapga,0.228908672,1.369395993,3.89776188,1,34.073425,41.280312,4.259178125,1,0,0,1.707224215,30.699164445,1.2,0,0,0,0 0 0.050000000000000003,0 0 0.050000000000000003,0 0 0.050000000000000003,wrist_3_link,-1,0,0 0 0,0 0 0,,-0.001105110339121765 -0.20387996761122673 0.030267279855919812 -1.2718380943051288 0.0015481217497136457 0.0019130794587011409,-0.017591923313514557 -2.1305251374700998 0.059387227736791538 -2.9830527324844804 0.015591992627471506 0.016633293918346184,0.011530190946344514 -1.5475499039402743 0.036558257286350274 -1.5314385470326977 0.036704178874531652 0.033040503051746675,0.085321039059671949 0.12851066560860896 0.18213623645375079 0.18354629516977436 0.16171200953925391 0.13888734213563608,0.0010811340038180215 -1.5669764398439854 0.0067569235213178012 -1.5630528913204382 0.0075750159315383925 0.0070909067986605302,0.029952457770624892 0.085546897377479503 0.14605023496657479 0.16445062202487379 0.15880596968555985 0.14701579697896469,0 0 0 0 0 0,14.758284868540645 -330 -115.18418956291131 11.532221652339103 1.3315001147831751 -0.043481701908655523
ur,tetrapga,0.27026165,1.254250875,3.493158301,1,34.319313,41.945089,4.289914125,1,0,0,2.092608415,23.394782551,1.2,0,0,0,0 0 0.050000000000000003,0 0 0.050000000000000003,0 0 0.050000000000000003,wrist_3_link,-1,0,0 0 0,0 0 0,,-0.0018119065948769919 -0.29879416807525983 0.032497919821449429 -1.3686150271389059 0.002462289520757921 0.0028424160247493982,-0.018528221295963706 -2.5867877232305805 0.04461992135166086 -1.9839977404545577 0.018715448808023324 0.019200917744298766,0.015314738619946438 -1.5420457660900095 0.044237856203961999 -1.5237844694095981 0.043379243732976934 0.038728647597975466,0.097691561791848625 0.13764455596032343 0.18920317642786738 0.18654976417917252 0.16103873299077209 0.13616216029691239,0.0013306646180271916 -1.5662840938529139 0.0079323869507178322 -1.5617331003390751 0.008846793602455591 0.0082661360342765697,0.032429948620859683 0.087538359489334291 0.14781320110711552 0.16549414441366397 0.1591353672015168 0.14678942877421097,0 0 0 0 0 0,19.140005885708735 -330 -113.8592395679554 4.9743491805993472 1.4077404914384299 -0.0554969924344757
ur,tetrapga,0.312277241,1.129386348,3.532577925,1,34.171729,41.754229,4.271466125,1,0,0,2.706787035,16.772506784,1.2,0,0,0,0 0 0.050000000000000003,0 0 0.050000000000000003,0 0 0.050000000000000003,wrist_3_link,-1,0,0 0 0,0 0 0,,-0.0026123107294579442 -0.41180705742398499 0.034234708770649748 -1.4328568807007669 0.0034662476851119437 0.0038387391311818717,-0.021928269322598067 -3.0372917418920604 0.034990774354211676 -1.3164853966267418 0.021167962538695715 0.021065973410555983,0.019680653102471045 -1.5360728164513717 0.052329747116323107 -1.5158917095164213 0.050122128869436601 0.044385807392245472,0.11010388967180912 0.14662410901141312 0.19589949862231745 0.18906603970098135 0.15984677299878583 0.13307311095049423,0.0016000090180180793 -1.5655758461287572 0.0091218958263088266 -1.5604050327781909 0.010121132484305961 0.0094395043552127911,0.034905878073137005 0.089522307890655239 0.14956157500845343 0.16651975370558073 0.15944626884313559 0.14655057165474941,0 0 0 0 0 0,25.141395003942993 -330 -112.55100093624269 0.66246986742225999 1.4430529256662936 -0.064019594006438751
ur,tetrapga,0.354114441,0.983494049,3.824586159,1,34.187125,41.796454,4.273390625,1,0,0,3.500463791,10.896986495,1.2,0,0,0,0 0 0.050000000000000003,0 0 0.050000000000000003,0 0 0.050000000000000003,wrist_3_link,-1,0,0 0 0,0 0 0,,-0.0036283688100996617 -0.54988522804825246 0.035720164144898245 -1.4770520654373684 0.0045980418894875988 0.0049389826661603497,-0.026686454752414077 -3.5128106331308144 0.028033292150904738 -0.8531389015483154 0.022451408828760233 0.021855255210974357,0.024542565810053686 -1.5297569543163421 0.060656445126617158 -1.5079387431694113 0.056776014965669593 0.049883366265768926,0.12228521924649405 0.15524719873270071 0.20206881627927931 0.19102977908720969 0.15815407929663675 0.12968222232882104,0.0018891540852674395 -1.5648517573267964 0.010325332895313849 -1.5590688322576542 0.011397884526155085 0.010610911931387249,0.037380089304137464 0.091498606257190335 0.15129522811469392 0.16752737133937246 0.15973865386022068 0.14629924604671884,0 0 0 0 0 0,32.832155311848318 -330 -111.245738651477 -2.2963161248244432 1.4615952343073637 -0.068465156693200413
ur,tetrapga,0.396035384,0.82771688,4.221001837,1,34.025664,41.29865,4.253208,1,0,0,4.443630258,6.693249101,1.2,0,0,0,0 0 0.050000000000000003,0 0 0.050000000000000003,0 0 0.050000000000000003,wrist_3_link,-1,0,0 0 0,0 0 0,,-0.0047697269157722872 -0.70020833843025088 0.036947858498175334 -1.504421618871028 0.0057460838636549426 0.0060366948025730085,-0.030521142658301862 -3.9789177934319779 0.024267639583358949 -0.56107139302024922 0.023656217785193365 0.022649337358107435,0.02992126005710399 -1.5230735677881582 0.069248008696843846 -1.4998988972813136 0.06336165269991953 0.055243143217786221,0.13429095981814276 0.16355216843347775 0.20773830821977352 0.19245042942449386 0.15595571332381133 0.12597557460953379,0.0021980854469542564 -1.5641118891910974 0.011542579880357654 -1.5577246430207254 0.012676901516702338 0.01178025909893857,0.039852425564104954 0.093467118718321265 0.15301403283345921 0.16851692002913801 0.16001250291163446 0.14603547307892617,0 0 0 0 0 0,40.810847344326291 -330 -110.10535308371422 -4.1448569037565903 1.468410331707485 -0.072314991907845183
ur,tetrapga,0.437417489,0.654983458,4.684475809,1,28.632615,36.235347,3.579076875,1,0,0,5.535729267,4.50805037,1.2,0,0,0,0 0 0.050000000000000003,0 0 0.050000000000000003,0 0 0.050000000000000003,wrist_3_link,-1,0,0 0 0,0 0 0,,-0.0060141380855513417 -0.86964080819883605 0.038045438212063638 -1.5222889146065077 0.0069174117078807358 0.0071436386831680498,-0.03155579778213416 -4.4694706590034992 0.02222667200678962 -0.36568355087726268 0.024678495576597546 0.023329402550669173,0.035720008457583961 -1.516141736898025 0.077951588344107509 -1.4919152050814033 0.069762087490078326 0.060375433686125947,0.14592530161942663 0.17140526482476309 0.21282010514546831 0.19331220797022677 0.15329735190430438 0.12201980784823815,0.0025267874765810463 -1.563356304550851 0.01277351748720605 -1.5563726099238344 0.01395803509555844 0.012947446365842554,0.042322730185043816 0.09542770986476598 0.15471786254367989 0.16948832376935907 0.16026779806654973 0.14575927458165827,0 0 0 0 0 0,48.164028235258371 -330 -109.06481960821759 -5.371824941156774 1.4701293110494085 -0.075530867217050712
ur,tetrapga,0.473718655,0.485767111,5.085069238,0.645587978,34.045299,41.447739,4.255662375,1,0,0,5.637873753,4.815561638,1.2,0,0,0,0 0 0.050000000000000003,0 0 0.050000000000000003,0 0 0.050000000000000003,wrist_3_link,-1,0,0 0 0,0 0 0,,-0.0070419704215151351 -1.0392639812383473 0.038672040760298003 -1.5328570503617787 0.0080272503993810522 0.00817613839800551,-0.017571718665168275 -4.8740795231803267 -0.071411690708272663 -0.25085230640927531 0.028455479418737543 0.024756007504750682,0.041199565436277202 -1.5097989819291802 0.085751544092006873 -1.484890830388863 0.075278576363890556 0.064738267277176506,0.15593758478034855 0.17799984329534624 0.21684812827491981 0.19362393686124177 0.15057055832974722 0.11831246108464988,-0.001832941509871149 -1.3175845402613788 0.023008227055907986 -1.542943866472301 0.013058159782387675 0.012255181236178506,0.05369817998896384 -2.0338118756068817 -0.33889745801391824 0.20910799413824929 0.2582480364566585 0.21160094009475117,-10.892557780444513 275.84135226169099 98.474422813823523 7.4361919077556928 -1.4137176887188132 0.014837880565654115,50.262993604277838 -213.04403279337566 -89.360868925795074 -4.9770311720021709 1.2548587793462715 -0.083132540979597991
ur,tetrapga,0.515231619,0.315421735,4.404203389,0.930790107,28.663782,36.177499,3.58297275,1,0,0,5.195224599,4.765019645,1.2,0,0,0,0 0 0.050000000000000003,0 0 0.050000000000000003,0 0 0.050000000000000003,wrist_3_link,-1,0,0 0 0,0 0 0,,-0.0041801401888436731 -1.221613183769523 0.023856910112369834 -1.5416131895774456 0.0096636635240194141 0.0093157301799901854,0.14157099746722859 -4.1370658869028185 -0.51743930341612376 -0.19400561625340546 0.041189502867326318 0.024971834699188383,0.047906593778764953 -1.5022591040235862 0.094840621153462173 -1.4768542338202271 0.081456855992346894 0.069557231818543119,0.16714760875239057 0.18519089948013237 0.22095297981833578 0.19347016120195473 0.14700609362271189 0.11380770486294552,-0.00094595825516721635 -1.3326301740758781 0.021046760771318847 -1.5423933941024783 0.017179900778239283 0.014949051975897271,0.11148924881038316 -1.8802184848440719 -0.2447655466068385 0.069042005245306057 0.51527138459268751 0.33665808181788365,-25.693807446778912 245.28451964345118 108.84187818136797 7.7721475525484092 -1.4381145059143978 0.0098130892464332285,-31.7210236625167 307.16073515133121 132.31922873086108 11.102623041510014 -2.1243399583401938 -0.067327246719230516
ur,tetrapga,0.551479808,0.225684468,3.494138374,1,28.574113,35.853693,3.571764125,1,0,0,4.823307092,2.443967481,1.2,0,0,0,0 0 0.050000000000000003,0 0 0.050000000000000003,0 0 0.050000000000000003,wrist_3_link,-1,0,0 0 0,0 0 0,,0.00088909755563316658 -1.3447172652441919 0.0041827610569701683 -1.5468706613002159 0.011222863768153221 0.010344152753425411,0.13191786814831802 -3.1887055007537133 -0.58918517308640184 -0.13025569085534264 0.039735157195332237 0.026372826329316739,0.054139389851566293 -1.4954372931736699 0.10290793269730064 -1.4698505468397989 0.086723270441302 0.073607803949409648,0.17671198897546611 0.19115369220072076 0.2240927021833134 0.1928902118856532 0.14351012576297983 0.10964875496161595,0.00038114978353755873 -1.346449836122015 0.019445416023913732 -1.5415149539741488 0.020746322159163819 0.017372633044286767,0.1665042150296113 -1.7269741005454966 -0.19975419683226986 0.11003338077143451 0.44585178238170398 0.30286878495267672,-26.078168322106581 227.41113654299255 99.883781853096224 7.5972392853418569 -1.5413459835622962 0.008663871520141371,-52.100056015248335 330 150 12.353513704106263 -2.4802067463729358 -0.069649961886945277
ur,tetrapga,0.58740761,0.198022488,2.645500788,1,28.586227,35.825599,3.573278375,1,0,0,4.798797203,0.386503119,1.2,0,0,0,0 0 0.050000000000000003,0 0 0.050000000000000003,0 0 0.050000000000000003,wrist_3_link,-1,0,0 0 0,0 0 0,,0.0037536144360903923 -1.4434303165147173 -0.014032554102976264 -1.5498268842189962 0.01219634457508284 0.010965338196507515,0.053743250820604611 -2.3590090278948246 -0.41371322641401154 0.064746035281371545 0.020146245549151544 0.013073513340856982,0.060655290270976561 -1.4884678795519257 0.11100878730802265 -1.4629368920746677 0.091811820072143724 0.077470160002805488,0.18597248011459827 0.19676347416375192 0.22678991173145774 0.19190562538684469 0.13969808987161406 0.10532474951367483,0.0020973795815418376 -1.3591262390462053 0.018159460509050575 -1.5403394034634732 0.023794490679573926 0.019553459614759884,0.21514376410134806 -1.58406883040016 -0.16033441576082097 0.14716756662284569 0.38106552146151212 0.27252139094897559,-25.864536314263454 210.59364909594387 92.357886571697549 7.0173455928431281 -1.424217087012013 0.0079701690147811685,-50.72252722431957 330 150 -53.44790372702937 -3.333182324874393 0.053020596874617354
ur,tetrapga,0.623302664,0.212425718,1.912914991,1,28.581922,35.842637,3.57274025,1,0,0,3.785737052,1.373209099,1.2,0,0,0,0 0 0.050000000000000003,0 0 0.050000000000000003,0 0 0.050000000000000003,wrist_3_link,-1,0,0 0 0,0 0 0,,0.0054372203471995031 -1.5109118663819192 -0.022790786610937402 -1.5486272385929902 0.013772930763805737 0.011987292639667312,0.042092557806284708 -1.6647487236616185 -0.10613147183025023 0.030713288633304539 0.046228324693740663 0.030011036705661916,0.067493405412725235 -1.48130903422934 0.1191915529393662 -1.4560721668878827 0.096752858586540536 0.081170336706405485,0.19499410084135937 0.20206111410106703 0.22906738898690626 0.19051538713613639 0.13555069991850568 0.10080960877675635,0.008682040774427701 -1.5225058155965125 -0.02290613530049334 -1.5442271400589607 0.017516367067036194 0.013022536155971222,0.40560255340352469 -1.4492436518241676 -0.014418586194492142 0.55001231675369155 0.46792953790380704 0.12940543953798872,-28.775631126739114 330 150 11.907789185266791 -2.0258666121218374 0.039360602232699216,-47.774644059608427 330 150 11.074344412806568 -2.4365848045090246 -0.080536738483559134
ur,tetrapga,0.659209542,0.236599911,1.139457266,1,28.708088,36.291912,3.588511,1,0,0,2.427099665,1.122799617,1.2,0,0,0,0 0 0.050000000000000003,0 0 0.050000000000000003,0 0 0.050000000000000003,wrist_3_link,-1,0,0 0 0,0 0 0,,0.0069975867379894734 -1.5565217507220697 -0.022727930561332731 -1.5474486000117582 0.01599891098661262 0.013469995729693176,0.038439678241444876 -0.88528428574280538 0.020477264064802832 0.030095524717669981 0.058972035713098274 0.039578248067974019,0.074653446960475933 -1.4739632108904039 0.12745124759803067 -1.449262385896795 0.10154059610581496 0.08470616499942335,0.2037761821159908 0.20704538360741875 0.23092396853532704 0.18871954101784336 0.13106973540465153 0.096103673220462288,0.011224478855009167 -1.5621645948512841 -0.021719316961413087 -1.5440344560321726 0.019037326677268138 0.015844851819146535,0.52836151462746173 -0.70535551615179315 0.12607669998995533 0.42676799744820981 0.37980196133193955 0.29685701118166991,-14.20650859990042 256.99765519248086 121.22856771293478 9.3579104450838848 -1.5019015476101192 0.039929246483690603,-47.172495835978403 330 140.64245791636438 10.247338742499778 -2.3067382389741127 -0.11278374928321
ur,tetrapga,0.695629859,0.256176004,0.471014059,1,28.560202,36.024276,3.57002525,1,0,0,1.597676412,0.863440834,1.2,0,0,0,0 0 0.050000000000000003,0 0 0.050000000000000003,0 0 0.050000000000000003,wrist_3_link,-1,0,0 0 0,0 0 0,,0.0084478396039913764 -1.5727941936865848 -0.022292594262357312 -1.5462912823421386 0.018410489709392006 0.015124820051897034,0.037937969679692089 -0.12444208291883116 0.012507223181132255 0.031024032681028921 0.065168730009786471 0.044920266157489647,0.082233329658442683 -1.466335477141588 0.13588928172423562 -1.4424285761617102 0.10622638754371866 0.088116522679529685,0.2124239278773937 0.21177105772000437 0.23237238159647206 0.18648611277568083 0.12619261188365086 0.091143182061542399,0.012125186742540676 -1.5737436243076119 -0.019590858525147574 -1.5426594147922148 0.021438890540786047 0.017499498746648249,0.45966839231866252 -0.11867882762839485 0.33771696715121713 0.4539834437404785 0.37855010392425498 0.29683483684390177,1.5107730428888999 146.13971960935442 86.405497950077276 7.2074147387758885 -1.090777783120753 0.042743154494892896,-45.720093385239664 330 137.39007616675747 9.9838169001186543 -2.2728135880168665 -0.12951695031943444
ur,tetrapga,0.731729182,0.270849442,0.443275777,0.228870035,28.661867,35.928709,3.582733375,1,0,0,1.339816812,0.387196151,1.2,0,0,0,0 0 0.050000000000000003,0 0 0.050000000000000003,0 0 0.050000000000000003,wrist_3_link,-1,0,0 0 0,0 0 0,,0.0095510597891911558 -1.5665517600868253 -0.025414696596720885 -1.5458259978872817 0.018673992467231327 0.014892463964254228,0.012445205894209483 0.28454040834242356 -0.06657399466466947 0.0093770691016091968 -0.0092797036730699368 -0.019000476148581288,0.090052353778509703 -1.4586111774243089 0.14429713069191302 -1.4357426387943031 0.11068973783253083 0.091315267781030038,0.22072533765561025 0.21611976945119404 0.23337267694504693 0.18386563812294116 0.12103626562498079 0.086046649205281836,0.013009598632577614 -1.565220397731222 -0.021749789951974626 -1.5420277238143438 0.021745702186209574 0.017303707808897582,0.43231735542330735 0.16642029445041467 0.45811333059328235 0.47478425911722572 0.38396371487228093 0.30140548058041911,12.590337868997882 83.402252290849304 71.555249136186845 6.4512390181641877 -0.89432523435155586 0.050671001187205696,-10.211494503887799 75.32084365204264 34.330505205166688 2.485030135128909 -0.49403325697767997 0.061593475758975558
ur,tetrapga,0.767723937,0.282381065,0.363329087,0.181249132,28.710968,36.168637,3.588871,1,0,0,1.445512809,0.008515496,1.2,0,0,0,0 0 0.050000000000000003,0 0 0.050000000000000003,0 0 0.050000000000000003,wrist_3_link,-1,0,0 0 0,0 0 0,,0.0094503261317972712 -1.5603238546995095 -0.022932142108005035 -1.5452035927332815 0.01866664151314007 0.015032466839708917,0.00025430448392003177 0.1106800763180881 0.082517595474170008 0.017492023192422445 0.001749944291702285 0.008259188868583971,0.098142107379583093 -1.4507590423002739 0.15270876209384707 -1.4291774711767531 0.11494919635984668 0.09431845178554539,0.22872350896650429 0.22011647749511415 0.23393580389734495 0.18085277147648748 0.11558373474774378 0.080793196658835581,0.016960465107577989 -1.5637243443058475 -0.017282493063390227 -1.538175880536232 0.024795553981620453 0.019703767533301279,0.4938583093750471 0.18700667817180311 0.55841211107304989 0.48148040976398654 0.38123147442636002 0.30000746555046198,-7.8196134875383141 83.889406022551867 41.688841991812581 3.1226428379320046 -0.59976983213396551 0.005363292490567724,8.1119722084608412 -59.81221369229479 -25.388622932842054 -2.0895368575465909 0.4029476785078927 -0.027638370580906013
ur,tetrapga,0.803973737,0.295224571,0.426613632,0.157495789,28.563304,36.005689,3.570413,1,0,0,1.625393516,0.109333499,1.2,0,0,0,0 0 0.050000000000000003,0 0 0.050000000000000003,0 0 0.050000000000000003,wrist_3_link,-1,0,0 0 0,0 0 0,,0.0096119979285335527 -1.5593981377140618 -0.01979137342714923 -1.5443360191913451 0.019294979150928183 0.01567880173406104,0.010444669910941073 -0.033282266282155609 0.062727178459226721 0.021951702646435697 0.020004877800967286 0.018496094472287023,0.10657487663629285 -1.4427121716866689 0.16119252227281503 -1.4226826307512139 0.11903493720212482 0.097148772553910467,0.23648536779314991 0.2237923063822217 0.23406249100440846 0.17741869896570248 0.10978741882804027 0.075336021109249862,0.020952467609060763 -1.5619195974461204 -0.012578824448262966 -1.5343177459845962 0.027828488931134904 0.022090737675745979,0.49900031268534661 0.22559335746588663 0.58795857689090758 0.48226681895447177 0.37911686868930627 0.29837126780558754,-10.225038394622974 77.705791121274927 34.383149664941591 2.527044343185096 -0.50652242011068593 0.0028613427017808004,6.9373632772774414 -51.973610276687396 -22.29955988548744 -1.8975510089467207 0.30194059243964233 -0.059049348021162018
ur,tetrapga,0.840049642,0.31059395,0.461921888,0.020167001,28.576406,35.768348,3.57205075,1,0,0,1.872076609,0.085015519,1.2,0,0,0,0 0 0.050000000000000003,0 0 0.050000000000000003,0 0 0.050000000000000003,wrist_3_link,-1,0,0 0 0,0 0 0,,0.010422385350620712 -1.5604778222935711 -0.019695065412093874 -1.5436447447914738 0.01997058497180787 0.016158729282253054,0.024381603403721697 -0.033902133301345602 -0.014866983980561741 0.017129176987676811 0.017773913239917331 0.011626775722047436,0.11524109923551069 -1.4345779923368713 0.16963219151559727 -1.41634966989 0.12288711846967998 0.099766222531110782,0.24390720855768877 0.22709635517420507 0.23374817876282486 0.17360707545740439 0.10372415770118204 0.069746069385456286,0.02491919727800547 -1.5598077776839172 -0.0077359128719368935 -1.530460358466986 0.030844449650155537 0.024463802950948351,0.49584120861808845 0.26397747027539231 0.60536394704075891 0.48217343970127835 0.3769950898775789 0.29663315940029655,-9.8068615152442256 70.869444647250759 30.666587460649772 2.2343886756334705 -0.45132096590347892 0.002295746504831104,0.74589347728211663 -6.6551104219906847 -2.2360021485791179 -0.35668513315704331 -0.0017957716378163013 -0.036133193423090404
ur,tetrapga,0.875884044,0.324973368,0.423135392,0.019770443,34.026589,41.398733,4.253323625,1,0,0,1.973073218,0.054388859,1.2,0,0,0,0 0 0.050000000000000003,0 0 0.050000000000000003,0 0 0.050000000000000003,wrist_3_link,-1,0,0 0 0,0 0 0,,0.012167735021274393 -1.5618035678429936 -0.019473010278205069 -1.5422271369314957 0.021248818151124036 0.01708560889505039,0.050379980205323784 -0.032531666112012365 0.013515569107114957 0.040817926221422114 0.036159269966597393 0.026583122167525716,0.12410884840117031 -1.4263866304707762 0.17799631167091476 -1.410202149816532 0.12649188182171683 0.10216379421654513,0.25096992362974962 0.23002279838284628 0.23300005149272224 0.16943669349661056 0.097420000229947012 0.064043576446473766,0.022896328862461318 -1.5597732013941175 -0.0094416404082276976 -1.532359617698001 0.029142565588065383 0.023169288763288897,0.54410783910267335 0.12905892116724205 0.52035264585541041 0.49801625015498258 0.38699146092819992 0.29932285503619083,-1.0697002909999718 107.16008411961957 61.014045613991534 4.9290646847524409 -0.7722198019435198 0.025437474611103024,-1.1192715895842014 6.070482045857716 2.9655664547466785 -0.10946632095692621 -0.14117676143119695 -0.081939359799513056
ur,tetrapga,0.917350509,0.339708842,0.384566158,0.028049119,34.104849,41.4082,4.263106125,1,0,0,2.186976385,0.012330588,1.2,0,0,0,0 0 0.050000000000000003,0 0 0.050000000000000003,0 0 0.050000000000000003,wrist_3_link,-1,0,0 0 0,0 0 0,,0.014978227090426522 -1.5627511468478288 -0.017944636803738364 -1.539806400150612 0.023300851083872025 0.018634432211309344,0.063220506797632026 -0.01128442948451177 0.0425032587516702 0.05523668437802802 0.046198630851401329 0.035093077180864483,0.13467837812315919 -1.4167858215520721 0.18763081028904799 -1.403284295941837 0.13037453358325013 0.10467960788414277,0.25874462456782121 0.23296009069671542 0.23159158478920092 0.1641399483655559 0.08978801822029335 0.057267685877483217,0.023736515821989101 -1.5606181499592697 -0.0096107487659439217 -1.5319944366463616 0.029345765220785032 0.023292741564967578,0.59990473069314776 0.080503020212915916 0.5102987300048889 0.51107153474310352 0.39050711060204091 0.29886013470855732,-2.4455797308321774 126.17800466614008 70.211796165955562 5.6043848313679998 -0.89978538985087175 0.026207851411045348,-1.6311803676376968 9.2562092906773614 4.0872534487996788 -0.11501623039021069 -0.19032584523918672 -0.10814823757607428
ur,tetrapga,0.958831131,0.35265035,0.352212002,0.022014662,34.208988,41.539204,4.2761235,1,0,0,2.378004168,0.037132214,1.2,0,0,0,0 0 0.050000000000000003,0 0 0.050000000000000003,0 0 0.050000000000000003,wrist_3_link,-1,0,0 0 0,0 0 0,,0.018293593983117605 -1.5627111874550887 -0.015209802565340295 -1.5368008550851269 0.025757934452562491 0.020523567797095969,0.069226354372878329 0.014203662126220998 0.066835929543484968 0.064164217905774978 0.0517828252738066 0.040007204977941573,0.14556496525731644 -1.4070699928957739 0.19719808626245705 -1.3965941626995331 0.13393463907838246 0.10691140616568524,0.26608046200708063 0.23540923489553897 0.22960036869471326 0.15834476540967027 0.081807144489015354 0.050310174801113793,0.026156048119666486 -1.5610546129130876 -0.0082689323338631139 -1.5302350515772667 0.030668488357881253 0.024271357935021089,0.64262415213914181 0.076256974261450172 0.51766791647237431 0.52032428605967418 0.38957981515093681 0.29540040674866425,-3.1955294871938538 135.05808192571189 74.021038346491267 5.868232905737603 -0.9503477705644795 0.02621378299668194,-1.4236554809317994 7.2648385738175421 3.0143607901259415 -0.25420527119968028 -0.19081431099296253 -0.12341177395418157
ur,tetrapga,1.000439338,0.367566728,0.396133006,0.005822484,34.062749,41.421481,4.257843625,1,0,0,2.575041123,0.025244786,1.2,0,0,0,0 0 0.050000000000000003,0 0 0.050000000000000003,0 0 0.050000000000000003,wrist_3_link,-1,0,0 0 0,0 0 0,,0.019873025721377783 -1.5618045917448473 -0.013312079931456512 -1.5352901825298118 0.026905285485195621 0.021421721036249865,0.030213593029713149 0.0247221299952563 0.040753977708444203 0.030246835326068203 0.022557773611794844 0.017744765034231832,0.15678126698123801 -1.3972325516490944 0.20669967292289518 -1.390135145016566 0.13716617609832352 0.10885659194652134,0.27298082393786027 0.23736770176936564 0.22701930965034511 0.15204300243547028 0.073470784275143447 0.043162796433087014,0.028446765521875299 -1.5607810683544225 -0.0065988341134569067 -1.5285366119001933 0.031889709140966137 0.025178445916608564,0.67902857516914583 0.081066746818114696 0.52395900240036331 0.52825064416823375 0.38785277742846225 0.29148830387163605,-2.4105178637362989 141.04228627779693 77.863991758585357 6.1741903657414596 -0.98928883212868557 0.02819369159181365,-0.022715635679020352 -1.7677039735917788 -0.62793178682866113 -0.32605908612003986 -0.03988659264806671 -0.054902301598595216
ur,tetrapga,1.041930225,0.383111749,0.412089079,0.017079989,34.164725,41.424043,4.270590625,1,0,0,2.787073472,0.012232154,1.2,0,0,0,0 0 0.050000000000000003,0 0 0.050000000000000003,0 0 0.050000000000000003,wrist_3_link,-1,0,0 0 0,0 0 0,,0.021082199975705353 -1.5609926404062526 -0.011890817303077368 -1.5341779803991855 0.027700483023463389 0.02203907583633943,0.025407994472197486 0.016180777024500912 0.029170512635497029 0.022990043753091254 0.016419805981967562 0.012730417074906845,0.16824211711601636 -1.3873521255762442 0.21605547990779278 -1.3839653664823761 0.14003665717564082 0.11049687737267055,0.27939119520367939 0.23881786493566781 0.22386574136259296 0.14528274383819512 0.064845557314019309 0.035879499278241328,0.030504561676299294 -1.5602268873858434 -0.0050010842955713619 -1.5270735882498112 0.032880056649405451 0.025907178672244027,0.71750986593862143 0.082495874311793102 0.53046767658697214 0.53546348748476058 0.38562007089883649 0.28730222447125398,-2.2430314480383284 147.34907969445064 81.276749620895927 6.4266459617402436 -1.0289580006447503 0.029029331828900017,0.51484796436450608 -5.6363962190062011 -2.2502167646487194 -0.40834589774021879 0.0058373606574022574 -0.039537326650169291
ur,tetrapga,1.083425408,0.398468183,0.410154058,0.01429669,34.015712,41.587056,4.251964,1,0,0,3.010923603,0.03925723,1.2,0,0,0,0 0 0.050000000000000003,0 0 0.050000000000000003,0 0 0.050000000000000003,wrist_3_link,-1,0,0 0 0,0 0 0,,0.022658510089618094 -1.5606171858125943 -0.010542806203104075 -1.5328748559417436 0.028651423146956533 0.02276134807752031,0.034247777422549211 0.0059487040301720541 0.028130188542232884 0.027568465066039629 0.020219337949715706 0.015333138579424373,0.17996019045582931 -1.3774210064155576 0.22526943386327392 -1.3780851429577174 0.14254335483921704 0.11183207156193267,0.28531923226339162 0.2397609153380115 0.2201361619095667 0.13805820674431651 0.05592579025790187 0.028451755605003043,0.03263665950759919 -1.5597590286474627 -0.0034748589769540723 -1.5256426776739942 0.033823783758468604 0.026592995643391435,0.7568904530800622 0.082875993969500128 0.53713578404795581 0.54144305272290816 0.3822554825359511 0.28234153356365804,-2.4531740306075509 153.83915436153379 84.360183798597035 6.6417662411402105 -1.0673288089010013 0.029228589037182097,0.3347754167666892 -4.7179077928385595 -1.9222357141815287 -0.4155327135904372 -0.010523435673533754 -0.047554720939160688
ur,tetrapga,1.125078152,0.413644723,0.406447907,0.007429172,28.61461,36.113115,3.57682625,1,0,0,3.294863567,0.049680457,1.2,0,0,0,0 0 0.050000000000000003,0 0 0.050000000000000003,0 0 0.050000000000000003,wrist_3_link,-1,0,0 0 0,0 0 0,,0.02450242345379906 -1.5604945321939003 -0.0092035028031640272 -1.531447661042292 0.029696486148617442 0.023546019867357462,0.039460370415761101 0.0026055413615399328 0.028926045189864455 0.030145117606984882 0.022074481603062978 0.016575759672279516,0.19195982493746927 -1.3674235110713848 0.23435076346303019 -1.372493557703923 0.14468151934956888 0.11285957252867589,0.29077155009512612 0.24019302954667743 0.21581783981826777 0.13035306576989497 0.046695911003995783 0.020863786526519448,0.038985143767312776 -1.5585662899739998 0.0014463021791054501 -1.5212828154269966 0.036854732070449418 0.028835839970105144,0.79356053246419811 0.14909233418285889 0.61514514450744029 0.54498278087469487 0.37886853899760181 0.28035554083921371,-17.597469787335928 144.0288389743703 64.69098386780739 4.7945117178842249 -0.94888683233096771 0.006205331276011198,-0.012274700047328224 -2.4516267531989797 -1.0073463735848804 -0.36558044904541021 -0.029917375833505844 -0.051320166219056773
ur,tetrapga,1.161262079,0.426513404,0.400827451,0.005954763,34.077343,41.393795,4.259667875,1,0,0,3.424713084,0.06884131,1.2,0,0,0,0 0 0.050000000000000003,0 0 0.050000000000000003,0 0 0.050000000000000003,wrist_3_link,-1,0,0 0 0,0 0 0,,0.026276675099409244 -1.5603945393259591 -0.0079714877199169414 -1.5301324642266678 0.030641686377596948 0.024249907685483827,0.042773420329573278 0.0041021479874666913 0.031049517824530661 0.031539060288073371 0.022572828056346441 0.016827811368096707,0.2025604510927177 -1.358732028434275 0.24208494525044805 -1.3679034543879987 0.14622287670818646 0.1134937453043777,0.29509367152263144 0.24014723728009618 0.21160344125551614 0.12330190160892474 0.03846855787252168 0.014174620186072337,0.039099144318382094 -1.5584831945620086 0.0012577514526963731 -1.521331528975743 0.036730095385481554 0.028717962507585536,0.80852936062763581 0.1246525109963712 0.56504302788776495 0.54701385638616373 0.3727357701822967 0.27188608497388156,-2.5560145070457683 155.84893660738496 84.339043941649379 6.5983629880360821 -1.0585259086242014 0.028579271918930484,-0.23894034588522572 -0.99766416201237007 -0.43445297955155127 -0.33346672476181993 -0.039893619708422534 -0.052053331216200149
ur,tetrapga,1.202730707,0.441087978,0.395956897,0.006038173,28.637409,36.169931,3.579676125,1,0,0,4.153545738,13.126985634,1.2,0,0,0,0 0 0.050000000000000003,0 0 0.050000000000000003,0 0 0.050000000000000003,wrist_3_link,-1,0,0 0 0,0 0 0,,0.028277144421016066 -1.560191911806911 -0.0065730033137957758 -1.5286966428740074 0.031648371227385057 0.024994556935302344,0.044141746135380432 0.0067096828690616558 0.032431921212007074 0.031505900492158991 0.021927281153410513 0.016230450835126729,0.21489206037579897 -1.3487827853992589 0.25075076720812334 -1.3629646171169354 0.14761880795548268 0.1139208717194123,0.29956346415194191 0.23961076985668436 0.20624977494369165 0.11482511938921863 0.028818294200999822 0.0064085520913956251,0.035205365311299343 -1.5598599415118515 -0.0026833054365246176 -1.524295705470976 0.034539357531399591 0.027050911181723342,0.86602761128540973 0.041496286882442182 0.48621223465889479 0.55011717537893468 0.36137328800181634 0.25704428080262492,13.209163296588411 189.99854841502045 116.99534059301975 9.3629902796099476 -1.3300164433827597 0.053069229030984995,-0.26613501576932208 -0.9501795926653358 -0.45944954928153869 -0.33813767141236895 -0.036846732358839063 -0.050208222104139111
ur,tetrapga,1.238961866,0.451825959,0.356241489,0.007593859,28.592168,35.935197,3.574021,1,0,0,4.15741429,0.055775097,1.2,0,0,0,0 0 0.050000000000000003,0 0 0.050000000000000003,0 0 0.050000000000000003,wrist_3_link,-1,0,0 0 0,0 0 0,,0.031409897224369994 -1.5599397079046671 -0.0044004459348073949 -1.5265159912368986 0.033174851602714162 0.026120758206942655,0.077325501411196054 0.011544613233736617 0.058245407037470144 0.05355689223175885 0.037257616806229681 0.027568457690053026,0.22580976261557542 -1.3401163948673591 0.25813176897843204 -1.3589436715057139 0.14850744059716309 0.11402894035888206,0.3030382490923943 0.23871747781602215 0.20111982856663196 0.10708450648379732 0.020208806947314237 -0.00045431664451749121,0.042809071684351066 -1.5589357835565023 0.0022500986149675546 -1.5198423050371019 0.037397459884361162 0.029095253236170807,0.95046329663146523 0.11551974441863264 0.61667550643652158 0.55667505423425467 0.35726279412019679 0.25554275680593314,-19.92472719527747 179.78144954609621 83.018970295418271 6.1785746805028436 -1.2058925508051703 0.0089197335057840769,-0.75676852568693675 1.2958918389149403 0.204769639158215 -0.42525610928532842 -0.096237334255107498 -0.085215299986117543
ur,tetrapga,1.274959865,0.463255989,0.374062444,0.009031994,28.573523,35.768175,3.571690375,1,0,0,4.187952849,0.112632867,1.2,0,0,0,0 0 0.050000000000000003,0 0 0.050000000000000003,0 0 0.050000000000000003,wrist_3_link,-1,0,0 0 0,0 0 0,,0.033623992514262721 -1.5594432273470489 -0.002703442151936567 -1.5249951991730137 0.034204614083954497 0.026878302839422785,0.055002152214378715 0.015683402282369481 0.043645912705349454 0.037928738336195922 0.025405507102872819 0.018680108557674512,0.23677461522787122 -1.331544915709749 0.26527374453532532 -1.3552317551144928 0.14907868121937873 0.11388890268771341,0.30608643137575592 0.23743695360243949 0.19561063527037242 0.099095984293374725 0.011504808518634724 -0.0073356707490669637,0.050408928480228252 -1.5573222026149589 0.0075952580713079757 -1.5153797135272742 0.040231464059332006 0.031122175618270534,0.94998209948464785 0.2016976176929195 0.66814493204255254 0.55782393872845748 0.35425052187135542 0.25336529776246602,-22.418642920828834 165.35383728326838 71.461041395301152 5.2885319780061524 -1.0660248939312593 0.0058199816734998229,-0.13673908294643411 -2.5928213228389723 -1.3547991586147434 -0.45220570171750296 -0.032736940096000922 -0.057848304910486092
ur,tetrapga,1.310858741,0.47643395,0.428631673,0.027758454,28.600948,35.767945,3.5751185,1,0,0,4.295474588,0.181602422,1.2,0,0,0,0 0 0.050000000000000003,0 0 0.050000000000000003,0 0 0.050000000000000003,wrist_3_link,-1,0,0 0 0,0 0 0,,0.034290858016227152 -1.5589266702952651 -0.0021045018026175279 -1.5245709158665528 0.034427714917495522 0.027034257883400942,0.0070292857270672629 0.010448809397810401 0.0048340119107081045 0.0039738053780110647 0.00069161207105103266 0.00017045590826967013,0.2478112537324732 -1.3230499584513724 0.27219128760840683 -1.3518215891846763 0.14933385091572884 0.1135015700125294,0.30871911346753378 0.23576955949420547 0.1897132596174641 0.090844935237764685 0.0026899541778874214 -0.014251615003371257,0.057919700199606516 -1.5550506081327546 0.013224227539152682 -1.510916803818952 0.043038427193827847 0.033130960898102593,0.9388464649222833 0.28394931027551951 0.70362118348058822 0.55786371354028408 0.35087039181198015 0.25109815997900714,-21.007920575632671 150.69630307531415 64.239426490162998 4.7308691119868511 -0.95917314411654764 0.0049243055962181334,0.98717500753738818 -9.1602899288945991 -3.8314740103517551 -0.43674614409519563 0.086680963880482409 -0.00080537442299544182
ur,tetrapga,1.346691591,0.488191716,0.374203377,0.00742101,28.593796,35.873007,3.5742245,1,0,0,4.402474225,0.185116439,1.2,0,0,0,0 0 0.050000000000000003,0 0 0.050000000000000003,0 0 0.050000000000000003,wrist_3_link,-1,0,0 0 0,0 0 0,,0.036341643725987145 -1.5588007742079621 -0.0010502975533043554 -1.523389931703252 0.035144818393018029 0.027532693832369295,0.065411335967596296 0.0021495697396546943 0.035691964410086499 0.036657967216417772 0.022667810909580855 0.015866403749677731,0.25891449425621238 -1.314637285892116 0.27887787560972888 -1.3487179926446078 0.14927078411317002 0.11286653310129438,0.31093617275258623 0.23371661815621228 0.18343142008047325 0.082337070978381444 -0.0062288269007648722 -0.021199495429027909,0.065336129605196941 -1.5521738365643587 0.019096132324801555 -1.5064563811731464 0.045817953152222195 0.035121415214336933,0.92705367569880348 0.35959644604949675 0.73398809820610911 0.55755283072570017 0.34744074479929377 0.24880678952929269,-19.121992415916452 136.67377765009786 58.013471988790251 4.2528284563727743 -0.86354541560996079 0.0044128279879022897,-0.3473924936958781 -1.4969280373734364 -0.91178986169143084 -0.41557654336156702 -0.030271888973402383 -0.049137166615395245
ur,tetrapga,1.382630286,0.497851184,0.333443863,0.008826928,34.212527,41.533599,4.276565875,1,0,0,4.309356595,0.102749478,1.2,0,0,0,0 0 0.050000000000000003,0 0 0.050000000000000003,0 0 0.050000000000000003,wrist_3_link,-1,0,0 0 0,0 0 0,,0.040037427477571989 -1.5586893171702518 0.0010151036318955845 -1.5212777760835197 0.036480522659223948 0.02847418872909031,0.10617357709165798 0.0080284666119907252 0.0643707316701356 0.060259913309181616 0.038006086265863666 0.026887189671706887,0.27012285344978115 -1.3062806444702177 0.28535110171558981 -1.3459161654514313 0.14888457900857868 0.11197888026073417,0.31274262469657244 0.23126827162041474 0.17674125443156874 0.07354293746314193 -0.015280121521871165 -0.028203957490674128,0.06039790651249137 -1.5534647138326507 0.015089443933967963 -1.5095013538309745 0.043758781700551898 0.033614029373585118,0.96389099638836306 0.24585787933183315 0.6292282444524242 0.54571559966981842 0.32619297435360317 0.22702842523393729,-0.25879067094399133 155.74236725872575 84.005820844670211 6.4289633700159659 -1.0202069167524475 0.026309179790682889,-1.1660968415344257 2.9128862394136377 0.65428064467764102 -0.44291678712488647 -0.10431278810017375 -0.083108329973299533
ur,tetrapga,1.424245206,0.506577595,0.30693047,0.009618812,28.653977,36.137084,3.581747125,1,0,0,4.432654923,0.278079249,1.2,0,0,0,0 0 0.050000000000000003,0 0 0.050000000000000003,0 0 0.050000000000000003,wrist_3_link,-1,0,0 0 0,0 0 0,,0.04577650523732462 -1.5580391578280455 0.0046089431008170751 -1.5179656997270188 0.03857587008525646 0.029960091095359759,0.12412657543541138 0.024628670920872779 0.08564776205011318 0.072053670007009046 0.04520714825835434 0.032196573164416389,0.2831721286650975 -1.2967237255017825 0.29253679969165841 -1.3430729044238052 0.14802864055606835 0.11063581637473424,0.31430654186257001 0.22794755428752386 0.16851658838660957 0.063049205477713852 -0.025874593914786956 -0.036348220379968987,0.068432510708085217 -1.550953377679759 0.020743546642088995 -1.5051169159437263 0.046335547118667011 0.035419675440443693,1.0043255244492306 0.31391701911145242 0.706762838515129 0.54805473590602927 0.32209567726438942 0.22570575835732232,-17.361712452069135 143.87043657093804 64.238889954831663 4.7212373666668821 -0.93391394485633961 0.00625624421254691,-1.2973183952166778 2.9117043911492146 0.40223683392284215 -0.53865347223836579 -0.12291373662152694 -0.099540960665365219
ur,tetrapga,1.460445422,0.512581502,0.284749292,0.011475684,34.105676,41.401124,4.2632095,1,0,0,4.441472224,0.13569218,1.2,0,0,0,0 0 0.050000000000000003,0 0 0.050000000000000003,0 0 0.050000000000000003,wrist_3_link,-1,0,0 0 0,0 0 0,,0.051439226512479445 -1.5568820788800375 0.0084787586773013412 -1.514647738176264 0.040664650941813776 0.031446746931094283,0.14183449789428512 0.042850697944607975 0.10693764172958904 0.083787664462775399 0.052187215690465513 0.037312209176646176,0.29456760704688334 -1.2885307173575347 0.2985013878408776 -1.3409596791917882 0.14692388379892313 0.10919146545213886,0.31520163624890984 0.22463686262052218 0.16095424617579795 0.053664297608031514 -0.035172655493664468 -0.043451810126275706,0.068142017634790969 -1.5519625320463073 0.019598656213744195 -1.5056466636302139 0.045863941966228686 0.0350331016160393,1.0257686280635792 0.24439952919886371 0.62343794425612864 0.52945792872268171 0.29548036699853708 0.19998630378378873,0.56274756066824949 150.76282307393876 81.070345996472952 6.1308392839385855 -0.97197601359610863 0.024054392627989089,-1.3990229686181692 2.6249330446689783 0.031650154614482062 -0.64263832758206263 -0.13906838957032619 -0.11538057098471199
ur,tetrapga,1.50191174,0.521544598,0.283132196,0.035417255,34.010574,41.320931,4.25132175,1,0,0,4.485418784,0.22676397,1.2,0,0,0,0 0 0.050000000000000003,0 0 0.050000000000000003,0 0 0.050000000000000003,wrist_3_link,-1,0,0 0 0,0 0 0,,0.054661612678311142 -1.5550761395670454 0.011330495450050094 -1.5127145174774057 0.04179576520680936 0.032254539342621062,0.055539733716450504 0.040436823235285649 0.052775249252805453 0.034278139425498733 0.019355799572944237 0.013805899978535671,0.30725837520964278 -1.2796736939048832 0.30459999077829625 -1.3392571225256276 0.14505842204446417 0.10708431348390418,0.11071006126467021 0.026249753558892624 -0.051164068547933428 -0.11157842067229294 -0.14242056469163014 -0.12283118279506272,0.076669610900639465 -1.5494788510027231 0.02518386259033556 -1.5013934734256966 0.048195499125269367 0.036619261865836431,1.0659491582310614 0.31046013044802662 0.69815079707392047 0.53164877556465373 0.29144464488008504 0.19827003122464115,-16.647113169328762 138.51511983372509 61.757525132767917 4.5236970330230744 -0.89428263700656685 0.0060323333780208117,0.81468468903807434 -10.925446084370378 -5.3125882856958668 -0.7549596446351643 0.053493430299866418 -0.04305128378338452
ur,tetrapga,1.543304078,0.51363954,0.313816387,0.021218841,34.236894,41.58348,4.27961175,1,0,0,4.349665619,0.143804793,1.2,0,0,0,0 0 0.050000000000000003,0 0 0.050000000000000003,0 0 0.050000000000000003,wrist_3_link,-1,0,0 0 0,0 0 0,,0.059025954563923663 -1.5535542873845631 0.014457714560081153 -1.5102402587010886 0.043244687359309357 0.033271412548275051,0.094385066698868758 0.038477441231116953 0.072303198432019961 0.053280170322570604 0.03097377890685421 0.021814257568423822,0.31171817195672319 -1.2787105804175767 0.30234801547097501 -1.343977749790374 0.13910511084008342 0.1019728602825305,0.10476489944809793 0.020284387944283899 -0.057635182789144736 -0.1164898026475515 -0.14520166141267801 -0.1241254021534352,0.075505827300613587 -1.5495450711956003 0.024281361912494741 -1.5023888072339007 0.047395116228947889 0.036009681075711605,0.95725557104150294 0.24643724975535952 0.55757166716079853 0.42850735368648374 0.20937787333231633 0.13304298358198302,-2.1101984810677799 144.05817553007228 74.424968046419977 5.4957676473809531 -0.91067458367295273 0.017207225001763624,-0.19205453667734673 -5.3065967937527603 -3.1828261246794369 -0.71301738003057835 -0.017091162416392081 -0.067660951011134784
ur,tetrapga,1.584958748,0.507046515,0.287328511,0.035402134,34.1361,41.697308,4.2670125,1,0,0,4.267330766,0.222903986,1.2,0,0,0,0 0 0.050000000000000003,0 0 0.050000000000000003,0 0 0.050000000000000003,wrist_3_link,-1,0,0 0 0,0 0 0,,0.062086068128106568 -1.5521815760595146 0.016756275376545879 -1.5085916963791659 0.044134592821685831 0.033884688819298792,0.059064460408978163 0.025834137105924877 0.043496107758868835 0.031572618622298702 0.016973092724659709 0.011662545595158324,0.31595607602148151 -1.2779908076080706 0.29981291522656867 -1.3489305145371062 0.13300172803912888 0.096777358604969846,0.098699788799153712 0.014273936144207995 -0.064071416841456452 -0.12128655608055272 -0.14781361438898455 -0.12531087145924794,0.083358560576035134 -1.5470463739562501 0.029227761169206369 -1.4989529625185016 0.049061135926617899 0.037070115786338502,0.98159165942769355 0.31233715491876612 0.61829990708895366 0.42948058942487088 0.20825246220875163 0.13255433882836198,-16.652172022212245 132.07217050351744 58.007597120127876 4.2315621889201323 -0.84047467607495219 0.005425302642387891,0.67826779755017697 -10.707473749618657 -5.3103200374863917 -0.74904395536123047 0.063441163625796548 -0.036406135856864807
ur,tetrapga,1.626733137,0.498842519,0.319568528,0.01986499,34.046463,41.426395,4.255807875,1,0,0,4.147759617,0.131886523,1.2,0,0,0,0 0 0.050000000000000003,0 0 0.050000000000000003,0 0 0.050000000000000003,wrist_3_link,-1,0,0 0 0,0 0 0,,0.06683847749265856 -1.5511466147539357 0.019617241591725447 -1.5061902584550417 0.04546115515712356 0.034784432817265121,0.099080444394817085 0.027516826750125335 0.064479867372095032 0.049938606214054805 0.027358803755630913 0.018631570727213782,0.31995079776291596 -1.2775204586771374 0.2970029874200017 -1.3540950258784206 0.12677551116487729 0.091519805511227334,0.092539981540449984 0.0082448729262497682 -0.070442844612229036 -0.12594490704454125 -0.15024202312212254 -0.12638103596614411,0.082185436244669369 -1.5471362054859252 0.028360077135362136 -1.4998908140271494 0.048325453543527547 0.036517043323051626,0.88586465129031589 0.24503610864592523 0.49219696936202895 0.33509955745277159 0.13303850020710248 0.073721127656226071,-3.0704104558510217 139.73275265012916 70.765204629872613 5.1396280251427848 -0.8705386522505818 0.013643018852820928,-0.38947286501718281 -4.6153671747024418 -2.9797485709467111 -0.68740178083953651 -0.0066177159701936716 -0.05779723005132098
ur,tetrapga,1.668226251,0.492349678,0.291841441,0.029051915,34.06,41.46861,4.2575,1,0,0,4.064425197,0.18547216,1.2,0,0,0,0 0 0.050000000000000003,0 0 0.050000000000000003,0 0 0.050000000000000003,wrist_3_link,-1,0,0 0 0,0 0 0,,0.069689913256278796 -1.5500759715355019 0.021549011171690644 -1.5048684820099485 0.046098853522843167 0.035200593285711644,0.057521767257247232 0.023845699835024509 0.039814665207804682 0.026663735451997322 0.01263555572992503 0.0082166409001071528,0.32366239817359777 -1.2773025236106774 0.29395033236713247 -1.3594141762821943 0.12049477749813328 0.086255858036210054,0.086350700180471307 0.002261026644321297 -0.076682096162608279 -0.13041590785692384 -0.15246207174425086 -0.12732554819018088,0.089484848606501063 -1.5446622017361495 0.032777807308745049 -1.4971946816507604 0.049374486666269445 0.037104065066994978,0.91242654522896216 0.30925046872196688 0.55221627167286391 0.33701654704861778 0.13112914034273696 0.073377717992918604,-16.076444104940006 128.114249246752 56.280992565313937 4.0954313889419991 -0.81169118973192966 0.0053662289866511269,0.2768212234664702 -8.2970211539241063 -4.3577872748438011 -0.65535688154704985 0.064287261494115455 -0.025659355628164349
ur,tetrapga,1.709795157,0.484250371,0.321021448,0.018036304,34.003194,41.253206,4.25039925,1,0,0,3.940050062,0.0926893,1.2,0,0,0,0 0 0.050000000000000003,0 0 0.050000000000000003,0 0 0.050000000000000003,wrist_3_link,-1,0,0 0 0,0 0 0,,0.07405237389781065 -1.54902612318501 0.024077088758734565 -1.5029383801825322 0.047041538601828588 0.035801298751469653,0.094161739956422491 0.02908639237389533 0.059612194566448312 0.041648885598898275 0.020110278595749317 0.012884221679578971,0.327121887496158 -1.2773329609078616 0.29063447289823618 -1.3649257436631004 0.11411422911397631 0.080945467304942814,0.080084913552631143 -0.0037232000703830517 -0.08283694716903045 -0.13473427792689399 -0.15449193398835798 -0.12815276928997807,0.088696927055942357 -1.5448799289010839 0.032049882578157482 -1.497798188955396 0.048883827790057253 0.036740569940163059,0.86603947547331339 0.24552919493699582 0.45280431805220978 0.28354274515630312 0.084476894501029826 0.035986003866342715,-1.6320505271306089 135.01289823203533 68.74032465922626 4.9574345323148918 -0.83031128267567123 0.013266412886542022,-0.54607764508591572 -3.8584202103893404 -2.7054456471543915 -0.62278717794742988 0.013647739229355693 -0.0399959320205312
ur,tetrapga,1.7511142,0.477489802,0.297270081,0.029950945,39.697425,47.08488,4.962178125,1,0,0,3.810918111,0.147552983,1.2,0,0,0,0 0 0.050000000000000003,0 0 0.050000000000000003,0 0 0.050000000000000003,wrist_3_link,-1,0,0 0 0,0 0 0,,0.076734923004043845 -1.5478717499681158 0.025883131045575557 -1.5018669561907072 0.047462620182590377 0.036047802820638984,0.053944849244562075 0.026304333613638584 0.037685522630366675 0.021591501119751728 0.0082140681930620366 0.0047658563588103995,0.33030122359795344 -1.2776094171481271 0.28708707370218695 -1.3705786942125848 0.10769243787790916 0.075635372170490031,0.073797812133586868 -0.0096551459473948904 -0.088853389862983967 -0.13886253481020722 -0.1563148483628421 -0.12885644053490813,0.092709088744172205 -1.5435481329186809 0.034187613202755845 -1.4966881875921685 0.049062208703756841 0.036748146456588991,0.87533283765055936 0.25996890614514839 0.4599273134679801 0.26589914650691676 0.066710351945788504 0.022596037038368565,-7.8862231916318164 130.70493303140634 62.750876939531821 4.5306055220531736 -0.81506158257882877 0.00950480882560026,0.23821964731649814 -8.4514693724750032 -4.4926417460875427 -0.64077809783248085 0.081793419116181099 -0.014983727142990233
ur,tetrapga,1.798304759,0.468189963,0.311374056,0.034265693,34.116095,41.402734,4.264511875,1,0,0,3.712210071,0.103201787,1.2,0,0,0,0 0 0.050000000000000003,0 0 0.050000000000000003,0 0 0.050000000000000003,wrist_3_link,-1,0,0 0 0,0 0 0,,0.081285482070821355 -1.5465113975663847 0.028514224141996187 -1.5001630538378274 0.048123433070637565 0.036416771617567095,0.075605297848752792 0.032127360860724069 0.048774174804182571 0.025702955701667817 0.0074040984632375304 0.0034440969107949167,0.3336130887740032 -1.27822438965781 0.28273443838466156 -1.3772389611366456 0.10027137708315895 0.069538416949087856,0.066552707289872878 -0.016402711914566628 -0.095593106523599716 -0.14337154805349175 -0.15815698169363177 -0.1295149740656413,0.093774420399101471 -1.543237066506483 0.034539134786049364 -1.4966365211870294 0.048827191229849035 0.03652709320219838,0.84714187395058616 0.22408734200620933 0.39852701420916825 0.22363744099606275 0.029296292831479453 -0.0069207293599575035,-0.89820602625562707 132.99649614116657 67.744075026868771 4.8322358540566128 -0.8105145788000393 0.011992067406177628,-1.5874323717652032 -6.7336648920781954 -5.1398539930939364 -0.99396797611825605 -0.12569821651523228 -0.16150185709325626
ur,tetrapga,1.839774063,0.461130031,0.302978808,0.033376662,39.473665,46.818661,4.934208125,1,0,0,3.576926081,0.118095833,1.2,0,0,0,0 0 0.050000000000000003,0 0 0.050000000000000003,0 0 0.050000000000000003,wrist_3_link,-1,0,0 0 0,0 0 0,,0.083792712473333988 -1.5452871208002577 0.03018119632055875 -1.4992946378612635 0.048366046572649535 0.036528383989096955,0.048288829837678515 0.025342143596280904 0.033026253740021952 0.016837713463163591 0.0046625317275354877 0.002155828230770439,0.33624007897151426 -1.2790270212453281 0.27864959315055826 -1.3832633902421534 0.093682874447529776 0.064157763229375886,0.060135623387615467 -0.022301669213299711 -0.10139292432467979 -0.14714792203999938 -0.15956293710936487 -0.12996559420471174,0.098134786237919075 -1.5417925239424359 0.036738905012594331 -1.4956314185902917 0.048824441198344247 0.036380788558192184,0.85697410253243522 0.24463201718634789 0.41115685536470248 0.20870397066203017 0.014067016599385879 -0.018328417591354243,-7.6235955070036754 127.59779305377467 60.942444240025367 4.3634090217379429 -0.7882446949127252 0.0084409475305169245,0.33067958926051233 -9.5336271817104716 -5.0064992335091461 -0.65652526999019756 0.10247561841435981 -0.0069278348166648129
ur,tetrapga,1.886684822,0.452931107,0.309790126,0.022032938,34.048656,41.467031,4.256082,1,0,0,3.480851029,0.103690393,1.2,0,0,0,0 0 0.050000000000000003,0 0 0.050000000000000003,0 0 0.050000000000000003,wrist_3_link,-1,0,0 0 0,0 0 0,,0.086957551562118859 -1.5441703452431514 0.031949616624988991 -1.4983171153852044 0.048588905861441968 0.036599252922613179,0.0669593877527941 0.024832800773261332 0.036223931715168439 0.018431567153391691 0.001994040899527955 -0.00063993797032646158,0.33888985866723192 -1.2802289303481673 0.27374209739819055 -1.3902622691232565 0.086165014731626285 0.058051814333024622,0.052827435293729026 -0.028932613645840523 -0.10780739141669621 -0.15120480615763668 -0.16091168258687197 -0.13033070263728636,0.099174833941332585 -1.5412621302735621 0.03719444717038177 -1.4956086678822769 0.048554521114725399 0.036136343252073995,0.82858313016420138 0.21491303990394467 0.356273293948763 0.17069988818390042 -0.019019051895962879 -0.044209686041085369,-0.56264125115599306 128.75399363943515 65.137063827005051 4.5830757054966504 -0.77332945693686672 0.010086984330412298,1.65188287739619 -6.7870762143302272 -3.3049406927715097 -0.5526174801043453 0.0046776586531933617 -0.088864170766044026
ur,tetrapga,1.928237889,0.446069756,0.306643423,0.031193126,34.008426,41.441565,4.25105325,1,0,0,3.37046437,0.109705318,1.2,0,0,0,0 0 0.050000000000000003,0 0 0.050000000000000003,0 0 0.050000000000000003,wrist_3_link,-1,0,0 0 0,0 0 0,,0.089180867590395535 -1.5432736916992098 0.033211212093576185 -1.4977111732227362 0.048649824132067435 0.036575429992189185,0.045532767822528381 0.019847642149903939 0.026689266272914222 0.012486487426192983 0.0012256607774713763 -0.00048968732833496028,0.3409498451418021 -1.2815524477758813 0.26914669840921768 -1.3966165460088455 0.079457592200759083 0.052631702739260655,0.046316994632026799 -0.03476253889808717 -0.11335291536437009 -0.15460347725626514 -0.16189097433260871 -0.13052582225371559,0.10604097839073133 -1.539063347784144 0.04050239710167404 -1.4942240658728783 0.048393508803086613 0.035781872417567973,0.8582680561748427 0.27484781117727186 0.41349374141153339 0.17307525117482453 -0.020126538954848137 -0.044308854313252904,-14.694334873153716 117.87680715819943 51.750151211392229 3.7391941745981301 -0.7371518427020558 0.0050889038996816405,0.17237167041281509 -8.7247861235546225 -4.6789689352879691 -0.60921217491977586 0.10921230418168193 0.0012927486188658577
ur,tetrapga,1.969766251,0.438457001,0.316691997,0.026354055,34.200003,41.770859,4.275000375,1,0,0,3.258682788,0.059063615,1.2,0,0,0,0 0 0.050000000000000003,0 0 0.050000000000000003,0 0 0.050000000000000003,wrist_3_link,-1,0,0 0 0,0 0 0,,0.092162394039531553 -1.5423785594556432 0.034679928531986336 -1.4969682700256843 0.048694171447011471 0.036510848199372427,0.060081027082813827 0.021367436190889683 0.032058322785947793 0.01500464224880543 0.00080446209946909077 -0.0013196472434369741,0.34273770805211412 -1.2831162575286004 0.26432656625430029 -1.4031042799183748 0.072717714170482839 0.04720921260073891,0.039781988831090735 -0.04054201362865642 -0.11876117001479879 -0.15781347899263456 -0.16266672942673094 -0.13060049421188735,0.10557201320011925 -1.538878754348604 0.040267232980360154 -1.4945607408338963 0.048092356804926309 0.035565003302790915,0.80879087312347697 0.23027490891118346 0.33450877044124605 0.12942838942313295 -0.056435415015340822 -0.072669625709910146,-0.35610434446309114 120.77006449065688 60.306529471361713 4.1680640076065538 -0.70819793289077593 0.0077192470851314152,-0.18581584409923835 -6.8274264335414045 -3.953108185473809 -0.56959326376454555 0.098538124701036622 0.003893152010661538
ur,tetrapga,2.011639392,0.431244501,0.31472701,0.029428872,39.518092,46.850935,4.9397615,1,0,0,3.115577876,0.082096586,1.2,0,0,0,0 0 0.050000000000000003,0 0 0.050000000000000003,0 0 0.050000000000000003,wrist_3_link,-1,0,0 0 0,0 0 0,,0.094458653049185382 -1.5415094019401054 0.035869123276167807 -1.4964720315291606 0.048631910664562815 0.036387735698012451,0.047103001335774608 0.020454492756358199 0.02597117901488407 0.010289740694297495 -0.001344202603462344 -0.0025516100384765307,0.34426514185681995 -1.2849349666175498 0.2592419457940297 -1.4097768433698925 0.065893559610077493 0.041741103594489494,0.033170021648257088 -0.046316160309778413 -0.12407304567118753 -0.16085780925916196 -0.16324302741410171 -0.13055418862726362,0.10932417976471831 -1.5375575777850443 0.041910358515360839 -1.4941238155319208 0.047661440947020142 0.035104285552182875,0.81631332529156597 0.24735480767939105 0.34283162013109592 0.11434349697397497 -0.070725540351912281 -0.083300106176677519,-6.600836019200143 115.41415237961513 54.518228693327863 3.8229532503452068 -0.69496974154229529 0.0060700504447202906,0.010337971982892213 -7.9984460068635599 -4.4143307876088045 -0.57788324480225128 0.11348225690282732 0.0076944401916847482
ur,tetrapga,2.058589084,0.421588882,0.328890155,0.028321775,34.07318,41.470965,4.2591475,1,0,0,3.015404459,0.051832651,1.2,0,0,0,0 0 0.050000000000000003,0 0 0.050000000000000003,0 0 0.050000000000000003,wrist_3_link,-1,0,0 0 0,0 0 0,,0.098601365629676363 -1.5403297327489087 0.037764610689298747 -1.4956320518143575 0.048520526763001282 0.03616162527824452,0.071323935657764126 0.028010539718415939 0.036641544171015908 0.012382690852542009 -0.004725061686569657 -0.005964617949963575,0.34564803824504819 -1.2872601229253313 0.25328032265497119 -1.4174046878525086 0.058218940431420306 0.035615644744327414,0.025736921028917663 -0.05271959423498998 -0.12985335096038803 -0.16403763896850207 -0.16364308814627601 -0.13035746860896497,0.11023401869362384 -1.5371840539159711 0.04216674064520548 -1.4942665368442167 0.047273957038249582 0.034772046278323712,0.78390574955331427 0.21995016887566249 0.29115700535946121 0.076424603615323827 -0.10212835209514107 -0.10761364211124809,-0.028516439017048256 115.14231773508726 57.140880743081752 3.881269175974027 -0.66430156780382943 0.0057796301181974622,-1.2518242852194135 -5.7156170284824839 -4.2482662894882708 -0.73860697467807768 -0.01161288203094557 -0.071580289946808762
ur,tetrapga,2.10015465,0.413966874,0.325721781,0.03359719,39.563789,46.828651,4.945473625,1,0,0,2.869433596,0.050074976,1.2,0,0,0,0 0 0.050000000000000003,0 0 0.050000000000000003,0 0 0.050000000000000003,wrist_3_link,-1,0,0 0 0,0 0 0,,0.10088534962798115 -1.5392550938117231 0.03901519292127642 -1.4952264256417216 0.048360238583904834 0.035964167288194758,0.046556230165451261 0.024663495673140377 0.027017186046289089 0.0084205490856378712 -0.0033291893210941983 -0.0040518848439834417,0.34658084743245293 -1.2895680701014562 0.2477793484661526 -1.4242778488133492 0.051413466976464775 0.030203114174055818,0.019145727688832749 -0.058320089238823515 -0.13481002745498222 -0.16664353429713505 -0.16378023696562208 -0.13005604472554042,0.11421455871802716 -1.5357816673839222 0.043786408879955628 -1.4940065936709412 0.046625050341134594 0.034132447917473004,0.78971341135174877 0.24001831324836667 0.30094439571655118 0.062489421581464547 -0.11505963544110012 -0.11720357666480816,-6.1585889402672489 109.1099112604757 51.181495534206157 3.5450161997044471 -0.64759579472380202 0.0048261787165595066,0.12459782647101747 -9.3178276137296052 -5.039578450886296 -0.61551350462832488 0.12965986544880082 0.012298268289853809
ur,tetrapga,2.147074669,0.40492561,0.33006718,0.026245169,39.665172,47.221123,4.9581465,1,0,0,2.726733613,0.038704394,1.2,0,0,0,0 0 0.050000000000000003,0 0 0.050000000000000003,0 0 0.050000000000000003,wrist_3_link,-1,0,0 0 0,0 0 0,,0.10394300540526782 -1.5380618161711295 0.040471600115708516 -1.4947777304036631 0.048075432675121516 0.035641759409546753,0.062047782371412431 0.025830452654181931 0.028784430202742559 0.0067096607635103844 -0.008545032269693267 -0.0086908538757571388,0.34730452396066291 -1.2924511436840214 0.2413264146620786 -1.4321611557594449 0.043729985351223057 0.024111625534798158,0.011701475774792103 -0.064557475883426266 -0.14021719553743672 -0.1693455540627217 -0.16369062348553307 -0.12957291428927548,0.117872249781051 -1.5343143721184402 0.045325753791486664 -1.4938370737211661 0.045949380230756412 0.033482964332289533,0.77819742390170921 0.25466655778549058 0.29600588782410181 0.045288016619437474 -0.1297832117343638 -0.12835143227523846,-6.3998882109997011 103.56517358318489 47.871080548753255 3.2903289736592392 -0.60703887911090637 0.0038640906012273658,1.3415290196624596 -7.4259125584558205 -3.9367753166108912 -0.63200378889814601 -0.016356080193972389 -0.11002770399542783
ur,tetrapga,2.194394973,0.396338734,0.334584956,0.019265679,34.144383,41.617303,4.268047875,1,0,0,2.644582055,0.031689134,1.2,0,0,0,0 0 0.050000000000000003,0 0 0.050000000000000003,0 0 0.050000000000000003,wrist_3_link,-1,0,0 0 0,0 0 0,,0.10635962104371588 -1.5369827788583115 0.041631119733726442 -1.4945216025789159 0.047734543992085016 0.035297685125104436,0.073953340580569349 0.023550347360658315 0.026738269634447261 0.0062571121884102314 -0.011505787283821841 -0.011566844652985965,0.34768067191330637 -1.2956529363940774 0.23456636850827756 -1.4402339865529754 0.035991390036543447 0.017994730811807177,0.004197916299544825 -0.070749666925987775 -0.14546167287127512 -0.17181000641856695 -0.16333862334868463 -0.12893316000732338,0.11805209694052259 -1.5338789774183754 0.045397076628009826 -1.4941371905263288 0.04554662217931333 0.0331660115187997,0.74202019101739358 0.22119975875006564 0.23982998317540943 0.0052684529640383317 -0.16191749151342266 -0.15303915123716089,0.40215479859791614 103.37436600916506 50.473639958711239 3.3110040337472837 -0.57475683935925981 0.0025130990996476013,6.3576740968320564 -4.8732075706084288 -0.66775219899000149 -0.29832314195846266 -0.1109461559134246 -0.22624837794728592
ur,tetrapga,2.236088687,0.388389102,0.336696942,0.031851566,39.795894,47.260238,4.97448675,1,0,0,2.502617449,0.016418251,1.2,0,0,0,0 0 0.050000000000000003,0 0 0.050000000000000003,0 0 0.050000000000000003,wrist_3_link,-1,0,0 0 0,0 0 0,,0.10894532810101537 -1.5360613554698477 0.042725871826441685 -1.4943035891488234 0.047349751758574851 0.03491202119148528,0.052863037057702768 0.022115422749186982 0.024394525638580848 0.004617101449747172 -0.0079477263561611965 -0.0079145975145781793,0.34771804682145091 -1.2987149514229255 0.22840834517169462 -1.4474387962046542 0.029191474868403414 0.012632997341585649,-0.0024028853102154644 -0.076117471432949474 -0.14990329027892019 -0.17376209146046229 -0.16281184684074432 -0.12824350457430231,0.1217375245836133 -1.5325195979923367 0.046697338084728139 -1.4942524944422066 0.044601705105742004 0.032303803264053119,0.74526498162093946 0.23812174236334477 0.24600783213879396 -0.0092130325318008684 -0.17446243354833862 -0.16233883411474725,-5.3477189944137198 97.442476176031974 45.152030423945206 3.0547186148526748 -0.56252127145909048 0.0028897913683548059,-0.097140457841874195 -8.5734705624581693 -4.7777349498183241 -0.57317342411079153 0.13979164240670627 0.02426052857317984
ur,tetrapga,2.283453156,0.378988286,0.340127705,0.028575909,39.669842,47.000749,4.95873025,1,0,0,2.364427134,0.000055107,1.2,0,0,0,0 0 0.050000000000000003,0 0 0.050000000000000003,0 0 0.050000000000000003,wrist_3_link,-1,0,0 0 0,0 0 0,,0.11217722485172567 -1.5348960126711657 0.044054580404610216 -1.494093613327828 0.046809181066269294 0.034382471141420574,0.059263489112103475 0.026126436783641932 0.025649924205959677 0.0011110350233738216 -0.013205471250628783 -0.012217131077595573,0.34742702633651773 -1.3024625537020356 0.22119283600318179 -1.4557165631128592 0.021498919293301919 0.0065801338676077731,-0.0098814419743188456 -0.082108259288803442 -0.15473929024830144 -0.17572797808083113 -0.16196884603188669 -0.12731811973501495,0.12519873779069474 -1.5311075593041326 0.047952638006308654 -1.4944257149191984 0.043644918358278335 0.031439599617485409,0.73141101750666582 0.25076779473892069 0.23949866770124956 -0.026617594448308926 -0.18858196719943679 -0.17298382698869652,-5.4984969216548869 91.81528490655532 41.909720297070308 2.806736734818764 -0.52224049278024176 0.0020025629298246021,-0.038229067831821339 -6.8603160802003913 -4.2863863275993879 -0.68444401165743329 -0.01331066841402162 -0.09320888918288972
ur,tetrapga,2.33054805,0.370364951,0.342867688,0.017824601,39.571278,46.872746,4.94640975,1,0,0,2.236860969,0.008968106,1.2,0,0,0,0 0 0.050000000000000003,0 0 0.050000000000000003,0 0 0.050000000000000003,wrist_3_link,-1,0,0 0 0,0 0 0,,0.11443911255017891 -1.5337603994777758 0.045085479659794113 -1.4940558373258011 0.046287066452948944 0.033902318761453158,0.068740176261641792 0.025575151914841381 0.023053964084727249 -0.00076994492307316819 -0.01726679602586953 -0.015871490475329788,0.34678712494268199 -1.3064673545395722 0.21379662635554778 -1.4640332316166784 0.013895778545089192 0.00060867987308098142,-0.017287903202967591 -0.087944842049374916 -0.15932061267041905 -0.17741507857034799 -0.1608748377052461 -0.12624980608030889,0.12823302954265103 -1.5297034640336649 0.049060119739098872 -1.4947000807226791 0.042673887856164355 0.030578609574512791,0.71552475776065716 0.2584131642348052 0.22803391492735631 -0.045854400228759848 -0.20394594072270306 -0.18458372862056871,-5.1888743956476446 86.594538650981391 39.27240410478894 2.5998911998885967 -0.48608618757259731 0.0013181413843253256,5.8821182176902767 -5.5068959724421802 -1.531436720074538 -0.50297751882135344 -0.20768201347637216 -0.30514183070675927
ur,tetrapga,2.37751435,0.361370297,0.349214742,0.016238354,34.245015,41.618174,4.280626875,1,0,0,2.174480578,0.02730168,1.2,0,0,0,0 0 0.050000000000000003,0 0 0.050000000000000003,0 0 0.050000000000000003,wrist_3_link,-1,0,0 0 0,0 0 0,,0.11722725080199177 -1.5326147520212907 0.046172734592611953 -1.4940802120284682 0.045609273059195446 0.033280719890817698,0.076121887321441137 0.026718715128016657 0.024279126045814364 -0.0023167364988230538 -0.020071081313040945 -0.018333675180702072,0.34580245039999535 -1.3107320229882879 0.20621115559261033 -1.4724000373953243 0.0063706304246617506 -0.0052929366469831388,-0.02463617198609476 -0.093638978185077298 -0.16365800216526677 -0.17883001699458972 -0.15953239162517999 -0.12503894964012802,0.12811881451691487 -1.5293746139973976 0.048987742441298429 -1.4950948526659578 0.042253487223940442 0.030256727184958677,0.67358429307418666 0.22306175376002349 0.17141440943037714 -0.088088286298021734 -0.23601165421743275 -0.20911719346332069,0.94308206357310453 85.263106674238486 40.379159078024607 2.4684657112997752 -0.43938422223476081 -0.0018682290063033037,5.3586569296901416 -4.7636564366148377 -1.4289681311622644 -0.5081705437578421 -0.20924557157957224 -0.29848648460315985
ur,tetrapga,2.419233255,0.353252909,0.351954537,0.03441317,39.585396,46.945397,4.9481745,1,0,0,2.037560782,0.047426329,1.2,0,0,0,0 0 0.050000000000000003,0 0 0.050000000000000003,0 0 0.050000000000000003,wrist_3_link,-1,0,0 0 0,0 0 0,,0.11985542246064528 -1.5315519712517078 0.047172829638175436 -1.494145535203264 0.044940827695320318 0.032671323525456951,0.053639650667843604 0.025566876153004993 0.022711871288607105 -0.0011741838902878591 -0.013775604154670924 -0.01250557798997788,0.34463917055601506 -1.3147420903394897 0.1993066359421882 -1.4798828875097945 -0.0002563469257362366 -0.010484870188994164,-0.031124735612457634 -0.098585294420598643 -0.16731253630336548 -0.17986165881500102 -0.15813178597499752 -0.12384306884800829,0.13143134900786219 -1.5280322700226379 0.049912734748217148 -1.4956822667158205 0.040943636737121814 0.029117488180075791,0.67229781312684023 0.23583541104215705 0.17234006346243391 -0.10309292694205346 -0.24771070058294908 -0.21786101125093144,-4.0669197273337785 79.365451796308761 36.006862135816164 2.3239817395909101 -0.43361168992027144 0.00028042503407133511,-0.11616076312725454 -9.3642701019343804 -5.1619754616842783 -0.56491967640067742 0.16317007171065256 0.038438195836931754
ur,tetrapga,2.466269542,0.344024576,0.351387606,0.034949381,39.544379,46.845142,4.943047375,1,0,0,1.91011266,0.056261622,1.2,0,0,0,0 0 0.050000000000000003,0 0 0.050000000000000003,0 0 0.050000000000000003,wrist_3_link,-1,0,0 0 0,0 0 0,,0.12288444077465126 -1.5302427064966511 0.048311360404811349 -1.4943059097567217 0.044081908682974402 0.031899328045178532,0.053029454162539735 0.028297510044244387 0.021417939115064261 -0.0062810054526367893 -0.018996771421275295 -0.016541388442816277,0.34300410981794083 -1.319507783917464 0.19134438645410437 -1.4883653300425723 -0.0076526464916263116 -0.016275682234714178,-0.03838890569909352 -0.10402985140634845 -0.17120447423100341 -0.18076977007866588 -0.15632089686996337 -0.12236087659881144,0.1345396167151294 -1.5266288094277987 0.050819640202971555 -1.4963010788794739 0.039643424163711929 0.027992291674741397,0.65562434569624284 0.24450871416784087 0.16340613007573257 -0.12036267542852619 -0.26059756998412997 -0.22758205895126007,-4.1227467052237339 73.841759117101375 32.968026983983052 2.0942656739628034 -0.3955930648334105 -0.00048024958153706967,-0.43401468555009615 -8.5294524309756525 -5.2424071217209587 -0.74670724888073892 0.0066529059375994848 -0.082089167884745962
ur,tetrapga,2.513209331,0.335937825,0.34921974,0.047575035,39.593705,46.838134,4.949213125,1,0,0,1.796729813,0.060552141,1.2,0,0,0,0 0 0.050000000000000003,0 0 0.050000000000000003,0 0 0.050000000000000003,wrist_3_link,-1,0,0 0 0,0 0 0,,0.1247712662468913 -1.5291022066443891 0.049119474202739412 -1.4945367356992632 0.043384639548001924 0.031294217933022547,0.054671416082749245 0.026072248220810279 0.01607134985725615 -0.0092419600787399889 -0.022793742205187095 -0.019750026077315706,0.34103320793648795 -1.3245155987666546 0.18322173120914845 -1.4968666126445442 -0.014943175004204817 -0.021981830061459578,-0.045575749472962376 -0.10931712851240188 -0.17484246376984328 -0.18140598485436654 -0.15427247576154085 -0.12074238308518712,0.13719434288873736 -1.525257909139744 0.051596170884610729 -1.4969732492346441 0.038383212522294721 0.026913149947106633,0.63710172383343255 0.24865619902527203 0.1501965227121507 -0.13915701877787756 -0.27443943593621339 -0.23807791152563149,-3.764337979106366 68.692916604545047 30.431098537547907 1.8963129306175308 -0.36029653569103182 -0.0010977873193413782,15.092268308928396 -5.2751892290052638 -2.7075325367568155 -2.6642019621112922 -2.4478306107838819 -2.2455657703490317
ur,tetrapga,2.560115021,0.32747171,0.355205546,0.017830171,39.570899,46.944115,4.946362375,1,0,0,1.691873089,0.077052172,1.2,0,0,0,0 0 0.050000000000000003,0 0 0.050000000000000003,0 0 0.050000000000000003,wrist_3_link,-1,0,0 0 0,0 0 0,,0.12730501830901403 -1.5279284661755594 0.049946572973399272 -1.4949250770462181 0.042414516213855738 0.030450166425408803,0.069087315303749494 0.027320875972214942 0.017578032600402912 -0.01253505198496857 -0.028168556972397212 -0.024484900916818372,0.33872838034860592 -1.329764142175117 0.1749402416435045 -1.5053852253031037 -0.022126793004950983 -0.027604727933810892,-0.052686767951236883 -0.11444830993362157 -0.17822791586129461 -0.18177209567665908 -0.15198897093158836 -0.11898839026257782,0.13966387477806025 -1.5239248379728163 0.052265508453528758 -1.4977320837698829 0.037082066586744164 0.025806591300435958,0.6177328792817165 0.25008880323519056 0.135217130840111 -0.15885969779315562 -0.28862148230510087 -0.24885159578077726,-3.5601497436393448 63.659599504052899 27.895080521125308 1.7017120903337672 -0.32633318112425452 -0.0016936427882246726,4.8390649939005925 -5.8839562665916674 -2.5632402622261168 -0.74582753829236026 -0.31532068297822491 -0.3875896495537674
ur,tetrapga,2.607158005,0.318942551,0.3587369,0.019247311,34.169304,41.538634,4.271163,1,0,0,1.655751659,0.097123202,1.2,0,0,0,0 0 0.050000000000000003,0 0 0.050000000000000003,0 0 0.050000000000000003,wrist_3_link,-1,0,0 0 0,0 0 0,,0.13004985925132151 -1.526693837816663 0.050793403575220296 -1.4954018455014508 0.041323416650114339 0.029503019922616298,0.068911695780535256 0.02878550057619584 0.017457873689286668 -0.014486587937267604 -0.029898711109626754 -0.025843920554884194,0.33608362098591549 -1.3352660721221192 0.16648099406060571 -1.5139396624090358 -0.029218364804093056 -0.033158275326434193,-0.059739458239411729 -0.11943537094072024 -0.18136827127203506 -0.18186878912915183 -0.14946582989368468 -0.11709458718494509,0.13941311901417586 -1.5235862921842194 0.052183086404454453 -1.4981713146096203 0.036661537611355467 0.02548571736481018,0.56953149993562291 0.21538071381503132 0.081703798759990551 -0.20054374674417699 -0.31765050088422314 -0.27113603083949323,1.6163474105025522 60.716216165170387 27.055024858376029 1.3815787486796427 -0.26108524004946831 -0.0070050083811176635,4.0318980268937139 -5.9084606407186584 -2.8870966708011565 -0.76886326863586874 -0.29597636627588031 -0.36462555774846805
ur,tetrapga,2.648792065,0.311600127,0.362317816,0.037704697,34.366722,41.88041,4.29584025,1,0,0,1.580605726,0.115201045,1.2,0,0,0,0 0 0.050000000000000003,0 0 0.050000000000000003,0 0 0.050000000000000003,wrist_3_link,-1,0,0 0 0,0 0 0,,0.13240485396640034 -1.5255622108653948 0.051524676072123431 -1.4958703225771279 0.04033076813535285 0.028645765795283745,0.048019773271407669 0.026786643704497404 0.017030665090661139 -0.0094548810057935757 -0.020423743129291485 -0.017591516590176628,0.33346775476144397 -1.3403281186740292 0.15887582890214252 -1.5215094202627939 -0.035391394998888943 -0.037996566967530163,-0.065908575548009135 -0.1237112170497459 -0.1839315215265821 -0.18172892843190119 -0.14704217101332906 -0.11530820496870622,0.14022140905606945 -1.5229931578441713 0.052245832268654417 -1.4988679348020968 0.035790746128354305 0.02477039612455003,0.53905282072267147 0.19763671007946854 0.048993878795684384 -0.23088952609034993 -0.3381758431249815 -0.28691818193711643,2.3316224058528672 56.549028601079847 25.006102696545302 1.1925646364450517 -0.22691920643787331 -0.0081068090423080819,-0.077775933111638551 -10.552464079030869 -5.6557045863086444 -0.54554371054746298 0.18998070412237666 0.05415461242071018
ur,tetrapga,2.690811908,0.304382274,0.364512775,0.037717108,34.026244,41.270976,4.2532805,1,0,0,1.47573758,0.120091352,1.2,0,0,0,0 0 0.050000000000000003,0 0 0.050000000000000003,0 0 0.050000000000000003,wrist_3_link,-1,0,0 0 0,0 0 0,,0.13474712406301609 -1.5243818346654834 0.052222431083297355 -1.496422904899736 0.039257843492499736 0.027724786190029951,0.04936316848884266 0.028369287616541377 0.016773584339196537 -0.011557859778644914 -0.022738735257588169 -0.019475836236126105,0.33056877721265321 -1.3456147487049386 0.15109634019492413 -1.5291389329896918 -0.041515578050780988 -0.042802115988345713,-0.072059734559129993 -0.12789115940634935 -0.18631033861513124 -0.18137390274022941 -0.1444184711302475 -0.11340234076693048,0.14158859532871265 -1.5221820851163146 0.052437237254604349 -1.4996884413844351 0.034690140821016263 0.023853100155847323,0.51304109614623394 0.18817639231410549 0.025388197328557759 -0.25537769168984892 -0.35426924867634535 -0.29931137518033335,2.3677462473769317 51.825929186294722 22.463966021721774 0.99033461769646247 -0.19351494241855693 -0.0089753206274257955,-0.11211984714054779 -10.560028410402992 -5.6575661364968539 -0.53054413453992311 0.19656080283655797 0.059976810072193132
ur,tetrapga,2.732177266,0.298220582,0.360298498,0.041379603,34.177769,41.740878,4.272221125,1,0,0,1.376741502,0.095361946,1.2,0,0,0,0 0 0.050000000000000003,0 0 0.050000000000000003,0 0 0.050000000000000003,wrist_3_link,-1,0,0 0 0,0 0 0,,0.13627753785581753 -1.5233147622946428 0.052763735766893138 -1.4969367466248762 0.038383832290916062 0.026989027964541949,0.031008044110833896 0.024019441535129193 0.012006965195883174 -0.010681710489269018 -0.018178896397840566 -0.015263267567127401,0.32746411762217459 -1.3509877616549806 0.1433446718301514 -1.5366306931658791 -0.04743313218885542 -0.047452528722316374,-0.07803587707125903 -0.13186910909891664 -0.18844571407027075 -0.1808155298197868 -0.14166528280708221 -0.11142724242226625,0.14283999188121149 -1.5213001641133439 0.052637675452168964 -1.500527183480254 0.033592327871853553 0.022940848360839206,0.48836566111829971 0.1810324490168447 0.004648617677527337 -0.276823684449787 -0.36808233551407593 -0.31002696241942906,2.8203364784951415 47.272944225342279 20.137340841594142 0.79259545104440288 -0.15903801082424246 -0.0099568855860639287,0.14524391496172484 -11.962961624580203 -6.2069404082683093 -0.57886055116341595 0.19184019841475219 0.046970800739622121
ur,tetrapga,2.774006697,0.292515067,0.357575547,0.041361417,34.183686,41.557111,4.27296075,1,0,0,1.29018126,0.073754369,1.2,0,0,0,0 0 0.050000000000000003,0 0 0.050000000000000003,0 0 0.050000000000000003,wrist_3_link,-1,0,0 0 0,0 0 0,,0.13759630758857463 -1.5223449824561224 0.053168569911488245 -1.4975299950459393 0.037482500394125776 0.026237011998847381,0.025883711406639663 0.02032829075928097 0.0085474108120197033 -0.011738464804560656 -0.017867675000377815 -0.014890771777682207,0.32407500678528023 -1.3565854385224478 0.13542058806177065 -1.5441786451567623 -0.053297754998873507 -0.052069991684873591,-0.083993680569733734 -0.13574978415391556 -0.19039492664818763 -0.1800414064875458 -0.13871349916621242 -0.10933238420333664,0.14394378042706438 -1.5204249557441611 0.052790909428909912 -1.5014013394452279 0.032493065557571511 0.02203072924193401,0.46570383652141423 0.17470219257149822 -0.014026656614836248 -0.29659377276639065 -0.38054357192726884 -0.31977511723866081,2.9935581982378707 42.825847536473127 17.789963642504233 0.60135015701381489 -0.12686164699306265 -0.01083488405037393,0.15792564634921291 -12.022707509886459 -6.2042124970484736 -0.57151592512036586 0.19083595068740067 0.045837602317931214
ur,tetrapga,2.815661471,0.287223119,0.357086688,0.039917934,34.049438,41.536664,4.25617975,1,0,0,1.214365098,0.060918787,1.2,0,0,0,0 0 0.050000000000000003,0 0 0.050000000000000003,0 0 0.050000000000000003,wrist_3_link,-1,0,0 0 0,0 0 0,,0.13889236227323062 -1.5215008625505828 0.053461258868183315 -1.4981863906280453 0.036540512248810442 0.025450989541462767,0.026785174481707641 0.018972625392471392 0.0069322918123096528 -0.013460141391170449 -0.019459174195246752 -0.016223775975066634,0.32045426706792723 -1.3623180328866831 0.12745297467800501 -1.5516585619876571 -0.059011771275204315 -0.056579101293839917,-0.089835919378533455 -0.13946882344720157 -0.19212438627361306 -0.17906268005654555 -0.13561081689738527 -0.10715102510166206,0.14496890951644048 -1.5196064397530393 0.052877521071267822 -1.5023155915862472 0.031380872425203779 0.021110521198505681,0.4438547707866225 0.1695586742915684 -0.031070384659848342 -0.3152158187013 -0.39198955974839916 -0.3287922741490884,3.0081833632922557 38.285855050308193 15.347894911852809 0.40748121831810991 -0.094824202162091878 -0.011669948496250594,0.070421705822582226 -11.548416737736261 -5.9876901377744502 -0.54267543971582199 0.1919124130609049 0.049973796532128745
ur,tetrapga,2.857286284,0.282290299,0.357454089,0.038651095,34.246922,41.833924,4.28086525,1,0,0,1.146696058,0.054016952,1.2,0,0,0,0 0 0.050000000000000003,0 0 0.050000000000000003,0 0 0.050000000000000003,wrist_3_link,-1,0,0 0 0,0 0 0,,0.14016370100880299 -1.5206920826274415 0.053700606943808155 -1.4988935129976388 0.035562560223438809 0.024635612410124689,0.026743662010065436 0.01883435214867751 0.0060265834811564787 -0.014845049936634257 -0.020659388067937511 -0.017207501907406355,0.31659501046683897 -1.3681981741736773 0.11942354565517312 -1.5590880911641687 -0.064589267307483406 -0.060992266107317547,-0.09557828823124305 -0.14303674484553486 -0.19364025633092574 -0.17787923213035206 -0.13235222839384247 -0.10487866111070955,0.14594134361875785 -1.5188250120969626 0.052912658003066528 -1.503268595316849 0.030250815216688442 0.020175288560885428,0.42187979451701296 0.16553113665972358 -0.047050750558932639 -0.33300537811324316 -0.4026126384541065 -0.33722228042871949,3.0384532648335183 33.566769887601083 12.826184349216264 0.20786317534331766 -0.061595266414868274 -0.012507346464799085,-0.0035532980940615744 -11.136049316062781 -5.7976642571283605 -0.5177584743096304 0.19216572440126356 0.053030877506124341
ur,tetrapga,2.899213189,0.277616925,0.35808988,0.038593891,34.122488,41.427446,4.265311,1,0,0,1.085380424,0.051177613,1.2,0,0,0,0 0 0.050000000000000003,0 0 0.050000000000000003,0 0 0.050000000000000003,wrist_3_link,-1,0,0 0 0,0 0 0,,0.14143640129770105 -1.519836653483998 0.053915383658763145 -1.4996876167128672 0.034502679221889085 0.023753840577745745,0.025070911635383723 0.019080962178526204 0.0053952963160041707 -0.015666850178849171 -0.021056319356882437 -0.017495371134733744,0.31246822503247224 -1.3742679294853952 0.11127656521585587 -1.5665174352080373 -0.070066865422395208 -0.065339927332480091,-0.10126042637609556 -0.14647720141248849 -0.19495136958020418 -0.1764816268654997 -0.12891501048901394 -0.10249874354284201,0.14688403674222739 -1.5180333023434791 0.052914953822044551 -1.5042792187964071 0.029076918557968113 0.019203621557840923,0.3993955424710669 0.16219130815846583 -0.062383379119314186 -0.35013910428821043 -0.41247859132140441 -0.34511788420659262,3.1114622881121123 28.656717090188369 10.229711231114727 0.002280772499174466 -0.027044874004129152 -0.013354519715839626,-0.011685304524235107 -11.151321751252908 -5.7890836228824583 -0.50998542545858072 0.19276952516344181 0.053928165746611967
ur,tetrapga,2.940728228,0.273455113,0.358387098,0.039021066,34.138515,41.75211,4.267314375,1,0,0,1.030413183,0.048451379,1.2,0,0,0,0 0 0.050000000000000003,0 0 0.050000000000000003,0 0 0.050000000000000003,wrist_3_link,-1,0,0 0 0,0 0 0,,0.14259239160388579 -1.5190039601124363 0.054087274746245924 -1.5005017113342007 0.033452521264169942 0.022881942492710042,0.023730347871720375 0.019348186353535104 0.0047238277049691914 -0.016678387103871942 -0.021688572685668768 -0.017985900262100028,0.30814942996164013 -1.3804169748958279 0.10315991222661107 -1.5738118659169045 -0.0753455534058044 -0.069544731139193475,-0.10678091052225575 -0.1497290604846484 -0.19603532989144951 -0.17489671499418202 -0.1253632646709707 -0.10005469981403119,0.14775208369212733 -1.517246106740441 0.052883197997175752 -1.5053235907510321 0.027891603065173329 0.018222574156523806,0.37673369336950313 0.15906556208129119 -0.077239537376450659 -0.36664071401329645 -0.42163961006512396 -0.35252598748008912,3.1871808628374425 23.676386784292816 7.615009719223373 -0.20344643108002247 0.0077195031976403511 -0.014169546997607646,0.0030587235601160501 -11.337050289344006 -5.8531599726737227 -0.50642698390765872 0.19520110981017069 0.055444230513558068
ur,tetrapga,2.982573795,0.269738299,0.35821744,0.039359559,34.269157,41.673891,4.283644625,1,0,0,0.981469696,0.046353859,1.2,0,0,0,0 0 0.050000000000000003,0 0 0.050000000000000003,0 0 0.050000000000000003,wrist_3_link,-1,0,0 0 0,0 0 0,,0.14367335765701875 -1.5181775950904264 0.054224513721375558 -1.5013481720901649 0.032391201755288174 0.022001900248969846,0.022623398901111959 0.019240676646435209 0.0038433810673107961 -0.017758213178941974 -0.022387674051312041 -0.01854629365339815,0.3035666339620155 -1.3867482888893063 0.09493761263373382 -1.5810936055861204 -0.080514025948419041 -0.073678539772877027,-0.11223377159507522 -0.1528479206144204 -0.19691147460209479 -0.17309925707890572 -0.12163911062519041 -0.097505731651158542,0.14854345866055024 -1.51646570241238 0.052818863422402586 -1.5063971466604422 0.026699858634646877 0.017236016654787838,0.35384224998997821 0.15576856345253093 -0.091874055361765378 -0.38265815662908814 -0.43019297411206542 -0.35952757043793826,3.2496120508092439 18.675339571405637 4.9947778505058444 -0.408722633053276 0.04242607880136183 -0.01496763420302019,0.013429856551510966 -11.494791949843602 -5.9039338748225987 -0.50138171560229239 0.19761638361038081 0.057176487680742127
ur,tetrapga,3.02435408,0.266463259,0.357868893,0.039545818,35.144164,42.495229,4.3930205,1,0,0,0.938187512,0.044773207,1.2,0,0,0,0 0 0.050000000000000003,0 0 0.050000000000000003,0 0 0.050000000000000003,wrist_3_link,-1,0,0 0 0,0 0 0,,0.14470938230069866 -1.5173537608541485 0.054321818591946604 -1.5022480909027032 0.031293354782773002 0.021092148708553755,0.021684295465279696 0.019153103698934013 0.0029713471153651684 -0.018885660187404871 -0.023159080683001956 -0.019174977219143272,0.29876576420761364 -1.3931965547657945 0.08669610254737499 -1.5882848076125058 -0.085516036540884646 -0.077697744050779241,-0.11756147960045828 -0.15579992944081736 -0.19756902676912716 -0.17110710804398951 -0.11778178735073309 -0.09487786859194923,0.14927207754399796 -1.5156913529842164 0.052720215333409759 -1.5075076965295255 0.025491886316751852 0.016235420166903658,0.33070713379310734 0.15229733141638874 -0.10626570959692043 -0.39813471931840272 -0.43809005007680185 -0.36608281531742504,3.3001009643879962 13.662567103379274 2.3761588674863825 -0.61274722004454785 0.076985555795568872 -0.01573893228905858,0.016351886485949763 -11.601635859894486 -5.9318727480863345 -0.49415613313703943 0.19985816796202727 0.059120909302571079
ur,tetrapga,3.066962068,0.263737632,0.357289344,0.039481782,34.315501,41.899509,4.289437625,1,0,0,0.90094334,0.043378507,1.2,0,0,0,0 0 0.050000000000000003,0 0 0.050000000000000003,0 0 0.050000000000000003,wrist_3_link,-1,0,0 0 0,0 0 0,,0.14565070711893963 -1.5165718242700699 0.054376361929116108 -1.5031556189849158 0.030214272038492557 0.020198275949514125,0.020969967260693556 0.019260785445753402 0.0020847725411132973 -0.020287171855430892 -0.024234067582830737 -0.020060143444993902,0.29364316209235197 -1.3998960137886947 0.078267762061698484 -1.5955285037720446 -0.090448234721982351 -0.08168174136071879,-0.12286973742856624 -0.15864095160114478 -0.1980158684218197 -0.16887535878536239 -0.11371079659817027 -0.092115580179414153,0.14991894383303112 -1.5149417745044245 0.052584210762789373 -1.5086378673885799 0.024289212993379695 0.015238279443384658,0.30719393813099638 0.14872676548253475 -0.12050973374735324 -0.41327620433204304 -0.44548327357133355 -0.3723210773387956,3.3351667987265778 8.5903503881930767 -0.26863973906199279 -0.81784935294182848 0.11176223351516219 -0.016495355694082416,0.0077274799054976029 -11.623580071723154 -5.9222672595409449 -0.48231101486908301 0.20243785013114746 0.061859414883137731
ur,tetrapga,3.108970333,0.261340254,0.356779627,0.039857006,35.39933,42.896978,4.42491625,1,0,0,0.868656089,0.04251416,1.2,0,0,0,0 0 0.050000000000000003,0 0 0.050000000000000003,0 0 0.050000000000000003,wrist_3_link,-1,0,0 0 0,0 0 0,,0.14661296641860291 -1.5157185278698342 0.054402707007674835 -1.5041840743018668 0.029018738103929433 0.019208187295747529,0.019226636146428139 0.018914591611902957 0.0013323512791041821 -0.020741595609079476 -0.024196751731148637 -0.020024303377513757,0.28837393310804138 -1.4066161010548981 0.069944081722359996 -1.602573032619887 -0.095138438373762763 -0.085492773732506508,-0.12797493050459258 -0.16127189294201491 -0.1982353064284931 -0.16648049421327898 -0.10956731301680107 -0.089313714152067028,0.15053264090934837 -1.5141710466819773 0.052417422594878846 -1.5098327677451318 0.023037314634989842 0.014199220920814971,0.28333572329284207 0.14488806323281533 -0.13450453653213262 -0.42772461294727426 -0.45208261470917049 -0.37800155657849749,3.3864007337964983 3.5247700205373196 -2.8986344010177136 -1.0218378307169416 0.14645146141292556 -0.017247078015301925,0.024152165916007107 -11.801275819112561 -5.9785509097325473 -0.48123715590008942 0.20258933755062003 0.061751406420455623
ur,tetrapga,3.151975938,0.259527919,0.356125193,0.040175189,35.452078,43.01404,4.43150975,1,0,0,0.842429991,0.041392698,1.2,0,0,0,0 0 0.050000000000000003,0 0 0.050000000000000003,0 0 0.050000000000000003,wrist_3_link,-1,0,0 0 0,0 0 0,,0.14748219963550355 -1.5148987661072864 0.054386951530812487 -1.5052278350950947 0.027834700745021708 0.018227500769871018,0.017792122488670944 0.018805964146313331 0.0006357926674176468 -0.021418768307182503 -0.024440183791273926 -0.020226473648889933,0.28276034932951649 -1.4136064447382242 0.061418082431966725 -1.6096763904243028 -0.099756949544300505 -0.089270693769146689,-0.13306448835056567 -0.16378788430876168 -0.19823286681257113 -0.16383239008514186 -0.10519825003525596 -0.086367790068215197,0.1510798504541615 -1.5134075334428103 0.05221561007448039 -1.5110643169304225 0.021771291413650227 0.013146978146572298,0.25905377289265691 0.14092161902210118 -0.14832212366464753 -0.44175193901802745 -0.45808953479498343 -0.38329783758864083,3.4209123365920329 -1.6051711181173425 -5.5577483482912644 -1.2270918399964525 0.181377288516683 -0.017984965942581543,0.037531987133434086 -11.960231067663699 -6.0262783116186256 -0.47801775845800876 0.20344526587296485 0.062377916978768155
ur,tetrapga,3.195092722,0.258218075,0.355145364,0.040479934,34.163498,41.8112,4.27043725,1,0,0,0.822078104,0.040267491,1.2,0,0,0,0 0 0.050000000000000003,0 0 0.050000000000000003,0 0 0.050000000000000003,wrist_3_link,-1,0,0 0 0,0 0 0,,0.14830117515292876 -1.5140611000706932 0.054340032934515552 -1.5063279725871239 0.026612346463352039 0.017214833470529319,0.01604088851680013 0.018259831728120818 -0.00013176543052543632 -0.021722672821536504 -0.024240479616294788 -0.02006883923545413,0.2769156037161834 -1.420719558618825 0.05287510425573768 -1.6166795620800833 -0.10419611197850856 -0.092929560320298144,-0.13802344440776312 -0.16612787819038358 -0.19800039888456009 -0.1609820085713741 -0.1006952806311892 -0.083338798858534402,0.15156572771621302 -1.5126412716920425 0.051981819136755467 -1.5123381614102063 0.020484399673456666 0.01207571789565676,0.23440186422740988 0.13663063310891801 -0.16200029610977934 -0.45525208167722991 -0.46342740837277308 -0.38814848935557172,3.4533020097630045 -6.7398484393177966 -8.2125971199234957 -1.4315597086995884 0.21620641077509611 -0.018712136226046512,0.052092828111653944 -12.117028705422854 -6.071990083280042 -0.47693202686423319 0.20289666713890142 0.061894380070544486
ur,tetrapga,3.237012679,0.257390037,0.354018942,0.040654248,34.166313,41.740474,4.270789125,1,0,0,0.806982061,0.037204231,1.2,0,0,0,0 0 0.050000000000000003,0 0 0.050000000000000003,0 0 0.050000000000000003,wrist_3_link,-1,0,0 0 0,0 0 0,,0.14905917891550183 -1.5132311912034944 0.054251495599557352 -1.5074759899752208 0.025363989066233997 0.016179875599103971,0.014582140594974379 0.01791269543443013 -0.00084310850887861976 -0.022202622917660939 -0.024274867363238119 -0.020110495458575212,0.2710310999519146 -1.4277282160103211 0.044583527876068667 -1.6233666136650311 -0.10832353187444453 -0.096360176204477704,-0.14270230476383938 -0.16822569645088575 -0.19755442302096649 -0.15802723321255771 -0.0962060718617022 -0.080324690524431086,0.1519908066251458 -1.5118788181643277 0.051714622045536437 -1.5136505720118787 0.019180519930543136 0.010988353104396009,0.20979416373301019 0.13217666044023507 -0.17525441539847911 -0.46793704001970027 -0.46795930503388128 -0.39243045549495248,3.4812016700714867 -11.811777860114324 -10.81850195887529 -1.6306284291119395 0.25027418479265684 -0.019383379695921143,0.059705195965875646 -12.230239453201648 -6.0981372229029205 -0.47308123749644437 0.20271627237882228 0.062026855500779021
ur,tetrapga,3.278868198,0.257173383,0.352489881,0.04057126,34.260894,41.797129,4.28261175,1,0,0,0.798259048,0.033530526,1.2,0,0,0,0 0 0.050000000000000003,0 0 0.050000000000000003,0 0 0.050000000000000003,wrist_3_link,-1,0,0 0 0,0 0 0,,0.14971905921450468 -1.512450560361442 0.054130461130217807 -1.508607287007699 0.024158429134254179 0.015179462262647849,0.013465272616102163 0.01780413205463546 -0.0016845313709928273 -0.023233920652193957 -0.024884301094303451 -0.020636781543903662,0.26496296327986579 -1.4348101561198854 0.03632786100524369 -1.6299161011917762 -0.11225467508083581 -0.099658089589680574,-0.14722967206175153 -0.17014418322051506 -0.19689385647703336 -0.15490070390229005 -0.09162080179089864 -0.077250372327092059,0.15233684308987347 -1.5111434843257827 0.05141765331595631 -1.5149686213543496 0.017894871105857448 0.0099138207416493082,0.18523877131399391 0.12765061713616974 -0.18811103407222735 -0.47996148070230771 -0.47182542843716535 -0.3962608678570132,3.4945369975077782 -16.83906048819221 -13.391009016483501 -1.8256283466961576 0.28372853761180339 -0.020008544147115247,0.055206387051157435 -12.257136250792428 -6.0856890152222434 -0.46283754542582756 0.20370621200357419 0.063657651328927756
ur,tetrapga,3.320781113,0.257467017,0.350757076,0.040414344,34.039985,41.731413,4.254998125,1,0,0,0.795945253,0.030586024,1.2,0,0,0,0 0 0.050000000000000003,0 0 0.050000000000000003,0 0 0.050000000000000003,wrist_3_link,-1,0,0 0 0,0 0 0,,0.15031584602161241 -1.5116805247629264 0.053976555038548875 -1.5097685857619394 0.022943683822678831 0.014170288157251841,0.012371692455912985 0.017781085187628547 -0.0025469862530960747 -0.024392920469419814 -0.025611432284002082 -0.021267213444568486,0.25869971686340232 -1.4419785506288627 0.028093070897346001 -1.6363398169799694 -0.11599684947199893 -0.10283028011321696,-0.15161475788464343 -0.17188739087043228 -0.1960181589722515 -0.15159776365953676 -0.086932678537330318 -0.074110167939432092,0.15261142264744035 -1.5104276010056363 0.051092314630155157 -1.5162994024802021 0.016619044933212722 0.0088449051103524062,0.1606347614911571 0.12305044233896903 -0.20059869342824257 -0.49134986532329405 -0.47502906644168397 -0.39964366744873903,3.4986136048127365 -21.840311358178759 -15.941624548759508 -2.0178772088851984 0.31677445884312694 -0.020601914881138345,0.047965347631588884 -12.261090312404122 -6.0621515466903304 -0.45086416074991575 0.20486731551869752 0.065610641931435509
ur,tetrapga,3.362622395,0.258212585,0.349008231,0.040423032,34.072192,41.638672,4.259024,1,0,0,0.799692204,0.028221456,1.2,0,0,0,0 0 0.050000000000000003,0 0 0.050000000000000003,0 0 0.050000000000000003,wrist_3_link,-1,0,0 0 0,0 0 0,,0.15085783499464064 -1.5109090191506078 0.053786290272984538 -1.5109796700482401 0.021699844144962011 0.013135503442566599,0.011199289504296529 0.017832507696595768 -0.0033113230062514747 -0.025432827123084815 -0.026217379785290516 -0.021801114273596229,0.25226702384758221 -1.4492038278432422 0.019913412713294634 -1.6426109564811981 -0.11953473660836508 -0.10586454023764222,-0.15584029336387009 -0.17344866080130658 -0.19493170425021436 -0.14813326419936051 -0.082162816495245442 -0.070917081373670074,0.15282229279961218 -1.5097212112044853 0.05073775848234216 -1.5176559934048539 0.015339186477116068 0.0077698362958711562,0.13595799734365618 0.11838735919798443 -0.21269299619986154 -0.50205714264893353 -0.47753225780593722 -0.40254599763533983,3.4981376521349579 -26.821556569054852 -18.473121210797341 -2.2077977882791289 0.3494865925889547 -0.021169210760927579,0.04946733051042429 -12.324214070517883 -6.0634547992919465 -0.44138331333761016 0.20600982510421062 0.067263557313019362
ur,tetrapga,3.40436302,0.259320266,0.34734533,0.04075765,28.69976,36.011977,3.58747,1,0,0,0.831208896,0.026645995,1.2,0,0,0,0 0 0.050000000000000003,0 0 0.050000000000000003,0 0 0.050000000000000003,wrist_3_link,-1,0,0 0 0,0 0 0,,0.15135593809337775 -1.5101044914153141 0.053557001357549115 -1.5122774873146438 0.020389959300109211 0.012044080244217981,0.0096400796740735463 0.017517771069592031 -0.0038513950260675627 -0.025637577576141789 -0.025971103633267763 -0.021629618441852527,0.2456768675942381 -1.456473071077238 0.0118031096425539 -1.6487191790409317 -0.12286350545583428 -0.10875722662142841,-0.15990061206130377 -0.17482682870529079 -0.19363835628760581 -0.14451541208459046 -0.077321785712533189 -0.067677028530133174,0.15205014759188371 -1.5091938676195944 0.05179227357369736 -1.5164516869007334 0.016523145178291034 0.0087739611889323423,0.086776187313245462 0.11382797446497109 -0.22059097298146976 -0.52177494826120163 -0.48335176522727208 -0.40876488191070498,4.7215279416362819 -35.843108516165401 -28.874533460675927 -3.6820059497755659 0.53649445398611695 -0.042640415897259976,0.067729066354559109 -12.4995644292012 -6.1136474752618426 -0.44069132154891122 0.20525020910277192 0.066735408041274979
ur,tetrapga,3.440476404,0.260704131,0.344876064,0.040333331,28.581523,36.212465,3.572690375,1,0,0,0.828183408,0.007755685,1.2,0,0,0,0 0 0.050000000000000003,0 0 0.050000000000000003,0 0 0.050000000000000003,wrist_3_link,-1,0,0 0 0,0 0 0,,0.15171513942879544 -1.5094478489473842 0.053332057802289071 -1.5133924659254145 0.019285448743919333 0.011121946471829396,0.0088294366207895218 0.017947693375022396 -0.0050276562730512389 -0.027855839647646877 -0.02770226760928457 -0.023120027359781994,0.2398408286011926 -1.4628059726749678 0.0048329343224095891 -1.6538796638303497 -0.12557928416290107 -0.11115001962503224,-0.16328587683307583 -0.17587389621894728 -0.19235209096863862 -0.1412588083183646 -0.073072025255009651 -0.064832347412886016,0.15224775761583972 -1.5085555476648946 0.051505903451363945 -1.5176259356587758 0.015415217033443089 0.0078413876588836803,0.066577273380536164 0.11153766031119688 -0.22826929386564052 -0.52918371667015485 -0.48377896380953056 -0.41006985161821446,4.2518172433398806 -40.420909429683647 -31.402085904223938 -3.8669246649319851 0.56582981323870862 -0.0432489251844334,0.050809134642236131 -12.419104628462264 -6.0499996878386355 -0.41908877922924148 0.20890996255656091 0.071345373785657529
ur,tetrapga,3.476786105,0.262346627,0.342378852,0.040011368,28.692115,36.33725,3.586514375,1,0,0,0.839614915,0.005696845,1.2,0,0,0,0 0 0.050000000000000003,0 0 0.050000000000000003,0 0 0.050000000000000003,wrist_3_link,-1,0,0 0 0,0 0 0,,0.15203816664608838 -1.508765805035585 0.053075616797690711 -1.5145765391437067 0.018129154675158961 0.010154865562175094,0.0077307235632956932 0.018103951187917206 -0.0061409347943071251 -0.02963076672436701 -0.028949574815551039 -0.024216534109115638,0.23385201142416714 -1.4692089511756004 -0.0021254889132169426 -1.6589475435351684 -0.12815413102559081 -0.11345158346893498,-0.16656782414676294 -0.17679018984452274 -0.19090392031117046 -0.13786971601486522 -0.068746488455478413 -0.061935803772286559,0.15274086868962297 -1.5077240525441411 0.049414103768538546 -1.5218738374069223 0.011567200495722711 0.0045733313400431316,0.061638884222907205 0.10393689009418225 -0.26147496035317491 -0.53098771851831483 -0.48100206721504718 -0.40850703985506859,3.7710394587895997 -42.109585795443422 -20.125951297369728 -1.6567295570220679 0.33540210931363451 -0.0017485998341777388,0.040023717265057712 -12.375450505520348 -6.001705232810707 -0.40130967669574602 0.21129103449934306 0.074738509270654063
ur,tetrapga,3.513221237,0.265417118,0.351169978,0.036977871,28.5712,36.19227,3.5714,1,0,0,0.878855091,0.004082676,1.2,0,0,0,0 0 0.050000000000000003,0 0 0.050000000000000003,0 0 0.050000000000000003,wrist_3_link,-1,0,0 0 0,0 0 0,,0.15209223600278984 -1.5082343708813106 0.053088520627267509 -1.5151334089332482 0.017591538768293381 0.0097067913463903376,-0.00022476171084280866 0.015580650103928805 0.0030699360981762199 -0.01179918638001751 -0.011435483327748099 -0.0094717114303309782,0.22772498616226233 -1.4756649820360033 -0.0090522776053382856 -1.6639071823518736 -0.13057910237687001 -0.11565474687278474,-0.16973629485134745 -0.17757167551593844 -0.1892962297126396 -0.13435671514310435 -0.064357510213466931 -0.05899485715609093,0.152295990978669 -1.5073654344891656 0.051153695926092653 -1.5194858996989322 0.01371418519582294 0.0064031856748169693,0.025469371984896107 0.1086170490181366 -0.24185308764685706 -0.54406134571049902 -0.48466919655880519 -0.41295070894667107,3.5670753815297438 -49.817795272315266 -37.046887791182741 -4.343461752593579 0.63838997334011571 -0.046216406502047815,-0.10816901998441608 -11.180383631686709 -5.5466805832303407 -0.47787310747298761 0.15001059842462894 0.02926912332542031
ur,tetrapga,3.549509382,0.268658093,0.347608214,0.039878678,28.680163,36.195466,3.585020375,1,0,0,0.895727037,0.012841943,1.2,0,0,0,0 0 0.050000000000000003,0 0 0.050000000000000003,0 0 0.050000000000000003,wrist_3_link,-1,0,0 0 0,0 0 0,,0.15213084530800319 -1.5075998729799185 0.05312378190377947 -1.5157706105208508 0.01698174254831087 0.0091984690194982788,0.0010823373154235801 0.017929847013576611 0.0010513428096698739 -0.017179805079882843 -0.016523607465470363 -0.013779225558622245,0.22151022138324544 -1.4821207684896693 -0.015890130806240577 -1.6687176141835349 -0.13283453683233243 -0.11774192866717487,-0.17276567774570945 -0.17821231617737607 -0.18754292507194464 -0.13074975465884492 -0.059942571586723968 -0.056033833590058826,0.15242414306551128 -1.5065869284979156 0.048903987803718109 -1.5238552335290119 0.0098581920670883262 0.0031122483274297823,0.016019010855284295 0.09731324890624074 -0.28121351529681837 -0.54616672875994432 -0.48199914109182673 -0.41136716842339838,4.6620326751446601 -50.990376399673458 -24.189137145532385 -1.9589297494181908 0.39411266710699089 -0.0021784580819099505,0.024219379631745142 -12.257341333805925 -5.981801673909473 -0.47488448447165865 0.17193816765768233 0.042532846446885486
ur,tetrapga,3.585844202,0.270624478,0.3308455,0.044020453,28.552395,35.953757,3.569049375,1,0,0,0.934633189,0.007507828,1.2,0,0,0,0 0 0.050000000000000003,0 0 0.050000000000000003,0 0 0.050000000000000003,wrist_3_link,-1,0,0 0 0,0 0 0,,0.15227895361804775 -1.5067687313968972 0.052682074241058391 -1.5173761600511551 0.015498794202675695 0.007948303216458185,0.0040319399881031696 0.021686690635904948 -0.013797150794204998 -0.043961512274045739 -0.040578222826772738 -0.034267869835733787,0.21517964301603865 -1.488605647630113 -0.022670298528932639 -1.6734011829372555 -0.13493163075517398 -0.11972359284304061,-0.17567072607020748 -0.17871589556218329 -0.18563715868655786 -0.12703371452350234 -0.055482953761976879 -0.053039391798915467,0.15216128851129604 -1.5059514363552622 0.05061779213621357 -1.5218243817361572 0.011639954197308983 0.004640189144010977,-0.01470813834396199 0.10216188020437036 -0.25803526310560282 -0.55602771062527923 -0.48235500067083914 -0.413514259055901,2.4515661002232534 -58.827871991006589 -41.223072443003744 -4.5596721468894721 0.67868292997249435 -0.044839367602828195,0.2635408379811679 -14.048436845574543 -6.6030679212008749 -0.34957218638464838 0.25490842821618998 0.10573614563976186
ur,tetrapga,3.621895401,0.274299771,0.345295527,0.038418011,28.55258,36.030501,3.5690725,1,0,0,0.956868095,0.016203589,1.2,0,0,0,0 0 0.050000000000000003,0 0 0.050000000000000003,0 0 0.050000000000000003,wrist_3_link,-1,0,0 0 0,0 0 0,,0.15230906419189391 -1.5062189676399822 0.052610998018048971 -1.5180560226945867 0.014862949164023942 0.0074129539492887846,-3.8613373685901847e-05 0.015041459184552113 0.0020479674957951657 -0.012912722926395243 -0.012257687494987174 -0.010252855354207269,0.20879647730579912 -1.4950555250770758 -0.029326449762084244 -1.6779129372155297 -0.13685158074425646 -0.12158176233330438,-0.17842446834456099 -0.17907908717973833 -0.18359969812486604 -0.12324711405291926 -0.051024204067455697 -0.050041355650278646,0.15192859024337407 -1.5052590353635569 0.048209787086266005 -1.5262895011633733 0.0078012850932823313 0.0013447534964091202,-0.029087283490246377 0.086550123963154785 -0.30100063124344534 -0.55813992840200455 -0.47983363800333134 -0.41192945595023212,5.4510570387703687 -59.086557860712588 -27.782780661229665 -2.2203414929783181 0.44441892036069564 -0.0025138735753825643,-0.058081133308860444 -11.802591332478187 -5.7627016685847252 -0.47936205684527522 0.15391917040115644 0.031668917195766255
ur,tetrapga,3.658013463,0.27692795,0.326968089,0.043461113,34.150502,41.570767,4.26881275,1,0,0,0.983892273,0.000834141,1.2,0,0,0,0 0 0.050000000000000003,0 0 0.050000000000000003,0 0 0.050000000000000003,wrist_3_link,-1,0,0 0 0,0 0 0,,0.15233033033927398 -1.5054699294898495 0.052170503244459279 -1.5195645189629357 0.01350523951106109 0.0062623737724291596,0.00039112556492398957 0.019839483573316108 -0.014018795045083602 -0.041888332635390879 -0.03767628419868297 -0.031984948727105549,0.20230426566324727 -1.5015280349577202 -0.035918677683667924 -1.682294429915216 -0.13861335880645939 -0.12333454325253321,-0.18105312055690839 -0.17930666586650057 -0.18141415266870728 -0.11935783612784548 -0.046527924321547114 -0.047013147668180856,0.15178855129253155 -1.5047306619610454 0.047845506886496955 -1.5274203152031274 0.0068311383661837036 0.00051098312908338158,-0.042613624849059686 0.079227558207224894 -0.29307978485821096 -0.5616631424966142 -0.47776549199850105 -0.41157256316696977,3.7693505618619882 -61.484967675648214 -35.238659861898356 -3.4235884472130369 0.56330282171326629 -0.023835467665130582,0.24534696185776284 -13.942082071111145 -6.5191669977758124 -0.35098305236260785 0.2434177039593628 0.09870476174316245
ur,tetrapga,3.69967933,0.281732689,0.340843385,0.038117687,28.60206,36.069998,3.5752575,1,0,0,1.05059299,0.010322419,1.2,0,0,0,0 0 0.050000000000000003,0 0 0.050000000000000003,0 0 0.050000000000000003,wrist_3_link,-1,0,0 0 0,0 0 0,,0.15229594063486401 -1.5048422569925999 0.052082384459126156 -1.5203549853025926 0.01278934049852793 0.0056560822545750891,-0.0012170612606823231 0.015421058932806722 0.0018601239886375392 -0.01334165030015042 -0.012253184906494302 -0.010315089290076049,0.19470015882085573 -1.5090015745157499 -0.043421904154935458 -1.687172148844355 -0.14044339665108302 -0.12522013305908217,-0.18392155175854522 -0.17939991382395182 -0.17871637930237766 -0.11475729431076949 -0.041310714688487862 -0.043492255894603697,0.15137710786283134 -1.5042651753133156 0.045271268739004382 -1.5319183276803572 0.0030292529015798213 -0.0027685699607225976,-0.051430428712524776 0.058185830966230527 -0.32177976843657202 -0.56225155965373419 -0.47523568307548525 -0.40994413622574744,5.9898893832830176 -59.475503105465805 -26.99131253380688 -2.1323544110990849 0.42890857825002193 -0.0020698652745368591,-0.076367322993974085 -11.794440109157222 -5.7176529859995924 -0.46713930442183482 0.15169994733362202 0.031870251013344841
ur,tetrapga,3.735851923,0.284711209,0.322476392,0.043733489,28.736927,36.187786,3.592115875,1,0,0,1.101320852,0.032907191,1.2,0,0,0,0 0 0.050000000000000003,0 0 0.050000000000000003,0 0 0.050000000000000003,wrist_3_link,-1,0,0 0 0,0 0 0,,0.15218804567546579 -1.5040992190409355 0.051567215235035227 -1.5219479103719089 0.011396271277564493 0.0044680889719298893,-0.0031993559980402707 0.019886380710702697 -0.014811817420869153 -0.042414742676727485 -0.037143792866345032 -0.031712966191436626,0.18800440129559021 -1.5154901544199928 -0.049841871786573115 -1.6912495312160212 -0.14185546404160748 -0.12673774762778192,-0.18626762217932202 -0.17933406666382232 -0.17622358738112032 -0.11066887571915499 -0.036760347790466018 -0.040414306100347602,0.15140380525869529 -1.5033848149382383 0.049300107727077241 -1.5265430931984998 0.0076200125981047001 0.0011812401440157451,-0.098030052096312104 0.089300512837139051 -0.28338843849474832 -0.57439785332384852 -0.47203233493247421 -0.41085610348926804,0.45843971788275528 -76.643096201638159 -51.006334644596571 -5.2726034336619465 0.79117880874166202 -0.04719289129530721,0.27191173431981497 -14.156938930445904 -6.5600233228921923 -0.34476843731590634 0.24101752354064843 0.097871645037901356
ur,tetrapga,3.772130061,0.287935421,0.321089253,0.041817694,28.575174,35.868598,3.57189675,1,0,0,1.130166718,0.011292091,1.2,0,0,0,0 0 0.050000000000000003,0 0 0.050000000000000003,0 0 0.050000000000000003,wrist_3_link,-1,0,0 0 0,0 0 0,,0.15206742142874544 -1.5034237105618913 0.051015604005522755 -1.5234922516063873 0.010051957194750169 0.0033185266496137504,-0.0031769433643270219 0.017025992215145343 -0.013739271624046173 -0.038278111441981649 -0.033317605250384921 -0.028506650867726503,0.18120633358346788 -1.5219927966481994 -0.056187496419056973 -1.6951887421961549 -0.14310605266845625 -0.12814764384601621,-0.1884844463808287 -0.17913135952277109 -0.17358546547395945 -0.10648468375558928 -0.032182086101051194 -0.037310045929707797,0.15042654973440819 -1.5028556463431273 0.046607393176107528 -1.5311572009510874 0.0038579319223109652 -0.0020936561293709473,-0.12215694053588684 0.066146074388873405 -0.33658931887121457 -0.57676346907344922 -0.47026008447421686 -0.40936203417333655,7.0390580715685704 -75.563968267008292 -35.250861801010217 -2.768946656421071 0.54994554666331896 -0.00328146272783789,0.17200018502285275 -13.515098377021786 -6.2726540887692295 -0.34520386052008689 0.22376399518678802 0.087996057485500101
ur,tetrapga,3.808098692,0.29026328,0.308873506,0.04564408,28.641631,36.137089,3.580203875,1,0,0,1.176408099,0.009727255,1.2,0,0,0,0 0 0.050000000000000003,0 0 0.050000000000000003,0 0 0.050000000000000003,wrist_3_link,-1,0,0 0 0,0 0 0,,0.15187241331072976 -1.5027306708454837 0.050078504751378164 -1.5256709240537565 0.0081822298909017127 0.001714244080803346,-0.0058422906767461053 0.01795121353417381 -0.028809306350292045 -0.061800138407706311 -0.052967252165234978 -0.045516551389884231,0.1743893140669146 -1.5284302712987241 -0.06238207527979437 -1.6989430546871125 -0.14418181039559483 -0.12943405844952097,-0.19054650453616634 -0.17879572059744836 -0.17083593569762337 -0.10225740348238206 -0.027633124171289818 -0.034217508040392926,0.15077384165888152 -1.5021167332994849 0.047712335515994929 -1.530280817766384 0.0044978960296876945 -0.0015216717453966438,-0.1373214564810287 0.076742193249850085 -0.29577115442290408 -0.57623671407844435 -0.4605417326517523 -0.40448947827499881,-0.5367218306026782 -83.755544181539676 -54.221245188392352 -5.4265561411769117 0.81938271837498111 -0.045973561589401642,0.41259441932436403 -15.062546353779908 -6.7732542111542955 -0.23082009912741341 0.29132813570549132 0.14047679620065878
ur,tetrapga,3.844327038,0.295277609,0.335813738,0.029636652,28.550384,35.825075,3.568798,1,0,0,1.205044058,0.036020115,1.2,0,0,0,0 0 0.050000000000000003,0 0 0.050000000000000003,0 0 0.050000000000000003,wrist_3_link,-1,0,0 0 0,0 0 0,,0.15175193927308692 -1.5023740668839338 0.049943227273433796 -1.5262302035933983 0.0077133621430680007 0.0013064484825438382,-0.002447710859479652 0.010398862796910028 0.0065917346340445609 -0.0018815484490131414 -0.0014150878139137231 -0.0012719306996836976,0.16745058634008825 -1.5348995839107726 -0.068519017062024803 -1.7025694055457228 -0.14509983313151087 -0.13061708731924732,-0.19248550139325793 -0.17832268767183002 -0.16793447332439118 -0.097924506769213063 -0.023046222178918871 -0.031090179020907601,0.14944584705121514 -1.5017162632739964 0.04489891494251385 -1.5349109056942498 0.00083102598699399868 -0.0047452363343180176,-0.16599932595829858 0.050058753186056147 -0.35167757168513514 -0.57876099098321165 -0.458358755336712 -0.4029455736151718,7.6316133125423526 -81.915373418923053 -38.04103211910239 -2.9676665167360117 0.58780303864081573 -0.00354948874280112,-0.50012732052766751 -8.9688169898527121 -4.4454977861578016 -0.42773014822341793 0.094644913994473612 0.0040569692802518986
ur,tetrapga,3.880238066,0.299511075,0.314871228,0.04116471,28.583735,35.888202,3.572966875,1,0,0,1.259423944,0.037045303,1.2,0,0,0,0 0 0.050000000000000003,0 0 0.050000000000000003,0 0 0.050000000000000003,wrist_3_link,-1,0,0 0 0,0 0 0,,0.15143113489381521 -1.5017522283420284 0.049617273110041667 -1.5273953282743198 0.006761209383280487 0.00047977601193055708,-0.010455225931998713 0.019014458777839853 -0.012374336366720596 -0.036633503203843509 -0.0300753820200193 -0.026129675265614345,0.16050578445788191 -1.5412929226547232 -0.074496153988094116 -1.7060078002314134 -0.1458457952391653 -0.13167775379012142,-0.19426978683977825 -0.17772078360705568 -0.16493039017427399 -0.093559402133600075 -0.018499118701282204 -0.027980272323853365,0.1481005461225883 -1.5015910956948118 0.041922339611241179 -1.5395375789662376 -0.0028112431843316135 -0.0079544167223684781,-0.16816261607835578 0.015645947398087036 -0.37207191640908427 -0.57833415899846885 -0.45528364641570152 -0.40114754850630763,8.8130366774399587 -76.530321980496026 -33.411912667046209 -2.5877710497374422 0.52365033860018695 -0.0022308374620287012,0.1773081074483116 -13.459358126550796 -6.1747064799528175 -0.33822373197926936 0.20997393468280912 0.080678960274100042
ur,tetrapga,3.916215643,0.304261982,0.324621285,0.037679794,28.701634,36.079326,3.58770425,1,0,0,1.340836574,0.018932627,1.2,0,0,0,0 0 0.050000000000000003,0 0 0.050000000000000003,0 0 0.050000000000000003,wrist_3_link,-1,0,0 0 0,0 0 0,,0.1512154131902799 -1.5011286011909328 0.049439082600642503 -1.5282829727256069 0.0060183749099290114 -0.00016354329295024071,-0.004287882922395154 0.017197099320320181 -0.00093190609784933316 -0.018794601005054284 -0.015990596196958397 -0.013790089050858398,0.1534863460034826 -1.5476740581795845 -0.080373932840408752 -1.7092941801022583 -0.1464294574093043 -0.13262825191526417,-0.19591888269420263 -0.17698573669742124 -0.16179580020325926 -0.089120433701900689 -0.013947867123022527 -0.024857023304890494,0.14678078965104055 -1.5017291440609675 0.038834531480449387 -1.5441559669037423 -0.0064331142832240538 -0.011150005024672094,-0.16496955894347018 -0.017256045769465864 -0.38597601634897366 -0.57729849218809925 -0.45273388736155501 -0.39944853778795186,8.4539872324847636 -71.008737321537581 -30.608887869092044 -2.3651048680592757 0.48055661724958837 -0.0018689956375594879,-0.076905126590986583 -12.036270751065786 -5.6519691431938668 -0.40706566364769969 0.1571428291622663 0.042613744881297322
ur,tetrapga,3.9523878,0.307987687,0.306226502,0.0461422,28.76658,36.374635,3.5958225,1,0,0,1.412321332,0.03669785,1.2,0,0,0,0 0 0.050000000000000003,0 0 0.050000000000000003,0 0 0.050000000000000003,wrist_3_link,-1,0,0 0 0,0 0 0,,0.15076588973274646 -1.5003828014973062 0.04884889386916158 -1.5299356115910463 0.0046742799358679751 -0.0013347256610108074,-0.014144093740554512 0.020453698388831442 -0.020031011774328412 -0.048868818619280101 -0.039660886100360906 -0.034628849779030829,0.14637166786415551 -1.5540606530321028 -0.086167578540337519 -1.7124361999835163 -0.14685135090026025 -0.13347050851770362,-0.19743624779088356 -0.17611437188631107 -0.15852120064584602 -0.084595450267479985 -0.0093810026771970947 -0.021711632295999202,0.14903474257217728 -1.4998319381245158 0.046368013982476995 -1.5345925004933993 0.0011518074440855708 -0.0044928123221305242,-0.21639339507114838 0.068857921598792768 -0.31010998583557337 -0.58211111279412442 -0.44030906147280058 -0.39476083263996464,-2.4285836671638048 -100.79409403053495 -63.53802870375263 -6.1071290100544928 0.92686232487964526 -0.048245600402542839,0.42996333246674112 -15.226925952116289 -6.8211203044921263 -0.30412118435651792 0.24829405494695989 0.10687631427439825
ur,tetrapga,3.988870314,0.310382066,0.293961927,0.05068116,28.741906,36.083954,3.59273825,1,0,0,1.436399276,0.012966351,1.2,0,0,0,0 0 0.050000000000000003,0 0 0.050000000000000003,0 0 0.050000000000000003,wrist_3_link,-1,0,0 0 0,0 0 0,,0.15001760232607877 -1.4996231402974303 0.047623933478883447 -1.5325142725277177 0.002606708900910395 -0.0031447905468491963,-0.020641763657599347 0.017140411457635469 -0.036381058563373356 -0.069639628248202037 -0.055677916985174172 -0.048834827508306325,0.13914296186067537 -1.5604676890771167 -0.091888730299869464 -1.7154383101192503 -0.14710977735797126 -0.13420468774216435,-0.19882297035408031 -0.17510212425895749 -0.1550967070097346 -0.079973173614417165 -0.0047888653263069327 -0.018536370787425104,0.14700654717671846 -1.4995504967467443 0.0433592807633182 -1.5392672415725008 -0.0023736300975890343 -0.0076428400442413863,-0.25352442443235251 0.035180172221440605 -0.37609165239484921 -0.58434263488768934 -0.44067969270932561 -0.39375346526385779,9.1890792087778053 -97.661006858596181 -45.177401045825945 -3.4918328492674764 0.68816808239688776 -0.0042827544699839482,0.68657623411831992 -16.724782673341906 -7.2855244192192856 -0.20421508349591022 0.30420963533088496 0.15070962643567754
ur,tetrapga,4.025057722,0.311882178,0.285689046,0.051892722,28.726243,36.146167,3.590780375,1,0,0,1.479467677,0.009584966,1.2,0,0,0,0 0 0.050000000000000003,0 0 0.050000000000000003,0 0 0.050000000000000003,wrist_3_link,-1,0,0 0 0,0 0 0,,0.14911255805973961 -1.4990705047609441 0.045922106669017776 -1.5356157553006218 0.00014298783863348391 -0.0053083658962371234,-0.02497470013581014 0.010899854737016349 -0.050331943814140002 -0.085104734282448191 -0.067428720286002788 -0.059313529849671261,0.13192534637895589 -1.566784031550648 -0.097438038320831172 -1.7182485605277624 -0.14720092971012191 -0.13481847335019767,-0.20005524431591809 -0.17396681380577031 -0.15158234099278692 -0.075334808760848179 -0.00025239446512174556 -0.015386367933814999,0.14708926282243262 -1.4987126624880609 0.043340465772366422 -1.5401990003516735 -0.003212241350033659 -0.0083564678416758326,-0.25291190466337293 0.044730284110390074 -0.3227051120814195 -0.57290563138147133 -0.41940364858339285 -0.38101274317983858,-3.0178738121533932 -104.8302310217 -64.273684901053002 -6.003554570145381 0.91839079583015393 -0.044541941710126133,0.7844146707523123 -17.124598204081849 -7.2956861429208857 -0.10198037075315369 0.33948266097624114 0.18306500537924109
ur,tetrapga,4.061280214,0.317620011,0.326422338,0.016407164,28.769349,36.364513,3.596168625,1,0,0,1.504249471,0.061285215,1.2,0,0,0,0 0 0.050000000000000003,0 0 0.050000000000000003,0 0 0.050000000000000003,wrist_3_link,-1,0,0 0 0,0 0 0,,0.14898790548521756 -1.499065756360912 0.045746284397594129 -1.5358716458268444 -2.9163329538354001e-05 -0.0054753240104764428,0.0029518891742690728 0.0035078109012967752 0.013796319943495266 0.013829867839176955 0.011707822265583067 0.0099747266330066763,0.12465867131393132 -1.5730630019653549 -0.10286329301575906 -1.7208925440704324 -0.14712817371522233 -0.13531872671532291,-0.20114526086755735 -0.17270070021726411 -0.14795065821747991 -0.070643174444393511 0.0042653172409693116 -0.012235313260201634,0.14474170759248731 -1.498647650543975 0.04023861727331985 -1.544804312990071 -0.0065515874188909282 -0.011392949503440896,-0.29344440374316383 0.0081264930107495872 -0.38773106238082133 -0.57566407979970213 -0.41741825860715864 -0.37956020772063298,9.4966335449299084 -100.93194574163121 -46.439674335471885 -3.5709182404541049 0.70303351683117399 -0.0043683052392326106,-1.1785574324139816 -4.5838832532936067 -2.4610746400068422 -0.35043793224213005 0.016633261040533753 -0.030519008196133512
ur,tetrapga,4.097743538,0.32288942,0.303138387,0.036944954,28.71275,36.148631,3.58909375,1,0,0,1.555907379,0.08609655,1.2,0,0,0,0 0 0.050000000000000003,0 0 0.050000000000000003,0 0 0.050000000000000003,wrist_3_link,-1,0,0 0 0,0 0 0,,0.14852808525236605 -1.4985416037423964 0.045609470821864791 -1.5366487089874974 -0.00058918264712957827 -0.0059848640783677562,-0.015222595220038175 0.017322174162024032 -0.0066054841206431032 -0.025206103123979237 -0.018635069772355583 -0.016834758152019746,0.11730644926470854 -1.5793350347619475 -0.10818971388939999 -1.7233816392777555 -0.14689015261066615 -0.13570710013927514,-0.20209707499222782 -0.17129642823315885 -0.14418321302364737 -0.065875716452905367 0.0087849623383695601 -0.0090677792480750134,0.14237245518261929 -1.498930116365587 0.036933493040359408 -1.549408449231362 -0.009865898849753179 -0.014414837977092924,-0.29615655123350343 -0.035308227701501424 -0.41314052912005506 -0.57551703016137357 -0.4142889288577814 -0.37773605920650349,11.161765757052105 -93.899273064287385 -40.751616948521303 -3.1202020530956172 0.63004632501875735 -0.0028356470037333211,-0.01436863293793067 -12.191834737843237 -5.5002004410189329 -0.33485595234287757 0.15831491107321938 0.052039778198370357
ur,tetrapga,4.133990518,0.327896007,0.30676453,0.038012321,28.579568,35.864687,3.572446,1,0,0,1.63349123,0.08241107,1.2,0,0,0,0 0 0.050000000000000003,0 0 0.050000000000000003,0 0 0.050000000000000003,wrist_3_link,-1,0,0 0 0,0 0 0,,0.14811899894209318 -1.4978832464682479 0.045399532058396287 -1.53759490667012 -0.0013224650185860607 -0.0066370759208463307,-0.010328348834797758 0.019916348954283281 -0.0042435628895335243 -0.025034949768539268 -0.019711621605110162 -0.01745825323110033,0.10996608382372679 -1.5855167831974895 -0.11334641686450335 -1.7256829374884677 -0.14649078405557786 -0.13597881383144753,-0.2028982225447846 -0.16977289128168388 -0.14033069154480093 -0.061096830241321336 0.0132452001079548 -0.0059259144987964711,0.14003837485887341 -1.4995426613187979 0.033487701241975899 -1.5540057197107708 -0.013159597961628612 -0.017423083990364296,-0.29176004046823395 -0.076568119151345537 -0.43072397479793839 -0.57465880992610441 -0.41171238898442913 -0.37603075165892152,10.724185611141744 -86.79357119335009 -37.189604865347576 -2.8409458151084963 0.5764283638870441 -0.002385909940556671,-0.0049889977839256971 -12.544066091506465 -5.6548288214686124 -0.34398599752148584 0.1629774481027928 0.053945333663982353
ur,tetrapga,4.169947075,0.331539335,0.289654551,0.049562234,28.7545,36.275599,3.5943125,1,0,0,1.734374909,0.036310872,1.2,0,0,0,0 0 0.050000000000000003,0 0 0.050000000000000003,0 0 0.050000000000000003,wrist_3_link,-1,0,0 0 0,0 0 0,,0.1472383668606819 -1.4970652223546301 0.044669407246941545 -1.5394520691552749 -0.0027216860822155231 -0.0078919895406834931,-0.026318673772323203 0.020379091337201213 -0.024156307727126663 -0.052722023169295334 -0.039516884157405813 -0.035547222255027662,0.10265842019921038 -1.5915921961594728 -0.1183219802515158 -1.7277940171186608 -0.14593552990243611 -0.13613599027799525,-0.20354982429090346 -0.16813736084998759 -0.13640680041948697 -0.056321728868969169 0.017633069547994061 -0.0028183764586872115,0.13774703059187701 -1.5004591185954863 0.029921848149628977 -1.5585944752353471 -0.016434134397743948 -0.020418110765910498,-0.28641803337454941 -0.11455715958606215 -0.44573163654336545 -0.57359444057204756 -0.40931705451441702 -0.37437834694327499,9.9293612269934943 -80.021236262078844 -34.137732982294153 -2.6011638985792023 0.52804963826195395 -0.0021312636444951482,0.6207580573748146 -16.355537357915637 -7.0775623544923008 -0.27572887056339823 0.24648330772046378 0.10970768059520353
ur,tetrapga,4.206322257,0.333988783,0.277645945,0.054659489,34.131263,41.45584,4.266407875,1,0,0,1.704810951,0.051786602,1.2,0,0,0,0 0 0.050000000000000003,0 0 0.050000000000000003,0 0 0.050000000000000003,wrist_3_link,-1,0,0 0 0,0 0 0,,0.14591887467972767 -1.4964009795335813 0.043297666104853791 -1.5420655161134962 -0.0046511805028501482 -0.0096347940916278983,-0.03745772387464702 0.01428942993966313 -0.042178312165235363 -0.072895830312901255 -0.053611909385377833 -0.048534458144191425,0.095244467535097105 -1.5976762468918109 -0.1232100874586098 -1.7297544061645032 -0.14521401376676388 -0.13618150571427309,-0.20406379346381817 -0.16635852857908848 -0.13233733347338922 -0.051460766308077402 0.022030361029306895 0.00031366458020646475,0.13931954831940865 -1.4989006889307777 0.033452326090502117 -1.5548629244917578 -0.013684037645510795 -0.01794519733869443,-0.31417553954921046 -0.058829983280482924 -0.39467887959240788 -0.56661610216701064 -0.3926725244017184 -0.36484311374065398,1.9418922934184311 -98.554156722785166 -52.587736540862551 -4.508601791193569 0.75168582487541613 -0.02363016759170079,0.93300131393266383 -18.037631332645105 -7.6051587547417512 -0.18516569410166994 0.29783955835515741 0.14978008994350844
ur,tetrapga,4.247879212,0.335593718,0.267946736,0.053246698,34.094611,41.511773,4.261826375,1,0,0,1.76365808,0.028393018,1.2,0,0,0,0 0 0.050000000000000003,0 0 0.050000000000000003,0 0 0.050000000000000003,wrist_3_link,-1,0,0 0 0,0 0 0,,0.14407178255353956 -1.4959935730144116 0.041075188164604863 -1.5456901688788969 -0.0072947837621735361 -0.012033301585778398,-0.042269047818944111 0.0028426869658451656 -0.055551660077063726 -0.08290360649403565 -0.060174430023733988 -0.054725685921215773,0.086755052122857931 -1.6045447943319928 -0.12861099519993799 -1.7317770235975474 -0.14419507876919846 -0.13609441354468038,-0.20447215309357925 -0.16417555089839256 -0.12757011104988447 -0.045876187530447358 0.026996980354470554 0.00387441888672533,0.13888947719211606 -1.4977792828432606 0.034170972848278525 -1.5547476629413777 -0.013508687772584477 -0.017829546929948537,-0.35077353054475607 -0.041518983833228232 -0.38659803490936995 -0.55888953200628844 -0.37740963359278901 -0.35503718346401525,2.0829469925565185 -108.43900105629258 -57.509339289598287 -4.8473868052384361 0.81540021072594382 -0.023550260933380151,0.92035802261057142 -17.571410335789551 -7.2457668932137835 -0.088474866955948528 0.31120566597214605 0.16892639330916381
ur,tetrapga,4.289484978,0.335850969,0.259796008,0.04680919,34.124593,41.427345,4.265574125,1,0,0,1.8103661,0.006609649,1.2,0,0,0,0 0 0.050000000000000003,0 0 0.050000000000000003,0 0 0.050000000000000003,wrist_3_link,-1,0,0 0 0,0 0 0,,0.14189178581124676 -1.4960851854745605 0.038108009891822871 -1.5500060028613671 -0.010410319880725886 -0.014870497321444421,-0.042805273790897679 -0.010182411387473587 -0.064546860815972024 -0.085939193066775971 -0.061695411581987047 -0.056328618673764222,0.078242637106310464 -1.6113272272978052 -0.13381726014485248 -1.7335689553848184 -0.14296956420126458 -0.13585943110063967,-0.20469002143500503 -0.16183158395824182 -0.12267680359218348 -0.040258633481932704 0.031902029873340787 0.0074172669427064186,0.13736206742048884 -1.4972869415836016 0.033054319406440005 -1.5567693215596734 -0.014843549430055742 -0.019100673997895251,-0.37857051014907184 -0.044338428086373963 -0.38564649545133722 -0.54906108228763861 -0.3605057004250698 -0.34383148402484642,2.3056385156768719 -113.02017612101653 -59.383211191826234 -4.9549177327038887 0.83727708084216723 -0.023077747452674324,0.66385805177037582 -15.447032606285575 -6.2030084192336403 0.018307925019144022 0.29766891587363631 0.1739487888326039
ur,tetrapga,4.331009676,0.339941658,0.268204152,0.022274507,28.688067,36.000487,3.586008375,1,0,0,1.883792654,0.051062764,1.2,0,0,0,0 0 0.050000000000000003,0 0 0.050000000000000003,0 0 0.050000000000000003,wrist_3_link,-1,0,0 0 0,0 0 0,,0.14108337744380661 -1.496546794789916 0.036786869026923394 -1.551605947741544 -0.011510985477328555 -0.015897165563018567,-0.016274483436637715 -0.0068938571214965895 -0.024494731126963206 -0.032349119033910266 -0.022344117153227726 -0.020796122244005368,0.069741724329397292 -1.6179959731618123 -0.13880799168084734 -1.7351239322197571 -0.14154446649554228 -0.13547845352899904,-0.20471720402330013 -0.15933701941609113 -0.11767881149202568 -0.034632841065764378 0.036723693103275799 0.010927622536227579,0.13412105983257977 -1.4980030308988623 0.029583345978204546 -1.5611726234038719 -0.017708312454525327 -0.021838892034480938,-0.40512594848863231 -0.089511164407580932 -0.43387167852943248 -0.55041273052480655 -0.35809537805869834 -0.34227725457321106,11.382543023483736 -106.1621471826149 -47.209418210588346 -3.5829576325592165 0.7107788174006463 -0.0039524980709935102,-0.63130955183146398 -7.3505871469888007 -3.0342384370241859 -0.068553741726645967 0.12317047363544731 0.064444936888868654
ur,tetrapga,4.367104691,0.344403537,0.276249265,0.021720252,28.668972,36.190627,3.5836215,1,0,0,1.965631257,0.051252513,1.2,0,0,0,0 0 0.050000000000000003,0 0 0.050000000000000003,0 0 0.050000000000000003,wrist_3_link,-1,0,0 0 0,0 0 0,,0.14052223786017962 -1.496569023384936 0.03621267922208684 -1.552501830935296 -0.012098467109802707 -0.016458709051822625,-0.014902814962494307 0.0044061576601228487 -0.01147618808728002 -0.022062688157830725 -0.014594746901529891 -0.013920105735102415,0.062354377625861261 -1.6237062235307436 -0.1429758552082637 -1.7362855894339344 -0.14014426717729184 -0.13502930621555451,-0.20458675516487299 -0.15704506744682917 -0.11324638102618236 -0.029732670381391189 0.040849937085166717 0.013955467893991463,0.13088769657962687 -1.4990916549742122 0.025923508895205082 -1.5655734067496061 -0.020550903346663679 -0.024563308130165148,-0.40417040661911063 -0.13607800941872966 -0.45747963537493291 -0.55009791821677911 -0.355323861517294 -0.34055201196052626,12.149231406559689 -98.074360988451502 -42.04948764698208 -3.1839152129556698 0.6433116859266923 -0.0028897540969362971,-0.675439959606706 -7.1676833119399816 -3.0140932607493909 -0.12704934396788303 0.097649344533021321 0.043210870020907066
ur,tetrapga,4.403389538,0.348675014,0.27507841,0.032092352,34.353256,41.734944,4.294157,1,0,0,1.976393279,0.020368841,1.2,0,0,0,0 0 0.050000000000000003,0 0 0.050000000000000003,0 0 0.050000000000000003,wrist_3_link,-1,0,0 0 0,0 0 0,,0.13970467837897882 -1.4962000552617207 0.035681261745063302 -1.5536468063066571 -0.01285914079563728 -0.017181745721946251,-0.023114275061525871 0.013032155174143665 -0.013441701160947825 -0.030695886996664919 -0.020530099883465689 -0.019484712337252061,0.054935534374192976 -1.6293610593910806 -0.1470029578030731 -1.7372749930141698 -0.138587760246172 -0.13446807896512145,-0.2043116148547772 -0.15462744443776805 -0.10871249877168047 -0.024802355484920383 0.044932572342930625 0.016974777582236641,0.13196119181882621 -1.4983089884549123 0.027627713178011395 -1.5638882442645938 -0.019372346221339636 -0.023484675861458984,-0.4168744575595833 -0.082891667118235132 -0.3968340177653491 -0.53476721705777397 -0.33341551877364461 -0.32651861692541045,1.4572549369351844 -114.23547976242672 -60.192064332592949 -5.0165179180889758 0.83600603695904807 -0.024360308505303525,-0.16026408271079617 -10.590476313860563 -4.4158692757466156 -0.17595526608965883 0.13737397967447151 0.060290059049961542
ur,tetrapga,4.445225778,0.352171565,0.263518342,0.047554818,28.644895,35.922509,3.580611875,1,0,0,2.067341059,0.0808909,1.2,0,0,0,0 0 0.050000000000000003,0 0 0.050000000000000003,0 0 0.050000000000000003,wrist_3_link,-1,0,0 0 0,0 0 0,,0.13800302758116043 -1.4956177167846385 0.034480846011721564 -1.5558963421417746 -0.014353070807529563 -0.018599500171277063,-0.040225285190237568 0.010751879184437393 -0.030799362963849213 -0.052215500801369608 -0.034597267156417658 -0.032891563752710629,0.04639760984881993 -1.6357693953648687 -0.15144014239309159 -1.7381937205239457 -0.13661096318805899 -0.13368566596889961,-0.2038158519776711 -0.15170143976996728 -0.10339319089927472 -0.019118518276496032 0.049553131832630687 0.020422586805174933,0.12839803767829241 -1.4993357534156646 0.024051592589582192 -1.5681736098981365 -0.022032525173197211 -0.026088490402695418,-0.4453942675667244 -0.12834562009403566 -0.44701507355365044 -0.53567070419282425 -0.33252236898219667 -0.32547681765455438,11.505448722604918 -107.067755822083 -47.581203657850921 -3.5944656187082011 0.71090831340395921 -0.004050477269687127,0.65411265545446895 -15.693089854727077 -6.4093552439842227 -0.18904571392613434 0.21196692143905693 0.10154789736147762
ur,tetrapga,4.481237199,0.353613833,0.25446068,0.052613687,34.296371,41.645263,4.287046375,1,0,0,2.076373093,0.008049589,1.2,0,0,0,0 0 0.050000000000000003,0 0 0.050000000000000003,0 0 0.050000000000000003,wrist_3_link,-1,0,0 0 0,0 0 0,,0.13586872201986183 -1.4953509330747627 0.032684709425026125 -1.5587100106225944 -0.016204173808839019 -0.02036156097827246,-0.051870549434385321 0.0004840837418602095 -0.048150642512843088 -0.068283211633250115 -0.044698211919358619 -0.042662841489174042,0.039067917640564775 -1.6411852564830778 -0.15507990208072173 -1.7387941967260523 -0.13475606682845193 -0.13289725461558519,-0.2032366853743805 -0.14906660279118714 -0.098740536119904312 -0.01423204843962177 0.053451449938651807 0.023359133068200647,0.12847625932984744 -1.4980986649208963 0.02518021846213065 -1.5675843904413942 -0.021575626796852539 -0.025696824002880626,-0.45714006490371301 -0.094415209460310595 -0.39849156814668807 -0.51782252262860251 -0.3071596632293031 -0.30897478904958586,2.0800029532231381 -119.35154565049758 -61.609415020936595 -5.0344839384500313 0.8503935937299274 -0.022169264824684058,0.97611839326054906 -17.362516632859297 -6.9402756077021621 -0.12456358860981709 0.25111295164349912 0.13168732524743376
ur,tetrapga,4.522980672,0.357130753,0.255370767,0.032785428,28.619789,35.982124,3.577473625,1,0,0,2.159966484,0.072108026,1.2,0,0,0,0 0 0.050000000000000003,0 0 0.050000000000000003,0 0 0.050000000000000003,wrist_3_link,-1,0,0 0 0,0 0 0,,0.13452729083391601 -1.4955033127285646 0.031374005272941055 -1.5604681359721242 -0.017318584755045861 -0.021444429827162825,-0.025467162081565211 -0.0040127021797817554 -0.025107170665635059 -0.033805096605749714 -0.02120418714357801 -0.020716537383713679,0.030601133852550786 -1.647341811085073 -0.15908773157335571 -1.7392702872776249 -0.13243215116005125 -0.13185178310272536,-0.20238985915607893 -0.14588106999533337 -0.093267545705482569 -0.0085811997462152401 0.057873482842355023 0.026723891544882559,0.12459455295713029 -1.4992413232167985 0.021593534308070296 -1.5717342134740022 -0.024024442292574416 -0.028160271312561436,-0.48521329658964352 -0.14283228698777403 -0.44833551925754456 -0.51872787907601536 -0.30610193696523436 -0.30793091371010112,12.192455291477755 -111.50001670444043 -49.331030011682728 -3.7169831314261357 0.73568791499987196 -0.0041625369708270668,-0.084514007643178957 -10.81919109995124 -4.3209636173295394 -0.13434831661561475 0.13464618993737076 0.064089936350661958
ur,tetrapga,4.559047666,0.359203926,0.247661806,0.043682099,34.059655,41.436452,4.257456875,1,0,0,2.170323778,0.018117583,1.2,0,0,0,0 0 0.050000000000000003,0 0 0.050000000000000003,0 0 0.050000000000000003,wrist_3_link,-1,0,0 0 0,0 0 0,,0.13282362598035077 -1.4955964179339516 0.029884962473353413 -1.5625870890940354 -0.018649654128423274 -0.022741330547526025,-0.045402543296623292 -0.0058384705158230658 -0.042409663915223994 -0.055588301852592982 -0.034800005508456126 -0.033986068234663533,0.023317034832977649 -1.6525519755279605 -0.16236535154341081 -1.739491988112394 -0.13027726409404083 -0.1308360567294477,-0.20150742453194248 -0.14301797242676581 -0.088474721421415672 -0.0037156735290106999 0.061606143096117075 0.029594714296640522,0.1247718427812301 -1.4982944313330822 0.02256232523398425 -1.571156110666281 -0.023578307982451231 -0.02777731167889325,-0.4921558359388043 -0.10944509471339298 -0.39711539459095069 -0.49943242278277511 -0.28015747149404824 -0.29081384360618984,1.7184692858750417 -122.93843675793329 -63.298553997293823 -5.1259038687878018 0.86393104121254305 -0.022031544971123293,0.55066419802631117 -14.415092660861774 -5.6615048544736197 -0.097125388870153984 0.19791986629773106 0.10497714022925209
ur,tetrapga,4.600580046,0.362407362,0.251059043,0.026973349,28.620332,36.213689,3.5775415,1,0,0,2.247209943,0.083669428,1.2,0,0,0,0 0 0.050000000000000003,0 0 0.050000000000000003,0 0 0.050000000000000003,wrist_3_link,-1,0,0 0 0,0 0 0,,0.13135555187702605 -1.4958242791482972 0.028554449383893954 -1.5643185299804905 -0.019693459924620103 -0.02378215106300452,-0.028122713199571471 -0.0027540170449966814 -0.023857804472128347 -0.032454152696171738 -0.019382109365702626 -0.019441825814118595,0.014971987838711702 -1.6584212699681777 -0.16592414200539918 -1.7395303877073043 -0.12763115875514336 -0.12953902579129753,-0.20031943062229546 -0.13959729320005415 -0.082887981210306438 0.0018614037440702017 0.065798206813354021 0.032855840951511776,0.12059549060778976 -1.4995709514318827 0.018973622307170732 -1.5751596598600091 -0.025811775621176987 -0.030095906108765925,-0.5220440216800426 -0.15956501235006887 -0.44858786585168958 -0.50044364921601692 -0.27918345484071927 -0.28982430373408435,12.577107158705115 -114.69860981030591 -50.705763028067743 -3.8120150708718086 0.75373112613165794 -0.0043114372907512265,-0.3115504996872005 -8.9012052329380822 -3.4154067621683168 -0.064372043009825575 0.11267245521598568 0.060218875752376277
ur,tetrapga,4.636887509,0.364302012,0.244444067,0.041231663,34.072016,41.548022,4.259002,1,0,0,2.258295352,0.033597545,1.2,0,0,0,0 0 0.050000000000000003,0 0 0.050000000000000003,0 0 0.050000000000000003,wrist_3_link,-1,0,0 0 0,0 0 0,,0.12942612007979032 -1.4958655554743816 0.027080724187636452 -1.5664196128195178 -0.020951656322447599 -0.02504035810040085,-0.049320093098082829 -0.0038833333063926535 -0.040091774624197808 -0.052937192727251378 -0.031608721396870321 -0.031678818120601492,0.0077200444648463729 -1.6634337855901604 -0.1688440934504444 -1.7393747162711257 -0.12517715091762577 -0.12829499466738647,-0.19913141370873569 -0.13650144418032176 -0.077949790203328581 0.0067090132362010958 0.069365581012791208 0.035665058640955996,0.12080060280115279 -1.4986956558228168 0.019875495343821915 -1.5746241868809601 -0.025401252023809093 -0.029743423554522704,-0.52627531782965919 -0.12217529621057599 -0.39395973794770933 -0.47931881764959472 -0.25244200649960008 -0.27191143124241413,1.645089312932102 -126.42981439067725 -64.697064681291394 -5.1841211745888005 0.87503839637933511 -0.021386251715183189,0.47985976279710485 -13.606448898972303 -5.2383734008996186 -0.071876345351483906 0.17928074266421845 0.097880607737586445
ur,tetrapga,4.678528203,0.367474761,0.246673419,0.02819234,28.722036,36.095607,3.5902545,1,0,0,2.329697097,0.095924448,1.2,0,0,0,0 0 0.050000000000000003,0 0 0.050000000000000003,0 0 0.050000000000000003,wrist_3_link,-1,0,0 0 0,0 0 0,,0.12790137792490636 -1.496019097004804 0.025876491398804487 -1.5679992475560944 -0.021856829325237345 -0.025969419842197958,-0.030821575718233393 -0.0019036536414850022 -0.023005338708957452 -0.031352622328598936 -0.017746768722172734 -0.018357530588481861,-0.00054064421932692214 -1.6690418590270608 -0.17197108633069139 -1.7389802381871922 -0.12220552342839554 -0.12674365929249268,-0.19759882260037015 -0.13283338888560317 -0.072229999248149337 0.012230389798136095 0.073340329117298125 0.038836212092767559,0.11634392717686605 -1.5000882714185149 0.016304069820441521 -1.5784671389788132 -0.027414023474791348 -0.031911465099220535,-0.55708445303584231 -0.17407694946225102 -0.44642819042254944 -0.48036901223165435 -0.25159643137278204 -0.27100519308722926,13.001295850892557 -117.77141693101625 -51.982106271485819 -3.8999213325123092 0.77076960057984523 -0.0044354583957298323,-0.22075709935688792 -9.3034723447362921 -3.5101745993495825 -0.069060918476679944 0.1069852947674832 0.056854932738701791
ur,tetrapga,4.71472513,0.369094804,0.240158628,0.042318989,34.154465,41.635032,4.269308125,1,0,0,2.337780574,0.046265725,1.2,0,0,0,0 0 0.050000000000000003,0 0 0.050000000000000003,0 0 0.050000000000000003,wrist_3_link,-1,0,0 0 0,0 0 0,,0.12576838305054353 -1.4960679147186984 0.024399715197611544 -1.5700701532149774 -0.023031662458741269 -0.027180884725512049,-0.052922755534781041 -0.0044071310854384748 -0.039284958497478484 -0.050657324940483944 -0.028632308401263431 -0.029598356578171271,-0.0076667654032166622 -1.6737907966667109 -0.17449492848956369 -1.7384512513621753 -0.1194898992213215 -0.12528872355281734,-0.19612042095732252 -0.12954607957784239 -0.067214276188115055 0.01699150499735971 0.076690280561263272 0.041546426232646802,0.11658907901287915 -1.4991578508288583 0.017236090953843212 -1.5779293145760191 -0.027015481448691717 -0.031564679881813489,-0.55838451260320343 -0.1349697200314704 -0.38947519439791534 -0.45758355989045257 -0.22407981024067569 -0.25231312118089938,1.5622177761169116 -129.41266220519563 -65.821273198831918 -5.2200648015931508 0.88239522869584652 -0.020643401967967479,0.56839249795041269 -13.96526626567902 -5.3163744008073337 -0.083007951267063618 0.16931034600826678 0.091443434627969111
ur,tetrapga,4.75645127,0.372017385,0.241673121,0.029135536,28.697549,36.009217,3.587193625,1,0,0,2.403450357,0.105562804,1.2,0,0,0,0 0 0.050000000000000003,0 0 0.050000000000000003,0 0 0.050000000000000003,wrist_3_link,-1,0,0 0 0,0 0 0,,0.12413710442368907 -1.49624946597979 0.023214775058959254 -1.5715795007806741 -0.023843438334069964 -0.028045265539089391,-0.033054395852241361 -0.0029821433503760203 -0.023134490694315064 -0.030227478752749205 -0.016078204555033015 -0.017243269222611345,-0.015811696013540266 -1.6791153012437972 -0.17717812418510975 -1.7376286126731262 -0.11621149438176082 -0.12349093095579178,-0.19424940889656336 -0.12564655544538073 -0.061388188883083145 0.022429315768596844 0.080425993167434415 0.044614338092046506,0.11186936141745581 -1.5006652884093012 0.013694491470112114 -1.5815985101063021 -0.028802631030402048 -0.033576733095214584,-0.5899646994279184 -0.18842969755535138 -0.44269993546638725 -0.4586494412853821 -0.22339369771379142 -0.25150665167513725,13.369985072512081 -120.36643405737382 -53.046743507631696 -3.9721066934905496 0.78472484190386904 -0.004539649206777201,-0.14335121818112384 -9.6147268462163993 -3.5648599852634533 -0.071301487641903805 0.10068937679670853 0.053400916142386734
ur,tetrapga,4.792556332,0.373369287,0.235567419,0.042389575,34.027793,41.311612,4.253474125,1,0,0,2.406763052,0.055891464,1.2,0,0,0,0 0 0.050000000000000003,0 0 0.050000000000000003,0 0 0.050000000000000003,wrist_3_link,-1,0,0 0 0,0 0 0,,0.1218595881666172 -1.4963691918146842 0.021736083801258254 -1.5735708643608386 -0.024905175106686654 -0.029180387207876961,-0.056442693904859204 -0.0065634352098625382 -0.039567110741707157 -0.048732352483700392 -0.025862528162133195 -0.027730655097315919,-0.022793680025109439 -1.6835894590490554 -0.17930302982485116 -1.7367345961334677 -0.11325106661049981 -0.12183297853404458,-0.19248799261289795 -0.12218054899566712 -0.056313922380567809 0.027085789430932043 0.08354594424366607 0.047218051187290638,0.11215708619275538 -1.4997039453394563 0.014644213427233746 -1.5810590294862739 -0.028414990015257081 -0.033234881338638993,-0.5884235749101403 -0.14833815343293308 -0.38388427605642961 -0.43429278158793938 -0.19513586833909097 -0.23204014838665235,1.4629994101380763 -131.73751129209774 -66.609875978351255 -5.2291782152371411 0.88507767723416952 -0.019799981481525935,0.61309917115022472 -13.988559830490885 -5.2475678539729316 -0.081386185743212991 0.15786097012807687 0.085674712782903839
ur,tetrapga,4.833964212,0.375920718,0.236879869,0.028033022,28.639515,36.033211,3.579939375,1,0,0,2.46505877,0.115016048,1.2,0,0,0,0 0 0.050000000000000003,0 0 0.050000000000000003,0 0 0.050000000000000003,wrist_3_link,-1,0,0 0 0,0 0 0,,0.12012751033980003 -1.4966273923168085 0.020538355659237253 -1.5750177260862428 -0.02562973329753097 -0.029985499355326458,-0.035041230816190205 -0.0046388324257446607 -0.023435747536692905 -0.028949395771957546 -0.014302929465186066 -0.016035260783428412,-0.030719639154534791 -1.6885646746789646 -0.18151383520305386 -1.7355035039470792 -0.10971977477095704 -0.1198169843888172,-0.19030731800798853 -0.11810469625173386 -0.05046285765888827 0.032364451348756311 0.086991421987082679 0.05014339227264062,0.10719220591736139 -1.5013284508787141 0.011143562769561674 -1.5845420042576919 -0.029971760019901941 -0.035085514692669302,-0.62061003442424834 -0.20306319240721959 -0.43758133220900908 -0.43537184642724897 -0.19459625058060742 -0.23132916925378832,13.666533391876794 -122.34795611283229 -53.841091881823715 -4.0242633697253067 0.79475596462590514 -0.0046191284080136759,-0.15750469327906558 -9.2508971510878837 -3.3308874544429159 -0.053028757790343661 0.089673937867836173 0.049679962115376952
ur,tetrapga,4.870081445,0.377165397,0.231771792,0.042172069,28.692379,36.201854,3.586547375,1,0,0,2.529319498,0.068127329,1.2,0,0,0,0 0 0.050000000000000003,0 0 0.050000000000000003,0 0 0.050000000000000003,wrist_3_link,-1,0,0 0 0,0 0 0,,0.11783521720872943 -1.4968044688570443 0.019142669062024158 -1.5768274649857847 -0.026527996294245664 -0.030988403868728961,-0.06102601038702777 -0.0081709438701660329 -0.040061056134327387 -0.047506033361457117 -0.023467015694492784 -0.026281252944260342,-0.037556554063950108 -1.6927647959657888 -0.18324390391673015 -1.7342523329311843 -0.10652542693880952 -0.11796070441131165,-0.18826710701464167 -0.11446514351388652 -0.045337044185091983 0.036909908168220082 0.089877552316949411 0.052639794730560449,0.10224089278407852 -1.5033910809522253 0.0074234829635769096 -1.588028499850862 -0.031506235912349349 -0.036922917671297996,-0.61891414166035785 -0.25782875918888593 -0.46500997574809549 -0.43581194914627297 -0.19180948655592572 -0.22967537232858659,14.485553220707189 -112.41745313340434 -47.765425168304048 -3.5680320378328449 0.72019523906288452 -0.0034417840228611104,0.65192040789833072 -13.91678262971709 -5.1371534560661658 -0.072908503747385112 0.14713555804132028 0.081202174630959689
ur,tetrapga,4.906375192,0.378957337,0.232120439,0.02635636,34.115985,41.467849,4.264498125,1,0,0,2.483063333,0.018624267,1.2,0,0,0,0 0 0.050000000000000003,0 0 0.050000000000000003,0 0 0.050000000000000003,wrist_3_link,-1,0,0 0 0,0 0 0,,0.11611444477933906 -1.4971041725063809 0.018011771275481637 -1.5781286725264123 -0.027131689145168288 -0.031691809378336371,-0.039169792901767565 -0.0065566365403926163 -0.025006929125786372 -0.029232852996381092 -0.013229581330908645 -0.015668727408312967,-0.044350334143370279 -1.6968516425422409 -0.1847956328490854 -1.7328307410389645 -0.10321253501655737 -0.11600549540500854,-0.18608914169419735 -0.11073183632011566 -0.040170094202715279 0.041417873371451683 0.0926629564736762 0.055094643689951789,0.10423754851275124 -1.5017460051216793 0.0096550351183506619 -1.5863044412813445 -0.030582268179529463 -0.035951888960360293,-0.61751503361969262 -0.18729729904702333 -0.3828240001473267 -0.40323188658843212 -0.15791320634633105 -0.20556567944288845,0.27726532392958703 -129.41556871414571 -65.518526196696314 -5.0825925701702612 0.85165858087028901 -0.018944566320772807,-0.1847526209067496 -8.6975986626875965 -3.0082409459633226 -0.019392349793633912 0.079820056511159976 0.048568188207568141
ur,tetrapga,4.94793371,0.380142394,0.228298635,0.040550812,28.714689,36.159877,3.589336125,1,0,0,2.546079381,0.105343251,1.2,0,0,0,0 0 0.050000000000000003,0 0 0.050000000000000003,0 0 0.050000000000000003,wrist_3_link,-1,0,0 0 0,0 0 0,,0.11340182788337468 -1.4973889878705227 0.016444155342827092 -1.5800647155700105 -0.028013972338526399 -0.032731489727103637,-0.063388421044504206 -0.01013483597576492 -0.039429546107468662 -0.044604408627808255 -0.020217700501836602 -0.023902279693663642,-0.052029451791237198 -1.7013631309191837 -0.1863418560884143 -1.7310035553240155 -0.09929779461872372 -0.11365860081719154,-0.18344038732017817 -0.1063676177048552 -0.034239847768415051 0.046500725243428756 0.095707482500489702 0.057837045466333878,0.099026886218091859 -1.5036729378488991 0.0061605635842639558 -1.5895358188836102 -0.031848708099153585 -0.037594649522655808,-0.65133278683242279 -0.24086659090246237 -0.43680894176083829 -0.40392220028319875 -0.15830498995301531 -0.2053450702869396,13.383811106129867 -119.9023554643619 -52.749877899134688 -3.9286070630627883 0.77410600955900299 -0.004588318936117922,0.61749142693582826 -13.381768044539967 -4.839359414289568 -0.060512868452860857 0.13073125346442538 0.073870144024638762
ur,tetrapga,4.984184405,0.379718335,0.228386059,0.045677866,34.065366,41.454104,4.25817075,1,0,0,2.511211855,0.022584444,1.2,0,0,0,0 0 0.050000000000000003,0 0 0.050000000000000003,0 0 0.050000000000000003,wrist_3_link,-1,0,0 0 0,0 0 0,,0.11008462730530319 -1.4979633025943886 0.014408143227802778 -1.5823855292395008 -0.029061900350215879 -0.033971253273336069,-0.080474184342806579 -0.021692124771568996 -0.054920341339104874 -0.05637171827511249 -0.025197132839751012 -0.029970371347105632,-0.058635379642669003 -1.7051488893994302 -0.18748920376140293 -1.7292386306673853 -0.095782172296507817 -0.11151955219737954,-0.18099718355307365 -0.10248659160323823 -0.029060258595765047 0.050860740561291043 0.098233854020168862 0.060167412548162082,0.099370254775710765 -1.5023632799939772 0.0073159684528454165 -1.5889404727339458 -0.031452197037913125 -0.037232083381966374,-0.64818774824834324 -0.1931449715416651 -0.37104811914849373 -0.37247483404877646 -0.12461160165354931 -0.18114149799630375,1.2964540710607384 -131.78502316631705 -65.535405133424916 -5.0073049642997773 0.85104693662065567 -0.016665935342152424,0.98101885006491329 -15.073695831663827 -5.3948138418534555 -0.02684829354438989 0.1551739766423097 0.092576466055746209
ur,tetrapga,5.025739226,0.380997033,0.226198955,0.01818833,28.676868,36.222128,3.5846085,1,0,0,2.561282029,0.108660014,1.2,0,0,0,0 0 0.050000000000000003,0 0 0.050000000000000003,0 0 0.050000000000000003,wrist_3_link,-1,0,0 0 0,0 0 0,,0.10809230683186713 -1.4987829731301625 0.012920787338607333 -1.583752265870042 -0.029610426091654447 -0.034671036350205423,-0.037462393027279543 -0.016120817695004595 -0.027626755321694452 -0.025703128424639385 -0.0099510671411725468 -0.01300661395820665,-0.0660959386999974 -1.7093138813490203 -0.1885733971458988 -1.7270228047336349 -0.091642493348906257 -0.10896504805703507,-0.17804716638219614 -0.097957158488363463 -0.023121376656833764 0.055768675603277001 0.10097828976364509 0.062765588193139266,0.093931708011521287 -1.5043513789414791 0.0039301157578798592 -1.5919277680209492 -0.032447994113176823 -0.038677678910243596,-0.67981834552368392 -0.24851236843773017 -0.42323158687069462 -0.37341191087541836 -0.1244746344079619 -0.1806994410346523,13.831412004224832 -121.86517974912429 -53.385607312437791 -3.9708690974020602 0.78384789699447333 -0.0045905944506797764,-0.49559872420559259 -6.0021488149031939 -1.7236521010280796 0.069266249167412752 0.046654535443671818 0.040421545873400078
ur,tetrapga,5.06206502,0.381403734,0.224428918,0.035474586,28.729789,36.173592,3.591223625,1,0,0,2.617395951,0.056529876,1.2,0,0,0,0 0 0.050000000000000003,0 0 0.050000000000000003,0 0 0.050000000000000003,wrist_3_link,-1,0,0 0 0,0 0 0,,0.10559103427509954 -1.4993379107355891 0.011452906894716631 -1.5853473874737045 -0.030244205022651193 -0.035487411938518093,-0.066612724251309499 -0.017821804276725799 -0.041776364975353975 -0.041887053561505287 -0.01655033932033622 -0.021396712005203031,-0.072514834827700436 -1.7127993094466769 -0.18931905960593767 -1.7249203102429103 -0.087932873938329978 -0.10664479457449193,-0.17534017575943389 -0.093931042295869016 -0.017933836863447107 0.059975655883881422 0.10324208079299625 0.064970891597451785,0.088510642827539412 -1.5067776666919217 0.0003267256235452683 -1.5949203775472469 -0.033423339451399289 -0.040110813789430717,-0.67763314799773411 -0.303285968805316 -0.45042376679182389 -0.37407619078723403 -0.12191816727780835 -0.17914185989838993,14.555293392260268 -111.73320573900912 -47.30846632494665 -3.5184703700501334 0.71020713726137552 -0.0034485655493750023,0.4735090142683589 -11.7066132280288 -3.9907274618890192 -0.0010619077875162475 0.1036329142626542 0.066177378345329885
ur,tetrapga,5.098336324,0.382382019,0.224348998,0.017836201,34.117202,41.375118,4.26465025,1,0,0,2.538883066,0.006884729,1.2,0,0,0,0 0 0.050000000000000003,0 0 0.050000000000000003,0 0 0.050000000000000003,wrist_3_link,-1,0,0 0 0,0 0 0,,0.10372260610855469 -1.4998938752782134 0.010291827261351505 -1.5864692133162293 -0.03063816526595662 -0.03603975838646524,-0.042547519448514627 -0.01136208896102742 -0.025008173283941393 -0.0249219717565991 -0.0083336539709557636 -0.012107733797035418,-0.078823861545673876 -1.7161325160142225 -0.18987572862586441 -1.7226699633479883 -0.084149090798736156 -0.10424923223688719,-0.17252033396618682 -0.089852558018163581 -0.012762726365960129 0.064094541709582453 0.10537421397868391 0.067109793179805408,0.090743719808949047 -1.5051216145439426 0.002429973502554408 -1.5933766154680467 -0.032709324400100714 -0.039288255206862646,-0.67161308238725104 -0.22323044485938853 -0.35991286748674733 -0.33522750453858324 -0.084821505177844661 -0.15162113986433323,-0.13569673772193269 -129.1158887311048 -64.509200262911065 -4.8697103028029964 0.81592005661799094 -0.01611230634103843,-0.45085102048113868 -5.8859463920434791 -1.6097000519233546 0.08018216085019958 0.038447625461373036 0.037646914223671502
ur,tetrapga,5.139801518,0.382762778,0.222822543,0.036145035,28.755314,36.262175,3.59441425,1,0,0,2.587788536,0.115822582,1.2,0,0,0,0 0 0.050000000000000003,0 0 0.050000000000000003,0 0 0.050000000000000003,wrist_3_link,-1,0,0 0 0,0 0 0,,0.10075559698705774 -1.5003622672777415 0.0087988375001070481 -1.5881191085273609 -0.031201550244477762 -0.036847576099466824,-0.069380293652275118 -0.013827284954025522 -0.037374880854766139 -0.038030868066124331 -0.012911011441329178 -0.018582700138539077,-0.085908223118890445 -1.7197604533121287 -0.19028264625486752 -1.7199164301863572 -0.079731911134568456 -0.1014171643642847,-0.16915664010958489 -0.085123042372331842 -0.0068676973252584147 0.068698110917525715 0.10765198659862954 0.069475697963868183,0.08510147621563538 -1.5073392927334752 -0.00087267470319961609 -1.5960636590618538 -0.033393248041342569 -0.040501454418731618,-0.70528044916420862 -0.27720977369158101 -0.41283102571925301 -0.33588044922588572 -0.085490455155232195 -0.15164990148362167,13.477561281244746 -119.16793707821171 -52.231144840025806 -3.8725502236940574 0.76261705956735648 -0.0045724114456823992,0.54766257970459264 -11.927861542517348 -4.0402161210612402 -0.021345189726162062 0.091526336702088429 0.057472337155132891
ur,tetrapga,5.17623903,0.381696178,0.225789961,0.043022213,34.079116,41.644825,4.2598895,1,0,0,2.535696621,0.031537504,1.2,0,0,0,0 0 0.050000000000000003,0 0 0.050000000000000003,0 0 0.050000000000000003,wrist_3_link,-1,0,0 0 0,0 0 0,,0.097120647239601787 -1.5011077543732247 0.0068805778326193568 -1.5900997491832023 -0.031871731318408224 -0.037812737279668676,-0.088168997836421945 -0.026088614901175766 -0.052169313377988566 -0.048175886243772295 -0.016069999093343716 -0.023334118955639013,-0.092016160241218919 -1.7227855550501618 -0.19043880749932759 -1.7173410237507216 -0.075775066985022316 -0.098848863186676642,-0.16608023941343961 -0.080911975278966 -0.0017072757877962591 0.072646606741378253 0.10951077909802907 0.071483179674365779,0.085533551510963729 -1.5060107061206658 0.00026922631569318949 -1.5954838719411883 -0.033036465655741934 -0.040160349750635628,-0.69718877708185611 -0.22339782091448912 -0.34184065612708514 -0.30027097733254043 -0.050496996983317659 -0.12540673767943492,1.0493033519792831 -130.94041993039895 -64.235203746110443 -4.7805259050319133 0.81386512571331371 -0.013881482361680391,0.9974409807625193 -14.197330318806053 -4.855385383065534 -0.018624333101797674 0.11472723070373547 0.072093672096286809
ur,tetrapga,5.217979674,0.382145067,0.221990369,0.015410084,28.653401,36.330833,3.581675125,1,0,0,2.569920987,0.120601717,1.2,0,0,0,0 0 0.050000000000000003,0 0 0.050000000000000003,0 0 0.050000000000000003,wrist_3_link,-1,0,0 0 0,0 0 0,,0.094942859535022156 -1.5020639491437044 0.0054490542654533425 -1.5912509804776387 -0.032182765839114315 -0.038338565264073553,-0.040908254835498849 -0.019131494930820746 -0.026790467518314688 -0.021541635683208757 -0.0053645934162962448 -0.0096441355123619149,-0.098872582055816977 -1.7260611857000188 -0.19038718383462905 -1.7142162966285064 -0.071162430827226772 -0.095818557171112997,-0.1624209816668398 -0.076029667249241525 0.0041751093677209897 0.077053323883998048 0.11147351147142912 0.073698550804393692,0.07970875715308702 -1.5082423823494286 -0.0028716993298992964 -1.5978935496613094 -0.033441722398432933 -0.041161833326066356,-0.72809929473458812 -0.27895952859534567 -0.39261570569906074 -0.30120971501512334 -0.050657092836374769 -0.12518544692884084,13.877355744793828 -120.66618311576724 -52.655592663778407 -3.9003671072429844 0.76973570103206235 -0.0045511626123220135,-0.49293094796172454 -5.0853277242404147 -1.1583222223701668 0.10471487024369708 0.01972818581415936 0.030044213651564178
ur,tetrapga,5.254403785,0.381678903,0.221319643,0.032162792,28.653208,35.996268,3.581651,1,0,0,2.610999139,0.066247734,1.2,0,0,0,0 0 0.050000000000000003,0 0 0.050000000000000003,0 0 0.050000000000000003,wrist_3_link,-1,0,0 0 0,0 0 0,,0.092084187644706536 -1.5028140899967832 0.0039848241077163173 -1.5926469290438248 -0.032545436758762501 -0.038973578658261641,-0.070747118480331828 -0.022170590193788069 -0.039216182129745106 -0.034222507567913174 -0.008798471712562931 -0.015514128224512081,-0.1047286957868629 -1.7287521811986908 -0.19014208716062847 -1.711341284805213 -0.067073176659035616 -0.093100099267859698,-0.1591129197410589 -0.071722421118621926 0.0092776506073257905 0.080793043102786649 0.11303904617871773 0.075556592550361526,0.073906417132650198 -1.5109097469934463 -0.006228161718891948 -1.6003100343084538 -0.033829894894365602 -0.042152400520687118,-0.72529250255460298 -0.3334205805021947 -0.41955779862408149 -0.30206058089304438 -0.048521561991583501 -0.12382089932759546,14.514389584291155 -110.45669774834802 -46.622649867861476 -3.4545489889434529 0.6973445133437961 -0.003442868145657382,0.45160039119309658 -10.613721319950855 -3.3685860603311237 0.016079446992080193 0.066221195782276254 0.048022578212012945
ur,tetrapga,5.2904941,0.382069696,0.220256696,0.014555465,34.053157,41.303725,4.256644625,1,0,0,2.517812191,0.020044757,1.2,0,0,0,0 0 0.050000000000000003,0 0 0.050000000000000003,0 0 0.050000000000000003,wrist_3_link,-1,0,0 0 0,0 0 0,,0.09021062465765857 -1.5034588882312738 0.0029548571667898068 -1.5934955537128921 -0.032705041302037351 -0.039333589753631715,-0.045752668842788773 -0.014607727847482304 -0.023901621286165561 -0.020195620610800925 -0.0033651917836845279 -0.0083959649020893118,-0.1104104327341817 -1.7312630576414143 -0.18971650964246967 -1.7083600856523358 -0.062967628287592031 -0.090341075983844443,-0.1557324006657809 -0.067415434178918973 0.01430054914322907 0.084397654067304359 0.1144533766995076 0.077327094315576064,0.076350782782827545 -1.5091836585888574 -0.0042412288503015996 -1.5989789725810506 -0.03335422829227612 -0.041500251392002745,-0.71346726404085437 -0.24991762206217821 -0.32557207178131614 -0.25952232129721475 -0.010845024259330302 -0.094657031855415824,-0.38878514994977564 -127.01425094544307 -62.525180405723916 -4.585372023644438 0.76933032815581814 -0.013009977292996104,-0.46879148784603331 -4.8033033083193004 -0.98433797270275636 0.11543207911381614 0.0097127974816686447 0.026194855587064581
ur,tetrapga,5.331890074,0.381728456,0.21995251,0.033845413,28.696079,36.315485,3.587009875,1,0,0,2.547578477,0.130675419,1.2,0,0,0,0 0 0.050000000000000003,0 0 0.050000000000000003,0 0 0.050000000000000003,wrist_3_link,-1,0,0 0 0,0 0 0,,0.087114920279120447 -1.5040728256241616 0.001611828679762837 -1.5947905554657196 -0.032931631559716498 -0.039878942598915994,-0.075274328472136012 -0.017356966591296132 -0.034892728503404961 -0.031001261498055526 -0.0053797279907802642 -0.013026505580081279,-0.11677478190739003 -1.7339507873366629 -0.18900604991076903 -1.704782954744712 -0.05819902143406061 -0.087099508120514854,-0.1517325074443473 -0.062431902602853147 0.020015803354585339 0.088404249378663841 0.11590619713096247 0.079269785520773295,0.070383007083033466 -1.5116123293429191 -0.0072525773163641394 -1.6010604554143957 -0.033447928099993189 -0.042259314117721894,-0.74597196247426001 -0.30358384425771728 -0.3764185582578175 -0.26018535416813865 -0.01171247596463341 -0.09488284071489364,13.37930520068735 -116.80182825176772 -50.988977300734113 -3.7654579066408123 0.74148716085994959 -0.0044821730030276501,0.58226126784251164 -11.168986250840135 -3.5685859440529608 -0.013338335178559646 0.057633086322098848 0.040315601614992147
ur,tetrapga,5.368306294,0.379956688,0.225550979,0.040300536,34.105979,41.756749,4.263247375,1,0,0,2.488413164,0.049491298,1.2,0,0,0,0 0 0.050000000000000003,0 0 0.050000000000000003,0 0 0.050000000000000003,wrist_3_link,-1,0,0 0 0,0 0 0,,0.083195329198143153 -1.5049917374150918 -0.00016271330237860394 -1.5963955643996008 -0.033208695111613944 -0.040551485223052679,-0.094992016918015634 -0.030598285273071339 -0.04877997412288769 -0.039111892997710604 -0.006566450765710696 -0.016255416443773797,-0.12223462002225798 -1.7361439653217885 -0.18818629988971888 -1.7015012179145697 -0.053957203657826275 -0.084182900168595254,-0.14810888342792433 -0.058013724457807399 0.024997800835683232 0.091812141683209017 0.11703324905106698 0.080899549614805985,0.070929912961125025 -1.5102814228420751 -0.0061354679148488593 -1.6005058776879582 -0.033146792893651113 -0.04194823168911873,-0.7324068974329111 -0.24742368288369729 -0.30347782568468595 -0.22223347261999632 0.022689839019057093 -0.067854002341429881,0.85238892995669069 -127.66907462092516 -61.711377387273608 -4.4658302903511098 0.76216279042899227 -0.010863943988841253,1.0148610636319404 -13.29917678736274 -4.3388736969315396 -0.021083814083795005 0.074350510073500686 0.050240177932138863
ur,tetrapga,5.41015581,0.379562142,0.220915311,0.012169792,28.679172,36.071828,3.5848965,1,0,0,2.503083169,0.129989925,1.2,0,0,0,0 0 0.050000000000000003,0 0 0.050000000000000003,0 0 0.050000000000000003,wrist_3_link,-1,0,0 0 0,0 0 0,,0.080855023897012393 -1.5060822928520499 -0.0015200851303578168 -1.5973127653877652 -0.033277918282507826 -0.040895201848578512,-0.043933129224528591 -0.021959560238728842 -0.025538127631952789 -0.017042357304004854 -0.00072972546990517865 -0.006144814652357943,-0.12834374570635149 -1.7384649687435003 -0.18702135581314908 -1.6975793628032207 -0.049035339874902197 -0.080759702578390727,-0.14382738531984277 -0.052901985027938275 0.03066418304153342 0.095589217891096048 0.11815252443625628 0.082679267610115792,0.064836018954662206 -1.5126984922181779 -0.0089494661928357436 -1.6022914103143819 -0.032968527605915954 -0.042490786262866974,-0.76173675080785186 -0.30213367201284796 -0.35174978474836061 -0.22319157830296865 0.022283160966895307 -0.067819321718530723,13.646156822859712 -117.25269751604232 -50.958400332507985 -3.7604353976741907 0.74218334190645985 -0.0044191495493513238,-0.50376112255884209 -4.0160314252179887 -0.55686296831296289 0.13718297481409536 -0.0069875297832595606 0.019245617600773812
ur,tetrapga,5.446325322,0.378374778,0.221093775,0.028793207,34.081872,41.68956,4.260234,1,0,0,2.457719814,0.08025522,1.2,0,0,0,0 0 0.050000000000000003,0 0 0.050000000000000003,0 0 0.050000000000000003,wrist_3_link,-1,0,0 0 0,0 0 0,,0.077813122467864926 -1.506976038744156 -0.0028649328569390659 -1.5984002573531657 -0.03333321633037966 -0.041295798258705156,-0.075185551936271453 -0.025760879733259055 -0.036239138560907685 -0.026695937782011046 -0.0012931093158499182 -0.00978385868762989,-0.13347749393016367 -1.7402981157482118 -0.18582452512143793 -1.6940647934097985 -0.044746657333167981 -0.077742661871114491,-0.14002938883949731 -0.048458644029522997 0.035505791039398764 0.098730213252930271 0.11896734525260468 0.08413586409129499,0.065377215834910102 -1.5118228287856403 -0.0081470700636915964 -1.6018424367319484 -0.032721567075574484 -0.042234578585202812,-0.74341935954418459 -0.24819541305919651 -0.27998381735052391 -0.18707536227180513 0.053663111571665534 -0.042660790552093278,0.45253233021915129 -127.10449883103601 -61.287267539637909 -4.3867373436773303 0.74631711076241969 -0.010022749378425773,0.43608720653475075 -9.5017581617566975 -2.7679349993032432 0.028580746702573379 0.030911407496788001 0.030336251856681429
ur,tetrapga,5.488106703,0.378054935,0.219778172,0.012154952,28.673647,36.030111,3.584205875,1,0,0,2.459549449,0.145414536,1.2,0,0,0,0 0 0.050000000000000003,0 0 0.050000000000000003,0 0 0.050000000000000003,wrist_3_link,-1,0,0 0 0,0 0 0,,0.0755621991942136 -1.50781731299152 -0.003940159805402404 -1.5991270311511308 -0.033283482966443595 -0.041525943629659862,-0.045336106881442857 -0.015500917235370421 -0.020306962688116905 -0.014135579008919612 0.0014395349466041468 -0.0042890428567275369,-0.13923459365010402 -1.742215134171285 -0.18422540042128185 -1.6898664164923141 -0.039759409759542876 -0.074193836384597381,-0.13553366697312083 -0.043301716637345236 0.041028412548814015 0.10221208359661151 0.11973158526910088 0.085722869933608947,0.059191861207931545 -1.5142453977180297 -0.010771862008188561 -1.6033478892111359 -0.03229544382180987 -0.042575730347130296,-0.77316932837231966 -0.30282111654867583 -0.32809899306212054 -0.1881815598984348 0.053265406720576773 -0.042643970240935927,13.576814251526386 -116.65500020820122 -50.671242563182759 -3.7352460641787344 0.73690754362631816 -0.0044161519978644344,-0.45441031787811426 -4.0111340708017451 -0.52873351318229922 0.12665854706574464 -0.015270772364431195 0.013501626141533052
ur,tetrapga,5.524224531,0.376820685,0.219528078,0.029712963,34.077469,41.403591,4.259683625,1,0,0,2.42428728,0.104531763,1.2,0,0,0,0 0 0.050000000000000003,0 0 0.050000000000000003,0 0 0.050000000000000003,wrist_3_link,-1,0,0 0 0,0 0 0,,0.072442111314173052 -1.5085109388846714 -0.0050712319905175298 -1.600042496674513 -0.033196191989449224 -0.041809176230507207,-0.077144794993506488 -0.020545106141353554 -0.030794607055087013 -0.022497089692778326 0.0021786123152766454 -0.0069213676496169543,-0.14405821090317864 -1.7436983327799749 -0.18265832140713029 -1.6861223579839066 -0.035425377466615192 -0.071074214012689485,-0.13155719226210685 -0.038827159071059991 0.04573702230118358 0.10509230405157907 0.12023872170821648 0.087011062044317508,0.059794568140180276 -1.5133727954603997 -0.0099849604006621573 -1.6029198996312979 -0.032084640601199817 -0.042341003009206721,-0.75280226510900305 -0.24932839488118044 -0.25792667516363887 -0.15308833605918737 0.082647163053716444 -0.018568715048496144,0.46818660812622426 -126.0929785772375 -60.385617445977211 -4.2723695547178639 0.72866863862982234 -0.0088114577636469703,0.52269417068134771 -9.8052778488399781 -2.880399122209532 -0.0012369806390779559 0.020939037194551702 0.021474565583460503
ur,tetrapga,5.565717612,0.376307499,0.219389361,0.016338574,28.59609,36.270129,3.57451125,1,0,0,2.414412223,0.150292021,1.2,0,0,0,0 0 0.050000000000000003,0 0 0.050000000000000003,0 0 0.050000000000000003,wrist_3_link,-1,0,0 0 0,0 0 0,,0.070113078996582548 -1.5092170644604039 -0.0060057829201144806 -1.6006587707832765 -0.033050175527786281 -0.041961660417315194,-0.046877821993101795 -0.013981382158248439 -0.018233128244644226 -0.012042876159023648 0.0033497021387630132 -0.0027721070651027364,-0.14942045472127441 -1.7452024963805477 -0.18064968841474655 -1.6816956925891746 -0.030427218808350205 -0.067434806357165894,-0.12689003790246761 -0.033672677899473036 0.051065889109603385 0.1082491541213722 0.12064512829340894 0.088393930431408099,0.053540382491190419 -1.5158030274526177 -0.012424992525536275 -1.6041537581898968 -0.03142739230273843 -0.042489966232188134,-0.7817747807256058 -0.30378024547146409 -0.30500491534662794 -0.15423257770313981 0.082156356091304616 -0.018620307354046323,13.510365105716904 -115.60729457513445 -50.137517763448621 -3.692173636303306 0.72858394505667345 -0.0043693125705469632,-0.21842302487664256 -5.3917295584788008 -1.0914029744767255 0.075113748240255518 -0.013181983160393429 0.0087589001054482196
ur,tetrapga,5.602084999,0.374999705,0.219570403,0.031547271,34.174885,41.537488,4.271860625,1,0,0,2.383974692,0.113885438,1.2,0,0,0,0 0 0.050000000000000003,0 0 0.050000000000000003,0 0 0.050000000000000003,wrist_3_link,-1,0,0 0 0,0 0 0,,0.067084461987022531 -1.5098712640805463 -0.0069901998765920402 -1.6013950905891325 -0.032844827928610952 -0.04213317299642521,-0.080294254149170061 -0.021148950114677469 -0.029213904700959966 -0.019445297017097889 0.0054308002114715342 -0.004493972288984167,-0.15395944765765213 -1.7463448047122627 -0.17870877838930338 -1.6777107337490684 -0.026035575784965917 -0.064199434231580726,-0.12271616916448458 -0.02914689718573793 0.05566103138845227 0.11087949322056741 0.12084615761716923 0.089519672972752373,0.054238286518591416 -1.514861273257597 -0.011604428103957468 -1.6037328726728521 -0.031255319321699719 -0.042273172756546934,-0.75926775236531874 -0.25301655959899078 -0.23710443773034551 -0.11980616435632022 0.11009900863868743 0.004799654979281435,0.43800512276748371 -124.13983026666291 -59.015437191990188 -4.1237816374282534 0.70499680902827722 -0.0075177535408175074,0.65595023898890759 -10.410599391681899 -3.1120264540594249 -0.034588445833833248 0.013996555647437958 0.0139503683112423
ur,tetrapga,5.643712298,0.374032035,0.219810344,0.01619716,28.58265,36.073746,3.57283125,1,0,0,2.364566602,0.145710908,1.2,0,0,0,0 0 0.050000000000000003,0 0 0.050000000000000003,0 0 0.050000000000000003,wrist_3_link,-1,0,0 0 0,0 0 0,,0.064568855566452754 -1.5106596347867705 -0.0079345717229137858 -1.6019448363209099 -0.032595465828495422 -0.042218542590346263,-0.047335552369902743 -0.015197804537633197 -0.017486664544270756 -0.009941791764584389 0.0052072853285676877 -0.001244366299566072,-0.15896678789466168 -1.7474502101727876 -0.17628385000737176 -1.6730351839803483 -0.02100333300967153 -0.06044786212346507,-0.11784767597807339 -0.023962453876893879 0.06082877869640891 0.1137304369100757 0.1208982720930287 0.090708206256509341,0.047939502835025002 -1.5173161485175655 -0.013866493181498137 -1.6047005834018027 -0.030379271613432152 -0.042235719406249532,-0.7873487477467378 -0.30686003071815815 -0.28275858456126529 -0.12096397005796984 0.10950612292526207 0.0046817165464908073,13.330381483302684 -113.67361516847537 -49.218160546993843 -3.6204932052398187 0.71457301280613839 -0.0042863093758774831,-0.18300724194097029 -5.3450626870135238 -1.042183162481777 0.069002725589598413 -0.020261330865082527 0.0040317319299987275
ur,tetrapga,5.679885708,0.372355633,0.220340657,0.029445343,34.082557,41.597857,4.260319625,1,0,0,2.333832177,0.112144396,1.2,0,0,0,0 0 0.050000000000000003,0 0 0.050000000000000003,0 0 0.050000000000000003,wrist_3_link,-1,0,0 0 0,0 0 0,,0.061418751785979553 -1.5113972909013724 -0.0088916863814088483 -1.6025656839026869 -0.032264710105978492 -0.042296528731933368,-0.080025752056738661 -0.022985400050242116 -0.027623589558756906 -0.015810700329169067 0.0083818513149706304 -0.0019645498920463048,-0.16315206948001221 -1.7482355343060487 -0.17400352468012714 -1.6688785107287005 -0.016631567624888804 -0.057149293313155394,-0.11354200374255896 -0.019457966394070617 0.065235243339403004 0.11606676144559538 0.12078939873920529 0.091653497664989259,0.048579950172968761 -1.51642021530131 -0.013110673785556564 -1.6043281501941808 -0.030232634178283792 -0.042044942150869104,-0.76239753584215864 -0.25793726059117583 -0.21644822544722486 -0.086877132211573643 0.13616966487359938 0.027647763657450738,0.3078290255312286 -121.36414857309164 -57.293411306999168 -3.9498211745141996 0.67611677439758888 -0.0062162842692593864,0.59771298855875443 -9.7169633358289502 -2.7954391466055881 -0.030296517075839802 -0.00059439826893026293 0.0061504694861014286
ur,tetrapga,5.721590181,0.371131802,0.220595174,0.014306049,34.098823,41.420131,4.262352875,1,0,0,2.305987771,0.139556974,1.2,0,0,0,0 0 0.050000000000000003,0 0 0.050000000000000003,0 0 0.050000000000000003,wrist_3_link,-1,0,0 0 0,0 0 0,,0.058939091851455419 -1.5122308923641559 -0.0097740689606287887 -1.602994358999932 -0.031926300761681077 -0.042301232553679638,-0.046496757072853473 -0.01572633747935874 -0.016092896875523489 -0.0076048016405771924 0.0068584445754463026 0.00028392546488863857,-0.16778235596297178 -1.748938820443833 -0.17117873532539635 -1.6639846749028815 -0.011599768901420945 -0.053305951169262566,-0.10849604315899473 -0.014270661487288389 0.070212991416496937 0.11859459142224256 0.12048634206998352 0.092641427705299775,0.042262806169036451 -1.5189064244074548 -0.015194534932202644 -1.6050325790075746 -0.029148633178329393 -0.041825103230407661,-0.78964339414200713 -0.31077644987917208 -0.26048286826510081 -0.088053666143798601 0.13550020469020749 0.027479888937338055,13.045078435834887 -110.98074920716371 -47.977367447079772 -3.5250427782330966 0.69577369732311434 -0.0041775781374540234,-0.23184431238530578 -4.7209962029992312 -0.75411874979749172 0.079143373275655904 -0.030376985264851442 -0.0006796817606868899
ur,tetrapga,5.763100078,0.368930508,0.221600606,0.025903146,34.203767,41.859009,4.275470875,1,0,0,2.276599045,0.096611125,1.2,0,0,0,0 0 0.050000000000000003,0 0 0.050000000000000003,0 0 0.050000000000000003,wrist_3_link,-1,0,0 0 0,0 0 0,,0.0553409401975863 -1.5131324324615454 -0.010791010491682865 -1.6035428476640421 -0.031421588412164449 -0.042279648150773688,-0.074952712818237441 -0.023272633116264988 -0.024430231746951792 -0.011546880927992425 0.01050553406068626 0.00044549822277050274,-0.1721803454621367 -1.7494242276398331 -0.1681633417369566 -1.6590127000292938 -0.006607911507100394 -0.049441894821822305,-0.10339151069162969 -0.0091193032248839349 0.075053025516075692 0.12093150381958201 0.11999651848494999 0.093515526757488907,0.042702767961115627 -1.5181193648643925 -0.014548130112806403 -1.6047127469659861 -0.028991517068248734 -0.041646161411709279,-0.7623885486073424 -0.26249235533400739 -0.19441987731670285 -0.053129247076129767 0.16169932099762777 0.050776825046185622,0.066416309685175534 -117.97679476152692 -55.298504577633636 -3.7527105865399166 0.64253817998596408 -0.004836509063593843,0.45489366092542127 -8.548038313255347 -2.2935540681341564 -0.015631852679689473 -0.015744944056159227 -0.0012735377119952318
ur,tetrapga,5.80506226,0.367710489,0.22181975,0.013872811,34.093596,41.709734,4.2616995,1,0,0,2.241893084,0.128459308,1.2,0,0,0,0 0 0.050000000000000003,0 0 0.050000000000000003,0 0 0.050000000000000003,wrist_3_link,-1,0,0 0 0,0 0 0,,0.053128614829555089 -1.5138922584958161 -0.01150707244493878 -1.6038135164537375 -0.031028709170874354 -0.042205255142319154,-0.045009824343164556 -0.015017392689314249 -0.014033500488664677 -0.0053496371846426085 0.0081367028681758498 0.0016268318863903914,-0.17640924399314084 -1.7496979331671012 -0.16491341475686097 -1.6538918019161288 -0.0015863031657044309 -0.045501186774929959,-0.098153509477983042 -0.0039294794165992963 0.079823997838574301 0.12310942474096942 0.11931146873931124 0.094287606231715976,0.036391584269894556 -1.5206317101828251 -0.016441690019182255 -1.6051473204881141 -0.027703925617648603 -0.041241692246165161,-0.78889875161456025 -0.31404375184363054 -0.23669535976269249 -0.054321744473996528 0.16094917108584725 0.05055874828182276,12.677552231300455 -107.71882194693161 -46.497132949014841 -3.4118987204204037 0.67337258655889687 -0.0040506211545779797,-0.21665525687961917 -4.5780277073872639 -0.68102534613082355 0.073168893502952415 -0.035929472919931982 -0.0048371732976733028
ur,tetrapga,5.846867929,0.365387248,0.222826941,0.025976112,34.110865,41.706679,4.263858125,1,0,0,2.213494675,0.089823927,1.2,0,0,0,0 0 0.050000000000000003,0 0 0.050000000000000003,0 0 0.050000000000000003,wrist_3_link,-1,0,0 0 0,0 0 0,,0.049661024711777559 -1.5147596639601013 -0.012377270883494759 -1.6041927463114496 -0.030428760861206567 -0.042083142698133652,-0.075011034516312594 -0.022860362914306778 -0.021839532805385756 -0.0083162412315360146 0.012921352480584935 0.0026195753269155891,-0.18040226610609761 -1.7497545278804987 -0.16147917348473684 -1.6487030294188099 0.0033840367221029499 -0.041545305899717513,-0.092862699103669441 0.0012175980574332401 0.084449847232279676 0.12509222569920223 0.11844031794447617 0.094944609310752617,0.036943642701476945 -1.5198230804182418 -0.015781096120610408 -1.6048234860767989 -0.027575836766859735 -0.041071723843664566,-0.76033351021449624 -0.26592474103207775 -0.17145230309877854 -0.019181611845870243 0.18631356972655758 0.073836823414878891,-0.10063119267100618 -114.23108657704606 -53.091630502824607 -3.542499228144099 0.60740489027669697 -0.0034075572676551427,0.49620726388815228 -8.5721170958868242 -2.2988916958070362 -0.03426002889227675 -0.023403813272224738 -0.0080013676055159522
ur,tetrapga,5.888664584,0.363763108,0.223048299,0.01418948,34.063257,41.504078,4.257907125,1,0,0,2.17134375,0.114181838,1.2,0,0,0,0 0 0.050000000000000003,0 0 0.050000000000000003,0 0 0.050000000000000003,wrist_3_link,-1,0,0 0 0,0 0 0,,0.047292054282174048 -1.5155558049406512 -0.013059964543954342 -1.6043810612324494 -0.029934777064057602 -0.041935696938732538,-0.045539891089470298 -0.015177441808885528 -0.012809783924375163 -0.0034868497337759673 0.0096299774218891708 0.0029389879888667317,-0.18417190086216884 -1.7495965900304451 -0.15785509810262438 -1.6434364509533554 0.008312988339758463 -0.037565170111347898,-0.087506395945363011 0.0063345309088652319 0.088942253665344848 0.12688567614979676 0.11738256897900154 0.095488960359851674,0.030656975820789224 -1.5223513867921628 -0.017474819353532983 -1.6049863986934862 -0.026092242692634715 -0.040483350282729445,-0.78583414663057305 -0.31603886942490766 -0.21171574855511271 -0.020364104304623199 0.18544951993370418 0.073546814971164678,12.276225981043593 -104.12716186416708 -44.867770501538502 -3.2881712119786064 0.64896198257007343 -0.0039062797791135613,-0.15868690976611788 -4.6825284380647645 -0.71249212219250779 0.060737572342077328 -0.040195833601529785 -0.0089045627211277179
ur,tetrapga,5.930255952,0.3610614,0.22474338,0.024551875,34.107117,41.378672,4.263389625,1,0,0,2.141652241,0.078029505,1.2,0,0,0,0 0 0.050000000000000003,0 0 0.050000000000000003,0 0 0.050000000000000003,wrist_3_link,-1,0,0 0 0,0 0 0,,0.043724015599895083 -1.5164858943401727 -0.013866920579190544 -1.6046211025533079 -0.02920439161834042 -0.041707322369019223,-0.074292775414077777 -0.023884965836252017 -0.019992508997472517 -0.0051724787904700639 0.015175173213175243 0.0047273697156205545,-0.18769951063990942 -1.7492278278465654 -0.15406526453524103 -1.6381252729578315 0.013170013245475874 -0.03358433221872166,-0.082115819127981965 0.011391914603000866 0.093275960234227573 0.12848073687199835 0.11614632177994895 0.095918528440349538,0.031148695718992172 -1.5215705118834983 -0.016854925572945236 -1.6046877612971868 -0.025972420421246221 -0.040323604771123463,-0.75522539219105167 -0.26898420100874526 -0.14800712304282942 0.014498652166962828 0.20948722210795662 0.096466504270996192,-0.27679296563823108 -109.94788225151366 -50.633967718483149 -3.3161126549660578 0.56931686619831701 -0.0019774967838481275,0.46820369064795386 -8.102118708045964 -2.0948120368049246 -0.037162460873332748 -0.033663337877328559 -0.014508371948110721
ur,tetrapga,5.971726914,0.359295297,0.224434716,0.01287934,34.05664,41.352509,4.25708,1,0,0,2.092637532,0.09968561,1.2,0,0,0,0 0 0.050000000000000003,0 0 0.050000000000000003,0 0 0.050000000000000003,wrist_3_link,-1,0,0 0 0,0 0 0,,0.041503811083821618 -1.5172770226559165 -0.014458797610514574 -1.6046986668977903 -0.028665323678891588 -0.041499844859747489,-0.045206129919617595 -0.015956642374544548 -0.011697084932705663 -0.0014261638523034392 0.011129899289393707 0.0043461262545443522,-0.19099252641300121 -1.7486515070052175 -0.15010984244657044 -1.6327673575363955 0.017958029293780285 -0.029599546771500829,-0.076686232354678904 0.016394972472432132 0.097456450950104315 0.12988108103492271 0.11473314143359629 0.096235184470348151,0.024911633903406307 -1.5241098405718696 -0.01834338057818586 -1.6045811839353128 -0.024304195731122132 -0.039554650148539511,-0.77963351213704501 -0.31741663567239081 -0.18605717493379681 0.013322180683184522 0.20852838675976898 0.096119477168515349,11.811314030442972 -100.04461391785414 -43.027136576552145 -3.1491055181867331 0.6215190760255771 -0.0037424548774943017,-0.17836390394595014 -4.2501822099766287 -0.52026092070207142 0.063370795286573411 -0.047839551930707103 -0.013247646788983047
ur,tetrapga,6.013178012,0.356418183,0.226114996,0.023819388,34.127485,41.4876,4.265935625,1,0,0,2.063688304,0.069407532,1.2,0,0,0,0 0 0.050000000000000003,0 0 0.050000000000000003,0 0 0.050000000000000003,wrist_3_link,-1,0,0 0 0,0 0 0,,0.038042023016616321 -1.5182163055955704 -0.015148533958941586 -1.6047804548233873 -0.027841835077493785 -0.041173382977346094,-0.074835617163694454 -0.024312583850603659 -0.017793152243886185 -0.0019361701999182275 0.01771211339462574 0.0070058957079056896,-0.19405792300507152 -1.7478690442874052 -0.14598606278726961 -1.627357935813712 0.022681491501955375 -0.025605860865776701,-0.071210322714294658 0.021350610783040205 0.10148980730783604 0.13108951527106377 0.11314268887912517 0.096440057300773707,0.018712696980296283 -1.5270126905456283 -0.020011286428784705 -1.6044857428512111 -0.022634829063808475 -0.038783485191397411,-0.77486790057756472 -0.36285679634581741 -0.20848853060357458 0.011930145961664352 0.20867113390846492 0.096395768988284974,12.15914947838689 -91.249710603523425 -38.137823504530161 -2.8001339965976859 0.56552859247523579 -0.0029348488046984957,0.47551517724627956 -7.8603979880481347 -1.9946769215820268 -0.049282984670753649 -0.042962091755285314 -0.021548465324201516
ur,tetrapga,6.054767215,0.35437727,0.225597319,0.012297124,34.17656,41.753091,4.27207,1,0,0,2.023733307,0.038084648,1.2,0,0,0,0 0 0.050000000000000003,0 0 0.050000000000000003,0 0 0.050000000000000003,wrist_3_link,-1,0,0 0 0,0 0 0,,0.035784731251247232 -1.5190244505201134 -0.015678031360947881 -1.6047602481957637 -0.027222728758079812 -0.040894820045363905,-0.046002479854440982 -0.016392820613799881 -0.010490915979666626 0.00056234550087807373 0.012768667526790662 0.0057990771499222436,-0.19690449117547995 -1.7468785633381703 -0.14168362930827272 -1.6218841640858142 0.027350763000395788 -0.021592665869109122,-0.065672653168074122 0.026272128451647413 0.10538616631708327 0.13210851276778671 0.11137056784687532 0.096533357762117064,0.021326600290500049 -1.5253432107920275 -0.018849859537682381 -1.6041818579809342 -0.023042274888708511 -0.038848430993158704,-0.74026500787921334 -0.29058055767516128 -0.12565033575517945 0.055142239836084475 0.23581333662488985 0.12384037958397384,-1.409146902723398 -100.17997507774226 -45.641194175925008 -2.8706372658115589 0.48707598061051433 0.00019209928447267051,-0.16083633299376743 -4.0580509600104051 -0.43540288370373759 0.057578549251957156 -0.054023237075632835 -0.017738756804362765
ur,tetrapga,6.09661793,0.351082856,0.227830653,0.022157974,34.024452,41.491987,4.2530565,1,0,0,1.973851962,0.056575738,1.2,0,0,0,0 0 0.050000000000000003,0 0 0.050000000000000003,0 0 0.050000000000000003,wrist_3_link,-1,0,0 0 0,0 0 0,,0.032166735438811836 -1.5200448666103612 -0.016304160496056524 -1.6046903918010582 -0.02624819373686945 -0.040446194493400665,-0.073446905231208379 -0.024801955108857208 -0.015545785857900552 0.0012232549843621857 0.019702519032054364 0.0090519587261561618,-0.19953565574742166 -1.7456764009159123 -0.13719381895005131 -1.6163372975877675 0.031971319844203011 -0.017552688998323514,-0.060061920178608473 0.031167989391701581 0.10915042298435686 0.13293722178508782 0.10941167828000094 0.096513763471442582,0.015214102889292596 -1.5280212536739266 -0.020131617376662823 -1.6037476181605448 -0.02116687849255354 -0.037862798027625447,-0.76406295487118159 -0.33475588551797342 -0.1602199852757234 0.054280024565612733 0.23442488336480788 0.12320429712288689,10.659836098800358 -90.714991924303618 -38.940324418899856 -2.8404141933414615 0.55968058182273572 -0.0034120397708605685,0.43339906649732995 -7.3121315009020691 -1.7713415518246265 -0.052028767468073056 -0.052441745705174014 -0.027863160880443161
ur,tetrapga,6.138201568,0.34670951,0.238291064,0.024398659,34.107987,41.712527,4.263498375,1,0,0,1.928091804,0.007717651,1.2,0,0,0,0 0 0.050000000000000003,0 0 0.050000000000000003,0 0 0.050000000000000003,wrist_3_link,-1,0,0 0 0,0 0 0,,0.027734396585358013 -1.5215030400087888 -0.017176612824006916 -1.6046062269372579 -0.025062896857173767 -0.03989838917196404,-0.091556454912412197 -0.037914436554984672 -0.02292654079308333 0.0013936600215601121 0.024592419017430943 0.011319887479048833,-0.20191676706176434 -1.7442802362823746 -0.13257994559333755 -1.6107955652197612 0.036477606731118148 -0.013541653174689383,-0.054454753015175481 0.035971057930565396 0.11273078582234533 0.13356439296919273 0.10729372976902207 0.096381682881854544,0.015646446730497837 -1.5270430420779282 -0.019428995797154101 -1.6034466705170878 -0.021061538787538553 -0.037703390309924853,-0.72847614561237051 -0.28511240383570496 -0.096860299365288782 0.091281587146892038 0.25666897205150807 0.14715061255625722,-0.5417580205009358 -95.126155936772008 -42.49170740442834 -2.6226911206156647 0.45298331975253014 0.0016674802168279833,0.65326012095357555 -8.0515574100072627 -2.0315171605797531 -0.076831579410281847 -0.061624337792409278 -0.034873252668859323
ur,tetrapga,6.180010105,0.344119923,0.232567957,0.00462917,39.541456,47.008585,4.942682,1,0,0,1.845979887,0.038516614,1.2,0,0,0,0 0 0.050000000000000003,0 0 0.050000000000000003,0 0 0.050000000000000003,wrist_3_link,-1,0,0 0 0,0 0 0,,0.02561095397888585 -1.5226733582913101 -0.017816751834073989 -1.6044841964483429 -0.024382152286870115 -0.039549718721448107,-0.041874942913372536 -0.023182613727002997 -0.012129676170417695 0.0026678463304112155 0.01376035947363608 0.0071194909913262052,-0.20407512003093839 -1.7426765508596906 -0.12779444847973481 -1.6052016947405769 0.040915935093116286 -0.0095168183879636437,-0.048790681397869198 0.040732981545161334 0.11616574636295032 0.13399717335534544 0.10499511750013346 0.096135980429224652,0.012269905728269104 -1.5282905517989023 -0.019782646672929925 -1.6028736219059749 -0.019784454762859307 -0.036922991503745714,-0.73345905410991974 -0.29249170790187962 -0.094589142515394853 0.10405382411845385 0.26340494579092028 0.15524776462438478,4.2101793153497411 -91.050116466226768 -40.05413650978354 -2.6569770264392942 0.48721784805233681 -0.00058540915928401724,-0.44074953173941367 -1.5276259365564329 0.6552156393750721 0.12593272780304687 -0.073504456861968492 -0.021756691704254649
ur,tetrapga,6.227118323,0.340099245,0.230028723,0.008728138,39.732756,47.098113,4.9665945,1,0,0,1.77313007,0.041489024,1.2,0,0,0,0 0 0.050000000000000003,0 0 0.050000000000000003,0 0 0.050000000000000003,wrist_3_link,-1,0,0 0 0,0 0 0,,0.021911757928830621 -1.524044147235261 -0.018465120859353486 -1.6042052750183735 -0.02321812299663956 -0.038935582797034879,-0.062596342922928747 -0.027486768172330481 -0.012788784826114782 0.0071780901020865318 0.022008018442895169 0.012442011246717875,-0.20622274569039259 -1.7406329885209226 -0.12223484794484905 -1.5988824563182331 0.045797194499130528 -0.0049971674426893325,-0.042384004274214446 0.046011394864565139 0.11983328736005132 0.13424681097716687 0.1022061405558216 0.095723954790774543,0.0088661508251784565 -1.5296089976484644 -0.020145905826580442 -1.6022672482831388 -0.018475795096390177 -0.036112149290467181,-0.72677809369177448 -0.29750640416327301 -0.086580266779740761 0.11741099672286419 0.27088502131104697 0.16424900666451009,4.5243239234791819 -87.455998571297172 -37.995550858624483 -2.5083843886937847 0.46500007666372106 -6.2203972611151598e-05,0.55686925097673168 -1.0914313502498771 1.309220645803606 0.26041359826740518 -0.048813209185730955 0.027850450985667408
ur,tetrapga,6.274318539,0.337249736,0.222905233,0.018227894,39.592102,46.967773,4.94901275,1,0,0,1.710782871,0.05630338,1.2,0,0,0,0 0 0.050000000000000003,0 0 0.050000000000000003,0 0 0.050000000000000003,wrist_3_link,-1,0,0 0 0,0 0 0,,0.019542113492591696 -1.5250092729748754 -0.018862814804112969 -1.6039163138833819 -0.022370057001804413 -0.038452440361664689,-0.068887316457363387 -0.020584409361100856 -0.0045444689944153169 0.010423358936289177 0.025846808833152178 0.015201831352757099,-0.20807141479400593 -1.7383383718820069 -0.11649629646176163 -1.5925450494876341 0.050551329074259813 -0.00049153164124017643,-0.035946767157630198 0.051200445306419304 0.12328732100248849 0.13424396120306981 0.099205350748111459 0.095168161868178155,0.0057859443156311752 -1.5308473593977823 -0.020426184672795687 -1.6016257529397839 -0.017222260573189142 -0.035308301239395885,-0.71865028420349608 -0.29853701248008152 -0.075131593403386154 0.13172031850638818 0.27838782296690345 0.17361529142588913,4.3830407430583405 -84.391589044814239 -36.462865449319104 -2.3882752428291028 0.44377308065007653 0.00035393701926467094,-5.2438111505195124 -6.0152049261023421 -1.7852794264197769 0.32468267897365877 0.39322303770218525 0.27458315141755918
ur,tetrapga,6.32139225,0.334083774,0.223735387,0.02504418,39.52463,46.803597,4.94057875,1,0,0,1.652789798,0.055153129,1.2,0,0,0,0 0 0.050000000000000003,0 0 0.050000000000000003,0 0 0.050000000000000003,wrist_3_link,-1,0,0 0 0,0 0 0,,0.016770287499467212 -1.5258406162246378 -0.019107541873900749 -1.603510228299063 -0.021365967656174739 -0.03785825624333683,-0.075936404525369552 -0.020706616103261671 -0.0031225206036511314 0.012657393046904565 0.028852522391635781 0.01738919642477817,-0.20961225190669336 -1.735808446794912 -0.11061602980534668 -1.5862306972798785 0.055146915905405186 0.0039725596908770948,-0.029517206985761681 0.056269043031595661 0.12650713730798463 0.1339892692846831 0.096012503317978143 0.094472229315834863,0.0028537184387596587 -1.5319827149476912 -0.020598630097639004 -1.6009255480560107 -0.015972472305068493 -0.034480580016248659,-0.70978989144222593 -0.29838072718890929 -0.062763426884768103 0.14641566133335032 0.28571488628096975 0.18315155694179402,4.2300975646768313 -81.353187658999289 -34.942536628878713 -2.2691051064678529 0.42265227145195516 0.00076866671804954679,-4.9332559813864592 -8.2645794267191377 -2.7227959898101517 0.25809200781895925 0.4112289631479058 0.28032901372272079
ur,tetrapga,6.368294523,0.330541425,0.226867967,0.025990605,39.537078,46.908806,4.94213475,1,0,0,1.59615188,0.046351667,1.2,0,0,0,0 0 0.050000000000000003,0 0 0.050000000000000003,0 0 0.050000000000000003,wrist_3_link,-1,0,0 0 0,0 0 0,,0.013761142113109963 -1.52675732572997 -0.01934382192658908 -1.6030245691304805 -0.02025258642633743 -0.03718410143285894,-0.07724302573083526 -0.023286421764769756 -0.0034841023221557836 0.014259254653369935 0.030279486773648345 0.018708750949687183,-0.21084640563705948 -1.7330530607943717 -0.10461177317505967 -1.579957124291715 0.059571736147499797 0.0083845296826757527,-0.023109899160103111 0.061206399146089746 0.12948721904967289 0.13348612867672399 0.092638484168926838 0.093639238326765406,-1.7993530729397064e-05 -1.5330604454367363 -0.020685025837774457 -1.6001605724296075 -0.014701017463557467 -0.033614879198051159,-0.69982168526338628 -0.29801014365157885 -0.050012343847656293 0.16121650879073227 0.29268580129547372 0.19269787917518488,4.016281496692014 -78.14563826445648 -33.357447472682288 -2.1441084381202216 0.40004110525474751 0.0011898362452744116,-4.3177992601730217 -8.5768994954278241 -2.7036468880023534 0.25389562040072633 0.38994595760976125 0.27346318674476322
ur,tetrapga,6.415271088,0.326918957,0.229083338,0.043435658,39.557066,47.164918,4.94463325,1,0,0,1.540352603,0.037038856,1.2,0,0,0,0 0 0.050000000000000003,0 0 0.050000000000000003,0 0 0.050000000000000003,wrist_3_link,-1,0,0 0 0,0 0 0,,0.010881981188762367 -1.527746888403819 -0.019591080416305529 -1.6025107533128142 -0.019149735743934131 -0.036500629039927082,-0.071128036865359498 -0.024839739593481441 -0.0035382293521931717 0.015001560722092105 0.029859107895407199 0.018799711221870196,-0.21178141820094326 -1.73006396886186 -0.098463339986560455 -1.573703104072403 0.063840533342747571 0.012761071421984935,-0.016699605822308013 0.06603194530574881 0.13223966776734303 0.13273384984619846 0.089072490268372953 0.09266651390979358,-0.0028033292614242731 -1.5341108998807074 -0.020706598557927905 -1.5993401560549851 -0.01341929399332327 -0.032718843429727404,-0.68879219407858971 -0.29735604775181468 -0.036882506226971826 0.17599546938694957 0.29923846903455342 0.20218453017597954,3.7118585911933506 -74.790104754297346 -31.731979290058693 -2.0140801344473256 0.37582879765411148 0.0016209644826736683,-13.036864016900021 -9.9331270147167743 -1.4140182452162406 2.4204015052791874 2.4323968657533186 1.6177399921133713
ur,tetrapga,6.462537215,0.322929911,0.23195835,0.021692343,39.551936,47.200445,4.943992,1,0,0,1.484826227,0.025399887,1.2,0,0,0,0 0 0.050000000000000003,0 0 0.050000000000000003,0 0 0.050000000000000003,wrist_3_link,-1,0,0 0 0,0 0 0,,0.0078408555456613276 -1.5288805228961699 -0.019836269566908735 -1.601895767407794 -0.017929429961984968 -0.035723361376478503,-0.076088467539471932 -0.027333276503343502 -0.0031714100146609803 0.017516237221085276 0.032325083463786528 0.021044681883332628,-0.21241860640373958 -1.7268306460430312 -0.092152122158599289 -1.5674520866119817 0.067962257761491771 0.017115202273725677,-0.010265436153195981 0.070759715642025947 0.13477048411230863 0.13172769084606717 0.085302686709058981 0.091549439246550138,-0.005558712548305306 -1.5351726774234122 -0.020677666569305083 -1.5984541213646115 -0.01210491072804811 -0.031777900229234664,-0.67705444939976367 -0.29617191233744911 -0.023581373731660849 0.19061739354122209 0.30524009892520404 0.21150936833023087,3.5036929077271495 -71.31401750976984 -30.037725731858501 -1.8836832858400041 0.35227415202856566 0.002013663913044722,-4.0712310351004559 -7.1584732779447222 -1.8844665697701402 0.34590463839958829 0.38352040337304061 0.29194134728059851
ur,tetrapga,6.509804517,0.318849232,0.233174118,0.019772682,34.034375,41.48626,4.254296875,1,0,0,1.462307045,0.015308234,1.2,0,0,0,0 0 0.050000000000000003,0 0 0.050000000000000003,0 0 0.050000000000000003,wrist_3_link,-1,0,0 0 0,0 0 0,,0.0048655106956155738 -1.5300487305462034 -0.020052382943541322 -1.601224993015893 -0.016688590403128721 -0.034911872895130515,-0.074175089046441878 -0.02754211650375523 -0.0020912482464920177 0.018966947654261292 0.032754564485376947 0.021890126860224228,-0.21275221727771856 -1.7233769232785603 -0.085726848335592867 -1.5612543426342069 0.071901721361159604 0.021413391626259676,-0.0038552075907660474 0.075353151361101031 0.1370584638251032 0.13047350718933451 0.081357435869488334 0.090295194898710573,-0.0055160486223999761 -1.5346901523933725 -0.020191125801206751 -1.5980746741910474 -0.011859436885151984 -0.031503145897368669,-0.64618134366599356 -0.25993127043686698 0.021737323731973936 0.22061047613523765 0.31716443092711966 0.23021772431807352,-1.6146386970830271 -71.416656845153739 -29.847862408901918 -1.5527058174959956 0.26633625546257 0.0070459178993696608,-3.982911060580129 -6.5249849389292649 -1.5267300866870528 0.38788799953090347 0.38266818084395027 0.30191955401035386
ur,tetrapga,6.551360357,0.315144936,0.236182874,0.010907562,39.721632,47.1477,4.965204,1,0,0,1.395592839,0.015534269,1.2,0,0,0,0 0 0.050000000000000003,0 0 0.050000000000000003,0 0 0.050000000000000003,wrist_3_link,-1,0,0 0 0,0 0 0,,0.0022449607074511739 -1.5311011540033053 -0.020209818526120398 -1.6005778435420084 -0.01556168459689963 -0.034156770391073184,-0.050571131364412908 -0.022237191501435719 -0.0040831341783915389 0.012425042751300505 0.021815807267437853 0.014599631463417761,-0.2127957814624033 -1.7201636785102559 -0.079993033249153481 -1.5558588795162513 0.07520808128748295 0.025140808743225048,0.0017538909699413654 0.079275442342830182 0.13886679160883519 0.12916792712430053 0.077749883532048744 0.089080661290620991,-0.0087370578833186954 -1.5359292289029933 -0.019995088280208646 -1.5968563364834858 -0.010225475589672434 -0.030276379518434766,-0.64515825018120876 -0.26704106101174824 0.025088811265512975 0.2305164381257637 0.31994074503170056 0.23627179422555139,2.6640093144588883 -66.619382755136044 -27.879438333252573 -1.6936153537967009 0.31362467341264488 0.0027697198087427511,0.051496576462616517 -3.5994955454643787 -0.3351822174254977 -0.020463030654354952 -0.079265684407975101 -0.044970159613455962
ur,tetrapga,6.598615773,0.311089941,0.233246185,0.023186378,39.804835,47.396434,4.975604375,1,0,0,1.334947671,0.012346724,1.2,0,0,0,0 0 0.050000000000000003,0 0 0.050000000000000003,0 0 0.050000000000000003,wrist_3_link,-1,0,0 0 0,0 0 0,,-0.00050583334887337205 -1.5321993808274739 -0.02030429083751983 -1.5998169659385717 -0.0143248442227598 -0.033305303611956563,-0.050004755030783547 -0.022171758880798986 -0.0018637059698574895 0.016743239048041723 0.024670647083652401 0.017728037115702075,-0.21256291141516784 -1.7163147618379939 -0.073386773792508658 -1.549794515425875 0.078782302917544983 0.029315279324334309,0.0080945874317625028 0.083598133827477605 0.14068956260150511 0.1274550714275256 0.073496368777854412 0.087574179803703717,-0.011745466603939124 -1.5371598498440215 -0.01980955372979434 -1.5956700585822352 -0.0086674003555623855 -0.029090549963811087,-0.63327727003536027 -0.27038559320313232 0.032854378833161328 0.24080454497504716 0.32286493062621813 0.24288274582342739,2.6728170912021767 -62.663961177103985 -25.845284431674944 -1.5470346934258381 0.2894313136166185 0.0031836011064470511,0.25256995696394924 -1.3434633407814545 1.3820723402920976 1.2984371511729478 0.40946555072029156 0.50159295470100318
ur,tetrapga,6.646080309,0.30770099,0.227631535,0.014117958,39.776843,47.23966,4.972105375,1,0,0,1.281650143,0.012820247,1.2,0,0,0,0 0 0.050000000000000003,0 0 0.050000000000000003,0 0 0.050000000000000003,wrist_3_link,-1,0,0 0 0,0 0 0,,-0.0025430826189014634 -1.5330281733900215 -0.020274770870419286 -1.5990934727208481 -0.013288721345028716 -0.0325498996377932,-0.061084228934290365 -0.019103871392220723 0.0055034540753161236 0.02265042126934514 0.03103581705385328 0.022979257115861147,-0.21202850100629991 -1.7122467890706454 -0.066670547980359943 -1.5437905277351021 0.082166315812230939 0.033433418656505315,0.014414937803262704 0.087786843385669652 0.14226780391135069 0.12549326722289925 0.069069756902364901 0.085928823715060471,-0.014408320634369051 -1.5382883630009521 -0.019579996118932238 -1.5945123363532638 -0.0072182860006025787 -0.02795738570487849,-0.62043184616270275 -0.27017933469421207 0.043232748720518424 0.25169720747060298 0.3255559679585055 0.24975048673029487,2.5213767680149344 -59.105046327474675 -24.138212638393988 -1.4220222438107579 0.26704434050162457 0.0034793747089804411,-1.4993145370089422 -4.6589262973129735 -0.99788556359797553 0.015692353646954871 0.0079552161861968784 0.032105730570172852
ur,tetrapga,6.693421381,0.303966189,0.228884654,0.020792846,34.270471,41.968241,4.283808875,1,0,0,1.250044538,0.004469344,1.2,0,0,0,0 0 0.050000000000000003,0 0 0.050000000000000003,0 0 0.050000000000000003,wrist_3_link,-1,0,0 0 0,0 0 0,,-0.0049117199877241335 -1.5337914754874744 -0.020093214742686195 -1.5982245653731029 -0.012098871623019529 -0.031667197497346602,-0.065800391924913409 -0.020084735903392523 0.0074473658964301168 0.025709103048781653 0.034290780086690446 0.025662845728829046,-0.21119796560872872 -1.7079950932164381 -0.059903190041495781 -1.5379005486481399 0.085328751785877691 0.037459973506700564,0.020662269566560768 0.091806040561422095 0.14358768042101502 0.12329922294327023 0.06450889409159058 0.084158112288413148,-0.014367087922866286 -1.5379616245888295 -0.019199854446559778 -1.5941687558321138 -0.0070069391647077685 -0.027698424987649142,-0.58838374789072945 -0.24021331852222921 0.079593878890292846 0.27496199739244015 0.33145515222176419 0.26423346520881574,-2.0045882452709858 -58.167981129538354 -22.884901154414454 -0.9967649004222594 0.16956298279613025 0.0094319453645216635,-4.2108870327434005 -6.8616391278665105 -1.3684697453498842 0.55434906647133175 0.48489621237067482 0.40997580158872182
ur,tetrapga,6.735487457,0.300382835,0.232896574,0.012808464,39.618774,47.186645,4.95234675,1,0,0,1.193427703,0.008791365,1.2,0,0,0,0 0 0.050000000000000003,0 0 0.050000000000000003,0 0 0.050000000000000003,wrist_3_link,-1,0,0 0 0,0 0 0,,-0.0071648473583148919 -1.5345404380085641 -0.019907651084840567 -1.5973774077762364 -0.01096297481954033 -0.030814324171800939,-0.046175304205774738 -0.01693462483236036 0.0029481024909777712 0.017308691004112607 0.023331992223443915 0.017502273477487323,-0.21021297298867792 -1.7040604861992934 -0.053842153097746648 -1.5327583151197937 0.087955091919298026 0.040965187495078673,0.02615948138712321 0.095240007573983987 0.14454604599145673 0.12115399171555848 0.060340942893490609 0.082478102199648157,-0.017245684513281838 -1.5390773590724596 -0.018707881499737559 -1.5927093121320208 -0.0053396020753464354 -0.026326678714716247,-0.58489481375412566 -0.2463790039209795 0.083615267693386147 0.28270092464704621 0.33204339763407409 0.26884023751577341,1.7478876169462447 -53.468961554059618 -21.48424137321809 -1.2015152798511388 0.22339917628575579 0.0042345729500911696,0.17732065790293916 -4.2267931184214831 -0.71372941028938897 -0.086459590907907113 -0.076248629909397181 -0.053982670526536936
ur,tetrapga,6.78276613,0.296078066,0.231994049,0.007388911,34.118199,41.61962,4.264774875,1,0,0,1.150466701,0.002225644,1.2,0,0,0,0 0 0.050000000000000003,0 0 0.050000000000000003,0 0 0.050000000000000003,wrist_3_link,-1,0,0 0 0,0 0 0,,-0.009784721230153344 -1.5355054229232106 -0.019683344654589603 -1.5963209582753699 -0.0095919934730366828 -0.029765967313377883,-0.045860032207061356 -0.019293631932649203 0.0042138699720841079 0.02156942101861228 0.026247791030842703 0.020882865989142588,-0.20883144311914992 -1.6994695178227877 -0.046987455987782902 -1.5270915205878415 0.090694812128858229 0.044817718370724229,0.032269903192202729 0.098940381550201711 0.14538112178737073 0.11852714825703405 0.05553495971825273 0.080472613657979752,-0.017942629614630001 -1.5391111459440125 -0.018321129984626358 -1.5921163398235891 -0.0047911792749791111 -0.025809606335703575,-0.55342855165592719 -0.22746946576019428 0.10931040854353505 0.29984952427147737 0.33432745965251809 0.27958969516614002,-2.4860859160013602 -51.196623636798314 -19.25793574658039 -0.69757279464680366 0.11540978730886142 0.01076038618491997,0.12266025785564239 -2.4383404728350797 0.38025964951761182 0.13576374662807211 -0.011568959223694719 0.042642569313663614
ur,tetrapga,6.82448091,0.293130374,0.231647015,0.007962641,34.182999,41.548206,4.272874875,1,0,0,1.107894543,0.010534502,1.2,0,0,0,0 0 0.050000000000000003,0 0 0.050000000000000003,0 0 0.050000000000000003,wrist_3_link,-1,0,0 0 0,0 0 0,,-0.011277693476967327 -1.536128253152713 -0.019524821870545137 -1.5956139791298329 -0.0087337303912552264 -0.029081519899543638,-0.030725267189425583 -0.012448304869155328 0.0034969994046736004 0.014514989531381894 0.017603333994763198 0.014043004001299937,-0.20737401038339057 -1.6952766668576891 -0.040911302075854701 -1.522198808279883 0.092921225524813786 0.048135929131148655,0.037595405000293847 0.10206157865295651 0.14590448027023101 0.11602340995295259 0.051194562807079368 0.078602210114432941,-0.018882714099895614 -1.5393471506568961 -0.017901265846636576 -1.5913611183849936 -0.0040813806708417683 -0.025144108371744529,-0.53406917365805662 -0.21593143731068112 0.12771377110683751 0.31300518734377203 0.33513434390990593 0.28768189842148595,-2.97892304284494 -48.230300704442868 -17.722858689641715 -0.55356788214798891 0.087167381001382854 0.011560385724963256,-0.076895641350830601 -2.6276716275087892 -0.07717172578544762 -0.023078657763107913 -0.068290206920918806 -0.043272344587542477
ur,tetrapga,6.866118153,0.289653754,0.231327579,0.010909547,34.105661,41.618392,4.263207625,1,0,0,1.064612976,0.011362768,1.2,0,0,0,0 0 0.050000000000000003,0 0 0.050000000000000003,0 0 0.050000000000000003,wrist_3_link,-1,0,0 0 0,0 0 0,,-0.013181013275905019 -1.5367975703908634 -0.019208257327201668 -1.5946769549415913 -0.0076371549569746334 -0.028193009344508059,-0.040866181012305304 -0.014852450121624932 0.0064855188596638063 0.019938143437661499 0.023357974854060992 0.018949731959671132,-0.2056991336325012 -1.6909646312552706 -0.034828835644548181 -1.5174229022055299 0.094961112812834911 0.05136823754540544,0.042843869284580303 0.10503918526809694 0.14622691142507088 0.11335402322145782 0.046775264924957163 0.076643050151907935,-0.02016892878866592 -1.5397430520948894 -0.017423898944822908 -1.590432221169467 -0.0031817942296074402 -0.024316240480081221,-0.51713323523847587 -0.20883648804181171 0.14135784877699609 0.32335199330594888 0.33468427152839136 0.2940398546814243,-2.8700318387280159 -44.930540104979862 -16.037975473684384 -0.43669278069949624 0.067663227563506262 0.01183225562192624,0.10471720838718568 -3.6001506576430984 -0.52898511831024564 -0.094899948415331892 -0.077733760489328674 -0.058449441099426735
ur,tetrapga,6.907833236,0.286460038,0.229437389,0.009165697,34.046485,41.452832,4.255810625,1,0,0,1.024816186,0.013863556,1.2,0,0,0,0 0 0.050000000000000003,0 0 0.050000000000000003,0 0 0.050000000000000003,wrist_3_link,-1,0,0 0 0,0 0 0,,-0.014787429167555172 -1.5373632545600724 -0.01888906021983551 -1.5938079806832908 -0.0066643443224204688 -0.02738090937673569,-0.031547501720517436 -0.010717785687740141 0.0065704005720485827 0.017085530796168237 0.01906565201734833 0.015954101046116925,-0.20380347514868397 -1.6865231395548712 -0.028725714106077351 -1.5127530182242765 0.09681858426364974 0.054522896497019267,0.048029587817708247 0.10788117006945294 0.14634946854507264 0.11051271599984624 0.042266948971018507 0.074589953628300856,-0.021479846472270542 -1.5401768603823163 -0.016929562739027071 -1.5894626675228603 -0.0022551579704984332 -0.023452736377590617,-0.5002084855913872 -0.20296340268724444 0.15336461467025164 0.332179203728732 0.33348894993483824 0.29947984756512469,-3.0748694937010095 -41.755718082483554 -14.378113821068668 -0.30062806850497581 0.043011731187958202 0.012437550177098489,-0.0025093123540642637 -3.0246801102748577 -0.30399963453368173 -0.060726085394890106 -0.068076107853570988 -0.049193091411176226
ur,tetrapga,6.949371671,0.283560175,0.227704105,0.009768219,34.201656,41.602373,4.275207,1,0,0,0.989025235,0.015451631,1.2,0,0,0,0 0 0.050000000000000003,0 0 0.050000000000000003,0 0 0.050000000000000003,wrist_3_link,-1,0,0 0 0,0 0 0,,-0.016120848572361408 -1.5377906668932602 -0.018537840315804872 -1.5930026192212114 -0.0058099676178024169 -0.026642709556410148,-0.027653625817227322 -0.0083525167464137528 0.0075779379696467551 0.016603800685347881 0.017587611297208181 0.015215982760311565,-0.20170248433222784 -1.6819856265190736 -0.022647502869833618 -1.5082240692933579 0.098479759097903005 0.057577265505323147,0.053116004427049772 0.11056773449155655 0.14627220777503211 0.10752129425083254 0.03770384975933911 0.072457975454488024,-0.022671972867163121 -1.5405674069397288 -0.016419694718467465 -1.5885119891596418 -0.0013783512234244134 -0.022612655359213203,-0.48395319251658719 -0.19795542315897152 0.16425085574730602 0.34008179069370809 0.33177646471345057 0.30438346532984517,-3.205523269442546 -38.592429664549222 -12.744515420163712 -0.17268036162026501 0.020089918035531451 0.012928531235822051,0.014453154458678341 -3.2235121973071728 -0.41472834046817297 -0.067412244432489388 -0.061564494562016847 -0.046927770398028201
ur,tetrapga,6.991074996,0.280641046,0.226946192,0.010721103,28.590863,35.998512,3.573857875,1,0,0,0.96323914,0.013936089,1.2,0,0,0,0 0 0.050000000000000003,0 0 0.050000000000000003,0 0 0.050000000000000003,wrist_3_link,-1,0,0 0 0,0 0 0,,-0.017422923419086963 -1.5381736541024589 -0.018134009377296645 -1.5921679362121026 -0.0049540388104099171 -0.025886692813914879,-0.02759555237572469 -0.0078020991777140438 0.0087633791387229862 0.017603291346426696 0.018015785693951729 0.01594559793245744,-0.19938231767242245 -1.6773208868614595 -0.016552552899213886 -1.5038054607601004 0.099955423725255607 0.060552881274055462,0.058139858394029853 0.11311821624038296 0.14599491114603702 0.10435933724086731 0.033055057235844738 0.070231932456920942,-0.026628195058246366 -1.5422995880357184 -0.015152861485099608 -1.5857975477343094 0.0012603624497842106 -0.020185945501777068,-0.49452781837522569 -0.21652265367045881 0.15835416752612122 0.33930520945083925 0.32983924480884108 0.3033387619352278,3.7301419288637496 -33.402683576351926 -13.620068745459399 -0.96194860102795099 0.18853785604371373 -0.0011168009101488042,0.060890685368306663 -3.5379641326562705 -0.5761184125562977 -0.087896985823135765 -0.059851731833481914 -0.049193680435891451
ur,tetrapga,7.027168599,0.277954298,0.226752746,0.011280311,34.168995,41.646225,4.271124375,1,0,0,0.923583695,0.005681028,1.2,0,0,0,0 0 0.050000000000000003,0 0 0.050000000000000003,0 0 0.050000000000000003,wrist_3_link,-1,0,0 0 0,0 0 0,,-0.018618506033273145 -1.5385208876794207 -0.017726291313172812 -1.5913629029834329 -0.0041503349696402356 -0.025163104817084957,-0.02881898773677103 -0.0082759526144445053 0.0099202220793966692 0.019306651593164002 0.019252861226672417 0.01736628750240321,-0.1972064470211343 -1.673200045684246 -0.011289860492464023 -1.5000900555637313 0.10107512665641111 0.063052004911412857,0.062417107257321774 0.11520487035344114 0.14559379514195028 0.10149769954021719 0.028982086013842136 0.068237934073708262,-0.026297148423695405 -1.5420106695566813 -0.015050621934085569 -1.5857899789627985 0.0011724229422806261 -0.02019583556652197,-0.45922475698686671 -0.20005397072484427 0.1736193148088995 0.34878081515124071 0.32717616810496131 0.30983621399148564,-3.0536765717220904 -32.212689249285802 -9.5191765925565477 0.053040384143969832 -0.016405816604944778 0.013633122377276747,0.093622555271352326 -3.7225025184670812 -0.68148963228146897 -0.10873658861328295 -0.061421671430329283 -0.053586965869385494
ur,tetrapga,7.06891503,0.274922674,0.226852403,0.011342911,34.116346,41.732976,4.26454325,1,0,0,0.894978178,0.005387602,1.2,0,0,0,0 0 0.050000000000000003,0 0 0.050000000000000003,0 0 0.050000000000000003,wrist_3_link,-1,0,0 0 0,0 0 0,,-0.019894411048576886 -1.5389013888950702 -0.017257732299692838 -1.5904606255245954 -0.0032717122035160087 -0.024356788878983685,-0.027987428591418607 -0.0083347979743186272 0.010428375624889583 0.019813044550468204 0.019229017345481891 0.017709141618702885,-0.19449896590081633 -1.6683427066949033 -0.0052247085126567077 -1.4959243935475419 0.10218580514082319 0.065851252559242665,0.067277861247093396 0.11747635811862682 0.14494411282402173 0.098047241459901083 0.024219974996419247 0.06585587299949551,-0.026611132388090711 -1.5419902517849788 -0.014660108986768994 -1.585272345096767 0.001539402978219577 -0.019759013749902153,-0.43941910176335863 -0.19177782636140861 0.18675852469021975 0.35661966026447894 0.32363096859038748 0.31466232431775065,-3.3706425084335305 -28.934452205127155 -7.8380783896691018 0.19033666755559753 -0.043944732642007739 0.014040258046377124,0.096617685255637298 -3.7431606213158375 -0.71567933666074879 -0.1166993024171461 -0.060270693605896764 -0.054648797456394504
ur,tetrapga,7.110746753,0.270503606,0.232913264,0.013418149,34.076083,41.691952,4.259510375,1,0,0,0.864011156,0.005344167,1.2,0,0,0,0 0 0.050000000000000003,0 0 0.050000000000000003,0 0 0.050000000000000003,wrist_3_link,-1,0,0 0 0,0 0 0,,-0.02204156753229234 -1.5396282599758802 -0.016476015318569175 -1.5889552340524402 -0.0018168618543426688 -0.023017573289108795,-0.046431775142972143 -0.016992498497013262 0.016259082607729385 0.032214039205316611 0.031210799131359979 0.028751200943712203,-0.19158443495418423 -1.6633835580244498 0.00082146964385813512 -1.4918977918984966 0.10309830309971732 0.068554810294478991,0.07205094085180036 0.11959749650840613 0.14409424682106467 0.094442933670113735 0.019399583943376316 0.063389889136551525,-0.027689533073760333 -1.5423045701152223 -0.013998336965679559 -1.5842178686919381 0.0024109291188346687 -0.018846277285140461,-0.42039789933062011 -0.18691428258585677 0.19621565258628737 0.36199011878232934 0.31870732835489129 0.3177520369013348,-3.1195694648040062 -25.175230386254437 -6.0794547808143635 0.28904521528684479 -0.060013589586459776 0.01384622075869101,0.26466223282240264 -4.4279892207259763 -1.0833907966031973 -0.22881222213800356 -0.089238078813564048 -0.088752327776703055
ur,tetrapga,7.152530855,0.266996035,0.229622805,0.009978759,28.656691,36.022365,3.582086375,1,0,0,0.852280977,0.007432964,1.2,0,0,0,0 0 0.050000000000000003,0 0 0.050000000000000003,0 0 0.050000000000000003,wrist_3_link,-1,0,0 0 0,0 0 0,,-0.023501820906136252 -1.5401911637645367 -0.015934178871746276 -1.5878639983120539 -0.00078587304800764612 -0.02204565378764008,-0.028061361660860221 -0.010873194190314373 0.010515849882222605 0.021081292398391332 0.019889300934515814 0.018782170443898759,-0.18847601863888025 -1.6583447507445765 0.0068211425979419734 -1.4880292719017809 0.10380756836513845 0.071150705116210688,0.076716263200360443 0.12155915644084909 0.14304789552257269 0.090700944540934483 0.014543127378825143 0.060850372277650056,-0.026493268431468545 -1.5415085664711494 -0.014225434988501826 -1.5848927304815885 0.0016953332455817546 -0.01945358355148041,-0.37393094066653659 -0.16467533832659134 0.21359298540555621 0.37140847880818872 0.31015078669867513 0.32400877951995882,-9.1702265636501785 -22.395113408730293 -0.28074619266603751 1.4600914226082851 -0.28947480057081015 0.029955191210278648,0.050030240608023746 -3.2929903345275306 -0.58765357761990344 -0.12195307143429091 -0.062487503207872219 -0.057951145946461224
ur,tetrapga,7.188652803,0.264465259,0.227282831,0.009022791,28.56761,35.979437,3.57095125,1,0,0,0.824620218,0.004417041,1.2,0,0,0,0 0 0.050000000000000003,0 0 0.050000000000000003,0 0 0.050000000000000003,wrist_3_link,-1,0,0 0 0,0 0 0,,-0.024387022670400067 -1.5405285295596376 -0.015542097315444829 -1.587115933963261 -0.00011331166658659628 -0.021385338414317234,-0.022220202517616465 -0.0079379168859791543 0.010190253818818681 0.018714903775272542 0.016794777822948904 0.016512882100587687,-0.1856333440903285 -1.6539251220617488 0.011969561344971293 -1.4848130923453282 0.10425663186704559 0.073308178525408857,0.080663371712923954 0.12312693835056746 0.14198544667167987 0.087355748220882351 0.010316702036267916 0.058595602175697342,-0.027259498660189011 -1.5418198978524511 -0.01378615639694071 -1.5841196618251765 0.0023297029996918492 -0.018777521240150769,-0.3590594987236182 -0.16142103660168128 0.21949261481301499 0.37453401726057411 0.30537683328480569 0.32597714677080808,-9.104065082697236 -19.527287723830895 1.3849613173184325 1.5942446774134051 -0.31267823335909911 0.03064685885353698,-0.01197671879052109 -2.9775208830833435 -0.46784667735388297 -0.099054917375724472 -0.05473803344475936 -0.050940346252929203
ur,tetrapga,7.224723086,0.261833675,0.226304786,0.009370754,28.604941,36.105297,3.575617625,1,0,0,0.799467124,0.002247362,1.2,0,0,0,0 0 0.050000000000000003,0 0 0.050000000000000003,0 0 0.050000000000000003,wrist_3_link,-1,0,0 0 0,0 0 0,,-0.025307285521622577 -1.5408444051768118 -0.015081836392961239 -1.5863007769792059 0.00059968476003411384 -0.020671247193152647,-0.023852814163883101 -0.0076579680519541816 0.012445527037580423 0.021175638470846359 0.018394744447757853 0.018529874159333104,-0.18265394723714101 -1.6494574620198115 0.017069702196546369 -1.481723876135205 0.10455231786582779 0.075380331441689291,0.084522141930687938 0.12457273705005191 0.14077958184866124 0.083916851728602651 0.0060751433008565271 0.056291012017081747,-0.030260107983658528 -1.543214026376756 -0.011961936092994273 -1.5811177532571576 0.0047529989488250511 -0.016179676042582504,-0.3750761654336896 -0.17426606553810592 0.22802753799330472 0.37523857100234853 0.30291199364165033 0.3247306496960331,0.96811327995537755 -13.899102816262323 -4.8741872769542303 -0.28927625443823296 0.05089327053623429 -0.00020651155105711827,0.010628971323740188 -3.0923488354601432 -0.55025522859114773 -0.12286395933097083 -0.057797695157555395 -0.057172062105792065
ur,tetrapga,7.260927939,0.260034734,0.222934868,0.007923948,34.233176,41.679993,4.279147,1,0,0,0.773483897,0.003878462,1.2,0,0,0,0 0 0.050000000000000003,0 0 0.050000000000000003,0 0 0.050000000000000003,wrist_3_link,-1,0,0 0 0,0 0 0,,-0.025698828666386887 -1.5409241470721999 -0.014808716692597802 -1.5858631869196338 0.00095188245680430459 -0.020289538268703621,-0.0077179907401779312 0.0001311750115832018 0.0068261842683539874 0.0098013636312444044 0.0075741523271407761 0.0084877659279598856,-0.17952501418621658 -1.6449228836158949 0.022142516296782825 -1.4787496083649037 0.10469494011239561 0.077375686359193382,0.088309319644774759 0.12590251625249238 0.13942482337030782 0.080369666029686815 0.0018010833143635638 0.053926382136019593,-0.030791284623906855 -1.5434033738716031 -0.011559240980961342 -1.5804754575430957 0.0052381789979205583 -0.01562183767581286,-0.35147703736051872 -0.16678589339067001 0.22826067647933695 0.37687656816250859 0.29821728688823507 0.32659618497877541,-3.8232774965305802 -13.305598070880549 -0.024140044433970331 0.77353492774799437 -0.14746606752467031 0.015956667718812333,-0.11154155251651332 -2.6149026796529142 -0.31593798961635144 -0.032641118204082886 -0.028895387975270914 -0.026162524393171793
ur,tetrapga,7.302712755,0.257884527,0.222588102,0.01114467,34.21866,41.860217,4.2773325,1,0,0,0.75618254,0.00121705,1.2,0,0,0,0 0 0.050000000000000003,0 0 0.050000000000000003,0 0 0.050000000000000003,wrist_3_link,-1,0,0 0 0,0 0 0,,-0.026183010049925733 -1.5409585647934287 -0.014425913483127563 -1.5853068182619419 0.0013895366050130169 -0.019808455585070623,-0.010868612290612171 -0.00037063685634881004 0.0087127236165204722 0.012113942946522748 0.0095322671693589597 0.010467686951072466,-0.17574560202298917 -1.6396326206922947 0.02793263192633522 -1.47547887588347 0.10466687649896685 0.079570912113018186,0.092569400161537793 0.12728475198621855 0.13768325455071989 0.076161619679569859 -0.0031464116394210339 0.051135741254136516,-0.031170592801495541 -1.5434849804374917 -0.011113210135408405 -1.5798529910455057 0.0056546680931548092 -0.015086844971187502,-0.33543068307240576 -0.16300138812198778 0.23492088707950592 0.37976835712665274 0.2926012864610027 0.3285377074067799,-3.9143580392343305 -10.406648476872618 1.5591840371850054 0.89494145198325592 -0.17103533792181319 0.016246939604256157,0.043092352772163167 -3.6777412244218795 -0.79714184898556795 -0.085297686826379504 -0.026915941286976164 -0.032310631797081157
ur,tetrapga,7.344644478,0.254077084,0.22690805,0.012538519,28.658691,36.224488,3.582336375,1,0,0,0.754478468,0.013514871,1.2,0,0,0,0 0 0.050000000000000003,0 0 0.050000000000000003,0 0 0.050000000000000003,wrist_3_link,-1,0,0 0 0,0 0 0,,-0.027511240357143481 -1.5413877827741478 -0.013531975892027799 -1.5839228273155457 0.0024943798620674063 -0.018616168037730273,-0.027845045853878279 -0.0090706721521174247 0.018847122033274172 0.0286634024406466 0.022885859114360377 0.024739223617344628,-0.17177652539099811 -1.6342691594285574 0.033665972149710198 -1.4723758855878271 0.10443067977936582 0.081655294659504551,0.096721047945532448 0.12850629052782561 0.13574606698199757 0.071821293693511784 -0.0081202581996748738 0.048271852843057794,-0.029874154882856559 -1.5425892346806189 -0.011604858807161186 -1.5808582558724626 0.0047374201001236498 -0.015965084703975934,-0.29536431571413452 -0.15018148830887892 0.24088963560832666 0.383071430385381 0.28038002975703041 0.33138541671929245,-7.8129278087652736 -6.7848843007169348 8.2255201684844224 2.0398807993569812 -0.38525321876868551 0.031534263738403297,0.1621848985222698 -4.137711279121504 -1.103100861456106 -0.21806377189386694 -0.061314123703551715 -0.07638058035243489
ur,tetrapga,7.380940221,0.251144561,0.22714411,0.011932432,28.655598,36.302667,3.58194975,1,0,0,0.725203824,0.017852951,1.2,0,0,0,0 0 0.050000000000000003,0 0 0.050000000000000003,0 0 0.050000000000000003,wrist_3_link,-1,0,0 0 0,0 0 0,,-0.028446294777009325 -1.5417099805571375 -0.01289358424157757 -1.5829313741344739 0.0032788713494920443 -0.017759521097785041,-0.023720981146983015 -0.0081805737802873937 0.016271035920205668 0.025098891153719105 0.019850810683934857 0.021705213060160131,-0.16820232238206817 -1.6295878065535752 0.038560222214299396 -1.4698386534306136 0.10405778329463691 0.083361615665005745,0.10021165839624425 0.12942882418476329 0.13391797746779344 0.067973873445171723 -0.012427235945710755 0.04574397043050607,-0.03067734131692814 -1.5428945565231214 -0.010941574173461312 -1.5798669478626779 0.0054620138564873862 -0.01510950815089341,-0.27888081748985194 -0.14807199574798008 0.2440012585145323 0.38305328397451593 0.27289281337441773 0.33125161836145406,-7.6552723371408149 -3.6619124068334399 9.9963779217223312 2.1729949044261407 -0.40814897739995526 0.032101684565408205,0.12316855196340271 -3.9377024773484663 -1.0250865549159442 -0.19199894355824654 -0.052761854028220867 -0.067009127346629782
ur,tetrapga,7.417339832,0.248398228,0.226210296,0.010856158,34.237486,41.919644,4.27968575,1,0,0,0.701558801,0.001355989,1.2,0,0,0,0 0 0.050000000000000003,0 0 0.050000000000000003,0 0 0.050000000000000003,wrist_3_link,-1,0,0 0 0,0 0 0,,-0.029243626256245662 -1.5419979462637952 -0.012314347651407445 -1.5820311217067822 0.0039735669828718824 -0.01698133884302467,-0.019407434388927867 -0.006872524930832468 0.014554570760011818 0.022247133406291125 0.017035080078296492 0.019235913798822564,-0.16449244045572528 -1.6248617243360075 0.043399307065046133 -1.4674358751022683 0.10352687111070837 0.084979878086684627,0.10361348594129779 0.13022766346522577 0.13194559688304547 0.064035278683336264 -0.01674310713568378 0.043165422104335223,-0.032161875750125787 -1.5436446534718493 -0.0095929050877659513 -1.577881070104153 0.0068602225250603381 -0.01340163596291933,-0.27517399544236076 -0.14980025979886621 0.25438197808355351 0.38349558507214265 0.26780401317258806 0.33047344175496401,-4.0797326331250456 0.039665015966183437 6.6871074964625858 1.246409368314561 -0.23649918689370597 0.016525627898587792,0.060823933309080758 -3.5825321307402191 -0.88388056615331578 -0.16527229478106165 -0.045961845267390444 -0.059376152152484707
ur,tetrapga,7.459359484,0.24645086,0.221133813,0.009453644,34.074635,41.366993,4.259329375,1,0,0,0.686939479,0.000103612,1.2,0,0,0,0 0 0.050000000000000003,0 0 0.050000000000000003,0 0 0.050000000000000003,wrist_3_link,-1,0,0 0 0,0 0 0,,-0.029505487391394095 -1.542027399277774 -0.012009472136784929 -1.5815971442404979 0.0042674389814846931 -0.016605105897210471,-0.0035785258809791203 0.0014307909036215794 0.0059118009442074562 0.007542264872175645 0.0047607971339200224 0.0064984372661741358,-0.16005830490943793 -1.6193729544647921 0.048892828519979212 -1.4648423021357624 0.10271882482763608 0.086730243530930076,0.10741421834138172 0.13099180989566606 0.12949808715806338 0.059394026448147709 -0.021714866505876253 0.040137409169120862,-0.032926150540773622 -1.5440050652286632 -0.0087334758952378085 -1.5766709166269837 0.007655437701016855 -0.012359314116554941,-0.2615586212517097 -0.14612985673144724 0.25846408962970385 0.38352381816772863 0.26145086846804233 0.33050710168874498,-4.1785583619721764 2.2095852125485829 7.8249925560981373 1.3446996013826342 -0.25294457175354845 0.017271248093199344,-0.055612600651386401 -3.1197026636946248 -0.63065432410817834 -0.052882070001032844 -0.012845670418224486 -0.020042459867401163
ur,tetrapga,7.500821433,0.24424682,0.221673297,0.01122883,34.15046,41.746058,4.2688075,1,0,0,0.675838868,0.004199536,1.2,0,0,0,0 0 0.050000000000000003,0 0 0.050000000000000003,0 0 0.050000000000000003,wrist_3_link,-1,0,0 0 0,0 0 0,,-0.029888780072676587 -1.5420605756708448 -0.011584814104329069 -1.5810145600864063 0.0046662416018642336 -0.016104434451674653,-0.0079740026759060421 -3.7654605343919674e-05 0.0090914140728655356 0.011769426835448158 0.0080435897965037816 0.010102098584291629,-0.15552930545295804 -1.6139290287917507 0.054208952391484287 -1.4624762770905635 0.1017170784556642 0.088331592744848378,0.11102827182626908 0.13157920133407339 0.12690688044068107 0.054720978530610961 -0.026602837126752783 0.037098718518079644,-0.033375788048649081 -1.544170920183066 -0.0080535580783254405 -1.5757746284105529 0.0081919458362960454 -0.011587468552829341,-0.24604034274049696 -0.14226246666398501 0.26319836518224971 0.3835137432677504 0.25388827310693773 0.3305507164106819,-4.0734714551796278 4.8191161633067772 9.0847634611450339 1.4221993656050325 -0.26650994040733123 0.017269339218188774,0.036113899234408109 -3.7055138897048892 -0.91805787330188338 -0.10311516982983449 -0.017871201258712333 -0.031186694626345712
ur,tetrapga,7.542641262,0.241170318,0.224828273,0.011926103,34.277659,41.790557,4.284707375,1,0,0,0.664149434,0.012970921,1.2,0,0,0,0 0 0.050000000000000003,0 0 0.050000000000000003,0 0 0.050000000000000003,wrist_3_link,-1,0,0 0 0,0 0 0,,-0.0306294924037178 -1.5423005067200981 -0.010850183595008826 -1.5799774424627195 0.0053869433994829814 -0.015215598700045687,-0.01552344618543367 -0.0046588303344918857 0.015717276144522008 0.021474788377860238 0.014903262953381378 0.018418311991727367,-0.15081234302003499 -1.6084169469675109 0.059458493200147122 -1.4602879484849465 0.1005018866895533 0.089818127743243936,0.11453286469391953 0.1320035526037556 0.12411941146248395 0.049919959192375733 -0.031507956654415983 0.033985889442661787,-0.033831723973120398 -1.5443420594659387 -0.0073100538620371868 -1.5748157763963313 0.0087490948002288387 -0.010762728419407931,-0.22863546836711909 -0.1382932517945866 0.26772712182874336 0.38253238003810952 0.24495627279241569 0.3298506508786978,-3.9337520223088509 7.7321644520058861 10.359739659699182 1.486575576810137 -0.277754608322476 0.016949895334767512,0.088410674710360126 -3.9356138260536682 -1.0945029221035867 -0.18101149617450574 -0.035113182400976939 -0.056867953816755801
ur,tetrapga,7.584516061,0.238006699,0.226036459,0.011797681,28.595055,36.014133,3.574381875,1,0,0,0.667947179,0.018631301,1.2,0,0,0,0 0 0.050000000000000003,0 0 0.050000000000000003,0 0 0.050000000000000003,wrist_3_link,-1,0,0 0 0,0 0 0,,-0.031371505603876013 -1.5425777182782499 -0.010079003799113898 -1.5788965462326208 0.0061230262571049885 -0.014287851442836811,-0.015731433566904329 -0.0055876968718480396 0.016650576600195633 0.022802918259628116 0.015498593478840297 0.019581653888982881,-0.14594535225380031 -1.6028833839478522 0.064594533189564526 -1.4582996499385208 0.09908021354575218 0.091175231131439938,0.11789708181708534 0.13225902155460245 0.12115689928239196 0.045030932847491219 -0.036387188593062877 0.030824098549834551,-0.032892206572447874 -1.5436315660387983 -0.0079808853148433147 -1.5758663189641229 0.0079409727013325399 -0.011659307038250064,-0.19008762107148244 -0.13173097006854181 0.26226481053382295 0.37877840856222922 0.22724330552844396 0.32856805057334343,-6.2490226528079482 12.098079345415803 18.506302328151484 2.7374281959637301 -0.50412979923551238 0.033337558710137973,0.0819620578634499 -3.8932348053613168 -1.1129145415375525 -0.19366460649325745 -0.035942331760258739 -0.060458689221583484
ur,tetrapga,7.62062644,0.235286237,0.225785978,0.01127083,28.706247,36.139494,3.588280875,1,0,0,0.644806766,0.01690535,1.2,0,0,0,0 0 0.050000000000000003,0 0 0.050000000000000003,0 0 0.050000000000000003,wrist_3_link,-1,0,0 0 0,0 0 0,,-0.031966459857865115 -1.5428148553682619 -0.009402913828075888 -1.5779586166782431 0.0067404060217606176 -0.013481732062014957,-0.014214356479120668 -0.0052420705698900559 0.016555983376009407 0.02237551796526395 0.014678585021138937 0.019233626036856178,-0.14163747794820425 -1.5981055628285017 0.068921367151928148 -1.456750618737618 0.097690762480318272 0.092238558370597371,0.12067915464769562 0.13234310508569924 0.11846742526295123 0.040754349975882218 -0.04056331174024614 0.028064105521737687,-0.033354810465878612 -1.5438417844637977 -0.0072897472565717127 -1.5749520891072715 0.0084801090255910323 -0.010869495441510089,-0.17354382600168741 -0.12836613694197085 0.26414582143802184 0.37581594637144944 0.21746287547880197 0.32652957756310869,-5.9704248879381687 14.787423565692247 19.899328644289362 2.8212433667554389 -0.51844987484656391 0.033370105953763052,0.051910269062148018 -3.7193737618499654 -1.0626941176105653 -0.18947965873030626 -0.033692898396616044 -0.059379082542911021
ur,tetrapga,7.656861113,0.232698636,0.225900026,0.010736854,34.071774,41.400469,4.25897175,1,0,0,0.628074731,0.000147486,1.2,0,0,0,0 0 0.050000000000000003,0 0 0.050000000000000003,0 0 0.050000000000000003,wrist_3_link,-1,0,0 0 0,0 0 0,,-0.032478319884989969 -1.5430249119850532 -0.0087667551863679968 -1.5770891888840033 0.0072939982375588887 -0.01273431203094327,-0.013595521284264099 -0.005220693947770581 0.017513142284223456 0.023283195821423006 0.0147153176242194 0.02001867910313062,-0.13721583277359367 -1.5933105381482138 0.073163245380171993 -1.4553524338827657 0.096145550991669895 0.093204838205842383,0.12335784916746617 0.1323007352442126 0.11564596274444935 0.036411226882576038 -0.044719727375102103 0.025265814877236673,-0.034242448045971721 -1.5444389373225746 -0.0057974758240040402 -1.5730207846980155 0.0095769902256569242 -0.0092041141898665697,-0.16573535881717899 -0.12569863726864838 0.2788469246832268 0.3749817872027601 0.21124207426024544 0.32472369329501372,-4.1101994896654572 17.58203874876401 15.264846752614984 1.8256369159047727 -0.34168599386583376 0.017253774933318321,0.023578354037084637 -3.5431617897838805 -1.0174152915825054 -0.19393782410497806 -0.034001640694388158 -0.061797345537250692
ur,tetrapga,7.698334031,0.230702348,0.219523576,0.010918662,34.147558,41.76587,4.26844475,1,0,0,0.619793038,0.000071189,1.2,0,0,0,0 0 0.050000000000000003,0 0 0.050000000000000003,0 0 0.050000000000000003,wrist_3_link,-1,0,0 0 0,0 0 0,,-0.032669426175446319 -1.5430219479549554 -0.0083824507559405442 -1.5766173805541321 0.0075544950907664322 -0.012324788462734299,-0.0022344784844306391 0.0019949635472847936 0.0068359859789155087 0.0077772932119659086 0.0038710724296849687 0.0067570328741665842,-0.13203865175378768 -1.5878272993485687 0.077889936478234167 -1.4539464346922961 0.094193047469322014 0.094185710518113128,0.12628240835415255 0.13209664125854798 0.11226922746297906 0.03138219918270882 -0.049429259494601904 0.022030484854711846,-0.034671470628824821 -1.5446890325364855 -0.0048332179502035217 -1.5718399409156565 0.010188785600933316 -0.0081803991958115611,-0.15194168976447575 -0.11982373721506834 0.2820931674710962 0.37239271380218031 0.20288036784020475 0.32300651631110922,-4.1429576518625115 19.182148035498805 16.054114422952985 1.8918236475017971 -0.35262900726981899 0.017830206099970405,-0.0020250607067850979 -3.6031583710200721 -0.97123440538245731 -0.093051235451639513 -0.0017539247094937593 -0.020857570966583694
ur,tetrapga,7.740204875,0.228545596,0.2210609,0.011752841,34.236704,41.638912,4.279588,1,0,0,0.614592177,0.004154202,1.2,0,0,0,0 0 0.050000000000000003,0 0 0.050000000000000003,0 0 0.050000000000000003,wrist_3_link,-1,0,0 0 0,0 0 0,,-0.032894774861831899 -1.5430243454321351 -0.0079286908476636619 -1.5760530459930371 0.0078626398366520422 -0.011836890903949439,-0.0046942477129073568 0.00050486464998560619 0.0096363903834026515 0.011376801566680909 0.0062020656992813963 0.0098225968208867365,-0.12669199718616306 -1.5823035456000292 0.08251665495081803 -1.4527397243906175 0.092024864875513729 0.09503920104425842,0.12907922392976312 0.13172252018236627 0.10870464538253057 0.026248586292229467 -0.054125671213197515 0.018732243872599013,-0.034869641074131916 -1.5447745005183702 -0.004099395184557735 -1.5709924187415669 0.010568851150717016 -0.0074405529853492228,-0.13581479110044503 -0.11472644175748109 0.28519490179698204 0.36925933909747677 0.19289230399054225 0.32101150806640966,-4.0116445259741482 21.367736635164892 17.06784802472885 1.9469128334194807 -0.36243953916047456 0.017688901961314382,0.038795756381830415 -3.8784373922853774 -1.1253850570244737 -0.12905128433249047 -0.0060382064098725152 -0.030331029597000736
ur,tetrapga,7.781947187,0.225629735,0.225154372,0.011828052,28.664179,36.025065,3.583022375,1,0,0,0.622206124,0.011011848,1.2,0,0,0,0 0 0.050000000000000003,0 0 0.050000000000000003,0 0 0.050000000000000003,wrist_3_link,-1,0,0 0 0,0 0 0,,-0.033333440011378973 -1.5432181684655044 -0.0071427919026526513 -1.5750476680449175 0.0084248930774093889 -0.010971090409223892,-0.0092055786200305034 -0.00347440111967471 0.01697622986072966 0.020832260537365931 0.01161790951744277 0.017941244541121889,-0.12124849165854443 -1.5768158424769716 0.086977435306455131 -1.4517517356359151 0.089668937204735871 0.095752001910988011,0.13170894189763996 0.1311820706228996 0.10500005599010909 0.021081283402852202 -0.058742518197017639 0.015415770684567396,-0.034147448667059203 -1.5441216391831007 -0.0049696648551920963 -1.57216475857205 0.0098019371455833164 -0.0084375317564637353,-0.10175108196002865 -0.11293383969954107 0.27164088093256938 0.3603636841084415 0.17213050852174083 0.31669483159501954,-4.6417985624098375 25.87316806222227 25.652019929167334 3.1562664223396286 -0.5760343779661361 0.033297064456382586,0.048700236593361979 -3.9032573052936641 -1.2228959981485552 -0.19892741186140483 -0.020275316230829787 -0.05539796636383798
ur,tetrapga,7.818082941,0.223038733,0.226724931,0.011415485,28.591164,36.237415,3.5738955,1,0,0,0.609511293,0.006475259,1.2,0,0,0,0 0 0.050000000000000003,0 0 0.050000000000000003,0 0 0.050000000000000003,wrist_3_link,-1,0,0 0 0,0 0 0,,-0.033708576155122946 -1.5434073357884623 -0.0064158749095807842 -1.5741331740330249 0.0089227956989009361 -0.010181885660819505,-0.0096996828859512527 -0.0043676299343155525 0.019318726463013091 0.023548247012267182 0.012772054047732059 0.020322351674272772,-0.11644993724610596 -1.5720859867366408 0.090711938839757936 -1.4510713044289609 0.087474894048442692 0.096256877815399267,0.13385569474243122 0.13057978873295639 0.10167495729290485 0.016573518524128746 -0.062681520027198748 0.012524617515661255,-0.034390407066909809 -1.5442795206616775 -0.0042381399518829875 -1.5712940401022804 0.010207843748039746 -0.0076779146673789968,-0.085228863973357924 -0.10902310915188415 0.27221686971222447 0.35489174134307577 0.16063100614235126 0.31299637418006354,-4.2848580720478884 28.248746732645564 26.707467284264251 3.1951866522613814 -0.58256858587241034 0.032819737815714387,0.027387181508402136 -3.7671100829156785 -1.2086591980729562 -0.21736218427849963 -0.023445559412515138 -0.062744925568182452
ur,tetrapga,7.85441409,0.220470965,0.226374593,0.011089274,28.593382,35.933851,3.57417275,1,0,0,0.600959899,0.001835321,1.2,0,0,0,0 0 0.050000000000000003,0 0 0.050000000000000003,0 0 0.050000000000000003,wrist_3_link,-1,0,0 0 0,0 0 0,,-0.034044479803320551 -1.5435772020957563 -0.0056762565541039816 -1.5732245772091213 0.0093970277913256912 -0.0093956124251711442,-0.0082755791183547027 -0.0037449381930719297 0.01920834911578367 0.022929072358823781 0.011814988369690397 0.019850932041439465,-0.11154945729838235 -1.5673547665782843 0.094343552196500646 -1.4505519206550981 0.085126541426693569 0.096658856872682899,0.13589102941532324 0.12984916120219925 0.09822475318459141 0.012013931357367206 -0.066583212781300791 0.009601460896724489,-0.035026340423803037 -1.5450896821309847 -0.0017860137658144617 -1.5684400049867686 0.011474815536504802 -0.0051855983390827962,-0.079491669611653465 -0.10127018366340605 0.30651577325856572 0.35675438943896337 0.15837147355813197 0.31153954103702508,-3.9021520678865627 29.975730717621758 14.767063541926145 1.1577833220980165 -0.2301131113829184 0.0018038576106782721,0.0051617126640053357 -3.6594604969122884 -1.186791475125899 -0.21406394331643241 -0.020362841494645068 -0.061285788532579488
ur,tetrapga,7.890438889,0.218849973,0.219071464,0.011914402,28.617918,35.890525,3.57723975,1,0,0,0.605363635,0.006928907,1.2,0,0,0,0 0 0.050000000000000003,0 0 0.050000000000000003,0 0 0.050000000000000003,wrist_3_link,-1,0,0 0 0,0 0 0,,-0.034108952459956106 -1.5435294630725509 -0.0053325053089596621 -1.5728554430157908 0.0095483463712935108 -0.0090702855957179706,-0.00044747536819269521 0.0028867819033695998 0.0071389350189063209 0.0072444606313744964 0.0024914905598600813 0.0064247756801064206,-0.10661950748660586 -1.5626918766719096 0.09781890728843172 -1.4502009042083783 0.082659137678769076 0.096952326468322095,0.13778596488170941 0.12900158761700448 0.094700831914745209 0.0074701883071737257 -0.070389723281444688 0.0066890727105572579,-0.034532281054090522 -1.5443372114554219 -0.0031578757804590538 -1.5701046332356339 0.010649831094424626 -0.0066224692596802016,-0.052916074266802227 -0.10096854785888108 0.27182869106257607 0.34385122251961447 0.1376855903913895 0.30597704200472109,-3.7629980996874393 32.469913932410272 29.415459806015853 3.4007554708325705 -0.61881843087351662 0.033870834764021286,0.023769101888774458 -3.9317527482571677 -1.2154241766364891 -0.11801064629617031 0.0085132451860907565 -0.019841151688741121
ur,tetrapga,7.926421334,0.217154942,0.221515832,0.011807045,28.684406,36.211519,3.58555075,1,0,0,0.598451611,0.003028427,1.2,0,0,0,0 0 0.050000000000000003,0 0 0.050000000000000003,0 0 0.050000000000000003,wrist_3_link,-1,0,0 0 0,0 0 0,,-0.034179134978309163 -1.5434922482816937 -0.0049541273787537116 -1.5724282467456121 0.0097212929871937359 -0.0086948222176628943,-0.0021618230245515134 0.00086107249984752735 0.010746392368342175 0.01176876323642723 0.0048527463426240175 0.01032532158329549,-0.10162943429251269 -1.558067138793769 0.10116166202235453 -1.450014035280367 0.080058924663155839 0.097140504292836313,0.13955484486112896 0.12803347532534659 0.091082178119249263 0.0029138810333556265 -0.074125683665340378 0.0037686331959962049,-0.034891044537449421 -1.545070562545666 -0.00068249121753419803 -1.5673369382218318 0.011733325131475262 -0.0041863617738914062,-0.044845435419862661 -0.091668886280503209 0.3094230703656069 0.34596187672525563 0.13543675463132956 0.3045134357235994,-4.3213655509305147 33.972341356272786 16.609962112803185 1.2947302804034135 -0.2565981146609736 0.0020200449821443558,0.017553984326184491 -3.8963249956614163 -1.2414715914595522 -0.14969027972529148 0.0020253655953048622 -0.031882475031999036
ur,tetrapga,7.962735301,0.214389218,0.230113476,0.010709821,28.691061,36.128725,3.586382625,1,0,0,0.597805991,0.01299011,1.2,0,0,0,0 0 0.050000000000000003,0 0 0.050000000000000003,0 0 0.050000000000000003,wrist_3_link,-1,0,0 0 0,0 0 0,,-0.034402405636099705 -1.5437073356075746 -0.0040415931848710755 -1.5713427901194907 0.010192834976138125 -0.007746883256045339,-0.0061710878347703982 -0.0058426108903321923 0.026183032778137844 0.029783522606468438 0.012922786944200909 0.02600631055757421,-0.096531144621430198 -1.5534373241662791 0.10440144037741401 -1.4499919229043299 0.077299736930116075 0.097223699719918455,0.14121330359426823 0.12693424418617155 0.08733344967817229 -0.0016979084777963612 -0.077824959691386961 0.00081202061298373115,-0.034565581453689251 -1.5444533916598322 -0.0018566468298329554 -1.5686973414301808 0.011099439888716655 -0.0053699040323328881,-0.020396977198693423 -0.093257006532214373 0.27311829437976504 0.33068108616374309 0.1133256140723163 0.29712240296405634,-3.0099449245608003 36.900828209416247 30.5783161467036 3.340767173062456 -0.60817909458768138 0.031089058080294676,-0.038575129032267341 -3.5342408150254414 -1.2470949388506964 -0.26633091743042314 -0.021769142487006121 -0.080288368499495277
ur,tetrapga,7.998965435,0.212667954,0.220835887,0.012650296,29.029457,36.650345,3.628682125,1,0,0,0.591194971,0.004551905,1.2,0,0,0,0 0 0.050000000000000003,0 0 0.050000000000000003,0 0 0.050000000000000003,wrist_3_link,-1,0,0 0 0,0 0 0,,-0.034462347599202359 -1.5436772666670129 -0.0036051586790003735 -1.5708968284060032 0.010361274016532661 -0.0073522345091392898,-0.00081297350237990171 0.0027386685279487139 0.0084602237069587079 0.0083299096249445162 0.002827197279293381 0.0074098253103075731,-0.091386925234305416 -1.548860179127473 0.10749637718439015 -1.4501369290414134 0.074414400844595718 0.097199575972637869,0.14273992125146645 0.12571626954852891 0.08350008493072418 -0.006307899337041999 -0.081440415267829316 -0.0021446654708423803,-0.034647809692149138 -1.5451041524488998 0.00063046184357135613 -1.5660360498095296 0.011989095080986431 -0.0030046157449056072,-0.0102785298074855 -0.081345098633453169 0.31088858417553888 0.33266145258140312 0.11120689903372201 0.29566103592841009,-4.7482725850526935 37.651060380871151 18.137789950038957 1.4026724843625589 -0.27740679514631916 0.0021332577605952851,0.047382755208587923 -4.1745977991322434 -1.3844697450371477 -0.14292422257403814 0.011316599292868545 -0.02288899622562468
ur,tetrapga,8.035726891,0.210147155,0.229199989,0.011021683,29.661863,37.234016,3.707732875,1,0,0,0.593134841,0.010631599,1.2,0,0,0,0 0 0.050000000000000003,0 0 0.050000000000000003,0 0 0.050000000000000003,wrist_3_link,-1,0,0 0 0,0 0 0,,-0.034574351916405857 -1.5438264296773303 -0.0027611664932645232 -1.5699368850847026 0.010725313841839581 -0.0065058949926654532,-0.0030929241131369659 -0.0042302851233135073 0.024624085226169386 0.026727159989733452 0.010131926935557587 0.023551669495935845,-0.086113139950007037 -1.5442632591532259 0.11049306315020982 -1.4504548662208463 0.071354335776224839 0.097065517881084348,0.14415715356946243 0.12435780266186412 0.07951899993489854 -0.010989716575651476 -0.085027901726133975 -0.0051493046127627654,-0.034479779863068008 -1.5445037534942261 -0.00059273543341345014 -1.567412207835273 0.011428555871395541 -0.0042082781227526841,0.011821506667230893 -0.084665477111959833 0.27105388248138418 0.31558465617869302 0.087905253694495006 0.28720210873909613,-2.3345832056263447 40.734790857595023 32.440314835491108 3.4206361440189106 -0.62233309689758287 0.030535413951216846,-0.041405961899982913 -3.6371555249679659 -1.3202423000485792 -0.25613338581661083 -0.011370349079015796 -0.072712720549528598
ur,tetrapga,8.073079732,0.208442147,0.221460672,0.013129833,33.472349,41.081385,4.184043625,1,0,0,0.587545195,0.005334053,1.2,0,0,0,0 0 0.050000000000000003,0 0 0.050000000000000003,0 0 0.050000000000000003,wrist_3_link,-1,0,0 0 0,0 0 0,,-0.034586714535152656 -1.5437739370986221 -0.0023038182725451778 -1.569487420738791 0.010864899521802815 -0.0061051539783220773,7.556063141667089e-05 0.0028871252839375865 0.0087751044538534155 0.0083436402807182987 0.002265913039503189 0.0074655364453101239,-0.080703692955564649 -1.5396458686425207 0.11338636375971599 -1.4509542071603625 0.068111580256701637 0.096816120153400881,0.14546021410240062 0.12285230937477926 0.075383448765425368 -0.015746184641896147 -0.08858532021881893 -0.008204460697985267,-0.034286422292125598 -1.5450717458002396 0.0018931271556673437 -1.5648709164696242 0.012115550200768509 -0.0019222904802064021,0.0241696963678011 -0.070999038251683994 0.31073282363509924 0.31766142070610331 0.085874291171620959 0.28574845531828524,-5.1111093611896425 41.080263484844473 19.662316396721295 1.5134003430508201 -0.29866826156523241 0.0022935375272661483,0.057812299044030624 -4.3328448991451296 -1.4966430553428403 -0.1552535398350301 0.015598163138371035 -0.023065360821114211
ur,tetrapga,8.114287842,0.205843197,0.229610587,0.011289836,28.625856,36.043153,3.578232,1,0,0,0.590833326,0.014728214,1.2,0,0,0,0 0 0.050000000000000003,0 0 0.050000000000000003,0 0 0.050000000000000003,wrist_3_link,-1,0,0 0 0,0 0 0,,-0.034602386186341483 -1.5439129173000186 -0.001403684026909267 -1.568504070668757 0.011178767384757021 -0.0052301181994375218,-0.00036634453913608165 -0.0035041117729837437 0.024410427801625854 0.025412644585324284 0.0081147656766615544 0.022596930307931723,-0.074682673200660896 -1.5346200397015666 0.11639704718832414 -1.4517110887803797 0.064382106206858872 0.09640858833446414,0.14673648702208761 0.12104683671002617 0.070720293896948894 -0.02098666214760676 -0.092402212361672786 -0.011574367689077786,-0.034233919554097207 -1.5445160472383239 0.00073753047709462522 -1.5661239649110019 0.011655787176705328 -0.0030276275866080505,0.046058329030534757 -0.075391242288176591 0.26765181300048652 0.29751321971939182 0.059627473993538418 0.27531132660368396,-1.5924851373691005 44.565842958742792 34.160985541866715 3.4733857292680654 -0.63199410172377368 0.029586625415721324,-0.047897061444558631 -3.7256459884811193 -1.4013061808490033 -0.2576283847056402 -0.0031828469954859884 -0.069767805511604664
ur,tetrapga,8.150440509,0.20436463,0.222458974,0.013489513,28.708224,36.361307,3.588528,1,0,0,0.584924237,0.007269313,1.2,0,0,0,0 0 0.050000000000000003,0 0 0.050000000000000003,0 0 0.050000000000000003,wrist_3_link,-1,0,0 0 0,0 0 0,,-0.03456808141615076 -1.5438230317130386 -0.0010000100037517036 -1.5681382816169855 0.011260433341864296 -0.0048983574348035429,0.00073570150589948881 0.003133612857127337 0.0086315218887578881 0.0077223964625993367 0.0015805882964740883 0.0070069025659004617,-0.069359655640281112 -1.5302743898511759 0.11887855448630195 -1.4525527558773141 0.060982467157934692 0.095936746439624451,0.14771602422291827 0.1193395917818153 0.066546530185198155 -0.025572988248729465 -0.095653572497293476 -0.014527662358113652,-0.033748309842908296 -1.5449951501091508 0.0032094902254744427 -1.563726656421714 0.012117431960586855 -0.00083665954503100515,0.060701213898613521 -0.059887858853359371 0.30899496854747721 0.29966356116099263 0.057705597985190836 0.27387100519713065,-5.4673484218870474 44.456290317501931 21.150784691572831 1.6209099443294186 -0.3192632619814938 0.002446211639192594,0.063271155189227102 -4.4515391599989016 -1.5868942952994174 -0.16182662601204356 0.019883048224116351 -0.021651732557449677
ur,tetrapga,8.186914506,0.202120843,0.230193629,0.01117016,28.642014,36.804026,3.58025175,1,0,0,0.590324217,0.007067217,1.2,0,0,0,0 0 0.050000000000000003,0 0 0.050000000000000003,0 0 0.050000000000000003,wrist_3_link,-1,0,0 0 0,0 0 0,,-0.034493233782577577 -1.5439331996775087 -0.000157406763436992 -1.5672555886726198 0.011485670250386243 -0.0041025686416684744,0.002208414881918786 -0.003051834362622686 0.024653990442777739 0.024579501059381923 0.0062773437019360131 0.02213772985393549,-0.063955864216769034 -1.525954759859085 0.12122784708284731 -1.4535696595904253 0.057435229224094816 0.095352607141191162,0.14857084733719261 0.11750207491995197 0.062261531337099073 -0.030184481654912401 -0.098837821570325987 -0.017501658605218611,-0.033875672774653073 -1.5444662594798497 0.0019496296543113146 -1.5650221990116686 0.011747716108621943 -0.0019968804852507696,0.07719512599056276 -0.066632475292619398 0.26337955221853832 0.2791737076189037 0.03275573227946256 0.26321101955221315,-0.89895290883083501 47.749982633040347 35.50074571405608 3.4975579522331386 -0.63674498133144297 0.028509429363888884,-0.072453796548415994 -3.6861527027458578 -1.4266613369398016 -0.25744596919594187 0.0034775061908902671 -0.068347871082925948
ur,tetrapga,8.22383583,0.200651564,0.223338481,0.013509747,29.279848,36.859017,3.659981,1,0,0,0.585270427,0.006989991,1.2,0,0,0,0 0 0.050000000000000003,0 0 0.050000000000000003,0 0 0.050000000000000003,wrist_3_link,-1,0,0 0 0,0 0 0,,-0.034419387492299565 -1.5438628583198841 0.00029057603625258906 -1.5668577376689963 0.011552821309355664 -0.0037381942333861674,0.0017328969477883763 0.0034355402882325385 0.0091698673404627742 0.0078216204990726474 0.00091152798276985646 0.0072149168157654864,-0.058456562438996662 -1.5216525507488934 0.12344544365447924 -1.4547699736797768 0.053728062215907493 0.09465096897978445,0.14929912383172556 0.11552601449635802 0.057852326704895693 -0.034831721442394457 -0.10195919290721099 -0.02050396936902129,-0.033124853914975078 -1.5448626376088328 0.0043973970888402936 -1.562771208703325 0.011995307298332153 9.7425812204808993e-05,0.093852357459749805 -0.049547266122895117 0.30597092931612241 0.2813737885429618 0.030948898713776169 0.26178828718194735,-5.7562871646844496 47.224176943347125 22.363916412472822 1.708012834662501 -0.33588442303528565 0.0025695040785210024,0.050929365766393175 -4.4582166621758006 -1.6343122197649373 -0.16945583139840892 0.023388621418490629 -0.022292582526561411
ur,tetrapga,8.26081078,0.19853772,0.230279677,0.011206592,29.892449,37.64158,3.736556125,1,0,0,0.590727822,0.008361158,1.2,0,0,0,0 0 0.050000000000000003,0 0 0.050000000000000003,0 0 0.050000000000000003,wrist_3_link,-1,0,0 0 0,0 0 0,,-0.034241045415053281 -1.543943841834051 0.0011439954772008898 -1.5660093502001844 0.011700255259232004 -0.0029605545921365943,0.0051081897305327688 -0.0021377678380067994 0.024951379868809378 0.023561850380525006 0.0041107054109789029 0.021565234631827728,-0.052924885797223271 -1.5174193436424728 0.12550184402499046 -1.4561435240260645 0.049901970137409248 0.093837411603216958,0.14988984979353473 0.11343197796734612 0.053368793752281769 -0.039459814192923347 -0.10497865523187909 -0.023499895513739245,-0.033375724894505923 -1.5444009221738833 0.0032070417093195943 -1.5639388075038523 0.011738420465237714 -0.00096293620562978898,0.10816506506841939 -0.057135042479024664 0.25788077901483808 0.25881783704152111 0.0047706507507139168 0.2497022983133507,-0.18823930364334007 50.560581730872798 36.598591977435554 3.4983945286461551 -0.63752213678999392 0.027256798031317548,-0.091814196915180446 -3.6981755083643293 -1.4755550812630922 -0.25784474930605938 0.011485517838004 -0.066579668899368505
ur,tetrapga,8.298560484,0.197153649,0.224327612,0.0142108,28.662451,36.253316,3.582806375,1,0,0,0.586657744,0.006560677,1.2,0,0,0,0 0 0.050000000000000003,0 0 0.050000000000000003,0 0 0.050000000000000003,wrist_3_link,-1,0,0 0 0,0 0 0,,-0.034118718265120945 -1.5438282035995796 0.0016154318339719846 -1.5656240384276237 0.011727447640337632 -0.0026009639969174032,0.002264793834430341 0.0040884045751677124 0.0084129357978437198 0.0065171072164398134 5.8171217925756721e-05 0.0061337536248540474,-0.047257455963777534 -1.5131795093221017 0.12742906483085895 -1.4577218135399614 0.04588264830807192 0.092892776097775479,0.15034950993598517 0.11117727965024503 0.048725772966250143 -0.044153037847184426 -0.10794778025512554 -0.026544881049345225,-0.032361674897399259 -1.5447097573929909 0.0056187638358113443 -1.5618503715473186 0.011763137974189796 0.0010234817042417332,0.12675624963833301 -0.038604402388458928 0.30146526581146876 0.26105449456671326 0.0030896886190102972 0.24830223873394022,-6.0013171952513957 49.627789554425263 23.409757435065139 1.7823560397953435 -0.34997751261815291 0.0026757920974746822,0.071492006036038447 -4.6895639868625949 -1.7663384259584927 -0.1746598587524204 0.028754338826956882 -0.018959930907088474
ur,tetrapga,8.334924996,0.195288171,0.230397273,0.011494947,28.586154,36.046655,3.57326925,1,0,0,0.592281916,0.008506861,1.2,0,0,0,0 0 0.050000000000000003,0 0 0.050000000000000003,0 0 0.050000000000000003,wrist_3_link,-1,0,0 0 0,0 0 0,,-0.033859956479690395 -1.5438823796075716 0.0024235825051236795 -1.5648618155874572 0.011794468142980527 -0.0018889883058862242,0.0075449652642511494 -0.00121403743964336 0.024248150967427096 0.021631616401926596 0.0019055713526164343 0.020169311863900044,-0.041784105837795689 -1.5091777619935405 0.12911873906413471 -1.4594090904311894 0.041906873255491008 0.091874384668880815,0.15065503604414482 0.10889578312327651 0.044194919462283856 -0.048638794993961801 -0.11069599566560513 -0.029462545383312517,-0.032752867892960752 -1.5442640356688531 0.004431477807124308 -1.5629663261776201 0.011604356195913436 -7.6778326388202926e-06,0.13838607334120545 -0.047707007660179393 0.25098691275007856 0.2369361762296229 -0.023763993383386365 0.2351638091559255,0.55596089189781406 53.023540943773781 37.525478759446329 3.4852538781186371 -0.63589960033605153 0.025949300781502482,-0.097965929942802177 -3.7933326627107817 -1.5499449677684662 -0.25430082989805669 0.019966672348036951 -0.062271184295243615
ur,tetrapga,8.37107117,0.194073789,0.225595778,0.014551508,28.628425,36.021826,3.578553125,1,0,0,0.587627336,0.007151503,1.2,0,0,0,0 0 0.050000000000000003,0 0 0.050000000000000003,0 0 0.050000000000000003,wrist_3_link,-1,0,0 0 0,0 0 0,,-0.033696691445026079 -1.5437689065526048 0.0028942475149647479 -1.5644964623476223 0.011788400532209021 -0.0015417868903400205,0.0030397436843692728 0.0043981676834330243 0.0084461676561612704 0.0060954328300623379 -0.00066501999096982756 0.0058775569369563943,-0.036335027225945775 -1.5052841593948103 0.13063402707472052 -1.4612472019199942 0.03785795023164245 0.090757272670547839,0.15082513559332186 0.10652353494871947 0.039638984649082054 -0.053058706979723064 -0.11331564455908177 -0.032345145739946811,-0.031481665429319704 -1.544487119506309 0.006795016954687828 -1.5610526685493824 0.011401878562203984 0.0018626566668259955,0.15890030795513069 -0.027885479681998164 0.29544239344543999 0.23920720352969993 -0.025309704213681609 0.23379181243310199,-6.2038083379897389 51.706974169954279 24.31564875398108 1.8463361264358071 -0.36199511165707188 0.0027704219994563214,0.073340603027389761 -4.8019976364857939 -1.8530952423082496 -0.18168432703896542 0.03294306143756387 -0.018170580472324449
ur,tetrapga,8.40719192,0.192455334,0.230742482,0.011436062,28.743154,36.436101,3.59289425,1,0,0,0.594388693,0.006961822,1.2,0,0,0,0 0 0.050000000000000003,0 0 0.050000000000000003,0 0 0.050000000000000003,wrist_3_link,-1,0,0 0 0,0 0 0,,-0.033365082339808623 -1.5437887257855447 0.0036559234786535159 -1.563819913435833 0.011777290611350032 -0.00089477857982853744,0.010279913599362651 -0.00065283601987819084 0.024229822001913526 0.020414033656228067 -0.00028215478672431428 0.019477291210871595,-0.030886042908941751 -1.5014808000811646 0.13198286717379637 -1.4632428469252683 0.033719346418529569 0.08953721211500483,0.15086207157285655 0.10405104825492455 0.035038467306799388 -0.057432249115695187 -0.11581882789119548 -0.035205914543839117,-0.032028461049610331 -1.5440964159287225 0.0056016251201679509 -1.5621061628463841 0.011361718307457103 0.00086527827146208895,0.16707766127478643 -0.038461267897231838 0.24321270518930446 0.21421882368109774 -0.051946537986616102 0.22000710641132834,1.2639180853875303 55.071466028397637 38.163614347716454 3.4469597618975962 -0.6300112387057144 0.024460984802305977,-0.12219325841462592 -3.7739003312699424 -1.5795051821667982 -0.25153189206503157 0.027623150595875501 -0.060131940248346449
ur,tetrapga,8.44373059,0.191393017,0.226945902,0.014692705,28.689909,36.166557,3.586238625,1,0,0,0.590369389,0.006521423,1.2,0,0,0,0 0 0.050000000000000003,0 0 0.050000000000000003,0 0 0.050000000000000003,wrist_3_link,-1,0,0 0 0,0 0 0,,-0.033153275646245595 -1.5436600502069397 0.0041282436880633148 -1.5634783024921088 0.011729461721083963 -0.00056122209510643998,0.0038506579878931544 0.0047900170936891881 0.0085156213669575296 0.0056513621776647267 -0.0014350579037123166 0.0056206003809967488,-0.025375117150731052 -1.497726151989109 0.13317742652570252 -1.4654214397153247 0.029443033156711214 0.088198304345555631,0.15076423202618722 0.10144855451970552 0.030340530690391204 -0.061807842624497143 -0.11823144331930566 -0.03807728200262845,-0.030514028149898672 -1.5442363115825686 0.0079070768825078817 -1.5603741426025104 0.010934912858331305 0.0026146090902406938,0.18930411246395751 -0.017486956730753591 0.2881814702924913 0.2165025304842155 -0.053350681140724728 0.21866635234732562,-6.3637339769817505 53.383497684539023 25.03365800443493 1.8962506204238325 -0.37128359523481624 0.0028431447360675842,0.06536553181925342 -4.8485926743142045 -1.9093300328158893 -0.18596103553863941 0.036722649539356667 -0.017376206476383427
ur,tetrapga,8.479993961,0.18997429,0.230827049,0.011585279,28.76552,36.453095,3.59569,1,0,0,0.596653855,0.008373837,1.2,0,0,0,0 0 0.050000000000000003,0 0 0.050000000000000003,0 0 0.050000000000000003,wrist_3_link,-1,0,0 0 0,0 0 0,,-0.032737636368788528 -1.5436497599264565 0.0048793622303289963 -1.5628569294905377 0.011641535830286267 5.0441820152938443e-05,0.012836224529563477 0.00030345289244072945 0.023920279835607867 0.018751284209895761 -0.0025782883932766593 0.01840054262319207,-0.019911688666968751 -1.494095610698712 0.13419253254645874 -1.467740748407921 0.025113983070955692 0.086766193366150587,0.15053289799093364 0.098767156447638574 0.025638479530434393 -0.066097701612463741 -0.12050420134013008 -0.0409023082337397,-0.031178315131600323 -1.5438802823806612 0.0067538966836602505 -1.5613365288055034 0.01099714215963235 0.0016809292170804153,0.1949151546485256 -0.028815306775581626 0.23431680666640675 0.1900500856292775 -0.080549208831739591 0.20381092461593461,1.9958275149983429 56.687152814975192 38.563757931088503 3.388455513232624 -0.62057822926737449 0.022867031482744771,-0.13678331653477471 -3.8231420425609031 -1.6343566981530273 -0.24769568808096665 0.03595023107018136 -0.056806783757228363
ur,tetrapga,8.516552462,0.189101208,0.228540205,0.015204384,28.57279,36.221499,3.57159875,1,0,0,0.593000392,0.006120417,1.2,0,0,0,0 0 0.050000000000000003,0 0 0.050000000000000003,0 0 0.050000000000000003,wrist_3_link,-1,0,0 0 0,0 0 0,,-0.032486856738159216 -1.5434987929436015 0.005344943371754925 -1.5625495485014345 0.011553590751977014 0.0003599541662652313,0.0044104609058550001 0.0052246660700075442 0.0083484032885313836 0.0049837957828786387 -0.0021236503256796147 0.0051310057057493306,-0.014414750485688235 -1.4905357231123113 0.1350426429745428 -1.4702353634071346 0.020668552749196999 0.08521921798029658,0.15016464541782734 0.095967028824689229 0.020862843779159462 -0.070364768801276151 -0.12267002533391971 -0.043723067999565129,-0.0294279957483587 -1.5439352305625038 0.008990588174429685 -1.5597978382552109 0.010342728218413536 0.0033009817735710359,0.21878992290520274 -0.0068685227303378546 0.27958643634617925 0.19233631878656865 -0.081801742652351739 0.20250656956132759,-6.4724468424945636 54.650572319672719 25.570123447268749 1.9325672667928395 -0.37786751688459214 0.0028989117273439317,0.074633303676137075 -5.0174466601174572 -2.0145569881275698 -0.19236077762798232 0.04096252906531106 -0.015867577416778245
ur,tetrapga,8.552879742,0.187843433,0.230998094,0.012158056,28.609374,36.038961,3.57617175,1,0,0,0.598755049,0.009570111,1.2,0,0,0,0 0 0.050000000000000003,0 0 0.050000000000000003,0 0 0.050000000000000003,wrist_3_link,-1,0,0 0 0,0 0 0,,-0.031967733350921811 -1.543457283688942 0.0061211582012910808 -1.5619583861781396 0.011382493819823109 0.00096201309585293416,0.014799484623167818 0.0013009747601254013 0.022930015738077507 0.016542390258974696 -0.0046998210982852557 0.016779849991378631,-0.0089683522257080588 -1.487101466577708 0.13571386872990968 -1.4728676099607789 0.016175118666782531 0.083580408685104746,0.14966485076088606 0.093090731280819253 0.016086815052115826 -0.074543049872140499 -0.12469482393355552 -0.046496571914354946,-0.030195161262571806 -1.5436106552924131 0.0079139189977816098 -1.560641821189539 0.010508402170393175 0.0024551405998210515,0.22157151104375064 -0.019171450433907264 0.22409509956131607 0.16457062357508984 -0.10926145617874185 0.18664093799601469,2.7533342534390668 57.905279723127649 38.752290069823459 3.3124012156431908 -0.60806366886596441 0.02119306083574956,-0.13026101957930791 -4.0121583749387355 -1.7430598164192617 -0.24446832022749732 0.044559356692268182 -0.05180655696759473
ur,tetrapga,8.58901684,0.187244634,0.230183647,0.015543143,28.582455,35.973498,3.572806875,1,0,0,0.595103992,0.006176858,1.2,0,0,0,0 0 0.050000000000000003,0 0 0.050000000000000003,0 0 0.050000000000000003,wrist_3_link,-1,0,0 0 0,0 0 0,,-0.031705853266681273 -1.5432915326196255 0.0065319543964599868 -1.5617181397597735 0.011262470115274769 0.0012150655005655022,0.0051014864395625328 0.005562528176379835 0.0082295405879596901 0.0043795084770143263 -0.0028778789688528937 0.0047303435955540788,-0.0035708696996346813 -1.4837905004242198 0.13620896056914694 -1.4756355005673669 0.011634546035548797 0.081850775587712962,0.1490357991351168 0.090139190648122369 0.011310030142483949 -0.078634039174124898 -0.1265806728680082 -0.049224206693678961,-0.028218761254127964 -1.5435820226767463 0.010069832846868425 -1.5593070081836931 0.0096255788474422978 0.0039381676775799646,0.24705000105548031 0.003579076958359087 0.26948923113585188 0.16685162573075124 -0.11035291536885976 0.18537838471986415,-6.5338588961019859 55.543741665930391 25.941441441778885 1.9565035714795611 -0.38198292192357697 0.0029398528685553715,0.074728122640522088 -5.1292371356539661 -2.0944091815991932 -0.19698665083706146 0.044941434959493876 -0.014631305827873309
ur,tetrapga,8.625086869,0.186270826,0.231208536,0.012171514,28.76014,36.476717,3.5950175,1,0,0,0.601311877,0.009190484,1.2,0,0,0,0 0 0.050000000000000003,0 0 0.050000000000000003,0 0 0.050000000000000003,wrist_3_link,-1,0,0 0 0,0 0 0,,-0.031133566470093226 -1.5432165319849886 0.007253046752654293 -1.5612182090009663 0.011020296088815383 0.0017475267740099034,0.017365582966064802 0.0019241667873368211 0.022541322419186677 0.014887231083884143 -0.007038913863407866 0.015773195459753225,0.0017915687275474785 -1.4805936244743838 0.13653059969366635 -1.4785444418699543 0.0070367790503191342 0.08002665404575332,0.14827737730481302 0.087105912312090847 0.0065209720583137877 -0.082648175558831208 -0.12833309725858716 -0.051913387152506367,-0.029157266979372747 -1.5432948832126383 0.0089582143117474256 -1.5601110101350835 0.0099186569980034486 0.0030992542875398314,0.24703743634005998 -0.0097939034562175148 0.21314594488664171 0.13839985823535289 -0.13770488635149186 0.168965939191241,3.4726828438086947 58.755130141907181 38.688038184704837 3.2149605121667184 -0.59192357789672445 0.019366653718389634,-0.15233125315847929 -4.0165996366067702 -1.7742630803279411 -0.23835079241689527 0.052514612688483453 -0.048695541733398073
ur,tetrapga,8.661659325,0.185846501,0.23200257,0.015721583,28.606457,36.044233,3.575807125,1,0,0,0.598093976,0.005115146,1.2,0,0,0,0 0 0.050000000000000003,0 0 0.050000000000000003,0 0 0.050000000000000003,wrist_3_link,-1,0,0 0 0,0 0 0,,-0.030810768132327523 -1.5430289733847955 0.0076876571527387839 -1.5609883202432671 0.01085124671217692 0.0020022765684635847,0.0060018274239129563 0.0057705751766000471 0.0084431982489678158 0.0040413097590445589 -0.0036713429398156083 0.0045983445636706916,0.0071983585149639718 -1.4774655036575202 0.13668002887067757 -1.4816403815386388 0.0023128776696485012 0.078078742997761949,0.14737597886751908 0.083944150531850698 0.0016482475444876334 -0.086643352942109536 -0.12997521858650291 -0.054603728002956618,-0.026965885651468978 -1.5431857858003044 0.011024984159643317 -1.5589857415923176 0.0088095965280409368 0.0044412285339925136,0.27392266598797133 0.013637176541745698 0.25834623098698661 0.1406585678457381 -0.13863255874531397 0.16774678080658534,-6.5581434259564704 56.081009208598992 26.148359489753823 1.9683108414525112 -0.38375271946436385 0.0029613072870033359,0.065453434232637164 -5.1881225140396054 -2.1527681943720829 -0.20136431934588472 0.04862882505884869 -0.014222617027352946
ur,tetrapga,8.69780042,0.185123809,0.231387424,0.012401953,28.609129,36.12246,3.576141125,1,0,0,0.603432625,0.01091255,1.2,0,0,0,0 0 0.050000000000000003,0 0 0.050000000000000003,0 0 0.050000000000000003,wrist_3_link,-1,0,0 0 0,0 0 0,,-0.030166407123493551 -1.5429367536674425 0.0083836632349487718 -1.5605536647139893 0.010535286013438576 0.0024913135037873874,0.019812950125714119 0.0028357797446726092 0.022206887085329131 0.013137822758212521 -0.0094019000931177387 0.014690807622981715,0.01250662765116593 -1.4744893794494214 0.13665239321810127 -1.4848419382489131 -0.0024118564322168916 0.076057832976488327,0.14635506917798222 0.080737156337528204 -0.0031792084114508549 -0.090513236128370159 -0.13146269143988817 -0.057224246208178911,-0.027995823043914961 -1.5429374067992765 0.0099929365153085016 -1.5596655681119771 0.0092058222440794795 0.0036940575509317695,0.27132300994732356 -8.1641479241892616e-05 0.20115916004496623 0.11101207525152362 -0.16618297116988709 0.15034300589304783,4.2010492310279943 59.143279186673269 38.353003552926829 3.0945385925392803 -0.57171913181127398 0.01741094338997063,-0.16497857397978066 -4.0926444965871269 -1.8354067376127361 -0.23371736101034912 0.060952808450377205 -0.045352988567152863
ur,tetrapga,8.734021283,0.184920122,0.23375736,0.016272932,28.670092,36.244728,3.5837615,1,0,0,0.600066973,0.004611099,1.2,0,0,0,0 0 0.050000000000000003,0 0 0.050000000000000003,0 0 0.050000000000000003,wrist_3_link,-1,0,0 0 0,0 0 0,,-0.029799617424959599 -1.5427306546381081 0.0088198706901580805 -1.560353308925059 0.010323735347987948 0.0027281407011034609,0.0062459838877729421 0.006345397933612773 0.0078536534430426724 0.0030086099284096692 -0.004312720672139181 0.0037682934626595546,0.017787258749571419 -1.4716244215900864 0.13644949780530316 -1.4881894144594985 -0.0071984852309970879 0.073938160464262104,0.14520304261311184 0.077443617746298515 -0.0080249120605043883 -0.09430966197305414 -0.13281663790360915 -0.059810402370708129,-0.025599795019525844 -1.5427466376961927 0.011960120789982584 -1.5587597119941161 0.0078703442725242285 0.0048874428425676074,0.29950350304863976 0.023846137885481157 0.24589803433426025 0.11323201473263332 -0.16693474644440631 0.14917316145447976,-6.5297250569116763 56.178329791651819 26.157122070945253 1.9652345455885554 -0.3825784209653878 0.0029630617712410423,0.076145403691469937 -5.3700674191377402 -2.2549492661762542 -0.20455857414253842 0.052489663179599688 -0.011662392109805353
ur,tetrapga,8.770362825,0.184475301,0.231414766,0.012839273,28.801712,36.211716,3.600214,1,0,0,0.605418105,0.011595876,1.2,0,0,0,0 0 0.050000000000000003,0 0 0.050000000000000003,0 0 0.050000000000000003,wrist_3_link,-1,0,0 0 0,0 0 0,,-0.029097222974662287 -1.5426048231209415 0.0094767855486882317 -1.5599990478234684 0.0099348562150539839 0.0031594675833529428,0.02165117866881679 0.0037980415332180091 0.021058570510854038 0.010784887281489143 -0.011597695944471045 0.013014517187310785,0.023041209781530732 -1.4688712171815235 0.13606946368079187 -1.4916846838303899 -0.012047823275869314 0.071718049706001569,0.14391856754478194 0.07406207384886751 -0.012889793694483603 -0.098032264877288028 -0.13403569600478291 -0.062362649463092119,-0.026744176378605468 -1.5425292980347747 0.010981211356636805 -1.5593366558541053 0.0083803188537399619 0.0042079392966818561,0.29413082450710243 0.0094406357708642294 0.18805322599357155 0.082798996170395864 -0.19431717016425273 0.13105896416611421,4.9481648571062493 59.131345040479218 37.824149820304534 2.9599343137103933 -0.54897296337233137 0.015419632208704487,-0.16557198085581604 -4.2369599980775092 -1.9166123120443856 -0.22664537947275676 0.069146066035532527 -0.040178358184430607
ur,tetrapga,8.806680918,0.184531998,0.235624394,0.016608256,28.628411,35.965526,3.578551375,1,0,0,0.60206529,0.003881403,1.2,0,0,0,0 0 0.050000000000000003,0 0 0.050000000000000003,0 0 0.050000000000000003,wrist_3_link,-1,0,0 0 0,0 0 0,,-0.028696785891739733 -1.5423809045015755 0.0098963573802483707 -1.5598389676349647 0.0096826060563798104 0.0033683112135397719,0.0068353188950961976 0.0066702690272596784 0.0076455192463348743 0.0023280534511795343 -0.0050476001070330059 0.0033076518287952152,0.028242815714512707 -1.4662439157741933 0.13551306334929633 -1.4953112213148614 -0.016935733583567959 0.06940751347937478,0.14250736549671369 0.070608618403070256 -0.017749950017795321 -0.10166203360525387 -0.13511285526878911 -0.064868586862786806,-0.024155712365366708 -1.5422598244889705 0.012838684319775764 -1.55865684751497 0.0068212129404158191 0.0052474778632723377,0.32355800165484494 0.033684193225536847 0.23218412039237002 0.084976042391908951 -0.19488823916551784 0.12994232082381021,-6.4542398251876385 55.906071892403283 26.005487869631445 1.9502990030622485 -0.37904099467238717 0.0029508250228546043,0.074563833095581344 -5.4807244091416578 -2.3279329316338107 -0.20740124373060098 0.056094527398542482 -0.010240228422190967
ur,tetrapga,8.842744548,0.184345605,0.23148034,0.013233003,28.701658,36.218978,3.58770725,1,0,0,0.607222428,0.012249462,1.2,0,0,0,0 0 0.050000000000000003,0 0 0.050000000000000003,0 0 0.050000000000000003,wrist_3_link,-1,0,0 0 0,0 0 0,,-0.027929154998517856 -1.5422267059481327 0.010523539368462261 -1.5595573880430356 0.0092180718238940949 0.0037506413343564569,0.023644894778799695 0.0046636746151520912 0.020138758629788513 0.008608729218114116 -0.013862334036520822 0.011542651944005203,0.033354999564991251 -1.4637604097541701 0.13478599773379552 -1.4990411197488813 -0.021825561831051148 0.067023938889908527,0.14098110142408971 0.067109084405010205 -0.022569918422433822 -0.10517314573330459 -0.13604142514264503 -0.067310736579156635,-0.025405374812069371 -1.5420759167621538 0.011916432694133143 -1.5591261276888657 0.0074423277883629889 0.0046401017874332382,0.31547252330606057 0.018848648247366859 0.17411166570886014 0.053907544271241364 -0.22196800444138828 0.11118255663459764,5.6743320636165304 58.705503479843955 37.040697732587653 2.8047680009366891 -0.52261920702801767 0.013311970391189105,-0.1718670352485816 -4.3510670158530047 -1.9849504438401624 -0.21939936862418108 0.077271532126211184 -0.035633716014540795
ur,tetrapga,8.879054937,0.184668552,0.237510013,0.016924295,28.615643,36.022471,3.576955375,1,0,0,0.6037051,0.003057063,1.2,0,0,0,0 0 0.050000000000000003,0 0 0.050000000000000003,0 0 0.050000000000000003,wrist_3_link,-1,0,0 0 0,0 0 0,,-0.027495915696218055 -1.5419851100866466 0.010927711162350837 -1.5594374150474306 0.0089255995147560514 0.0039318036757196211,0.007348592507968604 0.0070284206037138156 0.0074101436347366618 0.0016075058325509171 -0.0057491382497637019 0.0028039217291896475,0.038444295195255301 -1.4613886498057025 0.13387852486210039 -1.5029227092056736 -0.026780087739383319 0.064535950069598724,0.13931993686036817 0.063517954266244792 -0.027412097820125103 -0.10861072334043011 -0.13683303662517329 -0.069721026785135629,-0.02263750305417065 -1.5417299055370952 0.013655257486504098 -1.5586779228942149 0.0056635075075531453 0.005521083714671823,0.34598396973734008 0.043251403132315791 0.21735309904636946 0.05602559933135981 -0.22235253510123043 0.11012274090482312,-6.3348286001929814 55.239987871907985 25.67457608564844 1.9220212061637354 -0.37289450040911143 0.0029193803654097338,0.07185793911168048 -5.5850172883547202 -2.3956789534398979 -0.20931294068668649 0.059441647479637538 -0.0086846356887892995
ur,tetrapga,8.915178957,0.184684541,0.231746125,0.013944341,28.771462,36.213701,3.59643275,1,0,0,0.608577468,0.013483719,1.2,0,0,0,0 0 0.050000000000000003,0 0 0.050000000000000003,0 0 0.050000000000000003,wrist_3_link,-1,0,0 0 0,0 0 0,,-0.02661831763829732 -1.5417899666180039 0.011560346601352859 -1.5592187476527928 0.0083554861440920981 0.0042822409979452651,0.02495676514710753 0.005635169212939807 0.018857156407981454 0.0062350743478549239 -0.015764906815031673 0.0098006620075005296,0.043445394403178607 -1.4591596280177066 0.1328015023535116 -1.5069064243745594 -0.031735106930247885 0.061974790225376671,0.13754479866991595 0.05988103174679333 -0.032214144377364966 -0.11192992486470496 -0.13747672254588153 -0.072068604969075245,-0.023937523952598024 -1.5415642447597122 0.012833756238616004 -1.5590241513417877 0.0063633193990584001 0.0050075404119967601,0.33509921071241211 0.028215232286476911 0.15917620465789301 0.024324538875622248 -0.24902084312921233 0.090662426756436904,6.4149791349646685 57.833677424378422 36.02212925706332 2.6313650604410617 -0.49297092867814052 0.011134107846012643,-0.16230290649700407 -4.5660588313239714 -2.0916512024970686 -0.21365739482007484 0.084835119099674117 -0.030258159071086865
ur,tetrapga,8.95148641,0.185347352,0.239391058,0.017276484,28.598301,35.911161,3.574787625,1,0,0,0.604802438,0.002424355,1.2,0,0,0,0 0 0.050000000000000003,0 0 0.050000000000000003,0 0 0.050000000000000003,wrist_3_link,-1,0,0 0 0,0 0 0,,-0.026204620698566741 -1.541541495983326 0.011909788812988566 -1.559152533351394 0.0080550303307079588 0.0044150706634520252,0.0078265657940600267 0.0073866974579186511 0.0071439865145591711 0.00086920180244256498 -0.0064395725942288278 0.0022850253470936169,0.048405065827076363 -1.4570527915478995 0.13154456563219621 -1.5110292978683686 -0.036736080846777493 0.059316120718587662,0.13563905786910532 0.056164307025487192 -0.037020639573982134 -0.1151612164508838 -0.13797806117051298 -0.074375552169863579,-0.021004590228149676 -1.5411435546351644 0.014444360631573783 -1.5588131755143952 0.0043696316769099037 0.0057248590057981117,0.36661671555604358 0.052586265568472873 0.20132554911972242 0.026371978424058223 -0.24921096526856198 0.089664824225168929,-6.1639866736587949 54.156670572157076 25.159347497394862 1.8800110784321786 -0.36402207878416892 0.0028708890493392178,0.070382719220049239 -5.7012398483266225 -2.4660458342611236 -0.21101736067521415 0.062720036016427727 -0.0070824284428319118
ur,tetrapga,8.987465093,0.185668483,0.231632135,0.014203482,28.689811,36.179602,3.586226375,1,0,0,0.610565459,0.013556768,1.2,0,0,0,0 0 0.050000000000000003,0 0 0.050000000000000003,0 0 0.050000000000000003,wrist_3_link,-1,0,0 0 0,0 0 0,,-0.025310168059799878 -1.5413169754660514 0.012480093732677442 -1.5590223117845607 0.0074346709654934517 0.0046960259393726911,0.027091293432129768 0.006336707298650446 0.017939990754792346 0.0040315803183827575 -0.018172903840375614 0.008377322498767421,0.05324942517606765 -1.4550991964280229 0.13012728568193169 -1.5152286488664515 -0.04170711418525961 0.056599867043321463,0.13363192788427988 0.052423800783068866 -0.041759396397892501 -0.11825626197286128 -0.13832998400632965 -0.076607746876650992,-0.022482478891405297 -1.5410192089733807 0.013629081657533185 -1.5590675038315644 0.0052305581159313016 0.0052542211532202159,0.35346114604932277 0.037220811583845069 0.14362349060696786 -0.0056490058754593928 -0.27551410619526884 0.069774401730940572,7.1076209643085058 56.600835450504675 34.77209683950317 2.440381544556768 -0.46026208475482278 0.0088574344651486461,-0.17796511111683344 -4.6231534197895598 -2.1305222278739109 -0.20335763914772542 0.092783157296029373 -0.025860791524404902
ur,tetrapga,9.023747822,0.186587045,0.240893026,0.017357521,34.076391,41.73856,4.259548875,1,0,0,0.598795551,0.001093542,1.2,0,0,0,0 0 0.050000000000000003,0 0 0.050000000000000003,0 0 0.050000000000000003,wrist_3_link,-1,0,0 0 0,0 0 0,,-0.024847101331949763 -1.541055931867457 0.012825261379957747 -1.5589891812194596 0.0070846432466896139 0.0048109227880668674,0.0089664969645037156 0.0077196754042791532 0.0072643257900726248 0.00025405201214892596 -0.0075449832645755905 0.0019965104532050598,0.05805945286017495 -1.4532663790215483 0.12852587704494467 -1.5195742573890454 -0.04673032567365757 0.05378033729540322,0.13148993664005798 0.0485970821027846 -0.046509264980642451 -0.1212662990917069 -0.13853810199039568 -0.078802636634260542,-0.020679977901493826 -1.5406254104210317 0.01449845941528552 -1.5591269385662909 0.0038997597900222482 0.0055450924314291265,0.37310152627296284 0.051519999923386864 0.15891098706750678 -0.012324505097355257 -0.28223011141102627 0.064065057598198083,1.1726502170996644 54.270467397248929 29.618265907462209 2.1088790953157162 -0.40185178316341108 0.0055726224367974499,0.053053262445445171 -5.7279819419736668 -2.4992825551906606 -0.21026859849916946 0.066589400751011496 -0.006188521814966208
ur,tetrapga,9.065584824,0.187230247,0.232771756,0.01533618,34.150627,41.660725,4.268828375,1,0,0,0.594937447,0.004173733,1.2,0,0,0,0 0 0.050000000000000003,0 0 0.050000000000000003,0 0 0.050000000000000003,wrist_3_link,-1,0,0 0 0,0 0 0,,-0.023712326203494668 -1.540755297442165 0.013471027198362863 -1.5589244120147221 0.0062604718206065333 0.0050836136045453598,0.027368350118112467 0.0074034601672564948 0.016395717461604679 0.0016965947981331265 -0.019400701091314126 0.0065109972187970527,0.063506441599138486 -1.4513266287524191 0.12646620843442805 -1.5247178345289725 -0.052528208563543385 0.050431768695286802,0.12887543566939555 0.044120878837275446 -0.051944296362149138 -0.124594354029294 -0.13859435868308392 -0.081261116964412169,-0.0191514615567989 -1.5401944950970332 0.015239280167467445 -1.5592245280370705 0.0027393121265337095 0.0057537069309530047,0.38058631196191806 0.061982354320654978 0.1568171075804069 -0.024856593320478744 -0.29260045984758509 0.054919239120720241,0.76239879200606975 52.378201648765383 27.831533520226944 1.9457290186096006 -0.37558105032951061 0.0043269900740121135,-0.14367214921324489 -5.0011911180672541 -2.3004269326947693 -0.20217426453746157 0.099129453032688275 -0.020106246296814234
ur,tetrapga,9.107342851,0.188802622,0.244190665,0.018361054,34.125958,41.441279,4.26574475,1,0,0,0.595423769,0.004957574,1.2,0,0,0,0 0 0.050000000000000003,0 0 0.050000000000000003,0 0 0.050000000000000003,wrist_3_link,-1,0,0 0 0,0 0 0,,-0.023299923643262437 -1.5404245400933798 0.0137726908934062 -1.5589503655211012 0.0059090418962600205 0.0051417514385494693,0.0079789200355162414 0.0075648070875194325 0.0061613325319366859 -0.00054828253769986129 -0.0071213777680098249 0.0011421341245412106,0.068830895920351826 -1.4495786160698283 0.12418473560268967 -1.5299872797127878 -0.058313383362186576 0.046988617767026113,0.12611421342232002 0.039590104121180678 -0.057317680413873091 -0.12775910284823522 -0.1384536770949257 -0.083635001575324622,-0.018127678983367937 -1.5397560948123536 0.015693881976783491 -1.5594083950972251 0.0018811779588726162 0.0058014679385491813,0.38725170208284104 0.069177847856616015 0.14848705579333318 -0.040118539767384213 -0.30537488156553116 0.044217344224743098,1.4856733443726684 50.874664077553241 27.213371707166971 1.8681447669812001 -0.36110691618377266 0.0038339372632814556,0.084714302971605093 -6.0591479054146475 -2.6506500449401997 -0.21733238925025944 0.067603290912730429 -0.0035569150250172044
ur,tetrapga,9.148886531,0.190177626,0.23932532,0.016860964,34.209938,41.587425,4.27624225,1,0,0,0.596094883,0.008129069,1.2,0,0,0,0 0 0.050000000000000003,0 0 0.050000000000000003,0 0 0.050000000000000003,wrist_3_link,-1,0,0 0 0,0 0 0,,-0.02247576118929074 -1.5401204723576658 0.014202093654088765 -1.5589902844277763 0.0052601654395250655 0.0052702934536999532,0.018026189774328807 0.0074218204584782016 0.010139611792741969 -0.00078295178935546038 -0.014030765675673953 0.0027902866166907487,0.074010526589109352 -1.4480285273712401 0.12169349361436434 -1.5353574966927472 -0.064058965823301742 0.043466469086609352,0.12321985717420197 0.035025343659365452 -0.062605793658279396 -0.1307474286824164 -0.13811821119651249 -0.085914803930275632,-0.017134866356003083 -1.5393396592794226 0.016067048461586523 -1.5596517588689538 0.0010203845715940655 0.0057965808330937112,0.39585671629078178 0.074828038198387431 0.13988258076879939 -0.056552388306629606 -0.3187858909505969 0.032587517121142925,1.6047887542091246 49.526521548951735 26.253329958194556 1.7678104742861884 -0.34311167323245034 0.0029796160137760134,-0.03860366107686275 -5.5641180991306101 -2.4921543321725323 -0.20260276443423209 0.085880765134369597 -0.0086292879621332474
ur,tetrapga,9.190580466,0.191484594,0.238144266,0.016545082,34.104702,41.429173,4.26308775,1,0,0,0.596379505,0.011659994,1.2,0,0,0,0 0 0.050000000000000003,0 0 0.050000000000000003,0 0 0.050000000000000003,wrist_3_link,-1,0,0 0 0,0 0 0,,-0.021409907025164304 -1.5397947416664413 0.014730258241244559 -1.5590491919710729 0.0044392293234779877 0.0054267552250499441,0.022750259012383745 0.0082767892572652088 0.012247996686964129 -0.0011799020922159216 -0.017475649264677384 0.0033198041207056169,0.07908497490021292 -1.4466646025577865 0.11897368122237921 -1.5408685370551332 -0.069807231967238287 0.039838110282107264,0.12017050480601681 0.030391977765577453 -0.067848488398651471 -0.13358161270357333 -0.1375853617924204 -0.088118166966185435,-0.016042094596929887 -1.5389252869600378 0.016440742754740369 -1.5599400351628756 7.2413369737450196e-05 0.0057744498477369285,0.40378651170672608 0.080239189111745185 0.13026117541560331 -0.07369496785779428 -0.33217419722482211 0.020347727333137704,1.785529667251228 48.059856393722441 25.261309650051484 1.6645101785379544 -0.32468604053071459 0.0021448334720361793,-0.084982450057978554 -5.4598771778382797 -2.4793315701242804 -0.19849811273252271 0.09594049081901268 -0.010259359781777277
ur,tetrapga,9.232103604,0.192941625,0.239271914,0.017103598,34.274892,41.748198,4.2843615,1,0,0,0.596392011,0.01353246,1.2,0,0,0,0 0 0.050000000000000003,0 0 0.050000000000000003,0 0 0.050000000000000003,wrist_3_link,-1,0,0 0 0,0 0 0,,-0.0203472258708059 -1.5394223384856558 0.015249071320916456 -1.5591474033765844 0.0036005744477575936 0.0055499904451360715,0.022323938225287065 0.0093499354407578419 0.011843970802480844 -0.0020336255443620804 -0.017679281886877785 0.00255348215174894,0.084009342346083496 -1.445499248855058 0.11604921327977739 -1.5464709593521171 -0.07550581195356916 0.036135107349629471,0.11699307053099053 0.025731059057736341 -0.072998863897476132 -0.13623586725806727 -0.13685953287585134 -0.09022573069965259,-0.014907963592106055 -1.5384902748858065 0.016803205206791526 -1.5602731789217306 -0.00092636018294926532 0.0057245672250357503,0.41083708022023008 0.08544222963006412 0.11978727112038905 -0.091182456500065179 -0.34535676146209837 0.0077933848249062574,2.0847431103535783 46.459506539407585 24.293180166983284 1.5630931981995331 -0.30633813439560104 0.001377643775230513,-0.068322078720584045 -5.6441873542726171 -2.5618829647304437 -0.19932778345537372 0.097709650313991592 -0.0078962367215318352
ur,tetrapga,9.273949813,0.194556492,0.24051095,0.018075109,34.177306,41.843427,4.27216325,1,0,0,0.59656288,0.015010232,1.2,0,0,0,0 0 0.050000000000000003,0 0 0.050000000000000003,0 0 0.050000000000000003,wrist_3_link,-1,0,0 0 0,0 0 0,,-0.019266298008070504 -1.538993562125295 0.015756046682668286 -1.5592977341704255 0.0027193406470093777 0.0056349943913663559,0.021363193571717377 0.009919367903123583 0.010884625570411267 -0.002951611550988113 -0.017481522479076344 0.0016407972904456945,0.088835641987822025 -1.4445215143039094 0.11288723660748223 -1.5522248587767924 -0.081214133249460405 0.032316626750297867,0.11365250122590156 0.02099235008269882 -0.078111209493857123 -0.13873691053599949 -0.13593144026659976 -0.092259684560208929,-0.013748685450328377 -1.5380202680299666 0.017149383712415214 -1.5606566170609264 -0.0019698242833761787 0.0056398605536330648,0.41730566871998764 0.090206309448015165 0.10871972096066365 -0.10889506435605709 -0.35828931442577938 -0.004990031820998447,2.4042930531247473 44.770075956262623 23.296361622586776 1.4596250929793186 -0.28753980094684306 0.00061075141404874481,-0.031178186515120387 -5.9647860564209623 -2.6981384123268413 -0.20382350292311457 0.099086050160689609 -0.0050855813428860586
ur,tetrapga,9.315890794,0.196400541,0.240943786,0.018627871,34.286449,41.637931,4.285806125,1,0,0,0.597105436,0.015589769,1.2,0,0,0,0 0 0.050000000000000003,0 0 0.050000000000000003,0 0 0.050000000000000003,wrist_3_link,-1,0,0 0 0,0 0 0,,-0.018213086518686281 -1.5385653039182401 0.016212829573632612 -1.5594903748828715 0.001839268552393239 0.0056812420342222739,0.021732501826919933 0.010174831710716713 0.010278580624847648 -0.003908688743615313 -0.018176072074890092 0.0009465201760888416,0.093529749297247361 -1.4437413162081691 0.10950520221640102 -1.5580930689811681 -0.086892275018455117 0.028406036239221426,0.11016863503803381 0.016206635054663951 -0.083149911921732253 -0.14106474776178754 -0.13480389367906165 -0.094205249561491372,-0.01259401402248028 -1.5375364396255773 0.01745942998654347 -1.5610872942715202 -0.0030329335546434282 0.0055172057431404214,0.42335899525338128 0.094543293565746755 0.097290417939944571 -0.12672478745264271 -0.37095696114399479 -0.017918193848405931,2.6963603264427558 43.010712933429936 22.247555872493358 1.3527889876890484 -0.26815110269445841 -0.00017387761791867458,-0.01867567295398942 -6.147197267433512 -2.7789363560960325 -0.20361631707237393 0.10227411562735816 -0.0029449183607184182
ur,tetrapga,9.357625917,0.198397169,0.241087876,0.018802425,34.140018,41.845631,4.26750225,1,0,0,0.597954972,0.015683422,1.2,0,0,0,0 0 0.050000000000000003,0 0 0.050000000000000003,0 0 0.050000000000000003,wrist_3_link,-1,0,0 0 0,0 0 0,,-0.017149523511315323 -1.5381316261748486 0.016639021159684467 -1.5597245959792068 0.00093359527036706018 0.005696442370756733,0.022451775996053924 0.010315579959753208 0.0097187239405203286 -0.0049109948481029404 -0.019122227891069005 0.00028568510851648105,0.098053020679685646 -1.4431648462746904 0.10593187525188745 -1.5640256137276711 -0.092491521017564457 0.024435611523378625,0.10657079648580819 0.011413933664428218 -0.088072768575250052 -0.14319990254072237 -0.13348671962083175 -0.096046620105768948,-0.01144080290379341 -1.5370457427680884 0.017733914404630846 -1.5615622816158177 -0.0041156822717984274 0.0053595674565912171,0.42887073288804911 0.098536266515566212 0.085586103939609401 -0.14454206130676611 -0.38325164120753052 -0.030907075044670024,2.9760115589666958 41.17318433184149 21.154377555503061 1.2432675677620206 -0.24827437168571351 -0.0009628631687890589,-0.024805722882192072 -6.2048000946670072 -2.8061201849067245 -0.19892289745803282 0.10536470735467374 -0.00090321418430505673
ur,tetrapga,9.399570093,0.200481256,0.241600027,0.019055687,34.187309,41.547936,4.273413625,1,0,0,0.599127016,0.016529613,1.2,0,0,0,0 0 0.050000000000000003,0 0 0.050000000000000003,0 0 0.050000000000000003,wrist_3_link,-1,0,0 0 0,0 0 0,,-0.016008952805497488 -1.5376647963377208 0.01705824947758328 -1.560019111250287 -5.6251718065330606e-05 0.0056783815271854278,0.022640936410950118 0.010532109712304276 0.0090910350484401676 -0.0058098315881964305 -0.019668087922998064 -0.00039101533724949226,0.10244497396756719 -1.4427875610612748 0.10213567547356699 -1.5700737844277497 -0.098059342043843103 0.020369899822926928,0.10282717595053084 0.006572237108766356 -0.092922353383693757 -0.14516028955197471 -0.13196803608070282 -0.097799944514627729,-0.010255484302202085 -1.5365365875357226 0.017985003128417436 -1.5620893553317363 -0.0052467526123021486 0.0051672205745611662,0.43367419405542063 0.10233525214774593 0.073615148413796849 -0.16233236233549392 -0.39509820217128366 -0.043969239665894548,3.2645810255434675 39.215075370183179 20.004219980376725 1.129585214331815 -0.22760481689582376 -0.0017612974380808062,-0.025688521159686672 -6.2883766162576649 -2.842233038539888 -0.19546202583205741 0.10733891547764873 0.0011867977051487344
ur,tetrapga,9.441211475,0.202734115,0.241864237,0.019274833,34.11583,41.476733,4.26447875,1,0,0,0.600606283,0.016547989,1.2,0,0,0,0 0 0.050000000000000003,0 0 0.050000000000000003,0 0 0.050000000000000003,wrist_3_link,-1,0,0 0 0,0 0 0,,-0.014892935148471264 -1.5372018068265951 0.017431702070394812 -1.56035209886683 -0.0010452414366859759 0.0056254509079126831,0.023033625113455754 0.010903498613736226 0.0085455160757926512 -0.0067994520638387131 -0.020421539376271371 -0.0010989737409837844,0.10664732112231114 -1.4426143063404089 0.098167800371123035 -1.576155740523802 -0.10351994851819624 0.01626283972006428,0.098987947358750397 0.001746323977172349 -0.097633637104312526 -0.14691958196028793 -0.13026851358829686 -0.099442124698595799,-0.0090715261223730855 -1.5360212294061104 0.018200486009237456 -1.5626606778919672 -0.0063978480419117304 0.0049401696129295833,0.43783545037044846 0.10599597188107893 0.061516676228916538 -0.17999384908551058 -0.40648137717720867 -0.057020766038417672,3.5520239537775673 37.139004705189635 18.799591340122561 1.01260879580512 -0.20627746256415078 -0.0025567774283117876,-0.028612963319702089 -6.3606950074927227 -2.872726336916422 -0.19085064439423149 0.10982932210685981 0.0033736469194529661
ur,tetrapga,9.482785293,0.205133775,0.242002577,0.019447207,34.253565,41.6672,4.281695625,1,0,0,0.602650145,0.016504072,1.2,0,0,0,0 0 0.050000000000000003,0 0 0.050000000000000003,0 0 0.050000000000000003,wrist_3_link,-1,0,0 0 0,0 0 0,,-0.013780706793997625 -1.5367283173757535 0.017773618901889842 -1.5607253141620021 -0.0020505014889411091 0.0055401299690569098,0.023454423131477452 0.011204279406640299 0.0079368108181384397 -0.0078326995153666333 -0.021208444837690528 -0.0018332649334584386,0.11068090476320416 -1.442642100889747 0.094012895878634678 -1.5822969966936524 -0.10889716133192505 0.012096296445294035,0.095037215632890595 -0.0030852174742548128 -0.10222859438969657 -0.14848743767628694 -0.12838284003414466 -0.10098183326409038,-0.0078951607286603456 -1.5354991097711852 0.018381267243389475 -1.5632731160969122 -0.0075633846166990124 0.0046797176717183961,0.44136946619062606 0.1094579524683218 0.049276848478228226 -0.19751500874096795 -0.41740123140907404 -0.070054014909356283,3.8397029790720252 34.958709283962044 17.546248786813671 0.89255195479876259 -0.18435012781448576 -0.0033529626432347087,-0.033711252572864225 -6.417578344407957 -2.8951899886067167 -0.18525282438440627 0.1122743411129683 0.005642361117834227
ur,tetrapga,9.524554133,0.207662843,0.242079323,0.019663172,34.241322,41.785854,4.28016525,1,0,0,0.605369302,0.016902644,1.2,0,0,0,0 0 0.050000000000000003,0 0 0.050000000000000003,0 0 0.050000000000000003,wrist_3_link,-1,0,0 0 0,0 0 0,,-0.012644857487415492 -1.5362389369664224 0.018088633315928832 -1.5611486207751339 -0.0030966028504947523 0.0054199712987795488,0.023956851993474443 0.011562340978915897 0.0073787064890761152 -0.0088854900897015372 -0.022071536674376124 -0.0025662425240603015,0.11456560965855304 -1.442872491450168 0.089648508045718237 -1.5885287010437497 -0.11421672209792168 0.007847871338535168,0.090953787450130399 -0.007947326723671511 -0.10672982846332289 -0.14987034556141263 -0.12630023629242965 -0.10242651056413313,-0.0067159328019294473 -1.534966921325517 0.018530086790410412 -1.5639302287079913 -0.0087528264414568988 0.004385072544003837,0.44425953826355913 0.11276275541082434 0.036892063843907433 -0.21492003399601306 -0.427854088482502 -0.083096492655641965,4.126705584154565 32.660083916875479 16.234448831463794 0.7685669779744968 -0.16166658525407238 -0.0041555055386565173,-0.037336764674819278 -6.4888467424107148 -2.9231677242138332 -0.17980078700566082 0.11500181703258328 0.007906539028784465
ur,tetrapga,9.566436598,0.210242321,0.242657767,0.020120528,34.234264,41.873352,4.279283,1,0,0,0.60857508,0.017741445,1.2,0,0,0,0 0 0.050000000000000003,0 0 0.050000000000000003,0 0 0.050000000000000003,wrist_3_link,-1,0,0 0 0,0 0 0,,-0.01144568227140653 -1.5357104083474529 0.018388997406968834 -1.5616394935220275 -0.0042218457555696269 0.0052585539797809795,0.023784447835218138 0.01175859283390634 0.006696492290818608 -0.0096945632884928908 -0.022336700487360844 -0.0032326548157685111,0.11828729912968025 -1.4433074899592988 0.085085997785406389 -1.5948312658219364 -0.11945948934325747 0.0035294837962102205,0.086748810406108628 -0.012824918253318322 -0.11112145246220007 -0.15106115162859871 -0.1240249483065288 -0.10377046806211154,-0.0055096428969668536 -1.5344118913386469 0.018654057314613046 -1.5646422088086585 -0.009989407011354607 0.0040527474892884906,0.4463955799626419 0.11584668722978628 0.024314401990428156 -0.2321684617061282 -0.43775886410516807 -0.09613322157548973,4.4256663476863034 30.245964985816041 14.870994872386186 0.64082336420374308 -0.13825658735719132 -0.0049651302824562302,-0.027744387659126346 -6.6397742647823179 -2.9828549539373697 -0.17820875863708352 0.11636847067374845 0.0099625558246554391
ur,tetrapga,9.608415019,0.213013246,0.242898915,0.02042369,34.066577,41.665277,4.258322125,1,0,0,0.612596503,0.018015277,1.2,0,0,0,0 0 0.050000000000000003,0 0 0.050000000000000003,0 0 0.050000000000000003,wrist_3_link,-1,0,0 0 0,0 0 0,,-0.010285647536719823 -1.5351915190357339 0.018644669051398714 -1.5621587428236929 -0.0053314874467879757 0.0050678312762414161,0.023944333905222603 0.012010934931659391 0.0060528499588836859 -0.010638415858370767 -0.022905041214090732 -0.0039406603706154987,0.12183854770847757 -1.4439484202943178 0.080331138366168064 -1.6011941510369265 -0.12461474868750307 -0.0008530450080050275,0.082427837906776366 -0.017710201565113829 -0.11539495724395685 -0.15205578742555476 -0.12155908232086154 -0.1050107057163243,-0.0043142773212401352 -1.5338517544028143 0.018742189470795121 -1.5653946974645856 -0.011238002208730256 0.0036869793658419682,0.44792098695040028 0.11874384804702065 0.011603285973655194 -0.24927770605125402 -0.44719437245737048 -0.10916375211537307,4.721022677653516 27.723201831935153 13.455470182897034 0.5098599474540545 -0.11421199654610459 -0.0057750742768133525,-0.026063294700463757 -6.739817760164442 -3.0200787325612453 -0.17393737541533483 0.11828867612707938 0.012148674137776538
ur,tetrapga,9.650175091,0.215889279,0.242901541,0.020583546,34.26578,41.680166,4.2832225,1,0,0,0.61734722,0.017900385,1.2,0,0,0,0 0 0.050000000000000003,0 0 0.050000000000000003,0 0 0.050000000000000003,wrist_3_link,-1,0,0 0 0,0 0 0,,-0.0091357032421152239 -1.5346674739421007 0.018867447085788972 -1.5627144385785801 -0.0064512771469101161 0.0048468463148481781,0.024248704825079011 0.0122105748324642 0.0053589524484516406 -0.011670933709590776 -0.023611282893443997 -0.0046885872570743316,0.1251892214112664 -1.4447893241677949 0.075425773727284387 -1.6075612031086457 -0.12963668300148559 -0.0052621901611986949,0.078028376020087983 -0.022560903883309839 -0.11951335100556962 -0.15284584435719134 -0.11892469841124736 -0.10613687481550621,-0.003134366754633704 -1.5332883653335156 0.018795204313111335 -1.5661838831763553 -0.012493521950247046 0.0032898801987793192,0.44882794088049699 0.12140610486770746 -0.0012017456475891027 -0.2661643943465633 -0.45611028405335752 -0.12212908019571922,5.0119429843488223 25.110346174728331 11.999088742425778 0.3767295598535968 -0.089728170452699998 -0.006578099997453242,-0.031328300725945724 -6.7925700440591754 -3.0358147412004968 -0.16737137767086097 0.1202731108039643 0.014459708724189113
ur,tetrapga,9.691958175,0.218769305,0.243275759,0.020904078,34.112806,41.578653,4.26410075,1,0,0,0.622751105,0.01846051,1.2,0,0,0,0 0 0.050000000000000003,0 0 0.050000000000000003,0 0 0.050000000000000003,wrist_3_link,-1,0,0 0 0,0 0 0,,-0.0079190853138640122 -1.5341056832469777 0.019068964608026616 -1.5633460874980616 -0.0076567482336830778 0.0045789604549829558,0.02413895786356611 0.012374582956134217 0.0046874904636200381 -0.012484746354025199 -0.023927631338679461 -0.0053428792198025555,0.12835584571641798 -1.4458331342872108 0.070348444101180324 -1.6139605983367051 -0.13454755287052417 -0.0097185640230155503,0.073530487758358645 -0.02739943636811536 -0.12349598196331246 -0.15343571318817731 -0.11611087170894087 -0.10715482140127057,-0.0019348446890119029 -1.5327062072557358 0.018819366055359693 -1.5670271422171056 -0.013790344037611445 0.0028543588688268551,0.44898516815461953 0.12385212931384412 -0.014089800651160302 -0.28276960998714673 -0.46440111820579771 -0.13500768225678522,5.3073159473366758 22.391841995812264 10.494336110294787 0.24040592120644094 -0.06461928523581309 -0.0073836853121701362,-0.028186387970002613 -6.8983455852749103 -3.0728180979167803 -0.16364516794237716 0.12135371714261822 0.016479874992677779
ur,tetrapga,9.733637171,0.221789526,0.243341557,0.021165964,34.326844,41.851405,4.2908555,1,0,0,0.629050539,0.018391214,1.2,0,0,0,0 0 0.050000000000000003,0 0 0.050000000000000003,0 0 0.050000000000000003,wrist_3_link,-1,0,0 0 0,0 0 0,,-0.0067412438638510281 -1.5335543524774693 0.019229331120558232 -1.5640023494956294 -0.0088454978839558104 0.004284933632103677,0.024314753954445448 0.012654130928282605 0.0040448533656738759 -0.013462583975056324 -0.024534930218532144 -0.0060713168490189691,0.13132543635380581 -1.4470753515044001 0.065120937120171835 -1.620364413071709 -0.13932541429100032 -0.014203925459852076,0.06895298930063111 -0.032205481383926378 -0.12732594066797714 -0.15382287073087383 -0.11312993451719028 -0.10806046481295267,-0.0007499720082310337 -1.5321212878894466 0.018808302341986109 -1.5679075329197747 -0.015094987276150561 0.0023873246599988482,0.448509033525054 0.12612399714447986 -0.027005780746606655 -0.29909838292590762 -0.47213328942086674 -0.14779019880830221,5.5980808633089616 19.574779504695439 8.9451518009113347 0.10170371593152427 -0.039021545010534814 -0.0081814379055978638,-0.02840126439943802 -6.9847680039310944 -3.1007619573612004 -0.15808131880112342 0.12316138084147354 0.018729565712924057
ur,tetrapga,9.77559012,0.224948867,0.243291502,0.021341922,34.190182,41.57851,4.27377275,1,0,0,0.636622278,0.018528232,1.2,0,0,0,0 0 0.050000000000000003,0 0 0.050000000000000003,0 0 0.050000000000000003,wrist_3_link,-1,0,0 0 0,0 0 0,,-0.0055790405954831172 -1.5329983619252179 0.019357875280181173 -1.5646916758755496 -0.010039221232551408 0.0039623150306147062,0.02450055397670663 0.012857729319527481 0.0033310838154368594 -0.014480587943536169 -0.025160891969427633 -0.0068275728561579974,0.13412004505013714 -1.4485274936054324 0.0597009666021436 -1.6268223478213966 -0.14400559540356703 -0.018754549619290253,0.06425880549113365 -0.037016825685958953 -0.1310320096546328 -0.15400852695928507 -0.10995731241048423 -0.10886014422348228,0.00041484024449597217 -1.5315343670790094 0.018762990008434108 -1.5688212896929639 -0.016401887587527548 0.001890630235611237,0.44741831829413103 0.12818222854035743 -0.040012350331191313 -0.31521066191269642 -0.47934791664707027 -0.16052370121194251,5.8880083303093063 16.662412549501237 7.351406167661211 -0.039797130340749831 -0.012877649037465702 -0.0089798336266841434,-0.032368041049570806 -7.042834129262701 -3.1151134221434802 -0.15115148374570708 0.12479758433648769 0.021066131621174655
ur,tetrapga,9.817271227,0.22812966,0.243177003,0.021533258,34.055647,41.506833,4.256955875,1,0,0,0.64502258,0.018494211,1.2,0,0,0,0 0 0.050000000000000003,0 0 0.050000000000000003,0 0 0.050000000000000003,wrist_3_link,-1,0,0 0 0,0 0 0,,-0.0044046808206222041 -1.5324299560511685 0.019454220620175988 -1.5654312368360843 -0.011266329546104297 0.0036029767592912075,0.024760021161038794 0.013136848560869543 0.0026546759817684131 -0.015537808602361924 -0.025867157492963908 -0.0076011144279191723,0.13669981146523497 -1.4501694754433108 0.054165321531628979 -1.6332419018279511 -0.14852013400886319 -0.023306569264241999,0.059514053956490183 -0.041765259604745794 -0.13456108930238755 -0.15398944572904355 -0.10663800669484312 -0.10954236461413278,0.0015704478810120237 -1.5309418211335626 0.01868445590959697 -1.5697741210574423 -0.017721715501176911 0.0013618146311634978,0.4456710211343925 0.13004255394079448 -0.053018675588509964 -0.33098222411477829 -0.48595086679512339 -0.17312360828596557,6.1736987992048658 13.659474869065313 5.718441049984734 -0.18318086379845955 0.013667569971900564 -0.0097667957551071244,-0.035984911265510178 -7.1059751788570793 -3.1306981733352188 -0.14391616254761175 0.12666256929352215 0.023455896801972465
ur,tetrapga,9.858890217,0.231274024,0.243636906,0.021946717,34.238841,41.856287,4.279855125,1,0,0,0.654239822,0.018948389,1.2,0,0,0,0 0 0.050000000000000003,0 0 0.050000000000000003,0 0 0.050000000000000003,wrist_3_link,-1,0,0 0 0,0 0 0,,-0.0031779528028938668 -1.5318230979469378 0.01952279779724712 -1.5662492079261783 -0.01257070207691463 0.0031921800280817216,0.024322984412484532 0.013213469403364899 0.0019838115864490588 -0.016168988847035753 -0.02587047339889097 -0.0081721236511606357,0.13907682033740207 -1.4520057345563255 0.048494407716054247 -1.6396468710251122 -0.15288650665867987 -0.027877835503825076,0.054700941241019874 -0.046469507755296707 -0.13792810402297465 -0.15376742812010949 -0.10316126847949519 -0.11011094107811792,0.0027415650415474153 -1.5303293208928466 0.01857533845600752 -1.5707824308093743 -0.01908103351262861 0.00079256408623242826,0.44316468781104212 0.13164233092544486 -0.066036049676815339 -0.34634578969549545 -0.49185309044785486 -0.18555415542377268,6.4677758306139959 10.57130929555699 4.049371189015333 -0.32900683894138205 0.040692128700693955 -0.010555781693995743,-0.027178786580094538 -7.2424165878201165 -3.1759643939976741 -0.14149919421470258 0.12680644251694062 0.025217771355083407
ur,tetrapga,9.900850251,0.234600891,0.243731975,0.022227877,34.086884,41.543957,4.2608605,1,0,0,0.665005552,0.019077476,1.2,0,0,0,0 0 0.050000000000000003,0 0 0.050000000000000003,0 0 0.050000000000000003,wrist_3_link,-1,0,0 0 0,0 0 0,,-0.0020041775395581956 -1.5312327119043099 0.019553804428330365 -1.5670784621201947 -0.013841976931970569 0.0027630159097098332,0.02422934024985491 0.013382277249212943 0.0012927337553629494 -0.017029330990669212 -0.026231174395744548 -0.0088578030575361087,0.14126901645325649 -1.4540543572176248 0.042638563370139451 -1.6460906699281257 -0.15713881385324355 -0.032508116898785577,0.049777331360001648 -0.051169190860822507 -0.14115955130514568 -0.15333798619587416 -0.099496000781186728 -0.11056938448175088,0.0038891228445239374 -1.5297166487736882 0.018431871328390755 -1.5718219140683809 -0.020439092996754615 0.00019457362832979138,0.44005363669116604 0.13304595311124354 -0.079087514222273725 -0.36143345044955111 -0.49719847180687882 -0.19790204620516741,6.7560758918936745 7.3894297836437701 2.3367596251285021 -0.47725974691952799 0.068206905208104254 -0.011339933644692426,-0.025185612509500466 -7.3351995175753473 -3.2016616259248849 -0.13607101768775465 0.12772615306474933 0.0273351450094097
ur,tetrapga,9.942482624,0.237936842,0.243790117,0.022491744,34.15173,41.552569,4.26896625,1,0,0,0.676782063,0.018841223,1.2,0,0,0,0 0 0.050000000000000003,0 0 0.050000000000000003,0 0 0.050000000000000003,wrist_3_link,-1,0,0 0 0,0 0 0,,-0.00083644958247211239 -1.5306344894177855 0.019551890231314629 -1.5679485866118299 -0.015129263050731671 0.0023009727166765671,0.024105384217021953 0.013516264448827338 0.00058826903656609844 -0.017872503011993272 -0.026560162884167102 -0.0095357879370147058,0.1432385327529338 -1.4562808890572898 0.03669789360059382 -1.6524620817638631 -0.16120267884795647 -0.037118861977574392,0.044826937283500269 -0.055783904285708737 -0.14419954046341621 -0.15270783381061681 -0.095704942926613648 -0.11090959295160269,0.005016880778085455 -1.5291018512565759 0.018255051949118542 -1.572894215273045 -0.021799502144627985 -0.00043283240649501643,0.43631801838244283 0.13421472989513353 -0.09210360384176855 -0.37612061661746432 -0.50191551511060528 -0.21007569737477447,7.0410245435128838 4.1365257473405848 0.59588369040442313 -0.62661024651333752 0.095970864711123191 -0.012110285855079193,-0.023757301314487833 -7.4222755799683 -3.2237302553834866 -0.13036989482134231 0.12846881616891181 0.029428929413790605
ur,tetrapga,9.984136357,0.241334775,0.243502071,0.022590925,34.090452,41.453726,4.2613065,1,0,0,0.689964748,0.018647447,1.2,0,0,0,0 0 0.050000000000000003,0 0 0.050000000000000003,0 0 0.050000000000000003,wrist_3_link,-1,0,0 0 0,0 0 0,,0.0003163066447828838 -1.5300342748141238 0.019518367667641891 -1.5688506866417182 -0.016421663360597905 0.0018113512518271298,0.02430455867997881 0.013714336618491243 -0.00017311438138808407 -0.018960469036849188 -0.027236148555556634 -0.010344324087325583,0.14500154268311416 -1.4586997364042618 0.03063103862326513 -1.6588062751781982 -0.16510755097279697 -0.041743756236108771,0.039814311322531271 -0.060347446013220708 -0.14707128001740835 -0.1518741630316128 -0.091762618495372886 -0.11113505812202971,0.0061224573831285545 -1.5284867864150342 0.01804608980312581 -1.5739957946059522 -0.023158684470410085 -0.0010874257322128751,0.43198295896179828 0.13515957753946109 -0.10507750065680074 -0.3904179560713259 -0.5060127147246426 -0.22208564435986644,7.3162818435999766 0.81086457001100642 -1.1760250991589587 -0.7770317110154854 0.12398119849012072 -0.012864889074828897,-0.030921008301044495 -7.4550051695659931 -3.2212698404637337 -0.12114252981609752 0.1298644461313998 0.031927738671223116
ur,tetrapga,10.025701638,0.244744121,0.243409554,0.022800343,34.138762,41.589014,4.26734525,1,0,0,0.704459367,0.018523007,1.2,0,0,0,0 0 0.050000000000000003,0 0 0.050000000000000003,0 0 0.050000000000000003,wrist_3_link,-1,0,0 0 0,0 0 0,,0.0014679958387658427 -1.529424950485011 0.019450919975044681 -1.5697979570703158 -0.017735756684367322 0.0012863450422426227,0.024265841059552561 0.013900714803530988 -0.00089916361655587073 -0.0199031966556085 -0.027680102592135047 -0.011085384491174207,0.1465515339320505 -1.4613017280628704 0.024461417711817424 -1.6650981759961212 -0.1688374273329947 -0.046365799106888234,0.034758177439856403 -0.064842581414686878 -0.1497637208951369 -0.15084014172341675 -0.0876845619789383 -0.11124495691482596,0.0072113023132988193 -1.5278687292085347 0.017804658313844448 -1.5751311043480274 -0.024522872536128729 -0.0017717556721948905,0.42700946279395258 0.13589240518599188 -0.11798082190509965 -0.40427856373665427 -0.50945649484250344 -0.23390191590122056,7.5916275557899064 -2.5863204840486658 -2.9771339548242794 -0.92892201499328531 0.15229906479241226 -0.013611543368868129,-0.03203352508034385 -7.5241131922612112 -3.2332757937609671 -0.11382447140840668 0.13075221176700325 0.034216863639342898
ur,tetrapga,10.067388699,0.248103704,0.243842084,0.023175239,34.284462,41.93458,4.28555775,1,0,0,0.720273592,0.019109068,1.2,0,0,0,0 0 0.050000000000000003,0 0 0.050000000000000003,0 0 0.050000000000000003,wrist_3_link,-1,0,0 0 0,0 0 0,,0.0026594001644954274 -1.5287797801547873 0.019347258022676422 -1.5708269238142043 -0.019119966759630048 0.00070483914361101757,0.023611759169402762 0.01386467172313114 -0.0015366906070812271 -0.020344149433254053 -0.027437540909904818 -0.011551433240584597,0.14789394527692054 -1.4640976879817236 0.018164999581957445 -1.6713611321910586 -0.17240505614364199 -0.051003560436439638,0.029638340122626092 -0.069286683727313891 -0.15228657085950315 -0.14960103342865133 -0.083454971967629701 -0.11123931383436592,0.0083058881266086394 -1.5272333891164511 0.017529332886581109 -1.5763202730203048 -0.025918794789155472 -0.002497505584315815,0.42131711096393942 0.13635819565124008 -0.13082816020991567 -0.41765736739862525 -0.51217189265951046 -0.24550591500298485,7.8727665388910353 -6.0568459268426684 -4.8100699187778373 -1.0829745617199462 0.18103635156624412 -0.014361641259416837,-0.023600612974441049 -7.6478289732331177 -3.2675253026411397 -0.111213211287577 0.12984885886596942 0.03565487438828141
ur,tetrapga,10.109422937,0.251623765,0.243889191,0.023425357,34.05005,41.359394,4.25625625,1,0,0,0.738091751,0.019249039,1.2,0,0,0,0 0 0.050000000000000003,0 0 0.050000000000000003,0 0 0.050000000000000003,wrist_3_link,-1,0,0 0 0,0 0 0,,0.0037906873262824382 -1.5281560520749911 0.019212613359664874 -1.5718538985370989 -0.020459547163965704 0.00011376694769543727,0.023351009869312593 0.013958563598781625 -0.002236483383395041 -0.021107488425947465 -0.02763418462212968 -0.012196405719270624,0.14903049031681861 -1.4671030580340592 0.01171349054313631 -1.6776196683713942 -0.17582099415114305 -0.055677240085898111,0.024431878585499302 -0.073697380649237698 -0.15464691054905774 -0.14814772682920674 -0.079053897051726552 -0.11111585525355318,0.0093686105361848928 -1.5266017207512546 0.017221782655549647 -1.5775325235288182 -0.027303476114115224 -0.0032477247033099077,0.41504035121741922 0.13662498055832589 -0.14364880844666789 -0.43067971876455691 -0.51428814219432983 -0.25698192312496487,8.1455919360282856 -9.6093292137774213 -6.6789890230095965 -1.2386186357582198 0.21011566535721457 -0.015099387781344564,-0.021752406224425869 -7.7303676858355175 -3.2831960506744409 -0.10510768683434435 0.12999462297156583 0.037646709971330683
ur,tetrapga,10.150878649,0.255114242,0.243711875,0.02356495,34.409132,41.972748,4.3011415,1,0,0,0.757015493,0.018574985,1.2,0,0,0,0 0 0.050000000000000003,0 0 0.050000000000000003,0 0 0.050000000000000003,wrist_3_link,-1,0,0 0 0,0 0 0,,0.0048930576627104778 -1.5275354832254937 0.019048750269473728 -1.5729012707020729 -0.021788589498982335 -0.00049873112162862143,0.023223374693124452 0.014035332069780627 -0.0030157855278281596 -0.022010377249651044 -0.027987270142878589 -0.012925768556947888,0.14993623572071119 -1.4702471232035039 0.0052574147736779674 -1.6837280792896039 -0.17900602592287812 -0.060279097068049813,0.019259353549421453 -0.077972967474515528 -0.15679098548886636 -0.14651515072689608 -0.074584756981772485 -0.1108781085513116,0.010396587498712539 -1.5259754821019285 0.016884529338439841 -1.5787624683583874 -0.028672116052641611 -0.0040188712687975149,0.40821917490810661 0.13663998580568409 -0.15634214050898054 -0.44319640536771709 -0.51576040576160365 -0.26820541954103133,8.4107475729346248 -13.200426283785847 -8.5571334191833621 -1.3935137067781107 0.23911074839908075 -0.015809904434804331,-0.025133475370026304 -7.7764335912206661 -3.2819420991760708 -0.09677180881408276 0.13034338365651621 0.039900361777460258
ur,tetrapga,10.192952121,0.258678157,0.243533656,0.023710333,34.158666,41.509897,4.26983325,1,0,0,0.77834354,0.018993855,1.2,0,0,0,0 0 0.050000000000000003,0 0 0.050000000000000003,0 0 0.050000000000000003,wrist_3_link,-1,0,0 0 0,0 0 0,,0.0059930841450051503 -1.5269071109543721 0.018849027931422492 -1.5739950545882595 -0.02313911621673765 -0.0011480130323257404,0.023176351076714501 0.014212310145304283 -0.0037758289053051773 -0.022989533011560245 -0.028444233393472101 -0.013702204458782627,0.1506355280554009 -1.473617597503837 -0.0013817868958822354 -1.6898541064451735 -0.18204645099044808 -0.064936985737657341,0.013977131437775623 -0.082231554346477997 -0.15877727945025458 -0.14465743681509624 -0.069924060981347971 -0.11051900323253348,0.011401080642585673 -1.5253495462920754 0.016515062942267317 -1.5800211440949992 -0.030038282550590718 -0.0048175954893335902,0.40078060259085357 0.13646877950936234 -0.16896446158298101 -0.45529782770947896 -0.5165833019876358 -0.27926916734649532,8.6694186658428123 -16.874163602545334 -10.473127875258005 -1.5503692269452682 0.26850236746571465 -0.016514140980452077,-0.028483646303733678 -7.8244100309457281 -3.2803239223694121 -0.087780880702666764 0.13097089238971193 0.042299275505071954
ur,tetrapga,10.234557987,0.262173577,0.243506981,0.023933118,34.159304,41.769827,4.269913,1,0,0,0.800807327,0.018803762,1.2,0,0,0,0 0 0.050000000000000003,0 0 0.050000000000000003,0 0 0.050000000000000003,wrist_3_link,-1,0,0 0 0,0 0 0,,0.0070814903461805549 -1.5262718255757517 0.018615917758639189 -1.575127922359195 -0.024501054717294083 -0.0018302924393888539,0.022917337762798393 0.014337488106529383 -0.0044971208701945391 -0.023803957359372668 -0.028671877066053088 -0.014392042408466569,0.15110792165940876 -1.4771250528819746 -0.0080254075026049611 -1.6958310626668047 -0.18485776490611094 -0.06952581255373147,0.0087269498566926885 -0.086357837225357476 -0.16055067078780622 -0.14262319473935683 -0.065197132270644581 -0.11004724640841249,0.012383250993638958 -1.5247221204605621 0.01611411453940775 -1.5813092542260845 -0.031403346723818275 -0.0056443638663117232,0.39274568740698063 0.1360706841689277 -0.18142197638068802 -0.46684012487341753 -0.5167097612344842 -0.29005248774381259,8.9270473961696819 -20.593879254506099 -12.402435732597292 -1.7072217481823651 0.29793740607410535 -0.017200053267756692,-0.027348404754768296 -7.8979288734744841 -3.288726571400062 -0.080499585189500067 0.13103409768471153 0.044429811439099964
ur,tetrapga,10.276431431,0.265614371,0.24398584,0.024288844,28.692405,36.400941,3.586550625,1,0,0,0.84569966,0.01957643,1.2,0,0,0,0 0 0.050000000000000003,0 0 0.050000000000000003,0 0 0.050000000000000003,wrist_3_link,-1,0,0 0 0,0 0 0,,0.008194663161517934 -1.5256042911440946 0.018340936544079669 -1.5763408000688339 -0.025921691855899584 -0.0025710354773042276,0.022046147675738866 0.01417743756535916 -0.0050477046739620564 -0.023980658329017981 -0.02814192210599337 -0.014700743550877403,0.15136234346414404 -1.4808265338624855 -0.014782202093377137 -1.7017569024635451 -0.18748621769695151 -0.074121890103325525,0.0034219481700990487 -0.090420381013892964 -0.16214120842106483 -0.14037992677050046 -0.06032726570999674 -0.10945553532068686,0.011096713749482838 -1.5244856863749048 0.016748611297914936 -1.5802505962447202 -0.030065755638449293 -0.0050642287652085203,0.36275632349561304 0.13982559614873652 -0.19904065577059185 -0.48872452198579153 -0.51800797281871358 -0.31164916098803669,15.760763067213723 -27.141861615306588 -19.56844124923704 -3.0459902431074015 0.51368800424125016 -0.035290721406924686,-0.018131407586274406 -8.0153183813563373 -3.3154523893913606 -0.078484259704964643 0.12902917083286525 0.04538183446071109
ur,tetrapga,10.313022669,0.268602839,0.243132141,0.024292887,28.586363,35.847774,3.573295375,1,0,0,0.853901412,0.012555145,1.2,0,0,0,0 0 0.050000000000000003,0 0 0.050000000000000003,0 0 0.050000000000000003,wrist_3_link,-1,0,0 0 0,0 0 0,,0.0091546258191870008 -1.52502008629924 0.01806583083622041 -1.5774383083613766 -0.027172876068784692 -0.0032502369116901996,0.022513342754473555 0.014602917262227226 -0.0060600076804882708 -0.025634738255627447 -0.029303524654192011 -0.015914349081545324,0.15140253814033997 -1.4841988787862765 -0.020738086170867278 -1.7068552511537001 -0.18961444826126347 -0.078116062976114356,-0.0012266267340309903 -0.093892475044809742 -0.16336962923055132 -0.13826048193513399 -0.055984094108842725 -0.1088426738035943,0.011990919939506871 -1.5238973954658119 0.016400785819489061 -1.5814164437403777 -0.031302855136636505 -0.0058133864362929864,0.35453676503998377 0.14033635417849716 -0.20813062709141855 -0.49726692237514292 -0.51624738348147681 -0.32039369057534844,15.783004777792303 -30.763827477517363 -21.65472570620868 -3.2180198263006705 0.54518045706351437 -0.036242395479271557,-0.02832046004336064 -8.0166528055242452 -3.2902974680110049 -0.0633580056082792 0.13144056226960998 0.049132045201130126
ur,tetrapga,10.348961959,0.271640584,0.241661599,0.024044236,28.671823,36.31065,3.583977875,1,0,0,0.872874784,0.003620724,1.2,0,0,0,0 0 0.050000000000000003,0 0 0.050000000000000003,0 0 0.050000000000000003,wrist_3_link,-1,0,0 0 0,0 0 0,,0.01003231774012546 -1.5244746411182619 0.017786447259202667 -1.5784826069089319 -0.028337788070411093 -0.0039035131587630313,0.023607615581724192 0.015252842750686129 -0.0074490106912287607 -0.028137972000418135 -0.031327028957495222 -0.017675954288302979,0.1512762881886906 -1.4876334822248112 -0.026628935648488464 -1.7117846828150145 -0.19154868646542195 -0.082015673786240237,-0.0058000691816883238 -0.09722867243760222 -0.16442804566620542 -0.13603599781182532 -0.051643008837571502 -0.10815404406427093,0.015011484402054269 -1.5228309213149729 0.014604629012402249 -1.5854053489214834 -0.035407506156964502 -0.0083707813341266854,0.37757055781842469 0.13330926885487887 -0.22451960088585157 -0.49861314763820691 -0.51308137754099969 -0.31967436222921231,4.5373920005981345 -33.00180888756222 -14.265291586768889 -1.0959510590566772 0.22933478772265384 -0.0010209685491833632,-0.051420206698544746 -7.9345977768534794 -3.2270745710266553 -0.040069040172966197 0.13592347162507679 0.054577298023385623
ur,tetrapga,10.385368306,0.275696428,0.256960609,0.021970866,34.119392,41.573047,4.264924,1,0,0,0.894995203,0.002990871,1.2,0,0,0,0 0 0.050000000000000003,0 0 0.050000000000000003,0 0 0.050000000000000003,wrist_3_link,-1,0,0 0 0,0 0 0,,0.010426812138167424 -1.5240311089923115 0.017684206706882737 -1.5790536556382897 -0.028930169425851977 -0.0042833058867576606,0.0068722258015759645 0.011767563401324937 -0.0007904691537836447 -0.011603131653552512 -0.01171355987953163 -0.0079292918061716153,0.15098072948671049 -1.4912335665976992 -0.03263239164230821 -1.7166940758376885 -0.19334767562613317 -0.085939146916941239,-0.010436944427534295 -0.10053036355296878 -0.16534923819955924 -0.13364009512948119 -0.047173609203492402 -0.10736921642306574,0.015585075217014559 -1.5223802763833569 0.014322499347751941 -1.586277969761599 -0.036265241013015675 -0.0089551654161429128,0.3582408683629642 0.13134234628566677 -0.22773981398631898 -0.50605843521404537 -0.51205040270092939 -0.32851522571259251,9.9623164755300628 -34.732525258685406 -19.64412517002777 -2.3026536036806595 0.4066054218385633 -0.02006198312232603,-0.090541015528309288 -7.2503858718328047 -2.9584443997541783 -0.12374788833403727 0.071643439128557418 0.024503078113280452
ur,tetrapga,10.427010757,0.280243747,0.253825234,0.024443613,34.076646,41.389169,4.25958075,1,0,0,0.932674396,0.000904224,1.2,0,0,0,0 0 0.050000000000000003,0 0 0.050000000000000003,0 0 0.050000000000000003,wrist_3_link,-1,0,0 0 0,0 0 0,,0.010900445877587267 -1.5234666329499673 0.017568475962262933 -1.5797662119181062 -0.029666061400283765 -0.0047559295022225013,0.010893037420180999 0.013754638016985309 -0.0022060574188871788 -0.016154634522934534 -0.016823860126869601 -0.010736998493513972,0.15043566857546029 -1.4954968259978909 -0.039536665439123535 -1.7221991438738542 -0.19520422301615689 -0.090389737906622691,-0.015740767145498512 -0.10420697142681468 -0.16621508950918587 -0.1307262291125745 -0.041978183209738368 -0.10636437772456062,0.016032380413503272 -1.5218674897199258 0.014041030721143485 -1.5871447868832829 -0.037048238435498718 -0.009559802089516652,0.34870248327529496 0.13199561834205384 -0.23805711673299401 -0.51533700542878202 -0.51032340360612505 -0.33803182879174321,10.3353019802408 -38.726956683187503 -21.777006093770282 -2.4784130460112528 0.44246789345410131 -0.020670375553070143,-0.0035587379714954182 -8.0663923197444092 -3.2878400402349754 -0.11763937778323452 0.091799554995468213 0.033147839648153266
ur,tetrapga,10.468487357,0.282832934,0.237196596,0.027729716,34.151693,41.501317,4.268961625,1,0,0,0.966149213,0.01294584,1.2,0,0,0,0 0 0.050000000000000003,0 0 0.050000000000000003,0 0 0.050000000000000003,wrist_3_link,-1,0,0 0 0,0 0 0,,0.012179982222767552 -1.5226202449124719 0.016976473280239726 -1.5815483710792868 -0.031504829900166176 -0.0059088096545886681,0.02815085038388089 0.01821652366455628 -0.013289378000395081 -0.038561538217178164 -0.039846644176209312 -0.024997805730100433,0.149673323982847 -1.4998930218210251 -0.046445119154452201 -1.7275579017060143 -0.19683659042667756 -0.094778660909664997,-0.021018093886574416 -0.10775872582173246 -0.16687676886137051 -0.12764303376582553 -0.036721409383307549 -0.1052505933394543,0.016814930281379953 -1.5212021019855453 0.013514400441830374 -1.5885326553247023 -0.038328997548940827 -0.010508499133912406,0.33859362040556745 0.13022066633167981 -0.24929394485765391 -0.52325954292718424 -0.50655792263854771 -0.34677415773246822,10.237721609288169 -42.613569228819252 -23.553276917904665 -2.5788426916482035 0.46325007042342614 -0.020405442794248736,0.0731330100267229 -9.1508063457122262 -3.6516562140019957 0.0017226111194759142 0.16646229996061379 0.07715396272547892
ur,tetrapga,10.510079783,0.285869973,0.241109755,0.026300138,34.027078,41.398976,4.25338475,1,0,0,1.00012714,0.017532622,1.2,0,0,0,0 0 0.050000000000000003,0 0 0.050000000000000003,0 0 0.050000000000000003,wrist_3_link,-1,0,0 0 0,0 0 0,,0.013282254175356395 -1.521925167281148 0.016433051987745723 -1.5830821670423731 -0.033072862776138114 -0.0069073382852969526,0.022984778234014021 0.01475274580803191 -0.011270094965487054 -0.031886280657318029 -0.032614641421883667 -0.020792813388782975,0.1486892573466764 -1.504447057567692 -0.05339622147291577 -1.7327994973043983 -0.19825297545540679 -0.09913111296859646,-0.026299099145907723 -0.11120567278372748 -0.16733780431902059 -0.12437322442946715 -0.031374367950595505 -0.10402133676008082,0.01766361710728832 -1.520543564664242 0.012891587463951096 -1.5900511043960339 -0.039715690391854352 -0.011549836855605027,0.32687810986501842 0.12750874613807575 -0.26026734385461903 -0.53046165156201452 -0.50184502866436032 -0.35523976825004355,10.488839337934031 -46.347061235198218 -25.519010759564409 -2.741840134608613 0.49326096092250737 -0.021221514230684083,0.01726297485841144 -8.6790456500302753 -3.4383493168017267 -0.020900070543575566 0.14012455561628201 0.064186611935024729
ur,tetrapga,10.551571411,0.289302004,0.24421914,0.025264093,34.110025,41.617735,4.263753125,1,0,0,1.03616978,0.016316149,1.2,0,0,0,0 0 0.050000000000000003,0 0 0.050000000000000003,0 0 0.050000000000000003,wrist_3_link,-1,0,0 0 0,0 0 0,,0.014177195478863258 -1.5213260875728585 0.015955041494053492 -1.5843966375960024 -0.034381599170020469 -0.0077751162329822458,0.018589927386263638 0.013167503344344305 -0.0097454676945537711 -0.027371883620170769 -0.027261081547000889 -0.018121032469237262,0.14748905037413662 -1.5091304544201103 -0.060345369852203803 -1.7378892580566774 -0.19944288944554464 -0.10341976335139437,-0.031550625114016288 -0.11452565964589749 -0.16759459536347524 -0.12093727498836558 -0.025971584295778408 -0.10268389172787103,0.018437604399763892 -1.5199345774683355 0.012254756110727802 -1.5915226025974853 -0.041021961808074742 -0.012571347768219606,0.31464976333601269 0.12503108127684415 -0.27106979603431164 -0.53734145018339063 -0.49666462839216619 -0.36360890299074633,10.754107045873337 -50.194537410779354 -27.512990420265538 -2.9043812971896985 0.52360619899872551 -0.021960310251805563,-0.021457899826344828 -8.3371507111996834 -3.2767990378689902 -0.034150617461818911 0.12044669278401443 0.055949358724785014
ur,tetrapga,10.593282685,0.292655781,0.244981252,0.025182616,34.143074,41.763267,4.26788425,1,0,0,1.074305553,0.015644402,1.2,0,0,0,0 0 0.050000000000000003,0 0 0.050000000000000003,0 0 0.050000000000000003,wrist_3_link,-1,0,0 0 0,0 0 0,,0.015065513642758991 -1.5206918164566707 0.015438283251638657 -1.5857826232513017 -0.035725544470169769 -0.0087004966552520872,0.017547692799352407 0.013432878457376684 -0.0099530297427805146 -0.027409682185000388 -0.026611983011300359 -0.018357796034212524,0.14606331042323745 -1.5139749350577303 -0.067337771936981053 -1.7428586827222559 -0.20041182829952756 -0.10767287081680479,-0.036807476355329855 -0.11773977024427937 -0.16764739039789914 -0.11731169422524107 -0.020477913020946672 -0.10122851349030558,0.019167300835944697 -1.5193312325223149 0.011593635915310027 -1.5930021940769499 -0.04230049220991805 -0.013609834218134612,0.3019677268354069 0.12274555502351275 -0.28161047073415013 -0.54369764406954091 -0.49084238384947443 -0.37173900079984568,10.96743631394965 -54.18511750813974 -29.521190978110475 -3.059005456471696 0.5529131622310729 -0.022508718386097949,-0.029176773883534679 -8.3102633049320502 -3.2359165901300315 -0.027295831309857022 0.11691667956932861 0.056683600301511206
ur,tetrapga,10.635149377,0.296019761,0.245088963,0.02557427,34.239601,41.742204,4.279950125,1,0,0,1.114363258,0.014561486,1.2,0,0,0,0 0 0.050000000000000003,0 0 0.050000000000000003,0 0 0.050000000000000003,wrist_3_link,-1,0,0 0 0,0 0 0,,0.015915087700604055 -1.5200566595969938 0.014903084795914264 -1.5871764522356482 -0.037047483644816866 -0.0096401811836887112,0.017516574568981227 0.013949241171385287 -0.01076876293374863 -0.02868416032978054 -0.027266337483500866 -0.019389935852016066,0.14441233456264971 -1.5189696098344734 -0.074354102250395654 -1.7476910060620927 -0.20115275660724771 -0.11187846384779704,-0.042055533230884151 -0.1208374312778126 -0.16749270491393417 -0.11350380242756905 -0.014908012969371005 -0.099657131344588909,0.019851663591644302 -1.5187311349377022 0.010912884254219943 -1.5944853029551007 -0.043548965222107966 -0.014661841649518122,0.28880866542124051 0.12035139024402462 -0.29193451267402531 -0.54949747485019773 -0.48437216184256338 -0.37960424357580747,11.15941421479906 -58.238955595685503 -31.539507025993579 -3.2110953263395139 0.5818519598559444 -0.022992608300796479,-0.018845340984412928 -8.4395090361167604 -3.2578777384418913 -0.017308497542217083 0.11833463057830329 0.059868537549206735
ur,tetrapga,10.676992032,0.299365078,0.245248265,0.025959915,34.324791,41.902262,4.290598875,1,0,0,1.155886415,0.012907075,1.2,0,0,0,0 0 0.050000000000000003,0 0 0.050000000000000003,0 0 0.050000000000000003,wrist_3_link,-1,0,0 0 0,0 0 0,,0.016728360845035629 -1.5194237268855781 0.014348601340968985 -1.5885760006453278 -0.038346670215658893 -0.010593075721416143,0.017099131849568877 0.013982009637570385 -0.011536056605903566 -0.029422638665387899 -0.027335195067789829 -0.020086631022512406,0.14254347119190769 -1.5240882370842348 -0.081355576478007785 -1.7523578070654715 -0.20165922363645997 -0.11601361666171324,-0.047266449995559012 -0.12380092819029603 -0.16712983862014064 -0.10953341443237571 -0.0092926485862358989 -0.097977263394804046,0.020491464954385988 -1.5181363674740771 0.010214202228363115 -1.5959682609756642 -0.044765875751886196 -0.015724779594090865,0.27518159200575232 0.11763292969537831 -0.30206757115391869 -0.55470114693125339 -0.47725725412534581 -0.38716511357796668,11.349005915960747 -62.28779264001038 -33.552284929830066 -3.3625102353782435 0.61064038445447832 -0.023472840130674102,-0.0070818771797291902 -8.566771918998711 -3.2795222731315761 -0.01073011317748751 0.11797299744073086 0.062017471096915244
ur,tetrapga,10.719005698,0.302583324,0.245651262,0.02624233,34.05952,41.501042,4.25744,1,0,0,1.198777071,0.011725639,1.2,0,0,0,0 0 0.050000000000000003,0 0 0.050000000000000003,0 0 0.050000000000000003,wrist_3_link,-1,0,0 0 0,0 0 0,,0.017546992908879677 -1.5187657163327206 0.013736833055622509 -1.5900609756195159 -0.039692665777184014 -0.011614534751701528,0.016191923486541939 0.013632789901177689 -0.012013632675816186 -0.029377495631132788 -0.026645888198250433 -0.020259515435683349,0.14044841306971984 -1.5293496872108538 -0.088365991645170491 -1.7568731338546684 -0.20193045690399131 -0.12009266475674339,-0.052458604736579491 -0.12663965725805762 -0.16655586075646622 -0.10538569173511519 -0.0036126747264224701 -0.096181928337336825,0.021107421951739227 -1.5175346407089798 0.0094799742062128718 -1.5974881059368156 -0.045984393766001122 -0.016824380163738332,0.26102412751329929 0.11455014930238572 -0.31194292947249258 -0.55918595490319722 -0.46939037518325177 -0.39434037385526699,11.534910703684151 -66.330391808906953 -35.560990949488158 -3.5133795766712863 0.63930375761803937 -0.02395268269202467,0.00161832848007748 -8.6599688682817941 -3.286924149791254 -0.0078363142429225263 0.11502906585380401 0.062549985445116363
ur,tetrapga,10.760581912,0.305792997,0.245915397,0.026353603,34.248526,41.844912,4.28106575,1,0,0,1.242219076,0.008228526,1.2,0,0,0,0 0 0.050000000000000003,0 0 0.050000000000000003,0 0 0.050000000000000003,wrist_3_link,-1,0,0 0 0,0 0 0,,0.018299292325239611 -1.5181412862462551 0.013116937206054297 -1.5915071959317089 -0.040970458872041718 -0.012619721909988339,0.015511123528706865 0.013467568744801241 -0.01267608962872043 -0.029767868757682468 -0.026342023117015331 -0.020734914915440602,0.13816134449005701 -1.5346708854917945 -0.095275361461316543 -1.7611666631461034 -0.20196321206077991 -0.12405277789223561,-0.057551577736046168 -0.12931029035273486 -0.16578117837441358 -0.10112690404169858 0.0020420162800928354 -0.094299670205508099,0.021675422602834886 -1.5169480631382122 0.0087263576594723193 -1.5990017032057049 -0.047164785545769 -0.017931131449637892,0.24650818304318328 0.11123754242566115 -0.32151225583265813 -0.56300653393035494 -0.46091990334344773 -0.40113505159681967,11.710305938884328 -70.348103164411938 -37.544383462781028 -3.6606313456805433 0.66735266697977869 -0.024390351569991069,0.0025366685150487456 -8.6966890859648629 -3.2686604491089781 -0.00031772915554029169 0.11288817046228417 0.064018497326461699
ur,tetrapga,10.802528372,0.309043645,0.246212977,0.026390286,34.144717,41.513769,4.268089625,1,0,0,1.28794231,0.004640614,1.2,0,0,0,0 0 0.050000000000000003,0 0 0.050000000000000003,0 0 0.050000000000000003,wrist_3_link,-1,0,0 0 0,0 0 0,,0.019006283651833562 -1.5175316684871927 0.012479725997961811 -1.5929457734808006 -0.042211415047519595 -0.013629475695724797,0.014844047543874724 0.013345014123767101 -0.013375487103179951 -0.030236864783831214 -0.026090889543017703 -0.021274934581337918,0.13564037471389856 -1.5401490127309323 -0.10220926971367145 -1.7653158244735812 -0.20175742296975249 -0.12796665300214544,-0.062638808358464235 -0.13186165124788385 -0.16479159687786857 -0.096679606406349955 0.0077738381161191854 -0.092295813942915111,0.02219340681623487 -1.5163780504965012 0.00795660812358975 -1.600503400129305 -0.048302707274470946 -0.019041164648429875,0.23156921111258119 0.10772691452512892 -0.33080421314091435 -0.56620772325652813 -0.45182587222833148 -0.40760763446856618,11.875524069952075 -74.36717363804938 -39.521989362094338 -3.806302850288608 0.69513219867860165 -0.02480549375231279,0.00048211412720888802 -8.7087944397908359 -3.2391192357796754 0.0085449926991714165 0.11074017411297632 0.065687286220253327
ur,tetrapga,10.844137819,0.312182799,0.246598151,0.026450932,34.200015,41.748541,4.275001875,1,0,0,1.334215051,0.000140372,1.2,0,0,0,0 0 0.050000000000000003,0 0 0.050000000000000003,0 0 0.050000000000000003,wrist_3_link,-1,0,0 0 0,0 0 0,,0.01968409863686334 -1.5169231295520409 0.011809267650520266 -1.594411226440964 -0.043444707603396027 -0.014668346188506974,0.01422762580746113 0.013320647438194583 -0.014091685247944397 -0.03080757579259941 -0.025933956438003027 -0.021891570993415748,0.13292998626059374 -1.5456858435668752 -0.10904216186960622 -1.7692443139105078 -0.20131532030581809 -0.13176389771175348,-0.067628958520068311 -0.13424734693509904 -0.16360414753384991 -0.092123662045238322 0.013478855141851076 -0.090205745207005764,0.022668833593083811 -1.5158182634932076 0.0071650939475295392 -1.6020069332567526 -0.049410594905068758 -0.020164121653413206,0.21626010831683801 0.10404081638291755 -0.33973049244068365 -0.56870249645225057 -0.44211093326690881 -0.41367077936809793,12.032450400045278 -78.369755617812004 -41.47957578554 -3.9489624390141707 0.72239841525550708 -0.025184725583150665,-0.00038682152522540036 -8.7288074214620792 -3.2116952351376895 0.01798380524815002 0.1088951258882247 0.067592299887266449
ur,tetrapga,10.885982648,0.315205051,0.247228821,0.026622114,34.21696,41.691893,4.27712,1,0,0,1.38189948,0.003769699,1.2,0,0,0,0 0 0.050000000000000003,0 0 0.050000000000000003,0 0 0.050000000000000003,wrist_3_link,-1,0,0 0 0,0 0 0,,0.020353139954404343 -1.5162917658935131 0.011082085473397616 -1.5959542401900595 -0.044711061862782175 -0.015773385238185486,0.013206213667560595 0.012993198392445851 -0.014388034025538616 -0.030522083962428611 -0.025055388312177317 -0.021908954209301501,0.12999613729580717 -1.5513510086105522 -0.11585957511979547 -1.7730009077625202 -0.20063104121878775 -0.13549280301652566,-0.07258539710916076 -0.13649765990769078 -0.16220409068653791 -0.087402204864962918 0.019228069622300406 -0.088002926420452099,0.023114952683364269 -1.5152541373758304 0.0063375265685465462 -1.6035438646840481 -0.050514238503193212 -0.021323021772079245,0.2004957387025238 0.10010966469123492 -0.34825789273962882 -0.57040974508023901 -0.43167626490846778 -0.41928354078498753,12.184438512934484 -82.362082394407935 -43.432364364115557 -4.0910732802615986 0.74952755937984605 -0.025565902270299774,0.0049602682575056178 -8.7852974745474057 -3.2014401497722673 0.020908970243908698 0.10506804706955108 0.067645454193204557
ur,tetrapga,10.927771945,0.318271623,0.24776919,0.026750609,34.022972,41.373988,4.2528715,1,0,0,1.430791012,0.009372201,1.2,0,0,0,0 0 0.050000000000000003,0 0 0.050000000000000003,0 0 0.050000000000000003,wrist_3_link,-1,0,0 0 0,0 0 0,,0.020953959032738178 -1.515693629517145 0.010358862447072879 -1.5974436470989963 -0.045900858187693641 -0.016851361237877897,0.012370749132257155 0.0128021371654567 -0.014905378628473156 -0.030662364357733209 -0.024522509475915243 -0.022234451194273128,0.12686058355441085 -1.557099466459376 -0.12260518345037387 -1.7765525120146566 -0.19970745390558622 -0.13912268867548142,-0.077467845279623485 -0.13859307963112599 -0.16060091582667807 -0.082552615961086234 0.024974158118254503 -0.085703962410238546,0.023509506658362107 -1.5147059427403615 0.0054965660460436407 -1.6050653851532348 -0.05157277973993156 -0.022483369678335464,0.18438135003886053 0.095992588265768258 -0.3564535577207591 -0.57145365771406798 -0.42065392431101606 -0.42452227166961171,12.326154723178625 -86.334254476309113 -45.363751796509902 -4.2299884914614445 0.7761134468353843 -0.025909005929134254,0.0084825628524640706 -8.8277008925606424 -3.1839319974299656 0.026950616104841174 0.10222105586498742 0.068650389600769302
ur,tetrapga,10.969249369,0.321285633,0.24826968,0.026828591,34.131232,41.541988,4.266404,1,0,0,1.480336427,0.015975781,1.2,0,0,0,0 0 0.050000000000000003,0 0 0.050000000000000003,0 0 0.050000000000000003,wrist_3_link,-1,0,0 0 0,0 0 0,,0.021507231970778661 -1.515111571005038 0.0096235019161962816 -1.5989176007267714 -0.047048351190472217 -0.017928849458305734,0.011589444561060784 0.012633344085060956 -0.015541984610729245 -0.03098032925461091 -0.024113621689639514 -0.022696126991682792,0.12354815141862005 -1.5628884438538886 -0.12923001301227099 -1.7798745476921856 -0.19855335053040038 -0.1426284846639613,-0.082241953230449652 -0.14052004415422395 -0.15880846164944867 -0.0776119714687388 0.030674462929703238 -0.083326274248687798,0.023852281675538971 -1.5141752724134758 0.0046457249416436974 -1.6065661094471793 -0.05258332529633962 -0.023640996023794596,0.16798904512107321 0.091685557403000356 -0.36428862993453309 -0.57182706339702638 -0.40909497889221713 -0.42936080693424972,12.45860242297476 -90.262414485963617 -47.262399871079339 -4.3650547855796891 0.802021075249298 -0.026215797834047729,0.010030196812223835 -8.8534350852387433 -3.1582134854013404 0.034702533787822176 0.099639052608893053 0.070076298122756953
ur,tetrapga,11.010906912,0.324250965,0.248864142,0.026889667,28.719289,36.120146,3.589911125,1,0,0,1.545409837,0.022257413,1.2,0,0,0,0 0 0.050000000000000003,0 0 0.050000000000000003,0 0 0.050000000000000003,wrist_3_link,-1,0,0 0 0,0 0 0,,0.022025973086902167 -1.5145333131113778 0.0088565717807416126 -1.6004124228607703 -0.048181193338470908 -0.019032674087010676,0.010861611779514039 0.012534434472428271 -0.016233850144642199 -0.031426866124467774 -0.023810032718643955 -0.023255346356446608,0.12002361566372668 -1.5687797756759267 -0.1358046093473218 -1.783002192841165 -0.1971564473269494 -0.14604827796869119,-0.086959469112209961 -0.14229959437975517 -0.15680797377355402 -0.072528007283731058 0.03638924615672167 -0.080844231787464152,0.025218062947287317 -1.5137309570161013 0.0014531190118895303 -1.6111504406951798 -0.055832125111316105 -0.027065037232162296,0.17072265896854322 0.055539424671806503 -0.39907574121927092 -0.57304140600005971 -0.40609997687206051 -0.42800515104596271,10.644735661914375 -86.283419698453855 -37.246010367865878 -2.7538545113913928 0.55106033236558682 -0.0029963788033288523,0.010968711280639809 -8.8735900473211586 -3.1286678998246842 0.043629670633890782 0.097306921870128349 0.071803518076578143
ur,tetrapga,11.04712489,0.326683059,0.249233236,0.026910139,34.105921,41.540453,4.263240125,1,0,0,1.571684546,0.003913149,1.2,0,0,0,0 0 0.050000000000000003,0 0 0.050000000000000003,0 0 0.050000000000000003,wrist_3_link,-1,0,0 0 0,0 0 0,,0.022464428069767551 -1.5140116026350352 0.0081317569110212606 -1.6017890983826786 -0.049195883650926468 -0.020059668942363048,0.010424148763623645 0.012813673922898651 -0.017504667362721528 -0.032920232799798277 -0.024247781830652654 -0.024609369790827413,0.11680086465313946 -1.5739596298973764 -0.1414499042541757 -1.7855475117881938 -0.19574873454236708 -0.14893606646565069,-0.090993998503971676 -0.1437180487180901 -0.15490700075109634 -0.068013230395144814 0.041343704934721663 -0.078611429578890529,0.025006322511943617 -1.5133409549017438 0.0017292457688164453 -1.6110314306470293 -0.055632522114785976 -0.027039227735452927,0.14563462542702299 0.06629061547805877 -0.3828990240798687 -0.57020763851250145 -0.38981471670808671 -0.43460933102378174,12.164971625657682 -92.791912046786706 -48.214424872166568 -4.3998804202038357 0.80719914729081343 -0.026243515632587242,0.010369418089638316 -8.8803459339451365 -3.0903729173961594 0.059529017828026554 0.0971837057731193 0.075985301886376533
ur,tetrapga,11.088774321,0.32955287,0.250001854,0.02700292,28.603558,36.07139,3.57544475,1,0,0,1.650018671,0.023932012,1.2,0,0,0,0 0 0.050000000000000003,0 0 0.050000000000000003,0 0 0.050000000000000003,wrist_3_link,-1,0,0 0 0,0 0 0,,0.022903293156490104 -1.5134490134576701 0.0073203713518907509 -1.6032932088214358 -0.050275524927868326 -0.021192891887125215,0.0094555704478159353 0.012558375632087136 -0.017970733194882366 -0.032902641539081262 -0.023539553457381762 -0.024857152299423615,0.11291578640538436 -1.5799768101415355 -0.14785301434007381 -1.7882703257148034 -0.19390852329666036 -0.15215527584984781,-0.095552004168021731 -0.14519922132188789 -0.15253680513700332 -0.062717946643109881 0.047018363831347443 -0.075959766146383639,0.026184568371264445 -1.5131098889457615 -0.0016178766014271007 -1.6156023661005847 -0.058727903311564342 -0.030505292053015189,0.1472807324151035 0.028883244497776892 -0.41839029628044322 -0.57136693169442299 -0.38692264959729589 -0.43325803969528282,10.883239804099745 -88.421303250942827 -38.101273733591057 -2.8070716828654367 0.56069880274908501 -0.0030765272487573735,0.014159553402308234 -8.910963537272437 -3.0660851859021996 0.065161148575498373 0.093698576341139983 0.076750157729513546
ur,tetrapga,11.124940006,0.330525154,0.248841212,0.03287877,34.042878,41.394537,4.25535975,1,0,0,1.660358186,0.028879023,1.2,0,0,0,0 0 0.050000000000000003,0 0 0.050000000000000003,0 0 0.050000000000000003,wrist_3_link,-1,0,0 0 0,0 0 0,,0.0235492743538765 -1.512774106541082 0.0059860847447158584 -1.6055857586332027 -0.051911464517961491 -0.022914650686473029,0.016126889917418088 0.014261817504191029 -0.034837052281879596 -0.056116006796362347 -0.039954641546245159 -0.04214122365464975,0.10938964583776227 -1.5852492865140626 -0.15332997641062904 -1.7904541082055443 -0.19211934606707784 -0.1548596867347147,-0.099435400720281744 -0.14635368745123428 -0.15032053634310633 -0.058034675714255274 0.051920650264870617 -0.073586094925800372,0.025810217306749629 -1.5125682635727415 -0.0010018351285825244 -1.6151185547908229 -0.058247964486177341 -0.030222168099321121,0.11791199302239469 0.046716771335044274 -0.39824240002836286 -0.56556155299114697 -0.36603507142680319 -0.43902459119712589,11.931120038367888 -97.101963423062273 -49.94428723460608 -4.4646474781136192 0.82181558634615692 -0.025458152476361535,0.26944907202108936 -10.849994030302696 -3.7240814838875043 0.16702642700329307 0.15292103665967716 0.13005716104418497
ur,tetrapga,11.166408601,0.332745359,0.248078103,0.024961913,34.090127,41.520262,4.261265875,1,0,0,1.709423939,0.017493307,1.2,0,0,0,0 0 0.050000000000000003,0 0 0.050000000000000003,0 0 0.050000000000000003,wrist_3_link,-1,0,0 0 0,0 0 0,,0.024038240742599949 -1.5123522050288913 0.00484203779464533 -1.6073870078767305 -0.05315481256009795 -0.024281348789757368,0.0098555397826672938 0.0084069611379646008 -0.02355128845583495 -0.036806427227934105 -0.02521912165646625 -0.028002620551675562,0.10517539234211362 -1.5913432219510009 -0.1595078167268689 -1.7927478066190634 -0.1898503109188 -0.15785341228598829,-0.10379864962779013 -0.14752510393022256 -0.14760054975925094 -0.052572846229085222 0.057506414537404633 -0.070785188950890574,0.025667012333656453 -1.5120279338507903 -0.0012674476232027733 -1.6157426313311867 -0.058483489437204682 -0.030794425712930736,0.092847913622707889 0.0540375562532662 -0.39844361952927193 -0.56123124967623794 -0.34776261425838018 -0.44283340854893638,12.371855033176374 -104.18339238001541 -53.883764100213043 -4.7901356129013335 0.88320791261601816 -0.026765250528912082,-0.078217451078799627 -8.2374311397697966 -2.6517752102732901 0.13120430968956498 0.089988255599379841 0.086487086405782065
ur,tetrapga,11.208026286,0.333715433,0.249326314,0.030768908,28.620321,36.110062,3.577540125,1,0,0,1.781272671,0.018915209,1.2,0,0,0,0 0 0.050000000000000003,0 0 0.050000000000000003,0 0 0.050000000000000003,wrist_3_link,-1,0,0 0 0,0 0 0,,0.024698050652803023 -1.5117938435493066 0.0031594801826570883 -1.6100190247716022 -0.054952890818740788 -0.026282424213058805,0.01449500470044153 0.0090941303174352246 -0.038491005597957026 -0.056430705979328345 -0.03842947285655935 -0.042877289253678605,0.10076615116738784 -1.59750447696298 -0.16559051759677415 -1.7948200884716505 -0.1873411413067137 -0.16073939814131399,-0.10807679517722284 -0.14853548076187328 -0.14468132177524051 -0.046998842502531842 0.063067383662561954 -0.067891592548620372,0.026402978792639198 -1.5119359637135574 -0.0047769098733673509 -1.6202438981030423 -0.061242665431512425 -0.034325504664632148,0.09199580737284313 0.011496267154103859 -0.43868278127057214 -0.56265834648195201 -0.34489699928846784 -0.44138486896267615,12.168993741114503 -98.942619302342081 -42.672145263609764 -3.1408975936016379 0.62626650108636917 -0.0035032078179391196,0.18530841175301305 -10.153739716945893 -3.3058327288994445 0.21148248869667441 0.13917672262685699 0.13235251555911987
ur,tetrapga,11.244212763,0.335645635,0.248621802,0.021454637,34.170278,41.558817,4.27128475,1,0,0,1.790761212,0.010323758,1.2,0,0,0,0 0 0.050000000000000003,0 0 0.050000000000000003,0 0 0.050000000000000003,wrist_3_link,-1,0,0 0 0,0 0 0,,0.025037442125438687 -1.5115715426301171 0.002124923950180508 -1.6115030919692179 -0.055915454628885898 -0.027428090853736365,0.0082183384529873529 0.0058222380818194553 -0.025376140547326523 -0.03667170122985005 -0.023685958089787167 -0.02837035330191642,0.096789234436308574 -1.6028932740848072 -0.17077777182351545 -1.7964320391457191 -0.18497210602592995 -0.16314963340372354,-0.11171089851781166 -0.14927824361591166 -0.14199101781615647 -0.04208199176821064 0.067860489485271819 -0.065310388835716715,0.026238231637254049 -1.5115251966724668 -0.0046328925888426669 -1.6202940825557477 -0.061150515648334444 -0.034430530541110414,0.064752647276888453 0.028569562421294877 -0.41336245340615574 -0.55257343995220909 -0.3214319522669109 -0.44421659774077016,12.191805989826197 -107.02901530636699 -54.794080906611512 -4.8107191508049221 0.88735098892520714 -0.026474111982210835,-0.22447357856746919 -7.0800300981918554 -2.0486970130906106 0.18639719857765158 0.073456170402081966 0.087660717594324922
ur,tetrapga,11.28588008,0.338304348,0.252355139,0.02129011,28.664533,36.032095,3.583066625,1,0,0,1.869611033,0.048891801,1.2,0,0,0,0 0 0.050000000000000003,0 0 0.050000000000000003,0 0 0.050000000000000003,wrist_3_link,-1,0,0 0 0,0 0 0,,0.025282549771661479 -1.51125773124322 0.0011708640193954917 -1.6129269970131288 -0.056785713475134385 -0.028553870953935318,0.0043171286751477423 0.008060879024560751 -0.018481934827439064 -0.028541275170268991 -0.017237122250462665 -0.022750075026528059,0.092049116515539361 -1.6091284196745566 -0.17662666197080576 -1.7980662373196017 -0.1820304886579599 -0.16580777195334545,-0.1157925005549805 -0.1499758509250203 -0.13872081128206676 -0.036345428714816504 0.073324589579888882 -0.062265506089535586,0.026742554879956901 -1.5116493206697232 -0.0082651142167792548 -1.6247253247961835 -0.063700318111382534 -0.037972955248059298,0.063040405337856403 -0.015515499657049969 -0.45402770349207344 -0.55390528005447681 -0.31872530788101083 -0.4428030883686106,12.471321201419922 -101.32618846742272 -43.603335195061518 -3.1991163981591111 0.63707195722545307 -0.00358394673406978,-0.22181715204570196 -7.0257361554204181 -2.0342158105721158 0.14053996098573407 0.052472614640294069 0.070306044233305443
ur,tetrapga,11.322010716,0.339396689,0.254778652,0.031483058,34.039387,41.43599,4.254923375,1,0,0,1.875773612,0.000046179,1.2,0,0,0,0 0 0.050000000000000003,0 0 0.050000000000000003,0 0 0.050000000000000003,wrist_3_link,-1,0,0 0 0,0 0 0,,0.025580942039199826 -1.5107423889495624 -0.00019288727592771873 -1.615021775399087 -0.058070571977594063 -0.030211517813021848,0.00770431922052947 0.010870119936639841 -0.036587198514639693 -0.052794051608139332 -0.032292079600073367 -0.041771682068260006,0.087802930298569837 -1.6145559721409648 -0.18158525801712322 -1.7992886351940898 -0.17929643036369231 -0.16800883294096489,-0.11923920979657823 -0.15044325734349837 -0.13573816600780808 -0.031311144843029319 0.07800973570457112 -0.059564267020140949,0.026425229301653815 -1.5111103403830297 -0.007619299275446207 -1.6242053021580682 -0.063223792137348911 -0.037651860775530691,0.032935105259431746 0.01068930332664874 -0.42378731613659004 -0.54146900755413774 -0.29229338660757537 -0.44495303062376435,12.092163010489401 -111.64521342092938 -56.633357669072282 -4.8867267631881521 0.9042361554329742 -0.025731813370445004,0.24988408455891431 -10.389409258330488 -3.2900573881886555 0.20288429132688179 0.11707436357265522 0.12892543298241321
ur,tetrapga,11.363517057,0.341456015,0.253107902,0.023752942,28.668373,36.426924,3.583546625,1,0,0,1.955625632,0.05879694,1.2,0,0,0,0 0 0.050000000000000003,0 0 0.050000000000000003,0 0 0.050000000000000003,wrist_3_link,-1,0,0 0 0,0 0 0,,0.025809318215754655 -1.5104220961079369 -0.0014276183887916123 -1.6167621940958443 -0.059096303368061424 -0.031602030561654296,0.0045119544179145869 0.0063789140867679004 -0.025645922324761851 -0.035821482281343263 -0.020858476401090818 -0.028719724624102938,0.082773443644501649 -1.6208087619556459 -0.18714531698421383 -1.8004671443755829 -0.17594796317478179 -0.17041557463775678,-0.12308872617227805 -0.1508216484088146 -0.13214634345276075 -0.025465152900048155 0.083325077499612363 -0.056393783837411351,0.026665608179611836 -1.5113962327280626 -0.011344514673021548 -1.6285475309841639 -0.065541503423271447 -0.041200353088645218,0.03004735974475272 -0.035736543129103883 -0.46565192469691763 -0.54277860326197314 -0.28971391074031738 -0.4435615391393159,12.984539411940041 -105.38898038903167 -45.289515128650706 -3.315737531589118 0.65961405442857424 -0.0037344603354948335,-0.099585175672558535 -7.83847075243375 -2.241618676001135 0.18026007421121903 0.064579472232026092 0.088709893293966502
ur,tetrapga,11.400044764,0.342119739,0.256779702,0.032248005,34.286786,41.709932,4.28584825,1,0,0,1.956765966,0.00143352,1.2,0,0,0,0 0 0.050000000000000003,0 0 0.050000000000000003,0 0 0.050000000000000003,wrist_3_link,-1,0,0 0 0,0 0 0,,0.026055056359991471 -1.5100080220534038 -0.0030663644125096066 -1.6190941723550181 -0.060453596196668936 -0.033473116897464524,0.0062555056313537988 0.0068231141065737393 -0.04289288216334812 -0.056998898279710636 -0.033033811657191957 -0.04568942916883989,0.078216966143370287 -1.6263218418028837 -0.19191237125624944 -1.8013025826019335 -0.1728198397903245 -0.17242366313952726,-0.1263759438173985 -0.1510137475032596 -0.12884181422930654 -0.020270153292446635 0.087938459073873529 -0.053546233153417729,0.026353691871504891 -1.5107606712596504 -0.010660901792221764 -1.6280382837048446 -0.065080473509311662 -0.040888048767681026,-0.00083004978709559467 -0.0073179836146436382 -0.43193278118202316 -0.52717900440670185 -0.26036546241768482 -0.44391422182826923,11.996079191380371 -116.25069672864221 -58.590628472607932 -4.9835013659940479 0.92410107831995203 -0.025340998999101944,0.30457057841921653 -10.641841692945491 -3.2595956599597358 0.241554465430454 0.11660882693499275 0.14101056478328644
ur,tetrapga,11.441860342,0.344050081,0.253349706,0.020632904,28.655944,36.130785,3.581993,1,0,0,2.037269138,0.069683604,1.2,0,0,0,0 0 0.050000000000000003,0 0 0.050000000000000003,0 0 0.050000000000000003,wrist_3_link,-1,0,0 0 0,0 0 0,,0.02620255837283544 -1.5098663891055828 -0.0044133154266269795 -1.6208123896216837 -0.061390863908916404 -0.034871133013384258,0.002715931898812301 0.002717935697158154 -0.027198037983241111 -0.034555567924339614 -0.018557342329116176 -0.028234820357134139,0.07285585035887221 -1.6326383734340146 -0.19721809244747182 -1.8020249570372247 -0.16903359151418695 -0.17459348386998891,-0.13001965379836758 -0.15107108621252127 -0.12489745308063745 -0.014271749563579848 0.093139454509715169 -0.050223252913753687,0.026313989153383236 -1.5112087987226366 -0.014462851963835646 -1.6322664103056888 -0.067143656887273778 -0.044428269754810762,-0.0049628397652067063 -0.056015932873271765 -0.47524377145173513 -0.52851582510551365 -0.25789792224526514 -0.44252762339121648,13.499493409273535 -109.48211036932668 -47.002483952279107 -3.4347794807828147 0.68265358939561893 -0.0038942728424636868,-0.22166021082914256 -6.8088582990776558 -1.6937856610817406 0.22398209066523123 0.046670983174522007 0.087244253983087106
ur,tetrapga,11.478086415,0.344654169,0.258466189,0.030698414,28.683701,35.997108,3.585462625,1,0,0,2.126090979,0.013367128,1.2,0,0,0,0 0 0.050000000000000003,0 0 0.050000000000000003,0 0 0.050000000000000003,wrist_3_link,-1,0,0 0 0,0 0 0,,0.02631614752366308 -1.5095745526122057 -0.0061057762620736495 -1.623079486368824 -0.062613511303585348 -0.03672945088004969,0.0029676823563493612 0.0038791050499038049 -0.044227973833323941 -0.055439692900980719 -0.029760599136163628 -0.045395681593072917,0.06809019197331366 -1.6381098319075518 -0.20167865102281565 -1.8024472351967149 -0.16557903189618348 -0.17635992787259971,-0.13307023164383947 -0.15098007695154406 -0.12134404161787821 -0.0090361391089325647 0.097570921178592243 -0.047292199423489618,0.026310365842785344 -1.5120606914891559 -0.018450021490075748 -1.6364910734025961 -0.069187449122705122 -0.047954874328151556,-0.00045291382473650315 -0.1064865958149232 -0.49839619078001274 -0.52808288711342211 -0.25547402942891795 -0.44082557166759889,12.981254761804159 -100.77723201008342 -42.071316077691804 -3.0364434946681755 0.60680996184115554 -0.0030247594765840762,0.26333153704175061 -10.13047648693464 -2.932857068996789 0.26646379102294304 0.099236281788108727 0.14011519707432285
ur,tetrapga,11.514185591,0.346124059,0.254943202,0.018523811,28.59967,35.934817,3.57495875,1,0,0,2.201944607,0.048248051,1.2,0,0,0,0 0 0.050000000000000003,0 0 0.050000000000000003,0 0 0.050000000000000003,wrist_3_link,-1,0,0 0 0,0 0 0,,0.026357501574175417 -1.5095219765067514 -0.0073810154236815242 -1.6246148504068731 -0.063381679364769669 -0.03800685242751909,0.00060236835407872201 0.0012534743383730295 -0.029089219656523151 -0.034983353292024524 -0.017152573168988567 -0.029255035409582856,0.063233108719394804 -1.643556493097091 -0.20599330379050418 -1.8026787876813655 -0.16197819129044219 -0.1780137214064054,-0.13600943111092012 -0.15075922488149518 -0.11768013166817105 -0.0037877626674125823 0.10191364510690604 -0.044325303016837368,0.025653459492531176 -1.5090712688627319 -0.010366014719695379 -1.6284744314947175 -0.064828531951847346 -0.041524075635399192,-0.08800526020553022 0.056338455502438441 -0.37312491200173192 -0.48244763598053508 -0.18085657338470923 -0.43965290098501297,10.534726065981619 -144.18196222791784 -81.324494226151245 -7.3298744674610958 1.3154150879011648 -0.048676660129254631,-0.29141753185173513 -6.1128576010478355 -1.2845154644874057 0.26738492194544961 0.033808583255648728 0.090413270828975101
ur,tetrapga,11.550212291,0.346993102,0.26240356,0.032005922,28.72577,36.324342,3.59072125,1,0,0,2.195610892,0.031415499,1.2,0,0,0,0 0 0.050000000000000003,0 0 0.050000000000000003,0 0 0.050000000000000003,wrist_3_link,-1,0,0 0 0,0 0 0,,0.026330970034840737 -1.5092998101934425 -0.0089375293924361891 -1.6266248986825156 -0.06437428629647049 -0.039695376337899498,-0.00089826810202070181 0.0039000717403651361 -0.046931604815709897 -0.05721917339830003 -0.02814450962972026 -0.048055738408876836,0.058281837725882392 -1.6489819335274083 -0.21016526543278485 -1.8027204957817333 -0.15822966092284257 -0.17955661827214317,-0.13884001401428653 -0.15040915765795079 -0.11390409299181826 0.0014763454010377844 0.10617050737102171 -0.041320541071891002,0.024809867735981584 -1.5090685409734632 -0.013943217925533333 -1.6323540945787354 -0.066264832915683414 -0.045043346884908284,-0.10544896956869895 0.00034098615858387665 -0.44715040072974416 -0.48495788550223229 -0.17953762047950811 -0.43990890618863632,16.424971114539023 -138.02912359094731 -60.703231063013895 -4.4816341497273058 0.8859624455965367 -0.0056303040515791308,0.35825818771358797 -10.561954386027537 -3.0021767091649494 0.28138567859605246 0.093363774586066484 0.14830635937349257
ur,tetrapga,11.586636334,0.346781117,0.268060929,0.03805619,28.60434,36.148638,3.5755425,1,0,0,2.219714415,0.023621902,1.2,0,0,0,0 0 0.050000000000000003,0 0 0.050000000000000003,0 0 0.050000000000000003,wrist_3_link,-1,0,0 0 0,0 0 0,,0.02627821028456476 -1.5091591197226855 -0.011149837495096822 -1.6293502381681646 -0.065713773296190506 -0.041983565423082576,-0.0010349085289547311 -0.0019993658121816439 -0.062961677960399531 -0.072365162684733655 -0.035336489609079501 -0.060629818535346755,0.053174219052214214 -1.6544520009027632 -0.21424278692067281 -1.8025694549026803 -0.15428536674523424 -0.18100570754984108,-0.14159503182617977 -0.14992354019056084 -0.10996809707177845 0.0068203885672714348 0.11039170023675433 -0.038240274080615144,0.023992402473983213 -1.5095767461275098 -0.017779396634866815 -1.6362395568773989 -0.067676039672166732 -0.048544737380781786,-0.10218315774979642 -0.063525644255823521 -0.47952233866668509 -0.48568278733292947 -0.17640084456041533 -0.43767381198418803,16.508399995721277 -127.61214127975326 -53.73147020021495 -3.9169518961301426 0.78402998303368054 -0.00401518307181021,0.6663050508521593 -12.558542843984469 -3.6824475824003997 0.33062081926073006 0.12484447975566582 0.18705768845703119
ur,tetrapga,11.622855779,0.349790699,0.257718842,0.020980871,28.587678,36.020865,3.57345975,1,0,0,2.27144051,0.064149608,1.2,0,0,0,0 0 0.050000000000000003,0 0 0.050000000000000003,0 0 0.050000000000000003,wrist_3_link,-1,0,0 0 0,0 0 0,,0.026227107854448324 -1.5095486646950194 -0.011626738128149497 -1.6295123564795098 -0.065651162547449807 -0.042160088192615797,-0.0020114802678369891 -0.0039665556589871063 0.0043248754952026191 0.0094638750673611046 0.0087947670958169275 0.0064556980665608785,0.047997753333535398 -1.6598714219558384 -0.21815315231020388 -1.8022259248025079 -0.15021232624112266 -0.18233467125255259,-0.14422572450378468 -0.14930945022441774 -0.10593938786499271 0.012151406569669228 0.11450261913293477 -0.035137239522672711,0.023233420189921774 -1.5105649515281272 -0.021813234970166007 -1.6401240390652649 -0.069067387630869351 -0.052029960736412702,-0.094872785507680024 -0.12352567507716476 -0.50422979191239903 -0.48556027348326752 -0.17391849483782754 -0.43565291945386481,15.396955236916414 -117.24365319650833 -48.858359594649031 -3.5374385727330031 0.70926896678302387 -0.0034985091130618081,-1.7549729872978475 4.5048349889693782 3.147130651353649 0.33821382624228136 -0.11811695734874661 -0.019490634943139185
ur,tetrapga,11.658966345,0.35264721,0.264529284,0.019323348,28.707992,36.395595,3.588499,1,0,0,2.35027157,0.061817711,1.2,0,0,0,0 0 0.050000000000000003,0 0 0.050000000000000003,0 0 0.050000000000000003,wrist_3_link,-1,0,0 0 0,0 0 0,,0.025904575199771046 -1.5091611261628846 -0.012049783926011472 -1.6301487239840891 -0.065743628030320286 -0.042816419699413043,-0.010559370929214896 0.015438411032400382 -0.01499690124700225 -0.022614384475813726 -0.0051848009271059153 -0.022611681127397636,0.042743983017762881 -1.6652500589302726 -0.22190449076972676 -1.8016909782002977 -0.14600491987876185 -0.18354707005353169,-0.14673816824482844 -0.14856716918321528 -0.10181202633119708 0.017478459159563225 0.11851116745213311 -0.032005943116072667,0.022534324875129325 -1.5119937719992109 -0.026020988491081445 -1.6440051743404491 -0.070440718533553506 -0.055499827617317685,-0.0873869143490561 -0.17860255888545323 -0.52596919011442966 -0.4851419093980166 -0.1716663628355195 -0.43373336011312286,14.12452371892357 -107.391201404588 -44.511014729420168 -3.2008147215922653 0.64133041049146611 -0.0031548543722312076,-0.19421062171919345 -6.3767047660439857 -1.3094333170224104 0.20417065148831171 -0.0061714477227212683 0.069876469351399351
ur,tetrapga,11.695464088,0.354227329,0.268247554,0.03647735,34.170015,41.644897,4.271251875,1,0,0,2.274991634,0.003127315,1.2,0,0,0,0 0 0.050000000000000003,0 0 0.050000000000000003,0 0 0.050000000000000003,wrist_3_link,-1,0,0 0 0,0 0 0,,0.025340425504440656 -1.508467119394741 -0.013253003504287663 -1.6318103506420447 -0.066267085560849676 -0.044390523596894473,-0.014815798074929925 0.015291215943572252 -0.03535205614003805 -0.044799989717334371 -0.014360187238545853 -0.042179697570991756,0.037343761552007131 -1.6706567342022507 -0.22554261144700616 -1.8009546799273599 -0.1416070368630078 -0.18465691078683971,-0.14916336045623657 -0.1476853089666029 -0.097531401949608146 0.022869965112533586 0.1224673081946495 -0.028805185190924839,0.022922230430020101 -1.5109735091176317 -0.023278153039811449 -1.6415611856975787 -0.069411537057523925 -0.05337198951771633,-0.12689309497061099 -0.092882927581973862 -0.45514463026586194 -0.45667790079147363 -0.13220437629029086 -0.42835173882628169,11.306365529529257 -128.83809007085284 -63.919791804502218 -5.2131118906137122 0.97138964660040905 -0.024097503691808443,0.6257379080369958 -12.037525442190599 -3.5359012197414188 0.17799232258312259 0.056118824984707771 0.1300979840803933
ur,tetrapga,11.737209631,0.354831231,0.269129558,0.04094486,28.62704,35.972493,3.57838,1,0,0,2.357879088,0.117400514,1.2,0,0,0,0 0 0.050000000000000003,0 0 0.050000000000000003,0 0 0.050000000000000003,wrist_3_link,-1,0,0 0 0,0 0 0,,0.024613472166835935 -1.5079788920260639 -0.015383309830616346 -1.6343739188370858 -0.067137864764593366 -0.046761769428816678,-0.015591235396636273 0.0033493607650230336 -0.053344340195961341 -0.058179267465601682 -0.019669672272016117 -0.053490379597536407,0.031061415123794754 -1.6767981085192594 -0.2295096803891428 -1.7998711864274495 -0.13640222018817058 -0.18578227024035335,-0.15179373097975601 -0.14651497855440965 -0.09250543281186209 0.029039364977597654 0.12686957332205784 -0.025102929885636258,0.02184014133322526 -1.5121560325425023 -0.027301172976785217 -1.6452241524904561 -0.070454436721672703 -0.056791051168057521,-0.13526113709935514 -0.14781542810881698 -0.50287749212172095 -0.45787084910965764 -0.13036245801859694 -0.42738270629264913,14.911605837041453 -120.47828314338398 -51.54476532396356 -3.7405038395679622 0.7414343617565029 -0.0043629415432413759,0.85858326140044028 -13.511803752953711 -3.9879984708796741 0.23245938259606191 0.078587985524734449 0.16496740444645752
ur,tetrapga,11.773272655,0.354231184,0.271676077,0.040943213,28.678566,36.115894,3.58482075,1,0,0,2.449183335,0.023431302,1.2,0,0,0,0 0 0.050000000000000003,0 0 0.050000000000000003,0 0 0.050000000000000003,wrist_3_link,-1,0,0 0 0,0 0 0,,0.023941115309080108 -1.5080159012401553 -0.017930012505693444 -1.6371343787496175 -0.068096094211352529 -0.049278346890336451,-0.015899048087560975 -0.01091447916695897 -0.070646421420581557 -0.069654406856002965 -0.023860297045344338 -0.063169724453398704,0.025548212276186047 -1.6820615421804161 -0.23276577038547086 -1.7987278786458816 -0.13176001213577423 -0.18662938247630909,-0.15394046127514169 -0.14536567030967057 -0.088056030532280796 0.034365798834602543 0.13056287283886894 -0.0218717427766889,0.020797142680221276 -1.5137868315414558 -0.031530361937489489 -1.6488872482241836 -0.071479319309142586 -0.060194287276071692,-0.13037483162549798 -0.20384987486917469 -0.52864862008803404 -0.45788696671594598 -0.12811032343373474 -0.42540451350177172,14.460671585812197 -110.49025276709959 -45.931942377486159 -3.2978417150046515 0.65939331262269474 -0.0033843226343366222,0.89780213442655565 -13.511260158570622 -3.81190469446409 0.32269359407109732 0.087819508562319015 0.19484702115107666
ur,tetrapga,11.809488556,0.354907308,0.257297106,0.008455892,28.715527,36.216138,3.589440875,1,0,0,2.531991153,0.053657166,1.2,0,0,0,0 0 0.050000000000000003,0 0 0.050000000000000003,0 0 0.050000000000000003,wrist_3_link,-1,0,0 0 0,0 0 0,,0.023628183349135148 -1.5086482642602097 -0.019705074380830984 -1.6386469893834417 -0.068552194481290671 -0.05065379010018603,-0.00563281067702078 -0.017025308580970774 -0.037302250922987827 -0.030309706095831921 -0.0084455606716683264 -0.027600481263460885,0.019935877051537033 -1.6873032543655064 -0.23587242575369316 -1.7973865447627517 -0.12696599560921595 -0.18736229926804049,-0.15597710370387083 -0.14408316370215712 -0.083491207132169926 0.039706758593154007 0.13416557788030339 -0.018598590901588101,0.021878369612149583 -1.5086523107307506 -0.022588210963511317 -1.6417083812924556 -0.068834385145464166 -0.053890248195225553,-0.21872671712319564 -0.0005058088175962025 -0.36039207283504182 -0.38267398862672564 -0.035273833021686962 -0.40455726187994018,7.5381454577417859 -160.04814158864286 -87.657917090249839 -7.4138002556791642 1.3396326759083901 -0.043975361167389912,-0.64339651902668038 -2.7904444837740812 0.5587526103271756 0.41293156329084013 -0.029135028396723328 0.085394290321715971
ur,tetrapga,11.845840931,0.35548133,0.266839784,0.025769647,28.592063,36.275407,3.574007875,1,0,0,2.512198992,0.031534036,1.2,0,0,0,0 0 0.050000000000000003,0 0 0.050000000000000003,0 0 0.050000000000000003,wrist_3_link,-1,0,0 0 0,0 0 0,,0.023166190182270025 -1.509036628659207 -0.021498714940476372 -1.6403827212767184 -0.069051483263589009 -0.052265894646009337,-0.013665642823409685 -0.012898513032823767 -0.053474258635404698 -0.049465489544188022 -0.014130900676892853 -0.045946643517685626,0.014230425071300555 -1.6925156727687432 -0.23882282316029974 -1.7958458552003089 -0.12202469895634439 -0.18797828520554052,-0.15789944770226258 -0.14266725966619653 -0.078815612622253339 0.045054836962377186 0.13767114195336827 -0.015286963055660928,0.019916756101910606 -1.509168623067342 -0.026110497803424938 -1.6447814142797343 -0.06911530528278699 -0.057139587650289814,-0.24520168877987217 -0.064539042073943009 -0.44028585498920253 -0.38412912340984806 -0.035115017165353223 -0.40616743188303245,17.962646743190263 -151.78885897524185 -66.527523520069337 -4.8751848739095438 0.95969069172569044 -0.0062381596413101127,0.22072739719574486 -8.5039834185708969 -1.7052926538821254 0.36512120475163101 0.02298485738830891 0.14182948357293412
ur,tetrapga,11.882218028,0.355091488,0.274158166,0.034100405,28.659257,36.079691,3.582407125,1,0,0,2.524670707,0.024871975,1.2,0,0,0,0 0 0.050000000000000003,0 0 0.050000000000000003,0 0 0.050000000000000003,wrist_3_link,-1,0,0 0 0,0 0 0,,0.022476674061516124 -1.5095148901715549 -0.023923777526543281 -1.6427367503361341 -0.069726920467848202 -0.054461236025569036,-0.018118487264748795 -0.018798471812205911 -0.068908729945446973 -0.062602457993859037 -0.017746830231030224 -0.058210660533095593,0.0084533914229331184 -1.6976777803622873 -0.24160343640332402 -1.7941098158348325 -0.11695454948065866 -0.1884737409777833,-0.15969899666290566 -0.1411223274010529 -0.074046847936677318 0.05038859293897819 0.14106449681570377 -0.01194924685316647,0.017979215779035679 -1.510251482125571 -0.029919390232421204 -1.6478668334129314 -0.069372280447188239 -0.060367596788132402,-0.24219254035936563 -0.13535738227863761 -0.47611155362453317 -0.38567739164964271 -0.032121895550155544 -0.40350114223032346,18.300452432489386 -140.06009247907303 -58.786724358650318 -4.267504324765552 0.85408593504166397 -0.0044779300962705165,0.66420024032150593 -11.253133528624858 -2.7107002234653663 0.37576426841951616 0.048977245174228301 0.17958939576838873
ur,tetrapga,11.91840206,0.357538913,0.265418443,0.039080251,28.73407,36.185664,3.59175875,1,0,0,2.567009392,0.086192058,1.2,0,0,0,0 0 0.050000000000000003,0 0 0.050000000000000003,0 0 0.050000000000000003,wrist_3_link,-1,0,0 0 0,0 0 0,,0.022390906215991793 -1.5102074003254169 -0.024540958488522738 -1.6428191105612953 -0.069555797745098846 -0.054585294491633872,-2.1810463152588719e-05 -0.0047842220747354022 0.0037399761615151956 0.0095212366299141354 0.008013625029065434 0.0070543017461788112,0.0026443336820093058 -1.702754448539247 -0.24419563702679736 -1.7921909020486919 -0.1117909623936874 -0.18884572289261281,-0.1613641691352615 -0.13945947488288354 -0.069217989836631827 0.055671353998199911 0.14432270248626955 -0.0086079725950791251,0.016107830337979991 -1.5118651823371219 -0.033947322387484373 -1.6509555649598948 -0.069612012373993726 -0.063577744060623012,-0.23392318013196095 -0.20171252644386539 -0.50349151938289605 -0.386091443370425 -0.02996649085068501 -0.40126840906132644,17.094831474591388 -128.43247030425249 -53.340527408905352 -3.8471867779050823 0.77200782574373528 -0.0039006315764833471,-2.4037815736610355 9.9259206192100464 5.8620377171151574 0.57965513921590173 -0.16564542324334752 -0.021173525716264407
ur,tetrapga,11.954697373,0.360318309,0.272359524,0.011954193,28.725396,36.256887,3.5906745,1,0,0,2.639358959,0.093072387,1.2,0,0,0,0 0 0.050000000000000003,0 0 0.050000000000000003,0 0 0.050000000000000003,wrist_3_link,-1,0,0 0 0,0 0 0,,0.021848727920255381 -1.5098466629479625 -0.024908695592470474 -1.6432661310871453 -0.069405460056979201 -0.055168393841584298,-0.018519018826051441 0.016105064957956289 -0.012005691927610172 -0.015995528849201371 0.0031991178739219335 -0.020015293217827208,-0.0032408288970045087 -1.7077840082724636 -0.24661878419356748 -1.7900745380033498 -0.10649523366348877 -0.18909703963791966,-0.16290781898994483 -0.13766622092810296 -0.064292700181896673 0.060942774866976475 0.14747024976145379 -0.0052375128725707818,0.01430508055351715 -1.5139656324686801 -0.038167719076893071 -1.6540445878432013 -0.069836479385803993 -0.066771232629443497,-0.22534372305785527 -0.2625562664447742 -0.52754958617608749 -0.38612786041329888 -0.028058376476283228 -0.39918607110256038,15.681916684289757 -117.37968144714611 -48.483759474040227 -3.4744343424671085 0.6972123687572972 -0.0035164959956518766,-0.39285264141865639 -3.944883733849565 0.1065384590173295 0.30528102090192988 -0.061408173975621594 0.061909338406081815
ur,tetrapga,11.991055233,0.362212181,0.275306792,0.035911581,28.611196,36.265694,3.5763995,1,0,0,2.740189733,0.032135157,1.2,0,0,0,0 0 0.050000000000000003,0 0 0.050000000000000003,0 0 0.050000000000000003,wrist_3_link,-1,0,0 0 0,0 0 0,,0.020782397941563942 -1.5091699611338305 -0.025904334616334772 -1.6444727500733047 -0.06937957684230002 -0.056546001633201087,-0.029669974265061405 0.015155119926176389 -0.031506499657754566 -0.034459503964836408 8.9244015901328609e-05 -0.038802226564389447,-0.0091899723787683893 -1.7127547124174576 -0.24886545317098008 -1.7877632809554878 -0.10107809256903459 -0.18922583296731363,-0.16432547777402307 -0.1357452587614367 -0.059281085858452244 0.066190724080015029 0.15049883574316628 -0.0018446874012813304,0.01256638712685715 -1.5165100683542707 -0.042561280499167756 -1.6571321852855583 -0.070046595419331947 -0.069948622785936942,-0.21733667833249995 -0.31805448569882938 -0.54919517778433513 -0.38594968029462418 -0.026264504190993954 -0.39717376956167988,14.302161258989772 -106.92042777376003 -43.937639781179932 -3.1259154349188796 0.62689180218884644 -0.0031815114710359183,0.76308175080119156 -11.850821850553984 -3.0927284890675679 0.18043321789809852 -0.0021460547687013332 0.11963297932997818
ur,tetrapga,12.027419467,0.362957108,0.275881914,0.04471191,28.731914,36.255766,3.59148925,1,0,0,2.804991025,0.089913092,1.2,0,0,0,0 0 0.050000000000000003,0 0 0.050000000000000003,0 0 0.050000000000000003,wrist_3_link,-1,0,0 0 0,0 0 0,,0.019387218668055501 -1.50880266182381 -0.027670626345452032 -1.6462844025874743 -0.069444099109787438 -0.058529569243833374,-0.035350868247082029 0.0011667171822713463 -0.051430784975524779 -0.047257945613418659 -0.0017631427646468399 -0.051255963550850513,-0.015189352547136275 -1.7176541787603097 -0.25092890276532309 -1.7852614303226757 -0.095552171040133124 -0.18923099631120019,-0.16561319805142036 -0.1337004955926738 -0.054194833362238237 0.071402156838069941 0.1534003289719249 0.0015628572667145072,0.016830907414125434 -1.5089709665539197 -0.030332508580817638 -1.6486367042608694 -0.068843693284509885 -0.061468747796171272,-0.3195389067412584 -0.021038091263722997 -0.33273527942070058 -0.2940377091743922 0.075050728159693381 -0.36739731904223744,6.9450800549247846 -173.45950686253153 -91.173109523730375 -7.297183864419182 1.3371439203736928 -0.036801489598757051,1.2160501259590575 -14.754930413154398 -4.1564694292199533 0.18231793676659436 0.019949669216202892 0.15797647542561322
ur,tetrapga,12.063753238,0.36283271,0.278664131,0.047192183,28.652053,36.161773,3.581506625,1,0,0,2.767388063,0.007956016,1.2,0,0,0,0 0 0.050000000000000003,0 0 0.050000000000000003,0 0 0.050000000000000003,wrist_3_link,-1,0,0 0 0,0 0 0,,0.017924749065199832 -1.5090132850727049 -0.029982275518212764 -1.6483689041174208 -0.06955329667025896 -0.060761670949560233,-0.03906517087715411 -0.016393801790409217 -0.070273158455190388 -0.057471588225300602 -0.0029390111579581462 -0.061017368662957372,-0.021228092368114446 -1.7224730579067495 -0.25280462362385731 -1.7825731562470815 -0.089927862326004165 -0.18911217914773451,-0.16676851366392242 -0.13153552122334242 -0.049043399533559864 0.076567020028832242 0.15616894344371801 0.0049791925508057555,0.015274930654562931 -1.5093790701069556 -0.032661316720823771 -1.6505836851941018 -0.068798393777121103 -0.063620356434696587,-0.33122730132961259 -0.045723129281322897 -0.33488015032637608 -0.2768476345851193 0.09436286164223151 -0.35733568564204388,6.5053414599441339 -170.78262708868041 -89.062722049876442 -7.0434044146067754 1.2939342497887509 -0.034396163413648137,1.3858101016480333 -15.573420541075393 -4.3349105822578622 0.23536507620428893 0.026126950185499709 0.18807594470288791
ur,tetrapga,12.099986158,0.361584284,0.28298929,0.043577781,28.646314,36.114167,3.58078925,1,0,0,2.736598537,0.00358754,1.2,0,0,0,0 0 0.050000000000000003,0 0 0.050000000000000003,0 0 0.050000000000000003,wrist_3_link,-1,0,0 0 0,0 0 0,,0.016324935656970747 -1.5099162779523749 -0.033005678128616045 -1.6508267398347196 -0.069695693221804286 -0.063353176201197153,-0.0401812271398359 -0.035761100872551757 -0.086046484656196312 -0.064051825717635305 -0.0035670025180448181 -0.066966390124590408,-0.027289484414250033 -1.7271980484887133 -0.25448755665135464 -1.7797062992404382 -0.084221386751172203 -0.18886990672932574,-0.16778871347149821 -0.12925667924048745 -0.043841412692869675 0.081670786231792483 0.15879719010841409 0.0083951773474938429,0.013583498488449005 -1.5104872584876901 -0.035687544277922853 -1.6528868866895687 -0.068786271322924045 -0.066120453526053516,-0.34267964606521784 -0.07137256691439034 -0.33523326866335085 -0.25751835685614283 0.1136777373600298 -0.34590966560704461,5.8590175697374498 -167.05769309540347 -86.614948018498609 -6.7661791320574665 1.24475294620474 -0.032178828849037805,1.281337234970735 -14.380667565238582 -3.6677389604726898 0.33060626697260886 0.017246994652737158 0.20647133482268032
ur,tetrapga,12.136174748,0.363698231,0.274488599,0.062348847,28.687645,36.110275,3.585955625,1,0,0,2.710907357,0.13192887,1.2,0,0,0,0 0 0.050000000000000003,0 0 0.050000000000000003,0 0 0.050000000000000003,wrist_3_link,-1,0,0 0 0,0 0 0,,0.016434468506327595 -1.511091539027043 -0.033674801139588581 -1.6506757017164599 -0.069475172916136585 -0.063215848008788017,0.011275105577463666 -0.015621314237194562 0.0079759067888829985 0.018161497254501096 0.0073899717772166057 0.01773521574267169,-0.033377961010575871 -1.7318327012741543 -0.25597918809468079 -1.7766592791834976 -0.078429273388513465 -0.18850425895736853,-0.16867510241617614 -0.12686271630631091 -0.038585461019193738 0.086717007995287046 0.16128727408845847 0.011813628500239957,0.01058700855640215 -1.5116222362089848 -0.03896607554762687 -1.6549772578385884 -0.067864789272590084 -0.06887444518766149,-0.37456124150585685 -0.14187221516184007 -0.40981640871300207 -0.26129639362746371 0.11518525629174582 -0.34424895770099717,18.631522643745093 -156.55284928779901 -67.981532705237811 -4.9440047754217886 0.97202420541436507 -0.0062526826607098591,-3.4330916154065392 17.600208132805164 9.3523271204709602 0.81182283326961624 -0.2224589948635014 -0.053895192571047801
ur,tetrapga,12.172378698,0.366974438,0.284496556,0.014516547,29.928146,37.487345,3.74101825,1,0,0,2.718459917,0.222115785,1.2,0,0,0,0 0 0.050000000000000003,0 0 0.050000000000000003,0 0 0.050000000000000003,wrist_3_link,-1,0,0 0 0,0 0 0,,0.016308698982386391 -1.5109283309916042 -0.0335721148992177 -1.6505736665628157 -0.069254901996943202 -0.06320476891195613,-0.0082535326392897072 0.015148399819815524 0.0034614279310955162 -0.0011749834277047257 0.0050681886534462628 -0.0042209439095315382,-0.039498705157791539 -1.7363805229257541 -0.25728009988038386 -1.7734292325272896 -0.072547012918618203 -0.18801458512309488,-0.16942832479411299 -0.12435150332511351 -0.033271313855493603 0.091709427744077116 0.1636409053583871 0.015237714951703427,0.0076292566044097662 -1.5133430604681761 -0.042541173210095359 -1.6570747946727027 -0.066934017355331471 -0.071615007706368486,-0.36971899399904795 -0.21510303239892387 -0.44688720780856139 -0.26219210426428374 0.11634648965732598 -0.34257031483837402,19.082460911717604 -144.07963185513117 -60.193487778519369 -4.34523958888773 0.87032062466878113 -0.0046509685101747507,-1.0006909467929006 0.61811861841852078 2.1774820113124207 0.39166977230979683 -0.10406572338413866 0.013289168571390064
ur,tetrapga,12.209964359,0.369822373,0.288489234,0.0285318,28.576,36.079421,3.572,1,0,0,2.761907593,0.230457969,1.2,0,0,0,0 0 0.050000000000000003,0 0 0.050000000000000003,0 0 0.050000000000000003,wrist_3_link,-1,0,0 0 0,0 0 0,,0.015568240309318599 -1.5102156994314422 -0.033920901769227588 -1.6511788883589864 -0.069109051676196742 -0.063972127169883389,-0.0208268746818282 0.0181911603437869 -0.012023609905474422 -0.01759102783490513 0.0033983724830446852 -0.021812801678419938,-0.045879258105813621 -1.7410034699881618 -0.25842608721398735 -1.7698858633532275 -0.066352848704998579 -0.18737502936189632,-0.17006804150812493 -0.12162335447485707 -0.027699868427791569 0.096828257726851691 0.165936249979689 0.018794265150810594,0.0047479103984790199 -1.5156119495944589 -0.046344759278695406 -1.6591746511407826 -0.065994367823212885 -0.074341998246719276,-0.36016827574134336 -0.28361114078535127 -0.47544825857500611 -0.26248205850999162 0.11745619151482391 -0.34087381754384866,17.773731016019564 -131.84948672583891 -54.520713286427878 -3.911780412818604 0.78595808286004776 -0.0040635707827102524,0.44432887475208105 -9.4154941517354018 -1.9761031367169153 0.18084749730041949 -0.034272938926449115 0.067247281688338489
ur,tetrapga,12.246141434,0.371578817,0.281525908,0.038675456,28.577972,35.889938,3.5722465,1,0,0,2.831208892,0.178662919,1.2,0,0,0,0 0 0.050000000000000003,0 0 0.050000000000000003,0 0 0.050000000000000003,wrist_3_link,-1,0,0 0 0,0 0 0,,0.01416158872527013 -1.5096837461405077 -0.034940264554527471 -1.6522308176225822 -0.068775871304353059 -0.06533067675636689,-0.037869464097477552 0.0083812766834609042 -0.031356129058680057 -0.027909245996305201 0.0092785084992592273 -0.035980986111945806,-0.052040878280783062 -1.7453542115652565 -0.25933045453601394 -1.7662947756105418 -0.060311985819420509 -0.18663319474770024,-0.17054611698981917 -0.118882861525961 -0.022289406118224907 0.10168886814379381 0.16800070177943488 0.022216698041005262,0.0019428871225595761 -1.5183831208371255 -0.050348913696546427 -1.6612748409508755 -0.065046265256952132 -0.077055581977915899,-0.3506279094899305 -0.34639640533332799 -0.50051930223137719 -0.26252372626162096 0.11851282078259483 -0.33919796639957822,16.274787552597289 -120.22336898657738 -49.438657916403798 -3.5249841218155287 0.70855879395962507 -0.0036639066779343404,0.99638179901636903 -12.762900550649647 -3.2278529946727303 0.15036093526578043 -0.032292606231692389 0.11086125634685118
ur,tetrapga,12.282127309,0.372418184,0.27860003,0.043400802,28.734388,36.232035,3.5917985,1,0,0,2.928416521,0.076859607,1.2,0,0,0,0 0 0.050000000000000003,0 0 0.050000000000000003,0 0 0.050000000000000003,wrist_3_link,-1,0,0 0 0,0 0 0,,0.012357851125330414 -1.5096211678475857 -0.036537428141271221 -1.6535240752027824 -0.06829085344750456 -0.067017967361420697,-0.050000690219937971 -0.0064756636439331598 -0.049982186544171629 -0.036007561929211104 0.013770008817800857 -0.046675211347825284,-0.058184667083833554 -1.7495816201320027 -0.26003508576806283 -1.7625494482504598 -0.054231528609789373 -0.18577249885504926,-0.17088702728925667 -0.1160473126732752 -0.01686552920173242 0.10645469521858443 0.16991110705413184 0.025617760338597785,-0.00079136935412698695 -1.5216119489127751 -0.054533260638640516 -1.6633739726988535 -0.0640900814086246 -0.079755939533622366,-0.34178205958582036 -0.40360350945619228 -0.52304336776176108 -0.26239146849723949 0.11952298104094133 -0.33754469446330815,14.817796739604194 -109.21465637044901 -44.676174848270719 -3.1631139591073887 0.63578339286550989 -0.0033135476738927845,1.2931794518778545 -14.322264546442966 -3.7252442975225506 0.16353748037181504 -0.037869378189526515 0.14381170540318067
ur,tetrapga,12.318467496,0.372212264,0.279174661,0.042653542,28.603892,35.952171,3.5754865,1,0,0,3.046657918,0.075010496,1.2,0,0,0,0 0 0.050000000000000003,0 0 0.050000000000000003,0 0 0.050000000000000003,wrist_3_link,-1,0,0 0 0,0 0 0,,0.010161423204428708 -1.5101637275293958 -0.03881329131907247 -1.6551005244736048 -0.067655822294786283 -0.069071890046476236,-0.05688639118514114 -0.024648475358250068 -0.066191891552530038 -0.041410131137817878 0.016887254741472766 -0.053509287822885103,-0.064398919811223698 -1.7537451226029901 -0.26054787851121247 -1.7585945349015211 -0.04802409223574048 -0.18477922254872134,-0.17109445716421084 -0.11307504045593748 -0.011350298497602733 0.1111930755336486 0.17169343314432342 0.029046509647582538,0.0066793915204557764 -1.5108872165036162 -0.041118983284668363 -1.6563381985757137 -0.06587381427502452 -0.071452096525713243,-0.43525396049661647 -0.090436121777561954 -0.2882114956994864 -0.15470926276361427 0.22275100247022031 -0.29752580990462568,4.3844460097529385 -176.75477704911344 -89.627386286023096 -6.6890030986888052 1.2407024337656072 -0.027446810322452025,1.3320976984175772 -14.075668929905078 -3.4681363767193716 0.21781646656199882 -0.051170696571659846 0.1649055388284637
ur,tetrapga,12.354486823,0.371241849,0.283276243,0.040146956,28.761767,36.387291,3.595220875,1,0,0,2.944948406,0.063287142,1.2,0,0,0,0 0 0.050000000000000003,0 0 0.050000000000000003,0 0 0.050000000000000003,wrist_3_link,-1,0,0 0 0,0 0 0,,0.0078520399860343322 -1.5113088018569001 -0.041515203923269933 -1.6567797682180594 -0.066949455876857314 -0.071252410809577074,-0.06171689466522802 -0.043058423876268022 -0.08079876498965459 -0.045820919390008243 0.01938453294268435 -0.058921889307682378,-0.070563285214919932 -1.7577633605106637 -0.26085775451046372 -1.7545060184196022 -0.041810207902413889 -0.18367190094470634,-0.17116390660755251 -0.11002325024332317 -0.0058506914066146507 0.11581153918083893 0.1733125052338737 0.032436783702419265,0.0042994601718383393 -1.5122241246044532 -0.043806895400477268 -1.6578630185245464 -0.065027477859621166 -0.07353116595734184,-0.44407247677449913 -0.11441534344415019 -0.28646143465091645 -0.13540628831088189 0.24024725215451884 -0.28484439347059554,4.0091433637040552 -172.72895894930116 -86.939359340635932 -6.4051995154541768 1.191346849239513 -0.025221674648348513,1.2945790299024704 -13.248495576683126 -2.9731496625066995 0.2842152234261448 -0.066359440858008156 0.18162761678934203
ur,tetrapga,12.390944496,0.369321722,0.289603703,0.034626094,28.712589,36.4325,3.589073625,1,0,0,2.892819025,0.016035744,1.2,0,0,0,0 0 0.050000000000000003,0 0 0.050000000000000003,0 0 0.050000000000000003,wrist_3_link,-1,0,0 0 0,0 0 0,,0.0053383751022254636 -1.5131755520074512 -0.044804574197435575 -1.6586493333854018 -0.066142529627905261 -0.073666120772527696,-0.063509874180176243 -0.060929650850518768 -0.092442451016510857 -0.048371387773660915 0.020974561576112508 -0.061832634063760994,-0.076802705085669873 -1.7617166485716702 -0.26096914074771094 -1.7501998457773649 -0.035464057376314119 -0.18242693861170073,-0.17109581088513384 -0.10682936020090598 -0.00025530535678528485 0.12040270680288152 0.17479997818049894 0.035857509794495493,0.0017163829067769623 -1.5142755077777892 -0.047066151231016602 -1.6595634452225094 -0.064082151722696531 -0.075834798048753982,-0.45274902443106263 -0.13749447129224665 -0.28269712919762885 -0.11426397963845049 0.25754723815109049 -0.27108465952828631,3.4550261367143218 -168.01928988779193 -84.050928558540775 -6.1044973166734895 1.1378452713629543 -0.023084868016740166,1.1208331705868653 -11.426610988224638 -2.0689235345576549 0.3707173283028169 -0.085331749333761309 0.19065712289147996
ur,tetrapga,12.427454565,0.371044995,0.294159595,0.087134153,28.656137,36.234248,3.582017125,1,0,0,2.857864108,0.153056525,1.2,0,0,0,0 0 0.050000000000000003,0 0 0.050000000000000003,0 0 0.050000000000000003,wrist_3_link,-1,0,0 0 0,0 0 0,,0.0056371392695370517 -1.5147809633112557 -0.045604571051551142 -1.6583901493604714 -0.065933121909542855 -0.073385685086173477,0.01980358424762509 -0.01491418348623336 0.0091721534381393847 0.01743875575560213 0.0018838890547699194 0.019627550591093064,-0.083046054180755474 -1.7655570303008845 -0.26087579381461662 -1.7457213418741753 -0.029057247769482111 -0.18105544331818757,-0.17088783217767614 -0.10352743041344416 0.0053724536313927013 0.12491197214213391 0.1761354253428116 0.039269745944399428,-0.0021884970254172631 -1.5159585177384192 -0.049894547717422036 -1.6605055114994718 -0.062015871698511811 -0.07799093563073467,-0.48810999152427814 -0.21037624507873592 -0.35354956080067917 -0.11775828462030691 0.25828500302308988 -0.26951719774758676,18.654072225736741 -156.09935025648511 -67.380316572682887 -4.8674076699228088 0.95609082756388741 -0.0061905219469024107,-4.4088847116077368 25.573946919554146 13.070122923076696 1.120478527313935 -0.26734930131533474 -0.059490730817344684
ur,tetrapga,12.463786852,0.374353762,0.294586603,0.024144075,28.655616,36.337854,3.581952,1,0,0,2.856234621,0.246056785,1.2,0,0,0,0 0 0.050000000000000003,0 0 0.050000000000000003,0 0 0.050000000000000003,wrist_3_link,-1,0,0 0 0,0 0 0,,0.0055137932102651936 -1.5145705470139277 -0.045437391033411663 -1.6582217298114132 -0.065690110234109894 -0.073327831424372311,-0.0096198656308409403 0.017356130191611314 0.0066515729439559313 0.0022040123485356296 0.0072914891034573451 -0.0020660545420867361,-0.089248934790501722 -1.7692572041908159 -0.26057856228355281 -1.7411028763874985 -0.022636042810155542 -0.17956723402857902,-0.17054185088432389 -0.10014126173261154 0.010992215172454965 0.12930714161016965 0.17730975799008467 0.042649554881557854,-0.0060505828945094705 -1.5182287119573548 -0.053018741088928054 -1.661457509985917 -0.059945417430157924 -0.080135012922337989,-0.48276073363652588 -0.28377427736694194 -0.39052417143825185 -0.11899981080564569 0.2588067835442357 -0.26800966145041488,19.161330859969851 -143.37909890004394 -59.659732869723967 -4.2882385733091564 0.85999584009813845 -0.0046763323922438156,-1.2115834154577207 3.3085541419350193 3.6216112785452879 0.50234163317054481 -0.13726512713441252 0.0066882116411477455
ur,tetrapga,12.50021955,0.377290728,0.29350938,0.029903424,28.771182,36.191554,3.59639775,1,0,0,2.887007455,0.2516052,1.2,0,0,0,0 0 0.050000000000000003,0 0 0.050000000000000003,0 0 0.050000000000000003,wrist_3_link,-1,0,0 0 0,0 0 0,,0.0045263922190104389 -1.5138428618799955 -0.04561154346447583 -1.6585379081619362 -0.065254983646147485 -0.073945573421813904,-0.029615055644832709 0.017451746532018111 -0.0092396193362174195 -0.010731861878345681 0.012055949428956721 -0.019181655840614913,-0.095453800623532217 -1.7728422760438962 -0.26007520222510172 -1.7363130405143581 -0.016157087246964186 -0.17795193210347179,-0.17005561911376132 -0.096647787894233755 0.016642152477067698 0.13361801751019428 0.17833114818698603 0.046020377928859615,-0.0098322800243493044 -1.5210469971983747 -0.056372147681486635 -1.6624150588166156 -0.057870945151105656 -0.082266638995694488,-0.47271214122997918 -0.35228565512749466 -0.41917582406982284 -0.11969360383730861 0.25930903488153312 -0.26645325916956158,17.819023425781808 -130.96843498571718 -53.942936724653222 -3.8551195659585966 0.77586182357023081 -0.0040910933974677554,0.69416885986694776 -9.8681297719758732 -1.8848363796352317 0.165889656541367 -0.065805893079755151 0.059057412394594166
ur,tetrapga,12.536510071,0.379190516,0.281250011,0.039321435,28.653496,35.96171,3.581687,1,0,0,2.947986606,0.191498377,1.2,0,0,0,0 0 0.050000000000000003,0 0 0.050000000000000003,0 0 0.050000000000000003,wrist_3_link,-1,0,0 0 0,0 0 0,,0.0027300783512609595 -1.5134846459153184 -0.046385618761995324 -1.659059977211079 -0.064416835136254819 -0.075012851353681922,-0.051808405829003354 0.0033497672861118404 -0.026749333801334142 -0.014765899667775164 0.024435287879925768 -0.030236910992196667,-0.10161432236587709 -1.7762850924193239 -0.25936897490155575 -1.7313875636768556 -0.0096692638391780231 -0.17622121234652613,-0.16943267775761306 -0.093073045900371604 0.022279837890354027 0.13781202703003353 0.17919190940424309 0.049357341030961344,-0.013534019068872817 -1.5243670214907854 -0.059926783572771113 -1.6633761625428531 -0.055792791118808083 -0.08438593777536138,-0.46271738056543898 -0.41500303655135318 -0.44432948641055986 -0.12013796577968848 0.25976925403719664 -0.26491234745836145,16.290423009774564 -119.16909500105656 -48.809739742942149 -3.4676357865292764 0.69847215702377197 -0.0036879558914566374,1.2310185309563373 -12.976073394880586 -3.0610395296930335 0.099469776147998346 -0.084354836530806665 0.093058656074191504
ur,tetrapga,12.572565132,0.379931818,0.276169316,0.041683601,34.066794,41.435168,4.25834925,1,0,0,2.834874586,0.077062434,1.2,0,0,0,0 0 0.050000000000000003,0 0 0.050000000000000003,0 0 0.050000000000000003,wrist_3_link,-1,0,0 0 0,0 0 0,,0.00024509949922425127 -1.5137166939793654 -0.047795949078479748 -1.6597221325740534 -0.063189906727516787 -0.076434525813088641,-0.065954287079288451 -0.015758307729328111 -0.043587412089860937 -0.017687072392593782 0.032985761940004986 -0.037571718270067028,-0.10771001346614047 -1.7795754469104779 -0.25846461830575201 -1.72634516472174 -0.0031954127553954696 -0.17438220382852626,-0.1686769532842414 -0.089430351490474305 0.027885898902250246 0.14187605600535402 0.17989127942413957 0.052649775725195296,-0.010565226189975073 -1.5214036582369288 -0.056597650808926842 -1.6621124531317162 -0.057070184016663139 -0.082358733689732094,-0.49009580064384883 -0.29522506273168758 -0.34203556041267702 -0.070413196657867674 0.30264561331241174 -0.24356273693838454,8.5659150663917529 -143.88815471273301 -66.29508141299506 -4.6549996356898165 0.89530170911578577 -0.011587218254784121,1.428735278132816 -13.755588362323579 -3.2542484639213285 0.10098755311628338 -0.10652467674272259 0.11565775476339013
ur,tetrapga,12.614073093,0.379609137,0.278274381,0.034389418,28.58683,36.222143,3.57335375,1,0,0,2.888955958,0.179079367,1.2,0,0,0,0 0 0.050000000000000003,0 0 0.050000000000000003,0 0 0.050000000000000003,wrist_3_link,-1,0,0 0 0,0 0 0,,-0.0029885033501918985 -1.5148484088401071 -0.050051009816694678 -1.6605647367774394 -0.061524541078166281 -0.078268731614201184,-0.070829471972250674 -0.038178520982064465 -0.057968633807038365 -0.019115392778914522 0.037228901416393193 -0.040591964002803869,-0.11469051909901351 -1.7831986195854983 -0.25717317596060546 -1.7203613156503963 0.0042849216067029437 -0.17211868221314203,-0.16763841330657742 -0.085127771284970954 0.03433980273627725 0.14642297142054303 0.18050304034979672 0.056408817148926635,-0.014604497273624393 -1.524287002529485 -0.059713038268778149 -1.6626817448984892 -0.054650486685644449 -0.084307438367841894,-0.50490888545616508 -0.36041803656952653 -0.38942343248141353 -0.071161470846637001 0.30246216637733592 -0.24358808476372429,16.718159312395784 -131.97483899500833 -55.649527535573952 -3.9749513058177595 0.78828382300767885 -0.0048191923852091995,1.1687418173683781 -11.348507818378494 -2.1038056521656472 0.19575423012975079 -0.13657644071916764 0.12504896097797769
ur,tetrapga,12.650391298,0.378201195,0.283694545,0.02856919,34.113393,41.481647,4.264174125,1,0,0,2.824705794,0.04787583,1.2,0,0,0,0 0 0.050000000000000003,0 0 0.050000000000000003,0 0 0.050000000000000003,wrist_3_link,-1,0,0 0 0,0 0 0,,-0.0061809440624417981 -1.5166533778962963 -0.052621883522867244 -1.6613991750269093 -0.059821867104932834 -0.080088169789889613,-0.07549129857382797 -0.057810633957841334 -0.07058865578496594 -0.020616082531872127 0.041113993890661928 -0.043636879781372082,-0.12076008152883744 -1.7862205221871119 -0.25582354673082874 -1.7149730837169999 0.010847573902885363 -0.17001074838117616,-0.16658220726423784 -0.081270659230683884 0.039981383467093026 0.15028151848197691 0.1808677711310091 0.059667652822182012,-0.014543021393593602 -1.5228415108850979 -0.058679128153828489 -1.6622396141594744 -0.0545181967308382 -0.083941159337240404,-0.51878759069506331 -0.29641508402589006 -0.31395840725072394 -0.024894274596883963 0.33974752055630553 -0.21791940729683129,8.8589296576281846 -144.5085666053665 -65.650793152801839 -4.5300005119529585 0.87724523261202725 -0.0095883773213709389,0.98768812274317952 -9.427832596053122 -1.1707379707599728 0.27468674923056824 -0.16222095468810949 0.13449465840861308
ur,tetrapga,12.691978313,0.378380771,0.292453757,0.03508966,28.743103,36.273232,3.592887875,1,0,0,2.868676006,0.154901681,1.2,0,0,0,0 0 0.050000000000000003,0 0 0.050000000000000003,0 0 0.050000000000000003,wrist_3_link,-1,0,0 0 0,0 0 0,,-0.0076826077897600752 -1.5186943151148802 -0.054543460804529313 -1.6617507792285184 -0.058831055943107537 -0.080931769890277991,-0.025862413182013943 -0.040454218027253241 -0.03539653061442264 -0.0055327571962321348 0.018576831233796616 -0.014490596618125001,-0.12765970980700964 -1.7895067361996886 -0.25402671852379249 -1.7086338754391099 0.018374656490647286 -0.16745239693560562,-0.16520436284668774 -0.076751907119138638 0.046428759661928658 0.15455754117161399 0.18108923669202551 0.063361409928630652,-0.018805340188463898 -1.5257419935176932 -0.061556334461546389 -1.6624495855773198 -0.051801760670085947 -0.085678815140096565,-0.53278984935878693 -0.36256032907442609 -0.35965078846473708 -0.026246427230680602 0.33955450759403116 -0.21720697535702055,16.84885465004777 -132.29896473661634 -55.643659798848837 -3.972388926773835 0.78850723397333877 -0.004780474482897288,-1.3523717142621479 6.1528158636883745 5.2634490692385327 0.67599187861196697 -0.19570717075681898 0.045087091735183549
ur,tetrapga,12.728326179,0.378672753,0.285273664,0.01211345,34.067726,41.425513,4.25846575,1,0,0,2.830255102,0.08368446,1.2,0,0,0,0 0 0.050000000000000003,0 0 0.050000000000000003,0 0 0.050000000000000003,wrist_3_link,-1,0,0 0 0,0 0 0,,-0.0095716627078290106 -1.520036073529327 -0.05604750062286503 -1.6620375439230994 -0.057654154546321473 -0.081873473700354943,-0.050103285752487133 -0.038303060180942101 -0.042123582535610514 -0.0076824375581386372 0.030931632478714204 -0.02471372078909231,-0.1336403990688986 -1.7922234036061748 -0.25223696444956084 -1.7029500816316159 0.024957743258505687 -0.1650912168662047,-0.16385354251459441 -0.072716557158237119 0.052047423462912724 0.15816647299838571 0.18111087741584916 0.066554063327235957,-0.018537470944003182 -1.5252380755362751 -0.061049737642570816 -1.6620880044909137 -0.051726561206607423 -0.085311185312410207,-0.54362118698209128 -0.29363025159561473 -0.28097751254563863 0.019445032412004317 0.37517455019953649 -0.19188011152305706,8.1465961295101437 -145.14538488030252 -65.902005852965686 -4.4851196991637519 0.86967536451569472 -0.0088844341739845491,-0.066193801605479052 -2.1267282898934354 1.8170175602536176 0.42744990478695399 -0.17930317850064625 0.076324485745914217
ur,tetrapga,12.769848625,0.379706956,0.292317625,0.027092027,28.692941,36.286926,3.586617625,1,0,0,2.86568129,0.168726708,1.2,0,0,0,0 0 0.050000000000000003,0 0 0.050000000000000003,0 0 0.050000000000000003,wrist_3_link,-1,0,0 0 0,0 0 0,,-0.011203342964659198 -1.5213254520303847 -0.057403821091572292 -1.6621876999742737 -0.056561182054176859 -0.082607060097739729,-0.031486614932505298 -0.022236859309260358 -0.02417080976101884 -0.0021257452538135648 0.021348694310221926 -0.013547066896145659,-0.14040912084639634 -1.7951454570196987 -0.24994299071796611 -1.6962996026332549 0.032475069097455678 -0.16225275484018947,-0.16214411128725831 -0.068012838063040301 0.058440731564160089 0.16213803495576334 0.18093911343598976 0.070157258323874302,-0.02301046126721086 -1.5281201496402481 -0.063668695714423282 -1.6619443914353207 -0.048727570000755609 -0.086840789819649766,-0.55912379040096005 -0.36025926299663424 -0.32736975898155907 0.017951631949110994 0.37487390073147642 -0.19120056340494551,16.884253533672275 -132.78360621071843 -55.864919601246932 -3.9869443072847641 0.7910425204587983 -0.0048367391217387281,-0.87837660612574098 3.3334564355109251 4.0638039947190521 0.56756528426649311 -0.18608470331182048 0.042052275305962894
ur,tetrapga,12.806230892,0.380419037,0.283873511,0.012648523,34.015029,41.656522,4.251878625,1,0,0,2.836194233,0.099516371,1.2,0,0,0,0 0 0.050000000000000003,0 0 0.050000000000000003,0 0 0.050000000000000003,wrist_3_link,-1,0,0 0 0,0 0 0,,-0.013372882727774526 -1.5222033904323771 -0.058572357467981596 -1.6622829556629481 -0.055185112217256124 -0.083489819108755581,-0.054880582170246377 -0.026636236812016482 -0.032815891355136087 -0.0026369402829917329 0.034718795293681881 -0.022225932853294543,-0.14627881814096311 -1.7975437297482406 -0.24771529488280544 -1.690339436598175 0.039052660546039016 -0.15964347104263535,-0.16050146030027165 -0.063812648074874176 0.06401507638049965 0.16548173227921364 0.1806163548883106 0.073273242979868564,-0.022734929683301673 -1.5275040058207727 -0.063122908706717204 -1.6616084880693549 -0.048684983664020062 -0.086490032317510956,-0.56790721072612216 -0.29277947305752849 -0.25029776443934482 0.063148184972445939 0.40891968062322515 -0.1655909816635375,8.019814126168896 -145.25014179247805 -65.387146566993053 -4.3808809277719822 0.85360622322241775 -0.0074057494935389732,0.28640911985958439 -4.1740125008036557 0.94319031078268267 0.33231673996488098 -0.17758602671227663 0.068550973341729105
ur,tetrapga,12.847978897,0.381797131,0.293870154,0.017494428,28.583754,35.956665,3.57296925,1,0,0,2.865093963,0.160323117,1.2,0,0,0,0 0 0.050000000000000003,0 0 0.050000000000000003,0 0 0.050000000000000003,wrist_3_link,-1,0,0 0 0,0 0 0,,-0.015129594373324236 -1.5232087427890191 -0.059677224841658855 -1.662278691819973 -0.053982339115884646 -0.084138628170232529,-0.033291910064658925 -0.020148361940237825 -0.02121450790152226 0.00064264971319151715 0.023400148304058382 -0.011906167244755255,-0.15293724841128267 -1.8001056872904835 -0.24490991623036898 -1.6833535702410116 0.046581904083060441 -0.15651068411731206,-0.15845116288787961 -0.058906732164960604 0.070373399195294062 0.16915749222313178 0.18004796399435374 0.076798299361557423,-0.027401028206847696 -1.5303832533527775 -0.065489899484709888 -1.6611156003507137 -0.045417467954589029 -0.087809598420248464,-0.58326231544325302 -0.35990594150058575 -0.295873847249085 0.061610964830158765 0.40843946367887912 -0.1649457628421887,16.925173760709654 -132.69114374733385 -55.748089872661069 -3.976844412476312 0.78939720733950014 -0.0048246235788886585,-0.3521793131440063 -0.064714906276094553 2.6241642079729388 0.44247405231271841 -0.16991355660074703 0.036850326534988653
ur,tetrapga,12.884023834,0.38247573,0.284237766,0.015957457,34.154528,41.483307,4.269316,1,0,0,2.830220164,0.08843464,1.2,0,0,0,0 0 0.050000000000000003,0 0 0.050000000000000003,0 0 0.050000000000000003,wrist_3_link,-1,0,0 0 0,0 0 0,,-0.017396428527308664 -1.5241208000985382 -0.060744005814423643 -1.662197705801673 -0.052465458815537706 -0.084915159674175844,-0.057139078168161876 -0.028985651183098118 -0.031028473895523427 0.0017296467031207086 0.038283158060696723 -0.019551539977392361,-0.15861455658897408 -1.8021515584073278 -0.2422749454466655 -1.6772012596769361 0.053060287584980347 -0.1536883387845141,-0.15653995810734583 -0.054600483498987509 0.075825060908908337 0.17218924540618366 0.1793873318872376 0.079795892068970989,-0.027110053285120866 -1.5296455506753586 -0.064895480292045726 -1.660806115765781 -0.045413495610999374 -0.087472952437186252,-0.58891561475533538 -0.29919049371258927 -0.22231595530987089 0.10631716380155995 0.44099597175799998 -0.1388216737467613,7.6811102932525444 -143.52693490680934 -64.026635440474109 -4.2132430254294393 0.824868097595574 -0.0058187757148434769,0.49614747152088512 -5.2659607689565746 0.49201689495583878 0.27076656814097078 -0.18109097760572013 0.060237046725291066
ur,tetrapga,12.925603015,0.383864142,0.295315575,0.01836232,28.676245,36.018767,3.584530625,1,0,0,2.852933118,0.14647826,1.2,0,0,0,0 0 0.050000000000000003,0 0 0.050000000000000003,0 0 0.050000000000000003,wrist_3_link,-1,0,0 0 0,0 0 0,,-0.019149247278585874 -1.5251988269801859 -0.061774418988693083 -1.6620622281574151 -0.051201114531664156 -0.085457536957425778,-0.035123955471644319 -0.023495720394265021 -0.021381449267883271 0.0032908216316162842 0.026051680961072056 -0.010483990938152853,-0.16507477856163932 -1.8043172135264645 -0.23899230728321136 -1.6699719147298946 0.06049989314505038 -0.15029955237094678,-0.15417459602388792 -0.049556375888691391 0.082063614899511278 0.17551926189829847 0.17843037051941726 0.083197885967161669,-0.031943363964643791 -1.5325730026116626 -0.067027616380070945 -1.6599681800403414 -0.041890794132361825 -0.088578370482257085,-0.6041638349403653 -0.36593149203801112 -0.26651701100315212 0.10474196567994784 0.4403376848296936 -0.13817725563385358,16.731961527508034 -130.88749343102208 -54.898400510176629 -3.9125237395785715 0.77687012340041184 -0.0047496518796366731,-0.32397549350889676 0.17190604245388386 2.7543479517284197 0.43503157735540299 -0.17948512075970768 0.032450188235003452
ur,tetrapga,12.961720903,0.384357899,0.284777743,0.013610494,34.297318,41.895724,4.28716475,1,0,0,2.812926364,0.074996509,1.2,0,0,0,0 0 0.050000000000000003,0 0 0.050000000000000003,0 0 0.050000000000000003,wrist_3_link,-1,0,0 0 0,0 0 0,,-0.021567485684478908 -1.5262716109012322 -0.062823325631229471 -1.6618022799025136 -0.049495042591630373 -0.086148105294693911,-0.059236903278134224 -0.031820044722722145 -0.029433617233354185 0.0060679555040191345 0.041755583130610674 -0.016869630441015582,-0.1706040210285476 -1.806026992883883 -0.23593121598737782 -1.6635825536723705 0.066926833218961826 -0.14724202812981593,-0.15198160109393136 -0.045111890827263655 0.08743395643659567 0.17826338939599887 0.17743036712797122 0.086102047011506547,-0.031613101539263881 -1.5318894064876218 -0.066484686877318455 -1.6596923980431717 -0.041922249312924445 -0.088255119196712806,-0.60720958933781621 -0.30838746639678483 -0.19490198395852959 0.14910399103196345 0.47133363113395649 -0.11148516352966398,7.2288715946880036 -140.63089532063526 -62.139317271107018 -4.0077395226623498 0.78861527331681502 -0.0041691265700795586,0.45178162097414543 -4.4914631601859583 0.8389529258609798 0.26874026625409897 -0.19644647607385934 0.051964455241915175
ur,tetrapga,13.003722222,0.385762627,0.296897281,0.020735942,34.211111,41.715528,4.276388875,1,0,0,2.829538668,0.134640991,1.2,0,0,0,0 0 0.050000000000000003,0 0 0.050000000000000003,0 0 0.050000000000000003,wrist_3_link,-1,0,0 0 0,0 0 0,,-0.023378048904977591 -1.5274172397987158 -0.063789950663264816 -1.6615288902048366 -0.048127625664387143 -0.086601982581506629,-0.036486293343546888 -0.024447883143530153 -0.019949429596826482 0.0059558156714577875 0.028085848678292245 -0.0088439695869280601,-0.1769311339218809 -1.8078120155416313 -0.23212880392377877 -1.6560312895471974 0.074351337316812274 -0.14355577775108042,-0.14927155425931388 -0.039874590862316296 0.093615694828222323 0.18127725347092266 0.17607129390485987 0.089416708765425651,-0.032486481977391957 -1.5319049346659761 -0.066391438214111934 -1.6591467426584425 -0.041068958121485435 -0.088156603122680505,-0.6238633444089029 -0.28145144035090264 -0.15676493047753759 0.18298768319517678 0.49449742089629473 -0.09100652919634919,6.6706711975358619 -144.59294352841408 -64.19753349241924 -4.1090131669905832 0.80465905730041631 -0.0038778795959184846,-0.37156820367829368 0.96243468403554289 3.1103912971623515 0.44410509111094143 -0.19055406726411661 0.027396666545683956
ur,tetrapga,13.045553983,0.386448215,0.286948758,0.009800646,34.676722,43.463699,4.33459025,1,0,0,2.826864094,0.106654584,1.2,0,0,0,0 0 0.050000000000000003,0 0 0.050000000000000003,0 0 0.050000000000000003,wrist_3_link,-1,0,0 0 0,0 0 0,,-0.026121964318073204 -1.5286649666380576 -0.06483676977544281 -1.6610499431416101 -0.046112903473531017 -0.08723733121976357,-0.058866542038408173 -0.032483986326485123 -0.026162332319092492 0.0099791517520743771 0.043260080850582042 -0.013615989435208534,-0.18311602718002129 -1.8093697366952757 -0.22808520699021817 -1.6483887212150479 0.081684764337834753 -0.13974748488990446,-0.14640382022160181 -0.034590002886666825 0.099697969636129494 0.1840857952597923 0.17450947750213153 0.092648004651151819,-0.034399832458296406 -1.5324810380869207 -0.066682525575433568 -1.6584116509228513 -0.039488386667845765 -0.088279209531595126,-0.63695116382047812 -0.27451092936296784 -0.1335526975820247 0.21083649714687169 0.51281801620780698 -0.072780295046637328,7.07038055334875 -144.6736575205199 -63.691003450047674 -4.0470350054081292 0.79583040813806205 -0.002853858212030643,0.333826559575499 -3.2342132528219736 1.3770728007852142 0.28352155333413975 -0.20865434559645735 0.041945520882961773
ur,tetrapga,13.089096151,0.387910866,0.292057492,0.041976279,34.953103,42.609996,4.369137875,1,0,0,2.818833357,0.107782779,1.2,0,0,0,0 0 0.050000000000000003,0 0 0.050000000000000003,0 0 0.050000000000000003,wrist_3_link,-1,0,0 0 0,0 0 0,,-0.028056777942161819 -1.5298888961810098 -0.065743031767432361 -1.6606081555962888 -0.044582461071939979 -0.087604904412953294,-0.040437135072703953 -0.023967994188101117 -0.016110284094281564 0.012538018070750785 0.034508520357226846 -0.0058087237821218378,-0.18942259328975836 -1.8107548893095116 -0.22360785828606267 -1.6403133450168275 0.089243934686163012 -0.13564156089017493,-0.1432427336685389 -0.029022667095393792 0.10594244930993436 0.18680051335134143 0.17266498172222147 0.095933808248357816,-0.039624718427128343 -1.5352209017758356 -0.068099163092003964 -1.6567419472973242 -0.035393934291192579 -0.088854405994889515,-0.65311074610399233 -0.34248296111437304 -0.17707968957130035 0.20871295319088329 0.51180654708164808 -0.071899557911797946,16.864705406972973 -131.77629780139466 -55.219119932475188 -3.9377686451681773 0.7819152832704368 -0.0047811779874006623,-4.296053930711679 1.2322974021863047 3.5804508135390165 2.3506716507590681 1.5157821245016123 0.21745625914539346
ur,tetrapga,13.131856235,0.390183422,0.302830356,0.020629382,35.279338,44.120488,4.40991725,1,0,0,2.798782636,0.075995229,1.2,0,0,0,0 0 0.050000000000000003,0 0 0.050000000000000003,0 0 0.050000000000000003,wrist_3_link,-1,0,0 0 0,0 0 0,,-0.02947620079469819 -1.530649037554954 -0.066259624091346267 -1.6601701991738864 -0.04340233595380831 -0.087787641096410199,-0.029370559212783826 -0.014695031736962388 -0.010090135867358024 0.0090273408907121603 0.024213791535654859 -0.0037467024422959908,-0.19547821940598711 -1.8118779229983133 -0.21894829246520509 -1.6322724972015072 0.09658453439691278 -0.13147186346537174,-0.13996644456991375 -0.023495081204826355 0.11198150905273843 0.18925568347106311 0.17063858550295607 0.09908019775955651,-0.039722664160836994 -1.5353492375718427 -0.068114439603157412 -1.6564751331993217 -0.035103081323087787 -0.08870023544458476,-0.64652556874046585 -0.30178348830598772 -0.11688075143528663 0.24761750453545356 0.53688172492658226 -0.047401487366862713,6.0464087236961745 -137.92074577532026 -59.861645606410192 -3.679443422526369 0.73169185742358389 -0.00079698995867903731,-0.33496483436238123 1.0133618224244856 3.094407254444917 0.42317337966051127 -0.17784245632144291 0.011647971169537641
ur,tetrapga,13.176101748,0.392496613,0.268366583,0.143156185,34.305304,41.950475,4.288163,1,0,0,2.803057854,0.118038104,1.2,0,0,0,0 0 0.050000000000000003,0 0 0.050000000000000003,0 0 0.050000000000000003,wrist_3_link,-1,0,0 0 0,0 0 0,,-0.031265150991991134 -1.5312711392630289 -0.066649051501031217 -1.6595565080649686 -0.041927051449451989 -0.087972078674402682,-0.067304239258565601 -0.017814939217412742 -0.0061906119130994497 0.025473802304423601 0.05833448285910306 -0.0077798517365031961,-0.2015928647358515 -1.8127898922072718 -0.21385728704307697 -1.6238466800668043 0.10408406141492149 -0.1270175827609773,-0.13640014662535588 -0.017719019096740448 0.11812531169473314 0.19157265896598499 0.16832012599632501 0.10224854675407481,-0.045024488999451384 -1.5382858555020644 -0.069372690013698834 -1.654508222707973 -0.030817696725209329 -0.08907449312722393,-0.66272810482679834 -0.36707724127771357 -0.15728130131767848 0.24586381141858707 0.53567307473480708 -0.046782210329896996,16.028324284037868 -125.15529617267731 -52.293357116702751 -3.7192011991833818 0.73847499563985453 -0.0045288193798631356,-23.611753158133695 -12.861979246568808 -2.537044464805831 6.2048514190710193 8.0167463680926119 -1.1404588423420989
ur,tetrapga,13.218125496,0.393645945,0.287091408,0.01082825,34.094531,41.59094,4.261816375,1,0,0,2.770622024,0.04109239,1.2,0,0,0,0 0 0.050000000000000003,0 0 0.050000000000000003,0 0 0.050000000000000003,wrist_3_link,-1,0,0 0 0,0 0 0,,-0.03403965198769187 -1.532150507237366 -0.067138578998740872 -1.6586476437845856 -0.039757527944638438 -0.08826374833539094,-0.056763715440699941 -0.023229697769536675 -0.013188553560942043 0.018426915029610719 0.04467071539330103 -0.0059967140208739252,-0.20725086804230147 -1.8134184000023508 -0.20877246240380976 -1.6157535929823077 0.1111076041838272 -0.12265898339833721,-0.13285016697326407 -0.012185852865338199 0.12385456617011271 0.19355974221182379 0.16591207826869103 0.10517239163496754,-0.044794437395303636 -1.5377823762975042 -0.069000120734740045 -1.6542670929414249 -0.030792976301278138 -0.088818885577231388,-0.65779586271650148 -0.3205243659736281 -0.093060778565024621 0.28885503810678603 0.56182950420571809 -0.018720605740493397,5.7316274029168142 -131.73076184405767 -56.248698331107299 -3.3589841426834837 0.6738594861345234 0.0012707408854653116,0.44341110535319217 -3.5733225170733931 1.1653461950911037 0.21135692271036532 -0.20827812758778919 0.018387289343763769
ur,tetrapga,13.259846234,0.395416504,0.301331432,0.015326554,34.923013,42.368175,4.365376625,1,0,0,2.769803963,0.095214446,1.2,0,0,0,0 0 0.050000000000000003,0 0 0.050000000000000003,0 0 0.050000000000000003,wrist_3_link,-1,0,0 0 0,0 0 0,,-0.035908777603032585 -1.5330590794964467 -0.067633303998432676 -1.6579674212474127 -0.03820800793721503 -0.08841089261163998,-0.038139859810593278 -0.021197816868871996 -0.011488754243898284 0.013979271714581222 0.031978073903397977 -0.0029378293219931291,-0.21271727639795149 -1.8138115119205995 -0.20348838878350273 -1.6076406079503047 0.1179762992984366 -0.11821203891822407,-0.12917212410807394 -0.0066529614176575758 0.12943362724218654 0.19532400613202375 0.1633257500446797 0.10798991043725105,-0.045698933809600939 -1.5378324952864593 -0.068778291507214956 -1.6535440958626937 -0.029853046494300976 -0.088591291219708865,-0.66841578880410346 -0.301470923685486 -0.057697392578576319 0.32164515396564097 0.58093070311820094 0.0029497343408525674,5.0177470743612069 -132.94037497953875 -56.839808234866794 -3.3450893693460308 0.6677949398141596 0.001983463348965122,0.01530861993023791 -0.85866752633137367 2.2989830672742357 0.32553429324434546 -0.18710287539188641 0.0090566880005837902
ur,tetrapga,13.302329963,0.395964207,0.289330466,0.009884004,34.123892,41.552808,4.2654865,1,0,0,2.748225201,0.067106786,1.2,0,0,0,0 0 0.050000000000000003,0 0 0.050000000000000003,0 0 0.050000000000000003,wrist_3_link,-1,0,0 0 0,0 0 0,,-0.038958321070951103 -1.5343924996556288 -0.068234400088314509 -1.6568309426660037 -0.03572446415697543 -0.088633119351669842,-0.061492213984412313 -0.033209327609838385 -0.015939076963828007 0.022614221012686606 0.050202377658462555 -0.0044809642925319158,-0.21812270645633769 -1.8139738534786827 -0.19787096403406243 -1.5993081653798964 0.12485555392572863 -0.11356486896537167,-0.1252728840139723 -0.00098424047218879712 0.13499660283436671 0.19690461033590428 0.16049499457535313 0.11076879776255483,-0.047735114443700162 -1.5385011257272476 -0.068787518614255944 -1.6524004334818372 -0.028026543115696044 -0.088435410512272675,-0.67581087542801765 -0.29857853202543694 -0.035146602061400481 0.3483857228139437 0.59527652624276983 0.022099346677085321,5.254603272476615 -130.99447769015956 -55.480988998939992 -3.2306584795980196 0.64792696023454943 0.00290669321067009,0.41375094469231044 -2.8402618989903203 1.4826006341750997 0.20306175644054747 -0.22823236352407861 0.013709933524836515
ur,tetrapga,13.343992238,0.397485707,0.303757782,0.021696272,39.558285,47.156224,4.944785625,1,0,0,2.70402692,0.076573776,1.2,0,0,0,0 0 0.050000000000000003,0 0 0.050000000000000003,0 0 0.050000000000000003,wrist_3_link,-1,0,0 0 0,0 0 0,,-0.040858940052451595 -1.5355629439913094 -0.068770785546040339 -1.6560250010604607 -0.03407568543324737 -0.088695518492703976,-0.038816609250429332 -0.025358377723233589 -0.011631198372090529 0.016493487330964157 0.033847787557681489 -0.0012528741716969179,-0.2232596352437182 -1.813898557381445 -0.19213516901578759 -1.5910760965078592 0.1314810052503825 -0.10889480036273635,-0.12130166326781607 0.0046029879877467015 0.14032990601362522 0.1982409066768111 0.15752915726596758 0.11340287001949635,-0.05150091643365913 -1.5404008805451401 -0.069124757466659095 -1.6504302143765044 -0.024732335154541721 -0.088250786798762942,-0.68560569847138819 -0.32928753148463064 -0.042677764932131296 0.35954512499859093 0.60081169256776923 0.03120633857719516,9.9135413423267718 -123.68314847796233 -51.782832834562498 -3.294480798309833 0.65845823363736566 -0.00015884231597496339,-0.2352880644275217 1.3879563439031699 3.2544408411179688 0.37676861676936824 -0.20597365568549719 0.0039155940805528644
ur,tetrapga,13.391257077,0.399825169,0.288490532,0.017588249,34.079439,41.823079,4.259929875,1,0,0,2.701327396,0.074855027,1.2,0,0,0,0 0 0.050000000000000003,0 0 0.050000000000000003,0 0 0.050000000000000003,wrist_3_link,-1,0,0 0 0,0 0 0,,-0.042650371842672528 -1.5365588255967206 -0.069128626566131057 -1.6551267398440825 -0.032444618812260732 -0.088655243222284907,-0.04829239354598213 -0.020275844406176309 -0.0039915789459545438 0.026160758343697653 0.044634287757668152 0.0021645448608222082,-0.22888311164528582 -1.8135306741395971 -0.18536249285749112 -1.5816754698280728 0.13884273311213105 -0.10346639247646382,-0.11662426640330964 0.010967920726028368 0.14622622206565991 0.19949828507425876 0.15394144075688046 0.11627865295681564,-0.052532615571359922 -1.5409619337698381 -0.069165539960389627 -1.6496540800987702 -0.023651192075816715 -0.088026399652006815,-0.68212142914926188 -0.31026008736347105 -0.0048559929993186798 0.39054962644041191 0.61716061344806383 0.053326919814638871,4.4545707115738225 -124.62011642476176 -51.872256466696257 -2.8930916161604969 0.58709981494594365 0.0049412579964454879,-3.2229757525322782 0.030277971218310995 2.638237418454338 0.93841357471683295 0.4922709235833409 0.058864269382866041
ur,tetrapga,13.433191177,0.40206062,0.304082071,0.018731614,39.571521,47.069232,4.946440125,1,0,0,2.664090066,0.089489021,1.2,0,0,0,0 0 0.050000000000000003,0 0 0.050000000000000003,0 0 0.050000000000000003,wrist_3_link,-1,0,0 0 0,0 0 0,,-0.044305195275123069 -1.5372305334380081 -0.069279913242866337 -1.6542646124903593 -0.030966578357675478 -0.088582486780815969,-0.03407554195336205 -0.013757149047724022 -0.0030886478665485694 0.017682718894923472 0.030328757425429984 0.0014932899545590903,-0.23368399323754419 -1.8129520317566352 -0.17912347682324503 -1.5732903968777616 0.14522794771902489 -0.098538671245630025,-0.11232541636742786 0.016631892668472328 0.15131356889222591 0.20038191555587662 0.15056416105884349 0.11872714136467889,-0.056013171415706824 -1.5427191985712518 -0.069261030091886097 -1.6475834984260658 -0.020496795180826966 -0.087660773744405937,-0.6921763648007645 -0.33626436054637387 -0.0083621013596614988 0.40290184632522952 0.62290543318180513 0.063080961225395735,9.1414436376706973 -117.89142795102025 -48.853631966727086 -3.0402435293674142 0.61029041604671463 0.0010147393615947287,-0.099925650941685262 0.48289832363934693 2.8097420253670862 0.33384106942594372 -0.18761015770080292 -0.0045976608081730319
ur,tetrapga,13.48036461,0.403741983,0.285596017,0.010477974,34.23371,41.694742,4.27921375,1,0,0,2.663401474,0.062045428,1.2,0,0,0,0 0 0.050000000000000003,0 0 0.050000000000000003,0 0 0.050000000000000003,wrist_3_link,-1,0,0 0 0,0 0 0,,-0.046927654832854437 -1.5381746744434148 -0.069371245055407704 -1.6528808202479564 -0.028660111780503095 -0.088454904304540255,-0.055739545820259667 -0.022150332343618 -0.0020772674104853018 0.031643926197945101 0.050809556060985958 0.0042557619482110837,-0.23886554112023747 -1.8120169274649167 -0.17185378697481946 -1.5638193415279427 0.15223681803176117 -0.092875239930115622,-0.10732715008735254 0.023014822555714586 0.15686706989466659 0.20111357404663754 0.1465520286021838 0.12136266965770939,-0.056969771836873892 -1.5429883757428429 -0.069082685347947231 -1.6467570741055941 -0.019473564757842343 -0.087366482933439071,-0.68741983907415816 -0.31767990443869998 0.029181528212459739 0.43438565392713324 0.6381110903528362 0.086419511379254993,3.8799255306666467 -118.27208884239964 -48.253537748335091 -2.564810113657102 0.52685320114195944 0.0070075890892775331,-1.1880233416788997 -2.9588845823927841 1.4642688312644339 0.58676656582520081 0.19951783443060123 0.080040986330686792
ur,tetrapga,13.522133289,0.405649832,0.304527191,0.016357808,39.515966,47.11848,4.93949575,1,0,0,2.621561685,0.0680264,1.2,0,0,0,0 0 0.050000000000000003,0 0 0.050000000000000003,0 0 0.050000000000000003,wrist_3_link,-1,0,0 0 0,0 0 0,,-0.048773119197736851 -1.5390082753459169 -0.069501787312136631 -1.6518470535133176 -0.026988511503886016 -0.088313060957728284,-0.037694122972711741 -0.019057654789845373 -0.0037335904307215697 0.021119499541280305 0.03432668784214004 0.0029107898936391722,-0.24325357339727985 -1.8109375268901005 -0.16520170315254165 -1.5554096670741051 0.15828067404242713 -0.087759238513585122,-0.10276261224431528 0.02866986601995445 0.16162817615105696 0.20152836544695021 0.14281623717476538 0.1235885862194559,-0.060487619620330203 -1.5447400499311839 -0.068970438507959073 -1.6444562909202218 -0.016208286486069364 -0.086831432329755168,-0.69587636790507124 -0.34333741094658066 0.027127791379438611 0.4466597546629032 0.6430018697854869 0.09646188871952581,8.4232268979542866 -111.22731171562269 -45.483741300298433 -2.7600588616780835 0.55717207357370746 0.0022162158935928773,0.056631841357841495 -0.28704990311780421 2.4536711769212616 0.27863007468386058 -0.19232170792511738 -0.0090176716356040743
ur,tetrapga,13.569359791,0.407070386,0.288916368,0.015919751,34.122941,41.556096,4.265367625,1,0,0,2.618118236,0.040871834,1.2,0,0,0,0 0 0.050000000000000003,0 0 0.050000000000000003,0 0 0.050000000000000003,wrist_3_link,-1,0,0 0 0,0 0 0,,-0.051412581255443297 -1.5401890509540108 -0.069582996572589609 -1.6503049925229403 -0.024586183358912161 -0.088067295193657066,-0.054920335731581449 -0.026514456981308464 -0.0015568064850866958 0.034739250881943379 0.051939590428933688 0.0069908809843729006,-0.24798186533787211 -1.8094326265224467 -0.15744501374890471 -1.5458862550940338 0.164921716687074 -0.081865570944889721,-0.09744995779850911 0.035059972735810269 0.16682753525931965 0.20173271301947962 0.13839085261541945 0.12598064919384247,-0.061458706329062078 -1.5450729897743525 -0.068767719709840733 -1.6435609109218181 -0.015146940992651401 -0.086486488840412379,-0.68857573639691572 -0.32605491646940021 0.063624728804201572 0.47746634997037585 0.65628674122992015 0.12035936516171626,3.0904504091286658 -110.76282604041964 -44.14921249809548 -2.1986234100845352 0.45866871813177512 0.0091107689065535215,-1.2286262576442937 -1.0149370278822971 2.3879626722161618 0.64729313734642346 0.16258449963004296 0.10047504589115874
ur,tetrapga,13.610996459,0.408873841,0.306389751,0.019426731,39.495254,46.856619,4.93690675,1,0,0,2.572798585,0.050383535,1.2,0,0,0,0 0 0.050000000000000003,0 0 0.050000000000000003,0 0 0.050000000000000003,wrist_3_link,-1,0,0 0 0,0 0 0,,-0.053230723450002848 -1.5411326204475944 -0.069672210172144547 -1.6491682686260656 -0.02287905906276495 -0.087835315705756201,-0.037229860339766087 -0.020598845127973386 -0.0024766219936636852 0.023261945822562018 0.035044141982650975 0.0047603497795430843,-0.25193957760787977 -1.8078557242287079 -0.15040637857234876 -1.5374871278451141 0.17059959467686089 -0.076578217974233365,-0.092637395862319324 0.04068378659826348 0.17124369490257368 0.2016793679686123 0.13431722452170028 0.12797744966368957,-0.064968289965614726 -1.5468857887024898 -0.068485897914879426 -1.641047159181684 -0.011798136547946285 -0.08577968655867671,-0.69582241953968205 -0.349736407478353 0.063493051317157448 0.48944889577451173 0.6602292452791878 0.13050112475895204,7.573397578940023 -103.71919102845659 -41.770219435554395 -2.4547614892956764 0.49881228974108766 0.0034337068891491123,-0.064836143918682865 0.87924367372215784 2.9140096997879539 0.29334198223750718 -0.19972403478741541 -0.0146992347101218
ur,tetrapga,13.65792406,0.410160304,0.289479062,0.0175872,34.087154,41.589968,4.26089425,1,0,0,2.57083221,0.02756592,1.2,0,0,0,0 0 0.050000000000000003,0 0 0.050000000000000003,0 0 0.050000000000000003,wrist_3_link,-1,0,0 0 0,0 0 0,,-0.055868774694741268 -1.5423570384358194 -0.06962742647103827 -1.6474633038425781 -0.020410117245710839 -0.0874603704080366,-0.055176634577817615 -0.026808638123193545 0.001462100580117533 0.038304306160272694 0.053460666976298053 0.0097420307000061369,-0.25615686454175512 -1.8057981556587068 -0.14225729293600209 -1.5280292819963821 0.17679142918284538 -0.070522215744652464,-0.087074469587878303 0.047003435396916156 0.17602587380815857 0.20135669235921805 0.12953916347019359 0.13009943132427132,-0.065911267412487262 -1.5472730044707803 -0.068261857115414645 -1.6401023391253773 -0.010733021680470158 -0.085383728075545506,-0.68659188528865855 -0.33144886270319901 0.099350634693025575 0.51911154834423767 0.67138815204480029 0.15453755097639429,2.3307079041404908 -102.9869779824613 -39.944488057723781 -1.8305327791158743 0.3899187242741341 0.011168369760303425,-1.2805475946940987 -0.51576401608781453 2.638079925977479 0.67506868588770885 0.17066665373469903 0.11293184345404939
ur,tetrapga,13.69959292,0.411919548,0.306760194,0.019900247,39.579462,47.22829,4.94743275,1,0,0,2.522917212,0.034289323,1.2,0,0,0,0 0 0.050000000000000003,0 0 0.050000000000000003,0 0 0.050000000000000003,wrist_3_link,-1,0,0 0 0,0 0 0,,-0.057696866670863739 -1.5433002997762506 -0.069609090962683834 -1.6462090903065525 -0.018653219612304907 -0.087137993287591239,-0.037462300798945247 -0.020388606934744598 -0.00015194155339447131 0.025680202873808015 0.03606218455258399 0.006615143401348729,-0.25968015999056659 -1.8037230609293411 -0.13483715925062661 -1.5196490436568795 0.1820979619391066 -0.065063904331293748,-0.082016694479074989 0.052591703258699718 0.18009332222279281 0.20083704919576154 0.1251363725953864 0.13186732884559779,-0.069398340781665652 -1.5491049417518943 -0.067790739547668122 -1.6373837829252307 -0.0073184404047505949 -0.084504963375039349,-0.69258419432303353 -0.35313918184329762 0.10099075369547847 0.53065549943005719 0.6743288448347815 0.16466637543969681,6.7341769069782087 -96.004919358256274 -37.972037259311314 -2.1461641633127915 0.43973902680312582 0.0046340239700332752,-0.063881405247002476 1.1663001673614417 2.9850370972628752 0.27635503960209462 -0.20187925667228512 -0.02042835309396196
ur,tetrapga,13.746931093,0.413143241,0.290284121,0.017784408,39.617037,47.153626,4.952129625,1,0,0,2.488785175,0.012408975,1.2,0,0,0,0 0 0.050000000000000003,0 0 0.050000000000000003,0 0 0.050000000000000003,wrist_3_link,-1,0,0 0 0,0 0 0,,-0.060340522387836 -1.544536020482475 -0.069417820360445234 -1.6443383693243512 -0.016117456198307283 -0.086632841530609475,-0.055103006231474724 -0.027091084458678558 0.0044470312508569122 0.041711486073189495 0.054679733488594937 0.01251510515845021,-0.2634241601469749 -1.8010838507463993 -0.12620658358647846 -1.5101609310266733 0.18789986502480199 -0.05877663407377539,-0.076142035302089447 0.058906102301836696 0.18450378855209593 0.19998110538546846 0.11995887484762453 0.13374067749730326,-0.072643046324112837 -1.5509042447808545 -0.06733574215162183 -1.6347715261334428 -0.0040964866054531771 -0.083622170688267897,-0.68864501761307462 -0.36769166828937111 0.10772094990507089 0.54386292394601843 0.67771346846082325 0.17684527820799728,6.5677202611803214 -90.462838843715389 -35.290563585086829 -1.9592503853549945 0.40655971318787382 0.0051208507763458528,-1.2014649419718353 -0.50733597649377771 2.6676612266066684 0.67484945776050154 0.16970994045202659 0.12542870429336972
ur,tetrapga,13.794164058,0.414935699,0.280646718,0.028648943,34.146454,41.61682,4.26830675,1,0,0,2.498652679,0.004365598,1.2,0,0,0,0 0 0.050000000000000003,0 0 0.050000000000000003,0 0 0.050000000000000003,wrist_3_link,-1,0,0 0 0,0 0 0,,-0.062489769249529967 -1.5456475174974267 -0.069260408278988203 -1.6427132673008134 -0.013989450648294492 -0.086140060476537383,-0.066363180310920269 -0.029300190056437421 0.010049550706543363 0.052507491219642238 0.066805968147761519 0.016227888738248465,-0.26687957614672725 -1.798153605884665 -0.11739249770366064 -1.5007409272520664 0.19344034766862747 -0.052418382247360742,-0.070150708412742457 0.065162060973830649 0.18867503750126685 0.19884639248730904 0.11461448536807495 0.13546431504872306,-0.07298326194368171 -1.5510128082645962 -0.067107522663476582 -1.6341367963881801 -0.0035452108650922444 -0.083249048639378737,-0.67710676960753691 -0.3421158906819412 0.14881906897855279 0.57570004111847728 0.68721972022269862 0.20400836787798582,1.3121680100034698 -89.833337179021527 -33.004277906196776 -1.2544709910131797 0.28153136848409854 0.014067840686707181,-4.7632425478583968 -3.5030125782777759 2.2519289630020012 1.6043408067516793 1.0616283975877074 0.31494056042461693
ur,tetrapga,13.835851861,0.415974502,0.301653739,0.017574843,39.7289,47.573835,4.9661125,1,0,0,2.448425525,0.004594022,1.2,0,0,0,0 0 0.050000000000000003,0 0 0.050000000000000003,0 0 0.050000000000000003,wrist_3_link,-1,0,0 0 0,0 0 0,,-0.064765140603689444 -1.5467535531403136 -0.068987934641885212 -1.6409803434290151 -0.011768883905882137 -0.08559884081473558,-0.046537748509959335 -0.025042797922369266 0.0043331428173764425 0.035446444526459439 0.0456018072503089 0.011107095716353288,-0.26969198196817179 -1.795322808651324 -0.10945374124182534 -1.4924764125803374 0.19811755757076185 -0.04674161632156424,-0.064760855712529361 0.070639977836602696 0.19216114668318723 0.19761304986578945 0.10975621517607453 0.1368630030631561,-0.076374595227106074 -1.5528263881253208 -0.066343072254725882 -1.6311494684549575 -9.1164904182480105e-05 -0.082118625239602172,-0.68073295230280217 -0.35979920522442094 0.1543191754191077 0.58727683667893982 0.68874552763840469 0.2147339304519727,5.4449016456410497 -82.945351544876445 -31.631258010620495 -1.6466515857819086 0.34382385899193696 0.0063904056602516485,0.10709151899709468 0.60090858746934828 2.6362264699284879 0.17444597077974322 -0.22168045100762335 -0.034351179508888663
ur,tetrapga,13.883553901,0.41648165,0.295877528,0.019121709,34.121105,41.569377,4.265138125,1,0,0,2.449299553,0.030095263,1.2,0,0,0,0 0 0.050000000000000003,0 0 0.050000000000000003,0 0 0.050000000000000003,wrist_3_link,-1,0,0 0 0,0 0 0,,-0.067727452718279763 -1.5482625476089846 -0.068591856933600953 -1.638642949364131 -0.0088389551241948982 -0.08483621431038732,-0.052657550688734366 -0.02990753963961534 0.0067274560937798248 0.044658024445451139 0.054128249019583068 0.016083474719500428,-0.27263192746137993 -1.7918047534180992 -0.10019662541242919 -1.4830887286919179 0.2032175143292195 -0.040177598149176957,-0.058482966420492631 0.076850322558560086 0.19591985485773572 0.19593670562755952 0.10404251287702514 0.13832053183400125,-0.077374647189238976 -1.5532702157275526 -0.065962331111387093 -1.6299827542077865 0.001087500855943768 -0.081559449001732121,-0.66545290206825825 -0.34071848254997228 0.1881416853470412 0.61418183771973611 0.69407010876655706 0.23974634665782862,0.36408091577095192 -80.960820100103348 -28.27668507408557 -0.84081652627118908 0.20389757159982327 0.016328520064875049,-0.036062554633133459 0.93300306668879784 2.8682563188984034 0.18483841660599865 -0.20748064110467812 -0.018198896889742855
ur,tetrapga,13.925219351,0.418130323,0.311300439,0.021674731,39.757241,47.161811,4.969655125,1,0,0,2.395602502,0.021588544,1.2,0,0,0,0 0 0.050000000000000003,0 0 0.050000000000000003,0 0 0.050000000000000003,wrist_3_link,-1,0,0 0 0,0 0 0,,-0.069443044364827552 -1.5492948875431558 -0.068396778870275204 -1.6371883861239633 -0.0070720994597161602 -0.084310759338011812,-0.035154846768026944 -0.022051755764255731 0.0035744596523698477 0.029793813051313497 0.036260580011229469 0.01078019008170066,-0.27495280660241062 -1.7884907354439021 -0.091968750602365729 -1.4749594875587715 0.20744625895230467 -0.034390109181790966,-0.052908872705019941 0.082217816922660183 0.19899738526016369 0.19424270199013868 0.098923828800756605 0.13946730813898967,-0.080734791414500351 -1.5551332608761714 -0.065014561660273251 -1.626787306684867 0.0046027855247026978 -0.080247895844484621,-0.66788061642052865 -0.35710964933973433 0.19454767385448488 0.62460693774548215 0.69439809345923897 0.24992259266467726,4.4361005074707132 -74.115723372770276 -27.348069710244523 -1.3007675902430453 0.27711066940894175 0.0076755146717957653,-0.1062718005955503 2.1687590697956693 3.2512096570255551 0.24825609836625517 -0.20040057121177668 -0.033280864154619394
ur,tetrapga,13.972483145,0.419022364,0.2945553,0.021571139,39.507716,46.86641,4.9384645,1,0,0,2.361114807,0.035692711,1.2,0,0,0,0 0 0.050000000000000003,0 0 0.050000000000000003,0 0 0.050000000000000003,wrist_3_link,-1,0,0 0 0,0 0 0,,-0.072004212666673173 -1.5506400423536324 -0.067900447145329695 -1.6349541197362711 -0.0044430034209480863 -0.083483573088606461,-0.052942695446469346 -0.02860258094462088 0.011053311777458009 0.049111557125597526 0.056123906287592229 0.019299689770762522,-0.27730218599237927 -1.7844623026680542 -0.082485475632419258 -1.4658292558368065 0.21198189182246932 -0.027770413446672106,-0.046490429837998996 0.088234748155044715 0.20225157164443522 0.19206401748537691 0.092981191741385555 0.14062401256523027,-0.083840789796984797 -1.5569435401805634 -0.064110400141052459 -1.6237409711963211 0.007899009672995989 -0.078961351435112084,-0.66108038368015398 -0.36669799187832131 0.20320411131061328 0.63600484392458378 0.69470892308824839 0.26193296505037389,4.2723624016700583 -68.756025991511592 -24.889721116631915 -1.1387101817868739 0.24819405895413427 0.0079881767840562223,-1.3234206655548064 0.59925038853089063 3.2356708028449077 0.76721806033674511 0.20723601371888956 0.17197325923393691
ur,tetrapga,14.019462374,0.420796793,0.288431669,0.203651761,34.180049,41.728275,4.272506125,1,0,0,2.377777019,0.046372265,1.2,0,0,0,0 0 0.050000000000000003,0 0 0.050000000000000003,0 0 0.050000000000000003,wrist_3_link,-1,0,0 0 0,0 0 0,,-0.073945912593987806 -1.5517313132965487 -0.067504807181351587 -1.6331622271322823 -0.0023952185060561264 -0.082775144923938115,-0.05782701223708249 -0.028546619908103397 0.015408594528099596 0.058463487788358144 0.064552245731750252 0.022932984845294862,-0.27933457329174893 -1.7801782346510036 -0.07291284418636125 -1.456862359361883 0.21620867401604835 -0.021139999369259362,-0.040017555144371782 0.094132103797886627 0.20523190473831754 0.18963048929991452 0.086939842308426121 0.14162041407956721,-0.08404361209608166 -1.5570776690326822 -0.063891611334844112 -1.6231443863897854 0.0083350397030900261 -0.078557187516432689,-0.64378261257442071 -0.34253028676579056 0.23949904079473888 0.66340159681456368 0.69789301495251199 0.28888258288655189,-0.69339970533589579 -66.76382526674189 -20.936967705858812 -0.24976743035846427 0.091170325324523654 0.0190399294776602,-15.190864046816387 -6.2132481198395908 6.4859128956917687 11.404498601718842 6.8337620899815983 2.5843364138495133
ur,tetrapga,14.061286955,0.421361624,0.304176475,0.018506125,39.546539,46.903892,4.943317375,1,0,0,2.326872263,0.054048885,1.2,0,0,0,0 0 0.050000000000000003,0 0 0.050000000000000003,0 0 0.050000000000000003,wrist_3_link,-1,0,0 0 0,0 0 0,,-0.07626537111724864 -1.5529334577817202 -0.06689578996474306 -1.6309993991782803 2.5010019009460109e-05 -0.08190570906796657,-0.044862678521109069 -0.02529857628559368 0.010795151192275846 0.041755284641252777 0.046870620025030237 0.016833095754035701,-0.28088650481031779 -1.7761327390289288 -0.064277438873839812 -1.4489803707133775 0.21973055397282862 -0.015200519727132589,-0.034183134166272104 0.09930603099328493 0.20766820198319111 0.18724186678404386 0.08145622961897446 0.14237774612166157,-0.087249598595428537 -1.5588833460023759 -0.062650024347177535 -1.6197224586231838 0.011829881916644587 -0.077000600854068429,-0.64381836072835608 -0.35521623207534841 0.24907896051756701 0.67321013704362864 0.69654372344983062 0.29921463844717,3.125581299807159 -60.049474247713761 -20.635766803507479 -0.78658810489868036 0.17776749713138032 0.0092893962265962297,0.087587618660734279 1.4164937098303199 2.7759187626783444 0.12052197679531673 -0.22097928097763209 -0.052030897068505055
ur,tetrapga,14.108320784,0.421563239,0.299696647,0.020685947,34.054853,41.441022,4.256856625,1,0,0,2.325417619,0.0721416,1.2,0,0,0,0 0 0.050000000000000003,0 0 0.050000000000000003,0 0 0.050000000000000003,wrist_3_link,-1,0,0 0 0,0 0 0,,-0.079047638912230572 -1.5544309054204311 -0.066116147706918399 -1.6283297717050971 0.002957838555969598 -0.080805898027602949,-0.05003671016179137 -0.029939676615310131 0.013838814118414951 0.051502393431159026 0.054821069333468073 0.022661818137403762,-0.28233853282246041 -1.7713269549703818 -0.054450375369280546 -1.4402416203863138 0.22341459490477072 -0.0084867672561896,-0.027548491260206889 0.10503131189264144 0.21015986142538357 0.18430919300315099 0.075180156500490924 0.14308233383570959,-0.088137098365509287 -1.5593556680186775 -0.062162547302724108 -1.6184659354231141 0.0129591326477393 -0.076317199000606739,-0.62355996032069871 -0.3373177930447786 0.27756734297793262 0.69502247591726629 0.69565906099302233 0.32325630861171922,-1.5205922848350548 -56.923186166680665 -15.851639328201189 0.17074938348317636 0.01208424368278338 0.021104881325047706,-0.14417809405381377 1.3298365022710641 3.1028920401878963 0.39800710928830085 -0.074809661048853116 0.097043746228706596
ur,tetrapga,14.149856274,0.423028695,0.3132779,0.021513656,34.298209,41.771513,4.287276125,1,0,0,2.299740205,0.059368709,1.2,0,0,0,0 0 0.050000000000000003,0 0 0.050000000000000003,0 0 0.050000000000000003,wrist_3_link,-1,0,0 0 0,0 0 0,,-0.080679941575845224 -1.5554638386981061 -0.065677594092130934 -1.6266473308740423 0.0047510802886091188 -0.080061471568641823,-0.033451488081795815 -0.022011118028189249 0.0086102107169863853 0.034470557322260599 0.036802037421786955 0.015273968881922156,-0.28336005713342283 -1.7668609559471462 -0.045679459482348209 -1.4326437859108296 0.22642056821390072 -0.0025331309297087551,-0.021630880968224499 0.10999944265164412 0.21213887409612761 0.18150547454395297 0.069548992081319413 0.14357432459095038,-0.089302924086341579 -1.560035123365727 -0.061505356558128006 -1.6168535739944909 0.014407242660858934 -0.075446727591069879,-0.61180051888840836 -0.32817125323466556 0.30183926863116506 0.71288239840542633 0.69401702886758876 0.34282596348585093,-2.248805760000403 -52.457295422081614 -13.330486957558463 0.41504858660787991 -0.03531879343802849 0.022619007861266239,-0.078605945867423088 2.6196915444224942 3.227048408172692 0.19057173262353899 -0.19458785889656838 -0.047166063651047807
ur,tetrapga,14.191725407,0.423569206,0.305632349,0.019093336,34.150236,41.594431,4.2687795,1,0,0,2.263762672,0.054914314,1.2,0,0,0,0 0 0.050000000000000003,0 0 0.050000000000000003,0 0 0.050000000000000003,wrist_3_link,-1,0,0 0 0,0 0 0,,-0.082820931566132808 -1.5566686906248999 -0.064938716805447841 -1.6243933289307375 0.0070949955099950642 -0.079053565002605214,-0.044406503549301722 -0.026659746366421679 0.014626588910557002 0.046455733580092445 0.048449642840480561 0.020845300791728139,-0.28413996976616107 -1.7621520748831812 -0.036759330376255235 -1.4251069634099236 0.22921233753837297 0.0034864192859601958,-0.015616063376022785 0.11491852920721383 0.2139210490553346 0.17847945127637649 0.063795644635475351 0.1439460379265084,-0.090865833816769812 -1.5609377976083239 -0.060649656295560794 -1.6148044452254191 0.016278979618312116 -0.07437146369927819,-0.6004882510317594 -0.32323632778516564 0.32154754888775328 0.72737578172163531 0.69098256900163868 0.35983532559069586,-2.4128325591838422 -47.560855203119864 -10.929974219967065 0.5848540418242012 -0.068206584528008901 0.023099202892279309,0.064496151951288994 1.9699695774879729 2.8640004144213833 0.080751772291478119 -0.22271046930317695 -0.064416372615994533
ur,tetrapga,14.23341762,0.424753738,0.310493935,0.020682174,34.315203,41.723941,4.289400375,1,0,0,2.233779847,0.037380354,1.2,0,0,0,0 0 0.050000000000000003,0 0 0.050000000000000003,0 0 0.050000000000000003,wrist_3_link,-1,0,0 0 0,0 0 0,,-0.084543690302668312 -1.5577041886506029 -0.06431975971739308 -1.6224835958564516 0.0090297426675494726 -0.07815935929455807,-0.035850016479504927 -0.022282999842638273 0.01267722703222377 0.039768696018897445 0.040284717829212557 0.018704718034572614,-0.28466541057887251 -1.7572603807016784 -0.02780721784707722 -1.4177319861326092 0.23175146789762927 0.0094934029394541531,-0.0095828326164203483 0.11972286081911225 0.21548121274807647 0.17527025007465219 0.057996944444724391 0.14419178272572486,-0.092413483248607431 -1.5618748073264959 -0.05977097379778213 -1.6127216849860029 0.0181542262933828 -0.073260215273405871,-0.5885901497186361 -0.31922677520850595 0.33921677639153142 0.74029194540268373 0.68748314500200003 0.37564952838692073,-2.8694868082464691 -42.83046780163837 -8.44031280527539 0.79654674719237306 -0.10824405025531786 0.024185596838947838,-0.032868108604930057 2.5720568642509534 3.1023260342186632 0.13704750943088584 -0.20047199654677073 -0.057774374738244205
ur,tetrapga,14.275247644,0.426084204,0.312110453,0.020402914,34.152266,41.831794,4.26903325,1,0,0,2.211038246,0.024611567,1.2,0,0,0,0 0 0.050000000000000003,0 0 0.050000000000000003,0 0 0.050000000000000003,wrist_3_link,-1,0,0 0 0,0 0 0,,-0.086141021006444801 -1.5586639992894789 -0.063666570866450251 -1.6206039193636177 0.010870472277668268 -0.077239811393673946,-0.031538478476514697 -0.019421568540272389 0.012849139700413421 0.03706985587472842 0.036289705612731378 0.018206398879123602,-0.28493898370653165 -1.7521532787128289 -0.018764674368332263 -1.4104711375473502 0.23405469675101562 0.015527926305371521,-0.0034915140648611996 0.1244436758326474 0.21682942463730048 0.17185752255848291 0.052116444971551511 0.14431324510055502,-0.093890280382114583 -1.5627950178297678 -0.058871384836839777 -1.6106448815185961 0.019980355606194381 -0.072123547149498451,-0.57662853289536375 -0.31570181573236844 0.35592343730779663 0.75224008310719837 0.68350079121555907 0.3908082735183358,-3.2609960557047941 -38.097570229311316 -5.9907337323749035 0.99729713173039447 -0.14643774536625637 0.02513051181702132,-0.032884141907914 2.5560564032621187 3.0604371534956272 0.14670480189215596 -0.18653222191807828 -0.05623242238362991
ur,tetrapga,14.317208188,0.427472835,0.311283024,0.019504112,34.082836,41.647785,4.2603545,1,0,0,2.194057977,0.017301714,1.2,0,0,0,0 0 0.050000000000000003,0 0 0.050000000000000003,0 0 0.050000000000000003,wrist_3_link,-1,0,0 0 0,0 0 0,,-0.087680679815431262 -1.5595569470585591 -0.062951302104966578 -1.6187198688063378 0.012666726403355888 -0.076293954561758429,-0.03185719905786228 -0.019082422063394042 0.014631620170082875 0.038793275678455634 0.037039290288351269 0.019520406934869925,-0.28495671497759056 -1.746834029941019 -0.0096418668011917022 -1.4033350585498661 0.23611678571357769 0.021583740867851166,0.0026513028160662666 0.12907409446598289 0.21796156637134906 0.16824386541347619 0.046161927218059479 0.14430897244675508,-0.095300640556683081 -1.5636778700462393 -0.057936412112864731 -1.6085750458200296 0.021755265508118578 -0.070964201391213177,-0.5643950577746738 -0.31273595051439085 0.37186641995392833 0.76341616834489279 0.67896556348390691 0.40556868330848539,-3.5762838576744445 -33.250561365837505 -3.5325351024972758 1.1891860255059825 -0.1830900050062626 0.025921223227489507,0.0066702192527827719 2.3543599409676972 2.9256168743792443 0.12088877087990113 -0.18549307754960864 -0.060300884539174149
ur,tetrapga,14.358949015,0.428789101,0.311109224,0.018740165,34.24156,41.585755,4.280195,1,0,0,2.180851788,0.013695181,1.2,0,0,0,0 0 0.050000000000000003,0 0 0.050000000000000003,0 0 0.050000000000000003,wrist_3_link,-1,0,0 0 0,0 0 0,,-0.089204642834624343 -1.5604380765262429 -0.062183288959668778 -1.6167971211079983 0.014463016173143767 -0.075308640490454576,-0.032164213869091234 -0.019315332849563941 0.016055547617717551 0.040460996926237808 0.037825613907638604 0.020799144693618855,-0.2847180461397078 -1.7413521334700977 -0.00052429950419435032 -1.3963906708959091 0.23791915321394894 0.027605045536161076,0.0087883408982531424 0.13357083712257217 0.21886735311891065 0.16446411307502606 0.040190654954382642 0.1441792977093308,-0.096665467873955357 -1.5645390912200581 -0.056962968449960315 -1.606495786917133 0.023499410315037751 -0.069776720061885317,-0.5516032728107183 -0.31013974194911575 0.38711026103111545 0.77378706892006255 0.67378368485113127 0.41996261015337194,-3.8909082828215062 -28.297791244075942 -1.0354558513400409 1.3824663862317363 -0.22003501445268908 0.02669112948015491,0.039330101144685159 2.1998191413449604 2.8110247024128228 0.096758983260770037 -0.18483828446687056 -0.064258614959499027
ur,tetrapga,14.400638566,0.43002352,0.311618414,0.018409404,34.121087,41.661604,4.265135875,1,0,0,2.170820871,0.012447317,1.2,0,0,0,0 0 0.050000000000000003,0 0 0.050000000000000003,0 0 0.050000000000000003,wrist_3_link,-1,0,0 0 0,0 0 0,,-0.090715759478919494 -1.561329327444223 -0.061366802959311899 -1.6148222427164189 0.016269644532498177 -0.074273652613532179,-0.031842345623665204 -0.019599620448235086 0.017023824954805391 0.041523933840440147 0.038013189326024682 0.02183158326773333,-0.2842235320282227 -1.7356919750637525 0.0086152072179246711 -1.3896160606315902 0.23946965334130427 0.033610946868267752,0.014938207026741332 0.13794828528089276 0.21955130024858791 0.16050907689376506 0.034186400978680628 0.14392493330078443,-0.097995906263527444 -1.5653956834002845 -0.055950633253767985 -1.6043922151054097 0.025227684640104386 -0.068553033955710635,-0.53816157364775974 -0.30768425862897586 0.40178155647991981 0.7833499642007391 0.66789465231720757 0.43401904789216472,-4.2161563567115135 -23.252175702520727 1.4994550055223872 1.5782281133998328 -0.25749307452519243 0.0274582549829736,0.049347896487290654 2.1940541709618628 2.761410531181383 0.081222444083323353 -0.18333973274142323 -0.067449400502709977
ur,tetrapga,14.44239738,0.431079733,0.312772592,0.018475412,34.153419,41.492904,4.269177375,1,0,0,2.163314659,0.013830992,1.2,0,0,0,0 0 0.050000000000000003,0 0 0.050000000000000003,0 0 0.050000000000000003,wrist_3_link,-1,0,0 0 0,0 0 0,,-0.092255803316459259 -1.5622654446391118 -0.06047771020509126 -1.612732625500422 0.018140506623712613 -0.073153425092629301,-0.030521365502254646 -0.019346535275942468 0.017458659993910261 0.04133612310362432 0.037032918596704094 0.022228758918666686,-0.28347084918818732 -1.7298419248165104 0.017793849627937348 -1.3829991740113299 0.2407710773184977 0.039613587547789424,0.021112763952193088 0.14221430537049232 0.22001420417241058 0.15637168709473837 0.028139233184805029 0.1435451983730239,-0.099317720392531672 -1.5662709339279213 -0.054886264301195184 -1.6022261614740536 0.026973618225925752 -0.067271476687027154,-0.52398320056986025 -0.30504623862213348 0.41598842867078961 0.79203235389785909 0.66119032451907089 0.44771910479680421,-4.5519320277993138 -18.148791360998779 4.0608975830602638 1.7763509613562671 -0.29539169976384028 0.028240098778283974,0.037881315337813248 2.3235242562168423 2.7713117602337718 0.077863426716248796 -0.17915447559519748 -0.068672298123004794
ur,tetrapga,14.483984987,0.432227689,0.313437262,0.018467292,34.317949,42.161563,4.289743625,1,0,0,2.159038081,0.013567183,1.2,0,0,0,0 0 0.050000000000000003,0 0 0.050000000000000003,0 0 0.050000000000000003,wrist_3_link,-1,0,0 0 0,0 0 0,,-0.093695983916127004 -1.5631616719317651 -0.059585201575147496 -1.61070049105831 0.019919506602659086 -0.072039656978687763,-0.029752095021794444 -0.019228749933501744 0.018275891255326984 0.041831562476178558 0.036672176240504069 0.022977206579567762,-0.28246479645469769 -1.7238413472718666 0.026949456343256982 -1.3765846876105348 0.2418156407898622 0.045573274410184585,0.027270486885791981 0.14634019735273146 0.22025342544721288 0.1520810738073094 0.02209153985890026 0.1430429896889793,-0.10058111161831307 -1.5671336954615933 -0.053796818689052825 -1.6000633170932912 0.028677325652022641 -0.065966539581767639,-0.50928243312425336 -0.30217406651587225 0.42986428121055653 0.80000114675637601 0.65384540484973508 0.4611284064632043,-4.876283457100298 -13.024507595448195 6.6171512408764803 1.9719192535843328 -0.33285881124842676 0.028979847979040636,0.030215562027535725 2.4318281284213299 2.7700938144106999 0.069456632705623633 -0.1767196095942154 -0.070981242741424921
ur,tetrapga,14.526226188,0.433462923,0.313918797,0.01831157,34.118291,41.916212,4.264786375,1,0,0,2.159432293,0.014974083,1.2,0,0,0,0 0 0.050000000000000003,0 0 0.050000000000000003,0 0 0.050000000000000003,wrist_3_link,-1,0,0 0 0,0 0 0,,-0.095081827122130175 -1.5640413651544782 -0.058667934472091648 -1.6086730201645014 0.021657989268915403 -0.070906335346528016,-0.029196568490672401 -0.019127931641765149 0.01929609409330808 0.042626742910247831 0.036559961509793661 0.023894734250857967,-0.28118070348937874 -1.7175735246274062 0.036254366822940864 -1.3702556215427311 0.24261874226056684 0.051602587664273718,0.033527562533620117 0.15040108471859898 0.22026927823341474 0.14755416013933348 0.015930605067212233 0.1424065604851478,-0.10178323902494256 -1.5679797906842117 -0.052683981521683049 -1.5979091579892721 0.030334396819334856 -0.064641267629103272,-0.49397120696101482 -0.29903254706052246 0.44354938244135422 0.807376330102894 0.64584241998703473 0.47439622946255339,-5.1905978154494949 -7.847168894082146 9.1921430295038391 2.1674434601141397 -0.37033670708487637 0.029700897293697816,0.029156920428476951 2.4929207234135902 2.7467355650212824 0.057478570802231843 -0.17470320128725092 -0.073814115299143168
ur,tetrapga,14.568221525,0.434456484,0.31478024,0.018141752,34.062722,41.665485,4.25784025,1,0,0,2.161921265,0.018507565,1.2,0,0,0,0 0 0.050000000000000003,0 0 0.050000000000000003,0 0 0.050000000000000003,wrist_3_link,-1,0,0 0 0,0 0 0,,-0.096503445113605604 -1.5649604042236012 -0.057661117128358134 -1.6065144579160129 0.023470117961776133 -0.069676098539010634,-0.028195591506192313 -0.018812657357920474 0.019946803266152145 0.042724870066560651 0.035878846252043267 0.024415820062491062,-0.27964213398230942 -1.7111749486997452 0.045501002615161774 -1.364156408202351 0.24315894407834351 0.057567511607102322,0.039744690744047947 0.15430418228236403 0.22005783444429558 0.14289009377782552 0.009795049164077042 0.14164813553499009,-0.10296714391050016 -1.5688345834543669 -0.051517810051115262 -1.5957007701597519 0.031998649545701675 -0.063260249775996175,-0.47797523021370802 -0.29556075007683413 0.45684240927826969 0.81387972418625787 0.63704901945767456 0.48730416354858713,-5.5026829347747128 -2.6483457101740884 11.769018009094829 2.3621527870406887 -0.4076647899383059 0.030407213107038211,0.0274680859792511 2.550243610785401 2.721262824230422 0.049410666832045536 -0.17084292131688272 -0.075422276782575182
ur,tetrapga,14.609952182,0.435516948,0.315454866,0.017933073,34.053956,41.511581,4.2567445,1,0,0,2.167454293,0.019995171,1.2,0,0,0,0 0 0.050000000000000003,0 0 0.050000000000000003,0 0 0.050000000000000003,wrist_3_link,-1,0,0 0 0,0 0 0,,-0.097835090556401036 -1.5658402068312516 -0.056650663119734095 -1.6044096225928677 0.02519827388523271 -0.068452543899873625,-0.027513200619901219 -0.018744226977932089 0.020827491973902663 0.043338192587068225 0.035621251947521762 0.025242147763740636,-0.27785481235753196 -1.7046571797380148 0.054675871259948682 -1.3582929408689355 0.24344042368886815 0.063460705790262362,0.045913110368125322 0.15804593054079574 0.21962327485711836 0.13809927471323985 0.0036954324451563565 0.14077095730075923,-0.1040928746563072 -1.5696722752942867 -0.050326158906675536 -1.5934981303803397 0.033619519734330056 -0.061857346294785627,-0.46146967791457605 -0.29186001894956559 0.46975970988828852 0.81963324957337369 0.62763225241976572 0.49988131793692436,-5.8054371777225313 2.5549495334748973 14.332477242369972 2.5538791092125326 -0.44447012529592145 0.031071498370129361,0.027295698933414769 2.5974569726549817 2.689961019594648 0.037744738405308453 -0.16821395675555806 -0.077973602855166746
ur,tetrapga,14.651568341,0.436587337,0.316093939,0.017703265,34.105019,41.775236,4.263127375,1,0,0,2.17639962,0.021465103,1.2,0,0,0,0 0 0.050000000000000003,0 0 0.050000000000000003,0 0 0.050000000000000003,wrist_3_link,-1,0,0 0 0,0 0 0,,-0.09910809841829224 -1.5667029812716213 -0.055620723652541726 -1.602317234248259 0.026880190143177517 -0.067213482033274957,-0.026804911914303328 -0.018666535681108015 0.021756385220974516 0.043990437988832946 0.035359441221850363 0.026117493391211062,-0.27581634141928563 -1.6980046884323363 0.063802869022304365 -1.352647797370861 0.243467710871585 0.069298734145020982,0.052049185099289713 0.16163759537980013 0.21896729388543876 0.13317204473648336 -0.0023826315403230494 0.13977427706409154,-0.10515630857071975 -1.5704909564093361 -0.049114992534524907 -1.5913104274822274 0.035190830636605164 -0.060438342279021257,-0.44447775420625235 -0.2879160158052172 0.48230609315778805 0.82465685404758382 0.61762196226237576 0.51213398564776136,-6.1009428026617014 7.7524783987702985 16.882753985136535 2.7433177045095589 -0.48085771243837805 0.031708314748245994,0.027274373916839068 2.6389559873377948 2.6554897546742495 0.025619604106395855 -0.16553519780948278 -0.080676282008568023
ur,tetrapga,14.693419632,0.43747603,0.317046235,0.017521591,34.200911,41.910708,4.275113875,1,0,0,2.188258513,0.025884442,1.2,0,0,0,0 0 0.050000000000000003,0 0 0.050000000000000003,0 0 0.050000000000000003,wrist_3_link,-1,0,0 0 0,0 0 0,,-0.10040363634789751 -1.5676037612572915 -0.054500210214267798 -1.6000987299363587 0.028624922168504256 -0.065875274924552751,-0.025681866736377613 -0.018331926754828663 0.022293399298832631 0.043910300341676985 0.034533024128115819 0.026552171376537276,-0.27350925368895873 -1.6911668798925508 0.072949228129773599 -1.3471805996488189 0.2432402918032367 0.075125367518293767,0.058198405337570987 0.16510480077783626 0.21808386747483918 0.12807202943961363 -0.0084826225943613141 0.13865004016450028,-0.10619471071995396 -1.5713166317037925 -0.047852277745333981 -1.5890741900414789 0.036762735952118319 -0.058964770898021546,-0.42684228260781032 -0.28365910881505874 0.49441545365729855 0.82879858351632096 0.60685744372504546 0.52400471299334705,-6.3909681403578835 12.963784058925851 19.435789641258118 2.9322399955580787 -0.51712934406752087 0.032338823303882637,0.023862712396123698 2.6975834208060405 2.6282386664979924 0.018342792348448711 -0.16117480198190037 -0.082016991371673953
ur,tetrapga,14.735427388,0.438485603,0.317819048,0.017309247,34.043354,41.655662,4.25541925,1,0,0,2.203633493,0.028616006,1.2,0,0,0,0 0 0.050000000000000003,0 0 0.050000000000000003,0 0 0.050000000000000003,wrist_3_link,-1,0,0 0 0,0 0 0,,-0.10160833548745325 -1.5684645405151874 -0.053383273858204836 -1.5979424155593414 0.030282149823557959 -0.064549971459196678,-0.024887690948707152 -0.01821196774064469 0.023133771717697628 0.044405359721608931 0.034154353352216248 0.027340089812598552,-0.27093530386614728 -1.684160715311384 0.082087880452579323 -1.3419105663723969 0.24275569245962555 0.080923906887221522,0.064342865368890417 0.16843515776238094 0.21697222247184353 0.1228126842136099 -0.014585276391528844 0.13739962142719958,-0.10717084003202726 -1.5721239055897436 -0.046568195930510044 -1.5868504299336914 0.03828624950144708 -0.05747256823630862,-0.40866461606634918 -0.27916493503519235 0.50619748393354702 0.83223410838020051 0.59547582673024158 0.53560036781084641,-6.6705211183352082 18.191594466443689 21.983345789620103 3.118819641533026 -0.55298894655716657 0.032931466414631932,0.021496988018043339 2.7495234525895285 2.5963870504984072 0.0072142995841204538 -0.15814586757061022 -0.08444897382875638
ur,tetrapga,14.777179449,0.439496375,0.318547744,0.01706185,34.184271,41.586299,4.273033875,1,0,0,2.221482001,0.030172681,1.2,0,0,0,0 0 0.050000000000000003,0 0 0.050000000000000003,0 0 0.050000000000000003,wrist_3_link,-1,0,0 0 0,0 0 0,,-0.10275238070041366 -1.56930571923599 -0.052250513478300557 -1.5958048996485747 0.031889395486483639 -0.063213080013205053,-0.024079044603192382 -0.018073752277892249 0.024025983078922012 0.044940753015817479 0.033779645776533307 0.028173828065384265,-0.26812193886523616 -1.677061745277735 0.091119980449307095 -1.3368943390619272 0.24202056976992517 0.086632588376844538,0.070416388820041864 0.17159286017898334 0.21564502053153067 0.11745214585853031 -0.020623241149107858 0.13603680787183164,-0.10808180371933407 -1.5729101603794227 -0.045268516719415688 -1.5846481317046355 0.039756104136111511 -0.055967949316247351,-0.39002416916406418 -0.27441849582152111 0.51760474815119228 0.83494163585312986 0.58353520529715752 0.54685935108747707,-6.9429047215207955 23.400934554066517 24.510372780638413 3.3025141315968956 -0.58831500730778785 0.033492938135049971,0.020021494480431556 2.7905265470908489 2.5592775707337978 -0.0045227516711747739 -0.15506396156837354 -0.08702262863673127
ur,tetrapga,14.818862922,0.440444683,0.319298432,0.016786579,34.044751,41.496175,4.255593875,1,0,0,2.241637603,0.031754245,1.2,0,0,0,0 0 0.050000000000000003,0 0 0.050000000000000003,0 0 0.050000000000000003,wrist_3_link,-1,0,0 0 0,0 0 0,,-0.10386226369669226 -1.5701453609937741 -0.051073316071446648 -1.5936346778523067 0.033484635164171238 -0.061831874206244419,-0.023362926265053222 -0.018010224220783064 0.025000899376214695 0.045638493823189685 0.033532428779667847 0.029111672647582576,-0.26506103639094464 -1.6698461421072366 0.10007737587811888 -1.3321122701769137 0.24103587897660464 0.092272663654782011,0.076440661159013643 0.17459035061994627 0.21410009970337235 0.11197409694612158 -0.026616439946236355 0.13455808216113357,-0.10893928039543362 -1.5736831371424436 -0.043942242430426305 -1.5824465611524263 0.04118838893290605 -0.054438047902004849,-0.3709058359399876 -0.26942205698168142 0.52858424563935325 0.83685545327609856 0.57100241036002819 0.55773298241702429,-7.2043087782534307 28.592759349709777 27.015258379580501 3.482729320630106 -0.62300192972782709 0.034015973750967952,0.019136359840899786 2.8264800730512434 2.5179868543713724 -0.017710374682792462 -0.15228533982170234 -0.089917950917239864
ur,tetrapga,14.860458052,0.441204603,0.320320837,0.016556621,34.223503,41.59393,4.277937875,1,0,0,2.263028229,0.034001217,1.2,0,0,0,0 0 0.050000000000000003,0 0 0.050000000000000003,0 0 0.050000000000000003,wrist_3_link,-1,0,0 0 0,0 0 0,,-0.10497335607839399 -1.5710140026021502 -0.04980825995688283 -1.5913555452424795 0.035121396087068206 -0.060355691590657741,-0.022005474261650778 -0.017493008477294649 0.025292600485347164 0.045099857950927129 0.032372669903975672 0.029274325039682914,-0.26175722189532197 -1.6625245536558362 0.10894706027365797 -1.3275704650801132 0.23980510138150596 0.097836916029863483,0.082407199827400898 0.17742378447765098 0.21234086757358533 0.10638810714161241 -0.032554876239564684 0.13296610943136283,-0.10976633393750755 -1.5744613935022542 -0.042563090889400898 -1.5801984289532771 0.042617260862553845 -0.052851937163687045,-0.35125196258570268 -0.2641029537446683 0.53902003804628951 0.83782803054273769 0.55779604408431704 0.56811657284276351,-7.4622652538056586 33.753774079985213 29.506284626895479 3.6619840091197862 -0.65744854659293384 0.034545068350679636,0.015189430585678565 2.8723545862903848 2.4834931223606418 -0.022844685335257964 -0.14677377406070491 -0.090418203475479686
ur,tetrapga,14.902156657,0.442109983,0.321192691,0.016287103,34.186913,41.637438,4.273364125,1,0,0,2.287069105,0.033244509,1.2,0,0,0,0 0 0.050000000000000003,0 0 0.050000000000000003,0 0 0.050000000000000003,wrist_3_link,-1,0,0 0 0,0 0 0,,-0.10598822168191023 -1.5718362052746762 -0.048562184073407712 -1.5891608713647545 0.036658808624472239 -0.058908310181427226,-0.020961468745207212 -0.017208848597779464 0.02594654004848071 0.045203240235015658 0.031676545899292183 0.029855487819693539,-0.25819712325390898 -1.6550698032630056 0.11776084465675746 -1.323252965134782 0.23832433509991427 0.10334613821640709,0.088337669182110251 0.18010299668854185 0.21036077297830644 0.10067476824709456 -0.038458601543181037 0.13125489654513023,-0.11052649828462963 -1.5752172952361589 -0.041170120467381902 -1.5779750320579897 0.043990496313862044 -0.051254848928917879,-0.33115255937083476 -0.25856198096172378 0.5490646267600916 0.83807726263866333 0.54405769630036427 0.57815934296102378,-7.7078246572302795 38.897579054604961 31.975133434961514 3.8376144150702656 -0.69123454444412036 0.035031480649233317,0.012574810036824147 2.9083874852885856 2.4430654415002664 -0.032287316158544854 -0.14263640750623097 -0.092211344085541214
ur,tetrapga,14.943867251,0.443055668,0.322001724,0.015989748,34.098928,41.580755,4.262366,1,0,0,2.313459491,0.031128575,1.2,0,0,0,0 0 0.050000000000000003,0 0 0.050000000000000003,0 0 0.050000000000000003,wrist_3_link,-1,0,0 0 0,0 0 0,,-0.10693999079850638 -1.5726355703579866 -0.047305509470981028 -1.5869932635016604 0.038141712089501567 -0.057454588846792935,-0.020014715284610525 -0.01700592685325427 0.026772280079219356 0.045575492692340125 0.031152155521564924 0.030628987724535085,-0.25438976630156906 -1.6475045627551326 0.12649007136129856 -1.3191748208648615 0.23659801962895519 0.10878317673312438,0.094213051086807123 0.18261845167596799 0.20816518512939022 0.094852707759522842 -0.04430720078627863 0.12942924336992401,-0.11121820767435496 -1.5759488342162551 -0.039768043096206442 -1.5757832090894652 0.045304597306996444 -0.049651806367287749,-0.31062039160355059 -0.25280017739720517 0.55872148412961631 0.83761733630553037 0.5298116381704685 0.58786406507724376,-7.9429983031291744 44.017229065833881 34.419653081355904 4.0097704326695114 -0.72437646436723435 0.035480712785737917,0.01048971866634929 2.9379176038355581 2.3984621773813615 -0.043685241595085245 -0.13897753922944389 -0.094598595612254144
ur,tetrapga,14.985558288,0.443952155,0.322842531,0.015663243,34.091518,41.632941,4.26143975,1,0,0,2.34164712,0.028439157,1.2,0,0,0,0 0 0.050000000000000003,0 0 0.050000000000000003,0 0 0.050000000000000003,wrist_3_link,-1,0,0 0 0,0 0 0,,-0.10785140859309238 -1.573430879864913 -0.046006237541874037 -1.5847988957153925 0.039606472646763285 -0.055958001825626401,-0.01916840603491805 -0.016885465146695203 0.027713027241683119 0.046150538242902557 0.030776880216449105 0.031537975186776243,-0.25034058453960689 -1.6398414996225659 0.13511924907369979 -1.3153433747240766 0.23463004551746211 0.11413922427415295,0.10002316858388101 0.18496547133969365 0.20575798692953207 0.088933050241818995 -0.050089085263710684 0.12749219513187282,-0.1118519693834075 -1.5766643022844982 -0.038343666578248087 -1.5736000505879726 0.046575771298912785 -0.048027547133615567,-0.28964515621529374 -0.24680565548824446 0.56793421760710716 0.83637522681764409 0.51502954026004477 0.59716962036159527,-8.1667933535042376 49.108317031643629 36.835879921618506 4.1779322905705012 -0.75677694702460996 0.035888600182454468,0.008958453327920779 2.9623420886309759 2.3494864679305465 -0.056786926666063664 -0.13568932309884474 -0.097404420399840319
ur,tetrapga,15.027304137,0.444688084,0.323831023,0.015353423,34.240576,41.61609,4.280072,1,0,0,2.371008379,0.026194417,1.2,0,0,0,0 0 0.050000000000000003,0 0 0.050000000000000003,0 0 0.050000000000000003,wrist_3_link,-1,0,0 0 0,0 0 0,,-0.10874992077163224 -1.5742495662644385 -0.044617270824015835 -1.5825027978793917 0.041100630807018444 -0.054365167799188999,-0.017780021702464271 -0.016302828702765865 0.027888269886686398 0.045438408745188633 0.029538285820768166 0.031581162328661365,-0.24604477730262911 -1.6320738611056731 0.14365481237528777 -1.3117561532455448 0.2324194165245734 0.11941908072291436,0.10577259894892879 0.18714537472530607 0.20313702028426472 0.082911934189591738 -0.055807378603846498 0.12544189832716254,-0.11244630846827024 -1.5773809727088726 -0.036867829766871162 -1.5713777839554333 0.047835226771645506 -0.046348549244057818,-0.26817042384832968 -0.24050480429910648 0.57657986679098738 0.83420503479177022 0.4996282148408161 0.60597602779957305,-8.3846460113123342 54.161163292899715 39.237288982295141 4.3451525678424385 -0.78892420432449384 0.036306439434081711,0.0063799503696486681 2.9847515668197957 2.3030134165893514 -0.0618395391265949 -0.1297538111889196 -0.097535967852522276
ur,tetrapga,15.068990905,0.445562927,0.324719257,0.015026695,34.097769,41.578231,4.262221125,1,0,0,2.40239392,0.02029613,1.2,0,0,0,0 0 0.050000000000000003,0 0 0.050000000000000003,0 0 0.050000000000000003,wrist_3_link,-1,0,0 0 0,0 0 0,,-0.10955556459107967 -1.5750206493021943 -0.043257040422562384 -1.580300834453338 0.042494695992158611 -0.052810328469369304,-0.016635784406647862 -0.01594795027301471 0.028449159349384141 0.045363033595647945 0.028715594124849031 0.032070593241506191,-0.24151706497718009 -1.6242299943596517 0.15206477344076733 -1.3084266622906615 0.22997531189871478 0.12460378186772715,0.11144002762862215 0.18914976324938412 0.20031210405773403 0.076812725668714985 -0.061439489707680366 0.12328581049942319,-0.1129714558517262 -1.5780727995975994 -0.035384050557983146 -1.5691888037400277 0.04903513304289811 -0.044664237092504389,-0.24631491525937529 -0.23399857400721358 0.58479806709739157 0.83131318305184343 0.48377145762845153 0.61440022053053045,-8.5908464332569405 59.172942937764155 41.603711624860345 4.5078164853966927 -0.82023242213461356 0.036677474329555648,0.0038060880564216859 3.0051221035118942 2.2540042040199353 -0.0708722750268862 -0.12510761796185932 -0.099045650752771053
ur,tetrapga,15.110671045,0.446486967,0.325568977,0.014693234,34.170972,41.827802,4.2713715,1,0,0,2.436099509,0.013118104,1.2,0,0,0,0 0 0.050000000000000003,0 0 0.050000000000000003,0 0 0.050000000000000003,wrist_3_link,-1,0,0 0 0,0 0 0,,-0.11029647500492537 -1.5757663658348109 -0.041891960907089416 -1.578134122387159 0.04383056749540553 -0.051254760453338488,-0.015558141037544182 -0.015687033794692561 0.029187624365043453 0.045558310030668792 0.028047928270741106 0.032768051380200162,-0.23675550691228864 -1.6163074686718375 0.16035138941001451 -1.3053535780359069 0.22729861313623009 0.12969557029761419,0.11702719144452742 0.19097926780616051 0.19728303878944495 0.070634974453638227 -0.066985801082759797 0.12102342414698444,-0.11342669861893002 -1.578737952378342 -0.033897295489416189 -1.5670397263908749 0.050172720342150659 -0.042979910400649163,-0.22409164882816679 -0.22729620776576337 0.5925887803958837 0.82771708409695699 0.4674837591284694 0.62244854653845927,-8.7861593038698445 64.138995886315882 43.93508057325063 4.6662304943489215 -0.85074531507426276 0.037009048516057998,0.0006375115699484013 3.0261354366384694 2.2039851200009366 -0.081606422675577051 -0.12094402210617261 -0.10119758534963808
ur,tetrapga,15.152574783,0.447399322,0.326458622,0.014328033,34.08553,41.473696,4.26069125,1,0,0,2.472412851,0.006282365,1.2,0,0,0,0 0 0.050000000000000003,0 0 0.050000000000000003,0 0 0.050000000000000003,wrist_3_link,-1,0,0 0 0,0 0 0,,-0.11098996098948709 -1.5765050154670486 -0.04048766147855315 -1.5759487767472453 0.045141017880794797 -0.049659267791668141,-0.014561688507837532 -0.015495743570864577 0.030061931044681283 0.045963248207297698 0.027518946573969433 0.033615926665920302,-0.23173542383701987 -1.6082692906616272 0.16855093103670826 -1.3025251243778986 0.2243764296201807 0.13471740521629266,0.12255878131606614 0.192640488907282 0.19403461352221957 0.06435111380841449 -0.072469447177280516 0.11864347780163148,-0.11381981163849908 -1.5793844403157311 -0.032393073462249358 -1.564907445401432 0.051262478891883956 -0.041278824156640678,-0.20143522928802945 -0.22036954912851683 0.59992562772089342 0.82335077095827569 0.45070122255383016 0.63009561744272391,-8.9687961720059377 69.069648647661396 46.235703321317999 4.8204758158349605 -0.88047534207132672 0.037299919904182646,-0.0019878673967355098 3.0411668186452516 2.1492049792103671 -0.094090971732839535 -0.11711982734983906 -0.10381417920430636
ur,tetrapga,15.194127538,0.448124694,0.327343227,0.013943045,34.171646,41.661603,4.27145575,1,0,0,2.508995395,0.00054988,1.2,0,0,0,0 0 0.050000000000000003,0 0 0.050000000000000003,0 0 0.050000000000000003,wrist_3_link,-1,0,0 0 0,0 0 0,,-0.11165570494937828 -1.5772607700753838 -0.03899302628131978 -1.5736706342944364 0.046467977639025063 -0.047967382729046229,-0.013153616108815104 -0.014850079306425196 0.030120364137607006 0.045086030575124759 0.026217368140178936 0.033539026380465069,-0.22653035730639295 -1.6002334085574583 0.17654324525048432 -1.299981760544026 0.22125383775978932 0.13959656072269711,0.12795392406645067 0.19410952305712909 0.19061560555058904 0.058054824658234708 -0.077809017533658542 0.11618123110309342,-0.11416523323937805 -1.5800279264472721 -0.030840041538477445 -1.5627445013819821 0.052332724756918983 -0.03952579189111291,-0.17843436818138081 -0.21316515646316231 0.60662604166748246 0.8180673082487997 0.43343706143521893 0.63716394396930864,-9.1442134127695756 73.922109523056662 48.501752557941359 4.9723409343811742 -0.90967341399685497 0.037596327415388958,-0.0032533082212466979 3.039985152695408 2.0914566859893853 -0.098968887497903779 -0.1108427254635842 -0.1035751107663998
ur,tetrapga,15.235861538,0.449022423,0.328191164,0.013560587,34.141341,41.611149,4.267667625,1,0,0,2.548571372,0.009643476,1.2,0,0,0,0 0 0.050000000000000003,0 0 0.050000000000000003,0 0 0.050000000000000003,wrist_3_link,-1,0,0 0 0,0 0 0,,-0.11223345540731987 -1.5779684186591463 -0.037536244827449515 -1.5714945206011357 0.04769602468306762 -0.046322078339129623,-0.011923988325940953 -0.014428317044105552 0.030586358581883244 0.044840435380765015 0.025287635520225379 0.033935236646407914,-0.22107891046811634 -1.5921047872267067 0.18442335055204079 -1.2976918779063376 0.2178964615334974 0.14439191837934739,0.13327692769352675 0.19540452118019508 0.18698697533088116 0.051673140670420087 -0.083066979084645637 0.11360802269109875,-0.11444008021967933 -1.5806443813131081 -0.029285132753996392 -1.5606228718139366 0.053340618923481034 -0.037773246579083,-0.15509198704224153 -0.20577609498650917 0.61287630362365664 0.81207989720596385 0.41578052543741723 0.64383606700679763,-9.3061529644342098 78.720459801358032 50.72781930019881 5.1193125045470937 -0.93795993471846284 0.037846893536948187,-0.005668717899254716 3.0434854073082533 2.0340880801200711 -0.10754076650755451 -0.10577255866274982 -0.10479679217957028
ur,tetrapga,15.277553962,0.449975701,0.329018141,0.013192843,34.168144,41.657955,4.271018,1,0,0,2.590581059,0.019382452,1.2,0,0,0,0 0 0.050000000000000003,0 0 0.050000000000000003,0 0 0.050000000000000003,wrist_3_link,-1,0,0 0 0,0 0 0,,-0.11274564436811395 -1.5786484815671913 -0.0360803221447005 -1.5693611836206522 0.048863255421457051 -0.044681593828628692,-0.01072496135856231 -0.014112254109166623 0.031229757659384849 0.044858558819195371 0.024490065802997396 0.034550554713818675,-0.21541316394009535 -1.5839340920100011 0.19214039633795116 -1.2956712932810486 0.21432562204591166 0.14907321815698396,0.13849363544844165 0.19651609224627578 0.18317087260137765 0.045247184076748895 -0.088208352723471037 0.11093943087679188,-0.11464434727371833 -1.5812321827659646 -0.027733348043062985 -1.5585487612178577 0.054284100478025947 -0.036026549299794472,-0.13143562247847662 -0.1982189157258801 0.61867242578852077 0.8054083124327841 0.39777041319588086 0.65010886300968629,-9.4574387602320265 83.456228805771445 52.910568476075937 5.2614812479860404 -0.96534332131554978 0.038056652424893624,-0.0098157448226174893 3.054811462788166 1.9789264342047375 -0.11750246192787017 -0.10117070547654805 -0.10669462069523661
ur,tetrapga,15.319283512,0.450910536,0.329872174,0.012791986,34.0461,41.479861,4.2557625,1,0,0,2.634847447,0.028439729,1.2,0,0,0,0 0 0.050000000000000003,0 0 0.050000000000000003,0 0 0.050000000000000003,wrist_3_link,-1,0,0 0 0,0 0 0,,-0.1132038717062122 -1.5793185032990473 -0.034589179821452008 -1.5672176567930058 0.049998382821240576 -0.0430047395399865,-0.0095897901110395239 -0.013851898849670936 0.032023204855791756 0.04508630674847644 0.023819906269848031 0.035324029316048132,-0.20952678291428814 -1.5757135417355335 0.19970107838717402 -1.2939181091841059 0.21053939346767153 0.15364527533253522,0.14360873412806344 0.19744497640811565 0.17916409971555014 0.038772248646732024 -0.093236616036436695 0.10817287556928253,-0.11478376347087046 -1.5817990392789589 -0.026169487787384749 -1.5564993021843441 0.055176286022092645 -0.034268219380538839,-0.10745674761364163 -0.19046203080594543 0.62397201811101288 0.79798835263806045 0.3793805465582758 0.65592812992031324,-9.5962511640764667 88.125368703967538 55.046598802628253 5.3983554275157015 -0.99172858055730373 0.038222145498752906,-0.013443007206433322 3.0595273152866866 1.9187979534922448 -0.12920304373892577 -0.096877335701535117 -0.10908099151960471
ur,tetrapga,15.360875782,0.451833066,0.33067584,0.012374721,28.639872,36.166559,3.579984,1,0,0,2.700470655,0.037669828,1.2,0,0,0,0 0 0.050000000000000003,0 0 0.050000000000000003,0 0 0.050000000000000003,wrist_3_link,-1,0,0 0 0,0 0 0,,-0.11360312257257604 -1.5799727100335508 -0.033072290465981501 -1.5650797990586047 0.051092095450490919 -0.041302817842021854,-0.0083399424494405242 -0.013459524371848545 0.032584802573989512 0.044951700403529117 0.022937058963544539 0.03583803402869374,-0.20344965802039325 -1.5674852920247431 0.20706670147647091 -1.2924403247342691 0.20655937225813539 0.15808547594922617,0.14859617582507106 0.19818676008695191 0.17498823660687665 0.032282974884673715 -0.098125122304157139 0.10532278166093664,-0.11557952244485933 -1.583055524666648 -0.020766310609586856 -1.5501003897562664 0.058185582919251883 -0.029036533813307536,-0.099469871749341174 -0.15706067345955591 0.6753971472286513 0.79986405351389667 0.37616211214636341 0.65396069590661443,-10.57900580690341 85.852733968469607 39.09913130904765 2.9675056529903392 -0.58873160392490376 0.003584065283363377,-0.016457042142747014 3.0551120032641848 1.8562081494500688 -0.13879950108548655 -0.091905951782536022 -0.11066616731004331
ur,tetrapga,15.397142494,0.452518361,0.331273455,0.012044672,34.255138,41.69686,4.28189225,1,0,0,2.710306261,0.002424796,1.2,0,0,0,0 0 0.050000000000000003,0 0 0.050000000000000003,0 0 0.050000000000000003,wrist_3_link,-1,0,0 0 0,0 0 0,,-0.11391131949617153 -1.5805538072366034 -0.031671863591396218 -1.5631413114900004 0.052048328724190254 -0.03973200428517229,-0.0072797584406211818 -0.013600786996284312 0.034244744241798152 0.046358589139200705 0.022797596452747308 0.037623877462381432,-0.19798314128587727 -1.5602882892459229 0.2133446948985028 -1.2913724966079636 0.20292500385149187 0.16185899456029329,0.15285085112075353 0.19868281985195063 0.17120194198247221 0.026601378672996317 -0.10228270381536722 0.1027641668612939,-0.1153335866735548 -1.5830787129739239 -0.021101000495658648 -1.5503430346002629 0.057923875315980478 -0.029087540837103354,-0.073520712880388639 -0.15925587778616113 0.63976082560675529 0.78472700286159069 0.35086493678340835 0.66209102651889207,-9.5594170411225861 91.595202166348656 55.762223236883131 5.3785213136567362 -0.98826380412043524 0.037741315575278787,-0.026561688239894465 3.0929015477213397 1.806700807684706 -0.15656225522161549 -0.089537968922797972 -0.11617695190597033
ur,tetrapga,15.43891771,0.453504793,0.332027537,0.011618492,28.609511,36.077856,3.576188875,1,0,0,2.795100807,0.044830581,1.2,0,0,0,0 0 0.050000000000000003,0 0 0.050000000000000003,0 0 0.050000000000000003,wrist_3_link,-1,0,0 0 0,0 0 0,,-0.11418974347153196 -1.5811681869553049 -0.030124802966828429 -1.5610426045341401 0.053047320578716077 -0.038002770535769746,-0.0058829397841122571 -0.01309641555251825 0.03459801978567778 0.045887885619591971 0.021701757257881892 0.037919298658575303,-0.19149732864689895 -1.5519793346341135 0.22040278149050624 -1.2903982749972649 0.19855424932960958 0.16608901080324134,0.15763867363742842 0.19907943344596948 0.16667709451056853 0.020036745626301682 -0.10694539364565006 0.099734537901509351,-0.11585487821543158 -1.5840691683770367 -0.015573926651376732 -1.5440511722900236 0.060706410194192782 -0.023806469388640627,-0.065161442735162417 -0.12380692538756996 0.69088423053880887 0.7864827887835768 0.34781685977781518 0.66013393106028861,-10.971635078884942 88.681178912620794 40.117166585309619 3.0281539374543689 -0.60030317791056387 0.0036535313648091965,-0.029999956721553644 3.0820604476484732 1.742773806430904 -0.164051732356711 -0.083930916111356169 -0.1170868737575006
ur,tetrapga,15.475066087,0.452210503,0.338142477,0.014663517,34.105183,41.657376,4.263147875,1,0,0,2.782640015,0.030204545,1.2,0,0,0,0 0 0.050000000000000003,0 0 0.050000000000000003,0 0 0.050000000000000003,wrist_3_link,-1,0,0 0 0,0 0 0,,-0.11457374624745173 -1.5820854008375536 -0.027677165320731945 -1.5578416136293527 0.054560544663418711 -0.035373854285758705,-0.0094540142799407426 -0.02011846753879571 0.06305626640541219 0.078379049006225221 0.036911171166100674 0.06434664492279088,-0.18572560796290724 -1.544779047534022 0.2263550111341332 -1.2897768360142416 0.19461714935870941 0.16964581059183359,0.16168037378606603 0.19927112591173923 0.16262399761922613 0.014344565749186711 -0.1108667261059073 0.097043847697188323,-0.11547981172501828 -1.5841455110390192 -0.016423105713139811 -1.5448153718243569 0.06017112436249674 -0.024253141635588032,-0.033187436697331894 -0.13352830396378243 0.6503050341179295 0.76637764192006497 0.31720586671234946 0.66712752520384533,-9.4510526044055272 96.959937487087458 57.404669555811012 5.3865997610756811 -0.99228230596279643 0.036109417479363887,-0.29328467325228758 4.8389607056997193 2.1777225373340769 -0.34321839270887722 -0.13543439472820751 -0.19863744430473673
ur,tetrapga,15.516798428,0.452501663,0.331709504,0.008354863,28.70659,36.080296,3.58832375,1,0,0,2.875722518,0.036050845,1.2,0,0,0,0 0 0.050000000000000003,0 0 0.050000000000000003,0 0 0.050000000000000003,wrist_3_link,-1,0,0 0 0,0 0 0,,-0.11483073366465185 -1.5826290315825429 -0.025647457173774802 -1.5553517198265439 0.055687386866616881 -0.033290325419875068,-0.005145303311423521 -0.0097895229640732589 0.041924684408508724 0.050777323209435898 0.022737380292008648 0.042673677520039324,-0.17888301131273196 -1.5364613818624091 0.23304139844756355 -1.2893154538564362 0.18989827426868525 0.17362953226814923,0.16622543341373261 0.19931720308589657 0.15779030569610542 0.0077662851133401406 -0.11525820145560105 0.093860299505063111,-0.1156704639526468 -1.5849065595960501 -0.010807922485656818 -1.538670788524553 0.062685545259643705 -0.018931849895543612,-0.023831528453869835 -0.095131069626489026 0.70189790344025105 0.76807291248032106 0.3143026121446808 0.66516146750878369,-11.574408776285495 93.263465691466195 41.926848568909776 3.1495758493086385 -0.62395419468819835 0.0037965126942881254,0.046270722524923258 2.4241123524598152 1.2532293959011156 -0.24664181267962704 -0.076172868599869048 -0.13178747618412245
ur,tetrapga,15.552975885,0.451241724,0.340851621,0.014088272,28.64371,36.242131,3.58046375,1,0,0,2.969509093,0.045304462,1.2,0,0,0,0 0 0.050000000000000003,0 0 0.050000000000000003,0 0 0.050000000000000003,wrist_3_link,-1,0,0 0 0,0 0 0,,-0.11509738307801015 -1.5833730108139095 -0.023102403185845791 -1.5521987985649195 0.057095277721597969 -0.030641157577271424,-0.0069844006703254765 -0.016879937163801477 0.070098415072213358 0.082624841942168362 0.036729714397345521 0.069396737711920675,-0.17279977736834007 -1.5292521961564671 0.23867205686513945 -1.2891376563677772 0.18566151445259574 0.17697424405567252,0.17005723752589111 0.19920497342229918 0.1534697960143164 0.0020633064064045159 -0.11894367646493234 0.09103570196090785,-0.11471587065968715 -1.5847143718000374 -0.018392890440831096 -1.546435460966191 0.059084694916154236 -0.025221357641228754,0.047689052290375573 -0.16767012326599767 0.58868909312683704 0.7204171998410499 0.2486771493195338 0.67747499200533379,-7.3282624623797048 119.51050875144873 82.48450808851149 8.2414164996441723 -1.4785168831753772 0.068509000090196656,-0.29222082502428748 4.6491296059466549 1.8890691133502173 -0.40622198904566176 -0.12717886312211135 -0.2142296002872186
ur,tetrapga,15.589291391,0.451247571,0.331731005,0.005636579,28.597963,35.9475,3.574745375,1,0,0,2.972345932,0.006205597,1.2,0,0,0,0 0 0.050000000000000003,0 0 0.050000000000000003,0 0 0.050000000000000003,wrist_3_link,-1,0,0 0 0,0 0 0,,-0.11523956154075858 -1.5837381151016301 -0.021116986060012569 -1.5499076758568051 0.058061744276339193 -0.028673765428435603,-0.0027899298859301478 -0.0070257653290889737 0.045194048457421601 0.051808457297607483 0.021381263392911066 0.04488568080629312,-0.16655579201634657 -1.5220221634415869 0.24416484999512639 -1.2891666077120525 0.1812766032916352 0.18022788032473191,0.17379946457135328 0.19895010184883746 0.14901480732347808 -0.0036565022181853151 -0.12252627060547826 0.088141867308911839,-0.11412960152224759 -1.5857322889445864 -0.012962111180663861 -1.5406318936998356 0.061049086518501362 -0.019814581807331533,0.073283642179944847 -0.12723964306861385 0.67884740752090444 0.72544590829443223 0.24554895029339038 0.67584697923715265,-13.828646455040399 118.10192085052799 54.627769329425675 4.1414677633061903 -0.81571361037965318 0.0056791253591178172,0.17059828035746705 1.3515117409187951 0.61622681439395421 -0.31564842075840716 -0.058951886615929538 -0.13864627970450982
ur,tetrapga,15.625308614,0.44999649,0.342415749,0.013435332,34.197533,41.609206,4.274691625,1,0,0,2.94279252,0.006748452,1.2,0,0,0,0 0 0.050000000000000003,0 0 0.050000000000000003,0 0 0.050000000000000003,wrist_3_link,-1,0,0 0 0,0 0 0,,-0.11534815293536434 -1.5843731533519514 -0.018495751453471269 -1.5467861088496422 0.059351385973528549 -0.025966856975011297,-0.0026290199414445701 -0.01474716216203734 0.072464773278524602 0.082396607720378059 0.033880767233760517 0.071430677170553625,-0.16023076596480257 -1.5148631987876258 0.24945067407668145 -1.2894003248444004 0.17680134076488582 0.18334997767321976,0.17740503022486381 0.19855662802302296 0.14448316365978589 -0.0093195420260268648 -0.12596054463499723 0.085215939029573334,-0.11408271411616905 -1.5859482518792714 -0.010547765242494048 -1.5380393060958688 0.062013457466784119 -0.017491177115455891,0.082020389079616243 -0.11194134137528584 0.64764575932168977 0.70871189735875839 0.22665265259614531 0.67494278446444023,-10.619135057080879 117.88956624229561 66.267547058285359 5.9221266920141815 -1.0992002325354002 0.035534585535698972,-0.29566516921090624 4.4336596606181047 1.6235471717978669 -0.43898338752660493 -0.11124370917876547 -0.22050404296977177
ur,tetrapga,15.667027336,0.453281632,0.335446486,0.010009179,28.605135,36.362001,3.575641875,1,0,0,3.000400452,0.106883057,1.2,0,0,0,0 0 0.050000000000000003,0 0 0.050000000000000003,0 0 0.050000000000000003,wrist_3_link,-1,0,0 0 0,0 0 0,,-0.11523781873186507 -1.5842161407818227 -0.017926269402135226 -1.5463043392483 0.059416097803225619 -0.025435039646452155,0.0034546749540399317 0.0017434765970669153 -0.0018313841637878246 -0.00097505987752853954 -0.0035375339870753943 0.0021705816525095906,-0.15274485250060998 -1.5065921738313246 0.25536649378093873 -1.2899256445702341 0.17146604695656956 0.18683323269147864,0.18144592213264341 0.1979259243263243 0.1390979233392213 -0.015860445671857504 -0.12978647714715738 0.081759954391468603,-0.11333643671565052 -1.5864541302511632 -0.0049111005234853417 -1.5323527040437939 0.063805266680161857 -0.012109108204258224,0.093284675064815303 -0.063234796486473566 0.7045830898760882 0.71082525650935979 0.22397615167221652 0.67275861389970848,-14.080896251641841 112.2811384132262 49.974584516025018 3.7390650400858911 -0.74163955785577529 0.0044742617318832157,0.83211885970058574 -3.3030292044477392 -1.1122073507149892 -0.12670952801727253 0.046793506648015182 -0.0068951670214048022
ur,tetrapga,15.703500022,0.454506262,0.336100105,0.008364234,28.559476,36.164396,3.5699345,1,0,0,3.075568392,0.093372598,1.2,0,0,0,0 0 0.050000000000000003,0 0 0.050000000000000003,0 0 0.050000000000000003,wrist_3_link,-1,0,0 0 0,0 0 0,,-0.11493102901427807 -1.5847926306216231 -0.016658660371040468 -1.5446826143809578 0.059878465380176195 -0.023825096754033572,0.0081626856064979363 -0.015556231828160677 0.033726431863265176 0.041134906821548536 0.01187546760217166 0.040721215318753702,-0.14606448455028234 -1.4993857043166303 0.26035212514946682 -1.2906080702927034 0.16667349331629974 0.18975926580604716,0.18485652837969702 0.19722099455118422 0.13427433396308569 -0.021556873982511347 -0.13299429433209226 0.078682119587044311,-0.11262080498273942 -1.5865278519890409 0.00093179543168533593 -1.5266734770089621 0.065579882724082827 -0.0067449844959318961,0.089453966613888214 -0.0092152172347200467 0.73036199439633476 0.70990337935397463 0.22182700549012213 0.67051546354079095,-13.899043036011237 103.34958427317096 44.198522791850358 3.2630534492464043 -0.65317375117037602 0.0032459306774549651,-0.066799263109146523 2.7601970560353948 1.1247697229102513 -0.22526942374770442 -0.03449306565117638 -0.12571560474945187
ur,tetrapga,15.739763339,0.455431648,0.33943788,0.013739843,28.581744,36.121579,3.572718,1,0,0,3.183338755,0.038157092,1.2,0,0,0,0 0 0.050000000000000003,0 0 0.050000000000000003,0 0 0.050000000000000003,wrist_3_link,-1,0,0 0 0,0 0 0,,-0.11467545930661412 -1.5854046064386857 -0.015197766730467945 -1.5428866916844801 0.060452410403986738 -0.022103343529662398,0.0065896420229539605 -0.015298866031406847 0.041523864573896591 0.04912416803798491 0.015881917124801349 0.046829892200378316,-0.13930123440445366 -1.4922486665080017 0.26513284028286593 -1.2914921085935398 0.16179480660078796 0.19255629621168108,0.18813183196266528 0.19637851127263226 0.12937564165692575 -0.027195091842258576 -0.13605399754456804 0.075572009146453387,-0.11195492958675204 -1.5861961411319951 0.0069327213187379347 -1.5210054690832886 0.06733842986956412 -0.0013984514836200158,0.083234424498422804 0.041463857130708805 0.75011573588157476 0.70850099070917716 0.21981839318516128 0.66831662653898505,-12.882598770054955 94.505906813361875 40.015183535434922 2.9319054177646429 -0.58737207302783223 0.0028292139474753201,-0.31272901724821622 4.5341483124338993 1.7789823360456651 -0.23059817012926942 -0.055909112681376882 -0.14451964040719645
ur,tetrapga,15.775987139,0.454561329,0.345349253,0.020071437,28.643273,36.031197,3.580409125,1,0,0,3.263886029,0.078382634,1.2,0,0,0,0 0 0.050000000000000003,0 0 0.050000000000000003,0 0 0.050000000000000003,wrist_3_link,-1,0,0 0 0,0 0 0,,-0.11427246130887415 -1.5861938138227325 -0.012666479884075481 -1.5399623982489066 0.061391724446038673 -0.019322702269811018,0.010729768121358891 -0.016723361288704729 0.071151097238987396 0.077149737035294944 0.024569935477244093 0.073243476786189768,-0.13242890049789449 -1.4851524540939016 0.26972919850013488 -1.2925787758694711 0.15681304279026689 0.19523681188224112,0.19128584531217077 0.19539648105055532 0.12438389655311127 -0.032796878075061306 -0.13897856319034296 0.07241773867698105,-0.11280121339636931 -1.5872299890154129 -0.0080497044865598961 -1.5348547612830199 0.06247580378934077 -0.013895216521775606,0.18390598906310571 -0.1295218990850584 0.57709692468944818 0.63845462073584502 0.13550991791276185 0.67843571850442663,-5.7334962730973542 142.02003209822905 92.034636203075195 8.6214226000333962 -1.5502785460800346 0.066209679511675876,-0.65562570810595844 6.6235743454644762 2.3505906838141222 -0.36925134607372456 -0.090227007317636776 -0.22599830970659696
ur,tetrapga,15.812085453,0.452550042,0.354045269,0.023376367,28.570597,36.023361,3.571324625,1,0,0,3.251050332,0.002843025,1.2,0,0,0,0 0 0.050000000000000003,0 0 0.050000000000000003,0 0 0.050000000000000003,wrist_3_link,-1,0,0 0 0,0 0 0,,-0.11378231226883705 -1.5868720055492829 -0.0093745408760247638 -1.5363948865454948 0.062525212420999204 -0.015939814370275994,0.01338187560247224 -0.012759415512168039 0.096356813374347525 0.09864396498941036 0.031079370922014841 0.093360025147880638,-0.1254688677745226 -1.4781187272913958 0.27412804473945518 -1.2938629267463368 0.15174555410183641 0.19779355366068482,0.19430947359931672 0.19427879395302691 0.11931560064725281 -0.038344326857702088 -0.14175941647493839 0.069229301783785085,-0.11214008801247319 -1.5877598890104747 -0.0047521288301802722 -1.5314352079820881 0.063444870994506061 -0.010556550770213308,0.20527803204548184 -0.11098543264897329 0.57780150573056144 0.61995982042584452 0.11495732168835698 0.67290795000783576,-5.4412880741933947 143.09582183345327 91.09294507156136 8.4003686568510254 -1.5123838601308188 0.063002873714856092,-0.85584047150615561 7.7142012047079334 2.5217787533956635 -0.49879868618245382 -0.11130468526718573 -0.28806701522081646
ur,tetrapga,15.848175139,0.449193527,0.361438116,0.022857869,28.823841,36.60127,3.602980125,1,0,0,3.235086732,0.007638662,1.2,0,0,0,0 0 0.050000000000000003,0 0 0.050000000000000003,0 0 0.050000000000000003,wrist_3_link,-1,0,0 0 0,0 0 0,,-0.11321362978626025 -1.5873287912328073 -0.0051748807709306273 -1.5320790380239628 0.063883238974408604 -0.011857610451951592,0.014369010570142367 -0.0042411888476690555 0.11546344932263582 0.11252031499576942 0.035105187244884074 0.10619756917669113,-0.11840357614430783 -1.4711295075814943 0.27834131903249965 -1.2953462516282237 0.14658137026497162 0.20023384949377118,0.1972108502730828 0.19302331259580435 0.11415891650358141 -0.043850824434475806 -0.14440391146877465 0.065998834930050182,-0.11140561121902616 -1.5880480683373821 -0.0005676063979422729 -1.527291198451034 0.064633571669679354 -0.0065373545495642218,0.22600232090426067 -0.089909638071834871 0.57590929662354429 0.59847994661611303 0.093791586908843302 0.66503198779842121,-4.9478290021230169 143.2168943951641 89.963062762128317 8.1777577106230392 -1.4725305332153122 0.060266828150317989,-0.87829178985032286 7.5430967476986552 2.1866438823937173 -0.62093774910408683 -0.11644386868761103 -0.32770259985153238
ur,tetrapga,15.884903634,0.452459583,0.333964016,0.039668271,28.68193,36.318315,3.58524125,1,0,0,3.228613431,0.120707049,1.2,0,0,0,0 0 0.050000000000000003,0 0 0.050000000000000003,0 0 0.050000000000000003,wrist_3_link,-1,0,0 0 0,0 0 0,,-0.11314894394909443 -1.5864749529484894 -0.0047082031374736247 -1.5321775966438282 0.06368730703830007 -0.011846007243955041,-0.0011543309500265876 0.020141154978186089 -0.018252637978160874 -0.025826931650850853 -0.012856034069378479 -0.020804379429277098,-0.11110803134705087 -1.4640656696580161 0.2824364825137316 -1.2970590505791399 0.141230368318574 0.20259687274949886,0.20003651916047366 0.19160471603343923 0.10882322546487397 -0.049409234749755906 -0.14695358635318875 0.062669564690688892,-0.10932187534621984 -1.5883387923526124 0.0047876517733676273 -1.522460197527135 0.065363425534967226 -0.0012353766230483489,0.26046698410078917 -0.036340501903795001 0.66940727141373746 0.60387511548736073 0.091231733160983514 0.662747240814484,-16.302606949991823 138.37583639919836 62.853907765687438 4.70264613222749 -0.92379741904097212 0.0063745650115578619,2.1716593161191895 -13.090529546678226 -5.5790930874680775 -0.34838250778466318 0.15326935601744651 0.063713016065154449
ur,tetrapga,15.92130125,0.456051947,0.3405004,0.008000632,28.63519,36.039506,3.57939875,1,0,0,3.258898871,0.199149539,1.2,0,0,0,0 0 0.050000000000000003,0 0 0.050000000000000003,0 0 0.050000000000000003,wrist_3_link,-1,0,0 0 0,0 0 0,,-0.11296912636737388 -1.5864590043045184 -0.0047430853510762976 -1.5321402955780428 0.063544913572811751 -0.011662332826625278,0.0069760720616142084 -0.0083854276694789853 0.0029988484017442218 0.0076733852546275261 -0.0012396435306717235 0.011228391037421801,-0.10377816812316738 -1.4571194144871789 0.2862998936583992 -1.2989569199726656 0.13583779452481468 0.2048172556578258,0.20270807146838088 0.19005963331567638 0.10345261034631516 -0.054867411501147864 -0.1493371625344134 0.059331197670133236,-0.10725660106265386 -1.5881034541130523 0.010431502803211496 -1.5176286895638202 0.066079087662959349 0.004047886762689544,0.25815928544574862 0.029417279945015952 0.70548137873048355 0.60393849541434252 0.089457765999015379 0.66040792321723651,-17.123840083584614 127.72551810892566 54.644409792001575 4.031115311971023 -0.80693709036383243 0.0042263306085747162,0.62830611397868097 -2.3532585594666671 -1.2000947367241928 -0.22787230089215882 0.049765632082724665 -0.034813076456806868
ur,tetrapga,15.95740736,0.457925052,0.3463423,0.012148932,28.765764,36.515159,3.5957205,1,0,0,3.323295331,0.201578858,1.2,0,0,0,0 0 0.050000000000000003,0 0 0.050000000000000003,0 0 0.050000000000000003,wrist_3_link,-1,0,0 0 0,0 0 0,,-0.11253554355319416 -1.5871263493489776 -0.0038039696210575378 -1.5308582657463181 0.063819209508333544 -0.010295824765701355,0.011943337432443088 -0.018070273285400888 0.028756958450864144 0.036297314951866694 0.0082260828544354608 0.038161736692087694,-0.096413258402676949 -1.450286818861916 0.28993781493715221 -1.3010349098218603 0.13040527119226686 0.20689914196481496,0.20522960086067973 0.18839098998667414 0.098047695194451043 -0.060227843221504811 -0.15155886830778259 0.055983442593832998,-0.10525471494021107 -1.5873675388824771 0.01628022517173118 -1.5128033651445834 0.066781960233791238 0.0093126456284271276,0.25023576530534769 0.091989403821912952 0.73109029606496079 0.60316555240462111 0.087859071353985338 0.65809485821719804,-16.027520607242852 116.90114951523012 49.361824510450823 3.6167199771958622 -0.72629610729689253 0.0036125665646748557,-0.29520233375774296 4.0091476621619222 1.2698949497040721 -0.22305823910573963 -0.017163184690929256 -0.11775048511041319
ur,tetrapga,15.994027802,0.458307153,0.347331503,0.021239473,28.669276,36.218065,3.5836595,1,0,0,3.424279631,0.13731566,1.2,0,0,0,0 0 0.050000000000000003,0 0 0.050000000000000003,0 0 0.050000000000000003,wrist_3_link,-1,0,0 0 0,0 0 0,,-0.11168314877746098 -1.5879273754624945 -0.0018574483115209701 -1.5286624172659595 0.064234815141064008 -0.0079281279998801874,0.025304583967478811 -0.019161006019845103 0.060375304338205697 0.062939520674142449 0.01148257717981321 0.067954751918017087,-0.088852853974689464 -1.4434209373244207 0.29342685238744398 -1.3033391265957253 0.12481609843342574 0.20888658173161539,0.2076541668188282 0.18656144724898874 0.092491582310049711 -0.065604944257381476 -0.15366506956985843 0.052553632384637609,-0.10331799241403233 -1.5861709125104702 0.022305908962827012 -1.5079861302662343 0.06747261747625076 0.014559190386822834,0.24209031577234288 0.14957829650086232 0.75321047388697915 0.6021543597936424 0.086332155307440983 0.6558180947994634,-14.691314979303701 106.57517216637947 44.743167433449315 3.2568939123158764 -0.65399826848173159 0.0032445180249126328,-0.79729304906561538 7.0090259690559833 2.2232751435718647 -0.32109114058857813 -0.041608233639692571 -0.20961397226034162
ur,tetrapga,16.030315384,0.457082418,0.350632973,0.025109637,34.167187,41.560616,4.270898375,1,0,0,3.319786327,0.012210016,1.2,0,0,0,0 0 0.050000000000000003,0 0 0.050000000000000003,0 0 0.050000000000000003,wrist_3_link,-1,0,0 0 0,0 0 0,,-0.11042296448713727 -1.5886306220344659 0.0011606532523262868 -1.5256183767567155 0.064755371724519284 -0.0046208889170994329,0.033848070067915112 -0.012218138442989445 0.086120674094270738 0.08111074494446277 0.01347292308166873 0.088018302976736226,-0.081276019242663075 -1.4366860110534183 0.2966822010028044 -1.30581548515322 0.1192043334610155 0.21073147776148429,0.20992277843732424 0.18461357546569071 0.086916736196400168 -0.070869246502481539 -0.15560421454524467 0.049123250031415898,-0.10457410907147205 -1.5868813560636235 0.017014674500565416 -1.5123153366764839 0.066467028035582576 0.010212829263790697,0.28704617238909569 0.064926401105591849 0.6601741741235958 0.56086460437388919 0.044129179399695496 0.65545981611612469,-8.5015539177850172 129.10233264019362 69.419332925669337 5.7585447459815393 -1.0669687234511511 0.031403130120538393,-1.044115016347007 8.2861803489331578 2.4771416646903575 -0.42129307393952331 -0.050791232027819433 -0.27150210381138784
ur,tetrapga,16.071950674,0.454471586,0.351699939,0.02096071,28.686346,36.421065,3.58579325,1,0,0,3.423962624,0.132515334,1.2,0,0,0,0 0 0.050000000000000003,0 0 0.050000000000000003,0 0 0.050000000000000003,wrist_3_link,-1,0,0 0 0,0 0 0,,-0.10874247472670041 -1.5889896793977012 0.0055059536577656068 -1.5215979667285551 0.065399447307445679 -0.00024648060885693501,0.036733694702276734 0.0019773352999415605 0.10363566819937323 0.089519806940939042 0.013993419925547269 0.09705878878487223,-0.072484482069659198 -1.4290489021058068 0.30016648275777497 -1.3088904564007517 0.11268252408334897 0.21269418330848164,0.2123591587206668 0.18221491646883142 0.080441268744492353 -0.076825078002141042 -0.15764571258124024 0.045151511639253988,-0.10214114528851823 -1.5859220587793927 0.022771405293519398 -1.5078138194075423 0.066804442919710286 0.015445022085206168,0.30412047286922844 0.11991216052884374 0.7195913491192476 0.56268965861770381 0.042176860515963782 0.65402410267693367,-15.212822516652208 121.20292414760655 53.184308189719033 3.9115694274723269 -0.77357446592600776 0.0048777052547302703,-0.90901672004582679 6.9170341873241341 1.6466355606990319 -0.54534489252819185 -0.037939940357034629 -0.29945082536998058
ur,tetrapga,16.108442964,0.451002131,0.355553626,0.017415082,34.069794,41.462646,4.25872425,1,0,0,3.356744224,0.01536654,1.2,0,0,0,0 0 0.050000000000000003,0 0 0.050000000000000003,0 0 0.050000000000000003,wrist_3_link,-1,0,0 0 0,0 0 0,,-0.10707478580267647 -1.5888350875849488 0.010151272975860923 -1.517550733967171 0.066020309594298318 0.0041551528080771664,0.039175165606709819 0.015206675650284216 0.11965394868894672 0.097553317203806306 0.014632735863011071 0.10563784649570461,-0.064698328657819063 -1.4224400159035024 0.30299741333954983 -1.3117880150633436 0.10689952849971868 0.21427790157788196,0.21434628160048785 0.17997034675083756 0.074701407493954375 -0.081966071640133212 -0.15927223783401123 0.041641659825821603,-0.1018908822193569 -1.5867531422544348 0.021607395912909343 -1.5085474311260532 0.066420055527569632 0.014946791077583291,0.33963541578005646 0.078178865966980565 0.64325709727739777 0.51685569516295105 0.00095990882066674353 0.64333795386770309,-8.7983647942668117 134.89710316927338 70.866938039709055 5.739444236737592 -1.0673350643110424 0.029077418918953928,-0.80976970234888768 5.7469771227551973 0.91100221106984236 -0.65996883346269897 -0.026888879037983315 -0.32596358409037762
ur,tetrapga,16.150012432,0.45101276,0.32602511,0.025943749,28.739962,36.182479,3.59249525,1,0,0,3.450302605,0.130951311,1.2,0,0,0,0 0 0.050000000000000003,0 0 0.050000000000000003,0 0 0.050000000000000003,wrist_3_link,-1,0,0 0 0,0 0 0,,-0.10624534559355549 -1.5877810841201168 0.012998620761729293 -1.5155812959330577 0.06619733969538355 0.0063576178006280988,0.014437353859682108 0.023515303748553991 0.051166008309992718 0.03446581164781494 0.0022561042083177264 0.039145659495899092,-0.055743938542109246 -1.4150146221437141 0.30596565640464002 -1.3153153905125858 0.10024334979047897 0.2159253139688139,0.21643891492266026 0.17725378147083234 0.068096059731809391 -0.087726296483887897 -0.16093806924398937 0.037614098279073888,-0.099036744415789121 -1.585660018419512 0.027226189485057464 -1.5043959326192937 0.066413886496152472 0.020078622824281626,0.35676722544597195 0.13664047936534474 0.70234919651851491 0.51893731334491833 -0.00077112892714589916 0.6414789683372919,-15.928023904177966 126.15746087725361 55.111694923976884 4.0451001179105326 -0.8005450648934862 0.0050068271734421705,1.0341917919999446 -6.6130646658375554 -3.8915624102756539 -0.6392027311540005 0.088562851270609144 -0.12111705979204501
ur,tetrapga,16.186299782,0.45031505,0.335145897,0.010548262,30.016457,37.364019,3.752057125,1,0,0,3.556523391,0.047427712,1.2,0,0,0,0 0 0.050000000000000003,0 0 0.050000000000000003,0 0 0.050000000000000003,wrist_3_link,-1,0,0 0 0,0 0 0,,-0.10506883302737806 -1.5873116802612486 0.015851335715934719 -1.5132815174047847 0.066370202154115959 0.0090233419761966381,0.029161271072370955 0.014597104819291841 0.073396276486927023 0.056365315863065805 0.0041113284425371779 0.065203379242636986,-0.047859104702743294 -1.4086276822564436 0.30833124530788775 -1.3185886281257175 0.094379462157348618 0.21722608688210926,0.2181151204102689 0.17474526138905022 0.062277050384858243 -0.092666106490471856 -0.1622281912066447 0.034075496499956275,-0.096223319944317182 -1.584077194891238 0.033076913204446945 -1.5002453110049745 0.066398106533569243 0.02519109825872377,0.35167805893399157 0.19785294103423878 0.73134046492368499 0.51882770178989146 -0.0019724953229041586 0.63905942930526816,-15.760581569062161 115.28288083061659 48.524655696609145 3.5250165046798072 -0.7067581204500003 0.0037273170075112143,0.019067957010577175 -0.093299899363955774 -1.3796483905448724 -0.59070265800619381 0.044466067719440616 -0.20131376038088789
ur,tetrapga,16.223767297,0.451032639,0.330881528,0.021890651,34.087491,41.569408,4.260936375,1,0,0,3.44701459,0.041640675,1.2,0,0,0,0 0 0.050000000000000003,0 0 0.050000000000000003,0 0 0.050000000000000003,wrist_3_link,-1,0,0 0 0,0 0 0,,-0.10417087409406198 -1.5868003543502043 0.017911487221559143 -1.511773702952534 0.066390031494980087 0.0108453818949118,0.021229022989070322 0.011133968803566107 0.046218270035313661 0.033960399700462197 -0.0001404198002224186 0.041645035432155302,-0.039656763125226431 -1.4021309934220436 0.31055132137262853 -1.3221547347578739 0.088278731706174618 0.21843405518491557,0.21969707113903034 0.17202301389064004 0.05622220088171425 -0.097675319475327024 -0.16339878277607539 0.030402247793803936,-0.097038706357050225 -1.5845010503161026 0.03048480038576775 -1.5023047893397647 0.065996151275682424 0.023031702133527468,0.39479883276741945 0.11721553807732324 0.62382502159558861 0.46308970487369205 -0.049739717324030083 0.62668275708871057,-7.3004629502184146 136.35176250411985 72.438714913531626 5.8179035011207674 -1.0751989682116381 0.030634170568187565,0.71736219994653538 -4.8852435736589541 -3.2835977133610044 -0.60140809306449228 0.088737513375946264 -0.12875032583598411
ur,tetrapga,16.265436241,0.451006711,0.337094033,0.009435699,28.617856,35.980928,3.577232,1,0,0,3.552704694,0.140551613,1.2,0,0,0,0 0 0.050000000000000003,0 0 0.050000000000000003,0 0 0.050000000000000003,wrist_3_link,-1,0,0 0 0,0 0 0,,-0.10261402605685795 -1.5866452743558725 0.020695441233331852 -1.5094983795502153 0.066392749612409582 0.013669729434805758,0.036358074555452556 0.0066059121076829609 0.067665352448107952 0.052538030481429826 -4.2921292530088617e-05 0.06507311342044407,-0.030468638768284706 -1.3950287226784992 0.31275288732740358 -1.3263388743234263 0.081446279607694419 0.21961542246267657,0.221277196870591 0.16884034930059369 0.04943910009721833 -0.10313184274014886 -0.16450691350552127 0.026297058884261579,-0.093711973265574663 -1.5830931036693066 0.035977004435840829 -1.4985820506184828 0.065584630093207988 0.028033195266876046,0.41584163643444505 0.17599333084950808 0.68652550625913489 0.46534234016024589 -0.051440147809303699 0.62518664166857241,-15.967649957233922 127.43558276379544 55.694093244900742 4.0733366390120516 -0.80476482749464684 0.0051998198215750385,-0.29993208036410124 1.7031398445042214 -0.72760048480546402 -0.52839913940806582 0.0492283236694675 -0.20082498721468767
ur,tetrapga,16.301536263,0.44974793,0.343503427,0.014685491,34.055949,41.793619,4.256993625,1,0,0,3.492947303,0.017394424,1.2,0,0,0,0 0 0.050000000000000003,0 0 0.050000000000000003,0 0 0.050000000000000003,wrist_3_link,-1,0,0 0 0,0 0 0,,-0.10078099336858976 -1.5864365889720724 0.023944044396877529 -1.5068884477941293 0.066394649431122624 0.016911785990089429,0.047256262927573685 0.013946351092171501 0.090916330471919007 0.068018990686509698 -0.00014848058523083226 0.084064006362193119,-0.022458163872130024 -1.3889853361554352 0.31443100219855002 -1.3301457141445538 0.07549277392524939 0.22050032985038731,0.22249224298345616 0.16595320199541713 0.043525972835867267 -0.10775714078937611 -0.16530132213112914 0.022726274477483717,-0.093638981656321896 -1.5837710746138245 0.034762394265634905 -1.4994229073309433 0.065241953873632005 0.027354283228766603,0.45093770759503871 0.12422146335812778 0.60023373115946566 0.41404273442035472 -0.093460736066663427 0.61022407503548348,-8.0349509570609143 142.46666551406747 73.528265087654177 5.7559671649613566 -1.0702372214495697 0.027373119868861213,-0.82931791820499257 4.8462119788418931 0.35367094501387442 -0.54757999824778381 0.03320993836746311 -0.25932321453072404
ur,tetrapga,16.343434966,0.450104701,0.328667721,0.022020137,28.614627,36.201226,3.576828375,1,0,0,3.583749515,0.144099005,1.2,0,0,0,0 0 0.050000000000000003,0 0 0.050000000000000003,0 0 0.050000000000000003,wrist_3_link,-1,0,0 0 0,0 0 0,,-0.099473910829553244 -1.5855534357509489 0.026598969557485364 -1.5051510434281947 0.066266156331324294 0.019145978204770032,0.023111355669324159 0.02032833753806906 0.048319602395443709 0.030157513124574101 -0.0032085751609011171 0.039454834720858978,-0.013109587760976957 -1.3821048666313271 0.31611027890821508 -1.3347709349437797 0.068550872696007514 0.22136547739143064,0.22372186985546644 0.1624540367168433 0.036627031108012166 -0.11300127852426638 -0.16602993303756672 0.018568766429796872,-0.089871688453812881 -1.5822753975127366 0.040054527745152953 -1.4960917035050263 0.064482990916227681 0.032221955446022472,0.47091165031362614 0.18695963763598722 0.66151668493975579 0.41640047823963561 -0.094870369675540522 0.60845902715698363,-16.771665127404901 132.60732283522287 57.649454459522282 4.209906101727757 -0.83292731357929273 0.0053020875575565882,0.55269156025218535 -4.3811469212478187 -3.303020617211331 -0.59606295153844258 0.10169617257105301 -0.12194186580185118
ur,tetrapga,16.379741002,0.449797211,0.332955624,0.010130304,28.59085,35.917923,3.57385625,1,0,0,3.685941843,0.051993356,1.2,0,0,0,0 0 0.050000000000000003,0 0 0.050000000000000003,0 0 0.050000000000000003,wrist_3_link,-1,0,0 0 0,0 0 0,,-0.097824346884370819 -1.5850432630073565 0.029245478022707477 -1.5032441112835995 0.066065273995367296 0.021700079453670286,0.041640574718437406 0.018622053917780247 0.071671256022424384 0.048253748654916585 -0.0052064604252870707 0.06430369195114026,-0.0049702138984741035 -1.3762637880694031 0.31733113730079471 -1.338954338127702 0.062514105735561237 0.22197410246409369,0.22462939900804338 0.15929563222288134 0.030623165190129684 -0.1174332226020896 -0.16649294347426016 0.014957624464663677,-0.0861503636190631 -1.5802621367903384 0.045593176906173538 -1.492758133133552 0.063718453817434378 0.037070530100372902,0.46516560434372245 0.25165759029977652 0.69233114512757299 0.41669629643427508 -0.095567137349162445 0.60607183179380397,-16.636967316365155 120.98061122896341 50.699700026177425 3.6688322995429745 -0.73642358482893833 0.0039742772376080236,-0.27917165372087993 0.71126330377046543 -1.3953859097191241 -0.56729699778861686 0.07819395362687942 -0.19844579449809885
ur,tetrapga,16.415754387,0.450460426,0.327583549,0.02537472,34.226055,41.656879,4.278256875,1,0,0,3.557871248,0.039403841,1.2,0,0,0,0 0 0.050000000000000003,0 0 0.050000000000000003,0 0 0.050000000000000003,wrist_3_link,-1,0,0 0 0,0 0 0,,-0.096601428887657825 -1.5843370177054839 0.031274767146826705 -1.501992561214466 0.065821910659316793 0.023459130974831145,0.028293773685979486 0.017331460700117061 0.045707062760660826 0.027472743590518885 -0.0064011422064382895 0.039550595773082509,0.003133473040489416 -1.3705851347207461 0.3183264559238051 -1.3432610685386051 0.056512182067245474 0.22244819392968329,0.22538384572611075 0.15604921341629716 0.024649069492385548 -0.12172261712739914 -0.1667976769976228 0.011370335509159992,-0.087344132224006929 -1.5809444483496087 0.043069947840865742 -1.4945220025235697 0.063633116987807908 0.034972952588375593,0.50397050366919161 0.16939111228779302 0.57949697679570267 0.35666808130494498 -0.14213315632095966 0.58851525634669621,-6.3985028725394066 141.29516161631111 73.252583117489138 5.6554495489482566 -1.046128869442468 0.027475118910899744,0.60024714341699337 -5.2764343724174978 -3.8062080047398581 -0.62598949966559303 0.12087397973198222 -0.12224506694258253
ur,tetrapga,16.457513194,0.450628367,0.330452471,0.010320732,28.586697,35.879511,3.573337125,1,0,0,3.655831333,0.144881578,1.2,0,0,0,0 0 0.050000000000000003,0 0 0.050000000000000003,0 0 0.050000000000000003,wrist_3_link,-1,0,0 0 0,0 0 0,,-0.094560458845430198 -1.5838427532746329 0.033962438687301928 -1.5001633477158725 0.065404805828717369 0.026139706528269899,0.047539159159760945 0.015014261687622458 0.065670353690385 0.042299787191342239 -0.0097042713011204432 0.061756375158425289,0.012560368708835161 -1.3641496812367677 0.3192108344092619 -1.3484455520589007 0.049542835199260012 0.22283609332432963,0.22607595588442972 0.15214647908130122 0.017704965546450884 -0.12655839595379395 -0.16695837554497969 0.0072074546876153825,-0.083126077510653831 -1.57909145186624 0.048207600300714942 -1.4916494171304955 0.062484755073681793 0.039669443893948095,0.52725683916913768 0.231624560421098 0.64220655748114996 0.3590731741342752 -0.14354523926576448 0.5870614131965628,-16.484642829412699 131.26690018827199 57.038823451039164 4.1496825876224257 -0.81994089793558944 0.0053591239605238206,-0.33543534147207765 0.57688366918500833 -1.5481097475534114 -0.55030048851131141 0.095928679230667058 -0.1905606816553842
ur,tetrapga,16.493465102,0.449295302,0.334690728,0.010092499,34.205991,41.866071,4.275748875,1,0,0,3.584084038,0.016337827,1.2,0,0,0,0 0 0.050000000000000003,0 0 0.050000000000000003,0 0 0.050000000000000003,wrist_3_link,-1,0,0 0 0,0 0 0,,-0.092044885684930619 -1.5832332040028585 0.037241252686968443 -1.4979608392013635 0.064903328021242018 0.029371955491330468,0.060493979952920968 0.024280805063066371 0.08632451665184443 0.053670846496548165 -0.012321807987722633 0.078167394863976225,0.02069654297357116 -1.3587418969848328 0.31973974601694416 -1.3530685494857706 0.04354039278452021 0.22303078470590904,0.22651397788702785 0.14867015496631997 0.011717346998844753 -0.13059913842609458 -0.16693122633590923 0.0036234233481226411,-0.083127772550787613 -1.5797432964212892 0.047135455474902457 -1.4923660294744869 0.062229089904972251 0.039061628120835565,0.55721363087557796 0.17737893915750783 0.55137862263259552 0.30488733643032345 -0.18311895531120662 0.56761605352453537,-7.0510623357865718 145.53456265196468 73.531117513055477 5.5464270617622642 -1.0318424649860667 0.024275681798275106,-0.77223700813095775 2.9570999894476699 -0.76846695883210714 -0.56517997007267695 0.091899855698883925 -0.24111308211283244
ur,tetrapga,16.535406707,0.449997082,0.325843965,0.029821657,28.598528,35.965797,3.574816,1,0,0,3.665455896,0.151830292,1.2,0,0,0,0 0 0.050000000000000003,0 0 0.050000000000000003,0 0 0.050000000000000003,wrist_3_link,-1,0,0 0 0,0 0 0,,-0.090473875812843968 -1.5821012511909944 0.039647746214633205 -1.4966951378767599 0.064468623784325066 0.031321318934832386,0.02987315295084865 0.025707911173970185 0.047014094179623163 0.023627088842286124 -0.0090617225283332985 0.037078035015986298,0.030204432222555054 -1.3525937648017257 0.32008462437233931 -1.3586424033895328 0.036543015898641222 0.22309512739828766,0.22683972438035108 0.14448219464326664 0.0047281434739426193 -0.13516506378566637 -0.16670653204530553 -0.000554315234819191,-0.078494411620227231 -1.5778019060472175 0.052033030816713607 -1.489906963414912 0.060755836789585377 0.04358878813467458,0.57917011632004811 0.24267379675897274 0.61219691772639351 0.3073832574468503 -0.18415663942335916 0.56589500172987661,-17.064707824722369 134.73383691096279 58.266234545421256 4.2330461591872854 -0.83752180326866066 0.0054010373902828078,0.63647463845904895 -6.3424097676570454 -4.473248569565186 -0.66586390990141808 0.14174930745562619 -0.11461654565530921
ur,tetrapga,16.571443202,0.449706956,0.326631389,0.015689509,34.155255,41.563264,4.269406875,1,0,0,3.616521905,0.060472504,1.2,0,0,0,0 0 0.050000000000000003,0 0 0.050000000000000003,0 0 0.050000000000000003,wrist_3_link,-1,0,0 0 0,0 0 0,,-0.088335252418559482 -1.5813042139423454 0.042206584647118871 -1.4951868562187614 0.063877890140053226 0.033772140955512696,0.052591436131859827 0.024657110506515787 0.067105714870197702 0.037078193435060643 -0.014564148698053237 0.059878549732743133,0.038381549062798288 -1.34745366413263 0.32014682993937782 -1.3635819737351078 0.030541497954311311 0.2230105580253669,0.22695984095414798 0.14077291331398104 -0.0012750281276624024 -0.13895712427603513 -0.16634804619408558 -0.0041381126698438698,-0.078597081567242016 -1.5780310432442755 0.051296806746851088 -1.4904976558949867 0.060557072590080308 0.043055857440310069,0.6022188065189169 0.19025209381325092 0.52212487686685605 0.25615674023123991 -0.21997385934237329 0.54692411190205414,-6.4756459385151626 147.73666807477167 74.335235278163012 5.5373943731890085 -1.0291933901130759 0.02373595097643616,-0.27217042083623255 -0.8214494545090929 -2.353426405505445 -0.5906042622127643 0.1253130234464237 -0.18477068946786801
ur,tetrapga,16.613082851,0.450794987,0.324634323,0.030780625,28.693795,36.396762,3.586724375,1,0,0,3.685279805,0.174571397,1.2,0,0,0,0 0 0.050000000000000003,0 0 0.050000000000000003,0 0 0.050000000000000003,wrist_3_link,-1,0,0 0 0,0 0 0,,-0.086663372363057156 -1.5803463804419728 0.044280394843613999 -1.4941699496205216 0.063324669282955964 0.035550885419538041,0.034083502783803767 0.020354694838783351 0.041705827000838032 0.019918494320777774 -0.011718565825019003 0.035647375755649087,0.047831816667650386 -1.3416832905590421 0.31994946032740529 -1.3694566805542676 0.023626689463973581 0.22275219810002833,0.22691438292543148 0.1363629003988899 -0.0082027109678559779 -0.14318369775203044 -0.16574435705160215 -0.0082691348481697905,-0.073591395281372013 -1.5759763290055928 0.055967970876695139 -1.4884270453526776 0.058790513642193017 0.047417438651039361,0.62571078573375072 0.25683927983531968 0.58389551623050595 0.25882631778863552 -0.22081986848591167 0.54519765134116116,-17.270167938981182 136.60268787051544 59.02747457536087 4.2834641855682714 -0.84726224454648025 0.0055034152267200284,0.57307447483447049 -6.4643807130105415 -4.6170938207550023 -0.66094591945693537 0.15340039419420748 -0.11017986471895824
ur,tetrapga,16.64957813,0.450889286,0.323048698,0.015893453,28.695539,36.207661,3.586942375,1,0,0,3.769096795,0.091162983,1.2,0,0,0,0 0 0.050000000000000003,0 0 0.050000000000000003,0 0 0.050000000000000003,wrist_3_link,-1,0,0 0 0,0 0 0,,-0.084329384384465925 -1.5797166107160141 0.04655263932665743 -1.492919138871124 0.062577906184123441 0.037860891291946884,0.05907802978314762 0.021358967970537126 0.06196565826966164 0.031755313025801875 -0.018925725973662051 0.058158300248424881,0.056109888217333072 -1.3367788581594504 0.31953950200020242 -1.3747476509391294 0.017590017860007929 0.22238452083375493,0.2267119306945786 0.13239163662575235 -0.014261129120880397 -0.14674788396129143 -0.16504919363063997 -0.011878122177611094,-0.068637946943114647 -1.5733840364416096 0.060897049966581414 -1.4863500271476218 0.057024004048783605 0.051761178442563956,0.61918104228217141 0.32403657049789159 0.61613488623578416 0.2596272756319753 -0.22081369917617655 0.54296747394057465,-17.202112699780869 124.36581127684157 51.843465993355764 3.7350190261264702 -0.75096132721439512 0.0041681868371044447,-0.3732307575677396 -0.69612825423973845 -2.3840180004179388 -0.56594505800330808 0.14014613440029677 -0.1794276165094999
ur,tetrapga,16.685862803,0.451759368,0.321843766,0.028185369,34.207694,41.740116,4.27596175,1,0,0,3.646592523,0.000466586,1.2,0,0,0,0 0 0.050000000000000003,0 0 0.050000000000000003,0 0 0.050000000000000003,wrist_3_link,-1,0,0 0 0,0 0 0,,-0.08261321559659919 -1.5789153926338593 0.048352533028428922 -1.4921041002672162 0.061960535536676645 0.039471402628064221,0.039394524449017497 0.020765496722023231 0.041570664422373366 0.01784473808689439 -0.014819823696412686 0.036395503348699829,0.064330126035311366 -1.3320481472427523 0.31891301976125197 -1.3801346326301307 0.011616112733100736 0.22188862894939332,0.22636001664760722 0.12834812591688521 -0.020267060228553197 -0.15015855523446478 -0.16420533286352476 -0.015452844026841829,-0.070444087963437638 -1.5742535973288665 0.058616125974039132 -1.4876375545968177 0.057402403846594341 0.049777737300565478,0.64768666330240998 0.23701465110850817 0.49891680956674511 0.19868863882516977 -0.26123324326697206 0.52018084565642297,-4.711656182792769 143.55353883893525 72.087204215836422 5.2586199311645752 -0.97316745158646556 0.022400285096334321,0.33557681096101533 -5.3146121963418409 -4.2278053968773293 -0.62376726393904391 0.15760955994652193 -0.1124245086522393
ur,tetrapga,16.727708681,0.452064124,0.319201278,0.01588527,28.561924,36.095917,3.5702405,1,0,0,3.723590922,0.162461625,1.2,0,0,0,0 0 0.050000000000000003,0 0 0.050000000000000003,0 0 0.050000000000000003,wrist_3_link,-1,0,0 0 0,0 0 0,,-0.079867039223429068 -1.5781143311518846 0.05075063514883827 -1.4909491746138488 0.060980097989218822 0.041904490069251586,0.063707807431611252 0.023222148421129119 0.059368699807432347 0.026784668240360666 -0.022661248001370118 0.055975639159502641,0.073790664252196395 -1.3267768409516805 0.31792047553851721 -1.3864975623824183 0.0047683846169199679 0.22115606991089257,0.22576778323028487 0.12357098990540984 -0.027165458976793278 -0.15392370617185711 -0.16304461917770161 -0.019555560166446984,-0.065053258877721551 -1.5718367393829629 0.063094936645593402 -1.4860275394675846 0.055305122472288179 0.05392784843011697,0.67385363571451162 0.30210724323795757 0.55985133394428366 0.20125189115413553 -0.2621601717882705 0.51876389119393629,-16.599822186601251 132.30515082025153 57.092551357633425 4.1269629140430855 -0.81546882873517235 0.0054134102208766481,-0.47796398140309293 -0.50013685481280845 -2.3827905488641647 -0.53978659991116729 0.1522489870650503 -0.17265655932637003
ur,tetrapga,16.763876026,0.450850037,0.321296157,0.011935717,34.158308,41.919057,4.2697885,1,0,0,3.647304787,0.035503268,1.2,0,0,0,0 0 0.050000000000000003,0 0 0.050000000000000003,0 0 0.050000000000000003,wrist_3_link,-1,0,0 0 0,0 0 0,,-0.076522664510733349 -1.5770853464591137 0.05367458066899887 -1.4895709039328549 0.059804346836781423 0.044819620568307218,0.080583948632830346 0.035194520258725312 0.077994460138713723 0.033786994702196718 -0.028616191616943107 0.070480692306205323,0.081944372774028482 -1.322383726504603 0.316830598169489 -1.3921211605195849 -0.001107911163118573 0.22038497391158848,0.22509528474221954 0.11934728864224184 -0.033098109798657155 -0.15702970635810035 -0.16188108946805715 -0.023081586446936884,-0.065238221820663134 -1.5725033279641871 0.06211397462995176 -1.4866258429586008 0.055190745017111201 0.053331043697720959,0.69371748419553936 0.24471436960638204 0.46615199658195261 0.14667234270237783 -0.29549870467795014 0.49466364981360789,-5.2708033233165903 145.2132094006827 71.258328224994202 5.0895574819109761 -0.94675059320283705 0.019320233630056839,-0.86273603854994008 1.3672439684478377 -1.7903576103084049 -0.53861752505235927 0.16059832924912598 -0.21733163017364632
ur,tetrapga,16.805877953,0.451517558,0.320392865,0.038046963,28.594914,36.302618,3.57436425,1,0,0,3.707978639,0.159368886,1.2,0,0,0,0 0 0.050000000000000003,0 0 0.050000000000000003,0 0 0.050000000000000003,wrist_3_link,-1,0,0 0 0,0 0 0,,-0.074469727113842407 -1.575630484213304 0.055888160325411329 -1.488815631024532 0.058970700339658705 0.046550966116801241,0.038819483770957175 0.032459153720479229 0.043615335573520639 0.013830979146732049 -0.016614243011510713 0.03276409468531017,0.091379191002371393 -1.3174757572484819 0.31529641942070952 -1.3987894352915424 -0.0078756668817610165 0.21932995933484833,0.22412780428046036 0.11433619770649542 -0.039946751900880401 -0.16046081811685972 -0.16034534671065551 -0.02714984889868103,-0.059492681810715348 -1.5700103735729893 0.066310224288219574 -1.4854314216553846 0.052822947386149108 0.057275033020634435,0.71819250124347278 0.31161929889971063 0.52453120728347657 0.14930266290202926 -0.29597470387026131 0.49299866536418419,-16.87180449689955 133.42591591635531 57.323111985203063 4.1382056043895954 -0.81864920187560042 0.0053716433281380425,0.63979188877766546 -8.3756468013380072 -5.7070444078451885 -0.71823703413156181 0.18703663279460159 -0.1012874868106195
ur,tetrapga,16.842274459,0.451243316,0.315807751,0.023813095,34.048605,41.641873,4.256075625,1,0,0,3.650222537,0.069494435,1.2,0,0,0,0 0 0.050000000000000003,0 0 0.050000000000000003,0 0 0.050000000000000003,wrist_3_link,-1,0,0 0 0,0 0 0,,-0.071733189927930471 -1.5744773775717473 0.058156841009578193 -1.4879629912154788 0.057882692705927226 0.048716657502925434,0.067324093996828482 0.033605472083990534 0.059973212697513066 0.021093931677835298 -0.026697351464113641 0.052911917542986658,0.099518916738283419 -1.3133947081659012 0.31373512174589252 -1.4046813653140771 -0.013685018631691692 0.21827803904311524,0.22312784718476084 0.10990540799158026 -0.045840263944663846 -0.16327837814957755 -0.15885608462574635 -0.030649286250576464,-0.059761824250627503 -1.5701986643792103 0.065688989197171907 -1.4859149270731979 0.052745386258357757 0.056752136973514965,0.73138895233692547 0.25565139914474105 0.43193206853412824 0.097784920279202339 -0.32592922346005049 0.46953646396687876,-4.3842684833861352 145.2855720729554 71.016484653664023 4.9974628717169214 -0.92784975148170468 0.018456615048180958,-0.2857485480150217 -2.9114818906136861 -3.571964272355558 -0.60071761351900932 0.18374788120594587 -0.16323918698365958
ur,tetrapga,16.884013756,0.452250271,0.317652106,0.039089013,28.699829,36.405169,3.587478625,1,0,0,3.698254114,0.176372145,1.2,0,0,0,0 0 0.050000000000000003,0 0 0.050000000000000003,0 0 0.050000000000000003,wrist_3_link,-1,0,0 0 0,0 0 0,,-0.06963118776571954 -1.573232905490062 0.060022609867984703 -1.4874331412249449 0.056974285656195695 0.050271393439587926,0.042635823082944627 0.026364507155074324 0.037638351069025064 0.010099666141829958 -0.018813027114903683 0.031067114740357997,0.10880502712544848 -1.3089150418606286 0.31168163686515932 -1.4115608241087632 -0.020276847836668239 0.2169155651768904,0.22179714949035859 0.10472759708667161 -0.052545424371709178 -0.16632856536287061 -0.15696954513437483 -0.034629522335095642,-0.053701089376962247 -1.5676152264394794 0.069613265106660036 -1.485110597774274 0.050135815030068448 0.060495126289342484,0.7575918592081573 0.32292974246636086 0.49053448868601612 0.100541162365492 -0.32619640353616391 0.46787366447843959,-16.791858557136681 133.29589400818963 57.23680758465359 4.1270387805780686 -0.81591501715825143 0.0054005781661331216,0.58139729095239545 -8.5931043146701995 -5.8633519385359989 -0.71109656826320133 0.19675825845226314 -0.096030544403760132
ur,tetrapga,16.920486262,0.452160582,0.311028607,0.023705223,34.096626,41.913293,4.26207825,1,0,0,3.649643266,0.0951181,1.2,0,0,0,0 0 0.050000000000000003,0 0 0.050000000000000003,0 0 0.050000000000000003,wrist_3_link,-1,0,0 0 0,0 0 0,,-0.066680053222449118 -1.5722481830880866 0.062028807445074538 -1.4868116754093559 0.05574321659909684 0.05232743876230235,0.072649543977309272 0.029182281319032458 0.053331223824393037 0.015447405285808451 -0.030176196773639089 0.050235286662034549,0.11687085237015425 -1.3051791213330517 0.30965912084445152 -1.417673377397151 -0.025969482318023578 0.21558959532103886,0.22047421552124649 0.10012246694161465 -0.058352376654470857 -0.16883317931600184 -0.15516701571427832 -0.038076011342191213,-0.05405501666792107 -1.567799507398858 0.0690164663883156 -1.4855534478957164 0.050111510073491183 0.059966459361408833,0.76694432897307663 0.26652467061558738 0.39942876405603789 0.050961087012307019 -0.35350071763643243 0.44439710444830161,-3.8394719729367282 144.81810804464129 70.165492273597849 4.8557808271426373 -0.90124755210551499 0.016950368231835287,-0.39598257736582809 -2.7579601252318753 -3.5557834116909532 -0.5677263962552388 0.19449524914395511 -0.15494248129715515
ur,tetrapga,16.962502976,0.453268393,0.315008829,0.03578017,28.633116,36.26999,3.5791395,1,0,0,3.688983869,0.181323685,1.2,0,0,0,0 0 0.050000000000000003,0 0 0.050000000000000003,0 0 0.050000000000000003,wrist_3_link,-1,0,0 0 0,0 0 0,,-0.064414274697468091 -1.5711138284212491 0.063723471325883338 -1.4864371855964962 0.054733452104913538 0.053816012795165132,0.045787130127234683 0.025470205285273644 0.03504335594690397 0.0071037418796383303 -0.020853530390937465 0.029812540251865458,0.12609925776672626 -1.3010852935859452 0.30706794638863377 -1.4248245606138252 -0.032442437047356151 0.21390703456440902,0.21876610392467996 0.094728773896601115 -0.064975354698282542 -0.17153004135236183 -0.15291531172480285 -0.042006693555309338,-0.047703948537187901 -1.5651264074736921 0.072673634090913916 -1.4851233883333066 0.047282834103734094 0.063508503351260598,0.79388351634164644 0.33413749064572451 0.45714596282478875 0.053757445301237099 -0.35358449621963595 0.4427554987314713,-16.68674818142032 132.59729968635133 56.847405120436491 4.0937024732970517 -0.80917635865525828 0.0053773257384219109,0.32165583208603721 -7.2900878077898597 -5.3670255105093077 -0.65762554521188576 0.19549109113434326 -0.092088249723900617
ur,tetrapga,16.998880891,0.453110855,0.307071751,0.023439572,34.250795,41.654632,4.281349375,1,0,0,3.639489237,0.100988841,1.2,0,0,0,0 0 0.050000000000000003,0 0 0.050000000000000003,0 0 0.050000000000000003,wrist_3_link,-1,0,0 0 0,0 0 0,,-0.06128706450936245 -1.5700820892086234 0.065602432948537459 -1.4860152286369606 0.053371431339343883 0.05577710926012381,0.076879088676908833 0.031063035262295178 0.050552635940684702 0.010606024514503043 -0.033375278412048612 0.047904080544496963,0.13402817974956063 -1.2977253197660079 0.30460094003463545 -1.4311044010068814 -0.03796742414906789 0.21231758381335472,0.21712905951428815 0.089986349445615857 -0.070646581828123056 -0.17369992286905961 -0.15081689058621151 -0.045372842546691772,-0.048102300742670877 -1.5653638910978547 0.072082511017697803 -1.4855255713262925 0.047298408086044283 0.06299271490381031,0.79915072257553788 0.28004465541286394 0.36805968724651433 0.0054671448551194025 -0.3785905794368386 0.41873857476476273,-3.1827078339675907 143.20489620002598 68.767109682276825 4.6736433756007303 -0.86654078752768404 0.01534368749636009,-0.51035769862028246 -2.540814633221089 -3.5159358082820802 -0.53623927309308783 0.20359094926102728 -0.14771112856145407
ur,tetrapga,17.040642557,0.454091823,0.312605112,0.036872289,28.60155,36.326548,3.57519375,1,0,0,3.669775228,0.179681771,1.2,0,0,0,0 0 0.050000000000000003,0 0 0.050000000000000003,0 0 0.050000000000000003,wrist_3_link,-1,0,0 0 0,0 0 0,,-0.058909333486643428 -1.5688673950523138 0.067223284697999819 -1.4857860908842484 0.052272315119211578 0.057188023864494987,0.047897615167795102 0.027586215478474462 0.033813496657357847 0.0041982783496596681 -0.022620188900908361 0.028211363215424865,0.14305352429599955 -1.2940823719955161 0.30151600678212176 -1.4384071375184857 -0.044212613608069426 0.21034282386583764,0.21507012505373629 0.084463848422772533 -0.077078914050007982 -0.17599981272964549 -0.14824080897528238 -0.049191631543994481,-0.041487890078858634 -1.5625842232852798 0.075478431299190629 -1.4854592300192002 0.044270429165609956 0.066329520690007665,0.82680133297653002 0.34745847657184892 0.42449003518660322 0.0082926633865301295 -0.37849736505429071 0.41710072327467007,-16.434171565926992 130.82289088092924 55.996504081065638 4.0265077844372001 -0.79564744126739384 0.0053129473050996419,0.27744503329338954 -7.5347449431856148 -5.5308432761257222 -0.65333433748673997 0.20331450670465756 -0.087131015402974299
ur,tetrapga,17.077072697,0.453814393,0.303546856,0.02554864,34.195122,41.647837,4.27439025,1,0,0,3.617580118,0.101220416,1.2,0,0,0,0 0 0.050000000000000003,0 0 0.050000000000000003,0 0 0.050000000000000003,wrist_3_link,-1,0,0 0 0,0 0 0,,-0.055640413556298132 -1.5677258984396929 0.06900210835162765 -1.4855575478611862 0.050794425602945024 0.059043820192252898,0.080377701995243592 0.033795562781945586 0.048066559744102906 0.0058894804354516191 -0.036200427259720433 0.045331806507034111,0.15085344847035201 -1.2910940865271965 0.2986069251404519 -1.4448527888821543 -0.049569909743213916 0.20849073450314934,0.21311852456754041 0.079582184270929862 -0.082616689969295484 -0.17783754385934211 -0.14585062772880686 -0.052480540408937036,-0.041938626912206754 -1.5627992205547991 0.074934489652842051 -1.4858198120194226 0.044322061143999295 0.065825753262899966,0.82819061317145404 0.29448003846088622 0.33677747842911476 -0.038927884903675318 -0.40129578003477445 0.39238535272121111,-2.4244165531037432 140.68337813648975 66.961555614416355 4.4634334787069561 -0.82615213114180164 0.013695896575964867,-0.50799815904667867 -3.1715512154651151 -3.8322959885461785 -0.53144289988176752 0.21682763523209303 -0.13976578537507578
ur,tetrapga,17.118828723,0.45467312,0.31027935,0.039226795,28.660381,36.159013,3.582547625,1,0,0,3.640403862,0.176592046,1.2,0,0,0,0 0 0.050000000000000003,0 0 0.050000000000000003,0 0 0.050000000000000003,wrist_3_link,-1,0,0 0 0,0 0 0,,-0.053161777470384176 -1.5664300639853059 0.070547176580559118 -1.4854701581165572 0.04961449318206796 0.060374543638410515,0.049912213495645903 0.029127542455768891 0.032238460424384996 0.0013453932121124037 -0.024222628782491925 0.026584111247018562,0.15970269549844496 -1.2878890565731058 0.29502619603342578 -1.4523192118608625 -0.055600098592498932 0.20622153173475741,0.21070504147921557 0.073918240186959444 -0.088873937502554762 -0.17974893663476657 -0.14295080735686469 -0.056198646623471023,-0.03508592264036578 -1.55990907892782 0.078067813523010191 -1.4861086020745711 0.041113908506791502 0.068951853938338636,0.85658803398012207 0.36126770337237796 0.39166548377101823 -0.036098756893559389 -0.40101907965097366 0.39076258442983286,-16.063634233638378 128.20503594630583 54.788752862927531 3.933277753539568 -0.77685069283426589 0.0052187936578377749,0.29465367375843243 -8.2408802104864662 -5.8840192602063155 -0.66282457258785143 0.21337193847502078 -0.082109186873111639
ur,tetrapga,17.155089871,0.454252864,0.300172049,0.027828575,34.11556,41.682644,4.264445,1,0,0,3.585089655,0.100892846,1.2,0,0,0,0 0 0.050000000000000003,0 0 0.050000000000000003,0 0 0.050000000000000003,wrist_3_link,-1,0,0 0 0,0 0 0,,-0.049759347552955205 -1.565208025854115 0.072207918660087231 -1.4854311310033601 0.048031558694849534 0.062123031924877649,0.083702013344708781 0.035606866355392494 0.045023182657574365 0.001258866504465647 -0.038757926492945689 0.042710193815920547,0.16730277922287992 -1.2852987266313023 0.29170627123076154 -1.458864601176352 -0.060735919086104116 0.20412588407327534,0.20845766825394252 0.06894435175894538 -0.094224761592928336 -0.18123848116762623 -0.14029694203381898 -0.059380226157131996,-0.035588164954515972 -1.5600926622029787 0.077576885669028386 -1.4864282656698951 0.041199550667860629 0.068459842822052169,0.85430876776806541 0.30823627349859473 0.30487744718495985 -0.082299891366166417 -0.42164786661998654 0.36529998630550464,-1.6124026615998979 137.55838501116915 64.882725509666614 4.2355978720015131 -0.78217023259714547 0.012018778252045751,-0.49546570581904348 -3.8861009978718357 -4.174286211260096 -0.52834868671016011 0.22946604737127529 -0.13167111600799331
ur,tetrapga,17.196880252,0.454996101,0.307978014,0.040948215,28.594972,36.037659,3.5743715,1,0,0,3.600948234,0.172639721,1.2,0,0,0,0 0 0.050000000000000003,0 0 0.050000000000000003,0 0 0.050000000000000003,wrist_3_link,-1,0,0 0 0,0 0 0,,-0.047185076087564587 -1.5638593926231503 0.073659886207188552 -1.4854832536476728 0.046778742401297604 0.063371708876204469,0.051805710708596499 0.030198325182369118 0.030370159524141554 -0.0014598851909745432 -0.025667759910462142 0.024917605211658419,0.17595721660512875 -1.2825383101509225 0.28764145995712015 -1.4664711037773897 -0.066532449893541082 0.20156872598625986,0.2056949107902743 0.063153356902851981 -0.10028997160279485 -0.18275737598597161 -0.13708602223759334 -0.062989492864536881,-0.028520468288708578 -1.5570996816350744 0.080441198154034402 -1.4870641458859475 0.037830051229562553 0.071369466614997462,0.88346208322592412 0.37412257098804691 0.35803906062575153 -0.079485027006566705 -0.42118742978726004 0.36370297411816127,-15.616888967588173 125.0306235964711 53.34657887825982 3.8231994642985696 -0.75463272362084077 0.0051046639512606949,0.28373442180316033 -8.7490480897549787 -6.1422322337576247 -0.6646117929403772 0.22128851624202639 -0.0769592312680345
ur,tetrapga,17.232985489,0.454637421,0.2965128,0.028750779,34.197056,41.783764,4.274632,1,0,0,3.544132091,0.101970416,1.2,0,0,0,0 0 0.050000000000000003,0 0 0.050000000000000003,0 0 0.050000000000000003,wrist_3_link,-1,0,0 0 0,0 0 0,,-0.04383364389448121 -1.5626420268073933 0.075111059596223134 -1.4856232075193918 0.045183037001603601 0.064930109911962547,0.088588181136303526 0.037283212816030815 0.042294303209905404 -0.0033671873117969236 -0.041892276807890927 0.040834268844279931,0.18333854120502949 -1.2803491778914711 0.2839272703421129 -1.4730906753963682 -0.071429935225066715 0.19923897195381013,0.20316083459508583 0.058103796415893465 -0.10543783145705841 -0.18389813048391607 -0.13418396692479914 -0.066055812806474185,-0.029153950983311548 -1.557302916130918 0.07995546269080106 -1.4873406436374634 0.037988400174788259 0.070850706457810164,0.87788813853541769 0.32099226128948111 0.27241672695903635 -0.12462086684921869 -0.43976799259935218 0.33761477429127063,-0.79674767716170258 133.94025406389008 62.565668361930349 3.9933641461629401 -0.73528967487111729 0.010303756335200021,-0.5528279430967018 -4.1389002414034621 -4.3126168104318481 -0.50883992024137115 0.24045675829344759 -0.12585971761302517
ur,tetrapga,17.274872462,0.455036714,0.305805306,0.042428154,28.632297,36.298045,3.579037125,1,0,0,3.553447319,0.16537238,1.2,0,0,0,0 0 0.050000000000000003,0 0 0.050000000000000003,0 0 0.050000000000000003,wrist_3_link,-1,0,0 0 0,0 0 0,,-0.040999567033365054 -1.5611670715030173 0.076551744307847058 -1.4858182046476434 0.043782612183185222 0.066174524493552683,0.05349815026729042 0.031339223145256917 0.028515896042747266 -0.0041975207892688878 -0.026964833623812218 0.023204390905211522,0.19178385804838249 -1.2780389225652864 0.27938764872214161 -1.4808178879547351 -0.076977495035393237 0.19639867252581988,0.20005229113892894 0.052196947991469303 -0.11129728185984117 -0.18502136472334282 -0.13067293437592303 -0.069549943671715617,-0.021892234367151368 -1.5542168484672958 0.08254462571603223 -1.4883152751823998 0.034475317814619509 0.073539066369049347,0.90771457702002256 0.38575845795277613 0.3236453781538956 -0.12182894311704789 -0.43913529502109366 0.33604498890489781,-15.113252273674775 121.40385808766808 51.711519572170246 3.6994360358961429 -0.72966658395388351 0.0049720499340978903,0.26367671067956167 -9.1938106510242505 -6.3642230443801964 -0.66320465437001985 0.22798998398810966 -0.071662979386474035
ur,tetrapga,17.311268895,0.454432909,0.294180449,0.03153805,34.050014,41.513282,4.25625175,1,0,0,3.492576255,0.093139242,1.2,0,0,0,0 0 0.050000000000000003,0 0 0.050000000000000003,0 0 0.050000000000000003,wrist_3_link,-1,0,0 0 0,0 0 0,,-0.0374397134828457 -1.5598477170837481 0.077920595579290014 -1.486139969198119 0.042057198913895137 0.067667560556523301,0.090203391809967545 0.039490046573696924 0.039110165568091292 -0.0077474665235898691 -0.043524574391634922 0.037586801612906118,0.19901365869529072 -1.2762331359060592 0.27524574657460071 -1.4875670731882948 -0.081676122058409309 0.19381293126406191,0.19720611673342722 0.047026276164631765 -0.11628574218809846 -0.18582213307302772 -0.12750008749871861 -0.072528577772468614,-0.022480724568059149 -1.5543681444566406 0.082146268521230276 -1.4885548482825737 0.03462242532740907 0.073075890690037823,0.89815616961742373 0.33301728986017354 0.23920723419614506 -0.16590326153928051 -0.45547912960603187 0.30907215340643779,0.11714681714673958 129.71983181165683 59.993751393440363 3.7340325920619972 -0.68471806670128776 0.0085866526746140055,-0.50594412516193188 -5.0784729785191303 -4.7307074564928939 -0.51141085119343188 0.25107364125020126 -0.11584312906461491
ur,tetrapga,17.352885246,0.45484247,0.303853031,0.04436827,28.83634,36.476169,3.6045425,1,0,0,3.4949797,0.158820961,1.2,0,0,0,0 0 0.050000000000000003,0 0 0.050000000000000003,0 0 0.050000000000000003,wrist_3_link,-1,0,0 0 0,0 0 0,,-0.034693275083901416 -1.5583785137502864 0.07919645861843827 -1.4864579604168642 0.04067736327585899 0.068752421747524245,0.054762949648808804 0.032743855379778433 0.026684544247365258 -0.0069140823459827427 -0.028058289824064695 0.021305323581301411,0.20715015049889482 -1.2743997589926943 0.27028975950907058 -1.4953159401139191 -0.086904412996927485 0.19072485041842285,0.19378895681929448 0.041075874711684314 -0.1218669955697118 -0.18653754155515428 -0.12373780115308626 -0.075866148810463413,-0.015050524836754984 -1.5511971005887413 0.084453292424723325 -1.4898601041368749 0.030985141927631819 0.075536106797682703,0.92877496641302071 0.3963804834874104 0.28837798793663094 -0.16315698178765045 -0.45466042497215658 0.30752701345560968,-14.529252516085139 117.22304359045278 49.847314192259638 3.5591139847837208 -0.70128219895646227 0.0048210523134953297,0.27029910729996232 -9.8220849060617184 -6.6552405351815764 -0.66629633940738131 0.2349540756087265 -0.065800063826856103
ur,tetrapga,17.389466039,0.45397567,0.291800718,0.033542184,34.057493,41.463105,4.257186625,1,0,0,3.431999862,0.086945215,1.2,0,0,0,0 0 0.050000000000000003,0 0 0.050000000000000003,0 0 0.050000000000000003,wrist_3_link,-1,0,0 0 0,0 0 0,,-0.030967842415782165 -1.5569380347318873 0.080478044361293535 -1.4869636285154268 0.038840421853196236 0.07015776015901927,0.091742624186879271 0.040736349875912119 0.035416345453786621 -0.012040164769564423 -0.044943284130800662 0.034331556532197272,0.21418198267359706 -1.2729932942049358 0.26574376661468835 -1.5021484060016155 -0.091368581001068219 0.18789690755841212,0.19064409868679194 0.035816292543117814 -0.12666045881438487 -0.18698972506873926 -0.12031639540222587 -0.078737473747051492,-0.015685075549249285 -1.551318733224563 0.084107744048723232 -1.4900598135175853 0.031162111991291399 0.07508603613285561,0.91551516309134662 0.34360571451488331 0.20525998430953329 -0.20599409913131225 -0.46883497791636164 0.27988812564041876,1.0579492911091535 125.06657000904696 57.231766687707164 3.4639272789031663 -0.63183842241323618 0.0068649196363504122,-0.49360043258838004 -5.7709880060338037 -5.0313276137185881 -0.50493021480451716 0.25906059095794376 -0.10579408789888589
ur,tetrapga,17.431034201,0.454236623,0.301895799,0.045549175,34.17431,41.59655,4.27178875,1,0,0,3.428303033,0.14979436,1.2,0,0,0,0 0 0.050000000000000003,0 0 0.050000000000000003,0 0 0.050000000000000003,wrist_3_link,-1,0,0 0 0,0 0 0,,-0.028165510886507292 -1.5554335275550573 0.081641026670622716 -1.4874156974404891 0.037413685340533513 0.071144839376435023,0.056283500667113434 0.033502378229952993 0.024659860541803715 -0.0094929904465203812 -0.029105437492506363 0.019607254226033603,0.22202973471331228 -1.2716291814751577 0.26036777539140438 -1.5099284725732633 -0.096286961899741549 0.18455737331187683,0.18691297298818155 0.029811799347408133 -0.13197464619172153 -0.18730283975034046 -0.11630361929637793 -0.081926780233899127,-0.0081096274328961472 -1.5480758408314719 0.086125783391875585 -1.4916860826389171 0.027419454807158065 0.077313174617125946,0.94693266800807741 0.40536295918238929 0.25225544523922916 -0.20328434036846071 -0.4678333885426994 0.27839260436113455,-13.893387041176434 112.64965555666508 47.820726628781301 3.407387752444734 -0.67056334304551302 0.0046579477538869736,0.23979262469489981 -10.204266875768553 -6.8323761985832334 -0.66082156203992781 0.23981769059362534 -0.060548390099114613
ur,tetrapga,17.47272382,0.452982702,0.291722426,0.037638258,34.068045,41.572778,4.258505625,1,0,0,3.364911513,0.056994994,1.2,0,0,0,0 0 0.050000000000000003,0 0 0.050000000000000003,0 0 0.050000000000000003,wrist_3_link,-1,0,0 0 0,0 0 0,,-0.02380833258659925 -1.5536833871264548 0.082978910708153247 -1.4881860359661254 0.035241059656752408 0.072615752011587403,0.088282748677728742 0.041538795807646842 0.031197002324435411 -0.01519926476558886 -0.043876178500411506 0.029651406126349276,0.22974119007750776 -1.2705122948532024 0.25475725258832838 -1.5177398800550208 -0.10104949279476604 0.18107660854113911,0.18300581920134817 0.023765728426470126 -0.13715716051900853 -0.18740254290111297 -0.11215112648808231 -0.085044147855814906,-0.0085210291235552991 -1.5480533590406984 0.08590948661163858 -1.4919032656729285 0.027490361908349532 0.076957399345861044,0.92974468750601746 0.35328257230612048 0.16964270887561236 -0.24590114640191282 -0.47998753571372965 0.24911715085171646,2.1596426962942381 119.74799691816597 54.150810106733232 3.1664048511448071 -0.57309983289420374 0.0050393063922583381,-0.36048588557946459 -7.2328265852647746 -5.6457386567183789 -0.52876245527841093 0.26424033681946923 -0.091380962517433773
ur,tetrapga,17.5143977,0.453281071,0.30160406,0.047417361,34.074385,41.405287,4.259298125,1,0,0,3.355806952,0.131687254,1.2,0,0,0,0 0 0.050000000000000003,0 0 0.050000000000000003,0 0 0.050000000000000003,wrist_3_link,-1,0,0 0 0,0 0 0,,-0.02115371116414546 -1.5521844537164304 0.08398482978265906 -1.4887394856245857 0.033865599641337035 0.073435157371041573,0.054083676818573546 0.032947809653770609 0.021620546426023939 -0.01128596581644708 -0.02823014606560818 0.016762520452931421,0.23728355408639387 -1.2696481432240381 0.24893607694071351 -1.5255480287267302 -0.10563463961802817 0.17746901278211488,0.17893832003434734 0.017703855508060199 -0.14218502398054036 -0.18728808738544542 -0.10787795165887902 -0.088076233570948362,-0.0072953571663204389 -1.54748720050301 0.085952097961486382 -1.4925363430846135 0.026767962660843234 0.077009354490576595,0.94275203555722653 0.3289635869557897 0.12561760237849062 -0.27687110453253561 -0.48875257438151409 0.22663458997249675,3.7986325155351857 121.55839184892169 55.462299683533679 3.1981202683557974 -0.56866132455751983 0.0048346269802213059,0.25912446499883401 -10.867464862429188 -7.1126041471711687 -0.6676397779619947 0.24034572989664582 -0.051772509215197715
ur,tetrapga,17.555911435,0.452131789,0.289888311,0.038397967,34.228495,41.728669,4.278561875,1,0,0,3.326611512,0.100619933,1.2,0,0,0,0 0 0.050000000000000003,0 0 0.050000000000000003,0 0 0.050000000000000003,wrist_3_link,-1,0,0 0 0,0 0 0,,-0.01700087371311168 -1.5505100586198779 0.085073844574953178 -1.4896389069163918 0.031776044946589532 0.074680846415683205,0.089716141411181782 0.041680700489076093 0.027299018091482656 -0.018983294001030611 -0.044900211154601993 0.026726829951197583,0.244625120153287 -1.2690387504413105 0.24293219091665644 -1.533317016872664 -0.11002268945391298 0.17375143308101668,0.17472917720737416 0.011653249354976818 -0.14703662396024425 -0.18696187457273625 -0.10350564570460638 -0.091010387613608593,-0.0045159641767609296 -1.5464224052490216 0.086301760778046216 -1.4934986212956776 0.025319648755131988 0.077500950313903166,0.95401911455238286 0.32202821530854198 0.098598754646452874 -0.30137462442209395 -0.4940445361388035 0.20698126932507743,3.4047900157538749 120.16720018377386 54.239522780919785 3.0967698848034875 -0.55069594924176912 0.0037382670668424799,-0.40523283151970446 -7.531077262895451 -5.7596950625562044 -0.50975345232109248 0.26776258297343247 -0.082339107075483753
ur,tetrapga,17.59770895,0.452188115,0.299492163,0.047806719,34.189546,41.66361,4.27369325,1,0,0,3.291614622,0.100990321,1.2,0,0,0,0 0 0.050000000000000003,0 0 0.050000000000000003,0 0 0.050000000000000003,wrist_3_link,-1,0,0 0 0,0 0 0,,-0.014218977364340796 -1.5489834513126262 0.085984104010526488 -1.4903194886784548 0.030331829263398502 0.075440638066852014,0.056528094230832909 0.03394412456857096 0.019835058102152595 -0.013966222363207844 -0.029628391025141119 0.015400645407512377,0.25183709725872849 -1.2686791050147121 0.23668717291035787 -1.5411209848397089 -0.11425503652193385 0.16988724082331766,0.17033644526524938 0.0055551691586768976 -0.15175811571331355 -0.18642038247194587 -0.098993107722190901 -0.093874986456275331,0.0033993815871960712 -1.5433641530582023 0.087455998287877562 -1.4958875644843177 0.02138168891111835 0.079146560470056221,0.98941864477566099 0.38228186496355837 0.14427979173153338 -0.29861809279206475 -0.4922452977581066 0.2057013224609674,-13.156326838022705 107.83717849332855 45.784929818311156 3.2555793056986255 -0.6380123484408291 0.0045430438853406542,0.18829472574907413 -11.007887551006206 -7.1710078722615549 -0.65068349986813701 0.24399578167419378 -0.047548032434178822
ur,tetrapga,17.639439881,0.45274824,0.300181483,0.048078435,34.202386,41.864138,4.27529825,1,0,0,3.239345919,0.071108002,1.2,0,0,0,0 0 0.050000000000000003,0 0 0.050000000000000003,0 0 0.050000000000000003,wrist_3_link,-1,0,0 0 0,0 0 0,,-0.011901282771156221 -1.5476676427182994 0.086656055058922959 -1.4910024662697974 0.029090451602864897 0.0759800124592135,0.045514746795934445 0.02678027089797411 0.013591450075940644 -0.013453420878575845 -0.024361731205148604 0.010451673408963354,0.25885125145815974 -1.2685743313034417 0.23025872457323621 -1.5488855097674992 -0.11829028268745327 0.16591167394097805,0.16579966050658052 -0.00053328778933407902 -0.15630380438286504 -0.18566766358214323 -0.094383620589555878 -0.096642789882579516,0.0034208796291392042 -1.542740907030721 0.087680247071430989 -1.4960960335281599 0.021242381467597451 0.079010107099124802,0.95897898978042795 0.34687402774678167 0.078027601255149681 -0.33137736599379003 -0.49921125730247223 0.18085260578216011,4.7231963278114382 111.82595864633363 49.451044880972077 2.6630317622696915 -0.47004851741613662 0.0017420377785894987,0.23851739032621566 -11.213154120358013 -7.2117651775571403 -0.65739635128829832 0.22867539903154466 -0.032290360524598327
ur,tetrapga,17.681419586,0.453368749,0.295811102,0.045279797,39.729956,47.20713,4.9662445,1,0,0,3.190283888,0.118101822,1.2,0,0,0,0 0 0.050000000000000003,0 0 0.050000000000000003,0 0 0.050000000000000003,wrist_3_link,-1,0,0 0 0,0 0 0,,-0.0095059323332779382 -1.5465613073537474 0.087144164768170038 -1.4917628684627915 0.027823181922131603 0.076481836210353968,0.049735565399617744 0.024300596261766422 0.011036953438004963 -0.015604239289742385 -0.026163997482825472 0.010347588935648569,0.26571308066051258 -1.268725181903029 0.22360419485001121 -1.5566601745659163 -0.12215341716947951 0.16179786039158175,0.16108766285833315 -0.0066520336677904791 -0.16070223014711585 -0.18469808731284165 -0.089648190904949562 -0.099331641928433925,0.0080412437643362783 -1.540754215484972 0.088195681370405329 -1.4977550150885601 0.018881580292486891 0.079738193966174056,0.98150871513993998 0.36772420027658848 0.081181916369693352 -0.34278426199736478 -0.5007504013610532 0.17001934896340232,-3.0777924346020793 105.57829360254935 45.844952582661584 2.8046019335170325 -0.51852599606379834 0.0027034051901831399,0.063580062759243106 -10.260666789436073 -6.7919696235489937 -0.61013149950576917 0.22699020120081315 -0.031921906579697179
ur,tetrapga,17.728715967,0.452044055,0.282038359,0.034053147,34.043937,41.64677,4.255492125,1,0,0,3.160916913,0.072049964,1.2,0,0,0,0 0 0.050000000000000003,0 0 0.050000000000000003,0 0 0.050000000000000003,wrist_3_link,-1,0,0 0 0,0 0 0,,-0.0048872398088881585 -1.5449264350008609 0.087755022366934624 -1.4932042304518123 0.025474698172995094 0.077437072221480066,0.084498948194539861 0.035676135836345671 0.013992219456364469 -0.027698718694878131 -0.043523885460691324 0.016028644335796809,0.27320302745329839 -1.2692025487049112 0.21589055074488392 -1.5653649612403431 -0.12626512615366467 0.1570304786380772,0.15560621123062324 -0.01353085548817751 -0.16544256142448407 -0.18335269325933357 -0.084203055029539328 -0.10224337238888613,0.0093386676496500752 -1.5400746940336403 0.088246319871885304 -1.498452639222049 0.018141801278117708 0.07975299931022059,0.97020837119813708 0.34570402464123023 0.033871028912415058 -0.37162713581009321 -0.50454236446193135 0.14567078970326758,5.3581502153316212 106.12530373101227 46.254867318180757 2.3861367991037365 -0.41271199947029108 -7.1089304690164033e-05,-0.58648357961005892 -5.8456573960738751 -5.1079721185355993 -0.52453640840576554 0.20032070807931035 -0.10570516583226208
ur,tetrapga,17.770463501,0.4519584,0.295865099,0.045069716,39.70895,47.323343,4.96361875,1,0,0,3.104550832,0.086922728,1.2,0,0,0,0 0 0.050000000000000003,0 0 0.050000000000000003,0 0 0.050000000000000003,wrist_3_link,-1,0,0 0 0,0 0 0,,-0.002150782973960659 -1.5435704083605997 0.088308784617308497 -1.494101491366721 0.02405132747879388 0.077957856791861693,0.055770046798929787 0.031221491548914727 0.013174895650294215 -0.018261017277708583 -0.02925267408805439 0.010683892077751811,0.27959560793267979 -1.269893832635951 0.20889980345865947 -1.5729908067432976 -0.1296784839743598 0.15271028613498597,0.15062068237925905 -0.019582861908525588 -0.16943260302772059 -0.18194457169872294 -0.079307401650870579 -0.1047074037456223,0.014386963616161451 -1.537996064789636 0.088567233588088642 -1.500419025166412 0.0155812196410786 0.080383558572491492,0.99008244945729595 0.36906982082929868 0.038162212613815659 -0.38177167301983772 -0.50474548850153422 0.13491812097313688,-2.2711474856774849 99.140851776043121 42.542436944045562 2.5312134480362478 -0.46416227544373773 0.0015527188275579256,-0.044649106982685538 -10.194810730453355 -6.7604573746837673 -0.58329566101019736 0.23359481633494994 -0.032928024534214728
ur,tetrapga,17.817870732,0.451116785,0.284243526,0.040195547,34.171112,41.695852,4.271389,1,0,0,3.07224051,0.055987414,1.2,0,0,0,0 0 0.050000000000000003,0 0 0.050000000000000003,0 0 0.050000000000000003,wrist_3_link,-1,0,0 0 0,0 0 0,,0.0015536144677264043 -1.5418694166323936 0.088874711109305851 -1.4953892417386796 0.022124920437266802 0.078605737441618417,0.07682406839222844 0.037150265206781261 0.010901511808508936 -0.029108081670566537 -0.040858330151706111 0.01164338362744574,0.28659876195585882 -1.2709845272152083 0.20076447090023525 -1.5815735526633796 -0.13330462738619211 0.14768247557423894,0.14479788899829285 -0.026424925912666038 -0.17373751217077038 -0.1800977090205165 -0.07365545234652178 -0.10738202895962617,0.01576671281250179 -1.5371279195767138 0.08867166237678839 -1.5011721700098151 0.014800564217088715 0.08038066884943082,0.97455309509895804 0.35060273008025078 -0.0061637342951836559 -0.40850463441621099 -0.50656331754612949 0.11075260834437772,6.6334315883464754 98.60695222052297 42.169085404990831 2.0197132965332649 -0.33885637610036035 -0.0020091899956005922,1.8368184965438417 -8.1489483803625262 -6.0293319893418698 -0.87350392492135143 -0.023071586461554716 -0.030631901195334876
ur,tetrapga,17.859667198,0.451005946,0.295598643,0.048260234,39.88719,47.388923,4.98589875,1,0,0,3.012131296,0.072889106,1.2,0,0,0,0 0 0.050000000000000003,0 0 0.050000000000000003,0 0 0.050000000000000003,wrist_3_link,-1,0,0 0 0,0 0 0,,0.0041041915849479279 -1.5405196608121736 0.089309569533752922 -1.4963391215047004 0.020782625440197162 0.078985547550976393,0.052156372558440627 0.029961137208249954 0.010137610628167332 -0.019387379323434813 -0.027574058554561465 0.0077923113145661558,0.29254108986798655 -1.2722144806038227 0.19342712393435896 -1.5890631609116308 -0.13627771105632513 0.14314696340286998,0.13952706702520346 -0.032423722423312755 -0.17732926307596947 -0.17825358284802587 -0.068598465427801722 -0.10962892838328867,0.020802860336527715 -1.5349953632505353 0.088807392384131129 -1.5033077417966669 0.012249186968832135 0.080832699951390821,0.99397232169871796 0.37256152059988284 -0.0029683385922337309 -0.41797928770948867 -0.50586163659343486 0.10010143060724595,-1.1522823561212459 91.57009092564077 38.820225408395373 2.2242984972356048 -0.40221544758520356 0.0004247683117748818,0.07092595961850634 -11.40530944045895 -7.239035082598491 -0.60689553552401776 0.23433109521805306 -0.024033090929890477
ur,tetrapga,17.907178177,0.449940884,0.282374309,0.039664406,34.125023,41.845741,4.265627875,1,0,0,2.981201475,0.044646575,1.2,0,0,0,0 0 0.050000000000000003,0 0 0.050000000000000003,0 0 0.050000000000000003,wrist_3_link,-1,0,0 0 0,0 0 0,,0.0078321347093127987 -1.5388593492460523 0.089679787372533806 -1.4977806038555035 0.018845661065157889 0.079492850900310733,0.07836039036753123 0.036170597639089648 0.0068087574662141666 -0.032469473562814932 -0.041460212022854409 0.0090165587054807858,0.29902488735198141 -1.2739160684045492 0.18490966054378302 -1.5974776285509411 -0.13939885318989523 0.1378802294275436,0.13338583503962559 -0.039196702598276317 -0.18117557423080624 -0.17591533805559359 -0.062775194150345631 -0.1120539476538048,0.022125434000210532 -1.5340940549776201 0.088880327259170638 -1.504086755918661 0.011501240194039275 0.080770514984773278,0.97599215317555399 0.35416272184015785 -0.045407824300140689 -0.44282293866392131 -0.5057730444566586 0.075967443108742816,7.7212004849108329 90.660143918255415 37.872059154714513 1.6485287727371374 -0.26458927042271768 -0.003930523984488718,1.9300201831655528 -7.9528001438720821 -5.9496608700798106 -0.87619050225021056 -0.03808482296387794 -0.029871182294186838
ur,tetrapga,17.94909325,0.449461793,0.294298604,0.048280495,39.660867,47.341604,4.957608375,1,0,0,2.916494594,0.054241812,1.2,0,0,0,0 0 0.050000000000000003,0 0 0.050000000000000003,0 0 0.050000000000000003,wrist_3_link,-1,0,0 0 0,0 0 0,,0.010541448125413754 -1.5374750113726001 0.089999451137863104 -1.49888282216321 0.017428464507292737 0.079798586369759478,0.052176167435478635 0.029237075036622272 0.0075061588184881746 -0.021195733219162776 -0.027433537668470748 0.0059100805986443336,0.30449996667892931 -1.2756834033341038 0.17724831296707907 -1.6048041744054025 -0.14192137020641368 0.13314069270112414,0.12784113380278847 -0.045124704449744868 -0.18435617899881099 -0.17364211550305492 -0.057579609051274086 -0.11407727312241288,0.027184540321165875 -1.5319423132855858 0.088812288002203726 -1.5063983861147952 0.0089502889598556904 0.081050303571345156,0.99438791884251954 0.37462264610188301 -0.043477526008686894 -0.45157674344355192 -0.50409471400251216 0.065346341223240095,-0.088644744461456426 83.59353018183289 34.906789238454579 1.907758107240147 -0.33858317876091332 -0.000706288256784246,0.01996217562910374 -11.516228040950409 -7.2420742040435471 -0.58902429116278654 0.23203920660074928 -0.018209708002615344
ur,tetrapga,17.996535841,0.448053317,0.282921991,0.040645852,34.227289,41.693228,4.278411125,1,0,0,2.886119311,0.027942827,1.2,0,0,0,0 0 0.050000000000000003,0 0 0.050000000000000003,0 0 0.050000000000000003,wrist_3_link,-1,0,0 0 0,0 0 0,,0.014328051298874427 -1.535786595251972 0.090214661468019056 -1.5004783710462433 0.015468067645780308 0.080177807236760407,0.077106640265458257 0.036375409008240149 0.0038507532481417278 -0.034667463372668565 -0.040677914287282166 0.006045109891781429,0.31041352555260798 -1.2779822212504521 0.16842134894501859 -1.6129766013878719 -0.14451247817138999 0.12767684867523646,0.12142849209548967 -0.051773273237567266 -0.18771157395357463 -0.17083550438376829 -0.05164253189553096 -0.11623388659053721,0.02854165473393265 -1.5310083264975547 0.08884366570278486 -1.5072330903723934 0.008193984789279617 0.080943531768536081,0.97316990055691255 0.35701599503027071 -0.083726127880159151 -0.47433899351873854 -0.5018992141624945 0.041184544901699115,8.8369763092319342 82.125114293819848 33.329634005189746 1.2628981197624278 -0.18724561863356901 -0.0058301461123865649,1.822704705079957 -8.2012832269901992 -6.0968778364607488 -0.87920509259674873 -0.026723973373851351 -0.045138470496254968
ur,tetrapga,18.038349952,0.447509651,0.293888383,0.048656789,40.851294,48.701389,5.10641175,1,0,0,2.817351951,0.035843595,1.2,0,0,0,0 0 0.050000000000000003,0 0 0.050000000000000003,0 0 0.050000000000000003,wrist_3_link,-1,0,0 0 0,0 0 0,,0.016889519922722328 -1.5344508115831268 0.090420288656778647 -1.501610229451193 0.014131767859128192 0.080374028593642372,0.052348522836825825 0.02990263972233357 0.0055560340159409478 -0.023109658446735862 -0.027454419191276131 0.0040255722059159144,0.31537075404990855 -1.2802685322566474 0.16051437846203254 -1.6200646536282415 -0.14656171762585826 0.12277899528301425,0.11566200526531351 -0.057572736530685099 -0.19045032331484443 -0.16816013358715032 -0.046368287640054684 -0.11801530750529365,0.033553995961370757 -1.52886145564309 0.088573515670383768 -1.5096863728060468 0.0056839382983215917 0.081046294644768591,0.99067191908198793 0.37593654893409467 -0.083038223550910339 -0.48237473925217955 -0.4993115687513639 0.030642330098857591,1.0023170028874997 75.045734732933482 30.758202567301041 1.576958703586441 -0.27204647038318724 -0.0018245796036349821,-0.010810133963104818 -11.764369743823408 -7.2985183812493801 -0.57377137285402569 0.2309065473665477 -0.012384122547786092
ur,tetrapga,18.0871743,0.445740433,0.283823722,0.040799301,34.11156,41.658249,4.263945,1,0,0,2.790763449,0.008479876,1.2,0,0,0,0 0 0.050000000000000003,0 0 0.050000000000000003,0 0 0.050000000000000003,wrist_3_link,-1,0,0 0 0,0 0 0,,0.020779429834539436 -1.5326643733454586 0.090502624761186534 -1.50338633690224 0.01212188660463843 0.080622731319383439,0.077920445758649551 0.037400410796847638 0.001089001498461197 -0.037273967552439828 -0.040491380526187198 0.0032659249587380125,0.32085091177671077 -1.2832432207645375 0.15114295400008032 -1.6281940040695158 -0.14867447222374777 0.11696906664880884,0.10880017199242946 -0.064264968987482185 -0.19338543781679449 -0.16480228300225852 -0.040170686029945266 -0.11995183552446605,0.034899503946318869 -1.5278908317208422 0.088568028590310766 -1.5105622860760968 0.0049424120105029485 0.080884798906651373,0.96659890744642241 0.35901036327996727 -0.12125520427853179 -0.50324141837317482 -0.49506257334655412 0.0062857387491047148,9.9018842093398529 72.986689973788188 28.525642726590419 0.86444017074573032 -0.10749310676214385 -0.0077083926450341516,0.39212983279901437 -9.0516410572181485 -6.1198951896632252 -0.48178690401255153 0.20272114184799861 -0.01922335625067717
ur,tetrapga,18.128962754,0.444952473,0.294040908,0.049592094,45.381197,52.887972,5.672649625,1,0,0,2.717628163,0.012431457,1.2,0,0,0,0 0 0.050000000000000003,0 0 0.050000000000000003,0 0 0.050000000000000003,wrist_3_link,-1,0,0 0 0,0 0 0,,0.023330148196190316 -1.5313047171560668 0.090616542502794217 -1.5045970031437972 0.01079839666989873 0.080728926337051296,0.052105917719166235 0.030319244260774467 0.003624753304029186 -0.024727066742952455 -0.027189038201562408 0.002178826047156746,0.32527294359311143 -1.2860471265099371 0.14301320547475888 -1.6350173208325014 -0.15024185148808333 0.11192403029088846,0.10282328998381086 -0.06991829423669578 -0.19567003763157326 -0.16173272324299762 -0.034841072258991933 -0.12148492094615321,0.039871012714138773 -1.5257359746541093 0.088103772487751669 -1.5131555214105228 0.0024741116510601053 0.080812093699820009,0.98298100259568311 0.37604107646586382 -0.12204807675276336 -0.51056953319204568 -0.49153709213510066 -0.0042171373950480786,2.1163839785651843 65.947053445495214 26.373660872023294 1.2313457424287739 -0.20256722340890249 -0.002945072120605199,-0.011093940710821926 -12.226354056391756 -7.4388140685791768 -0.56602842911343032 0.23006288347136916 -0.0066834478834323363
ur,tetrapga,18.181978885,0.442736604,0.2863548,0.042767058,39.689466,47.335039,4.96118325,1,0,0,2.657367582,0.021796983,1.2,0,0,0,0 0 0.050000000000000003,0 0 0.050000000000000003,0 0 0.050000000000000003,wrist_3_link,-1,0,0 0 0,0 0 0,,0.027494097821482173 -1.5293424328823573 0.090551674935002477 -1.5066416808408385 0.0086589788362690275 0.080841886730983983,0.074867866846999656 0.037311311234348721 -0.0012214574933371207 -0.038033433269783277 -0.038392861402726845 0.00043543610388578163,0.33052043168831496 -1.2899417368240362 0.13256928613891306 -1.6434830684789783 -0.15190926652370618 0.10543541146931316,0.095111660935064291 -0.076982462768703533 -0.19826299149974261 -0.15758579937459788 -0.028058204163652005 -0.12326280110110388,0.044606371077737121 -1.5235462426583373 0.087678740554207532 -1.5156797039012868 0.00012356458402748051 0.080683296948021829,0.97869841541531988 0.38641833655935726 -0.12962594629543281 -0.51908034771395584 -0.48709550286582726 -0.017030629454492054,1.7843943403847158 60.291752959375884 23.444432939605672 1.0360836734701906 -0.17058123938480838 -0.0035496721513976004,-0.31673618560682826 -10.046727961620491 -6.4150586806889009 -0.40197634160176676 0.24586400565436684 -0.0017450508424872169
ur,tetrapga,18.229446244,0.441561376,0.281751316,0.043345217,39.952937,47.425139,4.994117125,1,0,0,2.60085462,0.030422527,1.2,0,0,0,0 0 0.050000000000000003,0 0 0.050000000000000003,0 0 0.050000000000000003,wrist_3_link,-1,0,0 0 0,0 0 0,,0.030360013552761324 -1.5277883340302518 0.090555333457207079 -1.5081150561692873 0.0071703851106615264 0.080855286067675045,0.089193200326903171 0.040039818364359103 -0.0077066205005646947 -0.048732092930078297 -0.047518078438361214 -0.00040305015231694748,0.33486897050913456 -1.2937437984512399 0.1231090136221558 -1.6508704597496497 -0.15309678147840952 0.099549874376293548,0.088093454225703541 -0.083196226830926742 -0.20029188157195429 -0.15364009819989582 -0.021976375735030577 -0.12469432383376511,0.048824170519028876 -1.5214656038987622 0.087264989178248237 -1.5180162486001876 -0.0019711410119482367 0.080476804075670871,0.97242364671405557 0.39264522466437002 -0.14161245750103735 -0.52846335815624301 -0.48205136992310033 -0.03118627550143982,2.1918933379007326 54.950220953035817 20.906533254300744 0.85146588157095149 -0.1344269548616118 -0.00404445364544803,8.0115938547145049 -7.3381935171255464 -6.5017825982963018 -1.8820388074218499 -0.64604538509864717 -0.032041084468602321
ur,tetrapga,18.276997897,0.439375129,0.283517335,0.041681949,39.561927,47.104915,4.945240875,1,0,0,2.5464027,0.050684384,1.2,0,0,0,0 0 0.050000000000000003,0 0 0.050000000000000003,0 0 0.050000000000000003,wrist_3_link,-1,0,0 0 0,0 0 0,,0.033998652390988995 -1.5260626601656213 0.090355479836130348 -1.5100043515643762 0.0053246503031743426 0.080834864364022305,0.10081209582823274 0.04348216895179248 -0.010645642524411017 -0.055290778859343644 -0.052654933058213962 -0.0014802685763365166,0.33888882071052351 -1.2978456850804088 0.1135420140596069 -1.6580780811950422 -0.15399697087056155 0.093589391453908044,0.080963714508799689 -0.089307611924903677 -0.20204478331839848 -0.14947405417426429 -0.015886523162622346 -0.12597508344265443,0.052839259979556297 -1.5194465745280408 0.086792034305404844 -1.5203173774958951 -0.0039561707130335048 0.08019603519164234,0.96518365698999475 0.3960366979383711 -0.15569719762978279 -0.53801291620900571 -0.47612221295985552 -0.046285499365853626,2.644727444261763 49.700137381002754 18.438053330399995 0.66983637118151718 -0.098547171894384361 -0.0045397990502235325,7.4794868764802231 -6.7868007923098048 -6.2522923841746092 -1.7734641573224508 -0.59050713633636875 -0.051662379527357416
ur,tetrapga,18.324227331,0.436529266,0.287502861,0.042360472,39.502129,47.231432,4.937766125,1,0,0,2.491713588,0.073506121,1.2,0,0,0,0 0 0.050000000000000003,0 0 0.050000000000000003,0 0 0.050000000000000003,wrist_3_link,-1,0,0 0 0,0 0 0,,0.038031325225248706 -1.5241810895930485 0.0900642838044379 -1.5121239461231919 0.0033016352109215244 0.080771629195511688,0.10345557942978216 0.04594353675983022 -0.01155575883581474 -0.057558418579259599 -0.053466768755093284 -0.0029026352560174765,0.34254368010894815 -1.3022046250647783 0.10396392686454617 -1.6650359077172501 -0.15460468917140949 0.087612632277698055,0.07379247531525944 -0.095257563355017116 -0.20350699835646882 -0.14513206648784965 -0.0098513050481867735 -0.1270940759221276,0.056789351723490561 -1.5174512496006267 0.086241701613677738 -1.5226473961968252 -0.0058953834916106876 0.079843786920339332,0.95650945375601082 0.39736922540236785 -0.17104938740982772 -0.54729708442061686 -0.46920804874070488 -0.062018350172269567,3.1708580628223988 44.45802373626816 15.980348761359444 0.48564596423697171 -0.061842757242581758 -0.0050525411081755612,6.5751687654446869 -7.0638030079862801 -6.354070783024838 -1.6450835215637198 -0.49107952957245837 -0.078990202240049712
ur,tetrapga,18.371575328,0.433319598,0.29209969,0.039789676,39.555851,47.231875,4.944481375,1,0,0,2.437063934,0.095907793,1.2,0,0,0,0 0 0.050000000000000003,0 0 0.050000000000000003,0 0 0.050000000000000003,wrist_3_link,-1,0,0 0 0,0 0 0,,0.04220087351815132 -1.5221781132056427 0.089719658336459757 -1.5143672555255214 0.0012181877854567551 0.080647447979479883,0.10575765277650943 0.048506471101920169 -0.012271433166880962 -0.058721954547769128 -0.053042644562030415 -0.0045595440188583164,0.34586578569981397 -1.3068535913703623 0.094299101107598204 -1.6718006743625413 -0.15492834382472953 0.081571463486068779,0.066521835908102261 -0.10109489639668888 -0.20469257641335892 -0.14058242780119903 -0.003824881477410301 -0.12806172495543355,0.060714523379797852 -1.5154563096207037 0.085613749676743803 -1.525026173942208 -0.0078074701786953939 0.079419197886376774,0.94653643742263849 0.39708200377238911 -0.18718014844258629 -0.55610163977423632 -0.46130996132933078 -0.07818804446764549,3.6950068581740094 39.173799610506293 13.512096729640396 0.30114126228575522 -0.025148454097529666 -0.0055598386286670248,1.9069554842536434 -8.9207206541477717 -5.9684513981993632 -0.47167731122408441 0.15753647286389505 -0.010272196568735126
ur,tetrapga,18.418932891,0.430264788,0.29476509,0.046521656,39.5296,47.032785,4.9412,1,0,0,2.383665375,0.111916572,1.2,0,0,0,0 0 0.050000000000000003,0 0 0.050000000000000003,0 0 0.050000000000000003,wrist_3_link,-1,0,0 0 0,0 0 0,,0.04610124349655538 -1.520214818922065 0.089376843513051835 -1.5165137942435172 -0.0007229200260028643 0.080473922997635935,0.10257242449938148 0.049018878788886305 -0.013415037612184318 -0.059943595883751352 -0.052531577421956327 -0.0062458152329799054,0.34884244608967047 -1.3117767971758805 0.084582838545660011 -1.6783468136414099 -0.15496741370968675 0.075486916083942771,0.059176750142710267 -0.10679833810704184 -0.205596658428671 -0.13584260939109438 0.0021682625566411722 -0.12887436149375903,0.064544354663355535 -1.5134840114981869 0.084922415910984206 -1.5274134430097286 -0.0096569941415042548 0.078925748437215879,0.93539393414657113 0.39524069495111647 -0.20401340965875558 -0.56442051824148465 -0.45258270489928781 -0.09464134621510048,4.2718582085922687 33.910575100318773 11.06931712953819 0.117444538786731 0.01190326891900681 -0.0060516078344422849,6.2182141007203597 -8.2342765013409007 -6.9782483509720237 -1.6516938038266744 -0.42682650694465707 -0.12868198721287172
ur,tetrapga,18.466077098,0.426829783,0.297376337,0.048479127,39.581651,47.008817,4.947706375,1,0,0,2.330902136,0.128269458,1.2,0,0,0,0 0 0.050000000000000003,0 0 0.050000000000000003,0 0 0.050000000000000003,wrist_3_link,-1,0,0 0 0,0 0 0,,0.05014964837586907 -1.518132866180699 0.088960259565840458 -1.5188031047459321 -0.0027294934838309626 0.080225996607304687,0.10126409678573778 0.049305349234615096 -0.014878385674781159 -0.060808935926770953 -0.051596037513935752 -0.0080089666877016241,0.35145865489289174 -1.3169427942382215 0.074874442702277513 -1.6846362285664842 -0.15472541501219483 0.069395208315457993,0.051800836364210442 -0.11233483037404093 -0.20621622609381829 -0.13094416759889571 0.008089776512191461 -0.12952854445902728,0.068331380410861037 -1.5115103456386354 0.084162311630045547 -1.5298372830735816 -0.011469186889639276 0.078361043158356611,0.92321283015885802 0.39198496017892692 -0.22119566165974197 -0.57205310855976554 -0.44300851373955008 -0.11122092469246297,4.8148036614711769 28.663880567684483 8.6422954927583593 -0.063389396096768191 0.048188118004723085 -0.0065260771140998597,6.2302980001849733 -8.737936721969163 -7.271869082048056 -1.6869581549635768 -0.41516570433120314 -0.15309615661271891
ur,tetrapga,18.513188174,0.423301949,0.29964472,0.050030295,39.489665,46.921602,4.936208125,1,0,0,2.279498714,0.142469823,1.2,0,0,0,0 0 0.050000000000000003,0 0 0.050000000000000003,0 0 0.050000000000000003,wrist_3_link,-1,0,0 0 0,0 0 0,,0.054148330312076415 -1.5160498377912817 0.088477679489969277 -1.5211255343648815 -0.0046990015181538301 0.079910293610431976,0.099635213348610641 0.049137455678026132 -0.016450843918208766 -0.061447026089866429 -0.050408872248950333 -0.0097846961962866231,0.35372432788910635 -1.3223624472033659 0.065150281064678087 -1.6906864689785905 -0.15420596441339576 0.063280616751021868,0.044375005721492944 -0.11771979000824055 -0.20655567356566618 -0.12587804205967251 0.013952430579099076 -0.13002756723692521,0.072065797788025507 -1.509545269817165 0.083332755438468006 -1.5322908623961782 -0.013237810658031908 0.077725774202677358,0.91002251791011624 0.38749362163385559 -0.23854977881592399 -0.57893958484736197 -0.4326462824107854 -0.12782270322709621,5.3412751580184992 23.441701050120884 6.232485718395564 -0.24216503526236721 0.084033423539227353 -0.0069872266518230756,6.1052112101874059 -9.1605168271380535 -7.5045441952410101 -1.6954577975384382 -0.39194451322284962 -0.17598041397752695
ur,tetrapga,18.560229178,0.419708492,0.301790148,0.051287639,39.520601,46.933084,4.940075125,1,0,0,2.229795914,0.154743719,1.2,0,0,0,0 0 0.050000000000000003,0 0 0.050000000000000003,0 0 0.050000000000000003,wrist_3_link,-1,0,0 0 0,0 0 0,,0.058082990489111586 -1.5139807402600478 0.087925726459096562 -1.5234732696858004 -0.0066227847505357261 0.079526329427281967,0.098172182844051201 0.048865322924830409 -0.018163033647851084 -0.062201916345789268 -0.049295259695939717 -0.011589778801239476,0.35563644810358402 -1.3280235689599562 0.055431187730399338 -1.6964857210593574 -0.15341318771356605 0.057155298678966793,0.036913893643456958 -0.12294285627488057 -0.20661588382541279 -0.12065723833596921 0.019741750593490127 -0.1303713204247966,0.075737280297707876 -1.507598483326777 0.082433718480365098 -1.5347667323615268 -0.014956489373513755 0.077021014931804632,0.89589808596692511 0.38195678163092039 -0.25590998057048181 -0.58503355242713306 -0.4215544253607818 -0.14436227180107961,5.8479501964178624 18.240769916584799 3.8402381045713505 -0.41855138325632329 0.11937461181703921 -0.0074304931594388621,6.0576908567814485 -9.4504842883998208 -7.6931458269857558 -1.7165962200278955 -0.37852807280361489 -0.19979491125411641
ur,tetrapga,18.607272712,0.416049091,0.303983288,0.052458849,39.596835,47.326536,4.949604375,1,0,0,2.182145938,0.16576583,1.2,0,0,0,0 0 0.050000000000000003,0 0 0.050000000000000003,0 0 0.050000000000000003,wrist_3_link,-1,0,0 0 0,0 0 0,,0.06196182041807767 -1.511925910631164 0.087301249135498291 -1.5258505100824795 -0.0085036342727337517 0.079073019097481753,0.096763542188878851 0.048613426551079725 -0.0198731059782589 -0.062963915881205354 -0.048176264019164139 -0.013407535112876028,0.35719674565918674 -1.3339269701263512 0.045715279336957612 -1.7020360305320497 -0.1523497244250849 0.051017112694612031,0.029414759348604345 -0.12800601482246168 -0.20639817991089443 -0.11528274844129119 0.025456895286388285 -0.13056063311929139,0.079340427785117199 -1.5056759396718091 0.081465534604479486 -1.5372600645169137 -0.016621486564320605 0.076247801112515973,0.88087659028878718 0.3755500743773425 -0.27313332976834714 -0.59029849156299985 -0.40977639048745262 -0.16077686671831437,6.336568675756638 13.051118126677428 1.4604481794849073 -0.59302441052143307 0.15429876803651216 -0.0078578115711592511,5.9882437761197593 -9.7265427703796377 -7.8688272782111994 -1.732533672741738 -0.36301693088104159 -0.22327457623225655
ur,tetrapga,18.654678184,0.412340575,0.306248039,0.053651885,39.66936,47.258595,4.95867,1,0,0,2.137240377,0.17661647,1.2,0,0,0,0 0 0.050000000000000003,0 0 0.050000000000000003,0 0 0.050000000000000003,wrist_3_link,-1,0,0 0 0,0 0 0,,0.065785768046290674 -1.509884299687716 0.086604780929957964 -1.5282571338522413 -0.010341071468204774 0.078549948776310455,0.095285070302459737 0.048356285273112261 -0.021541520185432789 -0.063655106698178532 -0.046993306892909051 -0.015223018546100656,0.35841145439294614 -1.3401127796752144 0.035941606976661072 -1.7073697909245023 -0.1510080847596971 0.044826383845387084,0.021828710461689518 -0.13293980550663556 -0.20589870349377901 -0.10972077451228465 0.031130755008864249 -0.13059531184717574,0.082871534084839035 -1.5037807871069975 0.080429248989211971 -1.5397670958054297 -0.018230034725596384 0.07540696492662162,0.86497145256320518 0.36840533989403046 -0.2901371707114081 -0.59472053416475457 -0.39733151977970449 -0.17704665292320321,6.8101978967698971 7.8558822053782311 -0.91577894280286198 -0.76640039067003518 0.18897199992116118 -0.0082730951662810595,5.9017452946013123 -10.027552905631637 -8.0477827365276653 -1.7446672564738037 -0.34528640611255312 -0.24630944243907038
ur,tetrapga,18.702061336,0.408580114,0.308492243,0.054868952,39.513651,46.930877,4.939206375,1,0,0,2.094588969,0.186193855,1.2,0,0,0,0 0 0.050000000000000003,0 0 0.050000000000000003,0 0 0.050000000000000003,wrist_3_link,-1,0,0 0 0,0 0 0,,0.069551550796181139 -1.5078571466793953 0.085837513835260323 -1.5306903273578125 -0.012132552302506957 0.077957254063240403,0.093707669845287681 0.048043345848537908 -0.023178461975328933 -0.064254165373791972 -0.045733452118674647 -0.017027066712004775,0.35926570643815453 -1.3465252788716575 0.026202827391657746 -1.7124342681678506 -0.14940051484560282 0.038640630505506937,0.014225845324814168 -0.13769634344078893 -0.20511994398377431 -0.10402414614489842 0.036706626147082769 -0.13047375244568829,0.08632723162660795 -1.5019150567291666 0.079326631692732547 -1.5422840679910723 -0.019779730432997418 0.074499608026974293,0.84821170668640977 0.3606025479628911 -0.30683545434776371 -0.59827056706526283 -0.38425831004663275 -0.19311615936987647,7.2703520766953753 2.6578843508191259 -3.2853824542141541 -0.93840508509444609 0.22333790071475437 -0.008673290209315369,5.8074210116838572 -10.35104875262914 -8.2303428332278372 -1.7547755030036569 -0.32634414077160301 -0.26894712805835752
ur,tetrapga,18.749098817,0.404771656,0.310642139,0.056071652,39.764951,47.336466,4.970618875,1,0,0,2.053749002,0.193688009,1.2,0,0,0,0 0 0.050000000000000003,0 0 0.050000000000000003,0 0 0.050000000000000003,wrist_3_link,-1,0,0 0 0,0 0 0,,0.073255192637890668 -1.5058476947683945 0.085000148841895967 -1.5331465808805835 -0.013875120763600911 0.077295396776358452,0.09203548219648619 0.047643547951984576 -0.024797658569262412 -0.064759419923317268 -0.044397877626544423 -0.018815833159643358,0.359757109787672 -1.3531097246222219 0.016578072965467792 -1.7171918054912629 -0.14754576359906479 0.03250933239955333,0.006667129134123896 -0.14223942227911171 -0.20407230009223032 -0.09824274675518771 0.042138058999565638 -0.13019914471016955,0.089704399307300231 -1.5000806586409634 0.078159915691265583 -1.5448070341960507 -0.021268474609540795 0.073527277063785895,0.83064723102325233 0.35219471797425339 -0.32313693771695029 -0.60091729349644962 -0.3706121035142701 -0.20890978749636996,7.7167752466727713 -2.5272815755494671 -5.6398359340116633 -1.108365408919963 0.25726051470398387 -0.0090553049425178937,5.7066882658431268 -10.681683977628381 -8.4107477801637174 -1.763124914112268 -0.30661966841907429 -0.29128445549130788
ur,tetrapga,18.79651108,0.400952047,0.312757199,0.05722461,39.559351,47.012217,4.944918875,1,0,0,2.015958611,0.200977299,1.2,0,0,0,0 0 0.050000000000000003,0 0 0.050000000000000003,0 0 0.050000000000000003,wrist_3_link,-1,0,0 0 0,0 0 0,,0.07689293289533454 -1.5038599471761656 0.08409308101919849 -1.5356223245355902 -0.015565891239296878 0.076564985144652861,0.090275202609441163 0.047151453823195619 -0.026399570470227875 -0.065169995003838591 -0.042990963211482595 -0.020584422989652133,0.35989253122477227 -1.3599585171674895 0.0069330020223897868 -1.7217092271815997 -0.14542035083618315 0.026345908850664936,-0.00095429150661651677 -0.14663287683931359 -0.2027417213105018 -0.092297586404327087 0.047498759767953411 -0.12976788283173438,0.092999885796771209 -1.498279638892946 0.076931080312118164 -1.5473321649418061 -0.022694045971526425 0.072491246956472202,0.8122941759622756 0.34323024889447323 -0.33901585885799707 -0.60266355436232932 -0.35640217252660655 -0.22443215495097887,8.1487258782350764 -7.7081783156811081 -7.9856092725326953 -1.2768843222832316 0.29086122115760743 -0.0094243183314275704,5.5987472852093561 -11.007664145195122 -8.5836914665106292 -1.7693692137045218 -0.28631858508823882 -0.31322532909621259
ur,tetrapga,18.843617492,0.397115071,0.31476905,0.058311048,39.617641,47.164593,4.952205125,1,0,0,1.980086376,0.206127134,1.2,0,0,0,0 0 0.050000000000000003,0 0 0.050000000000000003,0 0 0.050000000000000003,wrist_3_link,-1,0,0 0 0,0 0 0,,0.080461230352565888 -1.5018977191480225 0.083116933374427077 -1.5381139332302176 -0.017202159453640502 0.075766825396475557,0.088431897173706628 0.0465764452238943 -0.027974041090159545 -0.065483099620018942 -0.041518563618283433 -0.022325506602508073,0.35966933537477963 -1.3669649556998074 -0.00258097962065716 -1.7259157852638438 -0.14305979508047331 0.020246101792179918,-0.0085201483866364607 -0.15080794023366503 -0.20114933665684701 -0.086283529387530158 0.0527024190450942 -0.1291867499534865,0.09621082394078119 -1.4965142043394832 0.075642281554228002 -1.5498555449998459 -0.024054539208582821 0.071393174480419777,0.79320030760141225 0.33374434432687461 -0.35440778592981659 -0.6034923003792414 -0.34168313880404305 -0.23962090845224393,8.5664364188971938 -12.868689113348271 -10.313109481989823 -1.4431677715160327 0.32397581001002873 -0.0097751780484162595,5.483463873998403 -11.324492788839052 -8.7466571551332208 -1.7732527864909571 -0.26558609723298332 -0.33460881652129615
ur,tetrapga,18.890890846,0.3932892,0.316727399,0.059335031,39.516424,47.058544,4.939553,1,0,0,1.946979149,0.210340644,1.2,0,0,0,0 0 0.050000000000000003,0 0 0.050000000000000003,0 0 0.050000000000000003,wrist_3_link,-1,0,0 0 0,0 0 0,,0.083956712255786201 -1.4999642708084837 0.082072848505475041 -1.5406176704978307 -0.018781439656631302 0.074901988401866362,0.086507850690695359 0.045931948246738255 -0.029511236242818307 -0.065697619386762676 -0.039983468593118555 -0.024036897644735326,0.35908737765850635 -1.3741893474481448 -0.012046929424710827 -1.72985010129477 -0.14044751633575428 0.014155787900883102,-0.016097519619859248 -0.15480230332785574 -0.19928338512479687 -0.080150654062409801 0.057792895183674364 -0.12845171119683968,0.099334397619421227 -1.4947865303233576 0.074295643720943161 -1.552373319482848 -0.025348068223715495 0.07023463466312066,0.77338774271266253 0.32377384205164728 -0.36928497113436876 -0.60340542766608862 -0.32647551075611281 -0.25446792922928219,8.9690505963989295 -18.010510008621708 -12.624690066930796 -1.6074603964177943 0.3566537754122579 -0.010110878024589048,5.3607157325222943 -11.632611635603098 -8.9002546661964175 -1.7748967243478546 -0.24435096013665003 -0.35555363504539628
ur,tetrapga,18.938051746,0.389652068,0.319188501,0.060121678,39.642377,47.450853,4.955297125,1,0,0,1.91656426,0.21123661,1.2,0,0,0,0 0 0.050000000000000003,0 0 0.050000000000000003,0 0 0.050000000000000003,wrist_3_link,-1,0,0 0 0,0 0 0,,0.087261334997640674 -1.4981308555020243 0.080997006425219911 -1.543046279151487 -0.020250459169126104 0.074002467997018442,0.085683178627675202 0.045787561006437417 -0.031420909600215624 -0.066667036740846286 -0.038904973679458409 -0.026026806603619258,0.35815040781826374 -1.3815800078924123 -0.021396220989388554 -1.7334840712604733 -0.13760493673223043 0.0081181371931106777,-0.023632761053618768 -0.1585872480797979 -0.19715782958857123 -0.073945106226745758 0.062731238012058363 -0.12756815504474311,0.10234020941754753 -1.4931152440260687 0.072901989340026299 -1.5548612425629169 -0.026560515996101302 0.069024912080348833,0.75300974317614666 0.31342096452172896 -0.38362442248875628 -0.60246045464937503 -0.31085628591367415 -0.26896014182591171,9.3458510539039654 -23.129112309829203 -14.914498454422777 -1.7686967088647876 0.38864168067595706 -0.010419550209783137,5.2171978924315567 -11.874040840585621 -9.0182516821919307 -1.7670059279807901 -0.22158830447691713 -0.37494704177518656
ur,tetrapga,18.985612193,0.385827578,0.320929712,0.061204422,39.622038,47.067632,4.95275475,1,0,0,1.889151546,0.214026622,1.2,0,0,0,0 0 0.050000000000000003,0 0 0.050000000000000003,0 0 0.050000000000000003,wrist_3_link,-1,0,0 0 0,0 0 0,,0.090643930911959519 -1.4962394065230682 0.079808268804795773 -1.5455939129735659 -0.021727626807397205 0.072996520851417626,0.083160238121002344 0.044919777874614826 -0.03265445638951367 -0.066359674120606407 -0.037068130018267254 -0.027550700312016341,0.35684635724602992 -1.3892091718834749 -0.030716940455826139 -1.7368505503588656 -0.13450593749348716 0.0020751107442721589,-0.031198526218160053 -0.16219746624409767 -0.19475100921390096 -0.067609057080332782 0.067561275396869847 -0.12652662914664287,0.10527094512008041 -1.4914753628283706 0.071449488510334211 -1.5573489365330899 -0.027710474155771464 0.067753201475875893,0.73185071222602505 0.30261523938894885 -0.39738386725968378 -0.60056584040314509 -0.29477258066292028 -0.28307662012636092,9.7214116119385139 -28.228367282782756 -17.193564758342845 -1.9292117874318078 0.4204836544172057 -0.010727997343343643,5.0916027746168311 -12.228888008822651 -9.1806632519260347 -1.7682239817959271 -0.19971661490667003 -0.39513217912161736
ur,tetrapga,19.032784592,0.382069056,0.322396903,0.062110044,39.834157,47.545224,4.979269625,1,0,0,1.863396749,0.21366513,1.2,0,0,0,0 0 0.050000000000000003,0 0 0.050000000000000003,0 0 0.050000000000000003,wrist_3_link,-1,0,0 0 0,0 0 0,,0.093927357249833671 -1.4943902671965086 0.078563848456620469 -1.548129854806249 -0.023133801516076705 0.071932317804074844,0.080505160272194703 0.043882326398428373 -0.033841525361767148 -0.065878129126075768 -0.035131545905638717 -0.029006740720697304,0.35519846239913233 -1.3969407612270823 -0.039842444665662224 -1.7398902704253461 -0.13120899186521653 -0.0038661819249657873,-0.038660704155577819 -0.1655688459331397 -0.19210685882372577 -0.061257758723526262 0.07219481235063524 -0.12534601443008708,0.10811531484669827 -1.489873101773914 0.069943783822248307 -1.5598261103337796 -0.028792702471619566 0.066423876827955003,0.71003340275932247 0.29137340646342308 -0.41053688318030213 -0.59774309622551369 -0.27829959141172189 -0.29676299878007401,10.085202209598723 -33.285364494568185 -19.444677159850997 -2.0869761729614664 0.45174593777121153 -0.011018860318107764,4.9075290360148642 -12.583377270671917 -9.3165066641287524 -1.7545916541885163 -0.17346201311657694 -0.41167079905980586
ur,tetrapga,19.080442313,0.378419078,0.323891025,0.062945603,39.555418,47.007107,4.94442725,1,0,0,1.841267014,0.212594247,1.2,0,0,0,0 0 0.050000000000000003,0 0 0.050000000000000003,0 0 0.050000000000000003,wrist_3_link,-1,0,0 0 0,0 0 0,,0.097106188878249261 -1.4925899139917242 0.077265336703364634 -1.5506485079550467 -0.024465881801307713 0.070812102600482346,0.078098309186160106 0.042858276766116518 -0.035145195808045558 -0.065565877207240289 -0.033306044786856739 -0.030518854231701913,0.35317733515820893 -1.4049082849234802 -0.048929091023947144 -1.7426556203852579 -0.12766009820883906 -0.0098085379932555759,-0.046148436283804065 -0.16875912955952144 -0.18918023732625025 -0.054784014224238439 0.076709164285256537 -0.12400589461580627,0.11086375681312535 -1.4883145378087883 0.068389405807933262 -1.5622838300504733 -0.029802527718937336 0.065040535411336503,0.68759048180757487 0.27972088731129308 -0.42309581596035517 -0.59401508930379066 -0.26144132581715235 -0.31004975686910252,10.429443120427386 -38.309494526591834 -21.673171632688149 -2.2420682333088493 0.48242482675166465 -0.011291516994583787,4.7914419421741741 -12.848401882331018 -9.4418404520803847 -1.756461810966357 -0.15368274592351128 -0.43252286316368327
ur,tetrapga,19.127554644,0.374846398,0.325332834,0.063652053,34.237999,41.770541,4.279749875,1,0,0,1.865506396,0.20827832,1.2,0,0,0,0 0 0.050000000000000003,0 0 0.050000000000000003,0 0 0.050000000000000003,wrist_3_link,-1,0,0 0 0,0 0 0,,0.10019130358365869 -1.4908356137511698 0.075909121200943799 -1.5531559891594897 -0.025727920728461053 0.069633815318289272,0.075790726470132144 0.041874790535195591 -0.036441904503156979 -0.065266382960898608 -0.031504290258350158 -0.032028184909282935,0.35082995923192623 -1.4129289567657948 -0.057768792095946354 -1.745084948832428 -0.12394440060218669 -0.015616712964951424,-0.053491192237884615 -0.17169604852117315 -0.18603982376197778 -0.048338454680890958 0.080999449607720056 -0.12253758293686504,0.11054134513356292 -1.487449903087104 0.068655532208586334 -1.5624045090241248 -0.029599265366887305 0.064646250751997036,0.62672691382859003 0.26564659319808803 -0.4367164510409407 -0.58557497795750224 -0.22925516420709485 -0.33636560226186746,17.104862971697443 -47.79763716843231 -30.382261361054738 -3.45194612162445 0.74981207446681042 -0.022285187657643455,4.6508053077213845 -13.098023988771274 -9.5478079089089078 -1.7509497552819084 -0.13224811131851055 -0.4515679909254402
ur,tetrapga,19.169395912,0.371695311,0.318153852,0.053620825,34.075532,41.504032,4.2594415,1,0,0,1.812473431,0.186242008,1.2,0,0,0,0 0 0.050000000000000003,0 0 0.050000000000000003,0 0 0.050000000000000003,wrist_3_link,-1,0,0 0 0,0 0 0,,0.10290176268727001 -1.4892845801151822 0.074640138785812077 -1.5553972242088163 -0.026803511684747962 0.068528542945560544,0.05240708519845997 0.031315461711084659 -0.023929818526211399 -0.043260877158873688 -0.020809326241183521 -0.02137020300347035,0.34845637423489279 -1.4201642722808701 -0.065491016133780555 -1.7469871934546612 -0.12047819627328246 -0.020714477434998893,-0.059956086341512692 -0.1741208809288094 -0.18304883940306138 -0.042584258843226579 0.084660183643600409 -0.12111568902704033,0.11144757560378618 -1.4863293769795796 0.06804772865470618 -1.563526553352435 -0.029839538291707046 0.063752475435319297,0.59075273513732585 0.25473308098979319 -0.45001337484133597 -0.57821086727785509 -0.2047687313904675 -0.35436518951237911,18.442586982932227 -55.617086302534361 -34.269247975029884 -3.7843421526970986 0.82061042241903692 -0.023534569748104812,-0.13218532750755685 -16.70030982685239 -8.0431236882224084 -0.35304073752922704 0.18443247169955157 0.066024397497443488
ur,tetrapga,19.211003989,0.368666356,0.320170143,0.053001174,34.216333,41.744218,4.277041625,1,0,0,1.750135817,0.126962786,1.2,0,0,0,0 0 0.050000000000000003,0 0 0.050000000000000003,0 0 0.050000000000000003,wrist_3_link,-1,0,0 0 0,0 0 0,,0.10550071454197377 -1.4878005258576927 0.073331049157591144 -1.5576175113720037 -0.027813029019329444 0.06737861216449717,0.053970261862969014 0.032006099716628093 -0.026644095744881569 -0.04571682262277553 -0.02079702312524416 -0.02374019396408808,0.34582897786829025 -1.4274562679170399 -0.073042243182105393 -1.7486396362527381 -0.11688241341258185 -0.025722571509964702,-0.066326293431925643 -0.1763587896273118 -0.17989013199424181 -0.036841933477708644 0.088156035739763716 -0.11959347757081783,0.11297743949264402 -1.4851066438158107 0.067009999096885986 -1.5651367535910494 -0.030301629794409191 0.06262140403067637,0.56291182456699518 0.24478845199627192 -0.45992374681440684 -0.57059017889532204 -0.18441827664848393 -0.36801748455099059,18.690417920435326 -61.980905460999949 -37.095522695347462 -3.9721360333820184 0.85766142545199742 -0.023746850510488807,-0.16346186376296146 -16.672968135726478 -7.9501760696570045 -0.3240670348304775 0.18133209031331887 0.073347045598723071
ur,tetrapga,19.252861643,0.367034103,0.31624323,0.050889325,34.098944,41.664274,4.262368,1,0,0,1.714512813,0.053661352,1.2,0,0,0,0 0 0.050000000000000003,0 0 0.050000000000000003,0 0 0.050000000000000003,wrist_3_link,-1,0,0 0 0,0 0 0,,0.10718082825335108 -1.48661006333769 0.072476200408949906 -1.5591507219955185 -0.028425582050700761 0.066480755140099754,0.033980200088568349 0.027152284570398779 -0.016266943401815531 -0.031410191880550831 -0.012492630930590186 -0.018627079843036774,0.34291971447887226 -1.4348822785806967 -0.080502347079545886 -1.7500606130286807 -0.11312141179082696 -0.030694553829982679,-0.072669856425654239 -0.17843367601995222 -0.17653100528294519 -0.031052181280218139 0.091522890879043584 -0.11795498254302118,0.11437749345981943 -1.4839635494285437 0.066003944934262343 -1.5666501336988286 -0.030695766925254907 0.061513120518829179,0.53729495940097749 0.23685051934737106 -0.46739436266023615 -0.56329950083885572 -0.16652012998104943 -0.37974489001836481,19.318488487865729 -67.705435806168055 -39.90526445798475 -4.1970791557896598 0.90354099749120897 -0.024569696979124138,-0.18560669572508459 -15.89549560874184 -7.633398792876136 -0.38734514988937008 0.15118825900859889 0.057556154866603038
ur,tetrapga,19.294627833,0.365795528,0.316977177,0.052072055,34.188812,41.59412,4.2736015,1,0,0,1.702209453,0.004421464,1.2,0,0,0,0 0 0.050000000000000003,0 0 0.050000000000000003,0 0 0.050000000000000003,wrist_3_link,-1,0,0 0 0,0 0 0,,0.10857466738219276 -1.4854165182877024 0.071735041753233489 -1.5605298485025347 -0.028908182034348234 0.065592830166333771,0.028937004797820978 0.027505085175041084 -0.014430932575886207 -0.028765654675870583 -0.010042802416166454 -0.018686365014719028,0.33975360661999182 -1.4423749103752435 -0.087802287576614638 -1.7512367896513241 -0.10923137100351438 -0.035585106415803501,-0.078928957592847529 -0.18032585974891865 -0.17300205991966128 -0.025269441660703773 0.094728091269168008 -0.11621480805023995,0.11559116684549028 -1.4828500017300876 0.065078306973600286 -1.5680391593467897 -0.031001031894022708 0.060430098913060774,0.51438581334795885 0.23000401596851516 -0.47389830713016756 -0.55614604336956708 -0.14988218066293182 -0.39035956064743677,19.613348055201111 -73.235213050217382 -42.462885098249494 -4.3779649353942416 0.93950753224224748 -0.024962310940065655,-0.10934345577697968 -16.386395695074498 -7.8108081932639379 -0.41359051862036722 0.14575299158246935 0.057715791612508838
ur,tetrapga,19.336331426,0.364410955,0.318429202,0.053756099,34.063273,41.521445,4.257909125,1,0,0,1.7034639,0.021310886,1.2,0,0,0,0 0 0.050000000000000003,0 0 0.050000000000000003,0 0 0.050000000000000003,wrist_3_link,-1,0,0 0 0,0 0 0,,0.11005098665880213 -1.4841009575480686 0.070901412969176209 -1.5620353050945068 -0.029400548549211428 0.064588538361575215,0.029308617188990298 0.028106153127632993 -0.01578260606546843 -0.029792075681912493 -0.0097490611835409201 -0.019973534077097881,0.33633297942819779 -1.4499314318715775 -0.09494062124908291 -1.7521702331887137 -0.1052168729680108 -0.040393657394557518,-0.085102632316432128 -0.18203604964153933 -0.16930628111593274 -0.019497066468539569 0.097770556647413978 -0.11437429104711465,0.1167615760857523 -1.4816931706728296 0.064151901778964057 -1.5694257625314645 -0.031270914686342868 0.059308612889959637,0.49256242644503689 0.2227886201007708 -0.47974478530131787 -0.54856630140779572 -0.1337655616452732 -0.40008822555560375,19.712761056967967 -78.509133900917988 -44.843501397800239 -4.5344999797618275 0.96987571804900741 -0.025184227030738159,-0.031968291195482834 -17.101015364161867 -8.063414874261241 -0.42168995361771522 0.14771419032830124 0.061668529609377742
ur,tetrapga,19.377957896,0.363156416,0.319117514,0.054366063,28.605494,36.147128,3.57568675,1,0,0,1.71829742,0.036371615,1.2,0,0,0,0 0 0.050000000000000003,0 0 0.050000000000000003,0 0 0.050000000000000003,wrist_3_link,-1,0,0 0 0,0 0 0,,0.11146177716375094 -1.4828425612009768 0.070044728615240873 -1.5635052951916837 -0.029847654047459048 0.063574241828049313,0.029141669713255273 0.02766130754981079 -0.017033957521670622 -0.030227652062539474 -0.0092130638540604184 -0.020927797377584864,0.33266360246339793 -1.4575413598871281 -0.10190856161569546 -1.7528620504389916 -0.10108661470104512 -0.045114671302853376,-0.091183535950440459 -0.18356316114062199 -0.16545043091463899 -0.01374432317168307 0.10064611436429657 -0.11243663537369136,0.12091264399076058 -1.4801131157188236 0.060079896736141294 -1.573824566962152 -0.032322987611004009 0.056116985973641453,0.51888350675779549 0.19750686682848967 -0.50900065348172918 -0.54985057878257981 -0.13150912229834044 -0.39895337912051254,10.071996971483161 -77.660907986668093 -34.230714712660301 -2.6202034037315984 0.53900098805848862 -0.0023263122843332484,-0.002991738806599642 -17.435326857082146 -8.1549095168347492 -0.42156417633123056 0.14652362986480227 0.06460527165434371
ur,tetrapga,19.414202757,0.362158305,0.319940046,0.053707129,34.057308,41.491974,4.2571635,1,0,0,1.717355185,0.023562036,1.2,0,0,0,0 0 0.050000000000000003,0 0 0.050000000000000003,0 0 0.050000000000000003,wrist_3_link,-1,0,0 0 0,0 0 0,,0.11263903268461714 -1.4817859058596208 0.069273108155451818 -1.5647673833002178 -0.030197457700953355 0.062668089814728378,0.029573659732461541 0.02800604482321252 -0.018848009091895344 -0.031552021390374968 -0.0087486827212411907 -0.022723688575782486,0.32926378728828459 -1.46421642363487 -0.1078424184366726 -1.7532696260532834 -0.097395384694702186 -0.049158116792573481,-0.096407807016448577 -0.18474551070914028 -0.16196099434724845 -0.0087482362800635691 0.10301581094761034 -0.11066934086717146,0.1204950137131407 -1.4793778020397259 0.060736479734422491 -1.5735826800579442 -0.032143355734520124 0.056094969191388191,0.4648969312473602 0.19646359247591116 -0.49250285048620041 -0.53583812831826594 -0.11039163817552869 -0.4121960951399597,18.642264957073863 -83.35834877406775 -46.746591647247264 -4.6023797084486944 0.97628681777772297 -0.025163951604542618,-0.034441917469166583 -17.327961865831639 -8.0560693844859941 -0.40193090154389211 0.14264974692719079 0.070154859952140214
ur,tetrapga,19.455795707,0.361160356,0.320499111,0.053114483,28.611273,36.036587,3.576409125,1,0,0,1.749676024,0.050861259,1.2,0,0,0,0 0 0.050000000000000003,0 0 0.050000000000000003,0 0 0.050000000000000003,wrist_3_link,-1,0,0 0 0,0 0 0,,0.11392026193902452 -1.480603369089428 0.068389007544874286 -1.5661752056711007 -0.030555965921624594 0.061622942711266414,0.02851649095023449 0.027557078139445149 -0.019517438730554549 -0.031366982066161835 -0.0078376252148765757 -0.023498821182300646,0.3251306802673718 -1.4719258485742714 -0.11449305625313717 -1.7535146108971331 -0.093056776896576238 -0.053717463571716959,-0.1023172769456876 -0.18593241029645002 -0.15780958995274519 -0.0030362085457007063 0.10557825739598202 -0.1085513304491913,0.12439542879969694 -1.4780281448387005 0.056549932729810876 -1.5778801796634154 -0.033008699490889276 0.052807229078579404,0.48755190292709039 0.16870714626381128 -0.52331839938231051 -0.53718747543024148 -0.10816797478563456 -0.41096752894665906,10.349177244441064 -81.828280376905852 -35.983989763818073 -2.7387818236289423 0.5609759366906355 -0.0024949308870397787,-0.058138188521297707 -17.235670902360653 -7.9671723952090474 -0.39225071442342596 0.13759248945311953 0.07255130291908074
ur,tetrapga,19.491929731,0.358635793,0.328658623,0.058751234,34.230337,41.58417,4.278792125,1,0,0,1.739969785,0.007797607,1.2,0,0,0,0 0 0.050000000000000003,0 0 0.050000000000000003,0 0 0.050000000000000003,wrist_3_link,-1,0,0 0 0,0 0 0,,0.11591231217322567 -1.4791808596741254 0.066745492152542357 -1.5683685353875876 -0.031095201931409733 0.060008220448461352,0.049744573788500501 0.033602712334827207 -0.041964930768517129 -0.053698386119974524 -0.013079962618791871 -0.039509883946665748,0.32134198054963314 -1.4786607049208242 -0.12012829616933282 -1.7535350212076639 -0.089203701431547502 -0.057605448373296578,-0.10737289941871631 -0.18681550888394508 -0.15407922153991038 0.0019024023696738279 0.10766587503026927 -0.10663498219757839,0.12359420584878009 -1.4772226292020636 0.057626486829143821 -1.5772771069698064 -0.032721422730693811 0.053013056587916246,0.430041931464546 0.17273412886529604 -0.50265321759051551 -0.51909369688419194 -0.083684005956125851 -0.42433353198917562,17.824215891144533 -89.663478828973254 -49.070500058908586 -4.6751164012702011 0.98642116512217726 -0.024299662988362464,0.12231734753811452 -19.387907268405797 -8.6697291422781007 -0.29726290392227384 0.16163187729749495 0.12193384231323989
ur,tetrapga,19.533626166,0.357231734,0.320218903,0.050439531,28.741553,36.130524,3.592694125,1,0,0,1.783426772,0.048025944,1.2,0,0,0,0 0 0.050000000000000003,0 0 0.050000000000000003,0 0 0.050000000000000003,wrist_3_link,-1,0,0 0 0,0 0 0,,0.11744713955306839 -1.4780743709578659 0.065450625429097159 -1.5700576446729615 -0.031467335545932083 0.058713647231283035,0.030849317498548506 0.024093340355745136 -0.025471437738189787 -0.034284477370142535 -0.0073967540571160022 -0.026589189693934621,0.3167449079047775 -1.4864685524297294 -0.12646072893326524 -1.7533374543845881 -0.084666977919961237 -0.062004166957101661,-0.11311167433979488 -0.18766291485464323 -0.14963624879834891 0.007567459115423435 0.10991210264054486 -0.10433759336703995,0.12718824895306641 -1.4760895195129213 0.053347245165384506 -1.5814407669499335 -0.033374526318703579 0.049628684109274027,0.44925540831371824 0.14163870345117247 -0.53490524088003377 -0.52045752986530336 -0.08163795348881081 -0.42304658015623625,10.830561237811413 -87.287546029803067 -38.272642684946945 -2.8981505574340929 0.59128538873993497 -0.0026946915107513621,-0.1778745255207923 -16.645045290364578 -7.5554091930105756 -0.33165146101237042 0.12728902492099792 0.082118234058128792
ur,tetrapga,19.569881096,0.35473278,0.329765463,0.05800585,28.603101,36.143031,3.575387625,1,0,0,1.841146267,0.002643031,1.2,0,0,0,0 0 0.050000000000000003,0 0 0.050000000000000003,0 0 0.050000000000000003,wrist_3_link,-1,0,0 0 0,0 0 0,,0.1194347266355654 -1.4767879650092017 0.063615189142209663 -1.572307619745158 -0.031940512062022794 0.056979047761000545,0.049474770713612483 0.029934417920828429 -0.046730341713658349 -0.054975834415854609 -0.011426102395595975 -0.042358867940438784,0.31255492038731314 -1.4932833203184976 -0.13181396171425624 -1.7529743290010427 -0.080648917698709244 -0.065749585949439748,-0.11801487482553644 -0.18824990013380755 -0.14565664236650558 0.012458516227317983 0.1117213770262533 -0.10226693585794078,0.12203123708071432 -1.4752403218857564 0.05986563833480376 -1.5761316206871188 -0.032180010747631667 0.053387955327061747,0.32456380564361653 0.1934553904306566 -0.46869385092573773 -0.47800011774510964 -0.029937335701109027 -0.4488865542423498,25.550757489884059 -111.15539020157608 -68.771050269797996 -7.0511049149772793 1.5035396189553849 -0.046283024167854007,0.067895373265514536 -19.141930586786657 -8.4085603899897023 -0.25847117800185515 0.15008167577622089 0.13073649443616375
ur,tetrapga,19.606122988,0.353694878,0.320333572,0.046822988,28.6694,36.095459,3.583675,1,0,0,1.825022456,0.042419488,1.2,0,0,0,0 0 0.050000000000000003,0 0 0.050000000000000003,0 0 0.050000000000000003,wrist_3_link,-1,0,0 0 0,0 0 0,,0.12068931731717782 -1.4759632508469367 0.062414082094403328 -1.5737376133677832 -0.0321933491178533 0.055821033405619155,0.02980090173018549 0.021971665146403419 -0.028014052081195468 -0.034601541033596812 -0.0058332922120389709 -0.028511449549361724,0.30819028372008095 -1.5001143790958678 -0.13701916327464495 -1.7524347635839455 -0.076569193233059343 -0.069417422465466172,-0.12283225801317132 -0.18869715822627089 -0.1415740513409377 0.017310702778474747 0.1133945155523973 -0.10013084627337661,0.12486303457824793 -1.4739702700142077 0.055667727584778455 -1.5799900463983623 -0.032397794701003783 0.049808722984980278,0.3539746871917005 0.1587564839435894 -0.52473884375316315 -0.48230321390544073 -0.027222994171514185 -0.44740404276018325,14.443431890390048 -110.74849241265349 -49.242459747267034 -3.7704323827830484 0.77204023579883507 -0.0039779002609725191,-0.35514121785206498 -15.451586051813138 -6.9047715692159102 -0.26989382530973671 0.11011698260993796 0.088092077339055663
ur,tetrapga,19.642307617,0.35173646,0.332499637,0.058501131,28.723523,36.268656,3.590440375,1,0,0,1.837002044,0.045842144,1.2,0,0,0,0 0 0.050000000000000003,0 0 0.050000000000000003,0 0 0.050000000000000003,wrist_3_link,-1,0,0 0 0,0 0 0,,0.12239520094043728 -1.4748149385897211 0.060690211975452213 -1.5757714979289941 -0.03253098080081511 0.0541516122942277,0.047762928367242441 0.029934329804780221 -0.049717926683977898 -0.056005508286765468 -0.0091285699281102878 -0.045923835780125759,0.30365993264860175 -1.5069482950822513 -0.14206670122313489 -1.7517213538948888 -0.072437890563602489 -0.073001062312446935,-0.12755493280095048 -0.18900445508194916 -0.13739750573881701 0.02211363676910259 0.11492832538722773 -0.097933852528385726,0.12776058123535111 -1.4730788467052343 0.051297151193095365 -1.5838431464520879 -0.032610146043473655 0.04623935970345984,0.36219333213789756 0.1114279136216676 -0.5463220489603865 -0.48163750671569988 -0.026543917808734267 -0.4461704101900546,12.458879017414862 -103.37348051015742 -44.41012212793747 -3.3145953991625676 0.67007316575572828 -0.0028449367385219556,0.085181298904444702 -19.305373381498612 -8.3383940248664885 -0.23672425858603674 0.13977581201073974 0.14172951709957715
ur,tetrapga,19.678678488,0.352793603,0.31650303,0.032465556,28.812775,36.30544,3.601596875,1,0,0,1.876724359,0.070515903,1.2,0,0,0,0 0 0.050000000000000003,0 0 0.050000000000000003,0 0 0.050000000000000003,wrist_3_link,-1,0,0 0 0,0 0 0,,0.12262485213805084 -1.4743469672623628 0.060484510327677724 -1.5761057682466031 -0.03248535027710521 0.053742385265747671,-0.00402500896899456 0.015036409395966227 0.008268052152859794 0.00073209203333346928 0.0027731872982385388 -0.0035997646039418914,0.29893569501172834 -1.5138260450498866 -0.14698614608295113 -1.7508299651150185 -0.068231914795470541 -0.076521886865923747,-0.13221099568082131 -0.18917312881810336 -0.13310221914303658 0.026894857010633315 0.11633098342745926 -0.095662614901111637,0.13070341319880585 -1.4725455221164376 0.046789945135331336 -1.5876889940129777 -0.032813897010370935 0.04268115942904125,0.36785399543184272 0.066665573599570233 -0.56340075722050376 -0.48073094511121156 -0.025468870862160219 -0.44477503430232346,11.272353518321985 -95.874394371972187 -40.960944016594318 -3.0385362556362554 0.61322416932675328 -0.0025265114435785193,-0.91983649448695814 -10.348182743991856 -4.8698333879433164 -0.33224857341610914 0.052887517077053303 0.01132928947122025
ur,tetrapga,19.71509031,0.353164618,0.326343572,0.054516894,28.590126,36.040991,3.57376575,1,0,0,1.944354513,0.049395709,1.2,0,0,0,0 0 0.050000000000000003,0 0 0.050000000000000003,0 0 0.050000000000000003,wrist_3_link,-1,0,0 0 0,0 0 0,,0.12312976323740436 -1.4732744311832191 0.059923700626639369 -1.5770051877063076 -0.032466106729464157 0.052775888836999262,0.017235724878972361 0.033268449762606518 -0.019839190115213325 -0.028766271354591755 0.00015223694086521935 -0.030127244821824058,0.29403821690807552 -1.5207151233354943 -0.15175292524391101 -1.7497642992649036 -0.063972662154374638 -0.079962806805150943,-0.13677782430435026 -0.18920131741614374 -0.12870839744868173 0.031630292018442821 0.11759430763483107 -0.093327460879807492,0.13368528199522581 -1.4723411396863839 0.042160537920856674 -1.5915268134905909 -0.033009099031319426 0.039134148595756472,0.3727335995524933 0.025547803756718772 -0.57867590180933293 -0.47972743470164769 -0.024400252618561376 -0.44337635416059723,10.231218253457959 -88.768444249743027 -37.800765114983626 -2.7901878038822803 0.56255848598166447 -0.0022902598006315071,0.027570446624281431 -17.990574996718351 -7.9018262008027023 -0.37145875955775409 0.10536240475185821 0.092971845339093306
ur,tetrapga,19.751218358,0.351962504,0.332952369,0.066231071,34.094859,41.500286,4.261857375,1,0,0,1.894681454,0.023590165,1.2,0,0,0,0 0 0.050000000000000003,0 0 0.050000000000000003,0 0 0.050000000000000003,wrist_3_link,-1,0,0 0 0,0 0 0,,0.12433794085990102 -1.4718053501732284 0.058372109772468407 -1.5788463715039249 -0.032521777258191033 0.0509596013226222,0.033203345509548836 0.03553855941943021 -0.044241671664356295 -0.048971471368401749 -0.0015313316879567579 -0.047926709997598321,0.28901629785898686 -1.5275490101754317 -0.15632281500492909 -1.7485375066510831 -0.059703681041829625 -0.083291803425251637,-0.14121256984624281 -0.18909040859344914 -0.12426014958798919 0.036273791457125615 0.11870732442671025 -0.090951694949208364,0.13141653981066415 -1.4714420668106187 0.046054089727694258 -1.5887829268867464 -0.032709474493581414 0.041398515471087069,0.30061604788759277 0.078897264898443051 -0.52652926487103491 -0.44954179868606209 0.0069954563967260935 -0.4560449360127844,16.360363494446393 -107.70014095299948 -56.587011256512881 -5.04887656355735 1.0531335106675925 -0.023907754966029864,0.47677831781004443 -21.8562534536768 -9.3316855387375597 -0.34689182224519755 0.13044886555661606 0.14779857011174613
ur,tetrapga,19.792797109,0.349499568,0.334930857,0.068266744,28.719856,36.286642,3.589982,1,0,0,1.969210448,0.049488426,1.2,0,0,0,0 0 0.050000000000000003,0 0 0.050000000000000003,0 0 0.050000000000000003,wrist_3_link,-1,0,0 0 0,0 0 0,,0.12622206210468065 -1.4703215046535032 0.055759564943248602 -1.5815381104363788 -0.032634395339713559 0.048380103235395919,0.043749216308710169 0.027191986768366455 -0.063133995926841865 -0.060735881842863985 -0.0024476694859985643 -0.057864013064295908,0.28304084122774065 -1.5354055816912244 -0.16138118105278706 -1.7469194327211801 -0.054744325907527133 -0.087015417994886393,-0.14619357101123379 -0.18879200232467044 -0.11903672069709834 0.04154437563484701 0.1198138555396927 -0.088147456242424774,0.13391105373697151 -1.4711308613831835 0.041538101392337497 -1.5923919821247869 -0.032642216682583665 0.037760715227767028,0.31181424078842157 0.038900678429392196 -0.56449854191959559 -0.45113190475506298 0.0084072263747183001 -0.45472503041500489,12.372473014326953 -103.16475273092462 -44.92952710409979 -3.3641697881093089 0.68097995808947132 -0.0033221410232052479,0.51476877450352276 -22.528025462860569 -9.4146459567675436 -0.27222351265754696 0.13251191643590232 0.17846030582219896
ur,tetrapga,19.829180357,0.346529036,0.339390622,0.068095907,34.109113,41.788207,4.263639125,1,0,0,1.936692637,0.043302776,1.2,0,0,0,0 0 0.050000000000000003,0 0 0.050000000000000003,0 0 0.050000000000000003,wrist_3_link,-1,0,0 0 0,0 0 0,,0.12823802252376137 -1.4693181857342947 0.052822514557865144 -1.5843065840790524 -0.032761673579865917 0.045768222293042053,0.053548211764283024 0.018817582566992574 -0.080843482920814669 -0.071702425103173206 -0.0031052655553706864 -0.067358997483431576,0.27764425669532194 -1.5422674019172127 -0.16562763607302841 -1.7453250726346667 -0.050369859391238801 -0.090176955689740101,-0.15044103551714194 -0.18838149018390815 -0.11437931557832352 0.046086972538083422 0.12062808842933169 -0.085634350493974887,0.13307633718735207 -1.4697383228706478 0.043001949291992705 -1.5916972218198768 -0.032398977583047078 0.03807308626936081,0.25022488212320182 0.060775086011412578 -0.52229483538857646 -0.41849233974465794 0.037870943522214401 -0.46142281138046698,15.730089577644502 -115.69109848583108 -59.205819124214599 -5.1169744794912591 1.0615559484231829 -0.02232342303492698,0.4665861993227054 -22.471649166301177 -9.189148358084509 -0.17913608154958638 0.12900373130840137 0.20777683049038842
ur,tetrapga,19.871043079,0.345602895,0.312308165,0.037405749,28.794803,36.367759,3.599350375,1,0,0,2.008966297,0.047756358,1.2,0,0,0,0 0 0.050000000000000003,0 0 0.050000000000000003,0 0 0.050000000000000003,wrist_3_link,-1,0,0 0 0,0 0 0,,0.12951399594047402 -1.4690986160060777 0.050797375980871043 -1.5859788790996046 -0.032770064070383652 0.044130602145486503,0.020712291031327535 0.004305654936748885 -0.032626026895681712 -0.027604289057257796 0.00031595768674023847 -0.027741363630247387,0.27124635806571407 -1.5501407222288666 -0.17030206553973981 -1.7432878120403823 -0.045303502625688719 -0.093700182782494021,-0.15519595617283569 -0.18773743003594712 -0.10892617554116761 0.051227742784215935 0.12138618561390235 -0.08267705480000237,0.13513770020919452 -1.4696084814339798 0.038512077655598123 -1.5950580369583784 -0.03208685018638277 0.034392776906996235,0.25767037773030682 0.016230179583479103 -0.56123395454932234 -0.42010189231271405 0.039015924583038278 -0.46003867029557222,13.085308334470355 -110.08317019142068 -47.809401489781031 -3.5680209262661604 0.72027186427107703 -0.003554539487768937,-0.78048755552697457 -12.343897160060806 -5.1193595144241897 -0.14453161279834603 0.056976961891365363 0.085808780305498544
ur,tetrapga,19.907524401,0.344314981,0.323536007,0.052698358,34.112036,41.556501,4.2640045,1,0,0,1.995136064,0.01280393,1.2,0,0,0,0 0 0.050000000000000003,0 0 0.050000000000000003,0 0 0.050000000000000003,wrist_3_link,-1,0,0 0 0,0 0 0,,0.13081657410913061 -1.4685024453100155 0.048698192537681331 -1.5878745160987124 -0.032747776927842975 0.042209805049701336,0.031236744484638146 0.012122853535291359 -0.051507892387037471 -0.044656086209243495 0.00063755860574689685 -0.045174268551199055,0.26551084287838467 -1.5569770961033715 -0.1741879543454479 -1.7413384617334706 -0.040865534960508453 -0.096668491396673814,-0.15922110293115166 -0.18702712562439697 -0.1040966444966446 0.055627892887684376 0.12189029516071873 -0.080044922212962957,0.13457169429764404 -1.4687111980101131 0.03949466648870955 -1.594562495606509 -0.031880676519718917 0.034578347626027177,0.19931964231018559 0.043033170235585186 -0.51380857599127228 -0.38702738474545234 0.067079629674243857 -0.46536791904020114,15.782259483981544 -122.73777560464272 -62.619543070317377 -5.3589160866998382 1.1095557567899781 -0.02320579895157393,-0.11931771185868456 -17.390458174209925 -7.0749386215069876 -0.17937888081269193 0.084227043087423681 0.13944573784182523
ur,tetrapga,19.949191804,0.344498638,0.317557758,0.039247396,28.839404,36.528757,3.6049255,1,0,0,2.065565989,0.075152758,1.2,0,0,0,0 0 0.050000000000000003,0 0 0.050000000000000003,0 0 0.050000000000000003,wrist_3_link,-1,0,0 0 0,0 0 0,,0.13165218510598736 -1.4680714615671495 0.047231758172348794 -1.5891457236324689 -0.032651854383456101 0.040826079494741346,0.015661021722328805 0.012528326944260034 -0.026983325532324826 -0.025023988829980082 0.0022639766392570523 -0.02795346918228157,0.25878310284576733 -1.5647502368058617 -0.1784090513526691 -1.7389175317253971 -0.035777749661077649 -0.099940093089633836,-0.1636797593976311 -0.18604715675413358 -0.098498322821312295 0.060557080269027883 0.12228728342111819 -0.076978796602082955,0.13620879386484885 -1.4687495257233718 0.035049248920687594 -1.5976734441007532 -0.031336590592864838 0.03086640572837724,0.20463744590060123 -0.0047909641573523204 -0.55567719600274468 -0.3888685617805317 0.068010740856759941 -0.46399273720624196,13.832883494861019 -116.55905220974205 -50.589111522183629 -3.7697848050638845 0.75989933534449072 -0.0038288523773886262,-0.66587653087390208 -12.951640532202873 -5.2765889661847041 -0.16244483790342201 0.05150443262161275 0.086431222007377073
ur,tetrapga,19.985823312,0.343977431,0.326570988,0.056821273,34.048706,41.465209,4.25608825,1,0,0,2.065056647,0.020827349,1.2,0,0,0,0 0 0.050000000000000003,0 0 0.050000000000000003,0 0 0.050000000000000003,wrist_3_link,-1,0,0 0 0,0 0 0,,0.13262344385265334 -1.4672819584198902 0.045423374512143733 -1.5908057287499071 -0.032505764188997949 0.038977435518473109,0.024942305528040016 0.018157369956488961 -0.047660479543057681 -0.041878725746126666 0.0037898227490624457 -0.046550460001382209,0.25271740277228355 -1.5715473628567176 -0.18192599932755527 -1.7366212422736771 -0.031294226993485795 -0.10270979077284664,-0.16747441074877317 -0.18503810736697485 -0.093509231316863548 0.064800947879062265 0.12247862869424579 -0.074232985886556635,0.13561582488954854 -1.4678050158892548 0.036192858324407856 -1.5970850443881952 -0.031161674234755722 0.031175025746013656,0.14996325384968201 0.026340772797023335 -0.50543167400097544 -0.35568224535812071 0.094937894521958943 -0.46836185967643984,15.558632821772775 -129.8315790860222 -65.454029009066474 -5.5047286078824325 1.1358476242806625 -0.022841906279348286,0.10368640310105093 -18.751020030183099 -7.552348558978224 -0.22386091958560428 0.080313639346499599 0.1436304710434797
