robot,backend,t,tracking_error,velocity_error,torque_ratio,solve_time_ms,cycle_time_ms,realtime_ratio,iterations,converged,failed,best_cost,final_stop,plant_mass_scale,plant_payload_mass,controller_payload_mass,model_payload,plant_payload_com,controller_payload_com,payload_com_attachment,external_force_body_name,external_force_start_s,external_force_duration_s,external_force,external_torque,failure_message,q,dq,q_ref,dq_ref,q_cmd,dq_cmd,u_cmd,effort
ur,tetrapga,0.000048537,2.029999549,12.147714545,1,37.204788,51.994337,4.6505985,1,0,0,13.192384163,71.217744216,0.9,0,0,0,0 0 0.050000000000000003,0 0 0.050000000000000003,0 0 0.050000000000000003,wrist_3_link,-1,0,0 0 0,0 0 0,,0.00066838646317629276 -0.018301844632318428 0.011349356183702159 -0.26291218270161554 -0.00033699325528741025 1.553401371328927e-05,0.020947696901393205 -0.75571081494013803 0.26259874717084974 -11.958902286684735 -0.0059939843917291196 0.00022594338319187869,7.3088662901857284e-07 -1.570792762053963 6.5607199341356526e-06 -1.5707886669059268 7.5932047348596453e-06 7.1888628963820872e-06,0.015065874422235758 0.073449963034792551 0.13517508315219812 0.15781897254345761 0.15644293737431794 0.14811054631721665,0.00013119249204543261 -1.5701970233348066 0.0010953615565905677 -1.5695215064887278 0.0012609082850626005 0.001191477407466513,0.017549436770210668 0.075483613881495035 0.1370228370338282 0.1589682364433336 0.15688277823013988 0.14795948907406312,0 0 0 0 0 0,-12.516943604822568 -330 -131.42464670380386 -56 1.900926390419416 -0.078873333711209054
ur,tetrapga,0.05209982,2.021407302,12.155665519,1,36.107763,43.797519,4.513470375,1,0,0,13.257710373,70.416198827,0.9,0,0,0,0 0 0.050000000000000003,0 0 0.050000000000000003,0 0 0.050000000000000003,wrist_3_link,-1,0,0 0 0,0 0 0,,0.00066838646317629276 -0.018301844632318428 0.011349356183702159 -0.26291218270161554 -0.00033699325528741025 1.553401371328927e-05,0.020947696901393205 -0.75571081494013803 0.26259874717084974 -11.958902286684735 -0.0059939843917291196 0.00022594338319187869,0.0012052592146782532 -1.5666271613315643 0.0073515455651159316 -1.5623843237724133 0.0082199373591451286 0.0076873989228914887,0.031209626003832501 0.086558218600134795 0.14694651127518324 0.16498229856602276 0.15897540335936239 0.14690250854243925,0.00028152022289230623 -1.5695850420633752 0.002198889309084582 -1.5682452215638003 0.0025176687445770357 0.0023745070969826716,0.020032379596191828 0.07751057792289727 0.13885678967415482 0.16010008502188947 0.15730427719252699 0.1477958351925561,0 0 0 0 0 0,-12.516943604822568 -330 -131.42464670380386 -56 1.900926390419416 -0.078873333711209054
ur,tetrapga,0.095991456,1.649759067,7.999764226,1,36.055174,43.703849,4.50689675,1,0,0,4.641997809,46.742777208,0.9,0,0,0,0 0 0.050000000000000003,0 0 0.050000000000000003,0 0 0.050000000000000003,wrist_3_link,-1,0,0 0 0,0 0 0,,0.00029492386461643568 -0.086214877627922071 0.021278577820636677 -0.81913850214258555 -0.00027651580485297286 2.3913867433383599e-05,-0.021273921844073673 -1.6807029058584413 0.13210980314502388 -7.6262496925567227 0.0091996796774541974 0.0092993980903837304,0.00287302768971389 -1.5625898848088013 0.014010287610039127 -1.555021310705049 0.015233195998570063 0.014105177356345103,0.044775590184075245 0.09736819482411227 0.15639619474007674 0.17043566925098866 0.16050311593915415 0.14547249593662509,0.00045170849461065901 -1.5689568722899108 0.0033170330302004251 -1.5669599517989505 0.0037777277305118527 0.003556177222616308,0.022514545807793045 0.079530716276406691 0.14067680690376991 0.16121443217708709 0.15770740508987388 0.14761960086052084,0 0 0 0 0 0,8.453720715638573 -330 -114.87036014629551 47.681884825668931 3.271288569812242 2.4019156559271009
ur,tetrapga,0.1398165,1.462495087,5.763274436,1,36.154881,44.101362,4.519360125,1,0,0,2.061653846,34.422181675,0.9,0,0,0,0 0 0.050000000000000003,0 0 0.050000000000000003,0 0 0.050000000000000003,wrist_3_link,-1,0,0 0 0,0 0 0,,-0.00070131389674186442 -0.17349754792505206 0.025782119549453669 -1.0775028893679215 7.8930748097129225e-05 0.0004228995927872472,-0.025283220775841588 -2.4375588863667472 0.084001524477476802 -4.9899086685254224 0.006192638930236959 0.0077535599358769438,0.0051308952187079709 -1.5580906559574892 0.021062797999952382 -1.5474426541802595 0.022290489288857504 0.020442431599664301,0.058250604405896855 0.10791585206708065 0.16537438968135257 0.17533148844937493 0.1614704436607452 0.14367289925408941,0.00064175046599428273 -1.5683125691740925 0.0044496807030241165 -1.5656658375458299 0.0050409381623248792 0.0047363872078783403,0.024995778336962038 0.081543890466363053 0.14248275546888239 0.16231119305038205 0.15809213415013165 0.14743080297483896,0 0 0 0 0 0,14.830116523746435 -330 -115.9328378949315 25.070371745874581 1.1135645526619238 -0.013718496508725142
ur,tetrapga,0.183991423,1.294947914,4.773865732,1,36.016042,43.615821,4.50200525,1,0,0,1.716865015,24.527921181,0.9,0,0,0,0 0 0.050000000000000003,0 0 0.050000000000000003,0 0 0.050000000000000003,wrist_3_link,-1,0,0 0 0,0 0 0,,-0.0018225251035802787 -0.29245027202338536 0.028863556400904697 -1.2461908466902483 0.00070099802834905649 0.0010897730698515517,-0.028805318238455575 -3.1842935149092688 0.056750244408803448 -3.2583187001803511 0.011851205586776289 0.013020713088536308,0.0080023763363709123 -1.5530935916060495 0.028559249158310585 -1.5395988077554095 0.029434560440163227 0.026742260643875228,0.07173598938139808 0.11827686427804862 0.17394171518601623 0.17969939350096029 0.16187939935399204 0.14148725645116203,0.00085163803941725607 -1.5676521889817516 0.0055967192483008998 -1.5643630198299663 0.0063071527429018736 0.0059150366142877199,0.027475920148191165 0.083549962431879954 0.14427450303943856 0.16339028403223055 0.15845843800262782 0.14722945914047178,0 0 0 0 0 0,22.043744302071083 -330 -113.31423400462553 13.643668888779757 1.257618658348747 -0.035271363152906687
ur,tetrapga,0.227728438,1.111771069,4.66972794,1,36.127119,44.098947,4.515889875,1,0,0,2.305684137,16.410157558,0.9,0,0,0,0 0 0.050000000000000003,0 0 0.050000000000000003,0 0 0.050000000000000003,wrist_3_link,-1,0,0 0 0,0 0 0,,-0.0032267056216700864 -0.45030928676501358 0.031114993325609727 -1.3603410860133205 0.0015773736413954788 0.0019856122159289946,-0.035470596392418743 -3.9528125490561092 0.044128928252648213 -2.0718653011865364 0.025744475065990112 0.02548321817752067,0.011429701690174226 -1.5477014203413673 0.036343416902366601 -1.5316551195768406 0.036513313790526136 0.032876540303372448,0.084965947518628709 0.12824584024103877 0.18192774967075168 0.18345296564429633 0.16172392625852405 0.13896047941479936,0.0010813618611271402 -1.5669757890815212 0.0067580345318574439 -1.5630516403407502 0.0075762239697745055 0.0070920251470320481,0.029954814246726878 0.08554879453466438 0.14605191821718858 0.16445162276751826 0.15880629167979177 0.14701558766944842,0 0 0 0 0 0,32.924927833223983 -330 -106.6903638920077 10.60881400326798 3.8420667884343027 2.3119582920960449
ur,tetrapga,0.271895764,0.916198966,5.063328371,1,36.060551,43.933289,4.507568875,1,0,0,3.25060328,11.231316959,0.9,0,0,0,0 0 0.050000000000000003,0 0 0.050000000000000003,0 0 0.050000000000000003,wrist_3_link,-1,0,0 0 0,0 0 0,,-0.0048615960712139195 -0.63229752384382409 0.032665510792774785 -1.4304784303686573 0.0025516786022320641 0.0029508089766007873,-0.042168884121025117 -4.6806270574903888 0.033158893792226009 -1.3445883523937252 0.028567192341888453 0.027665147060666122,0.015474774760470088 -1.5418205490605947 0.044547256182129021 -1.5234795374826822 0.043642369413872624 0.038951058893207109,0.0981774020384516 0.1379995752608075 0.1894728249389325 0.18665775467609233 0.16100192687995737 0.13604801446101866,0.0013309113216038444 -1.5662834279414244 0.0079335113720883661 -1.561731841421377 0.0088480041463517515 0.0082672526606199486,0.032432303686777526 0.087540249566813416 0.14781487054369918 0.16549512816091033 0.15913567161878589 0.14678920757981845,0 0 0 0 0 0,44.229482184709944 -330 -104.22953137813445 6.0338167278741821 3.8672683943574473 2.2997637280688075
ur,tetrapga,0.315898114,0.69513446,5.677265237,1,36.177207,44.28517,4.522150875,1,0,0,4.48006249,9.628797034,0.9,0,0,0,0 0 0.050000000000000003,0 0 0.050000000000000003,0 0 0.050000000000000003,wrist_3_link,-1,0,0 0 0,0 0 0,,-0.006691944295075857 -0.8451077151967068 0.033839990456790162 -1.4759849937076062 0.003603301550253644 0.0039711602736778482,-0.044286739966613448 -5.4205901403971186 0.02003278338667637 -0.87916003485026517 0.020330068844593822 0.01975102391491897,0.020081247661254766 -1.535540534151602 0.053040078057301633 -1.5152067776532883 0.050700685680871799 0.044867139962390341,0.11116548621852446 0.14738320911872482 0.19645329309567414 0.18925744215672741 0.15972017721134957 0.13279197757056546,0.0016002745559841451 -1.5655751651253995 0.009123033547506619 -1.5604037660587478 0.010122345393163982 0.0094406191645249292,0.034908231579718972 0.089524190758588307 0.14956323050831111 0.16652072038212284 0.15944655566304214 0.14655033859456928,0 0 0 0 0 0,53.490211430533179 -330 -105.97037617781939 -1.508054511946284 1.3401634518107457 -0.063595239578457807
ur,tetrapga,0.360259395,0.446999397,5.517064367,0.613704859,36.214743,43.940771,4.526842875,1,0,0,4.952725758,9.412489512,0.9,0,0,0,0 0 0.050000000000000003,0 0 0.050000000000000003,0 0 0.050000000000000003,wrist_3_link,-1,0,0 0 0,0 0 0,,-0.0068826056801676748 -1.0898789874787889 0.026368879802662993 -1.5070451449723579 0.0050025840354535004 0.0051013206324170115,0.082282225378287388 -5.2630200069546138 -0.4652489332225403 -0.58069088623611964 0.044201361825515331 0.02967637515258547,0.025299452224531987 -1.5287991576191169 0.061900807227157621 -1.5067641225727637 0.057746976237600764 0.050678650524958589,0.1240581039526597 0.15648596954156163 0.20293224587937489 0.19127237239678441 0.15786317401776639 0.12915807523520534,0.0018894384445518417 -1.564851061289765 0.010326483804357346 -1.5590675578733288 0.011399099659118927 0.010612024828820434,0.037382441102297881 0.091500481786164656 0.15129686955604232 0.16752832087111463 0.15973892306370427 0.14629900114050837,0 0 0 0 0 0,5.2649509125921456 202.52260334279254 90.422679771546171 15.070318706356375 1.0807424006859137 2.2944667924215629
ur,tetrapga,0.404337919,0.268635629,4.031480715,1,30.266193,37.852137,3.783274125,1,0,0,4.4138814,4.169287683,0.9,0,0,0,0 0 0.050000000000000003,0 0 0.050000000000000003,0 0 0.050000000000000003,wrist_3_link,-1,0,0 0 0,0 0 0,,-0.0011701980055438975 -1.2776595257027867 0.001147460617939664 -1.5270116934883611 0.006716377098402903 0.0061888702119101899,0.13638533830208285 -3.7168919178480238 -0.69705904474479985 -0.38724386605895111 0.033734456715167373 0.021041860091915499,0.031045985977846392 -1.5217090037480965 0.07097718183652392 -1.4983001589389273 0.064654440646061656 0.056285870618291607,0.13664312339748441 0.16515573694346736 0.20879925761837451 0.19266649517836359 0.15546108879450685 0.12520534969888139,0.0021983886132935235 -1.5641111781796202 0.01154374386429472 -1.5577233611089687 0.012678118732768843 0.01178136998980581,0.039854775504832025 0.09346898677935922 0.15301566009543502 0.16851785234319949 0.16001275448097502 0.1460352163471102,0 0 0 0 0 0,-50.025091453334326 330 150 14.072376798497316 -2.4876822734505346 -0.052969345219707975
ur,tetrapga,0.442262886,0.187408543,2.815772466,1,30.439745,38.217287,3.804968125,1,0,0,4.537078475,0.24178868,0.9,0,0,0,0 0 0.050000000000000003,0 0 0.050000000000000003,0 0 0.050000000000000003,wrist_3_link,-1,0,0 0 0,0 0 0,,0.0031781685543877673 -1.3940726793548803 -0.022342441434324151 -1.5386853432456731 0.0081673751900589401 0.0072150877349073514,0.094249687398789056 -2.5119952869134718 -0.49044448209563285 -0.25432915084341778 0.031715082276076577 0.022532593338286552,0.036430339675149359 -1.5153090366928306 0.078984148408917126 -1.4909783686455274 0.070504046337257681 0.060965501602373087,0.14727251267464267 0.17230164632268541 0.2133811612518054 0.19337785997724363 0.15295462111985575 0.12153766524678962,0.0025271094345199335 -1.5633555786251856 0.012774694432121331 -1.5563713206226752 0.013959254253588054 0.012948555155622926,0.042325078119407361 0.09542957032933222 0.15471947550634696 0.16948923879407904 0.16026803198536876 0.14575900604532815,0 0 0 0 0 0,-49.595773506469698 330 150 13.043864990230759 -2.437553590534975 -0.0568495583944717
ur,tetrapga,0.480576841,0.1684363,1.859719812,0.912089363,30.299101,37.913113,3.787387625,1,0,0,2.567415061,2.652703113,0.9,0,0,0,0 0 0.050000000000000003,0 0 0.050000000000000003,0 0 0.050000000000000003,wrist_3_link,-1,0,0 0 0,0 0 0,,0.0058530913433778161 -1.4671184218118594 -0.029736788793583935 -1.5458785966386626 0.0094468246704162394 0.0082066289249552692,0.053791008042318865 -1.6287038781313095 0.044643705048352376 -0.161428630152121 0.029555380283035122 0.024373641349672907,0.042275431062405833 -1.5085740567139678 0.087241189982430786 -1.4835628712169209 0.076309317361660856 0.065547194844739559,0.15780766015219175 0.1792139666211498 0.21756340183853431 0.19363609890057612 0.15001434135982958 0.11758757404039445,0.0093505365284303824 -1.4778908327240736 -0.030217514185058077 -1.5432778344700453 0.012225999055022037 0.010440286029297819,0.43718064813157076 -1.3465513640267783 -0.060090673934267681 0.32509527107715802 0.34739679807572482 0.27920713804281883,-22.835290462659806 297.13685867312017 126.26294383514461 9.8150369191500122 -1.6484868628195668 0.039061830703486941,-43.136604830725432 300.98948979383749 127.87647927392426 10.608243636174848 -2.0594886819516773 -0.065167248670974232
ur,tetrapga,0.518555681,0.175300658,1.137168237,0.536530279,30.354643,38.042108,3.794330375,1,0,0,1.388794915,0.939310121,0.9,0,0,0,0 0 0.050000000000000003,0 0 0.050000000000000003,0 0 0.050000000000000003,wrist_3_link,-1,0,0 0 0,0 0 0,,0.006918471687200483 -1.513090594041814 -0.025314589001880029 -1.5503516345752442 0.010644460963719576 0.0092863368895916478,0.0075971218222548658 -0.89163529575242728 0.16148320893325768 -0.090853078531367509 0.026313206737692819 0.025304758950414976,0.048463675842266581 -1.5016425878228106 0.095575590913605193 -1.4762111856714082 0.081945005959138034 0.069934916695433669,0.16803360881287421 0.1857501430174569 0.22125826251273401 0.1934342832912716 0.14670030227394645 0.11343498091659626,0.010060642955445422 -1.5187806292882535 -0.024142492452855553 -1.5473732775287439 0.013474635566617729 0.011561423592017679,0.39277140853061743 -0.71125440580494947 0.14651206862805963 0.37229463081253 0.3537718253622692 0.28438583780325383,-11.514931536529382 200.55829998331899 90.639828064663533 7.2071681088246642 -1.1126585607437298 0.03773238903527943,-25.43327099571561 177.05499223264542 74.805615730848345 6.1861338222925042 -1.2332352224992853 -0.07225180657602337
ur,tetrapga,0.556663516,0.189646019,0.752499522,0.301473325,30.399851,38.055298,3.799981375,1,0,0,1.047857941,0.339601346,0.9,0,0,0,0 0 0.050000000000000003,0 0 0.050000000000000003,0 0 0.050000000000000003,wrist_3_link,-1,0,0 0 0,0 0 0,,0.0068164565313014432 -1.5367142577140638 -0.018543168134699181 -1.5525762973659094 0.011735199898619153 0.010359876576151604,-0.012090683623889216 -0.47970749602818497 0.19880448846733476 -0.047366529418798431 0.025709516421666918 0.026268572434022648,0.055058913896177369 -1.4944442593783447 0.10407064256989568 -1.4688509595923815 0.087465817504995214 0.074174607705228907,0.17806188033792841 0.19198173931753393 0.22450747187275663 0.19277332430797545 0.14298130508576479 0.10903715580649158,0.0098484361713985051 -1.5396078564700753 -0.016524376710491957 -1.5493289371946488 0.014623469490835532 0.012671166952999299,0.37899745501213272 -0.36169984450143161 0.25234892802590297 0.40592002140756961 0.36103369902704729 0.28891129710596186,-3.8293790702096793 148.61656119542619 72.51776225608242 5.9168509086045029 -0.84315307190845956 0.037722759367517532,-14.360676953219805 99.486197105050451 41.529088435899645 3.4162262464142259 -0.71885340402068465 -0.077850335170090545
ur,tetrapga,0.594787975,0.208836162,0.497400604,0.371743704,30.262074,38.031541,3.78275925,1,0,0,0.74534546,0.418784712,0.9,0,0,0,0 0 0.050000000000000003,0 0 0.050000000000000003,0 0 0.050000000000000003,wrist_3_link,-1,0,0 0 0,0 0 0,,0.0091293963998233963 -1.5346551631629373 -0.026926748553068772 -1.5506921313746529 0.012144243541614258 0.010500575094359111,0.037715257492729491 0.31530212978049449 -0.17996408322468427 0.064265119140256816 0.0048608831598432028 -0.00063468887801611045,0.062034756997593449 -1.4870115722944479 0.11268444475074961 -1.4615214804501004 0.092839806268190328 0.078244132425328489,0.18784662094855692 0.19787805246860413 0.22729239580281202 0.19165292780922344 0.13887279553627757 0.10441213137364304,0.011589047350240031 -1.53367523913272 -0.023523459002099508 -1.5472730561114671 0.01509919043339342 0.012863295226944321,0.30745636880207944 0.12249050377715409 0.42541119387115789 0.42738440789821042 0.36936836147239532 0.29534001657315145,12.737474271616136 43.352305135344935 57.226286834680721 5.461454047730383 -0.77942814521184811 0.045547128577644945,-17.226406407044536 122.67542226808928 55.45260174886549 3.7537845973947697 -0.87145960638175168 0.0067295537875473599
ur,tetrapga,0.632891688,0.221417076,0.352252369,0.09896063,30.258286,38.163492,3.78228575,1,0,0,0.786352602,0.04464646,0.9,0,0,0,0 0 0.050000000000000003,0 0 0.050000000000000003,0 0 0.050000000000000003,wrist_3_link,-1,0,0 0 0,0 0 0,,0.0091870586232771657 -1.5271220491949413 -0.025704453777652386 -1.5495146037348209 0.012493868811679928 0.010786386031861,0.00013799543108461001 0.15479133774460482 0.052619704066190813 0.024722384483518055 0.0089067387140863499 0.0078742664135038627,0.069374583076901447 -1.4793649160975106 0.12139068551996909 -1.4542473967699074 0.098047093553214115 0.082131075466755368,0.19736360931950073 0.20342334592144426 0.22960463316241483 0.19007538745828942 0.13438627840241318 0.09957116284232001,0.011994795230329532 -1.5265788121561243 -0.022114511521771133 -1.545963879074238 0.015520892313075949 0.013191673931801769,0.3509670758815458 0.067904629852109821 0.4487427819851566 0.44384058257286069 0.37837793767450245 0.30066098749259595,11.6653555296277 57.154132525043927 52.85241737399997 4.8755620603205383 -0.62663390484148629 0.043403389912121115,3.9480526179993731 -32.657008008274715 -13.185683598425015 -1.1789345640090687 0.18323450489537407 -0.025281665594480529
ur,tetrapga,0.671124207,0.233720464,0.426070105,0.124147332,30.309984,38.064827,3.788748,1,0,0,0.905749273,0.087298447,0.9,0,0,0,0 0 0.050000000000000003,0 0 0.050000000000000003,0 0 0.050000000000000003,wrist_3_link,-1,0,0 0 0,0 0 0,,0.0088784776074329677 -1.5264100071988735 -0.02096939870909444 -1.5492374527776307 0.01307671294850004 0.011349828748413638,-0.00070623729424497319 -0.045955628125322404 0.091508958231746165 0.0027832721920160539 0.014365475521732287 0.013422976228695609,0.077098428655786019 -1.4714868691351142 0.13020578682065301 -1.4470178931843281 0.10309299552398481 0.08584168231665168,0.20663463053504313 0.2086282956827403 0.23144616689992736 0.18803442867002623 0.12951065127569755 0.094501330422145702,0.015220190969581687 -1.5259157442401783 -0.017902827017351519 -1.5423724536372798 0.018532360599619605 0.01558667650358077,0.40317446740651941 0.082883489493258591 0.52646056305245159 0.44892817961977288 0.37643353581795702 0.29937532147237506,-5.3240424190428977 57.799699430092431 29.863772955091097 2.2307393445949097 -0.42471317800082031 0.0041043631671005658,4.9922130173425003 -40.968619669682084 -17.460256697018089 -1.3701444418675237 0.23500075893838712 -0.042826024673480845
ur,tetrapga,0.709325977,0.249349808,0.461572282,0.02918077,30.325059,38.197583,3.790632375,1,0,0,1.096703506,0.07589292,0.9,0,0,0,0 0 0.050000000000000003,0 0 0.050000000000000003,0 0 0.050000000000000003,wrist_3_link,-1,0,0 0 0,0 0 0,,0.0095304282547634522 -1.5276560592922062 -0.020908053892166538 -1.5486507597392123 0.013656107496581086 0.011803241975977598,0.01917686460738632 -0.040284175512459448 -0.017585876090128252 0.014817236131584937 0.014361857359474891 0.010764190576668241,0.085164546912722128 -1.4634234101947015 0.13907490205610012 -1.4398808569752508 0.10794164748541281 0.0893517599303707,0.21560578134500843 0.21346065664971264 0.23280308239344027 0.18553941243551977 0.12427361358657309 0.08923027111994869,0.018493923595334267 -1.5250203545051362 -0.013512308624845704 -1.5387731902102451 0.021523065777238681 0.017966775633195223,0.40921657821907254 0.1119237168802547 0.54881479906322694 0.44990792837933646 0.37383814720238429 0.29751239120180684,-7.4099299910708112 53.406633688463856 24.289397254724673 1.777858940816551 -0.35530838069360404 0.0021497574390147269,0.72448740491152108 -9.6296542032796424 -3.2902212131750588 -0.38819405250251293 0.017471374241104343 -0.033416420050546236
ur,tetrapga,0.747605248,0.265453173,0.439657568,0.026668475,30.383994,38.176121,3.79799925,1,0,0,1.350551735,0.068691306,0.9,0,0,0,0 0 0.050000000000000003,0 0 0.050000000000000003,0 0 0.050000000000000003,wrist_3_link,-1,0,0 0 0,0 0 0,,0.010412262962917735 -1.5282682769522644 -0.021772161712177229 -1.5478825639390943 0.014238278260793791 0.012228801842189326,0.019117011805020592 0.0024523763598282883 -0.014075409414961462 0.018838124285960087 0.01326762289387631 0.0097746279159479348,0.093584957432755259 -1.4551656300252584 0.1480046795040971 -1.4328336326773985 0.11259260664039536 0.092663165079747006,0.22428808786761992 0.21792475745489809 0.23367464535613081 0.18258578747656096 0.11866912795688578 0.083750269923327819,0.014138771306446208 -1.5287224588908508 -0.018435273531196207 -1.5440051462283817 0.017439017183844524 0.014712317301502274,0.46581354294105914 -0.056772742323310324 0.41711102262262795 0.48467721383908496 0.40009236538134163 0.31043943241411831,9.726203737226772 104.12292778336621 75.63248787107625 6.6077397769119424 -0.92332991181832114 0.048392966587583984,-1.5684860533841984 7.1236483835309627 4.0002712963304532 0.14057016220249352 -0.093404248902320575 -0.029759091908143631
ur,tetrapga,0.785866755,0.279471228,0.389512138,0.009140759,30.334743,37.961088,3.791842875,1,0,0,1.412403815,0.047249321,0.9,0,0,0,0 0 0.050000000000000003,0 0 0.050000000000000003,0 0 0.050000000000000003,wrist_3_link,-1,0,0 0 0,0 0 0,,0.011831024970463046 -1.5279488865425881 -0.021038347360576515 -1.5463373033842536 0.015451235795074561 0.013170768859444893,0.035756686958543463 0.017749346885632941 0.028063182670089844 0.040216990100865276 0.031334236535573892 0.024529200023545188,0.10232748875234453 -1.4467482858091867 0.15695426177370553 -1.4259112793593873 0.11702035182838337 0.095759739625752197,0.23264571914167242 0.22200041480535146 0.23405457136735972 0.17918393550430164 0.1127204176324669 0.078082365669872006,0.015802401214980975 -1.5282021221659627 -0.017501146577128666 -1.5423633211346153 0.018675922376896994 0.015657470401600686,0.49642203056474099 -0.031654452921833595 0.44215009793098137 0.4967477812047964 0.40308582272780397 0.31083769276947426,10.008416998483458 104.96908536867413 75.171790509689714 6.5130205418402252 -0.90607144415155061 0.047079547198150364,-0.9115575856301632 1.6727576256816974 1.371113920185401 -0.18696374172395736 -0.11004885666733344 -0.075513570234349459
ur,tetrapga,0.823893334,0.291657072,0.35842154,0.007202633,30.314223,38.048274,3.789277875,1,0,0,1.526787901,0.025303496,0.9,0,0,0,0 0 0.050000000000000003,0 0 0.050000000000000003,0 0 0.050000000000000003,wrist_3_link,-1,0,0 0 0,0 0 0,,0.013821679505083104 -1.5271691815155684 -0.019005046389312778 -1.5440997374303032 0.017242872133483526 0.014583377460796191,0.047737261271976979 0.026403226663916354 0.056411493487030839 0.054440607171219908 0.043380515658957113 0.034353355153893504,0.11132691852874582 -1.4382355303986611 0.16585398855458316 -1.4191688040146022 0.12118901763036664 0.098618964504001719,0.2406214248968257 0.22566072600452031 0.23394333750552779 0.17536237841700661 0.10647528376803451 0.072268639686697833,0.018023253537527359 -1.5272842451254136 -0.015333248445769266 -1.5400553402643937 0.020470927116100032 0.01705609049475772,0.5251967540555319 -0.014382951230646611 0.45897474294293905 0.50554964573869088 0.4035068728270636 0.30908912924519122,10.365369944932258 106.97982328286668 75.525304077182369 6.4902735976953299 -0.90032460779153534 0.046236782532271849,-0.52027280574890256 -1.7682946109980548 -0.33239749964025833 -0.40334747212727962 -0.12145302347246911 -0.10596997195159474
ur,tetrapga,0.862010416,0.307127228,0.453102208,0.039197471,30.302882,38.007627,3.78786025,1,0,0,1.669487883,0.049084689,0.9,0,0,0,0 0 0.050000000000000003,0 0 0.050000000000000003,0 0 0.050000000000000003,wrist_3_link,-1,0,0 0 0,0 0 0,,0.013980036718466453 -1.526537065580291 -0.018162032996989569 -1.5438645919443339 0.017419238674590432 0.014727909736965075,-0.00092479315075582192 0.0058878184439356811 0.01051363402175641 -0.00026624188863135466 -0.00022534088883163338 -0.0001567930515051119,0.12064563990466637 -1.4295703779050237 0.17476131326009878 -1.4125644301740525 0.12512310845840552 0.1012598177844282,0.24827276072403723 0.22893217546298572 0.23334127586697034 0.17109639929550913 0.099893367454660403 0.066268628337633112,0.022712801476089492 -1.5270862743119356 -0.010911844155503446 -1.5359654561163802 0.02367378197075409 0.019514199390350265,0.58619349232026685 0.024746351684766882 0.55267553628322763 0.51123551850168192 0.40035685683175731 0.3072636119490682,-11.086257878923108 103.46780000518703 49.64276727059012 3.7059904539196955 -0.71868240439184006 0.0058165292905294885,1.1929386920621923 -12.935165404910549 -4.8330374871335025 -0.41374781311787956 0.087718913399960741 0.00016693263700773286
ur,tetrapga,0.900088991,0.322806483,0.44515971,0.0183237,36.055742,43.735251,4.50696775,1,0,0,1.834899006,0.020484021,0.9,0,0,0,0 0 0.050000000000000003,0 0 0.050000000000000003,0 0 0.050000000000000003,wrist_3_link,-1,0,0 0 0,0 0 0,,0.014440092382750081 -1.5265501903143288 -0.017774892317752061 -1.5434391736388591 0.017752893367093382 0.01497936277851993,0.013217735247818515 -0.0033423856633370938 0.0079960378040279893 0.011501202532268587 0.0091680885679048477 0.0068855728586134021,0.13023942122869345 -1.4207971439313378 0.18362737193674178 -1.4061372801718945 0.12879677782002316 0.10366649752350028,0.25556097082454055 0.23179635411911376 0.23224864411333337 0.16640571780710223 0.093008028060112088 0.060110761179089069,0.023303015071002547 -1.5266728676008472 -0.010170636864586361 -1.5355418555111999 0.023946435179157642 0.019708194835459165,0.59082101769784501 0.018170589035608725 0.52159142150517401 0.52005742080247486 0.40413718877923854 0.30767671887800813,-0.12640313208332543 110.02510968889105 64.556128723186589 5.2686644537679772 -0.82343665285114043 0.027977560031421714,0.19761855820954111 -6.0468210243661815 -1.8925100069206522 -0.26526751366236567 0.012665199763333135 -0.02132672661919699
ur,tetrapga,0.94389368,0.339868644,0.425642592,0.009366987,36.052079,44.113011,4.506509875,1,0,0,2.045591991,0.004290021,0.9,0,0,0,0 0 0.050000000000000003,0 0 0.050000000000000003,0 0 0.050000000000000003,wrist_3_link,-1,0,0 0 0,0 0 0,,0.015610778751404637 -1.5266471815616203 -0.01698480964610885 -1.5423325115076507 0.018631509137661539 0.015651925247486102,0.02465950733895517 0.00074364979479667258 0.018686748450568214 0.02348930642002162 0.018560552557481826 0.014257190066791121,0.14160967138281505 -1.4105803238717889 0.193762492028864 -1.3989755178783747 0.13269084011813201 0.10614101159122698,0.2634905713262663 0.23458408596612054 0.23038445448807424 0.16048825702623087 0.084719965572080669 0.052835557154365664,0.024479156691687438 -1.5265154270630363 -0.0093481396606131337 -1.534690208214547 0.024536089422776242 0.020134306127823576,0.62778247256048081 0.018074689774687229 0.52869794934180891 0.53087191185978033 0.40588965804583149 0.30678076079386785,0.41789222186312358 116.7480409304512 68.656014631702831 5.5645705194659385 -0.87239184071931852 0.028577928474551251,-0.25749291646367567 -3.0911056312552319 -0.71419224184680985 -0.25042068644961546 -0.035188374199719874 -0.043979802557323922
ur,tetrapga,0.988088663,0.354867461,0.390791208,0.010434003,36.125836,43.833075,4.5157295,1,0,0,2.249565312,0.033905438,0.9,0,0,0,0 0 0.050000000000000003,0 0 0.050000000000000003,0 0 0.050000000000000003,wrist_3_link,-1,0,0 0 0,0 0 0,,0.0180378638016708 -1.5266770181755396 -0.014935700553584196 -1.5401406953381052 0.020355136529692539 0.016973570211315216,0.047383965528296226 0.0039315663876483267 0.043566011165130543 0.042893815277702863 0.033552826987618571 0.025796565309692005,0.15342207475315664 -1.4001609825973365 0.20389067115489856 -1.3920248851330459 0.13624324553333803 0.10831028207267908,0.27098127579263093 0.23683880588687015 0.22784634297207268 0.15396401027194373 0.075978840235531087 0.045301274783966949,0.026591731228110062 -1.5263889049971289 -0.0078105533381009409 -1.5330982988129893 0.025685193513019431 0.020983719114766361,0.66665262267886771 0.025914702769886579 0.54142084612471542 0.53964412041708676 0.40494756709812979 0.3037226181496202,0.042773414362995865 122.17411400327441 70.784029520337498 5.6931493322842455 -0.89932383174367814 0.028083681746991378,-0.31178063258067823 -3.4432211312705476 -1.0966501838889968 -0.39930596591875656 -0.076514333603014961 -0.079634480449001899
ur,tetrapga,1.031997475,0.370333636,0.39654903,0.046477094,36.206555,43.917336,4.525819375,1,0,0,2.455539307,0.038569707,0.9,0,0,0,0 0 0.050000000000000003,0 0 0.050000000000000003,0 0 0.050000000000000003,wrist_3_link,-1,0,0 0 0,0 0 0,,0.019927338965967288 -1.5263718883662205 -0.013123872668553123 -1.5384658937255948 0.021641863193019924 0.017957107028571433,0.041935529814702298 0.0082597449118972325 0.038147947309868695 0.03750522592086479 0.028005947582489862 0.021222287561505442,0.16547437689200833 -1.3897227720535117 0.21382783979286368 -1.3854166950991191 0.1393821574112433 0.11013176180509344,0.2779000655470748 0.23851669832457228 0.22467324018967291 0.14694379055742585 0.06693783167908493 0.037636633023978475,0.028891981410797796 -1.5260980350267801 -0.006055118474584259 -1.5314063796068491 0.026884306799424981 0.021866529072835754,0.70405578921989009 0.035295206861817259 0.55151181609284661 0.54696458280537663 0.40259730580066311 0.29951450014585712,0.37889196912792222 127.13889466586517 73.452695433799889 5.8858863552413974 -0.92857030366624449 0.028723277151344064,5.2493756418992348 -4.4235423927802913 1.1002617198325666 2.6027172701533345 1.1466604295859852 0.79707283746779467
ur,tetrapga,1.075982824,0.38632975,0.412017354,0.017622345,34.500771,42.16366,4.312596375,1,0,0,2.671716397,0.026389144,0.9,0,0,0,0 0 0.050000000000000003,0 0 0.050000000000000003,0 0 0.050000000000000003,wrist_3_link,-1,0,0 0 0,0 0 0,,0.021476089320111552 -1.5260240464724983 -0.011664287081586585 -1.537144527177533 0.022631227958529915 0.018706607086457858,0.02989246133759681 0.0080927548444712314 0.02908779648209996 0.025602113979330179 0.019113132626871775 0.014496650416277236,0.17784049054348253 -1.3792049676149463 0.22362839427225209 -1.3791176086560257 0.14212108611372457 0.11161531937550286,0.28429208783518756 0.2396293065443689 0.22084728720193969 0.13938755186985774 0.057546414854807881 0.029794021438550991,0.031121820421908159 -1.5257149505461318 -0.0043791412595904815 -1.5298485825290991 0.027951334504054844 0.022642541009685047,0.742223132056686 0.043261275438432854 0.56007018981186751 0.5533588578865013 0.39919589063467453 0.29449661625477974,0.91715466084471053 132.32610812994898 76.381446778888147 6.1014987923904194 -0.95956068720071863 0.029599697430157987,0.055241634757237534 -5.815373937158256 -2.061011014385592 -0.37258507609840308 -0.014357006363113101 -0.044822020301836574
ur,tetrapga,1.118219422,0.401307548,0.408484258,0.017200672,33.955816,41.591753,4.244477,1,0,0,2.881875867,0.010410567,0.9,0,0,0,0 0 0.050000000000000003,0 0 0.050000000000000003,0 0 0.050000000000000003,wrist_3_link,-1,0,0 0 0,0 0 0,,0.023207576537013653 -1.5257574874803252 -0.010191169520061742 -1.5357335476187266 0.023672096305370857 0.019487894521796018,0.033801447085008186 0.0063843737337898557 0.029682215559659948 0.027446418147285802 0.020211176090220988 0.015188356180446007,0.18996845291286488 -1.369070816361478 0.23286794475923875 -1.3733920771808377 0.14435596617850341 0.11271215732841131,0.28990858156777111 0.2401574871000702 0.21656828937582515 0.13165247699663801 0.048233955578816753 0.022121819102643506,0.03341415166721546 -1.525331605619785 -0.0027362538856066255 -1.5283237986770195 0.028967716802222432 0.023373768753577932,0.78118164846931903 0.050576674180447756 0.5686126880274357 0.55840829961166527 0.39450017468869758 0.2885688734796753,1.0802883929691358 137.48015323077524 78.940691098159519 6.2768175078042638 -0.98890586966843119 0.029829345576003238,0.010709048212333983 -5.6762216576826177 -2.0433575041315706 -0.38504948834906827 -0.017567627306014799 -0.0469546450446785
ur,tetrapga,1.15988414,0.415792888,0.40221976,0.016238907,34.105129,41.457957,4.263141125,1,0,0,3.092220998,0.00104805,0.9,0,0,0,0 0 0.050000000000000003,0 0 0.050000000000000003,0 0 0.050000000000000003,wrist_3_link,-1,0,0 0 0,0 0 0,,0.025063257430054924 -1.5255336025159512 -0.0087029542246758393 -1.5342856219005254 0.02472514593595955 0.020272295787031023,0.038398321989154958 0.0064096821565479498 0.032147291133536406 0.029919522709566184 0.021698219923094418 0.016187524918645713,0.20215393842119667 -1.3590629429038941 0.24179325257514869 -1.3680735460532847 0.14616965115269262 0.11347403695688464,0.29493622981668022 0.24015617831470915 0.21177176521786184 0.12357638773563401 0.038785261592549108 0.01443090424026014,0.03579578662068289 -1.5249635596822384 -0.0011057127567538714 -1.5268085931915221 0.029954303643850853 0.024076660441044936,0.8196352590059619 0.058630548203705918 0.57673641229842021 0.56201463715628452 0.38848403434498291 0.28170352134255772,1.2227017779494247 142.2971802421122 81.265488285068031 6.4320328032951206 -1.0152597206023117 0.029937249859605598,-0.061402423033115383 -5.3588392430210661 -1.9593127707727085 -0.39606144954905176 -0.023129393543797505 -0.050031559289557492
ur,tetrapga,1.201408943,0.429926665,0.396989225,0.015988617,28.552399,36.122987,3.569049875,1,0,0,3.737972527,12.781612728,0.9,0,0,0,0 0 0.050000000000000003,0 0 0.050000000000000003,0 0 0.050000000000000003,wrist_3_link,-1,0,0 0 0,0 0 0,,0.027014767102178591 -1.5252757829408441 -0.0071785032305050267 -1.5328221950162759 0.025768707997796146 0.021043695715361892,0.04125084001286361 0.0075224328480219902 0.033707659405599132 0.030889757170166267 0.021932999998949029 0.016234354131050219,0.21449619693779792 -1.3490995109318469 0.25047803518461292 -1.3631165716487748 0.1475805113840444 0.11391223651688376,0.29942906267504249 0.23963586499069561 0.20642898112750396 0.11510168472453541 0.029129338135429644 0.0066576109292982855,0.033853922485718453 -1.5251375669916005 -0.0030663671935412971 -1.5283100322837548 0.028793927560591449 0.023193208428235173,0.85489442294248308 0.017276993655441185 0.51401700462046618 0.56402034156514802 0.37815244534941289 0.26868908910916006,18.234155136745972 166.47807443221359 108.97047848232316 8.8610354524623816 -1.231416325777748 0.054268622414108257,-0.095420087884491522 -5.2762435060940334 -1.9667517055441461 -0.40481762091712881 -0.023303941292901698 -0.050175685129509873
ur,tetrapga,1.237602287,0.441834942,0.39053755,0.015937196,28.601354,36.178163,3.57516925,1,0,0,3.754206205,0.081270299,0.9,0,0,0,0 0 0.050000000000000003,0 0 0.050000000000000003,0 0 0.050000000000000003,wrist_3_link,-1,0,0 0 0,0 0 0,,0.028900901677758023 -1.5250024734300314 -0.005746072112144022 -1.5314635398618937 0.026715994567339363 0.021738101766459954,0.045372413646164962 0.0086214444142441657 0.035944793002030087 0.032596038510034439 0.022629302534968296 0.016608247283111936,0.22539784176514488 -1.3404409778564164 0.25785819462153298 -1.3590894625936465 0.14847974356431265 0.11402938214819186,0.30291518990835442 0.2387581609613412 0.20131988323402938 0.10738047118492243 0.020534700651967039 -0.00019558957902249263,0.04145371146755028 -1.5244821350332036 0.0020851810603463453 -1.5237391277315691 0.031774521128959787 0.025324002024599161,0.94997362272897834 0.081928994799609689 0.64394353173595531 0.57136306902322809 0.37257419604604197 0.26634919954549841,-16.622918221609812 158.1412340324419 74.485159057675901 5.546920302815689 -1.0758676146163744 0.0085038062925795986,-0.12473897133449441 -5.2592748356946686 -2.0063155275733724 -0.42023636520752916 -0.024529702064164383 -0.051333475844906218
ur,tetrapga,1.273854198,0.453648602,0.383305321,0.01565512,28.705843,36.303637,3.588230375,1,0,0,3.792899288,0.134026314,0.9,0,0,0,0 0 0.050000000000000003,0 0 0.050000000000000003,0 0 0.050000000000000003,wrist_3_link,-1,0,0 0 0,0 0 0,,0.030764405479055686 -1.5247148853419565 -0.0043665315400496559 -1.5301688164767167 0.027600072194403642 0.022381249479355807,0.05064489195769073 0.0092585885396582242 0.038503851629550195 0.034848487822066024 0.023667598317012286 0.017214878460874314,0.23643623393628607 -1.3318074669172384 0.26505736737871688 -1.3553414603278331 0.1490658117716567 0.11389689617900346,0.30599886384499531 0.23748211952009157 0.19578590888055494 0.099345659508956408 0.011774236500707816 -0.0071234674444115714,0.049067106140225948 -1.5232063477849784 0.007628063537963619 -1.519163712837944 0.034737554429387335 0.027439567510303322,0.95167433408445867 0.15947340602815235 0.69286030970215917 0.57192686170311224 0.37037916255344322 0.26444568571302024,-19.87540999345466 145.22635140253445 63.319460095805916 4.6881715476298531 -0.94399061113781857 0.0053357381801204494,-0.16851739089426587 -5.1661897273261275 -2.0160737075686694 -0.43659637514792848 -0.02735879162106869 -0.05320855936368929
ur,tetrapga,1.310233584,0.466408732,0.415500203,0.022838212,28.644927,35.975926,3.580615875,1,0,0,3.905606019,0.175912657,0.9,0,0,0,0 0 0.050000000000000003,0 0 0.050000000000000003,0 0 0.050000000000000003,wrist_3_link,-1,0,0 0 0,0 0 0,,0.031804936529150556 -1.5243400984534106 -0.0035975149790746139 -1.529485525924672 0.02802536740120623 0.022682812295526156,0.01991377428773812 0.0086194758314587124 0.013366158221225723 0.012798275420839895 0.0074947546468420306 0.0051829154991488288,0.24761826904487649 -1.323197361566768 0.27207265386221707 -1.351878427189515 0.1493321209525823 0.11351044173505606,0.30867677616964273 0.2358019313096881 0.18981936954754366 0.090990989266576519 0.002844531531000824 -0.014130769694631354,0.056595851516957382 -1.5213345495960739 0.013430025143730956 -1.5145912901765437 0.037675825809964938 0.029537851199495115,0.94109317209142873 0.23397477361305785 0.72524520072091714 0.57155283267503909 0.36728392257220083 0.262285461148974,-18.70106828666912 131.98868597919835 56.630103993058782 4.1714151486107918 -0.84604585945320854 0.0044541798291004896,0.26772960449073935 -7.5366100269238814 -2.8507902976607182 -0.36906457856002817 0.038164586232191766 -0.016112401534321918
ur,tetrapga,1.346349774,0.477388252,0.362309014,0.01144321,33.95221,41.166257,4.24402625,1,0,0,3.875701655,0.15263158,0.9,0,0,0,0 0 0.050000000000000003,0 0 0.050000000000000003,0 0 0.050000000000000003,wrist_3_link,-1,0,0 0 0,0 0 0,,0.034199786436699138 -1.5241867685219137 -0.0021531590019452933 -1.5280221781099912 0.028962618460257761 0.023344826057883059,0.073495491868994497 0.0058675067669634292 0.047039356218222479 0.04414951793617379 0.028350366503847604 0.020096034922050945,0.25880821426587242 -1.3147171778665621 0.27881516507426835 -1.3487461509396754 0.14927289860198129 0.11287376809041631,0.3109169782815881 0.23373803413536356 0.18349318843532531 0.082419476493664642 -0.0061432264818298693 -0.021133034639092038,0.053007279897121624 -1.5214268691917932 0.010734795423687854 -1.5168030105495283 0.036129167437509754 0.028405519050064831,0.9511826150366709 0.16672373340010721 0.63704529409937782 0.56296544921740599 0.351243162799801 0.24552255267196843,2.6425452641581835 143.10850197336742 80.348542321507239 6.2491491253148936 -0.979113620134898 0.027978812670753882,-0.46163006626585457 -3.776259231003678 -1.5512486791216302 -0.46076661727147439 -0.049375368790265384 -0.062084875174335252
ur,tetrapga,1.387595546,0.48738452,0.327601724,0.010193862,28.521476,35.774043,3.5651845,1,0,0,3.993356125,0.247758112,0.9,0,0,0,0 0 0.050000000000000003,0 0 0.050000000000000003,0 0 0.050000000000000003,wrist_3_link,-1,0,0 0 0,0 0 0,,0.038651767150165106 -1.523864696597909 0.00072673420553164968 -1.5253450055217181 0.030694256261715167 0.024573903886075027,0.10564372557485652 0.013833132253074913 0.073529454292706284 0.063454948303472564 0.040864000299760603 0.029097145420471694,0.27167624265674539 -1.3051332500485768 0.28622630113274938 -1.3455540694127612 0.14880558664581953 0.11183643214980803,0.31295909857346521 0.23089940992908495 0.17578666840090565 0.072308065822841119 -0.016538183706369794 -0.029174033431425717,0.060990847993518602 -1.5195827112033071 0.016459508930084278 -1.5122736605048563 0.038898289363938868 0.030352285856631515,0.99794601204962252 0.23051974856075427 0.71558918829955331 0.56616875558398339 0.34614024080363942 0.24334585082083546,-15.602154472313844 132.58494733593915 60.106194781884533 4.4303113738588564 -0.87337042150675304 0.0061213415069161538,-0.72644280889647916 -2.9061325936454523 -1.4345929046328685 -0.57085627803917305 -0.09120646586838177 -0.089879980651751623
ur,tetrapga,1.423449152,0.493698523,0.302522692,0.012316292,34.096546,41.452947,4.26206825,1,0,0,4.039318344,0.144246101,0.9,0,0,0,0 0 0.050000000000000003,0 0 0.050000000000000003,0 0 0.050000000000000003,wrist_3_link,-1,0,0 0 0,0 0 0,,0.043958165919126484 -1.5231646085263628 0.0044098886199791625 -1.5221457201436712 0.032759800673209057 0.026043570488782891,0.12796355639213067 0.026755082248059878 0.096021684611120969 0.077532198466303714 0.04969248071487771 0.035480086247259193,0.28292193344876587 -1.2969052113012758 0.29240258686688309 -1.3431231761017424 0.14804915706006791 0.11066468940835779,0.31428197709869571 0.22801595295568941 0.16867865869961543 0.063252955668911981 -0.025670920412084713 -0.036192170547711663,0.060531997610457411 -1.5199314066157883 0.015557686999503986 -1.5128018745940386 0.038426634824493863 0.029973859021208873,1.0071863317668577 0.18028165613083252 0.64037352805903314 0.55097696627814319 0.32469872573998815 0.22199135606270903,3.3317063361636379 138.59715209918477 77.36989141457876 5.9450779362470776 -0.93310092642048947 0.025476015864459856,-0.78740794671563208 -3.3285014263583435 -1.8412822881696158 -0.68971233291267708 -0.11282093472000554 -0.10962266263065601
ur,tetrapga,1.464967007,0.50401426,0.352301257,0.029706267,28.680915,36.27669,3.585114375,1,0,0,4.135733777,0.212768996,0.9,0,0,0,0 0 0.050000000000000003,0 0 0.050000000000000003,0 0 0.050000000000000003,wrist_3_link,-1,0,0 0 0,0 0 0,,0.047084815092042702 -1.5219676593019003 0.0069827698284141921 -1.5202391569519673 0.033932455083722002 0.026876890246516294,0.05846819901701595 0.027261842365172838 0.049798660027585387 0.036155305091267867 0.021875593591304601 0.015522226417673948,0.29599300415379415 -1.2875159974035342 0.29922696360862577 -1.3407197166591018 0.14676221208380491 0.10899298679121606,0.315282823519064 0.22419586287009191 0.15998347556659828 0.052476012266969796 -0.036338579549130015 -0.044339840475570838,0.068961942273116389 -1.517991490516386 0.021285493016333708 -1.5083719049383713 0.040985489419936863 0.03173200328305395,1.0537430828323715 0.24248951242528302 0.71597575210371511 0.55374620695841326 0.31985682443037489 0.21976803273063478,-14.908109152699655 127.71593524069789 57.812474210790853 4.2461051417591671 -0.83643338347273755 0.0059125066280636268,0.3330426817203147 -9.8030681541968079 -4.2891922909958424 -0.63134644660749473 0.016708036045130825 -0.048142255401572243
ur,tetrapga,1.501310734,0.511124445,0.314937003,0.01892161,33.979752,41.190529,4.247469,1,0,0,4.130367602,0.130066444,0.9,0,0,0,0 0 0.050000000000000003,0 0 0.050000000000000003,0 0 0.050000000000000003,wrist_3_link,-1,0,0 0 0,0 0 0,,0.050928303851387191 -1.521082088965348 0.0096997027817446249 -1.5179905263218552 0.035313465580757222 0.027847455979016538,0.10142033070873756 0.02862765930974159 0.076093856147178687 0.059069272948502685 0.036084041828017208 0.025433787036530774,0.30719181204604701 -1.2796894961679421 0.30463071229996486 -1.3391900849648961 0.14514400512073927 0.10715812986100133,0.11079575623948505 0.026336286914184163 -0.051069589508787309 -0.11150607187653126 -0.14237883616003655 -0.12281154251628174,0.067568969971027848 -1.5179966656333568 0.020191680677104175 -1.5094999733868115 0.040108018321008812 0.031065910975496859,0.95298086359700762 0.19251551343878151 0.5873853472581263 0.46015528041269665 0.24481760258272103 0.15952266805770138,1.0902812556531671 130.24914743860231 70.198003271818067 5.2690844755796133 -0.85963386583596335 0.018724746953039662,-0.40931870628725164 -5.8041266868503953 -2.8382415139501447 -0.66164899064096971 -0.051696388001786886 -0.07865176536233065
ur,tetrapga,1.542568064,0.504472851,0.287359499,0.031192364,34.021873,41.496535,4.252734125,1,0,0,4.054834886,0.191099435,0.9,0,0,0,0 0 0.050000000000000003,0 0 0.050000000000000003,0 0 0.050000000000000003,wrist_3_link,-1,0,0 0 0,0 0 0,,0.054085202293992753 -1.5199894959940254 0.012079801925455403 -1.5161987733833699 0.036358084142515748 0.028574115983045847,0.063742990514054423 0.023434942374706561 0.047879974849878493 0.035839924703179794 0.020543587528880875 0.014213638994994884,0.31164102435130397 -1.2787255490762908 0.30239039366313714 -1.3438920433423356 0.13921196369200214 0.10206421022084565,0.1048713407253823 0.020390540991538302 -0.057520753662003661 -0.11640371633232884 -0.14515381642118025 -0.12410339802848329,0.075485910515175364 -1.5159767933705266 0.02541689241461783 -1.5058047789623148 0.042048880654786146 0.032334348090552953,0.98961756801843981 0.25248403285377974 0.65315146718920714 0.46189930306209315 0.24260779172216665 0.15855463938201209,-14.398235731822389 119.54787038881588 53.649397650439234 3.9229964600185805 -0.77405459573482793 0.0054045026282457543,0.32394769495419951 -10.293480155325597 -4.5947096564681473 -0.65963336949971563 0.027141311709371507 -0.04411755441537224
ur,tetrapga,1.584145816,0.495728245,0.319492362,0.022841228,34.046105,41.311452,4.255763125,1,0,0,3.931008651,0.093488837,0.9,0,0,0,0 0 0.050000000000000003,0 0 0.050000000000000003,0 0 0.050000000000000003,wrist_3_link,-1,0,0 0 0,0 0 0,,0.059025320925516309 -1.5189988361583662 0.015303253985608632 -1.513544716413034 0.037899810733203664 0.029632052313328158,0.099942520525226411 0.026226145441289195 0.069901456822861197 0.053679533166300177 0.030961135954448951 0.021322958896814497,0.31587579138412231 -1.2780024590390848 0.29986495019135823 -1.3488319542788794 0.13312187047780782 0.096879218880121812,0.098818909867989232 0.014391268271624924 -0.063946578885270042 -0.12119437545616187 -0.14776445061727903 -0.12528886407103199,0.074560561898044914 -1.5159035743268774 0.024673201191692196 -1.5065539926799973 0.041439371124756555 0.031871009927138809,0.91311827221238406 0.19803005469612578 0.539140998947371 0.39009437595962659 0.18312817884520549 0.11097621564978224,1.6388933697123598 124.32676100443979 66.705212190944792 4.9484695549991056 -0.80975692447412728 0.016635176707135078,-0.30012264425124613 -7.0165301091510628 -3.4261841838041249 -0.6813825226336121 -0.024548763535008788 -0.065994298386328865
ur,tetrapga,1.625525188,0.489168449,0.288823323,0.030223777,34.157316,41.734121,4.2696645,1,0,0,3.855567368,0.154973977,0.9,0,0,0,0 0 0.050000000000000003,0 0 0.050000000000000003,0 0 0.050000000000000003,wrist_3_link,-1,0,0 0 0,0 0 0,,0.06181894238819844 -1.5179799440111061 0.017321206629879939 -1.5121596330993841 0.03861924953485607 0.030109130523565023,0.056943981082536933 0.022026293358596023 0.041578514913284285 0.028342954883703152 0.014652106081703677 0.0097158328246702407,0.31983890597614062 -1.2775305233353711 0.29708796826255041 -1.3539429708751074 0.12695695510923719 0.091672449689942731,0.092719132439593774 0.0084191726924042164 -0.070259842279744883 -0.12581239405762834 -0.1501745143894111 -0.12635176756190647,0.082156383770834604 -1.5138563679565507 0.029488266415303492 -1.5034175535837695 0.042887533892798244 0.032753251572313527,0.94947773409871139 0.2559007962908475 0.60188315295141193 0.39205488702848085 0.181020346005211 0.11028020564684009,-13.715213870025158 113.97334414048706 51.075460734771923 3.7210643471755631 -0.73306806054142937 0.0052053592180656971,0.24529454192020239 -9.973846531844174 -4.5047111640270145 -0.6143549325015556 0.046090748793687908 -0.030204267774280424
ur,tetrapga,1.667337584,0.480787485,0.31957067,0.022625708,34.060093,41.733494,4.257511625,1,0,0,3.727597602,0.059968699,0.9,0,0,0,0 0 0.050000000000000003,0 0 0.050000000000000003,0 0 0.050000000000000003,wrist_3_link,-1,0,0 0 0,0 0 0,,0.066175216555425437 -1.5170380241831012 0.020058710174071945 -1.5100880481536563 0.039712544536125792 0.030824041076045319,0.093802741501690129 0.026466373776102465 0.063596913855379314 0.044641429223619862 0.023345029231106422 0.015335867170694618,0.32358560194230018 -1.2773045898150506 0.2940184182781313 -1.3592983217718682 0.12063024528823117 0.08636899961656086,0.086483959116137377 0.0023890947807716635 -0.076549446711655408 -0.13032181477789528 -0.15241654649608133 -0.12730656106749674,0.081247983319267081 -1.5138333831918565 0.028757955664854628 -1.5041001617077829 0.042339418905676621 0.032344667308666877,0.88527289451713176 0.20172660974619747 0.49805842127086375 0.33157989511620761 0.12992246140182495 0.069502623060931912,2.1975703367677575 119.1574281228288 63.656154610713116 4.6661236193878786 -0.76548042387638437 0.01477870563354251,-0.3565181795264607 -6.8609071757955462 -3.3938562566025325 -0.62961869389164349 0.00031946345909261709 -0.047495293584759679
ur,tetrapga,1.7091723,0.473800134,0.295904141,0.030595546,39.773074,47.284152,4.97163425,1,0,0,3.645251445,0.118309152,0.9,0,0,0,0 0 0.050000000000000003,0 0 0.050000000000000003,0 0 0.050000000000000003,wrist_3_link,-1,0,0 0 0,0 0 0,,0.068932571607377299 -1.5159945835619115 0.021989800579400309 -1.5088629070032893 0.040279891586858574 0.031178644771577387,0.055821643292500056 0.023246270252746525 0.039981995003927823 0.024810987977041763 0.011294166831223166 0.0070310282467583368,0.32707197666680815 -1.2773306697777305 0.29068603998132131 -1.3648418432469609 0.1142104464768379 0.081025284570274553,0.080179251916877331 -0.0036336408733998716 -0.082745463859151852 -0.13467078361746454 -0.15446296439567681 -0.12814125626432779,0.082040871189667533 -1.5135343859875745 0.028979088094115507 -1.5041545545439958 0.042053429596501178 0.032087711066373287,0.8688242157931676 0.17244967366369096 0.45065124649850469 0.29087247644252018 0.092971793779197981 0.040756878281394314,3.8091325802456666 121.33261796773877 65.894352788321058 4.8141414272713252 -0.78325950218806195 0.015254001499995895,0.19768639334125737 -10.012349412752883 -4.5893318813786408 -0.60448574150177592 0.059134436453192052 -0.021908167866229178
ur,tetrapga,1.756547198,0.464257047,0.314190187,0.053794926,34.039702,41.840547,4.25496275,1,0,0,3.53320362,0.062455464,0.9,0,0,0,0 0 0.050000000000000003,0 0 0.050000000000000003,0 0 0.050000000000000003,wrist_3_link,-1,0,0 0 0,0 0 0,,0.073489035148302503 -1.5148613337178871 0.024792781885083083 -1.5069435726834557 0.041168285012740453 0.031720424328279651,0.081193051836829677 0.02880195156882193 0.054747708957504249 0.03129404383629808 0.012566599465772313 0.0071864448513985265,0.33069991062740434 -1.2776639884216985 0.2866022048909479 -1.3713345762585829 0.10684256646245877 0.074935067065790631,0.072967055769778078 -0.010433614582323305 -0.089636632646698841 -0.13939294321059983 -0.15653999913524266 -0.12894014832910466,0.084629426667378396 -1.5128946482816334 0.030270290986971732 -1.5034924009068837 0.042106061228627381 0.0320373497710294,0.85805918729917197 0.16290144638718129 0.42304449967155483 0.25708283835525597 0.061900490500819853 0.016660259212866464,3.2262676359028575 120.11737833900946 64.469337926500074 4.6737415377046947 -0.76891541639039307 0.013748401935711377,-4.3414471860397157 -7.7642327273579212 -6.4188186283432742 -3.0125158793907758 -1.0671939107223523 -0.84951449444638172
ur,tetrapga,1.798460057,0.456929693,0.301539614,0.032510278,34.039776,41.488612,4.254972,1,0,0,3.424867209,0.076119271,0.9,0,0,0,0 0 0.050000000000000003,0 0 0.050000000000000003,0 0 0.050000000000000003,wrist_3_link,-1,0,0 0 0,0 0 0,,0.07612118207930374 -1.5137509195548209 0.026601527224342399 -1.5059165611524765 0.041555357311622056 0.031935726766523287,0.050734219023379531 0.022721473911746465 0.035508520092707087 0.019876520056966863 0.0074528517603904779 0.0041532528236434699,0.33362342241684484 -1.2782269386859701 0.28271959126289725 -1.3772612275748961 0.10024681518242737 0.069518303384222421,0.066528759737179033 -0.016424860300203386 -0.095615044816576192 -0.14338601764595962 -0.15816261927269457 -0.12951688524724669,0.087138373742799896 -1.5120722078713775 0.031616564702381819 -1.5028853109068212 0.042109491560790718 0.031952816612334858,0.84538367118235302 0.15632200585619083 0.39758194959059445 0.22739626535737961 0.034847786333249767 -0.0042152070551862032,3.9110821936709197 118.59930045323945 63.773184224738209 4.5947118932199587 -0.75464142658740641 0.013107069277558015,0.23482401193217584 -10.577598615283023 -4.8765417677764304 -0.60129749094812723 0.076943344106098266 -0.013026157299009355
ur,tetrapga,1.840052076,0.450457265,0.295172658,0.030847582,34.168474,41.813382,4.27105925,1,0,0,3.316440853,0.093302911,0.9,0,0,0,0 0 0.050000000000000003,0 0 0.050000000000000003,0 0 0.050000000000000003,wrist_3_link,-1,0,0 0 0,0 0 0,,0.078039411266290618 -1.5129518233164498 0.027807181927309122 -1.5052885186531517 0.041705236650885998 0.031986966166775793,0.039568779937963636 0.016652180168459256 0.024921427542123415 0.012883906478806368 0.0030418548610810551 0.0010237701850086861,0.33625679145635129 -1.2790332268812676 0.2786213992503761 -1.383304302713845 0.093638512660115317 0.064121630740839042,0.060092457992626871 -0.022341105789212355 -0.1014314044361915 -0.14717264214811404 -0.15957168757096354 -0.12996821041521492,0.094230494888460067 -1.5103744858398402 0.035294777690336364 -1.5010455306824118 0.04237916203291308 0.031916805055806213,0.88651514320752123 0.21221525394215024 0.45977662349431819 0.22997252805117097 0.033708809015295153 -0.0045014445660802775,-12.969145361546854 108.82770429286468 48.832086300382095 3.5381378237010699 -0.6926821107654102 0.0051347448556641959,0.19941007436813152 -10.122961966260846 -4.6271372338944019 -0.54239208514536585 0.087861413049296289 -0.0033291819744221129
ur,tetrapga,1.881940227,0.443759485,0.299973715,0.027669601,34.011579,41.668528,4.251447375,1,0,0,3.204223026,0.064147801,0.9,0,0,0,0 0 0.050000000000000003,0 0 0.050000000000000003,0 0 0.050000000000000003,wrist_3_link,-1,0,0 0 0,0 0 0,,0.080146303937624619 -1.5123287346347336 0.028949251029566352 -1.5046650962933033 0.041822742739737087 0.032004514194953385,0.044806067876403524 0.014332442851530477 0.025121774526081577 0.013180973141052002 0.00241863271524345 0.00033408221765107894,0.33863745513233129 -1.2800932422588094 0.27425207871096963 -1.3895458110347039 0.086928180694053447 0.058670110316115555,0.053568729458192688 -0.0282642084843715 -0.10716592152978527 -0.15080501555064665 -0.16078697418196092 -0.13030075769988805,0.093840254710054138 -1.509914756336928 0.035201525870371855 -1.5013234967186089 0.042112208676840027 0.031721194450386306,0.83148191212647404 0.17960673754487727 0.38493893880256208 0.19147709615608149 0.001407036314366901 -0.029933146874187359,3.6766157704016518 110.55594350663075 58.539284575658868 4.1568436935257935 -0.68669217207920286 0.010758016434234191,0.001680795618369757 -8.9465433013683651 -4.1504401738006038 -0.5089381718162258 0.082402973604914109 -0.0011660127180022073
ur,tetrapga,1.923712328,0.436776906,0.305671132,0.026326413,34.151183,41.491162,4.268897875,1,0,0,3.106666004,0.086770982,0.9,0,0,0,0 0 0.050000000000000003,0 0 0.050000000000000003,0 0 0.050000000000000003,wrist_3_link,-1,0,0 0 0,0 0 0,,0.082398274484579301 -1.5117155421607329 0.030120313062275868 -1.5040489825868368 0.041904337204860614 0.031988847659622351,0.04758507376560963 0.015342175999568171 0.026355416933185702 0.01305092133034377 0.0016391480172070999 -0.00036523342374259599,0.34073862682563949 -1.2813965593731671 0.26965833239288584 -1.3959176949049619 0.080190021531959296 0.05322237099320716,0.047027537630613736 -0.034129779077824843 -0.11275535503751874 -0.15424232946593111 -0.16179416550237502 -0.13051041838383981,0.10079908467583309 -1.508052527774487 0.038731591732177585 -1.4997723105787333 0.042111695282874284 0.031479464041991347,0.86985374572236973 0.23277857030512522 0.4412582327257159 0.19389826748443945 -6.4174245717940961e-05 -0.030216301049369548,-12.069351925531906 100.97233151212205 45.146361274795666 3.2555304228341311 -0.6371763719901391 0.0047613335751257001,-0.099083202341660126 -8.4128874616062603 -3.9489619766823125 -0.4934514859387491 0.081703786164680992 0.0010083375860787669
ur,tetrapga,1.965312351,0.428149705,0.329043162,0.024571669,34.108878,41.522195,4.26360975,1,0,0,2.988029914,0.014126283,0.9,0,0,0,0 0 0.050000000000000003,0 0 0.050000000000000003,0 0 0.050000000000000003,wrist_3_link,-1,0,0 0 0,0 0 0,,0.086170940204479185 -1.5109248616391557 0.031976691506959712 -1.5030540910973016 0.042046057495405846 0.031965580694522537,0.08139207917339869 0.022461958358428371 0.043987136010485449 0.021594666930085778 0.0029636136809557093 -0.00049449119305662744,0.34255895950897397 -1.2829370622075205 0.26485424017689102 -1.4024021402066309 0.073442052770965258 0.047790889633994194,0.040484045857079827 -0.039924587609746674 -0.11818771888845338 -0.15747824354247028 -0.16259325947491909 -0.13059823967399264,0.099994766263900081 -1.5079309954575799 0.038266190269072069 -1.5002089472929585 0.041793526596228071 0.031257415599207042,0.81371922796799301 0.19471240615519214 0.36400608118792777 0.15053169313235845 -0.035668724113999614 -0.058138346131237105,3.3226729460989191 102.62061566673745 53.544967159224541 3.7290790899564414 -0.6236051322905215 0.0081035156269803899,-0.39602480984251542 -7.3967199353282922 -3.6857504051262282 -0.52316251667707547 0.071675864703635739 0.0013821521087606925
ur,tetrapga,2.006942577,0.420206003,0.318995563,0.030758706,33.946005,41.289098,4.243250625,1,0,0,2.888455595,0.041622795,0.9,0,0,0,0 0 0.050000000000000003,0 0 0.050000000000000003,0 0 0.050000000000000003,wrist_3_link,-1,0,0 0 0,0 0 0,,0.088800588603568889 -1.5099383897814873 0.033479880079590643 -1.5024104393310573 0.042057924522338565 0.031884733161856998,0.0502928960594426 0.022182331868298703 0.030497805520923189 0.01241960155704932 5.4365968782463836e-05 -0.0016596637540190343,0.34410760440729321 -1.2847189422086365 0.25982331242975598 -1.4090221021356997 0.066660155319672135 0.042354319519980185,0.033912614459235539 -0.045671332757954382 -0.12348446351279631 -0.16052605119758157 -0.16318868871093911 -0.13056545336029141,0.10077869156040563 -1.5075331729068568 0.038495817334360041 -1.5003641757562134 0.04141526045642295 0.030933637870539765,0.79762676583389247 0.17518996408460397 0.32784777000358611 0.11818969447431601 -0.063808137857545605 -0.07967956374903222,4.9922427889461307 101.87158253546539 54.066172886425818 3.737036559758609 -0.61834010275619267 0.0079327836927779137,0.031579882830271799 -9.7878471144722425 -4.6138059362823469 -0.54124100351236848 0.09707193852578655 0.0049580644408138141
ur,tetrapga,2.048325983,0.410989605,0.340159846,0.028596778,34.010741,41.316787,4.251342625,1,0,0,2.768327588,0.013570762,0.9,0,0,0,0 0 0.050000000000000003,0 0 0.050000000000000003,0 0 0.050000000000000003,wrist_3_link,-1,0,0 0 0,0 0 0,,0.092719034965980093 -1.508872161022913 0.035461565285357051 -1.5015069706394981 0.042063491675062611 0.031751379931461335,0.081328874448619748 0.027965168328793789 0.045212400856993025 0.018943710064390652 2.2066416244941149e-05 -0.0027599803683639335,0.34537555211379017 -1.2867262013504097 0.25460662774300163 -1.4157246004583199 0.059898101860782101 0.036953810462158274,0.027363129584521122 -0.051326587952509925 -0.12860600490721447 -0.16336382697221813 -0.16357785589163906 -0.13041351729005787,0.10303211028115618 -1.5068519154229016 0.0394270116268923 -1.5002114733371261 0.041039721055772069 0.030560670674361051,0.78540587724541466 0.16884394274789341 0.30604003962922005 0.090512482591198762 -0.08745687624633898 -0.097729778329937428,4.3592318577835947 99.037922980769949 51.937300886506208 3.5539578565964898 -0.59505004593761635 0.0065666644374359415,-0.27309357704496051 -8.6769315389601616 -4.289516731815894 -0.55416355786019267 0.090469897784572595 0.0083379766308553371
ur,tetrapga,2.089743745,0.40297574,0.326665868,0.034614665,34.124442,41.554905,4.26555525,1,0,0,2.651705631,0.023749675,0.9,0,0,0,0 0 0.050000000000000003,0 0 0.050000000000000003,0 0 0.050000000000000003,wrist_3_link,-1,0,0 0 0,0 0 0,,0.095112866557798756 -1.5078132506608175 0.036852102438107319 -1.5010227930372058 0.041962619795984812 0.031591688627070402,0.048444469488112055 0.023453031918230807 0.029015590910176282 0.0097694813309809614 -0.0022602371306368338 -0.0033930800708293074,0.34637292622483867 -1.2889681702101525 0.24917646411996788 -1.4225462287009039 0.053118499239048565 0.031557573018897785,0.020797192137167148 -0.056923707578982394 -0.13358300492983632 -0.16600944489387645 -0.16376500227646448 -0.13014273079340094,0.10522980805281165 -1.5060200531461352 0.040410271039383418 -1.5000958301666314 0.040631233761802402 0.030164302370962327,0.76966495416677316 0.16406623696556336 0.28383925086045114 0.065162877566799005 -0.10874208300950479 -0.11398465996917498,5.1731140209590176 96.133171160622425 50.597156301001199 3.4280300999302673 -0.57141994554855091 0.0058733353361284562,0.16021172773031367 -11.043994124490382 -5.1921996971265969 -0.57080338413106801 0.11370849845432929 0.010277469881565082
ur,tetrapga,2.131391597,0.395530565,0.322316718,0.033627507,34.044778,41.552971,4.25559725,1,0,0,2.540836711,0.034174875,0.9,0,0,0,0 0 0.050000000000000003,0 0 0.050000000000000003,0 0 0.050000000000000003,wrist_3_link,-1,0,0 0 0,0 0 0,,0.096942300353269173 -1.5069620025101029 0.03784660121823398 -1.5007551770716623 0.041770708980905499 0.031379403300909513,0.038017516698057155 0.018321025502094853 0.020914099855130024 0.0054381127287677017 -0.0041441725851085959 -0.0045252933288164182,0.34710149779238975 -1.291454936839211 0.24351148574028439 -1.4295121186083781 0.046297655617124844 0.02614514698105103,0.014189696401628274 -0.062483048768409648 -0.13843243911523773 -0.16847087045581641 -0.16374937253407015 -0.1297512069520321,0.11169699771271752 -1.5043278900495909 0.043082038018731374 -1.4995568672801778 0.039757428783041941 0.029252986771412911,0.80839870748823295 0.21152038706804904 0.33397087241849432 0.067370360806711577 -0.10922562234505723 -0.11391444994367689,-10.376564687241418 87.375542574378755 39.071403564004527 2.789710876344174 -0.54232102184532693 0.0042544223472168905,0.15171187642715722 -10.800943421244483 -5.0441260285314229 -0.53509046748058609 0.118082514472448 0.013804389928360195
ur,tetrapga,2.173019297,0.388034512,0.325524904,0.031400157,34.141951,41.479108,4.267743875,1,0,0,2.440179279,0.00216245,0.9,0,0,0,0 0 0.050000000000000003,0 0 0.050000000000000003,0 0 0.050000000000000003,wrist_3_link,-1,0,0 0 0,0 0 0,,0.098891900077713257 -1.5062490558189134 0.038759662549287893 -1.5005342146386829 0.0415191292868737 0.031114749104821308,0.041355716477649129 0.016284517273371286 0.020186043976057017 0.0046741023371535094 -0.0053774379502259358 -0.0056251774872538409,0.34755472750755617 -1.2941703357156626 0.23765075055236004 -1.4365728851619231 0.039485004990052162 0.020754110236616038,0.0075863597255419251 -0.067965249539399988 -0.14311903596674017 -0.17072937109577513 -0.16353008670708241 -0.12924104530114552,0.11128086873242085 -1.5038254077786219 0.043073731337936919 -1.4998004620402443 0.039533302032238565 0.029094546257978218,0.74830247965068253 0.18288314445379128 0.26911013174091064 0.030634864898264766 -0.13812212533990681 -0.1361652100173617,4.7884368189683393 87.220055617515456 45.045427566869819 2.9725715535417452 -0.50130191161588911 0.0034617389647782306,0.011323117366146107 -9.9905929626174839 -4.7100235613689279 -0.50529568431193184 0.11664403031473114 0.017223954215111803
ur,tetrapga,2.21459634,0.380419227,0.329935136,0.030286404,39.575821,47.246222,4.946977625,1,0,0,2.307245993,0.011161707,0.9,0,0,0,0 0 0.050000000000000003,0 0 0.050000000000000003,0 0 0.050000000000000003,wrist_3_link,-1,0,0 0 0,0 0 0,,0.1009330513497861 -1.5055547989036777 0.039665942859827927 -1.5003498038297953 0.041216974623012749 0.030806885942251186,0.043090783346381806 0.016797073681099752 0.020521383885298321 0.0039407498761045746 -0.006444648070929395 -0.0065238862656444817,0.34773315026194662 -1.2971085871720816 0.23160582488940376 -1.4437146789008555 0.032693969294456775 0.015393285095423911,0.00099806328312660939 -0.073361130588387904 -0.14763499941048383 -0.1727816163573499 -0.16310865717066447 -0.12861368590083594,0.11475148219498671 -1.5026760897790465 0.044431884176127479 -1.4997997847364171 0.038753103406990494 0.02836198616511517,0.75719597602806843 0.19770822260490406 0.27626249471472619 0.017251593901887075 -0.15013959661770165 -0.14508062674141115,-1.8426723322817544 81.956115088237397 39.749627080617174 2.6913161174090896 -0.48416960091724759 0.0033509604469625009,-0.069928927270154873 -9.5673424216965941 -4.542960646451661 -0.4880714166602047 0.11725103515227886 0.020011772921051829
ur,tetrapga,2.261953611,0.370250125,0.34262354,0.027700585,34.012285,41.469591,4.251535625,1,0,0,2.21669779,0.015165615,0.9,0,0,0,0 0 0.050000000000000003,0 0 0.050000000000000003,0 0 0.050000000000000003,wrist_3_link,-1,0,0 0 0,0 0 0,,0.10477591045334844 -1.5045354439714091 0.041230791416747507 -1.5000325492615578 0.040667831332546089 0.030240813409108877,0.066543717864532281 0.024133939925094144 0.029957640469342378 0.003639503834879358 -0.011866429209415016 -0.011570974777815881,0.34760302543299992 -1.300726294889941 0.22449644838477084 -1.4519476263995992 0.024985729949740586 0.0093221864375139553,-0.006489958933567126 -0.079403503901740627 -0.15257217245880883 -0.17486895262817048 -0.16238361845954288 -0.12775679024700623,0.11549992844716729 -1.5021749807553055 0.044683290439637431 -1.5000570691270196 0.038292042359851133 0.027974758790878032,0.71702901537496366 0.17884826499025835 0.23149408039999242 -0.017612766003997825 -0.177303126239645 -0.16583012452924911,4.8809210779552661 79.539307310389219 40.73495575066476 2.6059242867187318 -0.44344371712471159 0.0013960110876842784,-1.0888007664621568 -7.305948592459572 -4.1550876792871918 -0.57527668791499309 0.032015828791685408 -0.029895680264395708
ur,tetrapga,2.303517968,0.36225679,0.341280417,0.033921288,34.220451,41.527728,4.277556375,1,0,0,2.119475026,0.021803403,0.9,0,0,0,0 0 0.050000000000000003,0 0 0.050000000000000003,0 0 0.050000000000000003,wrist_3_link,-1,0,0 0 0,0 0 0,,0.1069119915344667 -1.5035930936726536 0.042272529695074966 -1.4999106238960975 0.040275850555285639 0.02986136730390717,0.043564732341759581 0.02169864649011724 0.022630954843964407 0.0025950269733542811 -0.0080782459152838153 -0.0077851729637216961,0.34719704881213798 -1.3041351758992299 0.21806808873524439 -1.4592501327439831 0.018253332266572428 0.0040298609908097777,-0.013041077212090182 -0.084610009990652643 -0.15671920950427845 -0.17647950877477198 -0.16153378711201813 -0.12688093567725897,0.11677269101520896 -1.5015359700861353 0.045108858297940743 -1.5003498871850147 0.037687832311975651 0.027456343696042031,0.69584137804899426 0.16850839098053727 0.2038685288230673 -0.045755084182036727 -0.19951426819909182 -0.18271491891882116,5.9177863890755145 76.310770638173182 39.3905177988185 2.4715009078872447 -0.41760688022342801 0.00055453569771284636,0.043276870715374116 -10.738235697459459 -5.0881931290348916 -0.52068952192803408 0.1305465822143077 0.023871053234053363
ur,tetrapga,2.345135066,0.353842444,0.346733885,0.033090516,34.067711,41.613195,4.258463875,1,0,0,2.010700307,0.032327069,0.9,0,0,0,0 0 0.050000000000000003,0 0 0.050000000000000003,0 0 0.050000000000000003,wrist_3_link,-1,0,0 0 0,0 0 0,,0.10952584624426115 -1.5026051312606488 0.04340722104545406 -1.4998280959310966 0.039748066029168333 0.02935731982213383,0.052360764728932148 0.022564533719888955 0.024551093040618928 0.0017347697162953131 -0.010629856726763294 -0.010105379670518264,0.34651826319902723 -1.307763222034628 0.21146257916098618 -1.4666246339313391 0.011551911211450936 -0.0012303149852655214,-0.019574624413995198 -0.089727212233787726 -0.16069274565368694 -0.1778832157117024 -0.16048464255336148 -0.12588919980771224,0.11857259069724105 -1.5007640049328894 0.045722635517416531 -1.500653782873099 0.036967821316952573 0.026828258199993633,0.67791525843825007 0.16331821756283843 0.18307448071489152 -0.070598914380434669 -0.21876598170242753 -0.19732169488678702,5.8062637134737205 72.469500029039693 37.147721323878251 2.2854843413012755 -0.38871362970135764 -0.00045834304317102659,-0.064929597847481091 -10.367460230242614 -4.9635774747583241 -0.5048425722425236 0.13596233364782506 0.031030510881755902
ur,tetrapga,2.386840102,0.346066276,0.344360946,0.034725726,34.163688,41.437573,4.270461,1,0,0,1.905388904,0.027013743,0.9,0,0,0,0 0 0.050000000000000003,0 0 0.050000000000000003,0 0 0.050000000000000003,wrist_3_link,-1,0,0 0 0,0 0 0,,0.11147854329173254 -1.5017173116376799 0.044281368084310255 -1.4998569420842784 0.039250563215783227 0.028900968698804104,0.04006394297950782 0.020034683496997385 0.018960343887193285 -0.0005366586528245033 -0.010280640144769421 -0.0094035658265845812,0.34556591907931261 -1.3116104800578641 0.20468102900355536 -1.4740689312196753 0.0048842443695657255 -0.0064578223211574706,-0.026090004468162762 -0.094753971066704176 -0.16449126083191087 -0.17907904821510282 -0.15923621018012285 -0.12478139438131494,0.12029972938688679 -1.4999649846152785 0.046309374925010208 -1.5010055504166591 0.036217447965226766 0.026178414257980252,0.65927029905000178 0.15945920875078182 0.16342164051835145 -0.093773492246282786 -0.23646803764264213 -0.21077489892732754,6.1444783368010238 68.57207714609639 35.075911352746225 2.1071194520721126 -0.35865462961379158 -0.0014193594811309929,0.057727454568862413 -11.022607973184677 -5.2088589050520397 -0.51085033492745424 0.13934811838402084 0.028870756875839731
ur,tetrapga,2.428375884,0.338645335,0.344020811,0.034117312,34.105506,41.566581,4.26318825,1,0,0,1.80651286,0.022528606,0.9,0,0,0,0 0 0.050000000000000003,0 0 0.050000000000000003,0 0 0.050000000000000003,wrist_3_link,-1,0,0 0 0,0 0 0,,0.11318734288667659 -1.5009226414502259 0.044997281589870083 -1.4999695496857275 0.038726507008379436 0.028431601140056832,0.035752972475424027 0.018085152479416632 0.015795921385690352 -0.0023894873411330216 -0.011088219514013897 -0.0099016644269598313,0.34434813192698055 -1.315648311915496 0.19777340707087668 -1.4815282074530862 -0.0017005726435246941 -0.011615859024541993,-0.032541206838598957 -0.09965473708633743 -0.16808812226723621 -0.18005935744809862 -0.15779892762324738 -0.12356601972034867,0.12187531335536403 -1.4991934899784876 0.046814709654011091 -1.5014144363124604 0.035446590018757482 0.025517076684523701,0.64147215232279109 0.15629038178309768 0.1451726745713679 -0.11586078265837263 -0.25317343350570187 -0.22349137681185494,6.3243511596883053 64.617497614704064 32.924319377764107 1.9254425851420809 -0.32864548052451686 -0.0023746713485840111,0.035882540441320998 -10.846764714986421 -5.1175968667635914 -0.49289491335457569 0.14061494630360016 0.030426149649393608
ur,tetrapga,2.470031845,0.331295573,0.346152789,0.033373618,34.053392,41.350749,4.256674,1,0,0,1.712388809,0.023020729,0.9,0,0,0,0 0 0.050000000000000003,0 0 0.050000000000000003,0 0 0.050000000000000003,wrist_3_link,-1,0,0 0 0,0 0 0,,0.1149199034410073 -1.5001665715680219 0.045658688167680025 -1.5001467892512654 0.038140006554291554 0.027911561779173175,0.036542354515963868 0.01769315595366833 0.01502156713790935 -0.0037027330186729015 -0.012434772436491465 -0.010998767542648859,0.34285859084902298 -1.3198999835220069 0.19069969717006205 -1.4890455558772047 -0.0082404813131719649 -0.016735806771265321,-0.038967353280946061 -0.10445910335435421 -0.17150518455848468 -0.18083071302654677 -0.15616554369057925 -0.12223625252097996,0.12338830826834916 -1.4984476959646156 0.047261255476468922 -1.5018786725859741 0.034640215030932432 0.024829085451532763,0.62383748377043724 0.1540418510798946 0.12806957070292113 -0.13725747551389156 -0.26913540694901111 -0.23565422253945964,6.3637992983193641 60.461028056752475 30.611018138323928 1.7335671386403608 -0.29746398531716378 -0.0033561501374569395,-0.018692142258032618 -10.582290435295363 -5.0060427518761514 -0.47584543213633879 0.14287541402171655 0.033822433795535289
ur,tetrapga,2.511469802,0.32406492,0.348576497,0.033244749,33.991403,41.319134,4.248925375,1,0,0,1.622459696,0.025969994,0.9,0,0,0,0 0 0.050000000000000003,0 0 0.050000000000000003,0 0 0.050000000000000003,wrist_3_link,-1,0,0 0 0,0 0 0,,0.11665478459411331 -1.4994076638346574 0.046290648303277178 -1.5003816236731704 0.037499956482881805 0.027348920560631922,0.036509598640176097 0.018009917216424597 0.014526423860179428 -0.0048977535631962105 -0.013552850586349434 -0.011884206574465997,0.34111225769198128 -1.3243256065112217 0.18352576139348539 -1.4965510679368232 -0.014674743787358354 -0.021771740852889979,-0.045310624310359926 -0.10912386914673375 -0.17471208179139286 -0.18138722408273514 -0.1543526402045732 -0.1208048188513114,0.12486706293789501 -1.4977078120467735 0.047668706601894664 -1.5023949554513374 0.033794813756846551 0.02411053683053218,0.60568956333297197 0.1524834816078888 0.11159433900270217 -0.15810091522066627 -0.28440900000757124 -0.24730827194377036,6.4156021360051225 56.104691255257364 28.209197840518559 1.535593913164798 -0.26501622541449193 -0.004334969886676681,-0.040149599539290648 -10.534540529563856 -4.9867124093502468 -0.46638210474066 0.1458473245828884 0.036559509698705028
ur,tetrapga,2.552850786,0.316993247,0.350561975,0.033569814,33.994069,41.433757,4.249258625,1,0,0,1.536589278,0.029481573,0.9,0,0,0,0 0 0.050000000000000003,0 0 0.050000000000000003,0 0 0.050000000000000003,wrist_3_link,-1,0,0 0 0,0 0 0,,0.11834040208237927 -1.4986360043759808 0.046887563504545079 -1.5006729488078698 0.03681685185408802 0.026753802042867206,0.03539596700076518 0.018272553042758034 0.013749709361850866 -0.0060851116240542577 -0.014446932755286737 -0.012556570262686159,0.33910712856418634 -1.3289356096657503 0.17623309045503213 -1.5040649280590117 -0.021021365990395492 -0.026739347618603544,-0.051590442438399324 -0.11366386310466413 -0.17772013078147636 -0.18173303130491447 -0.15235791247135358 -0.11926887019940238,0.12629952186590432 -1.4969628111583375 0.048041422714056356 -1.5029619171011601 0.032913339245507905 0.023364067377681673,0.58697366947089902 0.15113713162996517 0.095410957604561475 -0.17849562144457959 -0.29906169499492186 -0.25851275737725271,6.4951738167029784 51.619061718559394 25.764833653168804 1.3348077723681904 -0.2318142673268665 -0.0053023274816447665,-0.034027121535586957 -10.653880057950118 -5.0354721364534498 -0.46213497333701525 0.14921565433320438 0.038635448520473403
ur,tetrapga,2.594372963,0.310096193,0.352199037,0.033972403,34.110539,41.608493,4.263817375,1,0,0,1.454848555,0.033282319,0.9,0,0,0,0 0 0.050000000000000003,0 0 0.050000000000000003,0 0 0.050000000000000003,wrist_3_link,-1,0,0 0 0,0 0 0,,0.11996968591405557 -1.4978586966042009 0.047443846533100041 -1.5010202173297533 0.036093366448972028 0.026128394023157128,0.034210308154824259 0.018280947858885632 0.012819760308736496 -0.0072644350960820231 -0.015292349813002667 -0.013192013504391528,0.33683519961626557 -1.3337476339947973 0.16879452253713242 -1.5116144378479561 -0.027302890554681967 -0.031657831195075883,-0.0578310334001935 -0.11809613985095298 -0.18054029680166703 -0.18186928613777961 -0.15017436282845836 -0.11762246746853741,0.12767683224606841 -1.4962133810960219 0.0483774527779854 -1.5035793134725415 0.031998060501522485 0.022591628634524338,0.56777854451105958 0.14967159815591186 0.079352269300900571 -0.19853078213557668 -0.3131615432146847 -0.26932525823688269,6.5720992040109225 47.056344492680687 23.290805575486115 1.1324124196874596 -0.19823367335495751 -0.0062597034677763091,-0.023093583819559171 -10.803846800076826 -5.0958604729308092 -0.45875667364180117 0.15260237964278645 0.040596580786591119
ur,tetrapga,2.63607179,0.303312988,0.353572527,0.034453476,34.024535,41.53262,4.253066875,1,0,0,1.376890938,0.038048952,0.9,0,0,0,0 0 0.050000000000000003,0 0 0.050000000000000003,0 0 0.050000000000000003,wrist_3_link,-1,0,0 0 0,0 0 0,,0.12161474148945216 -1.4970471580490685 0.047981141764065115 -1.5014388380307744 0.035298444720838471 0.025445564958457886,0.032512176901128176 0.017949493711854704 0.011717488713682556 -0.0082451975150920082 -0.015809470735536613 -0.01355469747894998,0.33429419782066538 -1.3387626845660998 0.16121066572459544 -1.5191973430844889 -0.033516131841723015 -0.036526264444048717,-0.064031353171719749 -0.12241883013154013 -0.18317006062070695 -0.18179407592969038 -0.14780141796088606 -0.11586485483222313,0.12902965460861224 -1.4954469784380038 0.048685692485658696 -1.5042548700098708 0.031034691984022533 0.021780718684322412,0.54798346760649208 0.14791139181766377 0.063299401829179772 -0.21822428227659621 -0.32669507839474238 -0.27973476402108771,6.6484547162704422 42.434773034056406 20.793637022547429 0.92868265317632126 -0.1643537057492695 -0.0072130453957086902,-0.0060197710355396339 -10.985503009988861 -5.1680213732130085 -0.45746137014430133 0.15515692322141206 0.041716308179502448
ur,tetrapga,2.677739053,0.296870829,0.354886591,0.03464206,34.112648,41.451891,4.264081,1,0,0,1.303332098,0.041759157,0.9,0,0,0,0 0 0.050000000000000003,0 0 0.050000000000000003,0 0 0.050000000000000003,wrist_3_link,-1,0,0 0 0,0 0 0,,0.12314527542881971 -1.4962750566066427 0.048451146011988654 -1.5018968457692956 0.034494989937703849 0.024759061970500044,0.031529998175827217 0.017850066554588505 0.010824341917103589 -0.0093503306419119234 -0.016602730354575611 -0.01416358131252712,0.33149835849628256 -1.3439512345953684 0.1535272804033441 -1.5267669635943679 -0.03962213900501637 -0.04131566563316811,-0.070154467547124968 -0.126605565871584 -0.1855928086013546 -0.181507323486196 -0.14525361476278867 -0.11400623081230785,0.13031016169295739 -1.494692987855798 0.048947537113171 -1.5049763589088738 0.030047281444422331 0.020951690478549133,0.52783708428017728 0.14600370831568182 0.047389733043415538 -0.23756262741131212 -0.33969493955510743 -0.28977498110776212,6.7011902284430471 37.75491693703605 18.270753176347355 0.7240884800085815 -0.1302644615673309 -0.008147065156678901,-0.0051596381889567056 -11.06382303252667 -5.1963090440801523 -0.45190237591850746 0.15782640670535386 0.043597535211247873
ur,tetrapga,2.719260142,0.290749876,0.355948924,0.034626381,34.013124,41.550785,4.2516405,1,0,0,1.23415588,0.044926753,0.9,0,0,0,0 0 0.050000000000000003,0 0 0.050000000000000003,0 0 0.050000000000000003,wrist_3_link,-1,0,0 0 0,0 0 0,,0.12460706573527526 -1.4955144781081564 0.048875841760298036 -1.5023990247875676 0.033667081110371491 0.024054746442009035,0.030704181846213006 0.01776473097038209 0.0099347474882241112 -0.010525852132818833 -0.017488513931967094 -0.014855294386094137,0.32846012931819624 -1.3492923045364575 0.14577470626814723 -1.5342937854932834 -0.045597538481201003 -0.046009148475002121,-0.076178477564353378 -0.13064173014901742 -0.18780100718608969 -0.18101207590215276 -0.14254292411047526 -0.11205441423680609,0.13151749776565053 -1.4939522979778836 0.049164772252200187 -1.5057396373610878 0.029040120074794423 0.02010781129927993,0.50736050644177477 0.14392937551169363 0.03163535193320894 -0.25649318910840718 -0.35213265032531066 -0.29942589512489415,6.7406926387342709 33.035153711050299 15.73477410519714 0.51949011326363059 -0.096091255918745344 -0.0090601593499875441,-0.014040021993423579 -11.072769058414451 -5.1939571402941169 -0.44349068417523085 0.16027929687538744 0.04573633090176088
ur,tetrapga,2.760911035,0.284907702,0.356990178,0.034720184,34.079462,41.456755,4.25993275,1,0,0,1.169116784,0.04795986,0.9,0,0,0,0 0 0.050000000000000003,0 0 0.050000000000000003,0 0 0.050000000000000003,wrist_3_link,-1,0,0 0 0,0 0 0,,0.1260342060859346 -1.4947504117162773 0.049263565562909527 -1.5029578260971517 0.032795175550091801 0.023315800243340519,0.029968841782154972 0.017899048034911713 0.0091830891717483449 -0.011713902739100231 -0.018416934134346107 -0.015585994203190057,0.32516281871705521 -1.3548155428885928 0.13791011208798121 -1.5418191266844519 -0.051475024218744087 -0.050633838885966849,-0.08213801387641477 -0.13455041731006823 -0.1898075056496078 -0.1803063288629963 -0.13965549578984382 -0.10999864418104038,0.13266763927772213 -1.4932171406357932 0.049342649164669808 -1.5065489365843843 0.028005632377835758 0.01924233449035527,0.48647341899119401 0.14177677641091585 0.016060032139369535 -0.27502560690804895 -0.36400192932591935 -0.30868391011936924,6.7683117322234985 28.244703711935252 13.169094887855863 0.31351821712590011 -0.061601066210161134 -0.0099586223564407383,-0.0178193807015532 -11.120498595266326 -5.2080276528065212 -0.43609551660665602 0.16308020726821582 0.047993766437897989
ur,tetrapga,2.802457349,0.279406264,0.357804774,0.034953158,34.014176,41.429653,4.251772,1,0,0,1.10841475,0.050332663,0.9,0,0,0,0 0 0.050000000000000003,0 0 0.050000000000000003,0 0 0.050000000000000003,wrist_3_link,-1,0,0 0 0,0 0 0,,0.12741448764847918 -1.4939815968344741 0.049614873341425579 -1.5035696565974288 0.031885385108253117 0.022547341782682011,0.028961310224942034 0.017968696072570983 0.0083870298299590744 -0.012825657216118723 -0.019206276956568239 -0.016200998867265788,0.32162832227366234 -1.3604841311597444 0.12998636413081491 -1.5492919779223104 -0.057214524073449249 -0.055159623695145321,-0.087994110880148399 -0.13830585248971172 -0.19159911613688771 -0.17939527621343571 -0.13661169287470526 -0.1078526395503344,0.13376257729935009 -1.4924836068145817 0.049483940278429089 -1.5074041591800458 0.026943417303836897 0.018354685284663056,0.46518922953118047 0.13947024006902783 0.00064737817267509871 -0.29310782364238647 -0.37526142990094297 -0.31751910648194825,6.7946040855119598 23.408726079405284 10.590797097013505 0.10731216200060611 -0.026955762586437754 -0.010840301240916507,-0.013168414949973339 -11.219798625222211 -5.2429737385574242 -0.43068854025750625 0.16576625975881143 0.049892968683430183
ur,tetrapga,2.843973999,0.27419314,0.358368794,0.035375688,34.029521,41.324417,4.253690125,1,0,0,1.051861702,0.052429345,0.9,0,0,0,0 0 0.050000000000000003,0 0 0.050000000000000003,0 0 0.050000000000000003,wrist_3_link,-1,0,0 0 0,0 0 0,,0.1287934590835414 -1.4931770663893684 0.049942651317353842 -1.5042579654956838 0.030904666805715054 0.021721402636337223,0.027209375667943167 0.01769170144416158 0.0074539913289094345 -0.013578793939266176 -0.019478051302870669 -0.016383159116103815,0.31785523454711578 -1.366301497496325 0.12199829141748149 -1.5567174218700535 -0.062820290002762166 -0.059591177924835245,-0.093752504400852754 -0.14191201069376563 -0.19317861994870603 -0.17827993657390293 -0.13341128527364524 -0.10561531715978628,0.13482553574979289 -1.4917353670768292 0.04959603759133753 -1.5083165757135903 0.025837241487376969 0.017430975508003273,0.44343969494718727 0.13687119069346929 -0.014657275887690422 -0.31068917212162617 -0.38585007112066977 -0.32588355673761316,6.8274943335116109 18.54850547386577 8.0103421638847028 -0.098729899468055882 0.0077549298527376104 -0.011713774872621451,0.0039742512567499944 -11.389714098718287 -5.3063531619002617 -0.42963030451301165 0.16730189621593894 0.05045595301967154
ur,tetrapga,2.885391992,0.269475253,0.358709482,0.035560314,34.008403,41.467453,4.251050375,1,0,0,1.000140147,0.052798305,0.9,0,0,0,0 0 0.050000000000000003,0 0 0.050000000000000003,0 0 0.050000000000000003,wrist_3_link,-1,0,0 0 0,0 0 0,,0.13005928418551471 -1.4924111670580789 0.050214128303028488 -1.5049693353357081 0.029931380965937712 0.02090369274683971,0.02604390201766529 0.017573433358496312 0.0065949281219866195 -0.014573274408210209 -0.020099930744962302 -0.016868173654011925,0.3138549146183901 -1.3722511383490015 0.1139682326559836 -1.5640748818399108 -0.068277139826727187 -0.063917770504048121,-0.099398929600878747 -0.14536026164136726 -0.19454314900976857 -0.1769650073418105 -0.13006496821994046 -0.10329322351191686,0.13581421502007424 -1.4910004989484098 0.049667074138410955 -1.5092652908653745 0.024717663196988753 0.01649666453147814,0.42147563162945589 0.134096014905637 -0.02975110113073122 -0.32779191766861659 -0.39583100380647068 -0.33383369958067166,6.8404182516343486 13.669928091923948 5.4275702495034608 -0.30372404999883251 0.042361685251394512 -0.012557864253668673,0.0082211048243152618 -11.476831720328846 -5.3340470297693514 -0.42425688266575889 0.16932656571388804 0.051954781628751334
ur,tetrapga,2.926955126,0.265178231,0.358867054,0.035703029,34.082405,41.667235,4.260300625,1,0,0,0.95330369,0.052751142,0.9,0,0,0,0 0 0.050000000000000003,0 0 0.050000000000000003,0 0 0.050000000000000003,wrist_3_link,-1,0,0 0 0,0 0 0,,0.13126925923785171 -1.4916493372252986 0.05044603895116935 -1.5057282179704541 0.028928729046993885 0.020062905652153479,0.024887999959100481 0.017452567182346806 0.0057485257341970634 -0.01555316063956408 -0.020704587599492938 -0.017344002923175037,0.30960761804669557 -1.378362032131393 0.10585764039201859 -1.5713991978819664 -0.073610669128374356 -0.068161007566328313,-0.10496140564679471 -0.1486674792905637 -0.19569939408052342 -0.17544455453898958 -0.1265576421539823 -0.10087503218734875,0.13673552812162404 -1.4902757153095112 0.049699291866693376 -1.5102522319202527 0.023581464468139864 0.015548740669757999,0.3992238741210829 0.13115034718043236 -0.044658084779209239 -0.34443468783127634 -0.40521645678038021 -0.34138055280110252,6.8415894991100048 8.7631120785734407 2.8365235583074209 -0.50853419403503286 0.076992462592488681 -0.013384945600991171,0.010978881868709323 -11.551112035061124 -5.355454325899359 -0.41840837457039015 0.17117856396790643 0.053425632526206357
ur,tetrapga,2.968714412,0.261345516,0.358787595,0.0356286,34.005732,41.281224,4.2507165,1,0,0,0.911539803,0.052255688,0.9,0,0,0,0 0 0.050000000000000003,0 0 0.050000000000000003,0 0 0.050000000000000003,wrist_3_link,-1,0,0 0 0,0 0 0,,0.13241679219173746 -1.4908978140528097 0.050638902036731485 -1.5065254448648204 0.02790707138860395 0.019207404259943796,0.024060145143512603 0.017426938643620559 0.0049133364775236872 -0.016731934331682435 -0.02156004944328559 -0.018036580373867604,0.30510971252320751 -1.3846369250425339 0.09766486788502346 -1.5786902532255407 -0.078819508940072294 -0.072321244984861283,-0.1104404771750922 -0.15183279030988597 -0.19664539155848942 -0.17371664636969919 -0.12288826015098882 -0.098359294262127181,0.1375896137382957 -1.4895623159354163 0.04969406120524282 -1.5112739656326803 0.022432098972624253 0.014589761087867966,0.37668169772108839 0.12805609322428416 -0.059379468317258224 -0.36064090503749191 -0.41402111949293119 -0.34853892214480481,6.8249258499165411 3.8193150574305292 0.23290467062190379 -0.7131521962346159 0.11165409831644632 -0.014187452070939797,0.0025319557557850203 -11.551055369081951 -5.3442899961155774 -0.40874516479198064 0.17326546480311578 0.055567033320350845
ur,tetrapga,3.0100945,0.257996221,0.358579432,0.035742329,34.126728,41.485065,4.265841,1,0,0,0.874676771,0.050928236,0.9,0,0,0,0 0 0.050000000000000003,0 0 0.050000000000000003,0 0 0.050000000000000003,wrist_3_link,-1,0,0 0 0,0 0 0,,0.13351377842306195 -1.4901465448795945 0.050794569637214404 -1.5073723356829234 0.02685324049850361 0.018325993422513669,0.022972515473222897 0.017412019851616022 0.0041155391772410704 -0.017769046498280497 -0.022226956948673212 -0.018573716256107976,0.30042928936232888 -1.390981942957874 0.089511957953958401 -1.5858398605980331 -0.083827003901975394 -0.076338354603776207,-0.1157565381699729 -0.15481077483507824 -0.19736901988705227 -0.17180902805671519 -0.11911355631263376 -0.09578389094511662,0.13838298308122343 -1.4888558414147202 0.04965361329337524 -1.512333334219256 0.02126543654137911 0.013615995973465439,0.35391087508461344 0.12482362410250354 -0.073837765992200016 -0.37627294520286836 -0.42215414929653228 -0.35523516023772106,6.8082704441360526 -1.1318587662919259 -2.3627172749716809 -0.91636355578861162 0.14618918466289529 -0.014966123684962739,0.0047236592171202574 -11.618555057995763 -5.3613493668916874 -0.40202508494439826 0.17519660227101497 0.057226943915786421
ur,tetrapga,3.051703103,0.255135692,0.358180769,0.035890333,33.97413,41.24702,4.24676625,1,0,0,0.843026707,0.049075215,0.9,0,0,0,0 0 0.050000000000000003,0 0 0.050000000000000003,0 0 0.050000000000000003,wrist_3_link,-1,0,0 0 0,0 0 0,,0.13455423099604599 -1.4893967810274338 0.0509134928069074 -1.5082649938739947 0.025772413920175895 0.017422795848772609,0.021770998703971665 0.017339610977166863 0.0033101735835800576 -0.018728595514938693 -0.022788810834377303 -0.019027857469850248,0.29550365762850161 -1.3974828999864632 0.081288293330651601 -1.5929453346232194 -0.088701861992169617 -0.080268520880656141,-0.12098353731417168 -0.15764334918330974 -0.19788181219874509 -0.1696976230213865 -0.1151842733885645 -0.093114194062818345,0.13911558793451301 -1.4881549154074643 0.049578948965688173 -1.5134302662819856 0.020081720814102935 0.012627393041908849,0.3308726119930514 0.12142447670376939 -0.088075510561907405 -0.39138777943060243 -0.42965055209603542 -0.36150035866229613,6.7842161244601584 -6.1014813230100966 -4.9605202581667553 -1.1190528353172455 0.18069141962275612 -0.01572877855610904,0.0095964863459130356 -11.700015155242909 -5.3835499389526547 -0.39610703986545559 0.17686937858249507 0.05863048830625317
ur,tetrapga,3.093040306,0.252794912,0.357570592,0.036029282,34.221517,41.805153,4.277689625,1,0,0,0.816601588,0.046451528,0.9,0,0,0,0 0 0.050000000000000003,0 0 0.050000000000000003,0 0 0.050000000000000003,wrist_3_link,-1,0,0 0 0,0 0 0,,0.13553456089890312 -1.4886514268592685 0.050995501426874423 -1.5091998342666415 0.024669110965953669 0.016501320374732124,0.020497612538207588 0.017193419252631553 0.0024949972666266102 -0.019613470732350025 -0.023255946528339577 -0.019408668969417921,0.29039730424513754 -1.4040547898318578 0.073101560287936199 -1.5999135446881969 -0.09338037157237894 -0.084061455111066385,-0.12605427977368996 -0.16029424274949219 -0.19817791965844467 -0.16741116859223412 -0.111153358494378 -0.090385192424761354,0.13978639561898301 -1.4874604642075888 0.049470831958552314 -1.5145623179398235 0.018883658864012401 0.011625944593010163,0.30766515029140296 0.11783836572336967 -0.10204915472236314 -0.40590845820008592 -0.4364696282634114 -0.36730151442490866,6.7551687202751953 -11.060005761236718 -7.5428322278150031 -1.3196961123011148 0.21492635700735147 -0.016465676659116388,0.014910000707686777 -11.780138230798002 -5.4043923363603312 -0.39048649290816684 0.17821516941440763 0.059807934020454923
ur,tetrapga,3.13493955,0.250899924,0.356866349,0.036288446,33.947552,41.506773,4.243444,1,0,0,0.795694407,0.044451435,0.9,0,0,0,0 0 0.050000000000000003,0 0 0.050000000000000003,0 0 0.050000000000000003,wrist_3_link,-1,0,0 0 0,0 0 0,,0.13649219452088035 -1.487878713673096 0.051043943696998426 -1.5102154661295308 0.023498698148470425 0.015524041063584562,0.018828628961203072 0.016793199338405299 0.001710239964243703 -0.020055786594869254 -0.023218511026933307 -0.019372998101654739,0.28501028859337402 -1.4108243562548584 0.064795547580461466 -1.6068760985588175 -0.09794985313953132 -0.087789262725776918,-0.13106515769472951 -0.16281281015724525 -0.19826127995199497 -0.16490493443488374 -0.10694400626398147 -0.087543974440415853,0.1404120323333416 -1.4867576208161171 0.049330599749787249 -1.5157480625523916 0.017650260769957099 0.010593835740723099,0.28409215792976139 0.11399601552877242 -0.11584850975163555 -0.41989631471995459 -0.44261471704125133 -0.3726446359523421,6.7199994948299393 -16.039590056615282 -10.132530865919728 -1.5206345575582496 0.24920994595724472 -0.017201459345805133,0.027690450571867586 -11.903929707475072 -5.443266916331595 -0.38889076678151469 0.17826667795099382 0.059699828468861682
ur,tetrapga,3.1765509,0.249630486,0.355895929,0.036363923,34.170687,41.483878,4.271335875,1,0,0,0.780405954,0.041043683,0.9,0,0,0,0 0 0.050000000000000003,0 0 0.050000000000000003,0 0 0.050000000000000003,wrist_3_link,-1,0,0 0 0,0 0 0,,0.13734926236482864 -1.4871467268687906 0.051050817015233833 -1.5112323140092367 0.022354461034312954 0.014568514027526737,0.017577360212234851 0.016614981547768762 0.00092579651782647549 -0.020873836831670718 -0.023617884781007733 -0.019708849961097612,0.27945524784812203 -1.4176483126114321 0.056547646047098776 -1.6136830235460793 -0.10231091637251905 -0.091372126398334474,-0.1359088525274699 -0.16514412986142785 -0.1981285433545682 -0.1622314894266437 -0.10264633768140712 -0.084650419783318484,0.14096390407387399 -1.4860719622765863 0.049155804713324633 -1.5169567407573936 0.016417388760696771 0.0095607023945991805,0.26040709060153289 0.11002644573355458 -0.12936295865183883 -0.43331905957842587 -0.44812151768538572 -0.37755906119632626,6.6718812310755968 -21.012399139169201 -12.707459032196581 -1.7190210612992076 0.28316580197739488 -0.017896238058321544,0.030962739429128305 -11.964869151856874 -5.4545884843033718 -0.38281048313638166 0.17921866444257262 0.0607390360986102
ur,tetrapga,3.218128938,0.248929026,0.354633952,0.036285664,34.001761,41.286237,4.250220125,1,0,0,0.770944812,0.037288391,0.9,0,0,0,0 0 0.050000000000000003,0 0 0.050000000000000003,0 0 0.050000000000000003,wrist_3_link,-1,0,0 0 0,0 0 0,,0.13813627302999312 -1.4864308774929498 0.051023588188799533 -1.5122718624213485 0.021208835077939341 0.013611503349588928,0.016423461046552987 0.016424523911039331 8.5142544987655731e-05 -0.021823244376503362 -0.024147033237442446 -0.020160071923108501,0.27370616536282377 -1.4245601465878828 0.04831631312360396 -1.6203696351410515 -0.10648754973912004 -0.094830426907216506,-0.14061226889689285 -0.16730243572261533 -0.19778209992195367 -0.15938040174058338 -0.098241491621944677 -0.081690697220979921,0.1414430833142446 -1.4854041690911792 0.048948946144129535 -1.518183674926898 0.01518915100152389 0.0085297053262037709,0.23662434529034315 0.10590634919866412 -0.14259378836836789 -0.44617166719391266 -0.45299511472707255 -0.38204969323908988,6.6129139122815559 -25.966589899656672 -15.264276878344401 -1.9149754101503627 0.31676670485963232 -0.018560682609014854,0.027227477860378713 -11.97426187326073 -5.4428495868572497 -0.37412094980118127 0.18020146844727947 0.062135685063154256
ur,tetrapga,3.259509902,0.248732443,0.353295379,0.036385474,34.037569,41.611752,4.254696125,1,0,0,0.767167105,0.033401793,0.9,0,0,0,0 0 0.050000000000000003,0 0 0.050000000000000003,0 0 0.050000000000000003,wrist_3_link,-1,0,0 0 0,0 0 0,,0.13887159081247238 -1.4857176741324305 0.050959653168812034 -1.5133592530184803 0.02003484571388137 0.012630155549998773,0.015327649523709899 0.016396136426435379 -0.00068261798849683154 -0.022830466086689524 -0.024747576002450949 -0.020675492072706501,0.2677930382821464 -1.431524769146818 0.040142679601003303 -1.626903222276183 -0.11046037233791065 -0.098148793958792044,-0.14515393214599545 -0.16927885499234646 -0.19722602924675961 -0.15636835398416313 -0.093753878024521106 -0.078680101168834712,0.14185945071499317 -1.4847472591519837 0.04871056800077795 -1.5194384912245225 0.013954527075469972 0.0074913578443333764,0.21276420645551058 0.10170780747745345 -0.15546645696364725 -0.45837840648232908 -0.45718391028187122 -0.3860715742238181,6.5463123959050478 -30.906900954243962 -17.803673772520739 -2.1084708652077642 0.35003422416067753 -0.019192024611509251,0.026742946893705266 -12.007206428113932 -5.4406867939689221 -0.36567677113271202 0.18152402093967623 0.063729334772904878
ur,tetrapga,3.301221653,0.249071855,0.351821461,0.036590429,34.036438,41.335521,4.25455475,1,0,0,0.769569861,0.030048603,0.9,0,0,0,0 0 0.050000000000000003,0 0 0.050000000000000003,0 0 0.050000000000000003,wrist_3_link,-1,0,0 0 0,0 0 0,,0.1395479767139762 -1.4850073565248627 0.050861974370921152 -1.5144865560616527 0.01884138933733805 0.011631680921370268,0.014071557820812671 0.01629652060886648 -0.0014204069781565787 -0.023662112978036155 -0.025146121764007306 -0.021027412569033177,0.26164544365223563 -1.4386242007414738 0.031931412487574723 -1.6333593056032722 -0.11427495111947868 -0.10136629961287552,-0.14958711420705292 -0.17109613754646788 -0.19645340292839808 -0.15316028980890178 -0.089132085495148172 -0.075583074417292437,0.14221351184651501 -1.4840982633907931 0.048441901817573033 -1.5207225150817858 0.012712244126058564 0.0064443184673636756,0.18872476650437853 0.097380555953643894 -0.16804617103558583 -0.46999892983887837 -0.46071426004457561 -0.38965011443743403,6.4728173709918089 -35.846764963894685 -20.336704146251847 -2.3008778156043697 0.38314036021523445 -0.019808373091927532,0.031979723623180689 -12.074841506665507 -5.4529225660399447 -0.35935884502578119 0.18243722354469583 0.064817606079895285
ur,tetrapga,3.342658951,0.249911219,0.350174492,0.036803264,34.027129,41.421249,4.253391125,1,0,0,0.777590321,0.026384224,0.9,0,0,0,0 0 0.050000000000000003,0 0 0.050000000000000003,0 0 0.050000000000000003,wrist_3_link,-1,0,0 0 0,0 0 0,,0.1401607265604434 -1.4843039078793576 0.050731497018331691 -1.5156466343051431 0.017636364269772799 0.010622402674390326,0.012722798572667924 0.016090818454599365 -0.0021501084872180424 -0.024346061272025803 -0.025380130632938865 -0.02124794804059971,0.25535825880301111 -1.445748339279983 0.023810437900255072 -1.6396369397185333 -0.11787162786104818 -0.10443349251636952,-0.15384338090686758 -0.17272612657117467 -0.19547642151176611 -0.14980679699228569 -0.084449389549750842 -0.072447625131988908,0.14250411496331095 -1.4834579678863695 0.048144298607255678 -1.5220322865294067 0.01146581424803576 0.0053912711711573864,0.16462446997940455 0.09288971858799594 -0.18030010133822577 -0.48096397949442748 -0.46356124373637786 -0.39276117496637536,6.3965206263578231 -40.749226314029045 -22.841512347373101 -2.4903760677748306 0.41580576710546235 -0.020399070525873194,0.038286841807007477 -12.145077244606 -5.4657886972266283 -0.35396467002919962 0.18284461642092253 0.065500571332659518
ur,tetrapga,3.384176061,0.25116834,0.348483112,0.037115404,34.012377,41.638709,4.251547125,1,0,0,0.791273452,0.023519566,0.9,0,0,0,0 0 0.050000000000000003,0 0 0.050000000000000003,0 0 0.050000000000000003,wrist_3_link,-1,0,0 0 0,0 0 0,,0.1407323108292165 -1.4835785264766619 0.050562466270270057 -1.5168867553861158 0.016371546847447571 0.009561586949059217,0.011146731343656402 0.015622949083053795 -0.0027732648754404 -0.024496686141188398 -0.025072749532956143 -0.021019827192890944,0.24888521371646052 -1.4529502793416069 0.015718736907807722 -1.6457839293163534 -0.12127885208535852 -0.10737512980304073,-0.15795648860652181 -0.17418274170870154 -0.19428986218320657 -0.1462849652576218 -0.079672926761132551 -0.069250613545912429,0.14274156702664506 -1.4828128979259261 0.047815532744649572 -1.5233893103749403 0.010193329363480844 0.0043135600292049901,0.14041926629800422 0.088168656948354671 -0.19223121176538871 -0.491223677149075 -0.46566889803402767 -0.39535862886433748,6.3148579597427243 -45.61474613579616 -25.323130643062882 -2.6777150803211862 0.44808837171922816 -0.020978681770505152,0.049911261671581997 -12.248083398654671 -5.4926719252611065 -0.35283888838148414 0.1817738896502874 0.06479875572066085
ur,tetrapga,3.42591032,0.253009042,0.346497528,0.037255737,34.116905,41.728357,4.264613125,1,0,0,0.811067223,0.020346654,0.9,0,0,0,0 0 0.050000000000000003,0 0 0.050000000000000003,0 0 0.050000000000000003,wrist_3_link,-1,0,0 0 0,0 0 0,,0.14121602790497592 -1.4828948629021814 0.050364784984638908 -1.5181096130408518 0.015147561570970976 0.0085332235162446611,0.0098429650629923825 0.015375964469846798 -0.0034802259713659941 -0.025125484809868742 -0.025255849594317672 -0.021209469537198003,0.24220944864721541 -1.46024710942036 0.0076386952116052299 -1.6518123858976823 -0.12450236883392533 -0.11019726999593558,-0.16193486043591226 -0.17546782914768355 -0.19288947196535242 -0.14258622684434746 -0.074792676213198489 -0.065984200076168509,0.14290791502801059 -1.4821871523281511 0.047459359213702229 -1.524756688949561 0.0089332101614109181 0.0032430497649935039,0.11613969527526105 0.083341010737405463 -0.20384995636905401 -0.50090340520985421 -0.46715441322833479 -0.39754275096783726,6.2191757861384627 -50.460556377284696 -27.78536261480037 -2.8622025704060112 0.47995406379860811 -0.021518817880712561,0.053459238548725807 -12.29439324723262 -5.4942209681041447 -0.34680997834220761 0.18182027047388516 0.065386983633029416
ur,tetrapga,3.467730891,0.255342186,0.34424665,0.037262347,28.582701,35.954346,3.572837625,1,0,0,0.860305823,0.017276662,0.9,0,0,0,0 0 0.050000000000000003,0 0 0.050000000000000003,0 0 0.050000000000000003,wrist_3_link,-1,0,0 0 0,0 0 0,,0.14163268093765458 -1.4822296803951733 0.050139574458624284 -1.5193434904984564 0.013933242356884618 0.0075110882385388076,0.0085874026900340725 0.015133687593905494 -0.0042552151012098154 -0.025908394929213031 -0.025577690399814345 -0.021523357314589792,0.23535667103195776 -1.4676090482495832 -0.00039510522287352024 -1.6576952238344853 -0.1275267092077696 -0.11288745440502342,-0.16576088551739102 -0.17657450940498498 -0.19127953014660054 -0.13872550102805473 -0.06982992202563236 -0.062661460148808884,0.1421587990005522 -1.4815195751715058 0.048480869959458564 -1.5234935608181237 0.0101629170622166 0.0042902963033272078,0.065764757862204287 0.088763152958435787 -0.20733806239571539 -0.51875878995840019 -0.47129066183350204 -0.4025989919014501,7.3401248242715553 -61.127362228505554 -38.508643368792555 -4.3312011797763788 0.66471650284155315 -0.042634675101490542,0.051230630017585099 -12.296574441485973 -5.4759118704572813 -0.33829625820726505 0.18198221959941563 0.066359856169352582
ur,tetrapga,3.503774211,0.257566333,0.341729782,0.037047548,28.600927,36.037931,3.575115875,1,0,0,0.872741827,0.001104466,0.9,0,0,0,0 0 0.050000000000000003,0 0 0.050000000000000003,0 0 0.050000000000000003,wrist_3_link,-1,0,0 0 0,0 0 0,,0.14196208258821577 -1.4816305266833281 0.049900315950425329 -1.5205096140009802 0.012805185001960338 0.0065594864566803461,0.0076936888484554827 0.015451325765241117 -0.0052892813123758178 -0.02786839520345645 -0.027037592101845063 -0.022803838063459862,0.2293246728061277 -1.4739883447940731 -0.0072619443492325927 -1.6626335526751299 -0.12996571682486122 -0.11509380232530789,-0.16892688479628759 -0.1773823410330661 -0.18972784501783393 -0.135278171810506 -0.065499906279099865 -0.059760575661356681,0.14267839071067157 -1.4809444245562573 0.046550585027636482 -1.5276576959617139 0.0064143786068395128 0.0010818975905194875,0.064948963764919779 0.071893826906048924 -0.24128561647776017 -0.52051689294876557 -0.468567306922136 -0.40104983910096498,6.1313328363546384 -61.007058014188217 -27.621578373294778 -2.203162951851084 0.44703752083188231 -0.0021717348930215992,0.038722840321042895 -12.225690984402718 -5.4240160535275947 -0.31996540921591077 0.18514929406368452 0.070316198809297958
ur,tetrapga,3.539897646,0.260193521,0.338907428,0.036727754,28.668121,36.24573,3.583515125,1,0,0,0.910051701,0.007603104,0.9,0,0,0,0 0 0.050000000000000003,0 0 0.050000000000000003,0 0 0.050000000000000003,wrist_3_link,-1,0,0 0 0,0 0 0,,0.14222575958811223 -1.4810691166422427 0.049650239113881958 -1.5216374222123834 0.011730471621877641 0.0056509447936157649,0.0067539178060323328 0.015880434173993662 -0.0065338401252869266 -0.030326945250346876 -0.028912464667656505 -0.024448420971057306,0.22316700992376401 -1.4804085821613246 -0.014085206900597601 -1.6674562352147859 -0.13225274333924353 -0.11719956107248569,-0.1719756597549125 -0.17805601985091121 -0.18802200224670784 -0.13171544058859999 -0.061115949109224493 -0.056821100526007848,0.1424373630352686 -1.4803974780416831 0.047876647173320665 -1.5258888195142617 0.0079710778403810929 0.0024215361401539121,0.026450430894545199 0.083954825069952999 -0.22169899257016193 -0.53142466273478028 -0.46992422268706857 -0.40367608168273161,6.1397713167020465 -70.065534688197474 -43.397335260013918 -4.6849482919332361 0.72167909451172241 -0.043661465968343235,0.022469929508247333 -12.120158980656015 -5.3556608507088583 -0.29736246372158348 0.189366717069408 0.075396909793432165
ur,tetrapga,3.576238141,0.264037883,0.348114204,0.033239572,28.541676,35.870679,3.5677095,1,0,0,0.930693536,0.020713645,0.9,0,0,0,0 0 0.050000000000000003,0 0 0.050000000000000003,0 0 0.050000000000000003,wrist_3_link,-1,0,0 0 0,0 0 0,,0.14226716285512325 -1.480550203646072 0.04963361232923471 -1.5222419591195897 0.011164677864209953 0.0051726226757566468,-0.00086345152812228852 0.015037878468107882 0.0026958145082288201 -0.011410601679980897 -0.01064865380868712 -0.0089588222110383968,0.21686352558005584 -1.486889459082998 -0.020884558722351489 -1.672176117209859 -0.13439297634613051 -0.11921027609788848,-0.17491528303349602 -0.17859618518076206 -0.18615550292357805 -0.12802609877987958 -0.056665501925808361 -0.053833800292093552,0.14259578235960965 -1.4798923019923467 0.04579082805912689 -1.5301557294719166 0.0042322896319361026 -0.00079537575565416995,0.019802415542631322 0.063147006167053724 -0.26072738927422184 -0.53336374470687331 -0.46734852605562371 -0.40211398697601025,6.8351004807173918 -69.255188244262428 -31.373486399431137 -2.4779413406168369 0.49961498620091066 -0.0025610974544588204,-0.12077053072368926 -10.969058810213028 -4.908476560132442 -0.38017543809746712 0.12577802781423486 0.027667346824548744
ur,tetrapga,3.612205663,0.266978205,0.330861827,0.040507118,28.530752,35.81494,3.566344,1,0,0,0.978700269,0.009048154,0.9,0,0,0,0 0 0.050000000000000003,0 0 0.050000000000000003,0 0 0.050000000000000003,wrist_3_link,-1,0,0 0 0,0 0 0,,0.14235166050835588 -1.479868122647424 0.049320288573252283 -1.523574137339442 0.0099540332673869018 0.0041428002992873417,0.0028220787171762468 0.018939859284216383 -0.011036706896385811 -0.040052695740945922 -0.036482024822784696 -0.03107857581307736,0.21052184680118627 -1.4933206959390728 -0.027544686274144588 -1.6767137223199196 -0.13635134687213996 -0.12109295709259885,-0.17769701487672529 -0.17899482752516319 -0.18416155116341595 -0.12427439805416766 -0.052225673988290089 -0.050849667550911318,0.14275481063440815 -1.4796058702835768 0.043586553682467881 -1.5344176013376827 0.00051357002231086461 -0.003999267329680505,0.019878534349811051 0.035803963596236527 -0.2755342970823762 -0.5327339832207747 -0.46483995120315474 -0.40048644675329187,6.9881483321380458 -65.080073832625985 -28.144487129138085 -2.1961840131608596 0.44592608268399758 -0.0016965175811538618,0.20090495214788007 -13.367348832000062 -5.8303156813338433 -0.26909804543265636 0.21935866121819814 0.09581763352416317
ur,tetrapga,3.648106714,0.271006385,0.343251484,0.034908015,28.606953,35.841578,3.575869125,1,0,0,1.039983675,0.01804067,0.9,0,0,0,0 0 0.050000000000000003,0 0 0.050000000000000003,0 0 0.050000000000000003,wrist_3_link,-1,0,0 0 0,0 0 0,,0.14239776000005225 -1.4793103770675591 0.049226142770719884 -1.5243475871641941 0.0092412318568964001 0.003536784912191194,0.0005022338245654148 0.015012965592729795 0.0012762975412126255 -0.01432858297809411 -0.013383419391959264 -0.011323717019786721,0.20409441495815986 -1.4997519223319746 -0.034118404370397613 -1.6811066457721293 -0.13814629477559084 -0.12286466863373569,-0.18034517738153324 -0.17925781552030959 -0.1820278725114001 -0.12043392675708199 -0.047763848174701778 -0.047846066790224837,0.14214158878984359 -1.4786792513390175 0.047307706689277404 -1.5287379510580457 0.0055088917531916828 0.00029902821280880596,-0.032021401276083022 0.078890716067713765 -0.23980451018031024 -0.54879548673146417 -0.46654251296308974 -0.40471958742279851,4.4702869379865691 -83.771056174286414 -51.33464923573473 -5.3204855983812509 0.81960422142020861 -0.046966383454473723,-0.065133538919894818 -11.519644894701742 -5.1140804321619271 -0.37328928212718893 0.13633082205269176 0.034945540142267362
ur,tetrapga,3.684041755,0.274247008,0.325502148,0.041414724,28.563064,35.875364,3.570383,1,0,0,1.065493889,0.01212603,0.9,0,0,0,0 0 0.050000000000000003,0 0 0.050000000000000003,0 0 0.050000000000000003,wrist_3_link,-1,0,0 0 0,0 0 0,,0.14243712895475183 -1.4786499906372992 0.048833787813660066 -1.5257880311572509 0.007955035946487117 0.0024374847495036859,0.0010685221807969943 0.017891249191795296 -0.013550677369494403 -0.042939419631700303 -0.038342258436894171 -0.03282453714224208,0.19756802326714307 -1.5061962692080793 -0.040619090923967614 -1.6853639923498673 -0.13978205613622963 -0.12452965741484341,-0.18286573686025928 -0.17938615946880046 -0.17975084096312086 -0.11649786631136266 -0.043272166117352594 -0.044816927201205857,0.14176444349242212 -1.4782601187501851 0.045007654338572657 -1.533145979796033 0.0017919146329407522 -0.0029266680699342575,-0.047143162177683051 0.052391573604034861 -0.28750654383809304 -0.55100359224840556 -0.46462214003136637 -0.40321203534288297,7.9448280315317463 -82.05182012006199 -37.24019314596741 -2.9109705326098676 0.58264510907021627 -0.0031835647304425509,0.2371630132000746 -13.666858897048769 -5.9171591970316797 -0.25368285953027225 0.22550387705009278 0.10120071790766594
ur,tetrapga,3.719983908,0.276300062,0.313831592,0.043484481,28.613128,35.960607,3.576641,1,0,0,1.109750491,0.010805207,0.9,0,0,0,0 0 0.050000000000000003,0 0 0.050000000000000003,0 0 0.050000000000000003,wrist_3_link,-1,0,0 0 0,0 0 0,,0.1425000207192326 -1.477974235776373 0.0479490735030558 -1.5281040788610221 0.0059093192765698015 0.00068260787927029796,0.001839599562171219 0.015301932514671907 -0.026332368828255705 -0.062721282993818087 -0.055336880761529712 -0.047537008243872921,0.19095209945263172 -1.5126440818267044 -0.047036706639549321 -1.6894791013526238 -0.14125629255755215 -0.12608571766008872,-0.1852550607307831 -0.17937972878239247 -0.17733418600010778 -0.11247288333449385 -0.038758551770625871 -0.041766791321557209,0.14193913824558563 -1.4774626676131002 0.04589542334461455 -1.5325290757521395 0.0022532676243603306 -0.0025147491141471814,-0.070110309205869553 0.063946020409110599 -0.25670626980515604 -0.55312461138967139 -0.45700645652618394 -0.39966962417718493,3.1124206716005682 -90.569973842137657 -53.842733448178933 -5.3521536577204349 0.83488221075304792 -0.043534107696532751,0.33610397023460337 -14.349878629947852 -6.1027657111326903 -0.14115894560200104 0.28012970849591978 0.14656548461286878
ur,tetrapga,3.75603782,0.281450703,0.34230152,0.0272316,28.605404,35.875985,3.5756755,1,0,0,1.138418558,0.038369229,0.9,0,0,0,0 0 0.050000000000000003,0 0 0.050000000000000003,0 0 0.050000000000000003,wrist_3_link,-1,0,0 0 0,0 0 0,,0.14245487088155395 -1.4776823140852071 0.047874037501537493 -1.528527228342528 0.0055436863734212166 0.00036475004277712624,-0.0022715942455592032 0.010614697020514137 0.0061375991863138217 -0.0010387468300267391 -0.00074781611128231572 -0.00066782137269549163,0.18423173093167927 -1.5191092764529319 -0.053384529661848416 -1.6934601286832427 -0.14257181556539339 -0.12753614211714209,-0.18751801472713456 -0.17923813944871295 -0.17477257972937754 -0.10835080262943704 -0.034214411275308811 -0.038689020172356064,0.14121366764489393 -1.4771936690461911 0.043447774640183921 -1.5369716051005875 -0.0013849177385840952 -0.0056998081198206939,-0.090683825086462902 0.033624820863635635 -0.30595608805382873 -0.55531616855599186 -0.4547731703680532 -0.39813237570918902,8.3920484758169778 -87.908293799410728 -39.776738336147659 -3.0876520691823157 0.61565729901521415 -0.0034081643342837023,-0.42534538228346719 -8.9864279410530798 -4.0104531246489614 -0.36466834223392652 0.078138917105087913 0.0021714890196010694
ur,tetrapga,3.792000636,0.28583777,0.322084878,0.04003816,28.530738,35.840865,3.56634225,1,0,0,1.194265107,0.038650735,0.9,0,0,0,0 0 0.050000000000000003,0 0 0.050000000000000003,0 0 0.050000000000000003,wrist_3_link,-1,0,0 0 0,0 0 0,,0.14227360325243929 -1.477061668550318 0.047630381913106319 -1.5296206800049001 0.0046205554113867208 -0.00043378512290431423,-0.0055027077356710648 0.017429533639493292 -0.0099281717692216824 -0.034431405407413164 -0.029239188193803944 -0.025311325131956448,0.1774494858335095 -1.5255506295982257 -0.059621877290478617 -1.6972815847429947 -0.14372057469859564 -0.12887206564177381,-0.18964041534448506 -0.17896248110601859 -0.17208282565985611 -0.10415879083725509 -0.029669951429478231 -0.035603264297327589,0.14047805135622846 -1.4772144048158991 0.040840258666166418 -1.5414110117469169 -0.0049998665034473085 -0.008871094351507982,-0.091952036083185487 -0.0025919712135083414 -0.32593949675218797 -0.5549258307911723 -0.45186859560790171 -0.39641077896091109,9.19610481217914 -82.152914659470071 -35.443899150560114 -2.7312837545750304 0.5528455081672895 -0.0022961363327095637,0.18275531755625707 -13.212592824685998 -5.6930721888599294 -0.28251305350931943 0.1922062740912156 0.078054090550510935
ur,tetrapga,3.827937364,0.290708672,0.33021317,0.035526895,28.649733,36.179968,3.581216625,1,0,0,1.277844008,0.019615361,0.9,0,0,0,0 0 0.050000000000000003,0 0 0.050000000000000003,0 0 0.050000000000000003,wrist_3_link,-1,0,0 0 0,0 0 0,,0.14217445089448913 -1.4764994128839337 0.047487872758218884 -1.5304575356996726 0.0039003049419651025 -0.0010560114487433033,-0.0022733352758573643 0.016722357639289694 -0.0011658963693617704 -0.019761619217650142 -0.017194995018681963 -0.014811360454626972,0.17059835252145164 -1.5319750046142853 -0.06575569954886358 -1.7009482968776424 -0.14470510475543408 -0.13009592094557415,-0.19162552311209594 -0.17855342514931688 -0.16926333382203249 -0.099893768937120084 -0.025121663599259315 -0.032506375588122478,0.13976835412828048 -1.4775091136694747 0.038116885837880476 -1.5458433470485553 -0.0085948020238687615 -0.012029142152872173,-0.088712153493496884 -0.036838606696945976 -0.34042160353574252 -0.55404191270479919 -0.44936694005268163 -0.39475597517052391,8.7758738186488117 -76.375233979207124 -32.611415953117849 -2.5075544517430317 0.50918520912128584 -0.0019602373508845984,-0.054003282804956143 -11.723875329756083 -5.1059918430969731 -0.32687341912424017 0.14506375146363215 0.045710952792227033
ur,tetrapga,3.864210527,0.294561449,0.312305727,0.043572313,28.520844,35.792117,3.5651055,1,0,0,1.349861333,0.039644608,0.9,0,0,0,0 0 0.050000000000000003,0 0 0.050000000000000003,0 0 0.050000000000000003,wrist_3_link,-1,0,0 0 0,0 0 0,,0.14191888138655528 -1.4757841270971639 0.046961954784434573 -1.5321212115577827 0.002505191286626106 -0.0022676788847700666,-0.0078028044482788637 0.017724298285021013 -0.017755395237033417 -0.047846658293660825 -0.040042142514153382 -0.034847809674626293,0.16361324227947907 -1.5384421772363028 -0.071841823105829733 -1.7044925761424572 -0.14553303939235859 -0.13121816508797271,-0.1934904464890968 -0.17800573683199561 -0.16628671794446406 -0.095515961594245954 -0.020528296162779309 -0.029369337082247073,0.14073636103580431 -1.4753247591258527 0.04476850420606384 -1.5366377687546122 -0.0010279863446918665 -0.0054150623024607795,-0.1478150438438727 0.057420996413888682 -0.27418132229634168 -0.56456964960369516 -0.4416472039147466 -0.39342292721133915,0.8955348681656945 -108.16470639100532 -63.560733009955939 -6.0866266828577 0.95096347647937074 -0.046413724059821214,0.34743111107786717 -14.37886314694515 -6.109242486669757 -0.22611824872547004 0.23110035636643067 0.10744107153098348
ur,tetrapga,3.900071233,0.297217683,0.299560461,0.045999124,28.587512,36.008975,3.573439,1,0,0,1.376347007,0.011394924,0.9,0,0,0,0 0 0.050000000000000003,0 0 0.050000000000000003,0 0 0.050000000000000003,wrist_3_link,-1,0,0 0 0,0 0 0,,0.14151365374366226 -1.4751846428780193 0.045897274353496588 -1.5345592243419306 0.0004890631546114084 -0.0040266469488578647,-0.011378419711777044 0.013033911863167845 -0.032707382047162149 -0.068187857572991631 -0.056286550805006996 -0.049187700085514728,0.15664354390878241 -1.5448138982023938 -0.077750324139593249 -1.7078392236361966 -0.14618780020649935 -0.13221562873970474,-0.19519608023915294 -0.17733186989183836 -0.16321768061940722 -0.091120223707088138 -0.015989348055790886 -0.026259322110595763,0.13930751705735397 -1.4751669999012242 0.04209655021377464 -1.5411699172211122 -0.0045637008354121513 -0.0085540295375157206,-0.17860549730629191 0.019719903078567969 -0.33399424903614988 -0.56651855831249054 -0.44196431134003555 -0.39237090438186761,9.8400071003563063 -104.17953686625177 -47.188389779562186 -3.6316470002348087 0.7192552553328122 -0.0041781589717993671,0.48673263141438383 -15.179710904319109 -6.3269967918800205 -0.11305438625913666 0.28416942753252705 0.15165920099044783
ur,tetrapga,3.936174504,0.299033345,0.290736487,0.045762349,28.506889,35.767034,3.563361125,1,0,0,1.418568801,0.013588511,0.9,0,0,0,0 0 0.050000000000000003,0 0 0.050000000000000003,0 0 0.050000000000000003,wrist_3_link,-1,0,0 0 0,0 0 0,,0.14101445992687195 -1.474798522824617 0.044370389782020916 -1.537575824890296 -0.0019851376114468446 -0.0061912585032632694,-0.013490291836125703 0.0058738776585208693 -0.045185716536006837 -0.082647769455149678 -0.067647635557658611 -0.059274603312939614,0.14956742694404121 -1.5512019240408064 -0.083585373848733893 -1.7110481109013223 -0.14668267464690773 -0.13310705732404612,-0.19677361861091505 -0.17652128889771138 -0.16000402128183486 -0.086631071111541974 -0.011426573077823417 -0.023121974911231278,0.13954769174141804 -1.4745366866794696 0.042059702357204888 -1.5420431472975371 -0.0053702871980119502 -0.009242627882914049,-0.18334602318173887 0.03272951814341752 -0.28883592810200365 -0.55841530090515101 -0.42314369832063836 -0.38142117245634743,-0.23423433808659233 -111.97306549044822 -64.564068770258885 -6.0159306746694359 0.94588680576641138 -0.043122525680406816,0.50102416454240029 -15.101575037148905 -6.1810698755010947 -0.0080253571322828066 0.31616861693871456 0.18278400910686443
ur,tetrapga,3.972027422,0.30487972,0.333842758,0.014541905,28.542303,35.872043,3.567787875,1,0,0,1.445062929,0.069220456,0.9,0,0,0,0 0 0.050000000000000003,0 0 0.050000000000000003,0 0 0.050000000000000003,wrist_3_link,-1,0,0 0 0,0 0 0,,0.14092765871193996 -1.4748051299428879 0.044197078302318428 -1.5378397883702299 -0.0021697600512698458 -0.0063673921129169852,0.00024667657219298986 0.0066423795888520144 0.012484664033623043 0.012898159970319217 0.011361976445621527 0.0096682467116830356,0.14248651891119707 -1.5575143479061229 -0.089262976931269056 -1.7140732839910164 -0.14701128757193258 -0.13388013444713176,-0.19820073797415119 -0.17558602875508092 -0.15669268558760463 -0.082114146899304977 -0.0069068776418018847 -0.020002497360897997,0.13779414116784353 -1.4745981802541881 0.039271369077393696 -1.5465305040577861 -0.008739416018539465 -0.012282185145279477,-0.21919382169681326 -0.0076866968398126498 -0.34854165997639902 -0.56091959503113198 -0.42114110256593934 -0.3799446577956786,9.9919020818231061 -107.28833163464263 -48.463199135445294 -3.7115410884176461 0.7334914142692095 -0.0042925160608777817,-1.0449190591851902 -4.7988287220005077 -2.1408287822747525 -0.29133443866248854 0.0068475099309490695 -0.029564449338716159
ur,tetrapga,4.00799058,0.310415003,0.311659397,0.037524114,28.686465,36.051903,3.585808125,1,0,0,1.498711076,0.093981859,0.9,0,0,0,0 0 0.050000000000000003,0 0 0.050000000000000003,0 0 0.050000000000000003,wrist_3_link,-1,0,0 0 0,0 0 0,,0.14055591445249879 -1.4742393240267662 0.044115423967283081 -1.5385588317491299 -0.0027049040545115014 -0.0068493608606720801,-0.012676375068750134 0.018489882369010092 -0.0050628990917399334 -0.025267788331640218 -0.019338021724553425 -0.017308410724985436,0.13533495539770218 -1.5638101665226576 -0.094836657751218092 -1.716944072683066 -0.14717839322400494 -0.13454319550678059,-0.19949187848831845 -0.17451847557396744 -0.15325420755627434 -0.077528757443007509 -0.002389343050689515 -0.016871908886496846,0.13601799001151482 -1.4750232202514915 0.036279655338112567 -1.5510168415909851 -0.01208415476238207 -0.015307673945003746,-0.22201889454108936 -0.053129999662917024 -0.37396421741014124 -0.56079219164986271 -0.41809234298032583 -0.37818609996553354,11.526946310264748 -99.85097159922698 -42.973136325438595 -3.278130076649957 0.66171908518830946 -0.0029255905058133353,0.072685665393578347 -12.382957728808833 -5.2443300232418153 -0.28822963414586411 0.15045020603015047 0.053411728427402494
ur,tetrapga,4.044129353,0.315675838,0.314085635,0.038794128,28.778283,36.07108,3.597285375,1,0,0,1.580228172,0.087284726,0.9,0,0,0,0 0 0.050000000000000003,0 0 0.050000000000000003,0 0 0.050000000000000003,wrist_3_link,-1,0,0 0 0,0 0 0,,0.14023551910293233 -1.4735493395822419 0.043948544861220802 -1.5395270069582916 -0.0034777248201131694 -0.0075331477055399854,-0.0071156821157265931 0.018782243454183455 -0.0032525282597352769 -0.024269966605464367 -0.01969092255003933 -0.017357160505540172,0.12810425968549427 -1.5700957161122804 -0.10031091029326318 -1.7196618389447309 -0.14718301994468427 -0.13509609086218163,-0.20064707589855846 -0.17331628254453207 -0.14968420026934756 -0.072870391735509632 0.0021294250154912054 -0.013726891976377676,0.13427534764544521 -1.4757906334711663 0.033141386415162809 -1.5554973536304966 -0.015408245408022866 -0.018319706081913578,-0.21783029575870258 -0.095926652459359107 -0.39228361536871997 -0.5600640049389437 -0.41551133070509955 -0.37650401711372905,11.092130131201841 -92.457526899408265 -39.342499884348001 -2.9952284371829756 0.60733635992004165 -0.0024893262051309244,0.095159340963618888 -12.802062379772906 -5.4313247704338892 -0.30591261226072675 0.15364695996134969 0.053540862571917813
ur,tetrapga,4.080294756,0.319778402,0.295355692,0.046490695,28.600819,35.932876,3.575102375,1,0,0,1.68727431,0.036556954,0.9,0,0,0,0 0 0.050000000000000003,0 0 0.050000000000000003,0 0 0.050000000000000003,wrist_3_link,-1,0,0 0 0,0 0 0,,0.13960210358722391 -1.4728648101867918 0.043292795957344657 -1.5413018902765228 -0.0048552611288776287 -0.0087616430701624275,-0.01917961999404116 0.016495367586304703 -0.022166390608179105 -0.051693626487580108 -0.039980640259099136 -0.035745470827588749,0.12082903114214537 -1.5763400741491285 -0.10565800748876716 -1.7222122248291325 -0.14702461439515399 -0.13553566271536108,-0.2016598385489051 -0.17198456723346126 -0.14599979451557382 -0.068162376415261239 0.0066259935787227444 -0.010582823264776615,0.13257483962580413 -1.4768727526864742 0.029877009089181478 -1.5599704645504464 -0.018713107823705093 -0.021318652430612962,-0.21256350245513372 -0.13526490191349413 -0.40804716574766642 -0.55913886499373111 -0.41310780196027819 -0.37486829358742307,10.280845683907589 -85.43123760748513 -36.193767477072306 -2.7487401631031969 0.55764860758521095 -0.0022274872365429846,0.51376129035065787 -15.341929273393362 -6.3657078808051608 -0.20492279165955551 0.23111150768418298 0.11020102296843604
ur,tetrapga,4.116320596,0.322510479,0.281593875,0.048410403,28.536622,35.782722,3.56707775,1,0,0,1.779999012,0.055575203,0.9,0,0,0,0 0 0.050000000000000003,0 0 0.050000000000000003,0 0 0.050000000000000003,wrist_3_link,-1,0,0 0 0,0 0 0,,0.13859925572004889 -1.472357650522693 0.041991179077842986 -1.5439320528720795 -0.0068602952855681106 -0.01056079092511732,-0.027183130533403082 0.0082793752343969951 -0.038855560958077774 -0.070575869009195227 -0.053588042981929276 -0.048197107002143039,0.1135480395357045 -1.5825101639841885 -0.11085003924082074 -1.7245827252403014 -0.14670566681554886 -0.13586058355778954,-0.20252575581002308 -0.17053139432171291 -0.14222189722295456 -0.063431125367551522 0.011075243453734495 -0.0074565229104992196,0.13638808562989363 -1.4721976999819237 0.039582857431985453 -1.5483549460790154 -0.0099588909016680733 -0.013450214897226467,-0.27639626126940758 0.019993817596156503 -0.30104020573219148 -0.55286165086699157 -0.38732445201249532 -0.36117799651364346,-2.884093189974319 -131.1644913842118 -74.54577676073805 -6.7012753564704823 1.0563428982582754 -0.044430892925422037,0.65494368030488204 -15.97543309422872 -6.4973021560488036 -0.094913679412456986 0.27495564623759705 0.14860644558818592
ur,tetrapga,4.152190312,0.324346791,0.272204429,0.047773251,28.513183,35.75312,3.564147875,1,0,0,1.792210613,0.00080827,0.9,0,0,0,0 0 0.050000000000000003,0 0 0.050000000000000003,0 0 0.050000000000000003,wrist_3_link,-1,0,0 0 0,0 0 0,,0.13740325554525118 -1.4721947257419861 0.040206479747095 -1.5470271925541215 -0.0091925250178171627 -0.01266190896233943,-0.032660217368107994 -0.0017024514485541502 -0.053124326148826964 -0.084742158334327217 -0.06363578548948963 -0.057446169053446884,0.10627015903074168 -1.5885992692978967 -0.11588248601361346 -1.7267729424038711 -0.14622945490491712 -0.13607233541273367,-0.20324586672421377 -0.1689604135518161 -0.13835707146864357 -0.058683867984082115 0.015471007426821077 -0.004351713600549186,0.13507283353896188 -1.472159237500537 0.037749540378144195 -1.5513909361649716 -0.012192518173940528 -0.015483779706200041,-0.29130275078616269 0.0044360301811344508 -0.30711742111885054 -0.54546795135625858 -0.37499914451542082 -0.35273384298257637,-3.2155615883435473 -131.65066319237729 -74.269810839960954 -6.608018318034647 1.043819671877074 -0.042646632381313325,0.67329091962687926 -15.765172707581769 -6.280789854646855 0.013086082745758176 0.30205678029463812 0.17715547560962364
ur,tetrapga,4.188009964,0.325202123,0.265807018,0.045373799,34.097165,41.400109,4.262145625,1,0,0,1.794829455,0.000543035,0.9,0,0,0,0 0 0.050000000000000003,0 0 0.050000000000000003,0 0 0.050000000000000003,wrist_3_link,-1,0,0 0 0,0 0 0,,0.13601649062171958 -1.4724037646732684 0.037905148056416128 -1.5506425874687484 -0.011895040581683222 -0.015103572917261257,-0.035625373865560354 -0.012326684762569713 -0.064108303232736807 -0.093589640030841068 -0.069709375927732811 -0.063104696759628043,0.098979198122699355 -1.5946214513890449 -0.1207677787972463 -1.7287895925706829 -0.14559723910259509 -0.13617283265627625,-0.2038233098271284 -0.16726956012708311 -0.13439834022851829 -0.053911422081862899 0.019822160447103929 -0.0012614755761762761,0.13295264207394425 -1.472508304373042 0.035077852073314222 -1.5553563052483863 -0.014978360853559983 -0.018070392931618211,-0.32400250079956139 -0.028350410767408043 -0.34368651799574246 -0.54244292894078505 -0.36682268446851363 -0.34708957748594538,3.8763632753550779 -128.39931025976492 -65.173152888156807 -5.3982351018185755 0.93475264605860253 -0.023126755331180495,0.60421995304841403 -14.973353541914548 -5.8323589299386782 0.10679405091741501 0.31287183090787352 0.19464174228416198
ur,tetrapga,4.229502475,0.332508886,0.319610558,0.004844872,28.554969,35.791817,3.569371125,1,0,0,1.846133131,0.116150407,0.9,0,0,0,0 0 0.050000000000000003,0 0 0.050000000000000003,0 0 0.050000000000000003,wrist_3_link,-1,0,0 0 0,0 0 0,,0.13608347309416605 -1.4727390035997026 0.037842287668944319 -1.5504081362533904 -0.011646092470321164 -0.01491272714047988,0.0063553602475426192 0.0094030021734709882 0.019479344085954652 0.021123999860039804 0.017063315814550725 0.014847804020732016,0.090511197088500819 -1.6015186853591254 -0.12624712694166249 -1.730911235813182 -0.14467110737964703 -0.1361511742418213,-0.20431509396128572 -0.16516054674402691 -0.12969338967375579 -0.048349399120974614 0.024808614960295475 0.0023023393047040775,0.1301391087387159 -1.4731514285199745 0.031932333315873918 -1.5597083520521187 -0.017891754499282469 -0.020834117336597041,-0.35169166690354392 -0.080390518366565467 -0.39318984468003809 -0.54400585046653305 -0.36417420571531067 -0.34546555062235373,12.587387954231223 -120.51302412106797 -53.073631127923029 -4.0199348114311579 0.79863664113647448 -0.0043033485731860631,-1.5988077065542257 -1.0076086244098406 -0.38513168016376653 -0.18369447811892314 -0.044688715514922706 -0.0454201030869541
ur,tetrapga,4.265385977,0.338760786,0.307832535,0.033537224,28.517661,35.752283,3.564707625,1,0,0,1.908309369,0.154560168,0.9,0,0,0,0 0 0.050000000000000003,0 0 0.050000000000000003,0 0 0.050000000000000003,wrist_3_link,-1,0,0 0 0,0 0 0,,0.1358398975349254 -1.4720286233556228 0.038125960892786498 -1.5506602912779881 -0.011804762968120615 -0.015070501084501276,-0.0074234046576166831 0.023880754327089835 0.0097357692438757304 -0.00632912283290915 -0.0043235726054464017 -0.0041964419727251309,0.083174350648542825 -1.6074105522165913 -0.13082646841085876 -1.7325595075166584 -0.14370428949390598 -0.13601350461104364,-0.2045871018436774 -0.16320841632510935 -0.1255254655954561 -0.043515254171854111 0.029069516429535074 0.0053680688203123338,0.12732932634338798 -1.4742124126345377 0.02857712967001691 -1.5640581128506981 -0.020785976997088333 -0.023585013668975582,-0.35122279941599072 -0.13262301432039322 -0.41940045573212598 -0.54372009982242153 -0.36177781222573324 -0.34386204154731764,13.498291595107503 -111.55245245132238 -47.620279273755941 -3.6008901300459968 0.7271494904297624 -0.0032464780717194582,-0.1469615604230512 -11.067284032555108 -4.6093008345911812 -0.33242256798348535 0.087654569816120187 0.012998329893015637
ur,tetrapga,4.301227165,0.343780591,0.288384933,0.04818392,28.560252,36.100401,3.5700315,1,0,0,1.995287395,0.135678136,0.9,0,0,0,0 0 0.050000000000000003,0 0 0.050000000000000003,0 0 0.050000000000000003,wrist_3_link,-1,0,0 0 0,0 0 0,,0.13508645195772692 -1.4711283535466293 0.037940603900877418 -1.5518013318829644 -0.01261093379840419 -0.015820285477424843,-0.022635009229766134 0.021354289737041128 -0.010060671878092058 -0.034682295265201335 -0.024568207631667068 -0.022846018807597644,0.075838955528145569 -1.6132234461607549 -0.13524953168258327 -1.7340323508267297 -0.14258690823867498 -0.13576649009831671,-0.20471696701512562 -0.16114177119205292 -0.12127480028783619 -0.038669426834606668 0.033273242583525313 0.0084126568429467707,0.12456592405368151 -1.4756616831424803 0.025059251049837673 -1.5684024086801245 -0.023661679495935305 -0.026323189560001736,-0.34542528621330798 -0.18115881349281437 -0.43973482752240456 -0.5430369786782967 -0.35946281235587163 -0.34227198637826922,12.796576008758064 -102.87267714055497 -43.543825225231267 -3.2854217920074085 0.66573193455906199 -0.0028242625519920793,0.59748523715302326 -15.900693751910694 -6.5320334397850104 -0.30201389347348595 0.1808734766995066 0.070389171501311409
ur,tetrapga,4.337417282,0.347310603,0.270190864,0.051851179,28.662177,36.354749,3.582772125,1,0,0,2.107893514,0.066979764,0.9,0,0,0,0 0 0.050000000000000003,0 0 0.050000000000000003,0 0 0.050000000000000003,wrist_3_link,-1,0,0 0 0,0 0 0,,0.13376342320911686 -1.4705233124201496 0.036999533106757403 -1.5538405547064815 -0.014017220040558337 -0.017138689546194727,-0.038046674495865809 0.011141636278937141 -0.031328976759304149 -0.058162427864509779 -0.039894870183307979 -0.037521030409097982,0.068430015446156567 -1.6190156670738975 -0.13955953031906362 -1.7353430607248095 -0.14130679318597134 -0.13540670584622905,-0.20470449655654668 -0.15893847468751265 -0.11689780601419254 -0.033763486560128661 0.037460731838328133 0.011466797325377833,0.12185365595880222 -1.4774664734713396 0.021399243741213905 -1.5727399189958871 -0.026519398674930954 -0.029048832516468278,-0.33903351185991171 -0.22559879110742803 -0.45750091357797118 -0.54218878947033478 -0.35721489737445605 -0.34070536955831759,11.817572749056655 -94.640295550314363 -39.897665663745748 -3.0016748866763052 0.60846429835467797 -0.0025355070218061643,0.85292350897668712 -17.110889146877525 -6.8838052128110832 -0.18221591060591891 0.23423877399079629 0.11564575402848476
ur,tetrapga,4.373860222,0.349366699,0.257671532,0.050127476,34.043576,41.681842,4.255447,1,0,0,2.048118585,0.045618689,0.9,0,0,0,0 0 0.050000000000000003,0 0 0.050000000000000003,0 0 0.050000000000000003,wrist_3_link,-1,0,0 0 0,0 0 0,,0.13190950235707016 -1.4703379225255344 0.035291014678532302 -1.5566962688124437 -0.015954626790809535 -0.018966184637484618,-0.047549667786132212 -0.0028217409811907884 -0.049035678572381565 -0.073469971830577629 -0.049575176183835321 -0.046896980724581462,0.060972418771388467 -1.6247656571219635 -0.1437380645540802 -1.736483349579955 -0.13986571823272173 -0.13493312386258208,-0.20454645365235086 -0.15660351828777852 -0.11240807139829949 -0.028814931279241871 0.041615130182275271 0.014519531407268428,0.12396359183465772 -1.4750411400333254 0.025214202664621474 -1.5689368155824219 -0.02390548779742695 -0.026615457058543103,-0.36474841540980985 -0.14236775436106461 -0.39136581815645383 -0.52734020978208529 -0.33355938306958832 -0.32599356019583214,2.2607745398293364 -118.40772899283428 -59.824779804616888 -4.9271282619163443 0.83999218287676414 -0.021990927108297285,0.84333876337757374 -16.542067079762091 -6.4942930974227977 -0.055352848272377742 0.25799726268340351 0.14460576989613116
ur,tetrapga,4.415645795,0.350714568,0.24921719,0.044299171,28.611732,35.993794,3.5764665,1,0,0,2.156610854,0.061720271,0.9,0,0,0,0 0 0.050000000000000003,0 0 0.050000000000000003,0 0 0.050000000000000003,wrist_3_link,-1,0,0 0 0,0 0 0,,0.12957359288639955 -1.4707299084621397 0.032768033581451625 -1.5603344554251464 -0.018394766509241323 -0.021277782694968776,-0.051336009720383227 -0.017727434655057772 -0.061708782204378823 -0.08087865349172299 -0.053918303808054256 -0.051228599430915699,0.052432190856901199 -1.6312510663455528 -0.14832588580219014 -1.7375687704805649 -0.13802869119491121 -0.13425381516898652,-0.20418614476017766 -0.15378547178869467 -0.10716408430627028 -0.023136849179015012 0.046296071783043638 0.017988690454952275,0.12082045099848029 -1.4765590858916229 0.021710694795537576 -1.5731558641350858 -0.02657747196480964 -0.029219128813696857,-0.39289260452217845 -0.18974323228718576 -0.43793848363548699 -0.52738106908297966 -0.33399802092283615 -0.32545896939421898,11.53906450824276 -110.47812301515432 -48.502318212196023 -3.6414850579599327 0.71949765429733259 -0.0039619875993091693,0.6273124981246383 -14.618726433136544 -5.5513382762550805 0.066346741617962834 0.25595145147006804 0.15803918988015653
ur,tetrapga,4.45173096,0.350730279,0.24521069,0.040402308,34.047548,41.508422,4.2559435,1,0,0,2.132030521,0.046631623,0.9,0,0,0,0 0 0.050000000000000003,0 0 0.050000000000000003,0 0 0.050000000000000003,wrist_3_link,-1,0,0 0 0,0 0 0,,0.12725641639454388 -1.4715841528388049 0.030000865862022802 -1.5639904538408933 -0.020826822676900898 -0.023588565016261852,-0.054998045607125907 -0.030194886843610207 -0.072582302952636277 -0.087977850094256155 -0.058182063769378137 -0.055441121892849957,0.045072054563929063 -1.6367547202570594 -0.15211001744120892 -1.7383152169424889 -0.13628630126622318 -0.13355108023214585,-0.20372164407219259 -0.1512333577315034 -0.10255764906447763 -0.01823524949320442 0.05026286714838487 0.020955262419695173,0.12076599046803194 -1.4752447034081184 0.022747933572662558 -1.5726357717071182 -0.026139865214143625 -0.028855123164583801,-0.40905540356002001 -0.14663550536305525 -0.3884808445147036 -0.50782658989109652 -0.30471473666104465 -0.30640953120055558,2.6436034250810785 -124.71953754719146 -62.19807716859836 -5.0335878773974212 0.86480673710281308 -0.020626376905868701,0.50395406837878909 -13.332761610819944 -4.8900981654400084 0.16509329124528449 0.25796657600940875 0.17107964497748895
ur,tetrapga,4.493315284,0.354010135,0.2531942,0.012468023,28.641535,36.171254,3.580191875,1,0,0,2.224875027,0.085091299,0.9,0,0,0,0 0 0.050000000000000003,0 0 0.050000000000000003,0 0 0.050000000000000003,wrist_3_link,-1,0,0 0 0,0 0 0,,0.12614435593812209 -1.4725851639002523 0.028315888369436881 -1.5657947321173002 -0.021965872515406167 -0.024700963977124644,-0.01977196551918721 -0.014747714582077803 -0.027190622664427788 -0.031680440488912019 -0.019789567956783546 -0.01944030314258682,0.036614554821878316 -1.6429802278607624 -0.15626299423946347 -1.7389562067136346 -0.13410267410683011 -0.13260921111568466,-0.203010985860375 -0.14815924528120869 -0.097165519759623953 -0.012595261011463457 0.054741846160463604 0.024337157192381068,0.11726045865810795 -1.4768247817088973 0.01926143053143009 -1.5767034166382232 -0.028570981676612737 -0.031298780319827017,-0.43819147624049698 -0.1975097875973677 -0.43581288015405845 -0.50845561638813441 -0.30388955780863885 -0.30545714440540189,12.315889599466789 -116.13476978355362 -50.847765888610319 -3.8101522045108998 0.75334020742976437 -0.0041504620980921166,-0.95611222143952546 -4.1144475000719467 -1.2057171302995471 0.10479104169007769 0.077871978384351337 0.060279752879928594
ur,tetrapga,4.52956974,0.356484526,0.24825574,0.033948208,34.047467,41.483883,4.255933375,1,0,0,2.238670301,0.033080433,0.9,0,0,0,0 0 0.050000000000000003,0 0 0.050000000000000003,0 0 0.050000000000000003,wrist_3_link,-1,0,0 0 0,0 0 0,,0.12468624851861754 -1.472949498672204 0.026870152669256724 -1.5678289134046268 -0.02326225726690714 -0.025961454735944432,-0.038909487848813179 -0.01149056241639676 -0.039980980035081159 -0.053321637999826151 -0.033973989329172158 -0.033077217488911036,0.029268067588611103 -1.6483013349951003 -0.15969940829371004 -1.7393238962736042 -0.13204855024515194 -0.13167396052341115,-0.20223905187686467 -0.14536559339640504 -0.09239623650622511 -0.0076909939157392554 0.058561621177237913 0.027250951479336989,0.11739284262279598 -1.4760496409639678 0.020032892049136039 -1.5761728057722242 -0.02812873782991122 -0.030928936694256948,-0.44756387069584475 -0.14531259667715177 -0.37911244390092125 -0.48833009384990622 -0.27651479476891022 -0.28735239579640315,2.2573190190335612 -131.34294615439623 -65.667486293736417 -5.2842005730582686 0.9033785094594603 -0.021538130550271893,0.13471348230598323 -11.202908711679811 -4.1171517532063717 0.020526558218989521 0.1673868896845363 0.10212304611294343
ur,tetrapga,4.571128366,0.360168874,0.25481613,0.024147738,28.535539,36.108226,3.566942375,1,0,0,2.320482939,0.11606385,0.9,0,0,0,0 0 0.050000000000000003,0 0 0.050000000000000003,0 0 0.050000000000000003,wrist_3_link,-1,0,0 0 0,0 0 0,,0.12338803393345589 -1.4732507827585102 0.025650696381173892 -1.5694991567021404 -0.024285088173656322 -0.026979347176700374,-0.025419847072564089 -0.0018560833444605052 -0.020740593064496216 -0.031304933402976666 -0.019042337996928456 -0.019046520407689251,0.020884641501493571 -1.6542738154769694 -0.16342442191012049 -1.7395270559475919 -0.12952557145694443 -0.1304727674068083,-0.20118077666618572 -0.14203648660620838 -0.086856883056874321 -0.0020903217768887925 0.062837457437484034 0.030548359584078085,0.1135558562586234 -1.4776433332831764 0.016593709587997881 -1.5800863627024992 -0.030335186829682257 -0.033220635811979551,-0.47962329552157307 -0.19921153990107499 -0.42989780764226976 -0.48919461628437111 -0.27580612497137963 -0.28646238971532523,13.012567872563189 -122.25915613224394 -53.556745818469892 -4.0063303797469914 0.79116391276475873 -0.0044386817446368477,-0.38126321586025824 -7.9687535924012991 -2.8247161006714521 -0.011937267528082884 0.098958800302284544 0.058928478709717069
ur,tetrapga,4.607326929,0.362540978,0.245934283,0.039261271,34.13361,41.442323,4.26670125,1,0,0,2.341600916,0.063097044,0.9,0,0,0,0 0 0.050000000000000003,0 0 0.050000000000000003,0 0 0.050000000000000003,wrist_3_link,-1,0,0 0 0,0 0 0,,0.12162990508105433 -1.4733475272739183 0.024308490562757374 -1.5715429889724477 -0.025529092832947065 -0.028220651208122654,-0.044551018268822677 -0.0064174703366024219 -0.036923559382128143 -0.051499250063467082 -0.031244127051521662 -0.031253914504443557,0.013621162654655608 -1.6593612025773525 -0.16648029527486899 -1.7395147825136872 -0.12718496430354453 -0.12931557933205273,-0.20010917609960732 -0.13902935724368509 -0.081974014646512272 0.0027643401074625433 0.066468109022357988 0.033380878728427051,0.11371724010072129 -1.4766930230904796 0.017464288824199814 -1.579560829279449 -0.029920690813753467 -0.032867117552799627,-0.48445507113969721 -0.1496991014915145 -0.37335140639722653 -0.46826918024694342 -0.24856887280485118 -0.26830925534356553,2.3635190959867103 -136.58007560020903 -67.839191845079469 -5.402194453739809 0.9264755020488129 -0.020967431232017272,0.41663215841492729 -12.956219377467278 -4.8225386135838733 -0.036890738150759717 0.16834845428394374 0.096438174344044114
ur,tetrapga,4.648862452,0.366146076,0.248451354,0.028609912,28.650799,35.91531,3.581349875,1,0,0,2.414714245,0.124788517,0.9,0,0,0,0 0 0.050000000000000003,0 0 0.050000000000000003,0 0 0.050000000000000003,wrist_3_link,-1,0,0 0 0,0 0 0,,0.12024514929008698 -1.4735771552464207 0.023189429421570963 -1.5730791262910606 -0.02641770458624949 -0.029134049244869356,-0.028209683983319606 -0.0036103682696987495 -0.021768266322053212 -0.030770257911694694 -0.017617467541668888 -0.0182249703747175,0.0053379700713663001 -1.6650621530011782 -0.1697677291584023 -1.7392848389574824 -0.12433957002571062 -0.12786240884034294,-0.19870921278683873 -0.13545928062611934 -0.076310786608219369 0.0083013091363966611 0.070521608667050539 0.036582688767453575,0.1095768446525419 -1.478343140023461 0.014059588603910505 -1.5833141984715728 -0.031904955965527872 -0.035007328641543468,-0.5175494310224239 -0.20626461662267687 -0.42558752753616358 -0.46917114901549362 -0.24803314397180068 -0.26752638609298052,13.650466731503398 -126.95819206092527 -55.540325225487138 -4.1475955761765615 0.81885768188079755 -0.0046204740806546057,-0.14684171349313146 -9.4412710608048656 -3.4002216792317626 -0.052465422754721658 0.10212476256638325 0.056341325260270025
ur,tetrapga,4.684870973,0.368138207,0.239555236,0.039740125,34.015946,41.563506,4.25199325,1,0,0,2.43163179,0.072197373,0.9,0,0,0,0 0 0.050000000000000003,0 0 0.050000000000000003,0 0 0.050000000000000003,wrist_3_link,-1,0,0 0 0,0 0 0,,0.1182823160494334 -1.4737855345284501 0.021772087096978952 -1.5751084670692439 -0.027580577665074404 -0.03033389122073198,-0.04823658127066352 -0.0099656785770633697 -0.038264012379131573 -0.049661471952674563 -0.028319776186595421 -0.029310670676911718,-0.0017931797479664557 -1.6698825860889719 -0.17242644676588845 -1.7389000085423361 -0.12173845659620956 -0.12649581321454736,-0.19734954384386072 -0.13226390362938578 -0.071353887855797063 0.013067407319167394 0.07393451669560637 0.039314303651824943,0.10978547190766089 -1.4773479623172627 0.0149626573634529 -1.5827887287045634 -0.031505820010597319 -0.034661914057321525,-0.51801355541584559 -0.1604531301634316 -0.36914756087397826 -0.44717449176937329 -0.22038164941202254 -0.2489130157729752,2.2931111531104733 -140.03236218643241 -69.181106162920486 -5.4558254311702292 0.93711409509323174 -0.020268534759319074,0.47461947241146163 -13.11424108689971 -4.8312168302084544 -0.042881182613200508 0.15814749415602591 0.090437761029292574
ur,tetrapga,4.726555973,0.371415856,0.242570179,0.026866312,28.580714,35.887205,3.57258925,1,0,0,2.498053305,0.131973301,0.9,0,0,0,0 0 0.050000000000000003,0 0 0.050000000000000003,0 0 0.050000000000000003,wrist_3_link,-1,0,0 0 0,0 0 0,,0.11679196362522723 -1.4741303969325661 0.020610250112103663 -1.5765882525606374 -0.028381022307609704 -0.03118859667558066,-0.030329128222611589 -0.0057675640245419069 -0.022519169892302418 -0.029622255020810236 -0.015846614325238262 -0.017043529135854954,-0.0099840181361272318 -1.6753169746896843 -0.17528038885746353 -1.738241068568839 -0.1185762299516914 -0.12479200696503226,-0.1956079778405064 -0.12845222437150636 -0.065566907790748155 0.018539090020178079 0.077763385669451304 0.042422532666143375,0.10536868120401884 -1.4790986471316458 0.011584431511987915 -1.5863735801656926 -0.033265664493222317 -0.036647664684520957,-0.55209883795525672 -0.218835601797881 -0.42227823143312326 -0.44810643264115502 -0.21998056032812513 -0.24821882839992912,14.074616069420026 -129.98800998943588 -56.801383200189179 -4.234541790840229 0.83567610919423374 -0.0047415956030236236,-0.19528145651975137 -8.8658828096895377 -3.0958435349811282 -0.030206177681975532 0.090505616315326165 0.052714128345797917
ur,tetrapga,4.762538965,0.373296406,0.234925607,0.039198647,28.599026,35.985943,3.57487825,1,0,0,2.56917299,0.084255589,0.9,0,0,0,0 0 0.050000000000000003,0 0 0.050000000000000003,0 0 0.050000000000000003,wrist_3_link,-1,0,0 0 0,0 0 0,,0.11478364715793028 -1.4743906809511598 0.019260380191492069 -1.5784416019183283 -0.029376537539771683 -0.032255038760018923,-0.053075929327758772 -0.01132146668797668 -0.038880558459452028 -0.04863714624279733 -0.026006075114087927 -0.02794551959946965,-0.016993353121330681 -1.6798784394243649 -0.17754923905753589 -1.7374896692840858 -0.11572026015007414 -0.12321798523563139,-0.19396163141121395 -0.12506802796529229 -0.06053462077138469 0.023217756690870416 0.080959463840904147 0.045056722970278261,0.10095533301827408 -1.4813081625944304 0.0079785019320115988 -1.5899626824448192 -0.035000667687673244 -0.038619389527361374,-0.55166852321809434 -0.27618943284807901 -0.45074119749703961 -0.44863778489082218 -0.21687539930636615 -0.24646560535505183,15.086751286770706 -119.56770358805896 -50.608153593740596 -3.7731546118527048 0.76080084767749567 -0.0035933220820665961,0.49186093991312418 -12.93555354190903 -4.6961085888795679 -0.033155429378894041 0.14768595226448156 0.086233083586137127
ur,tetrapga,4.798617882,0.375685228,0.237145786,0.025010111,34.117593,41.734006,4.264699125,1,0,0,2.538822444,0.040419063,0.9,0,0,0,0 0 0.050000000000000003,0 0 0.050000000000000003,0 0 0.050000000000000003,wrist_3_link,-1,0,0 0 0,0 0 0,,0.11328013199122094 -1.4747606915751692 0.018163216535691164 -1.5797792279499134 -0.030053661801279514 -0.033007349509559927,-0.034434305110247823 -0.0073400971579660234 -0.023973291794731781 -0.030084411206107494 -0.014927001199493129 -0.016800393962863862,-0.023959522308755192 -1.684328275506189 -0.1796417898701988 -1.7365680586854191 -0.11274309137825912 -0.12154545289885807,-0.19217943651701228 -0.12159053033648648 -0.055459364304274041 0.027862773903788905 0.084059270869909095 0.047650400350850171,0.10270722590149466 -1.4796217970237144 0.010104000837644081 -1.5882228880783278 -0.033999559148413037 -0.037602199110490564,-0.55131332540660705 -0.19842124236432834 -0.37085729952591229 -0.41899161012018088 -0.18404930049208251 -0.22360369900373961,1.13377206185638 -138.67164379279706 -68.568322473706928 -5.3503141966846783 0.91106890784284156 -0.019583178441010651,-0.23954379948764881 -8.2533367521837135 -2.770912757381403 0.0028993738951612613 0.081441642609334508 0.051985529207669856
ur,tetrapga,4.840447251,0.377674646,0.230883339,0.037735851,28.527297,35.978382,3.565912125,1,0,0,2.610089412,0.119602929,0.9,0,0,0,0 0 0.050000000000000003,0 0 0.050000000000000003,0 0 0.050000000000000003,wrist_3_link,-1,0,0 0 0,0 0 0,,0.11087082335008039 -1.4751161007642681 0.016649247317654457 -1.5817735482983315 -0.0310491689032408 -0.034122566220042637,-0.055960883890121632 -0.012664166062231381 -0.038236001813357019 -0.045936145340526292 -0.022812368471074096 -0.025638798713259064,-0.031952254598719684 -1.6893282541703611 -0.18183801024340965 -1.7352910246730522 -0.10915409794686939 -0.11949043691477311,-0.18995052323696415 -0.11745709160521993 -0.049544157324277333 0.033184532859449382 0.087517750275740908 0.050595342947289325,0.098007807709555875 -1.4816706922633274 0.0067065380497050176 -1.5915786172356139 -0.03547760936630362 -0.039389899509912264,-0.58742727399234718 -0.25611190495161285 -0.42468284849238291 -0.41946614466075643 -0.18475627723632249 -0.22346254992771217,13.913429711765446 -128.42660338053327 -56.109413503365772 -4.1681713930893585 0.82058320807845808 -0.004747388887269827,0.45929848389175731 -12.452830902791902 -4.4397501487442952 -0.024400237189183827 0.13249977410396241 0.07913068682745461
ur,tetrapga,4.876519163,0.377905266,0.228004217,0.040151698,34.143406,41.559304,4.26792575,1,0,0,2.587757018,0.035071352,0.9,0,0,0,0 0 0.050000000000000003,0 0 0.050000000000000003,0 0 0.050000000000000003,wrist_3_link,-1,0,0 0 0,0 0 0,,0.10792462827701194 -1.4758382196133488 0.014654516458162107 -1.5841658097906872 -0.032231515364909993 -0.035452669434077655,-0.0710430623837114 -0.026166843888007774 -0.053969953574678271 -0.05809057788186376 -0.028436365515412568 -0.032153477619552999,-0.03876735315654517 -1.6934995775985928 -0.18353282454694678 -1.7340121280340741 -0.10594520102145365 -0.11762040891032285,-0.18789007572603281 -0.11380840063920572 -0.04442158299234826 0.037714013040841321 0.090380101107412028 0.05307921584177977,0.098280053920792254 -1.4803928451409973 0.00778567922437384 -1.5909976393326306 -0.035066489788483986 -0.039022831278386558,-0.585770509061458 -0.20479865033240346 -0.36185600369496523 -0.39067822743503722 -0.15149092785964702 -0.20019335079894982,2.0349490838491189 -141.55314523485418 -68.952813941939581 -5.3008707967904627 0.91368992383321734 -0.017404791617039717,0.67008966376283752 -13.250060236776335 -4.6488158692818971 0.036234347078789142 0.15357322554238806 0.099217377923352501
ur,tetrapga,4.918167974,0.379910956,0.229841583,0.017767732,28.514675,35.821582,3.564334375,1,0,0,2.645447706,0.12765236,0.9,0,0,0,0 0 0.050000000000000003,0 0 0.050000000000000003,0 0 0.050000000000000003,wrist_3_link,-1,0,0 0 0,0 0 0,,0.10616413914714279 -1.4767255304990154 0.013208459528914916 -1.5855808440075885 -0.03286468530465169 -0.036210432445995866,-0.033455326876180969 -0.01561466704112845 -0.026138948308731466 -0.02661543994394875 -0.011607047093797267 -0.014132412302854598,-0.046540522422304276 -1.6981502403670867 -0.18525943594303429 -1.7323337457931187 -0.10211458100710735 -0.11535113745751005,-0.18535420711825712 -0.10950293336981275 -0.038488526871550216 0.042869026408982866 0.093542763660953987 0.055880380602766823,0.093318868212633063 -1.4825085689135138 0.004470818621430667 -1.5941294521676728 -0.036278464239913585 -0.040621024578735745,-0.62014821351989891 -0.26446547156456562 -0.41435757536789669 -0.3914766043802822 -0.15149680642870011 -0.19977416254364877,14.430185175699265 -130.87548491145603 -56.981397991536902 -4.2281641584479157 0.83374867424210486 -0.0047785441477876398,-0.51843928774485448 -5.8633515974952388 -1.6518438133238007 0.076317018749250565 0.051427876972155673 0.043823219085808773
ur,tetrapga,4.954085953,0.380971828,0.225708961,0.034229601,28.661087,35.986736,3.582635875,1,0,0,2.707309389,0.076966284,0.9,0,0,0,0 0 0.050000000000000003,0 0 0.050000000000000003,0 0 0.050000000000000003,wrist_3_link,-1,0,0 0 0,0 0 0,,0.10390699530079024 -1.4773004891922386 0.011798547238165006 -1.5872368087734339 -0.033603049186988199 -0.037098245163907348,-0.059733721933617735 -0.01911469004009083 -0.040196594181087925 -0.043465436655276787 -0.019283716157397355 -0.023268673974900927,-0.053156774565208752 -1.7020155199051328 -0.18654980489671205 -1.7307151790775956 -0.09870763187024674 -0.11330154317000245,-0.18303439314061073 -0.10571372285320581 -0.033361098636627583 0.047245644842345502 0.096144810725902488 0.058236651108842158,0.08836468431668032 -1.4850885707287347 0.00092722916848575823 -1.5972675157650302 -0.037466864064344005 -0.042205640111019967,-0.61927298699409272 -0.32250022690262053 -0.44294868161811363 -0.3922579496696717 -0.14854997805380249 -0.19807694153552785,15.370896816027901 -120.142326067726 -50.70078645402063 -3.7645036765757363 0.75905198451215139 -0.0036438851800573951,0.37058579189317697 -11.295768220634272 -3.8491147742374849 0.014285723552347918 0.11043408347130423 0.071848536205152413
ur,tetrapga,4.990173555,0.382596297,0.227617904,0.019346137,34.130581,41.660265,4.266322625,1,0,0,2.646103215,0.034121209,0.9,0,0,0,0 0 0.050000000000000003,0 0 0.050000000000000003,0 0 0.050000000000000003,wrist_3_link,-1,0,0 0 0,0 0 0,,0.10222308461769646 -1.4778671005564066 0.010687084070103482 -1.5884076648679353 -0.034075795589931838 -0.037705478811323793,-0.038580680360261306 -0.010752446249484529 -0.02359296399551063 -0.026062323429923748 -0.010151484450862459 -0.013376742877766537,-0.059718156615293269 -1.7057607585402323 -0.18766068665686167 -1.7289318806630813 -0.095192618703341933 -0.11115806376472391,-0.18058177833682543 -0.10183898058579284 -0.028204255342121773 0.051574164331698244 0.098639462945240911 0.060546752750487688,0.090382381902705533 -1.4833529501964384 0.0029768633857513186 -1.5956867620176962 -0.036669065812585125 -0.041329303349277882,-0.61393782056035762 -0.23438931923346057 -0.35378665419291255 -0.35614646265168387 -0.11221699818090089 -0.17171798601325067,0.65646903008826385 -139.84014510197463 -68.378905743959564 -5.2024002187032226 0.88574513069186478 -0.017011715741028052,-0.39903593641111001 -6.3842251407941148 -1.8323533719257661 0.064896573858277407 0.048588097875096992 0.041471400499844435
ur,tetrapga,5.031932587,0.383792276,0.223515964,0.035275655,28.614714,36.141235,3.57683925,1,0,0,2.703611595,0.132466508,0.9,0,0,0,0 0 0.050000000000000003,0 0 0.050000000000000003,0 0 0.050000000000000003,wrist_3_link,-1,0,0 0 0,0 0 0,,0.099515908064012046 -1.4783722476658758 0.0092398566244758645 -1.590137889745785 -0.034759933421414285 -0.038598304305765267,-0.0628974336811009 -0.016007606341111844 -0.03663530188787311 -0.039892537855347 -0.015671451600226326 -0.020537964013213859,-0.067197247630115961 -1.7099184539418408 -0.18871385598430629 -1.7266751694489311 -0.091015873381376122 -0.10857513922607198,-0.17759402439775879 -0.09727501575897618 -0.022236516788180359 0.056491568793690383 0.10137325060035532 0.063145982213296967,0.085177516752543966 -1.4856979185921484 -0.00028226398275998108 -1.5985391412481709 -0.037575188852887402 -0.042704285433504491,-0.65060814377019593 -0.29312104946374201 -0.4073909210639125 -0.35654740380933525 -0.11326538003778489 -0.17187276052832642,14.205420640292767 -129.05066876688397 -56.215333125127508 -4.1581287531307991 0.8179345774853205 -0.0047949670353923746,0.45406469702328422 -11.640966091680639 -3.9651170443245913 -0.010790766069476376 0.09981369236045623 0.063407070047801994
ur,tetrapga,5.068166098,0.383360575,0.223606036,0.038518631,34.064555,41.436165,4.258069375,1,0,0,2.662172112,0.044403166,0.9,0,0,0,0 0 0.050000000000000003,0 0 0.050000000000000003,0 0 0.050000000000000003,wrist_3_link,-1,0,0 0 0,0 0 0,,0.096205135113781481 -1.4792681199088451 0.0073282168797279904 -1.5922185092637331 -0.035572929883741604 -0.039665247494732658,-0.079833379997169426 -0.030925446839464455 -0.05225576537830344 -0.050600997600539016 -0.019505990876185073 -0.025794085285316726,-0.073583178410187439 -1.7133703103068811 -0.18942581957495117 -1.72455226165193 -0.08730186253180458 -0.10624729008343101,-0.17487396826777549 -0.093249001891854588 -0.017063289548573179 0.060674304827807939 0.10360974443636103 0.065335123866401126,0.085541554952538595 -1.4843706914749009 0.00081270556202188426 -1.5979652819333681 -0.037199734426779242 -0.042355344186277753,-0.6437213725780162 -0.23595902805049646 -0.33878386080776507 -0.32330708467698793 -0.078209382308092962 -0.14632221526989764,1.7476244787042052 -142.0477658183766 -68.397164494613605 -5.1317992357775868 0.88566539903062758 -0.014841932394678733,0.70932219130406793 -12.711148238260648 -4.297161238855022 0.030649756937236816 0.11755958798228505 0.079602700839103591
ur,tetrapga,5.109697065,0.384478245,0.223241564,0.015305615,28.661496,36.018498,3.582687,1,0,0,2.703736613,0.141793482,0.9,0,0,0,0 0 0.050000000000000003,0 0 0.050000000000000003,0 0 0.050000000000000003,wrist_3_link,-1,0,0 0 0,0 0 0,,0.094233733597981387 -1.4803077549599641 0.005910592565130714 -1.5934356135182757 -0.035972884664911629 -0.040255907868628711,-0.037377798190084258 -0.018929597226896466 -0.025796469544018159 -0.022784447014879368 -0.0070992690591884979 -0.010899874844374824,-0.080778679612924439 -1.7171459912976796 -0.19001153530223683 -1.7219345646088189 -0.08294830768914721 -0.10348307883406319,-0.17161346364971347 -0.088563662935511156 -0.011145569601758373 0.065367212498635016 0.10601533930651336 0.067766510407915953,0.080118038425865984 -1.486741792754513 -0.00231234232559103 -1.6005580137859068 -0.03782806725936378 -0.0435245137652715,-0.67793956583407622 -0.29638765995151256 -0.39063098595161427 -0.32409148156734724 -0.078541604073067317 -0.146146197374218,14.667830427945848 -130.91262384406178 -56.817672066389882 -4.1993498088964856 0.82771284841840242 -0.0047960866752964435,-0.52693619475911646 -5.0508527921447239 -1.1780882376016635 0.10282911726062594 0.02704372675506761 0.033859395145810822
ur,tetrapga,5.145894205,0.384831028,0.220535876,0.032044895,28.55506,35.853331,3.5693825,1,0,0,2.751646408,0.089369467,0.9,0,0,0,0 0 0.050000000000000003,0 0 0.050000000000000003,0 0 0.050000000000000003,wrist_3_link,-1,0,0 0 0,0 0 0,,0.091727079119033467 -1.4810418658348619 0.0045559568642888001 -1.594844373978676 -0.036427719426469128 -0.040939600193756899,-0.066255926398492579 -0.023614846838362437 -0.038896578062224754 -0.037015628828362804 -0.011852416553169012 -0.017918130315766452,-0.086937299816153724 -1.7202769476519502 -0.19032185574755417 -1.7194958419583046 -0.07907504404352482 -0.10099283282642756,-0.16865001266168234 -0.084422386742365629 -0.0060033937666004403 0.069364761612405262 0.10797215136888279 0.069816074210967694,0.074706544520869458 -1.4895795275131363 -0.0056665305456182966 -1.6031587264703191 -0.03843567518956599 -0.044681296845742347,-0.67643673812456484 -0.35471684482789578 -0.41927352750340829 -0.32508908555153943 -0.075950991275275867 -0.14459788505885554,15.525528517508423 -119.99530845047164 -50.504351957886001 -3.7367322324659717 0.7535170017896955 -0.0036768782887801471,0.38152507338423902 -10.57481545617884 -3.4236387908428987 0.020108063924453745 0.078021716716591527 0.055349008418176027
ur,tetrapga,5.181838862,0.385681905,0.221252146,0.016411198,34.12403,41.632386,4.26550375,1,0,0,2.670976122,0.047745414,0.9,0,0,0,0 0 0.050000000000000003,0 0 0.050000000000000003,0 0 0.050000000000000003,wrist_3_link,-1,0,0 0 0,0 0 0,,0.089871166624091295 -1.4817442834743131 0.0034800308059252188 -1.5958247083968398 -0.036686668449104634 -0.041391211404813798,-0.042384105785092802 -0.01390907995266529 -0.022772980971528883 -0.02164565566443848 -0.0052450750852346614 -0.0097903895440668853,-0.092944831609764522 -1.7232368249319974 -0.19044615265790343 -1.7169325380895828 -0.075161057193261036 -0.098447721716305364,-0.16559762430308705 -0.080260488295510288 -0.00091616753231700911 0.073245132697633233 0.10978447725238612 0.071785659094168425,0.076967118383640495 -1.4877619605730623 -0.003696968022344301 -1.6017697546588745 -0.03786888802137317 -0.043966581960804774,-0.66521714860498493 -0.26250688491720692 -0.32546476906222022 -0.28475465316188947 -0.038464525254733047 -0.11629097944083835,0.3656823797870139 -139.00362540978904 -67.113673562178363 -4.9726068527506673 0.8475733278625992 -0.014120580550835267,-0.42716763858686591 -5.4156954649624822 -1.2996643220928337 0.091453250433914945 0.022255294948877236 0.030420027640403191
ur,tetrapga,5.223566266,0.386032003,0.218777912,0.032769724,28.606752,35.857577,3.575844,1,0,0,2.709982676,0.149973558,0.9,0,0,0,0 0 0.050000000000000003,0 0 0.050000000000000003,0 0 0.050000000000000003,wrist_3_link,-1,0,0 0 0,0 0 0,,0.086907120290262638 -1.48241150465266 0.0021206142488844268 -1.5972554655575126 -0.037044152620891946 -0.042044495339012694,-0.068806555245763679 -0.01979995688730541 -0.034599947257789657 -0.033020101301746929 -0.0081622363903046096 -0.015027684065499007,-0.099778564930062055 -1.7264840951924643 -0.19036166729088808 -1.7137842097215135 -0.070538976576954585 -0.0954060238220205,-0.16192047919732541 -0.075371766674853929 0.0049596994836320473 0.07763340568947473 0.11172257855904662 0.073988117559792246,0.071357810035316618 -1.4903334359032245 -0.0067190307027021751 -1.6040508827006106 -0.038186791093014733 -0.044900013312784849,-0.70116354354048482 -0.32143441627028657 -0.37775783504473415 -0.28514100521701091 -0.039737883955195119 -0.11667891899750971,14.299454363259578 -127.85286224047141 -55.508268655827749 -4.0903870433014227 0.8044993677473864 -0.0047599565202012008,0.45002965383991977 -10.814008993146672 -3.5042515597398243 -0.0056684248374949675 0.066788366929486642 0.046416320106573039
ur,tetrapga,5.259513868,0.38485945,0.221934386,0.036124988,28.530687,36.038059,3.566335875,1,0,0,2.753660681,0.06446235,0.9,0,0,0,0 0 0.050000000000000003,0 0 0.050000000000000003,0 0 0.050000000000000003,wrist_3_link,-1,0,0 0 0,0 0 0,,0.083288625931366239 -1.4834845748309617 0.00032860424023381735 -1.5989758064975756 -0.037466679178142816 -0.042824399535458267,-0.087256994903458937 -0.035449938018351848 -0.049455034243239167 -0.041918812430966491 -0.010067443378210144 -0.018854255539818232,-0.10554056962971337 -1.729117136752113 -0.19009285482020505 -1.7109271049539341 -0.066495003686668219 -0.092713346713478167,-0.1586404205260421 -0.071114876218732692 0.0099909437183590567 0.081309604603395993 0.11324761428499934 0.07581157673192207,0.065758554683435291 -1.4933611246435932 -0.0099669939456248982 -1.6063418344039246 -0.038483831823680759 -0.045820955506977741,-0.69990691898516511 -0.37846109254608584 -0.40599540536534046 -0.28636896291424802 -0.03713009133325304 -0.11511777427411171,15.20155086767695 -117.03352484859874 -49.180594630619666 -3.63005209438239 0.73189509001916031 -0.0036147908257126321,0.71424538757372602 -11.921246146117483 -3.8618093014470709 0.021753173136858095 0.079221147452244622 0.058201012951869302
ur,tetrapga,5.295659747,0.385047148,0.219437197,0.011280491,34.030044,41.366999,4.2537555,1,0,0,2.643431943,0.015208058,0.9,0,0,0,0 0 0.050000000000000003,0 0 0.050000000000000003,0 0 0.050000000000000003,wrist_3_link,-1,0,0 0 0,0 0 0,,0.081392232602872885 -1.4845216132952057 -0.00087225415872995826 -1.5998527125240136 -0.0376098179451285 -0.043189476528565883,-0.042968734721494477 -0.023818309850180373 -0.026653523199051486 -0.019567323912710984 -0.0025957662370002911 -0.0078916295401752663,-0.11121362129864086 -1.7316097023697281 -0.18964078843721904 -1.7079228054058757 -0.062375907466602418 -0.089940991384481667,-0.15524033452109848 -0.066795989243193743 0.015016542955782402 0.084905176520509898 0.11464458804276192 0.077574689772403324,0.068085879920702946 -1.4912150612420767 -0.0078905598670443739 -1.6050307124489285 -0.038024841576466288 -0.04517835416674669,-0.68618921530639421 -0.28421153408464844 -0.30886697685836828 -0.2416798731199078 0.0027479134922925811 -0.084142268621860333,0.046466943604178468 -135.47477996148584 -64.925229894447241 -4.7269066371397876 0.80486677567019271 -0.012163896609514974,-0.59362197877953804 -3.7225619756663946 -0.49355203100389389 0.14603171675753401 0.00024608267412418172 0.024606148949359863
ur,tetrapga,5.337131004,0.384641914,0.218495088,0.028425225,28.688107,36.023818,3.586013375,1,0,0,2.674490847,0.140418001,0.9,0,0,0,0 0 0.050000000000000003,0 0 0.050000000000000003,0 0 0.050000000000000003,wrist_3_link,-1,0,0 0 0,0 0 0,,0.078353364581386406 -1.4855504746174937 -0.0023189201999751917 -1.6011253659547027 -0.037792445955945386 -0.043713480339954133,-0.070593249313776876 -0.027510282960227592 -0.03622114797772269 -0.029351757888179911 -0.0041464426912989375 -0.012047947502447798,-0.11756865131045434 -1.7342763275225923 -0.18889926200928039 -1.704318330186926 -0.057591115950911147 -0.086683433361055606,-0.1512169759244846 -0.061797919513531023 0.020735555434002399 0.088901521117360119 0.11607713533950671 0.079508937819818673,0.062317193827644064 -1.4939498126063986 -0.010765627716017152 -1.6069665436520659 -0.038014643441816993 -0.045855892853271733,-0.72108576163236027 -0.34184392054022328 -0.35938348112159713 -0.24197890039217365 0.0012747668311619362 -0.08469233581563082,14.017602196915487 -124.30206525686273 -53.849150588191335 -3.9577717719594632 0.7782546895491762 -0.0046342419175231329,0.32458448275559704 -9.3803243461734382 -2.821360585723248 0.029601962100969104 0.042515507022415022 0.03725707820494506
ur,tetrapga,5.373257733,0.38291104,0.22396522,0.032479142,34.151692,41.824495,4.2689615,1,0,0,2.607167676,0.052938655,0.9,0,0,0,0 0 0.050000000000000003,0 0 0.050000000000000003,0 0 0.050000000000000003,wrist_3_link,-1,0,0 0 0,0 0 0,,0.074625344340966293 -1.4868912152470346 -0.0041201122715096589 -1.6026462964256112 -0.038006349190324924 -0.044336882659042127,-0.089903312455132209 -0.041874938085797758 -0.049615162224835245 -0.037102937238819932 -0.0050254595350898755 -0.015068905190968212,-0.12296673472435404 -1.7364297241456024 -0.18806085624222646 -1.7010454890341031 -0.053377367367910523 -0.083781796153837448,-0.1476087769661043 -0.057410745892691531 0.025671623883571609 0.092266878434976843 0.11717551447413134 0.081115346987631246,0.06282066595505606 -1.4926534450694167 -0.0097252408615535434 -1.6064333722584838 -0.037714526196661075 -0.045549686583611027,-0.70632539115614135 -0.27911639283749706 -0.28529635847376733 -0.20336902745565932 0.036996264926236207 -0.056662353431761778,1.3311303177205041 -136.07591181036886 -64.192003783239898 -4.6146584560885433 0.79814564814548739 -0.010117175534204112,0.62385554020966083 -10.718117007631008 -3.2872735457993656 0.041410058215660683 0.053547346442982757 0.046547489833358213
ur,tetrapga,5.415184609,0.382619626,0.220039349,0.008008611,28.65563,35.949954,3.58195375,1,0,0,2.621429784,0.154202614,0.9,0,0,0,0 0 0.050000000000000003,0 0 0.050000000000000003,0 0 0.050000000000000003,wrist_3_link,-1,0,0 0 0,0 0 0,,0.07241868822030692 -1.488220248475338 -0.0054702155959836735 -1.6035029959648497 -0.038030301372553761 -0.044644634520629591,-0.041879559969494086 -0.023678513694794703 -0.024025190345073472 -0.015734914459688228 0.00013704635101973158 -0.005420478189145421,-0.12906571113823409 -1.7387294523443029 -0.18686545075820787 -1.6970975474399457 -0.048440867245724689 -0.080343403886188991,-0.14330467214561093 -0.052285521476656271 0.03134053507346949 0.096032850561494257 0.11827429738255457 0.082886338974888993,0.056917730580914518 -1.4953553068702001 -0.012392125358465168 -1.6080666617166268 -0.03742411926341891 -0.046003979658666969,-0.73786692176769286 -0.33773272509792784 -0.33336056211395293 -0.20416118226786753 0.036300866655270367 -0.056786634381992364,14.309303337088716 -124.75573658648267 -53.830284142168935 -3.9548399717887692 0.77961936597846304 -0.0045754256824361312,-0.67383560202489434 -2.6428415127875269 0.017907908393858918 0.16810072581938584 -0.017682528008734266 0.016996967683667208
ur,tetrapga,5.451224661,0.381659753,0.218927929,0.026164491,28.638041,35.923961,3.579755125,1,0,0,2.643004018,0.104328969,0.9,0,0,0,0 0 0.050000000000000003,0 0 0.050000000000000003,0 0 0.050000000000000003,wrist_3_link,-1,0,0 0 0,0 0 0,,0.069481840473315432 -1.4892158843967214 -0.0067191842682484447 -1.604508575029997 -0.038030550859363334 -0.045000285603506829,-0.072224476732967155 -0.028650901786030147 -0.03371297008545384 -0.024690999206238642 5.3902911773156921e-05 -0.0086879197932958063,-0.13416226916731494 -1.7405340529305147 -0.18564897359946367 -1.6935800594830752 -0.044163551288747806 -0.077329982249078791,-0.13950815074576359 -0.047855180026356067 0.036157385992482478 0.099146702331229561 0.11906679731935961 0.084327288433028377,0.05103660802129175 -1.4985041300770545 -0.015277335555133862 -1.6097098145741897 -0.03711918704468576 -0.046448728001558123,-0.73514031995284579 -0.39360290085679328 -0.3606512745835867 -0.20539410719535633 0.03811652734164353 -0.055593542861394049,14.956343644621976 -114.07061007793459 -47.783793056751861 -3.5164253304925794 0.70931592655858144 -0.003542345959050691,0.29593406879541817 -8.6342819281771881 -2.4563302257698751 0.034579716587359144 0.022610016819740508 0.026897102834936959
ur,tetrapga,5.487251238,0.381545244,0.217832884,0.012034719,34.114633,41.443971,4.264329125,1,0,0,2.550602501,0.067696755,0.9,0,0,0,0 0 0.050000000000000003,0 0 0.050000000000000003,0 0 0.050000000000000003,wrist_3_link,-1,0,0 0 0,0 0 0,,0.067576826266149803 -1.4900071237523302 -0.0075898927808044601 -1.6050947824418018 -0.037952195991372749 -0.045174096138636446,-0.046618418256798515 -0.017322882930274598 -0.019635762774852784 -0.013701960922719766 0.0024554350743490418 -0.003814652673740912,-0.13911860948000151 -1.7421780458086678 -0.1842604507689676 -1.6899538255488227 -0.039861830068996504 -0.074267155847647481,-0.13562685219243031 -0.043407528055292972 0.040916132822588026 0.10214239424844496 0.11971784576421973 0.085691413396903379,0.05357806364787749 -1.4966323904378156 -0.013539418743683942 -1.6086862770639461 -0.036935413448196411 -0.046015582221877988,-0.71608168698040986 -0.29709544039041474 -0.26322557196434743 -0.16049731949379026 0.075034758729104978 -0.025521268972588322,0.012860047805141051 -131.51110477311477 -62.066109386687003 -4.3849941207333192 0.74911563730522746 -0.0089655890340331248,-0.4409189291615121 -3.9714571559006799 -0.53704317940141522 0.11703889818545576 -0.016832018263158943 0.011990381579252585
ur,tetrapga,5.52879017,0.380605778,0.217252069,0.028456804,28.588753,35.904528,3.573594125,1,0,0,2.557056985,0.160856791,0.9,0,0,0,0 0 0.050000000000000003,0 0 0.050000000000000003,0 0 0.050000000000000003,wrist_3_link,-1,0,0 0 0,0 0 0,,0.064337049172776439 -1.490874984467375 -0.0087155781603130162 -1.6059907082546416 -0.037795974963985519 -0.045428242964787251,-0.075081995898850618 -0.024471040594850623 -0.029127950375898513 -0.020744774448425922 0.0036467958293549801 -0.0058460822762963433,-0.1446576933485067 -1.7438743103665222 -0.18244815388528432 -1.6856417324410755 -0.034876286842403396 -0.070676593430872972,-0.13104874680885512 -0.038260634299396509 0.046327691944835915 0.10544768553683122 0.12029267212125018 0.08716832609151931,0.047589555908669777 -1.4994612859238907 -0.016026201035250418 -1.6099737347058996 -0.036346696429513735 -0.046224800627106932,-0.74856346740096391 -0.35361193575939986 -0.31084778644580946 -0.1609322052441973 0.073589627335334834 -0.026152300653618305,13.766033023335311 -120.30403745025147 -51.908842201639601 -3.8034120025848908 0.74844083661075089 -0.0044744937517015929,0.43827306542686983 -9.3907454611999128 -2.7739933893088846 -0.010589870652438549 0.015820103141365394 0.018095606557295696
ur,tetrapga,5.564794209,0.378358352,0.22461541,0.031747001,34.153384,41.52657,4.269173,1,0,0,2.498235844,0.084093783,0.9,0,0,0,0 0 0.050000000000000003,0 0 0.050000000000000003,0 0 0.050000000000000003,wrist_3_link,-1,0,0 0 0,0 0 0,,0.06039630585066498 -1.4921749275460368 -0.010211304797189394 -1.6070688784876586 -0.037604474776100641 -0.045730108375692947,-0.094999399195770926 -0.04100765009555702 -0.042220718063078241 -0.026427137428006137 0.0047698412248128744 -0.0072967774151230912,-0.14930323560530365 -1.7451713499090633 -0.18069678851157284 -1.6817956185813583 -0.030538619660721762 -0.067516415898170298,-0.12699502012284364 -0.033787512544814886 0.050948276585292211 0.10818069471202467 0.12063813628189403 0.088364293233274604,0.048166623413816542 -1.4981501066462066 -0.015022502215628255 -1.6094991922070574 -0.036124911482624811 -0.045969457963061081,-0.72828843323135473 -0.29149998890536333 -0.2379686624260437 -0.12223570128480357 0.10633426502279639 0.00099956729235760322,1.2492615778463367 -130.76055620093703 -60.736146290827421 -4.2400656138841475 0.73631042068487207 -0.0070575557066217525,0.69914232447951008 -10.476510351273646 -3.1434350579725248 -0.0053771814291394548 0.019432400766746127 0.022551112541563612
ur,tetrapga,5.60643329,0.377355802,0.221099252,0.008418055,28.530727,35.812241,3.566340875,1,0,0,2.488726508,0.157438601,0.9,0,0,0,0 0 0.050000000000000003,0 0 0.050000000000000003,0 0 0.050000000000000003,wrist_3_link,-1,0,0 0 0,0 0 0,,0.058076580324355184 -1.4935018390593868 -0.01138738052191733 -1.6076580933279421 -0.037388518398986617 -0.04584429301746018,-0.043805439085033038 -0.024856771350351459 -0.021415109481915467 -0.01067959410617305 0.0046915888270149236 -0.0017403812911104502,-0.15449195769412116 -1.7464703667546757 -0.17846556382319145 -1.6772279318382584 -0.025510069619632814 -0.063809895401621256,-0.12221208094945224 -0.028605459036199803 0.056205528388076242 0.1111853299722593 0.12086048715723137 0.08964883608723874,0.04210890249668478 -1.5009367864179637 -0.017284737803856483 -1.6104838309334311 -0.035281319358106647 -0.04596365857957746,-0.75721511464147051 -0.34833497146961911 -0.28277944852852871 -0.12307984079670914 0.10544901556477043 0.00072492293545276584,13.885867863389944 -119.52562088297951 -51.365150504095809 -3.7620869358919498 0.74208712990046577 -0.0043709334908747545,-0.54540938242794823 -2.777958307073277 0.019553594969842436 0.1446652032664133 -0.033210023798986299 0.0056105645679451754
ur,tetrapga,5.642340586,0.37589258,0.220475567,0.024838732,34.13406,41.503983,4.2667575,1,0,0,2.44927614,0.116810761,0.9,0,0,0,0 0 0.050000000000000003,0 0 0.050000000000000003,0 0 0.050000000000000003,wrist_3_link,-1,0,0 0 0,0 0 0,,0.055174629163793551 -1.4945382818884536 -0.012412785952373516 -1.608294970106017 -0.037101398786819798 -0.045950610515104802,-0.076535452697155462 -0.031571695637679954 -0.030088947578571699 -0.016835375273613042 0.0075807904503226199 -0.0027844466177538996,-0.15880502375492581 -1.7474172234071785 -0.17636717390613743 -1.6731911268620874 -0.021169171541520336 -0.060572261984806017,-0.11800960059833859 -0.024133306364855178 0.060660113828583578 0.1136392444211647 0.12089958093188913 0.09067075369804356,0.042774257599272877 -1.500039175095812 -0.016542307199704252 -1.6100842402374553 -0.035113490425414326 -0.04575238280500879,-0.73343852887078609 -0.28770511782540298 -0.21169316519865691 -0.086854964716422456 0.13473358088111242 0.025593967791542889,0.9012783723626967 -129.36668090569071 -59.868152354846117 -4.1283436803832219 0.71543615676573646 -0.006075643006253701,0.34749051007992193 -8.196781664608352 -2.2207250860192218 0.010487820831258432 -0.0054635029329688223 0.0086733735050756877
ur,tetrapga,5.683938461,0.374965538,0.219197455,0.010414963,28.58597,35.869659,3.57324625,1,0,0,2.427054473,0.165917002,0.9,0,0,0,0 0 0.050000000000000003,0 0 0.050000000000000003,0 0 0.050000000000000003,wrist_3_link,-1,0,0 0 0,0 0 0,,0.05287313319298928 -1.4955467433838603 -0.013307433310360382 -1.608728173018878 -0.036788969669818643 -0.045972159602275568,-0.046183227851996439 -0.018109460407582944 -0.016237431892554749 -0.008008486372137082 0.0068137889741053522 2.6402635152763326e-05,-0.16361124146050929 -1.7483133704091554 -0.17373815186407088 -1.6684076066013958 -0.016142080211240552 -0.056777639706753175,-0.11305542308189902 -0.018953515120304822 0.065723868095516572 0.11632024121655418 0.12076828175746505 0.091754303542598989,0.036675382624200434 -1.502792077467241 -0.01858949764273668 -1.610786828822222 -0.034042528584346594 -0.045549918472816198,-0.76236248763284253 -0.34411517956997495 -0.2559003678617795 -0.087823819563226699 0.13387105738828478 0.025308386877658198,13.731831519882792 -118.17616510893745 -50.751600058399205 -3.7140141094190935 0.7324482417031204 -0.0043327931448562639,-0.41180609945629953 -3.4369377572866142 -0.2613648266580384 0.10968820985817729 -0.035908870211301291 0.00012711350569816204
ur,tetrapga,5.719900231,0.373273448,0.21881161,0.025388366,34.086412,41.746057,4.2608015,1,0,0,2.397154431,0.131100875,0.9,0,0,0,0 0 0.050000000000000003,0 0 0.050000000000000003,0 0 0.050000000000000003,wrist_3_link,-1,0,0 0 0,0 0 0,,0.049733006396609103 -1.4964520774628705 -0.014185371353209096 -1.6092320872695853 -0.036350332435960364 -0.045969658728617926,-0.077057170217352339 -0.026738499490304272 -0.024681634642465131 -0.01247667321368769 0.010767421529745852 6.055993733204003e-05,-0.16759882889286909 -1.7489145262901276 -0.17129722321962079 -1.6641850102676987 -0.011803398333078802 -0.053462478550577591,-0.10870215910250612 -0.014480670109756818 0.07001348579860811 0.11849564569963883 0.12050231182730663 0.092603527330758259,0.037311068423156707 -1.5019082750045554 -0.017888382169516347 -1.6104341785504057 -0.033910055472840414 -0.04536915502033298,-0.73664386666052917 -0.28577705537390752 -0.18761998706085481 -0.053090272130855265 0.16079773017036408 0.04882956520659594,0.91076503307480294 -127.32332882496824 -58.502119888495969 -3.9836488977361868 0.69227651796617728 -0.0048541517479535031,0.40371389155805559 -8.378160823230246 -2.3052601616716686 -0.020318296019468107 -0.014511215761572771 -0.00012142208761645179
ur,tetrapga,5.761746171,0.372234257,0.219435725,0.013723441,34.016648,41.694851,4.252081,1,0,0,2.364679145,0.161435161,0.9,0,0,0,0 0 0.050000000000000003,0 0 0.050000000000000003,0 0 0.050000000000000003,wrist_3_link,-1,0,0 0 0,0 0 0,,0.047438084545578255 -1.4973300960791547 -0.014923861800745576 -1.6095348708101795 -0.035947291081416671 -0.045907326988984427,-0.046141154408638162 -0.016887460460197432 -0.014022813096040882 -0.0056620343475414841 0.0085042911153796197 0.0015724335776833272,-0.1720402494177459 -1.7494117673769598 -0.16826485096006594 -1.6591763803902788 -0.0067703884702233859 -0.049568488030683318,-0.10355924025944835 -0.009287079112700795 0.074897020887224011 0.12085813048602996 0.12001544791148386 0.093488744125757209,0.031195094917529358 -1.5046404962081334 -0.019731919851550241 -1.6108670938861669 -0.032631129553247602 -0.044981221172144398,-0.76449979395794054 -0.34153001338372291 -0.23044373837215928 -0.054114626038222147 0.15986659045533225 0.048492098682158258,13.551963789164439 -116.19664863045314 -49.823962068446399 -3.643099332232822 0.71871057661875803 -0.0042504012926489181,-0.22956894833822616 -4.5287353789190092 -0.72723289723351314 0.061715269576779974 -0.03417893179657483 -0.0046913214424790795
ur,tetrapga,5.803551509,0.370183491,0.220266166,0.024183868,34.010222,41.471988,4.25127775,1,0,0,2.338181543,0.117189759,0.9,0,0,0,0 0 0.050000000000000003,0 0 0.050000000000000003,0 0 0.050000000000000003,wrist_3_link,-1,0,0 0 0,0 0 0,,0.043995297486233514 -1.4983488721801668 -0.015792190308120645 -1.6099242925093797 -0.035339417303930656 -0.045792449320471593,-0.073942799615872842 -0.027185247901443495 -0.022122883473801064 -0.0085564466099050385 0.01309581819648099 0.0024621798914578235,-0.17626081503954713 -1.7496918558481582 -0.16503388086657472 -1.6540777328573597 -0.0017665742405546438 -0.045643612367766255,-0.098343387370507435 -0.0041159533063550536 0.079654418964580934 0.12303426213746711 0.11933943254611376 0.094261763485259026,0.031702606645747533 -1.5037917913223242 -0.019076771086862281 -1.6105492505935184 -0.032497933312140029 -0.044811038257275587,-0.73657524739399793 -0.28713957248997068 -0.16434026493731635 -0.01919477900215992 0.1859179398092535 0.071974807458343337,0.76022819274518305 -124.10594466802682 -56.574558472312994 -3.7933057660168608 0.66036160085953521 -0.0034852525373524905,0.36943784030992788 -7.9806764444547298 -2.1397165293098368 -0.030336917582644674 -0.024651264114709193 -0.0075312384364139007
ur,tetrapga,5.845120907,0.368868535,0.221023134,0.013827475,34.186896,41.880317,4.273362,1,0,0,2.297581194,0.146969064,0.9,0,0,0,0 0 0.050000000000000003,0 0 0.050000000000000003,0 0 0.050000000000000003,wrist_3_link,-1,0,0 0 0,0 0 0,,0.041723412684397138 -1.4992468947554138 -0.016459484110229745 -1.6101093341189938 -0.034847818423505351 -0.045649744261939476,-0.043689623031640722 -0.016358838837054204 -0.012097459062266841 -0.0033792629526429728 0.0095604690440105645 0.0028482431901387861,-0.18023983857941081 -1.7497564676468718 -0.16162654268567281 -1.6489214992501733 0.0031770837562570442 -0.041711154232099576,-0.093085170710927506 0.0010030482974010589 0.084259152742238011 0.12501313453390109 0.11848047449929379 0.094919403584816292,0.025594976855924947 -1.5065253280875113 -0.020719937664346502 -1.6107112372022536 -0.03101860429796497 -0.044238277081628793,-0.76345527660508361 -0.3416932771166078 -0.205396586244489 -0.020248430625936342 0.18491655202499763 0.071595330785142741,13.220786389751296 -113.10883431467333 -48.420515651431849 -3.5365845729123597 0.69778760987798061 -0.0041270571475393609,-0.19976946227214398 -4.5630666259521604 -0.74273538917452697 0.04793030208475102 -0.037481413380874073 -0.0086419525552230425
ur,tetrapga,5.887100262,0.36652458,0.221990027,0.022709592,34.015735,41.346372,4.251966875,1,0,0,2.26974824,0.106144235,0.9,0,0,0,0 0 0.050000000000000003,0 0 0.050000000000000003,0 0 0.050000000000000003,wrist_3_link,-1,0,0 0 0,0 0 0,,0.038274149647948286 -1.5002991580659126 -0.017238942863902526 -1.6103460598407275 -0.034122440208382065 -0.04542975074520416,-0.071442455868207869 -0.027207290499139541 -0.019634340441645338 -0.0051273428372906075 0.015086355384123569 0.0045537753633713932,-0.18403485498355684 -1.7496063499513788 -0.15799410285596843 -1.6436348912228989 0.0081293305902497386 -0.037714531267494161,-0.087708000386298668 0.0061436092939344995 0.088776564100218197 0.12682198080425786 0.11742550213034886 0.095470618962413933,0.026065561133686112 -1.5057252315095817 -0.020107181406285413 -1.6104128703339002 -0.030892851034466248 -0.044076017791842309,-0.73362604121994401 -0.28912414484284188 -0.14096802479959331 0.01447222118176986 0.2097091149649668 0.094749607111416861,0.58418235467041058 -120.1765906829007 -54.317224893224349 -3.5803878018728792 0.62437197400367983 -0.0020890738452866856,0.32538054409377537 -7.4941653652203968 -1.9379285154289079 -0.035087335822936438 -0.034163404092055316 -0.013980756360169266
ur,tetrapga,5.928549632,0.365079512,0.222180346,0.013300577,34.225752,41.744127,4.278219,1,0,0,2.22174105,0.132997623,0.9,0,0,0,0 0 0.050000000000000003,0 0 0.050000000000000003,0 0 0.050000000000000003,wrist_3_link,-1,0,0 0 0,0 0 0,,0.036136672657416852 -1.5011501420505649 -0.017797913500293465 -1.6104186000608012 -0.033583233922187546 -0.045225539375894443,-0.04392795584009776 -0.016552992769768592 -0.010817655080880778 -0.0014220654495213135 0.01106463629555386 0.004207936347977656,-0.1875592051303917 -1.7492470897283336 -0.15422427386156737 -1.6383444496192754 0.012971784084987073 -0.033747986794183733,-0.082338089122024075 0.011185177916328509 0.093100912254943616 0.1284190424806643 0.11620062027569331 0.095903109492983973,0.019990194617525523 -1.5084623630739533 -0.02154728449260037 -1.6103056278322767 -0.029223805004344516 -0.043321445332600711,-0.75942238064912726 -0.3421425752241215 -0.18001353829046124 0.013405294164556561 0.20863130496070503 0.094321818896731552,12.80550778573844 -109.36345480913656 -46.733932283554388 -3.4093264976140252 0.67274985567411227 -0.0039786036772463534,-0.18998942675838748 -4.3891904696520214 -0.66662839102281168 0.04227100370098924 -0.043316934728309775 -0.012840415147024942
ur,tetrapga,5.97039959,0.362542094,0.2233241,0.022598119,34.107106,41.451808,4.26338825,1,0,0,2.194762111,0.098195216,0.9,0,0,0,0 0 0.050000000000000003,0 0 0.050000000000000003,0 0 0.050000000000000003,wrist_3_link,-1,0,0 0 0,0 0 0,,0.03276728958464914 -1.5021861151011939 -0.018455729245130278 -1.6105007120930424 -0.032763108614130031 -0.044908488851995533,-0.072436336341471216 -0.027280338836924167 -0.017380001588357428 -0.001971151059158432 0.017657756492441536 0.0068046667649815885,-0.19089062307652888 -1.7486731626237435 -0.15023911142711383 -1.632939724051466 0.017805709364820416 -0.029727276475933304,-0.076860800494103765 0.016235513271788293 0.09732487462460393 0.12983921843433585 0.11478114260843293 0.096226779260904657,0.013950682202991177 -1.5115929406995479 -0.023179275935472667 -1.6102107637779048 -0.027552150674346243 -0.042563864247790052,-0.75494061794584721 -0.3913233328769839 -0.20399958286012826 0.011857988258089602 0.20895734244527253 0.09469789709286372,13.18926853680124 -99.850188875034235 -41.569363144307445 -3.043042139390717 0.61413637844826208 -0.0031630234890514218,0.35372669425230185 -7.4573791475222606 -1.9288888661921817 -0.053552497513010167 -0.042176375329916027 -0.020933069479951882
ur,tetrapga,6.011958629,0.360792389,0.223315706,0.012759012,34.033863,41.418632,4.254232875,1,0,0,2.151176988,0.068489879,0.9,0,0,0,0 0 0.050000000000000003,0 0 0.050000000000000003,0 0 0.050000000000000003,wrist_3_link,-1,0,0 0 0,0 0 0,,0.03057839841182081 -1.5030619374258436 -0.018960981911009683 -1.6104807017728833 -0.032144277312601825 -0.04463569533622485,-0.044737462088549527 -0.017176489133458529 -0.0097114378036621263 0.00058045871843276375 0.012756745493004307 0.0056819985283281865,-0.19397099173724319 -1.7478949904041798 -0.14610974669514021 -1.6275177641550931 0.022543497154460551 -0.025723455539580532,-0.071372055443731194 0.021205521870047313 0.10137327133552536 0.13105670860354129 0.11319199359175053 0.096435624877681966,0.016492242402185785 -1.5098158748749437 -0.022025497651694863 -1.609903916492744 -0.027952327513195416 -0.042620409663385109,-0.72153880379147461 -0.31105555525686945 -0.11942164475726351 0.055227094570650601 0.23698645272467087 0.12242159245661278,-0.51513736343840399 -110.55756492563467 -49.407419506444896 -3.1399557588365936 0.54314448050904496 8.2216152105132282e-05,-0.17957431868592266 -4.2104739268070261 -0.59152656094714473 0.035677862453667331 -0.049561211531866434 -0.017390667674220595
ur,tetrapga,6.053480526,0.357812874,0.225097029,0.021036986,34.100984,41.507824,4.262623,1,0,0,2.101770808,0.089842108,0.9,0,0,0,0 0 0.050000000000000003,0 0 0.050000000000000003,0 0 0.050000000000000003,wrist_3_link,-1,0,0 0 0,0 0 0,,0.0270514605176158 -1.5041880516990733 -0.01955768642672738 -1.6104107687879876 -0.031169757230464279 -0.044195755083909188,-0.071234170298862767 -0.027736693954737556 -0.015208494614219569 0.0011968160234472245 0.019718567704383131 0.0088769488761063289,-0.19681988028592318 -1.7469122699685986 -0.14181915247430357 -1.6220541282700729 0.027207426738765965 -0.021716873517611375,-0.065844575405550415 0.02612067926287245 0.10526792354522804 0.1320799030194873 0.11142801637489604 0.096532156846879602,0.010519961101622601 -1.5126947551985221 -0.023266180398684871 -1.60946765301979 -0.026069109933644117 -0.041647220693928802,-0.74653672820934669 -0.35986111917316038 -0.15508589707430354 0.054532993358671698 0.23540284013375623 0.12164894756085823,11.695363828575402 -100.16695218976864 -42.71001672963687 -3.1056086147426889 0.61202412291217778 -0.0036543534415883444,0.30984195157589056 -6.9422052191548573 -1.7202934123746161 -0.057314045378916489 -0.051691749155480693 -0.027320199039621684
ur,tetrapga,6.095086479,0.353712577,0.235560874,0.021171001,33.980645,41.5916,4.247580625,1,0,0,2.053952061,0.035679498,0.9,0,0,0,0 0 0.050000000000000003,0 0 0.050000000000000003,0 0 0.050000000000000003,wrist_3_link,-1,0,0 0 0,0 0 0,,0.022739951787374452 -1.5058417870841245 -0.020426499506195704 -1.6103288772563451 -0.029982904857236162 -0.043658109913402104,-0.088694840558025387 -0.042676727738667965 -0.023064884387504724 0.0013217662807939246 0.024639514562984306 0.011109996624071529,-0.1994435161730328 -1.7457239968053464 -0.13736087418533452 -1.6165408639133076 0.031803703949436657 -0.017700497201923002,-0.06026784395968697 0.030989897250578671 0.10901549640547568 0.13291038506309999 0.10948643227442037 0.096516485837736546,0.010931549651732535 -1.5117161178653591 -0.022576906572619303 -1.6091663124547479 -0.025956993522413874 -0.041485117215031835,-0.71230239680227059 -0.30598186586608878 -0.091321290603343763 0.091494221528400227 0.25862743915498332 0.14594389119420248,0.36503752270290768 -105.50434030955608 -46.319585471437321 -2.8949435527608305 0.50916010698484104 0.0015379359550574375,0.40869057734416003 -6.9864302482592393 -1.693599596424292 -0.059688986723813287 -0.065741028388671907 -0.034198843180035965
ur,tetrapga,6.136773338,0.351374269,0.229693116,0.005502046,34.169364,41.590559,4.2711705,1,0,0,1.995772712,0.075218778,0.9,0,0,0,0 0 0.050000000000000003,0 0 0.050000000000000003,0 0 0.050000000000000003,wrist_3_link,-1,0,0 0 0,0 0 0,,0.020682265896555172 -1.5070832239919414 -0.021043722317511643 -1.6102060014931885 -0.029299098421326421 -0.043313640324557062,-0.040922377642060324 -0.023043548026997648 -0.010922299352168107 0.0027470438143163195 0.013801640439761759 0.0070377318012499407,-0.20183885528349385 -1.7443314941983239 -0.13274086521027664 -1.6109863128591804 0.036324312635941221 -0.013679312968466414,-0.054647806871293392 0.035807166324980377 0.11261050234628467 0.13354610306064812 0.10736927492897837 0.096388078361577617,0.0050620117222606575 -1.5145397145024675 -0.023563508142201157 -1.6084419311037799 -0.02389852744855853 -0.040322090498546057,-0.73369378889050618 -0.3529506050001322 -0.12332565927869854 0.090547804984462743 0.25730896425861804 0.14537871967572161,11.267240348406277 -95.472032792990461 -40.519973582214163 -2.943651805389023 0.58130339217351124 -0.0034220580973860775,-0.4533833630980979 -1.8156752983450133 0.43666300718115281 0.099204814618133241 -0.06837070477891416 -0.021511999067016063
ur,tetrapga,6.178464902,0.348118304,0.230298637,0.017574256,39.693277,47.110223,4.961659625,1,0,0,1.91461828,0.048281539,0.9,0,0,0,0 0 0.050000000000000003,0 0 0.050000000000000003,0 0 0.050000000000000003,wrist_3_link,-1,0,0 0 0,0 0 0,,0.017446460655030905 -1.5083389882621623 -0.021560028682273573 -1.609961885081733 -0.028263456640782666 -0.042778617859681983,-0.069678855452519756 -0.031050465129346099 -0.013708696542608607 0.0050567636312655794 0.022275072050077994 0.011487200410300907,-0.20399956647080403 -1.7427393565952256 -0.12797385239260572 -1.6054087379821218 0.040753628354845341 -0.0096653765826614103,-0.049000426251709604 0.040558244005635062 0.11604177993833953 0.13398471200738135 0.10508305218684462 0.096147072149791096,0.0024482770760441402 -1.5157661416206032 -0.023885400427742565 -1.6079666828006156 -0.022851122714034257 -0.039683899357532547,-0.71373313983885578 -0.34707753906369443 -0.10284583277816951 0.10690491612573967 0.26733075795643385 0.1565410144489465,5.7117661310063923 -93.958365440634964 -39.97079773868716 -2.6510455689924379 0.50001944411343135 3.4331044607551885e-05,0.21359470760153698 -5.7995045375837435 -1.2455453031856365 -0.046358690638044209 -0.066484706380656178 -0.035355365372524261
ur,tetrapga,6.225677076,0.345339817,0.2205555,0.036000524,39.552477,46.980848,4.944059625,1,0,0,1.848380918,0.073907347,0.9,0,0,0,0 0 0.050000000000000003,0 0 0.050000000000000003,0 0 0.050000000000000003,wrist_3_link,-1,0,0 0 0,0 0 0,,0.014889230806164316 -1.5094262322221415 -0.021949976078856542 -1.60965279913168 -0.027336363640189685 -0.042262113431977034,-0.09436999727935412 -0.02713087272231899 -0.004111557782292604 0.01266276998028595 0.034009695999873177 0.019212355781071711,-0.20616151839787639 -1.7406991869788633 -0.12240747880944011 -1.5990759363523872 0.045649826474964954 -0.0051351399315553133,-0.042580322420742278 0.045851341751880326 0.11972431777238718 0.13424291464788063 0.10229454672489775 0.095738678384693451,-9.1919863494860019e-05 -1.5169052809795138 -0.024087844950829614 -1.6073985271680371 -0.021760505493710679 -0.038989271342929649,-0.70630613144317111 -0.34051567928115922 -0.085787999260636918 0.12371082673248367 0.2764917781457259 0.16739817299182214,5.4044864320399357 -91.970137941913919 -39.188577739401175 -2.5860309823653052 0.48601428189512125 0.00019022188585070179,-7.5617738703923081 -11.880172971824322 -4.7012381711903544 0.21673428409121698 0.70558589775552605 0.4188726801203444
ur,tetrapga,6.272765458,0.341420482,0.227625319,0.027172161,39.463453,46.753637,4.932931625,1,0,0,1.784895364,0.062360416,0.9,0,0,0,0 0 0.050000000000000003,0 0 0.050000000000000003,0 0 0.050000000000000003,wrist_3_link,-1,0,0 0 0,0 0 0,,0.011177632966285699 -1.510737297979952 -0.022338863010772828 -1.6091791443943082 -0.026029724509798433 -0.041521943233913422,-0.086051785334822939 -0.031826144515979954 -0.0079073115034974557 0.01250438555154375 0.031803864304345654 0.01839546281966024,-0.20801542191660027 -1.7384177590398295 -0.11668768620410828 -1.5927535444680161 0.050397175919370908 -0.00063935148759785101,-0.036158777936202868 0.051031367260384 0.12317723648494688 0.13424808131563426 0.099307317580265356 0.095188717686243554,-0.0028554922080648183 -1.5180556367291924 -0.024215092688725372 -1.6067224192327905 -0.020547451227923418 -0.038198267726845841,-0.69762257618640733 -0.33654547513412486 -0.070562142886858983 0.1401582580700734 0.28504621286047194 0.17802224492779506,5.1696996846838053 -89.336881425997376 -37.882952038190716 -2.4779006945184863 0.46620747593838574 0.00062254703901019068,-3.1035248370789361 -8.9668130556428878 -2.8532819380907455 0.11378653864630905 0.32019494214551258 0.20580258303860433
ur,tetrapga,6.319625961,0.3375806,0.229628532,0.022770848,39.512683,46.972683,4.939085375,1,0,0,1.7232189,0.054365447,0.9,0,0,0,0 0 0.050000000000000003,0 0 0.050000000000000003,0 0 0.050000000000000003,wrist_3_link,-1,0,0 0 0,0 0 0,,0.0078861104190350167 -1.5121455743822927 -0.022772867241940591 -1.6087070824347025 -0.02481547981812875 -0.040817513187257827,-0.078222892552785236 -0.032252718634194544 -0.0074218972882096534 0.013324888448661022 0.030578600537680942 0.01827188704280916,-0.2095599028663602 -1.7359076680216372 -0.11083937495399737 -1.5864673735479966 0.054977221109677905 0.0038056690963961318,-0.029758528820082081 0.056080864880030071 0.12639043625098487 0.13400335949388398 0.096135843330360599 0.094500883676821607,-0.0056730471920083828 -1.5192439391340544 -0.02429952672746331 -1.6059678610519643 -0.019270229227493541 -0.037345673887635045,-0.68787133547820545 -0.33322840221435934 -0.05562416757160215 0.15634085604547043 0.29302964503589268 0.18842624778228034,4.9079844767811904 -86.405438192875451 -36.452065739798414 -2.3613627404189668 0.44464065886280396 0.00104550183188774,-3.1627095396054328 -7.5143797891296344 -2.1230638833841766 0.2060320703085381 0.33200556030363515 0.22952834071413974
ur,tetrapga,6.366671834,0.333838301,0.229950351,0.02106406,39.453782,47.156249,4.93172275,1,0,0,1.663214153,0.048034654,0.9,0,0,0,0 0 0.050000000000000003,0 0 0.050000000000000003,0 0 0.050000000000000003,wrist_3_link,-1,0,0 0 0,0 0 0,,0.0048709237248591251 -1.5135198925831441 -0.023153229561052795 -1.6081980775071258 -0.023641797423850641 -0.040113386540835759,-0.0753718838394348 -0.031285557674352434 -0.0055555949795219727 0.014945721933602923 0.030952446495538851 0.019113441226479289,-0.21080872566218831 -1.7331522427572055 -0.10482181016880887 -1.5801737482911085 0.059421315405679055 0.0082325570387625242,-0.023331502740481125 0.061037534883303289 0.12938796434867464 0.13350768132994137 0.092758362252754883 0.093670371285937498,-0.008456673332024052 -1.5204509977598522 -0.024338484576472974 -1.605147318084198 -0.017959416229271569 -0.036448675686437226,-0.67745376894536058 -0.32975964789015044 -0.04069179321453819 0.17226240398145115 0.30046388206758678 0.19861624349454077,4.6747797506473185 -83.352002100723752 -34.966081476537596 -2.2428599880202431 0.42291814076497375 0.0014517240634041189,-3.5177914813231617 -6.9511398233162254 -1.8436830635533141 0.27620086936349253 0.37420386562390462 0.26664962661645575
ur,tetrapga,6.413923901,0.330197955,0.230242943,0.021088741,39.503644,46.898806,4.9379555,1,0,0,1.604771159,0.042222984,0.9,0,0,0,0 0 0.050000000000000003,0 0 0.050000000000000003,0 0 0.050000000000000003,wrist_3_link,-1,0,0 0 0,0 0 0,,0.0020455997720940852 -1.5147863753851283 -0.023436909818652998 -1.6076436569242452 -0.022490730733746283 -0.039399471865422094,-0.075302400359213428 -0.030539859439013745 -0.0036011571613808169 0.016962771149854766 0.032208726038541885 0.020495600896267414,-0.21175879699997541 -1.7301528341999544 -0.098641440605999539 -1.573881938266714 0.063720465427994102 0.012636212205114048,-0.01688326335023833 0.06589528741988511 0.13216400835863468 0.13275887166006464 0.089177297039493342 0.092696326156794698,-0.011162660389497134 -1.5216432863829157 -0.024319210961643419 -1.6042682929880929 -0.016633535968850598 -0.035517739009016794,-0.66644647258734802 -0.32605671948673998 -0.025765270577698372 0.18788924218624226 0.30733979936257261 0.20858021533109733,4.4599634504385852 -80.220601258715519 -33.441096843739317 -2.1229198723376945 0.40106975116164328 0.0018475170825241554,-3.5594564886637343 -6.9592845453262271 -1.7913672016243538 0.30814318910051952 0.39523101475348454 0.2877799162248067
ur,tetrapga,6.460923054,0.326345568,0.230690736,0.021025801,33.997314,41.664318,4.24966425,1,0,0,1.582185114,0.034584036,0.9,0,0,0,0 0 0.050000000000000003,0 0 0.050000000000000003,0 0 0.050000000000000003,wrist_3_link,-1,0,0 0 0,0 0 0,,-0.00087493022354780538 -1.5160741335657635 -0.023657851420245651 -1.6069937787355186 -0.021252221331627342 -0.038608192603135097,-0.074013446152833895 -0.029814475072409863 -0.0018723265364829216 0.018681490087651475 0.032929539991980186 0.021550284573171864,-0.21240185928319907 -1.7269447350897205 -0.092369596918733157 -1.5676647473950995 0.06782445919280998 0.01696739409546423,-0.010484816515851487 0.070600440640230064 0.13468804206213603 0.13176615419467078 0.08543436015365731 0.091589859424209441,-0.011117289052439853 -1.5211158688811217 -0.023803178749465533 -1.6038742364420386 -0.016376019380875659 -0.035236058658151978,-0.63731274618943334 -0.28214545954459186 0.023168924560116162 0.21960018568168693 0.32085800294297184 0.22836376852062909,-0.58047697880742177 -81.70764941316591 -33.711525748660357 -1.8252139991421181 0.32272071382299899 0.0068996253694627125,-3.4843767400011387 -6.9385143287036044 -1.7160544437102203 0.33472052495562821 0.40619090130023494 0.30285310430517143
ur,tetrapga,6.50268612,0.322825585,0.234544621,0.011397158,39.455929,46.864622,4.931991125,1,0,0,1.513432304,0.033797334,0.9,0,0,0,0 0 0.050000000000000003,0 0 0.050000000000000003,0 0 0.050000000000000003,wrist_3_link,-1,0,0 0 0,0 0 0,,-0.0034625408807569102 -1.517219510146562 -0.023808903834890718 -1.606358013655854 -0.020117851887953186 -0.037864635547038915,-0.049915104028706872 -0.024079125850478684 -0.0039690603294729801 0.012204107982213009 0.021961156972232613 0.014376481504139744,-0.21272134552194352 -1.7239108881889034 -0.086701317577896522 -1.5621838365507934 0.071320430971266308 0.020769929499668903,-0.0048187071920296433 0.074670237923073202 0.13672956290652136 0.13067815649093301 0.08196251436093914 0.090492784174492538,-0.01430093079114087 -1.5224601199628929 -0.023590291613093721 -1.6026544226603732 -0.014718183220784629 -0.034015194416984744,-0.637167586545486 -0.28979341379866042 0.026789705959529168 0.23009522609119087 0.32416270830600658 0.23475166640546874,3.7517732343324228 -76.781362038390256 -31.823109529320078 -1.9720015725512761 0.37009803834309146 0.0025692732390653608,-0.0018051887438801373 -3.7610622529700777 -0.48710673200285726 -0.037338766464017681 -0.076308960032093864 -0.044260046222646565
ur,tetrapga,6.54965585,0.318976222,0.230438836,0.005860678,39.471535,46.874959,4.933941875,1,0,0,1.450153782,0.030553343,0.9,0,0,0,0 0 0.050000000000000003,0 0 0.050000000000000003,0 0 0.050000000000000003,wrist_3_link,-1,0,0 0 0,0 0 0,,-0.0061750962404138222 -1.5184166264714434 -0.023893360425899408 -1.6055994694931841 -0.018866884109465368 -0.03701916719323143,-0.048887248148287696 -0.023961254404665351 -0.00098957808683782606 0.017118324500140641 0.025310981354080546 0.017985187674844867,-0.21279857539437202 -1.7202986688420967 -0.080229672709613717 -1.5560790959977875 0.075075427807268891 0.024988925912597357,0.0015243878988628998 0.079116755342451953 0.13879638554111418 0.12922518785583664 0.077900343069160716 0.08913251817693929,-0.017277764170631149 -1.5237964880856838 -0.023388959853369362 -1.6014639280724907 -0.0131336090217756 -0.032832285986225639,-0.62603761877858033 -0.2934058005483689 0.034637299110859332 0.24084488609914917 0.32771936948374303 0.24173815946398231,3.7660043731082382 -72.784708129011534 -29.793989932292725 -1.8264104572181261 0.34611805509318178 0.0029698430944804276,-0.11673972973650848 -1.3477049546554554 0.87910165112840843 0.21706405150689534 0.0033005894328894669 0.06086432356653404
ur,tetrapga,6.596626795,0.3159469,0.223930237,0.019121221,39.48608,46.915519,4.93576,1,0,0,1.394451252,0.03449784,0.9,0,0,0,0 0 0.050000000000000003,0 0 0.050000000000000003,0 0 0.050000000000000003,wrist_3_link,-1,0,0 0 0,0 0 0,,-0.0080689771722857115 -1.5192394092328658 -0.023847979250951921 -1.6049237455567693 -0.017883763286789839 -0.036316823810599509,-0.06002325990965663 -0.019750770854676414 0.0066079913309739727 0.022817584384856392 0.031533826150278228 0.02285688422317789,-0.21257874688316838 -1.7164808588009337 -0.073666531028194884 -1.5500480973567852 0.078635939039543551 0.029141030461760999,0.0078286192939766106 0.083419217104656398 0.14061788475171672 0.12753202292158064 0.073678545113291985 0.087640250913864418,-0.019888344694235657 -1.525002846604973 -0.023142641361558421 -1.6003110718751992 -0.011672521620630847 -0.031711618944257107,-0.61409799662291498 -0.29320398925552937 0.045134114209675391 0.25222658286151167 0.33107876480204512 0.24897552952878921,3.620501012551669 -69.276006115213647 -28.112460306384314 -1.7025568826232784 0.32397576524979044 0.0032778141839662775,-4.0693515171336969 -6.3100029667075432 -1.1732933132014551 0.56098875030511408 0.53892233954109869 0.4323513394701024
ur,tetrapga,6.643611443,0.312378087,0.226414814,0.022919011,34.020864,41.31013,4.252608,1,0,0,1.363757397,0.025294384,0.9,0,0,0,0 0 0.050000000000000003,0 0 0.050000000000000003,0 0 0.050000000000000003,wrist_3_link,-1,0,0 0 0,0 0 0,,-0.010454677402955539 -1.5200711902578006 -0.023637972904279141 -1.6040391601188113 -0.016656545686477606 -0.035423941633966727,-0.066566586101698424 -0.022159440173817817 0.0079605310254174944 0.02606072418901182 0.035142501138490295 0.025817727355068203,-0.21206368540502543 -1.7124632589450672 -0.067021694677337498 -1.5441004871864481 0.081995502984534674 0.033221162199196019,0.014087514108151395 0.087572844708238853 0.14219198848039696 0.1256012179722592 0.069303687513024251 0.086017636582702103,-0.019842682073812457 -1.5246131178941451 -0.0227268713971291 -1.5999634733539714 -0.011458551207220617 -0.031454870698489228,-0.58389717441614797 -0.2595128410574436 0.082929477768668103 0.2764556401926338 0.33824833356292894 0.264114068096449,-0.88271520570675399 -69.161405916100662 -27.081166239377747 -1.2914790693291536 0.23039751373513592 0.0092882284569362344,-3.5774302547882542 -7.5632735847302683 -1.702400059933467 0.47852388824321679 0.50924365413916206 0.40756888962015125
ur,tetrapga,6.684990107,0.308936731,0.231688559,0.013233808,40.741953,48.099521,5.092744125,1,0,0,1.304048985,0.025667762,0.9,0,0,0,0 0 0.050000000000000003,0 0 0.050000000000000003,0 0 0.050000000000000003,wrist_3_link,-1,0,0 0 0,0 0 0,,-0.012701916743789074 -1.5209158010418913 -0.023446492802357354 -1.6031833487507401 -0.015490971916638466 -0.034566105091090059,-0.045989568346424002 -0.019247669345520736 0.0028895302114578499 0.017471659721163418 0.02394698638049067 0.017604077339762519,-0.21136750482695157 -1.7087661710957736 -0.061112910549466659 -1.5389418430531607 0.084781388967546029 0.036749041653501818,0.019554142092166025 0.091102078941405346 0.14337128059019819 0.12370714949719057 0.065331447012283897 0.084482835363098099,-0.022706992845916943 -1.5258284831624307 -0.022214876465372208 -1.5984923432216689 -0.0097523971609944707 -0.030081292885885118,-0.58118836027432186 -0.26746211632810107 0.086487543479213225 0.28451260504688852 0.33928279877599687 0.26892357829574842,2.9029416800677437 -64.158862478649837 -25.673561481660087 -1.4971547584258162 0.28337809010740228 0.0040284803024054289,0.11524188149807912 -4.3671567519349992 -0.83791028561878989 -0.10145027333783219 -0.075674239739875304 -0.054259481001068366
ur,tetrapga,6.733198253,0.304759201,0.230446844,0.006695793,34.039729,41.458509,4.254966125,1,0,0,1.2603292,0.013357419,0.9,0,0,0,0 0 0.050000000000000003,0 0 0.050000000000000003,0 0 0.050000000000000003,wrist_3_link,-1,0,0 0 0,0 0 0,,-0.015298308531365863 -1.5219960005302557 -0.02322054606354549 -1.6021225831067383 -0.014093249951128822 -0.033518530284485745,-0.045207653666082842 -0.021303799962297042 0.0043645068549937136 0.021660436846663616 0.026746989254207439 0.02084453789890181,-0.2102725166097853 -1.7042783000683435 -0.054172994866865873 -1.5330358004086597 0.087816696447643144 0.040776270676333465,0.025861735723485418 0.095056526828291854 0.14449910207645955 0.1212754174511307 0.060570442782690956 0.082572075191887917,-0.023410785959558256 -1.5258818691195863 -0.021812332076255627 -1.5978872160748436 -0.0091814580531919213 -0.029557519947523658,-0.55101747433804604 -0.24620367902992454 0.11317244823059502 0.30253115048641677 0.34267108754594727 0.28029924650978533,-1.3748884498639482 -62.368060076450035 -23.53405491435884 -0.99496261621326432 0.17668153263621794 0.010657345754358886,0.0029664442221388754 -2.2096117914834394 0.37864736000142329 0.12557480638497509 -0.011033638768733312 0.041702793467720767
ur,tetrapga,6.774807787,0.30195024,0.230039279,0.00913717,55.070224,65.495375,6.883778,1,0,0,1.206702044,0.025044938,0.9,0,0,0,0 0 0.050000000000000003,0 0 0.050000000000000003,0 0 0.050000000000000003,wrist_3_link,-1,0,0 0 0,0 0 0,,-0.016775143407692067 -1.5226571200136938 -0.023045471325170971 -1.6014119373278421 -0.013218975954348379 -0.032835373715488642,-0.030469143288230409 -0.012776952660459112 0.0040813015794897625 0.014609138158629983 0.017924854277355625 0.014016562694206335,-0.20908418806414814 -1.7002544917451323 -0.048143965827776455 -1.5280366268549532 0.090249590097360305 0.044175909996968785,0.031246701175259042 0.098329495915011514 0.14525852771058181 0.11898512101541864 0.056352592945401223 0.080818772552576579,-0.026137381909475781 -1.5271085434461009 -0.021189415649419709 -1.5962962314875475 -0.007449924013454721 -0.028103943437554672,-0.54818874759058822 -0.25410790277935991 0.11640019216198812 0.30902081080553639 0.34261448914371301 0.28413021284657697,2.2913239740759916 -57.519514391907833 -22.485088974187544 -1.246652382573018 0.23635117724246113 0.0048071667051180359,-0.096499734428192596 -3.0152661181928124 -0.2970781652008867 -0.044154393855023955 -0.06546122581052316 -0.0431651340533179
ur,tetrapga,6.840418281,0.296763224,0.227353626,0.01025665,36.122878,44.168743,4.51535975,1,0,0,1.155583287,0.013574145,0.9,0,0,0,0 0 0.050000000000000003,0 0 0.050000000000000003,0 0 0.050000000000000003,wrist_3_link,-1,0,0 0 0,0 0 0,,-0.019656513704809003 -1.5237326433187393 -0.022490107302536973 -1.5999267285410224 -0.011485036543445166 -0.031445483400066289,-0.037511974080526873 -0.013924328583834293 0.0082382421046051594 0.020677293126989005 0.023418966391257068 0.019169116478752236,-0.20675875115919887 -1.6936408335839297 -0.038584757741434446 -1.5203576506062906 0.093723748462727408 0.049382769668998891,0.039612557717431468 0.10321774447152673 0.14605150795645819 0.11502155940544961 0.049512920830571898 0.077863079426603518,-0.027025716097977791 -1.5272934461010426 -0.020710869770608958 -1.5955057148139487 -0.0067192827121260023 -0.027416993140899563,-0.51609624840696433 -0.23410669103072926 0.14111148181061989 0.32572074916072069 0.34352484567320463 0.29471514416463873,-1.5770873066776794 -55.002835392383169 -19.661117979605319 -0.68638007531596812 0.12276527282249405 0.012011517562469529,-0.014937677915014547 -3.3846945482764568 -0.50215832011309658 -0.10063135474138107 -0.078200707836778349 -0.059071762653843507
ur,tetrapga,6.884700076,0.293928309,0.225338671,0.098242938,34.242578,41.839096,4.28032225,1,0,0,1.111342823,0.007418543,0.9,0,0,0,0 0 0.050000000000000003,0 0 0.050000000000000003,0 0 0.050000000000000003,wrist_3_link,-1,0,0 0 0,0 0 0,,-0.021021323886285106 -1.5242196098092826 -0.022176877347748258 -1.5991716651364054 -0.010633009621730333 -0.0307476364802758,-0.04387522427162581 -0.014505144212805807 0.012095792029064426 0.026703064720176396 0.028965049518828948 0.023838636115743449,-0.2048814413858335 -1.6890008317465772 -0.032110859282382935 -1.5153280849303739 0.095811742454662244 0.052784045859210219,0.045163122393745682 0.1063227792441324 0.14630628877327506 0.11210877658247466 0.044776642104762822 0.075739531329074475,-0.027993364015511418 -1.5275395766727993 -0.020170221469451889 -1.5946298268668171 -0.0059301447921471838 -0.026660756990583137,-0.49623069933293129 -0.2228811748028407 0.15920654693109573 0.3386080004438341 0.34325031953773899 0.30269484229390975,-1.7004401504734279 -51.562868471197213 -17.936219969993857 -0.55763078208554884 0.09865819164950268 0.01231779664394911,-12.265799818768457 -9.2754831290385482 1.5181821469309398 5.501604521428817 3.412924039106251 2.869191435336468
ur,tetrapga,6.926616745,0.290656221,0.229758917,0.012990435,34.050659,41.602156,4.256332375,1,0,0,1.068911504,0.011242204,0.9,0,0,0,0 0 0.050000000000000003,0 0 0.050000000000000003,0 0 0.050000000000000003,wrist_3_link,-1,0,0 0 0,0 0 0,,-0.022703546845844264 -1.5248203788972041 -0.02175036384240939 -1.5982166990248845 -0.0095809031551021273 -0.029873431260409006,-0.034573082020617749 -0.013440484810995421 0.0081960607034029642 0.019561166052433642 0.02163152254499379 0.017966361424709837,-0.20287959165077465 -1.6844851289655631 -0.025976790816920999 -1.5106896684719251 0.097593232012259334 0.055915031428174819,0.050339510461214959 0.10911391654642479 0.14633914951011778 0.10917980782988787 0.040212275021652068 0.073636570180774005,-0.029169963014194916 -1.5279124740753152 -0.019581938483252268 -1.593635980799277 -0.0050202564612485496 -0.025796691657038039,-0.47768854614485184 -0.21656207883830908 0.17229428944242464 0.34841032427113217 0.34190851289207125 0.30880036595392468,-1.9467660186025908 -47.939409000625012 -16.034453738710386 -0.39868850948692502 0.070202191251104107 0.013089107499587412,0.11253375209288663 -4.2868435136479093 -0.92206793489133076 -0.12847382062227553 -0.065398205120732911 -0.055400468860050012
ur,tetrapga,6.968334073,0.287632921,0.228387515,0.011181718,34.024997,41.637945,4.253124625,1,0,0,1.030567839,0.01425376,0.9,0,0,0,0 0 0.050000000000000003,0 0 0.050000000000000003,0 0 0.050000000000000003,wrist_3_link,-1,0,0 0 0,0 0 0,,-0.024102553689805781 -1.5253578867695115 -0.021355902065584912 -1.5973314440728132 -0.0086454332851437065 -0.029071971319768138,-0.029274294283871901 -0.011142648170544407 0.0084081021538260463 0.018551649555957953 0.019568418551930273 0.016803617330226523,-0.20067349125459152 -1.6798777787388517 -0.019874725602367842 -1.5061986026576453 0.099174770780396382 0.058941773434714087,0.055410922776622955 0.1117458244006274 0.14617090305608962 0.10610301410547131 0.035598050428453355 0.071456290282547824,-0.030318999861030371 -1.5283260015695146 -0.019000084161608626 -1.5926310553348015 -0.0041138793157770286 -0.024923256512260836,-0.46034273773136147 -0.21135266466220659 0.18360452303005947 0.35658216563017103 0.3398707315999166 0.3138844007161169,-2.1237393922355317 -44.481750952738892 -14.27058930815649 -0.26019522723052979 0.045029411987929507 0.013597038568197465,0.019754882410396135 -3.6899669427384651 -0.68289919249149023 -0.10513400919353444 -0.062611688762039819 -0.051798068503366324
ur,tetrapga,7.010077461,0.284720159,0.226610639,0.011146033,28.509849,35.85881,3.563731125,1,0,0,1.00444403,0.014415665,0.9,0,0,0,0 0 0.050000000000000003,0 0 0.050000000000000003,0 0 0.050000000000000003,wrist_3_link,-1,0,0 0 0,0 0 0,,-0.025356876737154165 -1.5258114192420476 -0.020919809181731835 -1.5964509764620893 -0.0077592800271710548 -0.028286671909430249,-0.026396573130311077 -0.0090655059364803097 0.0095170002373351752 0.018513392881916491 0.018580390245120235 0.016508543456330467,-0.19825601219601011 -1.6751607408814699 -0.013780053853167105 -1.501836504558915 0.10056324860872053 0.061877586995880314,0.06040015034844165 0.11423087440649705 0.14580233569122569 0.10286700749173366 0.030916150919694022 0.069189820809361605,-0.034076207794892163 -1.5301869111875033 -0.017571763147343489 -1.5897843392089941 -0.0014107137270029041 -0.02242081509315854,-0.46965108127201094 -0.23261373609411692 0.17854015345477495 0.35583957776301312 0.33789577065969589 0.31280523725015752,4.3431535690220997 -38.719390121514095 -15.582762916019728 -1.0970869301012871 0.21612473776317112 -0.0011959665586460549,0.012879567141936832 -3.6781909728579194 -0.69947307894793198 -0.10733086346954224 -0.0590674337195356 -0.050891300918749494
ur,tetrapga,7.046042669,0.282084853,0.225566167,0.011633059,34.020027,41.359888,4.252503375,1,0,0,0.962198471,0.00567445,0.9,0,0,0,0 0 0.050000000000000003,0 0 0.050000000000000003,0 0 0.050000000000000003,wrist_3_link,-1,0,0 0 0,0 0 0,,-0.026479175253687419 -1.5261871564192289 -0.020467279458453912 -1.5956119415672367 -0.0069434334488406545 -0.027546085034298312,-0.026995634548744336 -0.008686751057935373 0.011136021582227417 0.020113464225982466 0.019525971084377591 0.017762314532970065,-0.19600750239632136 -1.6710157410486683 -0.0085443885560760949 -1.4981888804206944 0.10160189657540782 0.064329888830326712,0.064626455622827539 0.11625082885225053 0.1453246906398418 0.099956137254571642 0.026835513762916124 0.067170903094194809,-0.033757113522911358 -1.5298942299891598 -0.017475041940995521 -1.5897778060762837 -0.0014988590006254458 -0.022429912695118907,-0.43492779459733999 -0.21339954014697537 0.19305993357371376 0.36504181999752172 0.33477685944350688 0.319192201007375,-2.0729389185091387 -37.916370116773614 -11.042181647343007 -0.03278849386658178 0.0075201544024605937 0.014298678521288547,0.038562107576581184 -3.8389095919328611 -0.79244361883380066 -0.12581781296739791 -0.060137159168261789 -0.0547656990135863
ur,tetrapga,7.087507389,0.27910572,0.225452514,0.0121346,34.243437,41.756154,4.280429625,1,0,0,0.932647389,0.006739104,0.9,0,0,0,0 0 0.050000000000000003,0 0 0.050000000000000003,0 0 0.050000000000000003,wrist_3_link,-1,0,0 0 0,0 0 0,,-0.027685609085428286 -1.5265817141998166 -0.019935266545996002 -1.5946673747140505 -0.0060476078222999573 -0.026717318458203299,-0.026471386838307975 -0.0085272935450956006 0.011889752988304577 0.020752369440031379 0.019623874159779269 0.018215893089938314,-0.19322824557592638 -1.666149553125529 -0.0025330783016104222 -1.4941161454828888 0.10261626133916318 0.067065593194456055,0.069411634715192905 0.1184383988080721 0.14459089028517427 0.09646313921585184 0.022083110456297503 0.064769465213881841,-0.034042533551704141 -1.5298688548399224 -0.017054038495425826 -1.5892417259236697 -0.0011265427267723345 -0.021982995168412317,-0.41514657171827118 -0.20386035627054414 0.20638948547438102 0.37260809251904548 0.33083637102327496 0.32382758168094838,-2.344408244979503 -34.790473190862798 -9.3966100707762408 0.10149724291249251 -0.019305177166834359 0.014698542282273352,0.062061343558411863 -4.0044179917622387 -0.88552580957284022 -0.13853824272791826 -0.058563770083342348 -0.056172443598853761
ur,tetrapga,7.12936828,0.274709422,0.231718853,0.013911603,34.002799,41.291262,4.250349875,1,0,0,0.900557789,0.005089874,0.9,0,0,0,0 0 0.050000000000000003,0 0 0.050000000000000003,0 0 0.050000000000000003,wrist_3_link,-1,0,0 0 0,0 0 0,,-0.029725286076135941 -1.5273550176906001 -0.019055388729872197 -1.5930892380527255 -0.0045598255565895271 -0.025337793547879836,-0.043922440734596731 -0.018248992353851138 0.018207431258517284 0.033741379443753536 0.031932788944629219 0.029617469751144574,-0.19022322586053036 -1.6611481000113875 0.0035006696876416807 -1.4901544439006518 0.10343945760029478 0.069724798830509485,0.074143004215950464 0.12049124441199414 0.14365222139134723 0.092792481025047543 0.017239965645867526 0.062267389695216932,-0.035052732789625091 -1.5302017588108612 -0.016329151263312087 -1.5881445864454489 -0.00023892255019831348 -0.021046903077054365,-0.39610289235137175 -0.19872782474562006 0.21569530214993493 0.37761195963452499 0.32553271665381672 0.32668642546138926,-2.1030893185595283 -31.004180795193236 -7.6644695031191974 0.19680416854241345 -0.035044163310446408 0.014455212175868173,0.19608869785707839 -4.5908291098548943 -1.2065500437020802 -0.24850577814868302 -0.089870784283004657 -0.091356917493151002
ur,tetrapga,7.170754836,0.27131968,0.228569178,0.010892925,34.143859,41.671228,4.267982375,1,0,0,0.870670521,0.006448708,0.9,0,0,0,0 0 0.050000000000000003,0 0 0.050000000000000003,0 0 0.050000000000000003,wrist_3_link,-1,0,0 0 0,0 0 0,,-0.031052146131724828 -1.5279299857360871 -0.018469392782705353 -1.5919904459439482 -0.003545229080874986 -0.024374941359936123,-0.027091074437561164 -0.011637219579666199 0.012133189632813859 0.022536035786256847 0.020769957338488014 0.019748677283452195,-0.18705967369654461 -1.6561220696486767 0.0094233830870323731 -1.4863915643685963 0.104053208972892 0.072249358365061508,0.078717805399460605 0.12236504940404944 0.14253010341419522 0.089025800514124426 0.012413779855332449 0.059719570482569151,-0.036066361913992387 -1.5306137698710351 -0.015607033471119469 -1.5870141989117794 0.00066759360076011545 -0.020078673253336496,-0.37674031685879927 -0.19348720296796523 0.22402982322756626 0.3816646687603612 0.31995868589634041 0.32903112830730619,-2.4195081528002143 -27.612197743937799 -5.8550745260029151 0.35303618922099056 -0.063969233461775354 0.015266526432415143,0.018747977226468038 -3.5946651908625427 -0.76365861556691073 -0.1459203031117795 -0.062567230387508666 -0.060889935796083705
ur,tetrapga,7.212524498,0.268405457,0.225994006,0.010604847,34.062394,41.648275,4.25779925,1,0,0,0.84406564,0.006442989,0.9,0,0,0,0 0 0.050000000000000003,0 0 0.050000000000000003,0 0 0.050000000000000003,wrist_3_link,-1,0,0 0 0,0 0 0,,-0.032022231571996684 -1.5283290465060377 -0.01795711370266816 -1.5910879483036542 -0.0027506174356873858 -0.023590717808497419,-0.020185808242069114 -0.0075554834545548729 0.011158662317970981 0.018804800984269246 0.016483560299127134 0.016323857757643261,-0.18367710585748467 -1.6509741873536143 0.015349787595533272 -1.4827547136809538 0.10446944582455971 0.074688865390315079,0.083226573618759944 0.12409724277901268 0.14120352630898611 0.085090649538746371 0.0075116787532574095 0.057076218109493281,-0.036911516812343594 -1.5309758469539654 -0.014924072760789596 -1.5859683319944717 0.0014722361478284958 -0.019185079075532147,-0.35840251754700858 -0.18805484784497056 0.23225010842392085 0.38534271073447457 0.3142185164982958 0.33120206468064961,-2.5793841241813804 -24.405960218949268 -4.2086093843469969 0.48229821282868179 -0.087646125363356045 0.015756922261515757,-0.01093042965527502 -3.4995994010405411 -0.73254055061845236 -0.12125817171727249 -0.049767927481125795 -0.050327148658723786
ur,tetrapga,7.254281792,0.265345076,0.22497522,0.011421859,34.032186,41.3788,4.25402325,1,0,0,0.819183508,0.009236941,0.9,0,0,0,0 0 0.050000000000000003,0 0 0.050000000000000003,0 0 0.050000000000000003,wrist_3_link,-1,0,0 0 0,0 0 0,,-0.033035103443989529 -1.5286938827366512 -0.017342650834717085 -1.5900892660609596 -0.0019005720874969926 -0.022730414271191848,-0.020241922772362118 -0.0066515650113391014 0.012661018541008644 0.019842589344801521 0.016851826641920958 0.017093429260975457,-0.18010964419531095 -1.6457588717876808 0.021215013498997307 -1.4792859458288707 0.10468035889554475 0.077015827750164356,0.087620690060652914 0.12566756926260367 0.13968429683748362 0.081027829387769881 0.0025867171852492154 0.054364234784425598,-0.037696612010070393 -1.5312976647984495 -0.014213700937756287 -1.5849216435817786 0.0022499565273616786 -0.018293856720916251,-0.3404127396771679 -0.18284999522584178 0.2399576100800786 0.38839443528156187 0.30801556631788063 0.33298624793449239,-2.6032656151850326 -21.228127720014861 -2.6332240350944058 0.59372754935458227 -0.10755178027792961 0.016007224925088884,0.027271896401146023 -3.7692133365717382 -0.87483862404790358 -0.14023098426150682 -0.048249555394111021 -0.052711849114530196
ur,tetrapga,7.295760666,0.262257464,0.225082428,0.012039517,34.121925,41.553865,4.265240625,1,0,0,0.79557771,0.012232939,0.9,0,0,0,0 0 0.050000000000000003,0 0 0.050000000000000003,0 0 0.050000000000000003,wrist_3_link,-1,0,0 0 0,0 0 0,,-0.034024856346873814 -1.5290411661338137 -0.016692796028855164 -1.5890702972294068 -0.0010539931278857602 -0.02185589475241783,-0.020543277912203034 -0.0068703143035198089 0.013693548718440619 0.02100607650017788 0.01744930664810037 0.018044954173333839,-0.17638672012580828 -1.640516758436098 0.026974389774295449 -1.4760108225144286 0.10468588633109802 0.079213781440967329,0.091869015268401966 0.12706616445062138 0.1379861522742899 0.076870008284577115 -0.0023224437643279347 0.051604501533243974,-0.0384393182248432 -1.5315945385755789 -0.01347749037068444 -1.5838698310783648 0.0030084628328583005 -0.017400059567510409,-0.32232300969334227 -0.17814038928806553 0.24696976705370088 0.39076742070059789 0.30131014566778114 0.33435202505106265,-2.6195675079353355 -18.009943879793187 -1.049636086517852 0.70410537546886709 -0.12728165138680142 0.016224846587488191,0.056958632025384759 -3.9730404586662189 -0.98816592221147914 -0.15799661460459902 -0.047832697547273151 -0.055655042640509578
ur,tetrapga,7.337410686,0.259175555,0.225258391,0.012158356,34.061471,41.52779,4.257683875,1,0,0,0.773253558,0.015119295,0.9,0,0,0,0 0 0.050000000000000003,0 0 0.050000000000000003,0 0 0.050000000000000003,wrist_3_link,-1,0,0 0 0,0 0 0,,-0.034957514384735149 -1.5293820076870588 -0.016035694239306366 -1.5880558592680076 -0.00023218119585958588 -0.020987001047567448,-0.019675918804495162 -0.0070034893015597484 0.014059701517921654 0.021339742248112151 0.017269703151924602 0.018295763009063985,-0.17247362971599128 -1.6351980310128793 0.032682752628965368 -1.4728981655695079 0.10448631531757843 0.081304302142439069,0.096013838213463001 0.12830744956384757 0.13609369760568293 0.072578204337746866 -0.0072618762242393619 0.048770314688628934,-0.039130340891817723 -1.5318780508599001 -0.01272917912048898 -1.5828227795258205 0.0037408365265304442 -0.016510902120431187,-0.3039905753270461 -0.17372221637627427 0.25342664955132294 0.39250820831926875 0.29408696551775504 0.33532852534170943,-2.6560036344766695 -14.758963807208277 0.54975034402014789 0.81656234270246908 -0.14754625580667097 0.016456540245314281,0.06084647655217168 -4.0122573706248659 -1.0274266403490486 -0.16493961926425982 -0.046215508812981199 -0.056431409216521899
ur,tetrapga,7.379026838,0.256081954,0.225251563,0.012024703,28.547629,36.158016,3.568453625,1,0,0,0.771077691,0.017611351,0.9,0,0,0,0 0 0.050000000000000003,0 0 0.050000000000000003,0 0 0.050000000000000003,wrist_3_link,-1,0,0 0 0,0 0 0,,-0.035842271980870019 -1.5297221163629673 -0.015362351553121861 -1.5870306093266633 0.00057543440308072493 -0.020110674724843864,-0.018662232931594379 -0.0069122533264452668 0.014443474628740018 0.021564464496151972 0.016963536448799391 0.018447008998508999,-0.16839389199357621 -1.6298354099945864 0.038303890251301612 -1.4699689094984265 0.10408134418466701 0.083273961370385174,0.10003007883717169 0.12938332714494974 0.13401782170568888 0.068178723700589278 -0.012200231292015579 0.045878329371964822,-0.037952463518638721 -1.5309767371464076 -0.013296223916664601 -1.583870469583071 0.0028210914855093389 -0.017408406405281473,-0.26377394222108796 -0.15682759793004614 0.25826595455715734 0.39501746794902559 0.28070713530357677 0.33778353994529881,-6.3397558427405825 -11.745060436655383 7.9086946160026503 2.0724287270384982 -0.37756555296692562 0.033434547142601842,0.052713605842740208 -3.968151826952635 -1.0309620416194818 -0.16849160538640717 -0.044773538546554192 -0.056897748732687603
ur,tetrapga,7.415284878,0.253299677,0.225154908,0.011822825,28.593388,36.114692,3.5741735,1,0,0,0.738971844,0.020419633,0.9,0,0,0,0 0 0.050000000000000003,0 0 0.050000000000000003,0 0 0.050000000000000003,wrist_3_link,-1,0,0 0 0,0 0 0,,-0.036609071770658655 -1.5300267197151982 -0.014729897954444408 -1.5860844065780171 0.0012998943328962336 -0.019303627400099277,-0.018401316214388307 -0.0069696176505789301 0.015477396776473862 0.022644140938034404 0.017307154627950346 0.019327815990542334,-0.16470516688241066 -1.6251292933977275 0.043128046670133778 -1.4675676952862629 0.10356102725914736 0.084891024381161889,0.10342411328617393 0.13018594420974516 0.13206062412234926 0.064259702436397295 -0.016499626324333872 0.043312117436336832,-0.038592301023334601 -1.5312576681068653 -0.012635534129004042 -1.5829264206624287 0.0034835985716842408 -0.016603629011189166,-0.24790365658449331 -0.15386854895837504 0.26179547818004562 0.39474823944853743 0.27296302984850096 0.33749979861376384,-6.0486719005749308 -8.7906293291929671 9.4531827557787995 2.1699639138043967 -0.39386521532362473 0.033561892426049109,0.042865880540205126 -3.9015322065724831 -1.0271658236614911 -0.17667920571875584 -0.045466527383810629 -0.059613366537817569
ur,tetrapga,7.451492958,0.250611,0.225198351,0.011614266,34.012608,41.268323,4.251576,1,0,0,0.714251708,0.001017076,0.9,0,0,0,0 0 0.050000000000000003,0 0 0.050000000000000003,0 0 0.050000000000000003,wrist_3_link,-1,0,0 0 0,0 0 0,,-0.037297631470804019 -1.5303048093686658 -0.014117120925522817 -1.5851852902209942 0.0019705443659316394 -0.018537965267866406,-0.018405936459981138 -0.0071621248710150871 0.016830789146534405 0.024154476668505086 0.017931821014162293 0.020581716640825604,-0.16090052732811166 -1.6204028969689288 0.047872267914857221 -1.4653129758350596 0.10288598942507175 0.086412254768406846,0.10671314428671339 0.13086166889583251 0.12997006134850198 0.060270358245659947 -0.020785265079971811 0.040708332222066525,-0.0398889752367758 -1.5320355113882589 -0.011188207525755771 -1.5808952453299114 0.0048686454034382407 -0.01487819928724397,-0.24300112371331084 -0.15678408131169991 0.27351500018845726 0.39507626397502149 0.2676967418287875 0.33657473153547735,-2.9083268696490503 -4.8181883714840161 5.5614213863682753 1.1765474082428578 -0.21516351975183484 0.017045948261780394,0.032938402235231479 -3.8327079424489057 -1.0237316602420279 -0.1874925677484498 -0.047035724322743278 -0.063479621588584223
ur,tetrapga,7.492853312,0.248563657,0.220134572,0.010852029,34.149871,41.84647,4.268733875,1,0,0,0.698152279,0.000331511,0.9,0,0,0,0 0 0.050000000000000003,0 0 0.050000000000000003,0 0 0.050000000000000003,wrist_3_link,-1,0,0 0 0,0 0 0,,-0.037578152814405109 -1.5303406286200703 -0.013743423147642495 -1.5846856860529306 0.002306125640700281 -0.018110341081543135,-0.003674865179628142 0.0017192232414809719 0.0069946223866930689 0.0083734844288111503 0.0051999387076698761 0.0071270224164632365,-0.15641127095791854 -1.6149770733971587 0.053195701317271929 -1.4629159080703453 0.101925317961158 0.088033642889195629,0.11034439754618172 0.13147918748296111 0.12741828746377695 0.055625950871981578 -0.025665173391564187 0.037686463042802799,-0.040568908142941042 -1.532414022566327 -0.010248473933260869 -1.5796335749686703 0.0056756584847847437 -0.013804006163075063,-0.22941801466882372 -0.15324407027030815 0.27716767542978299 0.39461134034383583 0.2610341203394354 0.33628300266481137,-3.0095188488482774 -2.6802895684603092 6.6556212471516787 1.2710787860376058 -0.23088404658725978 0.017786516518519733,-0.038067982677830514 -3.5811696987384494 -0.85953363068860966 -0.076675094565871404 -0.010749613565459448 -0.021970696327691996
ur,tetrapga,7.534800678,0.246333546,0.220743533,0.012564409,33.974877,41.39454,4.246859625,1,0,0,0.685851497,0.003979035,0.9,0,0,0,0 0 0.050000000000000003,0 0 0.050000000000000003,0 0 0.050000000000000003,wrist_3_link,-1,0,0 0 0,0 0 0,,-0.037912533397209951 -1.5303559725547926 -0.01328218534227376 -1.5840903220399352 0.0026994125560392654 -0.017604985341065017,-0.0069035688769218916 0.00024932223083659578 0.0097249604078523399 0.011982719535656314 0.0079110521187027508 0.010167286224054963,-0.15170781782977677 -1.609451674369998 0.058483220304224669 -1.4606829058524751 0.10074533174960863 0.089549355801803635,0.1138867258723978 0.13193686783148662 0.12465515921810853 0.050826485349349193 -0.030590564123734461 0.034573010144662651,-0.040950910888221503 -1.5325810146489287 -0.0095136690751726066 -1.5787092944555656 0.0062119875572756557 -0.013016496908839268,-0.213773764768251 -0.14950213604611151 0.28145757032433849 0.3940817560921499 0.25305650460795637 0.33599985540384647,-2.9134977956418595 -0.071397063212560771 7.9076943122168695 1.3485194477338163 -0.24461402502157972 0.017788412823997516,0.044754207742641938 -4.146254878284708 -1.1308985401932716 -0.1210043007549757 -0.014482574985983376 -0.031367915715897254
ur,tetrapga,7.576286622,0.243251922,0.224002204,0.012974482,34.1032,41.862977,4.2629,1,0,0,0.672745799,0.01219888,0.9,0,0,0,0 0 0.050000000000000003,0 0 0.050000000000000003,0 0 0.050000000000000003,wrist_3_link,-1,0,0 0 0,0 0 0,,-0.038558216000047704 -1.5305987508080519 -0.012495354185893695 -1.5830311679828322 0.0034114141909678442 -0.016708263610529885,-0.013477686336677522 -0.0048325312383705708 0.016672597853355505 0.021909016829300583 0.014731350993188157 0.018581581054522976,-0.14691291034726617 -1.6039716545165794 0.063595024830865737 -1.4586742100164436 0.09937572706207419 0.090918994294303612,0.11724754260391688 0.13222220863224429 0.1217524672682618 0.045997889531421164 -0.035431191494089263 0.031448853222552454,-0.041325560029330299 -1.5327556344593614 -0.0087203892401137677 -1.5777298284996291 0.0067616493425935835 -0.012182737930925829,-0.19637457314946138 -0.14571896635887777 0.28551529880242282 0.39255033994622057 0.24374355855897914 0.3349552910948434,-2.7903769590396745 2.8449645530188947 9.1507703185572353 1.4096297663108441 -0.25554631949257356 0.017429314665980682,0.075808982403458458 -4.2815789728720119 -1.2576144085814676 -0.19485184995573945 -0.032768432664823877 -0.057327976053827001
ur,tetrapga,7.618257033,0.240046525,0.225403426,0.012658805,28.542669,35.891453,3.567833625,1,0,0,0.674529666,0.017990956,0.9,0,0,0,0 0 0.050000000000000003,0 0 0.050000000000000003,0 0 0.050000000000000003,wrist_3_link,-1,0,0 0 0,0 0 0,,-0.03920754421941039 -1.5308903450111593 -0.011668835240998651 -1.5819197874931019 0.0041455720817826841 -0.015765181042660309,-0.013751613474310384 -0.0059273630870687244 0.017767577907829596 0.023442207056364611 0.015469340279434701 0.01991279451532689,-0.14192320386809804 -1.5984191356597581 0.068640455966354236 -1.4568475167927686 0.097786550045159945 0.092171847440509519,0.12050003019912689 0.13234145443049639 0.1186476686756891 0.041036588597189873 -0.040290282552155401 0.028246106836934241,-0.040485537517755694 -1.5319870853061115 -0.0094437292586434622 -1.5788189139038851 0.005947225072311128 -0.013101363983922292,-0.15974916229316299 -0.13709253686903336 0.27813824779439866 0.38760919865209958 0.22520662381605547 0.33297713234225212,-4.4700207153490483 6.7536616428041363 17.662233348656141 2.6903458694768352 -0.4822671196676242 0.034272942019034067,0.060966140929110679 -4.1774057690445261 -1.243572778498077 -0.20555904321099661 -0.034718496160932588 -0.061431196145118605
ur,tetrapga,7.654249456,0.237287099,0.225128266,0.012169909,28.692613,36.223915,3.586576625,1,0,0,0.651252612,0.015121185,0.9,0,0,0,0 0 0.050000000000000003,0 0 0.050000000000000003,0 0 0.050000000000000003,wrist_3_link,-1,0,0 0 0,0 0 0,,-0.039724534268873499 -1.5311383074212481 -0.010943133796919963 -1.5809545432643366 0.0047619722088339325 -0.014944677374098929,-0.012346082329257413 -0.0054505819454222747 0.017730146845395825 0.023020570625169205 0.014657928496869 0.019577762315899049,-0.13753775417400554 -1.5936560719609141 0.072860946809066213 -1.4554479384869188 0.096261954044747272 0.093138587963992728,0.12316860537154352 0.13230803177599662 0.11585337660199184 0.036725904260091577 -0.044421388409628809 0.025468421422526845,-0.040871763222519411 -1.5322061940939538 -0.0087056085289195229 -1.5778814881411318 0.0064826828896526285 -0.012299816476583521,-0.14340361920573866 -0.13348583408820675 0.27969065850005509 0.38413189040060902 0.21508883510233698 0.33060761218942608,-4.1740797986749003 9.3635269278913107 18.995821775113328 2.7680849819232516 -0.4955934136863317 0.034257089834489149,0.034261178540475612 -4.0160700533851923 -1.1936259093102208 -0.20092432507226476 -0.032607456566868365 -0.060392620325117718
ur,tetrapga,7.690576251,0.2346519,0.225179331,0.011776233,34.00968,41.662695,4.25121,1,0,0,0.633402334,0.000265437,0.9,0,0,0,0 0 0.050000000000000003,0 0 0.050000000000000003,0 0 0.050000000000000003,wrist_3_link,-1,0,0 0 0,0 0 0,,-0.040164319229441796 -1.531354162789315 -0.010259948261573389 -1.5800614596328677 0.0053130766339398701 -0.014185261998541861,-0.011650671955995496 -0.0053014975264326454 0.018756737049409469 0.023898747155763386 0.014643448424503169 0.020332590640282699,-0.13301624936346657 -1.5888522767856588 0.077016477268644162 -1.4541935582482528 0.094573109131179375 0.094012445012743501,0.12574694569390077 0.13214743061578241 0.11291265021642762 0.032327337562705769 -0.048552476592922958 0.022638167048782187,-0.04159012957104892 -1.5328367206798785 -0.007120022245916219 -1.5759066203992387 0.007567297538473578 -0.010613518492659218,-0.13401104313353979 -0.13206777978051437 0.29534451866627953 0.38310668597012398 0.20867722208466605 0.3286275931129341,-2.8779089224112964 12.405814107821966 13.932060173764819 1.7366848614327588 -0.31713345884494709 0.017666314503150655,0.012818927687135329 -3.8861570175895395 -1.1627257726566924 -0.2056772273444949 -0.032674013226383636 -0.062717024410492428
ur,tetrapga,7.732339224,0.232581242,0.218923766,0.012040563,34.206298,41.630715,4.27578725,1,0,0,0.623699421,0.000410753,0.9,0,0,0,0 0 0.050000000000000003,0 0 0.050000000000000003,0 0 0.050000000000000003,wrist_3_link,-1,0,0 0 0,0 0 0,,-0.040320716365748389 -1.5313362482427559 -0.0098371722965209484 -1.5795649238406364 0.0055770395497219743 -0.013758150596634008,-0.001666752385352912 0.0024048405129996901 0.0072094035775811015 0.0077559595493106029 0.0036973588571852616 0.0066686767977218861,-0.12770527416276056 -1.5833399598278362 0.081658939066632352 -1.4529499962247927 0.092447149122755229 0.094889413371570391,0.12856589620280007 0.1318056567148313 0.10938597828249884 0.027216961552469398 -0.053248212497684536 0.019354115670138464,-0.041916415323115477 -1.5330976091325348 -0.0060929372702849018 -1.5746951911778431 0.0081720162249362925 -0.0095728195241811948,-0.12012404433960278 -0.12639058390219488 0.29820750011671027 0.38007261776181089 0.19998096010481442 0.32662687755817732,-2.914112118286897 14.015610382046162 14.700168103714727 1.8006274575630665 -0.32772810678172276 0.018231331985773837,0.0032878028465290754 -3.9733858418494492 -1.1304741495339847 -0.10326709934815881 0.00041629846073298893 -0.020570213030609352
ur,tetrapga,7.774070202,0.230400643,0.220538728,0.012841915,34.123602,41.706189,4.26545025,1,0,0,0.617000258,0.004026739,0.9,0,0,0,0 0 0.050000000000000003,0 0 0.050000000000000003,0 0 0.050000000000000003,wrist_3_link,-1,0,0 0 0,0 0 0,,-0.040500095465938885 -1.5313314119385921 -0.0093645531937567878 -1.5790037165528223 0.0058731990549608475 -0.013278145101875511,-0.0038136506682511931 0.00072043374118009314 0.010261371424514186 0.011618887325623254 0.0061143780721038491 0.0099334926579290449,-0.12228405851321512 -1.5778496175183871 0.086147550124869521 -1.451921647624753 0.090128242345907036 0.095628098791354074,0.13122493479321495 0.13129682179760885 0.10571045259465468 0.022059837727760184 -0.057876588603431152 0.016043609491370577,-0.042040270648168315 -1.5331856271884765 -0.0053213631778035175 -1.5738377322396979 0.0085399125461126067 -0.0088308111950373552,-0.10400190670514206 -0.12138958161413327 0.3009227567771659 0.37646520320433707 0.18966311327050464 0.32433388974887462,-2.7819366915994563 16.177021160735908 15.680553346347756 1.8521491861318244 -0.33703947861654593 0.018053505069582972,0.040661206458082688 -4.2378321115193103 -1.2760268891727762 -0.1394982775891549 -0.004437639953806638 -0.03065033091102265
ur,tetrapga,7.815870685,0.22746191,0.224831716,0.012865599,28.623388,36.281997,3.5779235,1,0,0,0.622120735,0.010682025,0.9,0,0,0,0 0 0.050000000000000003,0 0 0.050000000000000003,0 0 0.050000000000000003,wrist_3_link,-1,0,0 0 0,0 0 0,,-0.040846381747686913 -1.5315181705833001 -0.0085468843269897021 -1.5780026994362104 0.0064136435479920772 -0.012424893584770023,-0.007540596301179937 -0.0037038242176330102 0.0181654418087146 0.021553413044963735 0.011630336473631792 0.018391827237727278,-0.11674591888278794 -1.5723749074805613 0.090486779149269642 -1.4511082754871505 0.087613296715655459 0.096228973818574121,0.13372776068874012 0.13062023347491197 0.1018816084828448 0.01685031603536127 -0.062441998350744203 0.012702106292409606,-0.041422048211147575 -1.5324588633642835 -0.0062608642700954205 -1.5750702163034982 0.0077594482645822263 -0.0098694172698341534,-0.071958307932582691 -0.11758659762291818 0.28575250711178518 0.36656039158903103 0.16822558957376862 0.31943453936698368,-2.7704026582318919 20.210056621355555 24.553240835176624 3.0818619166990562 -0.54984529463327014 0.033988693072103934,0.043695760765473324 -4.2456476730703798 -1.3561868273881039 -0.20940827806680318 -0.019611812866225264 -0.056743699996964381
ur,tetrapga,7.852248124,0.224706204,0.226235609,0.012553507,28.539144,35.798271,3.567393,1,0,0,0.609025327,0.005420432,0.9,0,0,0,0 0 0.050000000000000003,0 0 0.050000000000000003,0 0 0.050000000000000003,wrist_3_link,-1,0,0 0 0,0 0 0,,-0.04116202985890579 -1.5317256680974096 -0.0077272867311557773 -1.5770114518988418 0.0069348475914647496 -0.011577518132630214,-0.0076110424082231126 -0.0044486169514454769 0.020224900460933091 0.023798637918618269 0.012476447588170419 0.020354720043698527,-0.11184366509133345 -1.567636066492724 0.094130574696392397 -1.4505782375689682 0.085270508400240738 0.096637871241470386,0.13577317297804276 0.12989622209104304 0.098433396802407952 0.012286449260209878 -0.06635233020690888 0.0097761490496481758,-0.041605530044439877 -1.5326338113538474 -0.0054406987447613801 -1.5741282425956993 0.0081849862041833716 -0.0090553913496698897,-0.055437523191760624 -0.11351790705470294 0.28582349829929965 0.36040116289282825 0.15626732658982773 0.31526584787004069,-2.4104302446971002 22.539472759904683 25.568038033548891 3.1173003665316976 -0.55595288713087732 0.033490964988024632,0.026375804417853033 -4.1426573579938122 -1.3474646718469181 -0.22461389798536402 -0.021911176454121772 -0.062795465345018897
ur,tetrapga,7.888134777,0.222155863,0.226058258,0.012161051,28.605741,36.211883,3.575717625,1,0,0,0.599381136,0.002106722,0.9,0,0,0,0 0 0.050000000000000003,0 0 0.050000000000000003,0 0 0.050000000000000003,wrist_3_link,-1,0,0 0 0,0 0 0,,-0.041406871863623629 -1.5318945232530767 -0.0069797120164897062 -1.5761259536685726 0.0073798883199606971 -0.010818097734344881,-0.0063529704199638834 -0.0039028706710531082 0.020376853056082569 0.023511248405613579 0.011693848081392542 0.020177905728173042,-0.10693684651411173 -1.5629891775360054 0.097600442772380197 -1.450218451850545 0.082821045288461223 0.096936699064085988,0.1376684662375072 0.12905945146204073 0.09492921919558886 0.0077613872087169064 -0.070148200048103584 0.0068757150674135488,-0.041975711852011738 -1.5335021747654691 -0.0028641880853124903 -1.5712292349779697 0.0094171322549336071 -0.0065450415028421799,-0.046272725946482844 -0.10854542645273124 0.32206383243111125 0.36237595221619617 0.15401825634377933 0.31379373085346374,-3.1950090875967772 24.814002104923002 12.916776917232967 1.027037131930522 -0.2023307333085016 0.0017725330851243977,0.0030659003539597052 -4.0131469217540143 -1.3117513614570129 -0.22175240383057826 -0.019709803272110804 -0.062245485119401422
ur,tetrapga,7.924432397,0.220425598,0.218794671,0.012671912,28.598501,36.05432,3.574812625,1,0,0,0.601513016,0.007298911,0.9,0,0,0,0 0 0.050000000000000003,0 0 0.050000000000000003,0 0 0.050000000000000003,wrist_3_link,-1,0,0 0 0,0 0 0,,-0.041448714308803355 -1.5318444342960336 -0.0065950348565997925 -1.5757226261049719 0.0075409468302880386 -0.010465399750817077,0.00022042048257304173 0.0032212230821852834 0.0070922962542839009 0.0068619243105098784 0.0021355088882262729 0.0060513284842817214,-0.10190690615035949 -1.558321845726355 0.10098030383539755 -1.4500200816586064 0.080206152433542524 0.097132847920487639,0.13946032210216883 0.12809014400499899 0.091284722976922875 0.0031661219264121406 -0.073920971337529784 0.0039303212545973481,-0.041638329342761342 -1.5326853515491163 -0.0043178360961241662 -1.5729350022673094 0.0086034170718790048 -0.0080040504176497451,-0.023701879244748383 -0.10511465663535741 0.2846498450594534 0.34845297970782113 0.13280878019887082 0.30766866664591652,-1.7996725159191003 26.57374866857041 28.215903982951602 3.3170716499031641 -0.59089164040482633 0.034527450037903459,0.016323815666282826 -4.1817309442003534 -1.2990639075742294 -0.11800563326232805 0.0095466206066987525 -0.018671109535723929
ur,tetrapga,7.960574725,0.218683752,0.221302638,0.012626121,28.539451,35.957392,3.567431375,1,0,0,0.593656493,0.00374688,0.9,0,0,0,0 0 0.050000000000000003,0 0 0.050000000000000003,0 0 0.050000000000000003,wrist_3_link,-1,0,0 0 0,0 0 0,,-0.041485059029341506 -1.5318069382541899 -0.0062063008478776532 -1.5752989494584586 0.0077049731992161466 -0.010096393257441055,-0.001241544521348644 0.0010686319257340669 0.011504008548268548 0.01214663155312253 0.0047868938967723764 0.010569828093198116,-0.096836144052867792 -1.5537116496677137 0.10421250594845058 -1.449988551186508 0.077467648190671451 0.09722175501507635,0.14111821316837003 0.12700306127419805 0.087559143062416828 -0.0014232254866434681 -0.077606936691873657 0.00098814784683785503,-0.041734389326951379 -1.5334748763456227 -0.0017241125186164162 -1.5701295446922143 0.0096479273112681577 -0.0055545324104378478,-0.012007498023754382 -0.09869059956329812 0.32421544718846873 0.35068219688689029 0.13056377992364404 0.30618975090148715,-3.5785570653326646 28.637609048774692 14.691052618345388 1.1586794997334671 -0.22766517934444469 0.0019862255156776294,0.011753323587782916 -4.1666197900249244 -1.3324519641430932 -0.15419220796320587 0.0021147608924749761 -0.032609505350002621
ur,tetrapga,7.99662889,0.215902016,0.22998985,0.011959327,28.582588,36.001626,3.5728235,1,0,0,0.591860102,0.012097189,0.9,0,0,0,0 0 0.050000000000000003,0 0 0.050000000000000003,0 0 0.050000000000000003,wrist_3_link,-1,0,0 0 0,0 0 0,,-0.041609698848144687 -1.5320074824116618 -0.0052691498925208835 -1.574233340830441 0.0081466664253101 -0.0091744024147664173,-0.0036118409295677399 -0.0060567368885880973 0.028055200770187784 0.030822668126595388 0.012805843058014094 0.026697203326092111,-0.091720333097440543 -1.549154016956334 0.1073009833833192 -1.4501225378940632 0.074604420443102684 0.09720436411929774,0.14264534524292971 0.12579845125025391 0.083750045885579091 -0.006010417524124104 -0.081209595282138392 -0.0019538221430381972,-0.041540731940657778 -1.5327861589963325 -0.0029840468743916552 -1.5715571774931243 0.0090107574853550473 -0.0067877268834549854,0.008620863435863187 -0.097334573083823206 0.28563787726615358 0.3345204171645777 0.10801138250561841 0.29833444141392901,-1.1058568313699979 30.882350668196832 29.167049260869501 3.2357648853211911 -0.57739728845513416 0.031519154272129507,-0.029341186192539226 -3.9465778145558943 -1.3809123593949497 -0.27562406825290964 -0.021384217687415941 -0.082356105445558825
ur,tetrapga,8.032724453,0.214102778,0.220946529,0.01338009,28.555507,36.245199,3.569438375,1,0,0,0.584366126,0.004763043,0.9,0,0,0,0 0 0.050000000000000003,0 0 0.050000000000000003,0 0 0.050000000000000003,wrist_3_link,-1,0,0 0 0,0 0 0,,-0.041632497449301975 -1.531976027744282 -0.0048056555114425522 -1.5737685069577798 0.0083147529036218977 -0.008765408938169527,-0.00015504244429809266 0.002775329909082319 0.0090649366844742178 0.0087499223747129467 0.002831352840624806 0.0077305049300584513,-0.086545796831457106 -1.544636809419226 0.11025381896425075 -1.4504224443787772 0.071609191801738012 0.097080609775475071,0.14404640521727691 0.12447335516086534 0.079847513748250679 -0.010607293162343139 -0.08473805699174583 -0.0049037909966025027,-0.04136322997124902 -1.5334922002509714 -0.00038411227016094075 -1.5688644579087672 0.0098579855092892233 -0.0044128637556140899,0.022187746176095195 -0.088255156829857212 0.32499182552883932 0.33658994804463288 0.10590350299177204 0.29685789098011195,-3.9944558142797497 32.166183105872186 16.132279905463264 1.2598343038073785 -0.24719744230015928 0.0020835560839064255,0.040040240270883487 -4.4154296603546754 -1.4550809659894632 -0.14545461705165508 0.010711536316371451 -0.023857694895179193
ur,tetrapga,8.069068682,0.211558855,0.229294171,0.012131243,28.673923,36.250314,3.584240375,1,0,0,0.584802764,0.010216359,0.9,0,0,0,0 0 0.050000000000000003,0 0 0.050000000000000003,0 0 0.050000000000000003,wrist_3_link,-1,0,0 0 0,0 0 0,,-0.041658254435620233 -1.532116828288502 -0.0039434861175629485 -1.5728276223283502 0.0086528136169854563 -0.007943007351252274,-0.00070268145824588203 -0.0045621211692050152 0.026328309493250306 0.02772577254504608 0.010003882479879636 0.024251375894778843,-0.081286874385387287 -1.5401389721395238 0.11308309750280499 -1.4508920723785912 0.068466143400866222 0.096848370648174559,0.14532693353521722 0.12301997646537291 0.075831779510017724 -0.015235608423913584 -0.088207682988568625 -0.0078763628979618937,-0.041336946945652445 -1.5328270266256121 -0.0016807448904430861 -1.5702783714796076 0.0093113738133871818 -0.005639634768685434,0.040163436245973232 -0.088774792138745021 0.28284265338998282 0.31865635609281934 0.082320024550215753 0.28792157282085507,-0.40493948565609372 34.562970145287949 30.92299432277899 3.3058958170314612 -0.59001090428690561 0.030893106982292248,-0.034255561349652908 -4.0033103409723481 -1.4255391081143118 -0.26239248656656855 -0.011531889918323657 -0.074812380200244277
ur,tetrapga,8.105417739,0.209802567,0.221635781,0.013707377,28.529047,36.042696,3.566130875,1,0,0,0.578021686,0.005494816,0.9,0,0,0,0 0 0.050000000000000003,0 0 0.050000000000000003,0 0 0.050000000000000003,wrist_3_link,-1,0,0 0 0,0 0 0,,-0.041631002478612941 -1.5320649866018923 -0.003463762590656031 -1.5723663577665294 0.0087879672822959512 -0.0075340844958839449,0.00079389948093066035 0.002888827785088192 0.0092067371044658609 0.0085276516449864764 0.0021533265379931063 0.0075782078230611045,-0.075983092002326974 -1.5356955227134461 0.11576525736162858 -1.4515299331258777 0.065198127079910503 0.096508038178174549,0.14647611139710159 0.12144817824189102 0.071732702272776269 -0.019859583389701833 -0.091590428931514187 -0.010849209377135178,-0.040888878214746772 -1.5334508892904741 0.0009111904644308012 -1.5677118337442015 0.0099537932789119255 -0.0033480117443156314,0.056008591363209306 -0.077982833107741151 0.32399191935923588 0.32081721692574872 0.080302433190592867 0.28645287804622532,-4.3324054909515137 35.443037435756906 17.587082028924716 1.3651519214822956 -0.26735296814030457 0.0022370181910093033,0.045929283392609932 -4.5234343495740177 -1.5346610729585688 -0.15288726783637685 0.014634806682362722 -0.023390872260549145
ur,tetrapga,8.141557183,0.207395361,0.22968617,0.012125539,28.634636,36.114593,3.5793295,1,0,0,0.579751228,0.009217606,0.9,0,0,0,0 0 0.050000000000000003,0 0 0.050000000000000003,0 0 0.050000000000000003,wrist_3_link,-1,0,0 0 0,0 0 0,,-0.041563645100394578 -1.5321940112287737 -0.0026132654668769104 -1.5714717239321969 0.0090552258487410792 -0.0067448120589725128,0.0020944672994463358 -0.0039573265977575281 0.026527045455292348 0.026816615214511154 0.0080455691523867532 0.023677432822064162,-0.070670856154193148 -1.5313364377354473 0.11828281066331604 -1.4523305819693659 0.061828683107879569 0.096062579273419518,0.14748751376949137 0.11976967842308767 0.067579028311513731 -0.024447296073548935 -0.094863298158983311 -0.013802402856505171,-0.040992998801516786 -1.5328342656529248 -0.00038038225097148347 -1.5690625360889596 0.0095019339903927441 -0.004533726413530198,0.071330787359723605 -0.080031803018870723 0.27911040198817838 0.30114848040467213 0.05583851770645807 0.27638570568028931,0.29190703326883227 37.948503965413259 32.37727761838994 3.3413813937182928 -0.59682774279697148 0.029900987705178662,-0.049292754283726481 -4.0014280139439506 -1.4589082744852373 -0.26176188181671023 -0.0044892882983482707 -0.073041667874541361
ur,tetrapga,8.177764776,0.205697822,0.222463811,0.013915058,28.746832,36.104631,3.593354,1,0,0,0.57349223,0.005871365,0.9,0,0,0,0 0 0.050000000000000003,0 0 0.050000000000000003,0 0 0.050000000000000003,wrist_3_link,-1,0,0 0 0,0 0 0,,-0.041495597087605772 -1.5321358710713584 -0.002114421968978414 -1.5710124990687746 0.009163216653840291 -0.0063328810134914192,0.0014745423330055582 0.0033414866557996132 0.0089141468221636856 0.0077847175570123469 0.001387982581960613 0.0070389461194106401,-0.065314330534106027 -1.5270320356709826 0.12065321888013211 -1.4532987631634875 0.058335961405294123 0.095509332906900987,0.1483690326859862 0.11797379931084624 0.063343224439968412 -0.029029391545088924 -0.098048294428322011 -0.016756269534224447,-0.040278601046375428 -1.5333748129575984 0.0021925749455569267 -1.5666356065016986 0.0099333467688919302 -0.0023342913518684949,0.089299719392669993 -0.067568413084202916 0.32161964956605127 0.30336619840762424 0.053926597312398267 0.27492938270771289,-4.63836009705427 38.401986282548222 18.884309459367334 1.4583303331142121 -0.28514428106071821 0.0023689468335635266,0.047303889450176939 -4.5919689996408124 -1.5933501537906558 -0.15545108189871826 0.018484037801183462 -0.021728168806086856
ur,tetrapga,8.213968245,0.203436068,0.229919139,0.012170131,28.621823,36.021431,3.577727875,1,0,0,0.576203019,0.008842381,0.9,0,0,0,0 0 0.050000000000000003,0 0 0.050000000000000003,0 0 0.050000000000000003,wrist_3_link,-1,0,0 0 0,0 0 0,,-0.041344124649388962 -1.5322366903029712 -0.0012769278071091586 -1.5701699066795132 0.0093592592985103501 -0.0055790754918069313,0.0046681010732624031 -0.0030748306593277185 0.026225419608963279 0.025313719815354681 0.0059259880654195431 0.022653101001067152,-0.059928898781201237 -1.5227951817965177 0.12286872925862284 -1.4544323836190345 0.054730094144556561 0.094849340055494627,0.14911801092334037 0.11606546124118453 0.059037546625912075 -0.033592027951664966 -0.10113522550888598 -0.01970251798662815,-0.04052937755782083 -1.5328045372473653 0.00091630645662306941 -1.5679134987332397 0.0095889018335002501 -0.0034689904484688462,0.10184338644601676 -0.070980868049282567 0.2741542829665285 0.28205099328419436 0.028705316873737466 0.26376063041726067,1.0159802227679648 40.959985415561427 33.626579907113296 3.3590296863658757 -0.60055599281743399 0.028810026308681697,-0.061426195593810462 -4.0161430686521271 -1.4950441429007468 -0.25759096134333959 0.0030749015398932045 -0.069881386055891781
ur,tetrapga,8.250094881,0.201855504,0.223413473,0.014227629,28.559549,35.856573,3.569943625,1,0,0,0.570528904,0.006066428,0.9,0,0,0,0 0 0.050000000000000003,0 0 0.050000000000000003,0 0 0.050000000000000003,wrist_3_link,-1,0,0 0 0,0 0 0,,-0.041230573705171768 -1.5321585553516075 -0.00078294590343801825 -1.569740019363443 0.0094266741036887914 -0.0051878650961693163,0.0022530088086338235 0.0037213197880297112 0.0088127333428536601 0.0072318854167808307 0.00063933836951913278 0.0066418782939649812,-0.054530260026071191 -1.5186381923313939 0.12492294640886525 -1.4557278451163267 0.051022290228038981 0.094084589683600853,0.14973294480061239 0.11405060182253089 0.054674927075638098 -0.038121478859584133 -0.10411474338302229 -0.022632885669345491,-0.039554215127100854 -1.5332605581007721 0.0034590733713956911 -1.5656389465954741 0.0098041725876322223 -0.0013704190198239497,0.12189530383999676 -0.057002606675836252 0.31784586434657769 0.28431901722071584 0.02690884426649651 0.26232142858061203,-4.8990839227531424 41.006466172023622 20.024577103377297 1.5397204601158809 -0.3005844213455473 0.0024865735184690027,0.052359094861373023 -4.6951174486976015 -1.6675068715425732 -0.16020417540221388 0.022475987910056006 -0.02050541959370733
ur,tetrapga,8.286047188,0.199754712,0.230153081,0.01226789,28.55063,35.801211,3.56882875,1,0,0,0.573952423,0.008576609,0.9,0,0,0,0 0 0.050000000000000003,0 0 0.050000000000000003,0 0 0.050000000000000003,wrist_3_link,-1,0,0 0 0,0 0 0,,-0.04099312569463736 -1.5322334350291347 4.4162490242356193e-05 -1.5689473301328924 0.0095504855087975311 -0.0044676322044219343,0.007282945630543579 -0.0022677838534237 0.025955805357015759 0.02384079691437048 0.0037710948569470966 0.021660873560850592,-0.049137987775261252 -1.5145754739635644 0.12680966414300776 -1.457179018584279 0.047227367489653886 0.093218637350283864,0.15021321651490863 0.11193761017477473 0.050271893296839336 -0.042601207428230856 -0.10697651761413868 -0.025537225957831887,-0.039940843270882376 -1.5327281533593597 0.0021888421472859663 -1.5668548341159521 0.0095598329322950006 -0.0024662257485405219,0.13153530296937302 -0.061839791278132793 0.26808495713045127 0.26156200211755021 0.0011684279371836342 0.25017580698517655,1.7424344757687349 43.606337668925804 34.644140706931395 3.3557512642881262 -0.60074431154937269 0.027574940576060584,-0.071928322357848629 -4.0484038197573682 -1.5382751424215835 -0.25400222062580724 0.010818099671475068 -0.066820674915079259
ur,tetrapga,8.321948155,0.198303196,0.224659687,0.014510461,28.641124,36.001862,3.5801405,1,0,0,0.568774014,0.006020674,0.9,0,0,0,0 0 0.050000000000000003,0 0 0.050000000000000003,0 0 0.050000000000000003,wrist_3_link,-1,0,0 0 0,0 0 0,,-0.040836471607694519 -1.532138662444696 0.00053579001744142154 -1.5685436227393124 0.0095793521351061652 -0.0040937786619835229,0.0029410632473286405 0.0040246739280422267 0.0087900036466131305 0.0067722477913748401 -3.581730394925321e-05 0.0063438762467342702,-0.043738543781056113 -1.5105962616328727 0.12853468967473067 -1.4587882659575147 0.043337092957238477 0.092249974576848998,0.15056147411286641 0.10972214905310303 0.045818053342395262 -0.047042299966699723 -0.10972809736124878 -0.028423272501131913,-0.038712324684887278 -1.5330999955492022 0.0046905106303388924 -1.5647438988831319 0.0095558097459279567 -0.00047615940245037021,0.15356482324938731 -0.046480273730312771 0.31270856038161576 0.26386690410252944 -0.0005028982958805567 0.24875829326126897,-5.1186655102190528 43.258600486010266 21.004531704902092 1.6090864024084615 -0.31365762973536765 0.0025874728108487848,0.055688023222643324 -4.7884521481691991 -1.7371980633171664 -0.16506810911232606 0.026135589842187557 -0.019587697208314658
ur,tetrapga,8.358048802,0.196366135,0.23048922,0.012374646,28.658666,36.06394,3.58233325,1,0,0,0.572616977,0.009000801,0.9,0,0,0,0 0 0.050000000000000003,0 0 0.050000000000000003,0 0 0.050000000000000003,wrist_3_link,-1,0,0 0 0,0 0 0,,-0.040517028673967788 -1.5321888440917664 0.0013524909184732632 -1.5678012527404315 0.0096317756634881208 -0.0034063879236497173,0.0097874984828380685 -0.0014858746870645631 0.025665667421456463 0.022336336531952106 0.0016286261023588453 0.020672208348064127,-0.038298847339689621 -1.5066770045455773 0.13010710219647173 -1.4605665831061532 0.039327544307523679 0.091171737929490348,0.1507792042672709 0.10739005223424411 0.041286086845965797 -0.051471103159133447 -0.1123849327432225 -0.031308795731490563,-0.039233837473917017 -1.5326093535210168 0.0034396622134021107 -1.5658837487417412 0.0094177100253919274 -0.0015214202600498665,0.16039890000634602 -0.052563678656292412 0.26089641186610596 0.23968799983628256 -0.026758204762024101 0.23562095794998136,2.4791314779877487 45.882233466576004 35.43243468123066 3.331790297508392 -0.59738478885520252 0.02620112491660858,-0.082235572567327608 -4.0836332242506614 -1.5817855224368866 -0.25011259812345088 0.01849298991596271 -0.063770734336545232
ur,tetrapga,8.394215331,0.195056667,0.22600355,0.014789692,28.66713,36.272492,3.58339125,1,0,0,0.568197198,0.00558186,0.9,0,0,0,0 0 0.050000000000000003,0 0 0.050000000000000003,0 0 0.050000000000000003,wrist_3_link,-1,0,0 0 0,0 0 0,,-0.040317955052809107 -1.5320765065686532 0.0018387687148971141 -1.5674273043884082 0.00962070286088639 -0.0030527109428176991,0.0036354426202156887 0.0043699978412819829 0.0086779333081989842 0.0062070139000149965 -0.00075843099388093983 0.0059549735595835207,-0.032843749751838472 -1.5028368801870013 0.13151742368567146 -1.4625077261057373 0.035216548022128112 0.089987415225283765,0.15086410484318477 0.10495089174533195 0.036696456961719269 -0.055866287593458526 -0.11493291713190465 -0.034180591026939162,-0.037759285380613516 -1.5328970498494541 0.0058893716825607206 -1.56394761122767 0.0091913517549628929 0.00035241617941806041,0.18431901166293749 -0.035962041054649369 0.30621368364482626 0.24201718925889071 -0.028294783803629344 0.23422955493349085,-5.2955194745572198 45.154054777903369 21.823163549515602 1.6663428548112527 -0.32433738903956533 0.0026719382926051962,0.058373185059338084 -4.880598371418273 -1.8048629737794259 -0.16898049849532981 0.029868703453587386 -0.018389354611421105
ur,tetrapga,8.430580541,0.193305038,0.230792863,0.012508044,28.634962,36.15322,3.57937025,1,0,0,0.572025055,0.010226214,0.9,0,0,0,0 0 0.050000000000000003,0 0 0.050000000000000003,0 0 0.050000000000000003,wrist_3_link,-1,0,0 0 0,0 0 0,,-0.03991816638830991 -1.5321002506836621 0.0026403011126650833 -1.5667409645392953 0.0095996130811429065 -0.0024025983014575023,0.012237474283245765 -0.0006622450964706624 0.025234615021436872 0.020670767382105 -0.00057200189945172744 0.01956009650738497,-0.027358027894551357 -1.4990664542449652 0.1327672926793268 -1.464618971249146 0.030992183069578766 0.088692249522893576,0.15081509536701723 0.10239677753754312 0.032036128115983956 -0.060239003772945311 -0.11737718667586886 -0.037046649461178867,-0.038409583544273852 -1.5324451272696926 0.004660754821997893 -1.5650101787679078 0.0091580968066545271 -0.00064227149978221825,0.1885728555045075 -0.043109573253818693 0.25255671366660121 0.21634822142343924 -0.055189534311047436 0.22004085020941053,3.2303871482111663 47.792553078378781 35.999928184545375 3.2879590246618 -0.59061548090067018 0.024696422557875835,-0.091597446144618289 -4.1276545683949735 -1.6270320046164457 -0.24520826588377531 0.026334124335875231 -0.060340012328136017
ur,tetrapga,8.466840849,0.192162716,0.227524627,0.015071494,28.55146,35.831947,3.5689325,1,0,0,0.568220484,0.005103703,0.9,0,0,0,0 0 0.050000000000000003,0 0 0.050000000000000003,0 0 0.050000000000000003,wrist_3_link,-1,0,0 0 0,0 0 0,,-0.03967803523599512 -1.5319704426696343 0.0031199228586054647 -1.5663982029538284 0.0095483522991627861 -0.0020699765941167361,0.0043012152853873142 0.0047025474100837227 0.0085652224372515778 0.0056375028448177227 -0.0014742037932159041 0.0055698691888573402,-0.021892337326954954 -1.4954011898222488 0.13384405732199564 -1.466881541001881 0.026693677992834824 0.087297470719543316,0.15063224260019376 0.099750920964167752 0.027348231823140636 -0.064548080412414222 -0.11969403033273079 -0.039880632106456836,-0.036695107532622603 -1.5326483766567458 0.007047516026412794 -1.5632606536314999 0.0087054444112120988 0.001107169342981729,0.21430950145640582 -0.025406173381642184 0.29834515055186261 0.21869064205100208 -0.056581549430303468 0.2186801053454934,-5.4296667713965654 46.698434932047888 22.484075682671623 1.7117914572866981 -0.33267835858470673 0.002740652799409563,0.060723550960176453 -4.9735931655368404 -1.8718706726987016 -0.17265960687927873 0.033527000155828546 -0.017202585208009324
ur,tetrapga,8.502762552,0.190622934,0.231084687,0.012666161,28.582908,35.9567,3.5728635,1,0,0,0.571831387,0.010787555,0.9,0,0,0,0 0 0.050000000000000003,0 0 0.050000000000000003,0 0 0.050000000000000003,wrist_3_link,-1,0,0 0 0,0 0 0,,-0.039200511775528822 -1.531967620868941 0.0039039996911116683 -1.5657707076232084 0.0094532004754964479 -0.0014588982097880057,0.01460918587312982 0.00016202483167908249 0.024723641056875748 0.018916279522436061 -0.0027912843853684956 0.018391180887472124,-0.01648659692361254 -1.491866475617778 0.13474249392075929 -1.4692760783563339 0.022354652612733901 0.085814846935472158,0.15031945120032866 0.09703451066905032 0.022668094766114387 -0.068762315410551 -0.12186803512343959 -0.042662437124349126,-0.037475697854572575 -1.5322365771425757 0.0058492617171116692 -1.5642357385850831 0.0087839050487476481 0.00017013582574581295,0.21560174011953107 -0.033619534204326666 0.24315775325000011 0.19187112976566267 -0.083661928343599978 0.20362925444172736,3.9830973486447565 49.301754132206661 36.329038371440802 3.2239601459722032 -0.58035482973028607 0.023074110516934917,-0.10007210335393779 -4.1798330694373362 -1.6741098748772352 -0.23973627320083324 0.034220011265421846 -0.056734069198536408
ur,tetrapga,8.538805954,0.189671618,0.229105282,0.01534802,28.5904,35.966162,3.5738,1,0,0,0.568374317,0.004715321,0.9,0,0,0,0 0 0.050000000000000003,0 0 0.050000000000000003,0 0 0.050000000000000003,wrist_3_link,-1,0,0 0 0,0 0 0,,-0.038920141464980774 -1.5318201916524876 0.0043749105195389874 -1.5654615141555555 0.0093608661570164908 -0.0011490238727957065,0.0049612132276963998 0.0050442107748701649 0.0084110739804180313 0.005015121286402865 -0.0022134875157333493 0.0051454179128916843,-0.011076200775790702 -1.4884195402908307 0.1354744177000497 -1.4718298328859905 0.017924656954891253 0.084227261428186151,0.14987428286767798 0.094215998500957229 0.017940456858924383 -0.072931903291387767 -0.12392560364529155 -0.045425696249253411,-0.035531335089539179 -1.5323563456950491 0.0081626532905239944 -1.5626820276911075 0.0081047037435294025 0.0017885652472583082,0.24304534562917485 -0.014971069059172924 0.28917394667654067 0.19421386174695371 -0.084900163152280675 0.20230367768906193,-5.5186745495086775 47.860835495739494 22.972883371301439 1.744375209231579 -0.33848242737046452 0.0027919450130840513,0.062370467930406903 -5.0648467541750506 -1.9367192093605539 -0.17567828909614036 0.037177651576087101 -0.015894210361863559
ur,tetrapga,8.574866908,0.188353761,0.231300907,0.012846243,28.572355,36.219884,3.571544375,1,0,0,0.571916848,0.011650872,0.9,0,0,0,0 0 0.050000000000000003,0 0 0.050000000000000003,0 0 0.050000000000000003,wrist_3_link,-1,0,0 0 0,0 0 0,,-0.038366562483583624 -1.531789912837386 0.0051380809787764641 -1.5648972141836297 0.009190015599708461 -0.00058007240747280501,0.016927839563530358 0.0010081183913385103 0.024104429175464997 0.017033617441364831 -0.0050579001231295176 0.017131410393533497,-0.0056815930506768503 -1.4850742311112881 0.13603566771354858 -1.4745340981796737 0.013420562012541694 0.082539771757683233,0.14929774201449805 0.091305466667686089 0.013183213249145476 -0.077040204021525852 -0.12585764256640897 -0.048160034260068152,-0.036434596072076761 -1.5319826591669157 0.0069997940212999949 -1.5635669234180503 0.0082927963857651384 0.00091109953321235834,0.24149580143835814 -0.024093291191224473 0.23271413031544136 0.16628634569742723 -0.11215240174291524 0.18639649258564545,4.7371119170749436 50.411207815012283 36.422945550583172 3.1402664737614119 -0.56667183833745272 0.021339901094065909,-0.10782107498221194 -4.2392600755529202 -1.7222934305141493 -0.2333819658279026 0.042223690745608167 -0.052847840642836097
ur,tetrapga,8.611176671,0.187610945,0.230835357,0.01562269,28.673045,35.990594,3.584130625,1,0,0,0.569013704,0.004040814,0.9,0,0,0,0 0 0.050000000000000003,0 0 0.050000000000000003,0 0 0.050000000000000003,wrist_3_link,-1,0,0 0 0,0 0 0,,-0.038047843270822924 -1.5316249953005123 0.0055987103119403379 -1.5646229624706813 0.0090568597535579751 -0.00029395322163838165,0.0055743827218090467 0.0053787237262294856 0.0082384522146833478 0.0043817749397008273 -0.0029326893538745504 0.0047122401884756235,-0.00027316271563620977 -1.4818135060756792 0.13642702807097193 -1.4774054847225273 0.0088173480909578758 0.080741601150019868,0.14858526373576889 0.088285832408209725 0.0083700605519032648 -0.081108608258182543 -0.12767280043198348 -0.050880411876403318,-0.034270287105984731 -1.5320199163901818 0.0092295515602142889 -1.5622179865317158 0.0073869672588178868 0.00239198280915173,0.27053862076150398 -0.0046571529082534251 0.27871969236428673 0.1686171107918091 -0.11322864086840649 0.18511040949242144,-5.5627043566534358 48.643241304034817 23.290860521741081 1.7642113728480957 -0.34177246759244972 0.0028260128084411384,0.063589344796042724 -5.1554875664442079 -1.9999085181404048 -0.17832589965382795 0.040692838422007327 -0.014558731415603654
ur,tetrapga,8.647260046,0.186532551,0.2315482,0.013050637,28.625201,35.927641,3.578150125,1,0,0,0.572230591,0.012876576,0.9,0,0,0,0 0 0.050000000000000003,0 0 0.050000000000000003,0 0 0.050000000000000003,wrist_3_link,-1,0,0 0 0,0 0 0,,-0.037421993040069795 -1.5315671228861345 0.0063383249561134057 -1.5641243786941001 0.0088108110172077751 0.00023102576026233439,0.01913412792229946 0.0018538326885249633 0.023397157852718082 0.01507263553066944 -0.0073123420214491596 0.0158144795770662,0.0050735566714498375 -1.4786832904003429 0.13664246787733256 -1.4804040232303632 0.0041799153617416871 0.078857410740405531,0.14774673772554123 0.085199181282399908 0.0035684739000031436 -0.085079641802909514 -0.12934500820976852 -0.053548994093497532,-0.035291608413291896 -1.5316833019393543 0.008108017787822424 -1.5630078409694261 0.0076852871712082054 0.0015775371436603555,0.26629807834723707 -0.014522381652485386 0.22121160396362735 0.13956721558425236 -0.14069048074994622 0.16831392292475264,5.496431733146605 51.121706133853507 36.281163654129912 3.0365291544046595 -0.5494922705358356 0.019487699603948087,-0.11455391716583563 -4.3067100646203471 -1.7719292139413021 -0.22647831757876702 0.050167611110364163 -0.048785300132267562
ur,tetrapga,8.683286142,0.18601906,0.232615174,0.015892324,28.62176,36.307765,3.57772,1,0,0,0.569434041,0.003571375,0.9,0,0,0,0 0 0.050000000000000003,0 0 0.050000000000000003,0 0 0.050000000000000003,wrist_3_link,-1,0,0 0 0,0 0 0,,-0.037066411081907141 -1.5313848149769955 0.0067869016289814456 -1.5638867778993779 0.0086367039343884702 0.00049214234190323727,0.006169698442158443 0.0057139034606560569 0.0080359881816867099 0.0037142460566307136 -0.0036592558641603424 0.0042539972334116119,0.0103792765907437 -1.4756706534603463 0.13668445754824723 -1.4835393971997468 -0.00050796088213224562 0.076880805919453274,0.14678055433584586 0.082034763468412195 -0.0012393352226858312 -0.088968686570930766 -0.13088160420313416 -0.056176533427189597,-0.032916883908556981 -1.5316389425319916 0.01024376471334178 -1.5618728529739143 0.0065525181178848957 0.0029141108632364703,0.29684056309186418 0.0055449259203417013 0.2669683656899195 0.14187349943896618 -0.14159613166541368 0.16707171494701431,-5.5614164940132795 49.045635097977922 23.438224929269943 1.7713166823484987 -0.342547502260999 0.0028428919011853904,0.064180731690242965 -5.2444669850501668 -2.060829556223414 -0.18040022846162174 0.044144840310924138 -0.01314571911200324
ur,tetrapga,8.719694326,0.185196443,0.231761182,0.013277551,28.54207,35.961067,3.56775875,1,0,0,0.572680004,0.01384729,0.9,0,0,0,0 0 0.050000000000000003,0 0 0.050000000000000003,0 0 0.050000000000000003,wrist_3_link,-1,0,0 0 0,0 0 0,,-0.036371225705754844 -1.5312989759295392 0.007500030908606143 -1.56345703344192 0.0083152173057550079 0.00097085702295695556,0.02124933776300052 0.0027055730876685913 0.022595425570407061 0.013018753604631998 -0.009572770531220921 0.014429404227010353,0.015703542802747029 -1.4727433663610365 0.13655073505409357 -1.4868489130147151 -0.0052993193865740248 0.074787776941518294,0.14567407823852743 0.078755684535796497 -0.0061076051170024914 -0.092818074533452241 -0.13229757940272568 -0.058792403688270663,-0.034052662011680196 -1.5313387382089318 0.0091697335512966448 -1.5625618759057438 0.0069628124770425258 0.0021667369719871377,0.28982046175933079 -0.0049702849240700932 0.20871283033631277 0.11189469202202534 -0.16905060358906027 0.14948499362877277,6.2545021804612322 51.421570994891276 35.900846649050415 2.9132645151883181 -0.52888409388257673 0.017530602505853993,-0.12039030580049825 -4.3815919128719543 -1.8226231958304808 -0.21889242983706936 0.058098633577129632 -0.044512555480802796
ur,tetrapga,8.755751382,0.184930975,0.234456528,0.01615664,28.642476,36.084417,3.5803095,1,0,0,0.570062744,0.002880638,0.9,0,0,0,0 0 0.050000000000000003,0 0 0.050000000000000003,0 0 0.050000000000000003,wrist_3_link,-1,0,0 0 0,0 0 0,,-0.035980347230527746 -1.5310993873530949 0.0079348229066439156 -1.5632577060517145 0.0081001328782460968 0.001205766459470105,0.0067388129074731047 0.0060476200092097858 0.0078065704209883237 0.0030189687863518551 -0.0043852253223542713 0.0037748913792154996,0.020934441115844703 -1.4699633847546643 0.13624351202261772 -1.4902631299292453 -0.010092797977946252 0.072621808325246451,0.14445041642290488 0.075430738688807147 -0.010933755075778673 -0.096546222138982327 -0.13356245366609479 -0.061341751562292372,-0.031478678811291003 -1.5312142222715195 0.0112015767927869 -1.5616485662782609 0.0056045918705345931 0.0033530653031087427,0.32174790004864962 0.015564492176547616 0.25398040518628195 0.11416370343537698 -0.16977757581349165 0.14829104139020063,-5.5143058247403207 49.059009435361666 23.411022639372014 1.7654208895156216 -0.3407591312656702 0.0028421701111383331,0.064176081072702118 -5.3316913333692355 -2.1193472469983732 -0.18192138590620743 0.047505181870786117 -0.011668138992922739
ur,tetrapga,8.79193023,0.184304575,0.232017576,0.013771847,28.615014,35.943874,3.57687675,1,0,0,0.572878041,0.014873479,0.9,0,0,0,0 0 0.050000000000000003,0 0 0.050000000000000003,0 0 0.050000000000000003,wrist_3_link,-1,0,0 0 0,0 0 0,,-0.035173327845055682 -1.5309779309683629 0.008661317082384299 -1.56287846295155 0.0076799346324795013 0.0016614279016731973,0.022788339466676917 0.0036586990875911753 0.0213612692994498 0.010664917534746167 -0.011602297153605562 0.012719133838402988,0.026136368247546976 -1.4672958653256443 0.13576033331783607 -1.4938224082248506 -0.014945797619682368 0.070356913280733013,0.14309582918934896 0.072019986334701122 -0.015776472542457495 -0.1001989424907921 -0.13469247403005502 -0.063856312107154811,-0.032679710388529362 -1.5309416205098045 0.010222536410390516 -1.5622112116442666 0.0061043954749154233 0.0027010677668142533,0.31170218206579015 0.0045388073197885192 0.19515241600077721 0.083406413410426289 -0.19694239469550984 0.12995498314263199,7.0240921847842372 51.287701268465 35.289905381913179 2.7720580728634849 -0.50505463470995138 0.015502569117662925,-0.11270573557544594 -4.5447094541123079 -1.9070595964736299 -0.21191912582617078 0.065822422764664879 -0.039239280989678882
ur,tetrapga,8.827972585,0.184369089,0.236324565,0.016415672,28.602202,35.961947,3.57527525,1,0,0,0.570295858,0.002461664,0.9,0,0,0,0 0 0.050000000000000003,0 0 0.050000000000000003,0 0 0.050000000000000003,wrist_3_link,-1,0,0 0 0,0 0 0,,-0.034794619801785651 -1.5307685972681828 0.0090379708076555113 -1.5627400458532441 0.0074474448956429991 0.0018436686936959695,0.0072720267995985627 0.0063763840191339216 0.0075529788651657976 0.0023052030590091032 -0.0050990407776627788 0.0032803928837215196,0.031267678363018608 -1.4647624050757169 0.1351048272170674 -1.4974980238020237 -0.019818616782710765 0.068010914161815289,0.14162124458224548 0.068550794922938751 -0.020596649907126244 -0.10374643467970343 -0.13567815627897281 -0.066316111394295607,-0.029920256844379302 -1.5307387719805556 0.012140373543663841 -1.5615261997973486 0.0045245470878958801 0.003731590475626512,0.34493169301875759 0.025356066156108518 0.23972964165916558 0.085626480864730625 -0.19748104837744285 0.1288153386015323,-5.4174222000564711 48.666442338976324 23.203919985806511 1.7460944459680918 -0.33630606714323996 0.0028247295888146552,0.063626992105753288 -5.4171716997361727 -2.1753779181810629 -0.18293210423507844 0.050735392429372084 -0.010142874547994118
ur,tetrapga,8.864043608,0.184080507,0.232027684,0.013798207,28.556032,35.921092,3.569504,1,0,0,0.573930709,0.01491538,0.9,0,0,0,0 0 0.050000000000000003,0 0 0.050000000000000003,0 0 0.050000000000000003,wrist_3_link,-1,0,0 0 0,0 0 0,,-0.033970660656027461 -1.5306260556184867 0.0096897101780742782 -1.5624563402666947 0.0069756393535338667 0.0022235288671836962,0.025178730284099202 0.0044173666387158509 0.020717829762031535 0.0086587304064423935 -0.01407792466536534 0.011468754357273257,0.036347623806641721 -1.4623533561242774 0.13427500688558613 -1.5013028722062562 -0.024728335944328259 0.065575132364773248,0.14002174281700067 0.065010617701258003 -0.025411863748983823 -0.10720167433131463 -0.13652328582481732 -0.068730610018376645,-0.031310963416047541 -1.5305152064485725 0.011137773368165477 -1.5620212986324342 0.0051798713340196244 0.0031034255557647254,0.33246215499748971 0.013856146239263682 0.18100789876139992 0.054380204282548458 -0.22447100243928031 0.10998708607262864,7.7484001574646246 50.777278175117146 34.430818849428462 2.6109715566166543 -0.4777899816746588 0.013348740201247719,-0.12924095592401841 -4.55340824873565 -1.9267142924600265 -0.20176645003175508 0.073803953043976023 -0.035379470318162021
ur,tetrapga,8.900069187,0.184337417,0.238095493,0.016581268,28.509926,35.810841,3.56374075,1,0,0,0.57123774,0.001124231,0.9,0,0,0,0 0 0.050000000000000003,0 0 0.050000000000000003,0 0 0.050000000000000003,wrist_3_link,-1,0,0 0 0,0 0 0,,-0.033504383588930244 -1.5303930962641488 0.010100623704941688 -1.5623322650788118 0.0066745599992884177 0.0024091148311950307,0.0081124815209982042 0.0067210499519156875 0.0075826146844732599 0.0017365439580044255 -0.0059714627993574139 0.002964459421763049,0.041361376419927161 -1.4600759802789254 0.13327309646992411 -1.5052255608873935 -0.029659735130371963 0.063056370379000221,0.13830206430638856 0.061409855209808122 -0.03020771483738989 -0.11055403638195227 -0.13722501105788579 -0.071092906169200804,-0.028376691852639611 -1.5302366241007088 0.012934446322359324 -1.5615689884604793 0.0033812787594829849 0.0039746269392307333,0.36678394542599108 0.03482279348295278 0.22458411927423078 0.056538771494361748 -0.22482407181707989 0.10890017293325101,-5.2834509876205225 47.913750356609143 22.831319061419784 1.714600570233924 -0.32950129030291858 0.0027877719325730167,0.057161185450354424 -5.4718183251125083 -2.2188599113601839 -0.18363395193046017 0.054187541302011866 -0.0091673595335901581
ur,tetrapga,8.93596482,0.184304227,0.232086839,0.01409121,28.696172,36.113252,3.5870215,1,0,0,0.574626475,0.016051616,0.9,0,0,0,0 0 0.050000000000000003,0 0 0.050000000000000003,0 0 0.050000000000000003,wrist_3_link,-1,0,0 0 0,0 0 0,,-0.032612626899357497 -1.5302204383985663 0.010726988874799184 -1.56212016463281 0.0061243162396488566 0.0027423610882132731,0.027190912506529458 0.0053324376323497782 0.019892053924135226 0.0064970951984977933 -0.016404677089029467 0.010044148620164735,0.046293265677067971 -1.4579369528504433 0.1321032647955141 -1.5092524064308812 -0.034595931492780278 0.060462957429929978,0.13646858484816815 0.057760538700115362 -0.034968581648510466 -0.11379290062661507 -0.13778166118195603 -0.073395893691823089,-0.029801357079198999 -1.5300351313265448 0.012054601173398636 -1.5619221041221634 0.0041142000877575982 0.0034577034380820619,0.35140872751981245 0.023163384002682166 0.16595153732493151 0.024757563830833995 -0.25126451898640739 0.089417793733598622,8.4693085595393001 49.813671956783494 33.32253248617522 2.4308822409353619 -0.44708654602856573 0.011119700340176888,-0.13318498462621164 -4.6500992391520413 -1.9819732566134363 -0.19323095715481031 0.081848098197102814 -0.030984922142426541
ur,tetrapga,8.972180779,0.184867879,0.24010572,0.017031441,33.972802,41.613354,4.24660025,1,0,0,0.564217558,0.00016717,0.9,0,0,0,0 0 0.050000000000000003,0 0 0.050000000000000003,0 0 0.050000000000000003,wrist_3_link,-1,0,0 0 0,0 0 0,,-0.032131454329787083 -1.5299678754646506 0.011110023383915405 -1.5620440961645303 0.005791147722936923 0.0028910994767737011,0.0080506489002637391 0.0070548038862171224 0.0068542071330044965 0.00075548369151358559 -0.0063951470014532441 0.0021559778912849888,0.051200300355565199 -1.4559126661980781 0.13075019603847879 -1.5134311049897804 -0.039593809479871962 0.057763580693509765,0.13449891184578444 0.054019604471267801 -0.039749529423980245 -0.11695466108373315 -0.13819815065081348 -0.075666145234678933,-0.027985608442346682 -1.5297161576616976 0.013037475654063584 -1.5618374605863519 0.0028875156456219754 0.0038443872800651598,0.37259965776829485 0.03566821673751229 0.18189542192582053 0.018204944624359599 -0.25814478246566069 0.083748227829659835,2.3259784490396997 47.982006250743382 27.896756747070199 2.0369085288214643 -0.38063384131175315 0.0067790167939082938,0.066698868179543069 -5.6203755250653558 -2.2950416937347811 -0.18416034900201339 0.056752072034164769 -0.006675257730856643
ur,tetrapga,9.013893195,0.18516642,0.233307852,0.015122132,28.524054,35.881701,3.56550675,1,0,0,0.574084575,0.006052107,0.9,0,0,0,0 0 0.050000000000000003,0 0 0.050000000000000003,0 0 0.050000000000000003,wrist_3_link,-1,0,0 0 0,0 0 0,,-0.031035755152703841 -1.5297316704208184 0.011793359952590237 -1.5618933808319337 0.005069969816071193 0.0032103527202055416,0.026780314155816904 0.0061873813762425506 0.017571472215026206 0.0037871354209609632 -0.017318977679419895 0.0077601039030845637,0.056760737686773755 -1.4537504353347845 0.12897786922573562 -1.5183831892952826 -0.045365281896861565 0.054554002008939118,0.13208332587161212 0.049641677596387872 -0.045222301095515886 -0.12045998067454226 -0.13849619176803127 -0.078212174795041445,-0.028076824467300632 -1.529468835973385 0.012980230592723151 -1.5619564741231959 0.0028339446788189075 0.0037430826909883776,0.36986633567540106 0.032854305929163725 0.14835883001661418 -0.0078866614077706815 -0.27950314215653571 0.06659124634785453,9.3392351468914327 48.3497878240264 31.96406925992104 2.2238048946149798 -0.41151901399869006 0.0087004698845398257,-0.096093262540094315 -4.9903036462183081 -2.1294554712951168 -0.18843517993354908 0.087027868508164907 -0.023946656295063207
ur,tetrapga,9.049870812,0.186186138,0.24241002,0.017240047,34.022079,41.522644,4.252759875,1,0,0,0.564360262,0.001148534,0.9,0,0,0,0 0 0.050000000000000003,0 0 0.050000000000000003,0 0 0.050000000000000003,wrist_3_link,-1,0,0 0 0,0 0 0,,-0.030653090049840282 -1.5294757537832577 0.012076601566248762 -1.5618803410066309 0.0047744929591020113 0.0032913769887577679,0.0083714218776317611 0.0070874685279518042 0.006480910509049434 0.00010968425275554879 -0.0068962390534583525 0.0016889169776420107,0.061473406221033214 -1.4520332267957263 0.12726647628246687 -1.5227696067368992 -0.050350283079859552 0.051701539093820588,0.12987543913938171 0.045809838349265455 -0.049908567791627806 -0.12336254719470531 -0.13859634633843071 -0.080346966142698192,-0.0262337876908742 -1.5291114777079948 0.013837685348589751 -1.5620347893638393 0.0015151638194267781 0.0040046127171046624,0.39139619596203257 0.045102146290820301 0.16365865863797427 -0.014547724865733119 -0.28613187494171016 0.060922859653948697,2.8633438033715244 46.340455455561127 26.737056323751151 1.8924629851879309 -0.35474727687854524 0.0054198581472810039,0.062927223539219312 -5.6892154579745693 -2.3384323701256662 -0.1840083127908656 0.058967417272249634 -0.00523363702314672
ur,tetrapga,9.091491187,0.187202455,0.238240653,0.015906663,34.110045,41.431382,4.263755625,1,0,0,0.562602449,0.003706635,0.9,0,0,0,0 0 0.050000000000000003,0 0 0.050000000000000003,0 0 0.050000000000000003,wrist_3_link,-1,0,0 0 0,0 0 0,,-0.02985200905734775 -1.5291978163254583 0.012540534586085627 -1.5618550210551139 0.0041909446542598055 0.0034591578532918643,0.018739538455354317 0.0065874096645534693 0.011311904603985864 0.00068262205009970024 -0.013413967724594598 0.0039114832612274445,0.066823299821078208 -1.4502198841468992 0.12507721146441658 -1.5279714278302108 -0.056118017662196068 0.048307320911695893,0.12718004350465692 0.041317099712563803 -0.055284382951923935 -0.12657650667314774 -0.13853026625513848 -0.082743433787863627,-0.024851557277206261 -1.5287196940924974 0.014475753550893596 -1.5621615796002115 0.00047924246355098054 0.0041471156971138699,0.39891763711308925 0.054369115528645699 0.1608304479444882 -0.027084298841849604 -0.29672647166153893 0.05190380148945082,2.5711053623859685 44.621345084208919 25.147144939587484 1.7446172179637949 -0.33142058051309259 0.0043020925817221865,-0.041602212940475169 -5.2491987881885507 -2.2004733951711586 -0.17598494865160319 0.076435820275100319 -0.012076392527902158
ur,tetrapga,9.133026309,0.188653924,0.243101623,0.01692012,34.048158,41.669181,4.25601975,1,0,0,0.563641685,0.007266934,0.9,0,0,0,0 0 0.050000000000000003,0 0 0.050000000000000003,0 0 0.050000000000000003,wrist_3_link,-1,0,0 0 0,0 0 0,,-0.029268458755042519 -1.528907424018775 0.012888343648997626 -1.5618721660172685 0.0037360746610683028 0.0035535115441169018,0.01185462048452089 0.0068551948221051628 0.0075681804701372112 -0.00032773239021758113 -0.0093492139497391141 0.0019249039929126956,0.072047305913733137 -1.4485979178452211 0.12267049500309103 -1.5332926774225122 -0.061867144528481341 0.044822288734388135,0.12434198183199191 0.036774445274261637 -0.060594154713687079 -0.12962570088929445 -0.13826930791739972 -0.085054242259670718,-0.023811959699577733 -1.5283236613763207 0.0149062029432417 -1.5623552646408023 -0.00036719708529242556 0.0041798284598228369,0.40600603956833237 0.06123720991442471 0.15301929291201122 -0.042298979007800802 -0.30935695595025836 0.041189354900931369,3.0263690243614638 43.129748805553753 24.321881934883436 1.6521249187339349 -0.31464674613564136 0.0036185461544086901,0.023402259484470278 -5.5836395783117041 -2.3161108822544563 -0.17943197243766917 0.065969676392239052 -0.0059557904755376256
ur,tetrapga,9.174789939,0.189930013,0.239142782,0.016409839,34.120253,41.520104,4.265031625,1,0,0,0.564676038,0.01196036,0.9,0,0,0,0 0 0.050000000000000003,0 0 0.050000000000000003,0 0 0.050000000000000003,wrist_3_link,-1,0,0 0 0,0 0 0,,-0.028306024964051029 -1.5286179649934868 0.013372869954439544 -1.561909898566411 0.0030179948540648674 0.0036983694416902204,0.020791128844641581 0.007199096036910802 0.01122764960872711 -0.00074916180176658382 -0.015444162292688742 0.0031095109787916413,0.077178141683058851 -1.4471584170985998 0.12002944487813351 -1.5387675001628236 -0.067632873723320483 0.041223050680581283,0.12134219431884968 0.032152547986751212 -0.065870979678250341 -0.13252794370716237 -0.13781028121123579 -0.087293838624040915,-0.022746352166410851 -1.5279349093962789 0.015293541917826378 -1.5626031880311237 -0.001255123277096652 0.0041746384144785743,0.41408002067544125 0.066987973578100768 0.14425068362321958 -0.058825803439644081 -0.32256527018535913 0.029442432965255665,3.1515111739481618 41.688044445859632 23.305714869143038 1.5475311846408462 -0.29598243284803594 0.0027579137530667703,-0.038316982611746653 -5.4152467943004012 -2.2845495991304148 -0.17334855748231348 0.083812628077921225 -0.0096050986323135135
ur,tetrapga,9.216413291,0.191215526,0.238929502,0.016597785,33.998034,41.324907,4.24975425,1,0,0,0.565298399,0.015281523,0.9,0,0,0,0 0 0.050000000000000003,0 0 0.050000000000000003,0 0 0.050000000000000003,wrist_3_link,-1,0,0 0 0,0 0 0,,-0.027195268710302995 -1.5282968216698636 0.013914858302912671 -1.5619761596506658 0.0021898038179582291 0.0038444891790112806,0.023523151517209444 0.0080563517016460223 0.012320109991294695 -0.0013560688543326281 -0.017555855782144972 0.0030727937734789062,0.08216411180173451 -1.4459168422540751 0.11717940293795462 -1.5443410555243644 -0.073356075628899689 0.037544627129192279,0.11820999703262751 0.027497393744701528 -0.071061420247421847 -0.13525290109283361 -0.13715667307559337 -0.089439678370884332,-0.021599887414077507 -1.5275369022601963 0.015678636775691514 -1.562898012861726 -0.0022186255928508922 0.0041465031084586433,0.42136537803492718 0.072370409109358921 0.13430458316524846 -0.07604237760389948 -0.33574573291021015 0.017117413964214526,3.379935864568421 40.14572117291624 22.305394880513454 1.4436828071149548 -0.27738688832418318 0.0019450867458192063,-0.047054818877640514 -5.4772691541675158 -2.3282287653337832 -0.17251722078981402 0.090780588616542923 -0.0094927312545891596
ur,tetrapga,9.257834141,0.192681494,0.240047118,0.017094078,34.120184,41.637931,4.265023,1,0,0,0.565861888,0.016734087,0.9,0,0,0,0 0 0.050000000000000003,0 0 0.050000000000000003,0 0 0.050000000000000003,wrist_3_link,-1,0,0 0 0,0 0 0,,-0.026102029975779522 -1.5279385623378847 0.014433014753147724 -1.56208290236896 0.0013520981532225969 0.0039549475244884521,0.022950236392498245 0.0087915097769120463 0.011643745056629786 -0.0022254191568304633 -0.017649641118551496 0.0022834197571366959,0.086993531281140193 -1.4448745696872325 0.11413028140335357 -1.5499965776509963 -0.079020399467493396 0.033797247570643028,0.11495523125010672 0.022821890826083852 -0.076152060145322775 -0.13779462416279395 -0.13631219571553671 -0.091487223021376587,-0.020427711843062624 -1.527118950825084 0.016044194843903983 -1.5632390275945531 -0.0032230070568831895 0.0040867749943739257,0.42790585648323631 0.077347684244548728 0.12354613493554553 -0.093571247401271831 -0.34871791713363026 0.004506209737547227,3.687861195398046 38.514752317678735 21.323609678355268 1.3414124619931771 -0.25886754869675438 0.0011766010746685044,-0.030160313604454814 -5.6410458946993458 -2.3996661742972378 -0.17253069224443607 0.092095415130064584 -0.0070607245744263025
ur,tetrapga,9.299572013,0.194306267,0.241078482,0.017658301,34.066028,41.733248,4.2582535,1,0,0,0.566742655,0.01797152,0.9,0,0,0,0 0 0.050000000000000003,0 0 0.050000000000000003,0 0 0.050000000000000003,wrist_3_link,-1,0,0 0 0,0 0 0,,-0.024975071037907946 -1.5275386104152093 0.014938086387688839 -1.5622412570907243 0.00046298978580997332 0.0040306925375358897,0.022295080371499146 0.0090759636819969947 0.010683484390952569 -0.0031203345002804831 -0.017643160009858137 0.0014616640168994745,0.091720713996034306 -1.4440210209341138 0.11084621566774235 -1.5557982415186484 -0.084688628479025765 0.029937285445149044,0.1115400770768033 0.018072663196822002 -0.081199963047847531 -0.14018052452124977 -0.13526603563759643 -0.093459461774911837,-0.019230250979140457 -1.5266740574767725 0.016388959612255033 -1.5636305447180185 -0.004271359239710653 0.0039921739925062004,0.43389255766810342 0.081840392921773683 0.1122273745573277 -0.11130029692250204 -0.36141882552175564 -0.0083199716810884311,4.0004504571822572 36.812818744561341 20.310327179791688 1.2369285049361896 -0.2399076430251188 0.00040144236757456769,-0.010291373663150694 -5.8272394595805963 -2.4789198184135728 -0.17294660033712717 0.093216040068983652 -0.0045295062350199089
ur,tetrapga,9.341406665,0.196164976,0.241439763,0.01790218,34.120926,41.555268,4.26511575,1,0,0,0.568092251,0.01846739,0.9,0,0,0,0 0 0.050000000000000003,0 0 0.050000000000000003,0 0 0.050000000000000003,wrist_3_link,-1,0,0 0 0,0 0 0,,-0.023872863670861003 -1.5271435052965012 0.015392675299097425 -1.5624415486281784 -0.00042744074582372896 0.0040691324508223426,0.022734233507881969 0.0092791529980818278 0.01009008317439293 -0.0040752944704141618 -0.018387101834744353 0.00078569476302261252,0.096313033162283956 -1.4433651080638754 0.10734494528609508 -1.5617095341797935 -0.0903220885602075 0.025987724312673457,0.10798428544914943 0.01327974544013164 -0.086170832909695461 -0.1423918244834535 -0.1340216598908355 -0.09534237413216709,-0.01803609740710067 -1.526220840443703 0.01669552097260199 -1.5640690536605297 -0.0053400829787363241 0.0038603985062681595,0.43943248973750759 0.085992617866762239 0.10058793961572056 -0.12912587342892523 -0.37383537324614174 -0.021281839424513942,4.2892868035790874 35.028280615639588 19.241856374802328 1.1288437391564079 -0.2203045072274373 -0.00038857113065709982,-0.0084812327049661462 -5.9077193045804961 -2.5153274609930918 -0.16952845707510278 0.095920816133245879 -0.0024446605039116776
ur,tetrapga,9.383068408,0.198185777,0.24158879,0.017937212,33.985364,41.362327,4.2481705,1,0,0,0.56984939,0.018534172,0.9,0,0,0,0 0 0.050000000000000003,0 0 0.050000000000000003,0 0 0.050000000000000003,wrist_3_link,-1,0,0 0 0,0 0 0,,-0.022763760907409118 -1.5267427469721335 0.015815477644200649 -1.5626835991408443 -0.0013417843999666448 0.0040759981013663328,0.02338279727132192 0.0094810010803489646 0.0095384347021736822 -0.0050818840686255454 -0.019300929120036097 0.00010952578961153626,0.10073584981745078 -1.4429117564612211 0.10365343083361943 -1.5676845337600203 -0.09587648439702709 0.021978190535160154,0.10431501449677796 0.0084796850460159365 -0.091026545203906642 -0.14441141936533558 -0.13258874171050672 -0.097121919865303885,-0.01684464544789626 -1.5257626723153463 0.016965198383008084 -1.5645517407883012 -0.0064279118677388544 0.0036937993106088015,0.44441046366982911 0.089890174071505166 0.088712384325845939 -0.14692679845174894 -0.38587227229842125 -0.034299874151055551,4.570326511801392 33.149212626109872 18.124278436962715 1.0176997563838868 -0.20012715576125456 -0.0011815794256200413,-0.01680356327729271 -5.9192799690872562 -2.521742198187539 -0.16340899270562659 0.098653795086097951 -0.00035680631606282986
ur,tetrapga,9.424535106,0.20032584,0.241725258,0.018026192,34.122536,41.670815,4.265317,1,0,0,0.5719835,0.018570469,0.9,0,0,0,0 0 0.050000000000000003,0 0 0.050000000000000003,0 0 0.050000000000000003,wrist_3_link,-1,0,0 0 0,0 0 0,,-0.021625583022007091 -1.5263274250817882 0.016213617527704387 -1.5629744105410637 -0.0022997287007092237 0.0040498692446663612,0.023987881610620428 0.0098467861084415836 0.0090457043561531589 -0.0061049586269149286 -0.020218934501062207 -0.00058571236963171028,0.10498359487876284 -1.4426595629517589 0.099780373101337722 -1.5737113000681522 -0.10134163489431458 0.017915811138781577,0.1005398694762364 0.003680919155869716 -0.095759626315958968 -0.14623757194717993 -0.13097196756394403 -0.098796376880331535,-0.015645288069521389 -1.5252959234953898 0.017202908428492557 -1.5650799795643282 -0.0075433535206385167 0.0034932680685267146,0.44872827067878562 0.093640650397185804 0.076687559142040063 -0.16461298745570568 -0.3974416545518098 -0.047320776138858336,4.851237379533119 31.15299850020709 16.951322044918552 0.90302517768455026 -0.17925887719514516 -0.0019753374223163969,-0.022643492765467954 -5.9486433813890471 -2.5351218563258584 -0.15760409766608063 0.10148067179946452 0.0017893035651379563
ur,tetrapga,9.466304054,0.202563218,0.242326571,0.018354696,34.026669,41.553827,4.253333625,1,0,0,0.57466256,0.019328935,0.9,0,0,0,0 0 0.050000000000000003,0 0 0.050000000000000003,0 0 0.050000000000000003,wrist_3_link,-1,0,0 0 0,0 0 0,,-0.020421208746791653 -1.525875032319487 0.016601886034924865 -1.5633272270627159 -0.0033351626976677912 0.0039868344928844094,0.023871034449513908 0.01008911088835847 0.00835333719422705 -0.0069688588457938539 -0.020559309490051431 -0.0012836654471934251,0.10910152882556594 -1.4426070488747458 0.095682873356187886 -1.5798546334411403 -0.10677486734112487 0.013755693302900098,0.096617220074483506 -0.0011685829065644154 -0.1004203712127868 -0.14788859757300341 -0.12915284438201952 -0.1003834906972529,-0.014414827175112773 -1.5248078733638093 0.017417767904498786 -1.5656613858582147 -0.0087074475044194161 0.0032569731512446728,0.45230265413046811 0.09720056795360793 0.064421334098759331 -0.1822228180865916 -0.40852367440828291 -0.060384766182611155,5.1469515014489176 29.034958685407013 15.723925045633688 0.78424580777559205 -0.15759881362883751 -0.0027786235176266165,-0.015614729085456247 -6.0570497487688044 -2.5800345003384706 -0.15515647972733859 0.10301791349907141 0.0039412007658086168
ur,tetrapga,9.507951783,0.204992867,0.242601124,0.018579771,34.036958,41.563963,4.25461975,1,0,0,0.577947585,0.019323194,0.9,0,0,0,0 0 0.050000000000000003,0 0 0.050000000000000003,0 0 0.050000000000000003,wrist_3_link,-1,0,0 0 0,0 0 0,,-0.019252850992807043 -1.5254276878308246 0.016942930848502801 -1.5637148069215114 -0.0043614240906773918 0.0038904028003286782,0.024098984190674497 0.010359899396720725 0.007723974672236302 -0.0079320285673489706 -0.021185538645921785 -0.0019961104200987749,0.11304195385056996 -1.4427565956055337 0.091405766137658467 -1.5860448286883495 -0.11211274261686954 0.0095437508360520611,0.092590297271959499 -0.006014140632877525 -0.10495488044481063 -0.14934389928808889 -0.12715046914684386 -0.10186466358240896,-0.013191678125727097 -1.5243132003086051 0.017596464785130876 -1.5662857486090402 -0.0098876343401596081 0.0029861476534771619,0.45527011977910126 0.10057253608897972 0.052014426078760202 -0.1997065273971147 -0.41914981782640071 -0.073442540288689157,5.4380937207446554 26.809343230650221 14.4451223335221 0.66233502635290009 -0.13531990595067034 -0.0035812905550851228,-0.014117080827631412 -6.1313244451466744 -2.6099782801148237 -0.15084007252607989 0.10517482595261285 0.0061388982075545329
ur,tetrapga,9.549609594,0.20757772,0.242660723,0.018668639,34.175121,41.463312,4.271890125,1,0,0,0.582025626,0.019238897,0.9,0,0,0,0 0 0.050000000000000003,0 0 0.050000000000000003,0 0 0.050000000000000003,wrist_3_link,-1,0,0 0 0,0 0 0,,-0.018090910337505539 -1.5249745613606731 0.017250045084321618 -1.5641415427083196 -0.0054019352785890269 0.003762364104690788,0.024484186677620243 0.010563115766759106 0.0070591163778599706 -0.0089647923547385867 -0.021945813045734591 -0.0027321702741476502,0.11681322901880466 -1.4431081712624434 0.086941149172804641 -1.5922931402102523 -0.11736459998528444 0.0052712178151946218,0.088451231742098443 -0.010865356351415056 -0.10937207441659452 -0.15060643365618193 -0.12496143329948672 -0.10324321057930524,-0.011980185080517645 -1.5238140990612719 0.017738968806065188 -1.5669500476546485 -0.011079308500100044 0.002682359797989154,0.45763864388733411 0.10372272167090973 0.039464233917367655 -0.21705024949606272 -0.4293154613407158 -0.086487010136852588,5.7251592744900268 24.486096577647821 13.119174256701676 0.5375206139238804 -0.11247794211948016 -0.0043846052532418118,-0.019212930385563709 -6.1606509638959324 -2.6197831195711387 -0.14447764083251968 0.10740983989736641 0.0084110054165495995
ur,tetrapga,9.591162663,0.210257292,0.24265165,0.018786451,34.191479,41.585898,4.273934875,1,0,0,0.586785198,0.019231349,0.9,0,0,0,0 0 0.050000000000000003,0 0 0.050000000000000003,0 0 0.050000000000000003,wrist_3_link,-1,0,0 0 0,0 0 0,,-0.016906737018509279 -1.5245083065779335 0.017528307229798264 -1.5646187226532113 -0.0064825142416918349 0.003599098476281004,0.024955899493627847 0.010869848464892152 0.0064650661879155609 -0.010024794713352108 -0.022793390450149147 -0.0034736782182281365,0.12040102106098786 -1.4436601881110143 0.08230699218547019 -1.5985740989450352 -0.12250858935075939 0.00095437895670938465,0.084216265494379897 -0.015703231847295392 -0.11365452088410088 -0.15167123637871466 -0.122594794995252 -0.10451403379925824,-0.010768649891205333 -1.5233075521195361 0.017848261188183286 -1.5676579156172936 -0.012292552134830353 0.0023448634801279331,0.45935139478851617 0.10670633750832509 0.026827896281444791 -0.23419130792047674 -0.43895509549180189 -0.09948320712589323,6.0087362651898211 22.054154489066359 11.74156584982871 0.40957688825289468 -0.08901747582533151 -0.0051865009884736754,-0.02335706715210506 -6.1995289551423411 -2.6332622914099986 -0.13810184096473677 0.10993998726678811 0.010699588203634924
ur,tetrapga,9.632857857,0.212983412,0.243162008,0.019095498,34.153021,41.880483,4.269127625,1,0,0,0.592244576,0.019797431,0.9,0,0,0,0 0 0.050000000000000003,0 0 0.050000000000000003,0 0 0.050000000000000003,wrist_3_link,-1,0,0 0 0,0 0 0,,-0.015660209076690725 -1.5240061697161154 0.017788511957250442 -1.5651655411006096 -0.0076418287193618989 0.0033925626478438602,0.024708664869459804 0.011014655853156292 0.0057564976875568398 -0.01080824231875744 -0.023006749963382235 -0.0041264386252536107,0.12382206186573726 -1.4444160324366675 0.077480803179247298 -1.6049169130359804 -0.12756754445164906 -0.003428096155730339,0.079864679144224932 -0.02055087048992325 -0.11782195283110493 -0.15254246393470122 -0.12003889711672776 -0.10568299038135229,-0.0095320280783185458 -1.5227811247440119 0.017930727035916597 -1.5684206591479293 -0.01355125425574526 0.0019692295889448441,0.46030017570368531 0.10946702172674644 0.014042557899966415 -0.25111634862223436 -0.44800797858114183 -0.11243543438013154,6.3040620763043513 19.513842537665713 10.316056674237961 0.27814820023380932 -0.064880508577703416 -0.0059950220333603605,-0.016837981451629958 -6.3015141947298616 -2.6718758992317788 -0.1353096061566248 0.11090224095423551 0.012712301580291907
ur,tetrapga,9.674844288,0.21592172,0.243341962,0.019297101,34.121526,41.527186,4.26519075,1,0,0,0.598840916,0.019998595,0.9,0,0,0,0 0 0.050000000000000003,0 0 0.050000000000000003,0 0 0.050000000000000003,wrist_3_link,-1,0,0 0 0,0 0 0,,-0.01445810832233437 -1.5235138989118717 0.018004528166111512 -1.5657379730981653 -0.0087819558447158955 0.0031584999706351759,0.024800911470581232 0.011228492106005244 0.0050858122768493537 -0.011740992394545447 -0.023530274970545221 -0.0048343938778250568,0.12708157017777238 -1.4453811585539458 0.07244816172245569 -1.6113365275912628 -0.13255035810519525 -0.0078881565626184435,0.075384073539055421 -0.025419786054079147 -0.12188177327011351 -0.15321846434422168 -0.11728470709375791 -0.10675113216741572,-0.0083098769106534597 -1.5222510919078636 0.017976691653018746 -1.5692225108855724 -0.014819323169236492 0.0015607823393120565,0.46064891120912482 0.11205249000977788 0.0011330065005862476 -0.26789934531562809 -0.4565897648757391 -0.12538530505974421,6.595344498899145 16.863253936715488 8.8371796083152354 0.14332574752963068 -0.040079094457582995 -0.0068056224434018195,-0.015937787527015246 -6.3680433284516766 -2.6948199595714826 -0.13030006544522621 0.11255235537973363 0.014896432900028067
ur,tetrapga,9.71647446,0.218944859,0.243284363,0.019376381,34.078329,41.526601,4.259791125,1,0,0,0.606226585,0.01960929,0.9,0,0,0,0 0 0.050000000000000003,0 0 0.050000000000000003,0 0 0.050000000000000003,wrist_3_link,-1,0,0 0 0,0 0 0,,-0.013269572782001013 -1.5230184899136425 0.018186725578277829 -1.5663454537597357 -0.0099296726042421794 0.0028949201975135425,0.025041731292543768 0.011399704985013805 0.0043713087387122034 -0.0127645371258933 -0.024194263552652535 -0.005584912904144681,0.13012572820025609 -1.4465395707188151 0.067292848198501065 -1.6177255052047419 -0.13737304393525432 -0.012352373732944429,0.070848596231419425 -0.030229264985444076 -0.12576642080316294 -0.1536878610893371 -0.11437827720131842 -0.1077008920472743,-0.0071066345632610512 -1.5217195591432469 0.017987044249179466 -1.5700592753870874 -0.016091495536552626 0.0011219377707830311,0.46038628538327303 0.11440397093828346 -0.011833045808602817 -0.28441163305417261 -0.46462470622666163 -0.13823918720372103,6.8807657776430986 14.128575178970541 7.3217863041936564 0.0068012385615979776 -0.014918383720300035 -0.0076049698478453743,-0.020922208737843562 -6.3942058536649711 -2.699519735954226 -0.12326229314476222 0.11433186631529324 0.017213264498014524
ur,tetrapga,9.758113823,0.222040082,0.243167216,0.019489906,34.149691,41.460508,4.268711375,1,0,0,0.614624761,0.019490743,0.9,0,0,0,0 0 0.050000000000000003,0 0 0.050000000000000003,0 0 0.050000000000000003,wrist_3_link,-1,0,0 0 0,0 0 0,,-0.012065414349123824 -1.5225111706097336 0.018337380792796301 -1.5670036043126232 -0.011113319547431026 0.0025948968499246131,0.02537444176242263 0.011675963504331609 0.0037163946240710891 -0.013830284406239157 -0.024955183136915391 -0.006352629889822557,0.13297984170657914 -1.4478980510642574 0.061977631059269643 -1.6241312550660467 -0.14207217612686809 -0.016854839809219264,0.06622448922429941 -0.035016138507926196 -0.12950666952396855 -0.15395612322525604 -0.11129967243477323 -0.10854073994501233,-0.0059102574600762986 -1.5211827327388423 0.01796363936934961 -1.5709364947357289 -0.017379024738907397 0.00065047934959201032,0.45947087451451729 0.11657901720601208 -0.024821643954784409 -0.30063186073421627 -0.47207714961444641 -0.15099224509522649,7.1615195932440674 11.295038120016615 5.7604758924547994 -0.13233260765483629 0.0107661173931968 -0.0083998890598744064,-0.024687829260805927 -6.4316691303911284 -2.7085312956380605 -0.1161649293235314 0.11644621608666483 0.019582748836495689
ur,tetrapga,9.799676394,0.225117386,0.243598605,0.019784503,34.027576,41.387504,4.253447,1,0,0,0.623804029,0.019773475,0.9,0,0,0,0 0 0.050000000000000003,0 0 0.050000000000000003,0 0 0.050000000000000003,wrist_3_link,-1,0,0 0 0,0 0 0,,-0.010805132080073495 -1.5219682678893975 0.018462499453041951 -1.5677377735315041 -0.012374798710112303 0.0022456335803162819,0.024979832738496088 0.011756038206454406 0.0030154308376648658 -0.014515648466987514 -0.025022669222562809 -0.0069535502760824427,0.13563494750325408 -1.4494522101935583 0.056520002760968371 -1.6305321412125158 -0.14663130992490481 -0.021381573084478963,0.061526472513426467 -0.039765021052345521 -0.13309026240648322 -0.15402228549704275 -0.10805926684893691 -0.10926809362530972,-0.0046953789487379025 -1.5206274726373108 0.017910234248279852 -1.5718690253481074 -0.01870772624242089 0.00013923242901071583,0.45778947766712413 0.11850345960113504 -0.03785439536449077 -0.3164864018113509 -0.47885181473888017 -0.16360300449292878,7.4516244494880848 8.3718389583806534 4.1615148246795339 -0.27401586716502851 0.036955331237371776 -0.009196327363569361,-0.018223177430073179 -6.5288859235697601 -2.7415812316327006 -0.11319886914498056 0.11679027689983457 0.021435652604539168
ur,tetrapga,9.841162753,0.22833767,0.243671458,0.01997628,34.171865,41.762734,4.271483125,1,0,0,0.634143863,0.019356908,0.9,0,0,0,0 0 0.050000000000000003,0 0 0.050000000000000003,0 0 0.050000000000000003,wrist_3_link,-1,0,0 0 0,0 0 0,,-0.0095970218264467538 -1.5214390885822946 0.018547633493471695 -1.5684877083563618 -0.013607084324914788 0.001875149013308418,0.024929096638214097 0.011917524373233023 0.002317523710417838 -0.015399249486117969 -0.025427010454604493 -0.0076476445642457338,0.1380888417085514 -1.4511996543899564 0.050927026458159538 -1.6369198518287402 -0.15104437650842112 -0.025927841593236745,0.056759955107761287 -0.044470636537611144 -0.13651338340759644 -0.15388681564362039 -0.10466174874539519 -0.10988257430431009,-0.0035021558369192308 -1.5200715222213126 0.017821867512940168 -1.5728344618896657 -0.02003776930281511 -0.00040147636733567902,0.45550556883413718 0.12021979856126061 -0.050883294741950899 -0.33201187967890339 -0.48504550239340882 -0.17608338606190577,7.7344268796317239 5.3660322296545662 2.5263627963684678 -0.41738936731679621 0.063504299759088875 -0.0099819559769743493,-0.017120815957280655 -6.5921725418984352 -2.7595084395763365 -0.10777225609399466 0.11791803258689981 0.023577087809937503
ur,tetrapga,9.883030151,0.231701164,0.243531296,0.020052521,34.061974,41.407113,4.25774675,1,0,0,0.646117365,0.019249926,0.9,0,0,0,0 0 0.050000000000000003,0 0 0.050000000000000003,0 0 0.050000000000000003,wrist_3_link,-1,0,0 0 0,0 0 0,,-0.008409172763207521 -1.5209095251040805 0.018599770428029454 -1.5692677447219183 -0.014840026546358522 0.0014777871278162302,0.025024043344793526 0.012047137559496107 0.0015646109782181488 -0.016392083240956656 -0.025979211555884171 -0.0083999910677063066,0.1403632557451058 -1.4531602377826327 0.045142038465699141 -1.643356266563438 -0.15535170117301947 -0.03053933722615669,0.051876725002257817 -0.049178917710748553 -0.13980747870054097 -0.15354559496575826 -0.1010719615069092 -0.11038881862338337,-0.0023346029300156008 -1.5195167649780972 0.017699038386987415 -1.5738294111242892 -0.021364538686880943 -0.00096983694529531161,0.45263267125597179 0.121719835574924 -0.063972572937174316 -0.34728847731212475 -0.49070509528676587 -0.18849904069194839,8.011991064997515 2.2709937008703895 0.84889354064092748 -0.56325604900383208 0.090541873561083508 -0.010765945789891759,-0.021537893875528624 -6.6173318738883609 -2.7601088838490924 -0.10028113960197516 0.11921487342895887 0.025899535463450363
ur,tetrapga,9.924537619,0.235056208,0.24333244,0.020158348,34.110303,41.674315,4.263787875,1,0,0,0.659029406,0.018863748,0.9,0,0,0,0 0 0.050000000000000003,0 0 0.050000000000000003,0 0 0.050000000000000003,wrist_3_link,-1,0,0 0 0,0 0 0,,-0.0072125098974705482 -1.5203697723135621 0.018618189447108271 -1.5700975824503407 -0.016103910065154017 0.0010434038336825432,0.025213492253942999 0.01228119625737161 0.00085915880056948088 -0.017440555358408057 -0.02663542280190586 -0.0091804313893737999,0.14241488235878128 -1.4552976232655095 0.039274029515374766 -1.6497190218367732 -0.15947038304656538 -0.035129746613820644,0.04696835626910708 -0.053801047002302239 -0.1429097702995053 -0.15300436751595861 -0.097357590320314866 -0.1107769980720421,-0.0011805499933332355 -1.5189590587168142 0.017542542588903774 -1.5748608005920195 -0.022700037360863817 -0.0015691428081186661,0.44912580255122997 0.12302624112692212 -0.077008916018008494 -0.36216297558806981 -0.49572662310579163 -0.20074078153903524,8.2832864082799187 -0.90465995021913614 -0.86163284099901305 -0.71038892784864804 0.11786996242163554 -0.011533586116300742,-0.024908576582223674 -6.6522548379944055 -2.7642536646525002 -0.092589911746472353 0.12085718837059289 0.028308294068304096
ur,tetrapga,9.966314937,0.238401392,0.243721151,0.020429214,34.044429,41.740769,4.255553625,1,0,0,0.673260217,0.019307063,0.9,0,0,0,0 0 0.050000000000000003,0 0 0.050000000000000003,0 0 0.050000000000000003,wrist_3_link,-1,0,0 0 0,0 0 0,,-0.0059672241852808698 -1.519795638935451 0.018604257050184314 -1.5710078871987994 -0.017442738250948196 0.00055490388399503942,0.024680321718409025 0.012290952826856948 0.00018636463724835611 -0.018000661521351484 -0.026545889253466386 -0.00971053054263896,0.1442728077485762 -1.4576415801744669 0.03324134393699054 -1.6560962070192287 -0.16345698122908084 -0.039763874213305787,0.041965911698860825 -0.058401848311500755 -0.14586365955182579 -0.15225569830277341 -0.093467307755139312 -0.11105269797118333,-1.4889141755197559e-05 -1.51838469890642 0.017352985527009798 -1.5759474084048626 -0.024071799141656608 -0.0022097149632090279,0.44487474344398181 0.12408123996407294 -0.090051786566780631 -0.37663306368162724 -0.50005141696882505 -0.21282443764340181,8.5630310481159153 -4.1663644188704358 -2.6106253444957108 -0.86035357550318448 0.14573926660653386 -0.012309099228503631,-0.018789580510254922 -6.741640501263646 -2.790602312453565 -0.089548807274695719 0.12053677700558296 0.029942872607158222
ur,tetrapga,10.008153683,0.241884783,0.243750756,0.020606339,34.027526,41.346622,4.25344075,1,0,0,0.689040128,0.01898614,0.9,0,0,0,0 0 0.050000000000000003,0 0 0.050000000000000003,0 0 0.050000000000000003,wrist_3_link,-1,0,0 0 0,0 0 0,,-0.0047806522381969004 -1.5192388811153539 0.018555565795224736 -1.5719233538983286 -0.018742637548447908 5.2099149706276046e-05,0.024487827402723539 0.012397928913445424 -0.00052103653257451336 -0.018811661416148602 -0.026817268399661715 -0.010376153118619698,0.14592280231795293 -1.4601804420422098 0.027079724589063266 -1.6624471415760231 -0.16728344892555433 -0.044413931368153053,0.036899018640149328 -0.062952326673867937 -0.14864837519728022 -0.15130126857699272 -0.089423471724647374 -0.11121261027752308,0.0011225209414841542 -1.5178123481261432 0.017129681811384936 -1.5770613823811066 -0.02543746961921238 -0.0028769928139309969,0.44003645393252538 0.12493023559296608 -0.10307423121654144 -0.39075015368887001 -0.50378140927001536 -0.22477311339745265,8.8352252683603858 -7.5080962194489889 -4.3936463656044076 -1.0117733461292888 0.17392759334094332 -0.013071219900290794,-0.017554521144711899 -6.8000919952155527 -2.8029948272349543 -0.083829836975382932 0.12109797423686075 0.031996529089529213
ur,tetrapga,10.049606694,0.245384245,0.24355416,0.020678541,34.114938,41.61245,4.26436725,1,0,0,0.706024329,0.018140984,0.9,0,0,0,0 0 0.050000000000000003,0 0 0.050000000000000003,0 0 0.050000000000000003,wrist_3_link,-1,0,0 0 0,0 0 0,,-0.0036205420006143125 -1.5186844728022595 0.018475503486223396 -1.5728631204878936 -0.020036034752126588 -0.00047436220939715905,0.024435521967702403 0.012484308069792378 -0.0012947996841418527 -0.019749741840998428 -0.027242026611532969 -0.011115786792553093,0.1473474368265941 -1.4628823948992626 0.020863636122311197 -1.6686959526147938 -0.17090483284662214 -0.04902532329442761,0.031827890981816466 -0.067399211185273436 -0.15123239292610152 -0.15015427723720826 -0.085275910846200981 -0.11125593264421982,0.0022280764556542581 -1.5172441542741817 0.016874499392463937 -1.5781975783845925 -0.026791816632459851 -0.0035677449639989079,0.43463587315241708 0.12553202375245026 -0.11601165704252844 -0.40441586876155877 -0.50688305584879578 -0.2365084315418538,9.0994039904301935 -10.901137149197243 -6.1941853255549573 -1.1632305062206463 0.20217026418483064 -0.013812171182368436,-0.021295089960609914 -6.8239183948198843 -2.7995355650418858 -0.076057969358771516 0.12187134036162917 0.034279683979227649
ur,tetrapga,10.091319116,0.248926213,0.24332846,0.020775865,34.15325,41.964638,4.26915625,1,0,0,0.724830956,0.017907605,0.9,0,0,0,0 0 0.050000000000000003,0 0 0.050000000000000003,0 0 0.050000000000000003,wrist_3_link,-1,0,0 0 0,0 0 0,,-0.0024585699116583338 -1.5181217293373992 0.018360168442066546 -1.5738508684755304 -0.021354678622092747 -0.0010378943590570355,0.024478647644485069 0.012672606521738045 -0.0020383167236505302 -0.020761192673152833 -0.027778717389464639 -0.011898017875957685,0.14856782526251833 -1.465785946842586 0.01450424736043736 -1.6749316790703594 -0.17437247279588702 -0.05366497272703806,0.026679313754951788 -0.071806736005376431 -0.15365314359865706 -0.14879867777694172 -0.08096583206965649 -0.11118353925423557,0.0033137521809526137 -1.5166753844131513 0.016586368520482203 -1.5793654905418213 -0.028147959501975253 -0.0042873529044548872,0.42862486361933139 0.1259446740799007 -0.12887067459788015 -0.41765838896998964 -0.50933898433736902 -0.24806665536586442,9.3564648917973887 -14.371726029929054 -8.0288877499415499 -1.3162681870978616 0.23074439377777084 -0.014543224270844556,-0.024144674867258686 -6.8560353915590895 -2.7988644514401599 -0.067922117103989876 0.12300425552630401 0.036693936879720113
ur,tetrapga,10.133392615,0.252440766,0.243678736,0.021019135,34.05609,41.467234,4.25701125,1,0,0,0.745361225,0.018575324,0.9,0,0,0,0 0 0.050000000000000003,0 0 0.050000000000000003,0 0 0.050000000000000003,wrist_3_link,-1,0,0 0 0,0 0 0,,-0.0012565110431811423 -1.517526299215173 0.018205894572755808 -1.5749225137312894 -0.022744018508820057 -0.0016600280592266772,0.02382048492166064 0.0126134295834841 -0.0026772363785925136 -0.021193494174247981 -0.027537151751075826 -0.012356386351293869,0.14958034532221059 -1.4688993509726043 0.0079914046219728939 -1.6811598285519562 -0.1776851878690858 -0.058339249202306709,0.021445338932291658 -0.07617885928476445 -0.15590906998210849 -0.14722781323272549 -0.076485068871750966 -0.11099244142089683,0.0044036981120980211 -1.5160920254400361 0.016262560846655429 -1.5805875769160198 -0.029534554481586942 -0.0050492340545945837,0.4218846929015358 0.12610204676575715 -0.14169633749544736 -0.43044684743303752 -0.51107068452366133 -0.25944294659422529,9.6205793635845165 -17.924030611988488 -9.9008202778291299 -1.4720670925355583 0.25984003753823975 -0.015283138661710076,-0.018427377464668382 -6.9363145872766836 -2.8181024595121684 -0.064813681931809697 0.12203584383320987 0.038107371270288404
ur,tetrapga,10.17495343,0.255993326,0.24368555,0.021177918,34.104307,41.501095,4.263038375,1,0,0,0.767067882,0.017744987,0.9,0,0,0,0 0 0.050000000000000003,0 0 0.050000000000000003,0 0 0.050000000000000003,wrist_3_link,-1,0,0 0 0,0 0 0,,-0.00011832214121584933 -1.5169516668802059 0.018022782348447935 -1.5759883918682351 -0.024085340099173395 -0.0022891958334071367,0.023491673670650151 0.012662399084811999 -0.0033807818200215778 -0.021913392753879841 -0.027667177219729968 -0.012981684849280566,0.15036358157131011 -1.4721538161307215 0.001468614725762796 -1.6872430330330128 -0.18076979785064187 -0.062946242570350627,0.016240477748660963 -0.080420045982578126 -0.15795114448937389 -0.14547680241152242 -0.07193290469350673 -0.11068715001346169,0.0054595006337933745 -1.5155135835979783 0.015907617875880829 -1.5818297841901143 -0.030907152962805686 -0.0058337432632955648,0.4146015810440361 0.1260328202678665 -0.15438171520885657 -0.44272497474835798 -0.51215070905318993 -0.27056603991183803,9.8755459146633005 -21.521865748290363 -11.784893012270924 -1.6272457091723593 0.28888380794010871 -0.015994189922672979,-0.017095944907639549 -6.9887128258096709 -2.82464010640156 -0.058917651064803067 0.1220074936984048 0.040036668339534565
ur,tetrapga,10.216554683,0.259595618,0.243499923,0.021244131,34.028902,41.501487,4.25361275,1,0,0,0.790712517,0.017034481,0.9,0,0,0,0 0 0.050000000000000003,0 0 0.050000000000000003,0 0 0.050000000000000003,wrist_3_link,-1,0,0 0 0,0 0 0,,0.00098782278763870053 -1.5163821257816466 0.017810533819563708 -1.5770721736134437 -0.025412999674480723 -0.0029383782318026432,0.023293734126102313 0.012703078162163583 -0.0041611368594221178 -0.02277699123501694 -0.027953029334231376 -0.01369675708274457,0.15093032545286314 -1.475586277780031 -0.0051416074058375852 -1.6932551801670472 -0.18366543122948201 -0.067542600366226654,0.011001651278701815 -0.084583039046511432 -0.15980677035672822 -0.14352737525321688 -0.067256554929499557 -0.11026560738845043,0.0064779487961542951 -1.5149420405109724 0.015523514123339398 -1.5830871453907336 -0.032260853588455846 -0.0066377549256878068,0.40678588567978213 0.12572677235499038 -0.16694521554785893 -0.4545208111193193 -0.51259715872658029 -0.28146177226733793,10.121611161844093 -25.164099873962236 -13.684714353744564 -1.7824685805183882 0.3179708223686899 -0.01668745369198546,-0.0201078767254117 -7.0105633849370861 -2.8170621820321102 -0.051009172610974929 0.12222935654288136 0.042243939702999
ur,tetrapga,10.258123871,0.26317513,0.243292213,0.02133088,34.015535,41.639332,4.251941875,1,0,0,0.816120083,0.016618073,0.9,0,0,0,0 0 0.050000000000000003,0 0 0.050000000000000003,0 0 0.050000000000000003,wrist_3_link,-1,0,0 0 0,0 0 0,,0.0020887935947432545 -1.515806272611113 0.017562060853950141 -1.5782011736184003 -0.026759554284420874 -0.0036241466518673257,0.023188540654904194 0.012841889949426604 -0.0049300864080609576 -0.023731607356310254 -0.028356252737284246 -0.014469572790814679,0.15127843930958226 -1.4791872837876419 -0.011819879397516041 -1.6991776337484761 -0.18636212765718668 -0.072115492132731135,0.0057435882248853456 -0.088655645378767536 -0.16146994411661278 -0.14138475363556605 -0.062469929086577058 -0.10972865185566284,0.0074705974663506862 -1.5143723955201107 0.015108029421623665 -1.5843704487075527 -0.033609130518918964 -0.0074677611760816751,0.39840328386273888 0.12522013011649427 -0.17934475837763814 -0.46578615037321991 -0.51236582281007581 -0.29210129841301358,10.359230739070988 -28.859195310311872 -15.603386699087942 -1.9378377020870245 0.3471308496941774 -0.01736051057709552,-0.022377674424973293 -7.0391904388325202 -2.8115015784366051 -0.042574631298521126 0.12281760203024561 0.044629079433928354
ur,tetrapga,10.299954717,0.266781448,0.243251208,0.02146754,33.994411,41.318638,4.249301375,1,0,0,0.843690983,0.016617659,0.9,0,0,0,0 0 0.050000000000000003,0 0 0.050000000000000003,0 0 0.050000000000000003,wrist_3_link,-1,0,0 0 0,0 0 0,,0.0031755512833017583 -1.5152255308283495 0.017279960639300977 -1.579367546690885 -0.028114895439601294 -0.0043422168217130607,0.022877682968627949 0.012916738413925414 -0.0056570438440442404 -0.024509494048904307 -0.028528578714366305 -0.015144163602947305,0.15140771177611148 -1.4829799320905712 -0.018605911466784891 -1.7050433930509845 -0.18887264572923401 -0.076692202749506569,0.00043463944608042847 -0.092661042658149728 -0.16294831295658613 -0.13903433575013571 -0.057544282157170411 -0.10907178583392736,0.0084384406420148304 -1.5138029755686253 0.014661075194301067 -1.5856813659671687 -0.03495363729942963 -0.0083250901842948331,0.389420783398576 0.12449845070059806 -0.19161497952015674 -0.47654603349372826 -0.51145304002118752 -0.30251264817468326,10.594537488571376 -32.61344801869263 -17.546480439038092 -2.0943855387834329 0.37653124091249601 -0.018027214445279129,-0.021617646620786246 -7.0842883566010642 -2.8124067597434745 -0.035672042205987964 0.12278595238359458 0.046710550658429995
ur,tetrapga,10.34136976,0.270326466,0.243298449,0.021609894,34.179817,41.634726,4.272477125,1,0,0,0.872514448,0.016030007,0.9,0,0,0,0 0 0.050000000000000003,0 0 0.050000000000000003,0 0 0.050000000000000003,wrist_3_link,-1,0,0 0 0,0 0 0,,0.0042404658875774973 -1.5146431997412808 0.016965888522724248 -1.5805639904066509 -0.029469946127208189 -0.0050884048711573289,0.022409864050611648 0.012909821923037267 -0.0063557726295189881 -0.02513569330679841 -0.028511948423189302 -0.015731277053150604,0.15131665405879863 -1.4868979522674779 -0.025381363127524734 -1.7107500381834697 -0.19115309639076561 -0.08119396500181715,-0.0048334751194348468 -0.096530160836880194 -0.16421674972913336 -0.13651762709601842 -0.052566080179613908 -0.10830665909169414,0.0093786215709522613 -1.5132348480513742 0.014184015533762065 -1.5870163305927787 -0.036290588200745995 -0.0092076307289365601,0.37989603826951202 0.12352995044734585 -0.20368329059382417 -0.48670655073362229 -0.50984956092838496 -0.31261040015130986,10.826464614603243 -36.39398800632425 -19.493802404958863 -2.2502602318753784 0.4058424636798918 -0.018674612510981927,-0.019952325801931181 -7.1312650474083057 -2.8135604517773345 -0.029686074870369339 0.12216946724191757 0.048522012922418867
ur,tetrapga,10.383102687,0.273814391,0.243701585,0.021800342,34.206032,41.840055,4.275754,1,0,0,0.903403233,0.016507697,0.9,0,0,0,0 0 0.050000000000000003,0 0 0.050000000000000003,0 0 0.050000000000000003,wrist_3_link,-1,0,0 0 0,0 0 0,,0.0053250156422529884 -1.5140355987488494 0.016605992267938279 -1.5818394310061874 -0.030878561770015387 -0.0058938576926354279,0.021480575068992296 0.012663085883668294 -0.0068932789123647203 -0.025220948062499783 -0.027896753774998999 -0.01598057881848218,0.15100404869111564 -1.491006033138919 -0.032257833046469953 -1.7163911245922974 -0.19324048077335249 -0.085695830894558567,-0.010148339027340114 -0.10032723814002754 -0.16529636803833686 -0.13379334524320169 -0.047453777745539716 -0.10742061228351335,0.010309743830786949 -1.5126570160523765 0.013670389039199166 -1.5883979290836752 -0.037644475735056221 -0.010130005602259162,0.3697406530230406 0.12227591846692361 -0.21557685770637577 -0.49625603552401432 -0.50748759370944152 -0.32240767393414604,11.057410892288912 -40.215595790186946 -21.45899342183122 -2.4071533068464008 0.43534221452318062 -0.019323296708599069,-0.014847824548930078 -7.1941128896123701 -2.8212650359261531 -0.027456732531391026 0.1197910948014993 0.049290709227179264
ur,tetrapga,10.42504344,0.277412052,0.243748879,0.021905618,33.991493,41.627975,4.248936625,1,0,0,0.936610803,0.016248465,0.9,0,0,0,0 0 0.050000000000000003,0 0 0.050000000000000003,0 0 0.050000000000000003,wrist_3_link,-1,0,0 0 0,0 0 0,,0.006341850031649293 -1.5134540766881808 0.01622630025610225 -1.5830938445489804 -0.032228488120872943 -0.006695762078073899,0.020990142366890167 0.012616644411173505 -0.0075827963223443831 -0.02580401130988226 -0.027838172865238722 -0.016543335552339822,0.1504663892577168 -1.4952919862458427 -0.039209703371972965 -1.7219418244095692 -0.19512139527761624 -0.090180436199220754,-0.015490275259478331 -0.10403573832592913 -0.16617871715061178 -0.13086801080844054 -0.042225540220799058 -0.10641441269502108,0.011198358187938882 -1.5120889828004094 0.013129778854325078 -1.5897882979060967 -0.038972332108743284 -0.01106868754923607,0.35907015709009504 0.12082044623367313 -0.2273207241657037 -0.50530138622109333 -0.50448127259733766 -0.33197546363369246,11.275693858147138 -44.086032995880785 -23.439747660727633 -2.5636132523320261 0.46481737727370082 -0.019943659464370055,-0.014417361426382058 -7.2288539497176316 -2.8157930149320265 -0.02111347911068151 0.11891845959468128 0.051027325460815121
ur,tetrapga,10.466775952,0.28099399,0.24367379,0.021947604,34.11123,41.473048,4.26390375,1,0,0,0.971476139,0.015455618,0.9,0,0,0,0 0 0.050000000000000003,0 0 0.050000000000000003,0 0 0.050000000000000003,wrist_3_link,-1,0,0 0 0,0 0 0,,0.0073208395284842919 -1.5128813266529706 0.01582150412633182 -1.5843568885563062 -0.033555803073755455 -0.0075122232495565865,0.02060765282623488 0.012600803580646316 -0.0083494184468479327 -0.026546162017873565 -0.027931677204173493 -0.017214278524482794,0.14970910827809286 -1.4997087264672704 -0.046159545325550271 -1.7273393408551003 -0.19677355828569681 -0.094598493266312769,-0.020800520177558814 -0.10761440448182646 -0.16685344688667306 -0.12777378206754739 -0.036939848666907589 -0.10529876952475098,0.01204295093740004 -1.5115319793834463 0.012564716780289115 -1.5911828686847098 -0.040270739452290115 -0.012020533441222161,0.34791900989855662 0.11914691790547449 -0.2388655887549167 -0.51378443168853527 -0.5008339826300936 -0.34125975522822921,11.485371863015255 -47.980792665585128 -25.422947914706491 -2.7188856141046585 0.49411560385642983 -0.020536585466213873,-0.016882795932495753 -7.2427092465159149 -2.8004005222095216 -0.012995947299714317 0.11835438559626255 0.053098366972513134
ur,tetrapga,10.508345953,0.284410972,0.243933738,0.022070036,34.140302,41.455752,4.26753775,1,0,0,1.007601245,0.015228151,0.9,0,0,0,0 0 0.050000000000000003,0 0 0.050000000000000003,0 0 0.050000000000000003,wrist_3_link,-1,0,0 0 0,0 0 0,,0.0083242273149067118 -1.5122803752703415 0.015363032326609285 -1.5857124357443773 -0.034946609336801257 -0.0083982329630455151,0.019881060315456615 0.012455787403152323 -0.00891500065584073 -0.026819629988839404 -0.027553157612429574 -0.017583513479923513,0.14873466492678269 -1.5042543683366028 -0.053106099253258168 -1.732583734020072 -0.19819838314944291 -0.098950711264907107,-0.026079249286188499 -0.11106433202538653 -0.16732265082439993 -0.12451304520485158 -0.031598690094681837 -0.10407481530610357,0.012873273282507255 -1.5109683714626925 0.011962893673292943 -1.5926201095354355 -0.041580107198986152 -0.013010640363418938,0.33621051954423492 0.11722573302517099 -0.25012261001953218 -0.52155716511149142 -0.49642910055505773 -0.35015714516063745,11.691459324059656 -51.894588676820113 -27.40913915532602 -2.8735838901258219 0.52332297117194093 -0.021116505935701101,-0.014841729376065871 -7.2831118955382408 -2.7961288811427707 -0.0084805502110611997 0.1164756919118588 0.054237654098908905
ur,tetrapga,10.549899086,0.287885024,0.244018683,0.022175466,34.013014,41.442474,4.25162675,1,0,0,1.045590646,0.014032498,0.9,0,0,0,0 0 0.050000000000000003,0 0 0.050000000000000003,0 0 0.050000000000000003,wrist_3_link,-1,0,0 0 0,0 0 0,,0.0092629665577671338 -1.5117033250047007 0.014888783923520773 -1.587044971005797 -0.036279933533888878 -0.0092790516886711687,0.019377827956037368 0.012440238170865196 -0.0096015646691910584 -0.027417213896189715 -0.027493748096686518 -0.018171029478452352,0.14754163662226719 -1.5089390401991556 -0.060065102538088451 -1.7376868930202742 -0.1993992733812586 -0.10324799562841688,-0.031339355135134167 -0.11439418935931187 -0.16758818070075179 -0.12107907694466391 -0.026190585450450447 -0.10273993207664758,0.013660496433728079 -1.5104149565169935 0.011336829012907262 -1.5940623316841207 -0.042861046183175489 -0.014014732578253036,0.32404706419886048 0.11511146458786523 -0.26112622318744944 -0.52872392668807067 -0.49137822709224699 -0.35873581902599794,11.887442168356033 -55.82707649231363 -29.395069696624141 -3.0268215569051709 0.55230390395063611 -0.021667277696492453,-0.013745948957598841 -7.3179037339550632 -2.7885524184293899 -0.0017087813885154901 0.11553401105757644 0.056050443773230541
ur,tetrapga,10.591446604,0.291364387,0.244066031,0.022235213,34.19626,41.631796,4.2745325,1,0,0,1.085427286,0.012531642,0.9,0,0,0,0 0 0.050000000000000003,0 0 0.050000000000000003,0 0 0.050000000000000003,wrist_3_link,-1,0,0 0 0,0 0 0,,0.010159402552691642 -1.511136545137139 0.014392865172932961 -1.5883792371331333 -0.037583980011796032 -0.010170341654914336,0.018861112606896754 0.012384461837370851 -0.010335786195875492 -0.028041488341373537 -0.0274320662809877 -0.018785888025986675,0.14613068001148649 -1.5137588827096395 -0.067029955835267996 -1.7426431391156714 -0.20037400605234582 -0.10748694608809704,-0.036576628071343605 -0.11760094756829305 -0.16764940803531594 -0.11747485035925119 -0.020720956409984229 -0.1012949003396641,0.014401467862295339 -1.5098735159268624 0.010689731850554929 -1.5955031453763697 -0.044108087008832564 -0.015028565614252276,0.31143979613568473 0.11277936252550988 -0.27188940529564798 -0.53529512096784437 -0.48569673891835041 -0.36700356220857383,12.075663867384304 -59.769006928150404 -31.378230816257791 -3.1787737335460169 0.5810719460694258 -0.022196381950854646,-0.014369397279274665 -7.3376201613600642 -2.7738576715782699 0.0057721765069800313 0.11447769773263872 0.057948027286286674
ur,tetrapga,10.633173818,0.294813865,0.244154732,0.022300118,34.0853,41.670205,4.2606625,1,0,0,1.127236712,0.01123731,0.9,0,0,0,0 0 0.050000000000000003,0 0 0.050000000000000003,0 0 0.050000000000000003,wrist_3_link,-1,0,0 0 0,0 0 0,,0.011034493670654384 -1.5105688312306966 0.013862053958273866 -1.5897472774717496 -0.038889473597151003 -0.011093690567396688,0.018414642780318093 0.012389379719939723 -0.011089232601553155 -0.028756587337606183 -0.027466867335499318 -0.019463718844450376,0.14449517386326935 -1.5187310297807739 -0.074023198616786523 -1.7474665913623455 -0.20112304417841148 -0.11168150958076088,-0.041808616761245698 -0.12069421131837604 -0.16750468791907236 -0.11368722480450683 -0.015171990633503529 -0.099733751832075154,0.015104773955988318 -1.5093392257873872 0.01001671094025585 -1.5969551499263841 -0.045333507180507805 -0.016060729612667128,0.29834914868918194 0.11024347392399753 -0.28239774551981833 -0.54124231279055435 -0.47934085968950285 -0.37495019023033077,12.253917850973515 -63.732855023618761 -33.364120969751028 -3.3295926206204691 0.60966690320075134 -0.022700397493310934,-0.014783374488224865 -7.3590388961401914 -2.7589326572528776 0.013920526042056736 0.11369665673677787 0.060039766322518062
ur,tetrapga,10.67494704,0.298225117,0.244372889,0.022387241,34.209913,41.630633,4.276239125,1,0,0,1.170626211,0.009593295,0.9,0,0,0,0 0 0.050000000000000003,0 0 0.050000000000000003,0 0 0.050000000000000003,wrist_3_link,-1,0,0 0 0,0 0 0,,0.01188150331696344 -1.5100025899793006 0.013300072370857789 -1.5911401210513096 -0.040187202932611327 -0.012043531074716351,0.017814525451390249 0.01232202289599057 -0.011765696539184594 -0.029269478534382557 -0.027292044018050046 -0.020014565218323128,0.14263987121477428 -1.5238352100125587 -0.081013774125475779 -1.752133609788618 -0.20163993856721435 -0.11581316737271567,-0.047012653998984431 -0.12365922454515224 -0.16715241550477178 -0.10973121996996806 -0.0095681120551579981 -0.098061884964764492,0.015771332883447023 -1.5088110078611066 0.0093173158093501993 -1.5984199528122689 -0.046538793991943633 -0.017112571193932509,0.28477428087148948 0.10748750277968895 -0.29263448077590293 -0.54653966542788124 -0.47230486692312512 -0.3825551062801823,12.426654157009903 -67.709548884870429 -35.349932420980522 -3.4795302080459845 0.63811392257175936 -0.023188255614395664,-0.013543271826740977 -7.3877895684690884 -2.7469719549158071 0.020627552351470513 0.11231107496013237 0.061739401319805154
ur,tetrapga,10.716682686,0.301501471,0.244883524,0.022505332,33.992352,41.327729,4.249044,1,0,0,1.215044092,0.007954722,0.9,0,0,0,0 0 0.050000000000000003,0 0 0.050000000000000003,0 0 0.050000000000000003,wrist_3_link,-1,0,0 0 0,0 0 0,,0.01272799131936154 -1.5094171921708035 0.012685980234891711 -1.5926072008380965 -0.04152141513580937 -0.013054478056009277,0.016751580249266752 0.011963649829132235 -0.012117838324333736 -0.029011771341156265 -0.026402905435397406 -0.020043868203487972,0.14056994294581368 -1.5290556797604051 -0.087979037024514137 -1.7566280503564768 -0.20192169869707083 -0.11986911434844333,-0.052172666258081576 -0.12648634226743927 -0.16659308241608087 -0.10561916349509015 -0.0039276965302691303 -0.096284012241186392,0.016415196579401374 -1.5082784350640082 0.0085813059066209979 -1.5999222839895264 -0.047746329481573792 -0.018201472074665333,0.27069180974973217 0.10445811899341487 -0.30254276443757211 -0.55108839554311917 -0.46452811471227839 -0.38974343121189148,12.597352253187214 -71.684659679402785 -37.332592853645799 -3.628964941607784 0.6664487145167175 -0.023674479588434619,-0.0096463044933585707 -7.4267595122646526 -2.7402462495817446 0.022249960599765473 0.10878802903143026 0.061829601385369415
ur,tetrapga,10.758114393,0.304794987,0.24518961,0.022571945,34.126618,41.809885,4.26582725,1,0,0,1.260353584,0.004342405,0.9,0,0,0,0 0 0.050000000000000003,0 0 0.050000000000000003,0 0 0.050000000000000003,wrist_3_link,-1,0,0 0 0,0 0 0,,0.013504159027169223 -1.5088620209770809 0.012067577599226838 -1.5940312119714226 -0.042783770771628281 -0.014046141353023017,0.016020931564049139 0.011800610781429162 -0.01270956462182926 -0.029307967942581895 -0.026023236673084666 -0.020455093973537095,0.13830298288570544 -1.534352000520852 -0.094866229306560773 -1.7609168134634374 -0.20196783570474169 -0.12381995018224951,-0.057250666344569927 -0.12915569817069161 -0.16583288909186458 -0.10138385669729794 0.0017056049309988736 -0.094414284996474404,0.017009752799296483 -1.5077603517148384 0.0078273728482148031 -1.6014165880495246 -0.048914278424041439 -0.019296262944016651,0.25625937450149106 0.10123453821329378 -0.31213361308871995 -0.55498000863141117 -0.45615353718016766 -0.39655702877164734,12.755877232527823 -75.643703990271575 -39.294024061883761 -3.774951735856499 0.69420449349445357 -0.024116678494157429,-0.0084937583626185642 -7.448742008775298 -2.7248414774443503 0.027933675328313257 0.10671129671469259 0.063098552597722346
ur,tetrapga,10.800025533,0.308111745,0.245544996,0.022627264,34.032686,41.680816,4.25408575,1,0,0,1.308094051,0.001113294,0.9,0,0,0,0 0 0.050000000000000003,0 0 0.050000000000000003,0 0 0.050000000000000003,wrist_3_link,-1,0,0 0 0,0 0 0,,0.014244509147943597 -1.508313234233859 0.011421910030073854 -1.5954690427898341 -0.044027168390521808 -0.015057658935567908,0.01528147802400048 0.011632640292297115 -0.013298324456450813 -0.02959432963189336 -0.025631446859505448 -0.020864525799396898,0.1357967716786086 -1.539819169527036 -0.10179674150987497 -1.7650735136053193 -0.2017764508548783 -0.1277354980787504,-0.062336807391551785 -0.1317135086766465 -0.16485649401131366 -0.09694911652159198 0.0074312148212508011 -0.092418301871748085,0.017558172913900681 -1.5072543159732168 0.0070530905776395947 -1.6029087079373794 -0.050047739083772656 -0.02040130474309914,0.24138024253517001 0.097809625141504597 -0.3214438576881759 -0.55823656471261907 -0.4471269595614939 -0.40304297541344658,12.903922929770356 -79.612411495039481 -41.254533855386036 -3.919769131970801 0.7217601804967877 -0.024539282741969433,-0.0075757470230826129 -7.4669971451376114 -2.7073127962384831 0.033752103420738422 0.10455959546457905 0.06436201338884473
ur,tetrapga,10.841779674,0.311380519,0.245843157,0.022645491,34.094048,41.860526,4.261756,1,0,0,1.356789822,0.003132908,0.9,0,0,0,0 0 0.050000000000000003,0 0 0.050000000000000003,0 0 0.050000000000000003,wrist_3_link,-1,0,0 0 0,0 0 0,,0.01494459603494889 -1.5077752145409153 0.010755741506365522 -1.5969079943166795 -0.045242067657853581 -0.016079797178305367,0.014721559934007309 0.011590288081604581 -0.014066886027503094 -0.030252742001244712 -0.025551299754509364 -0.021542404128777264,0.13308913361379446 -1.5453694235608479 -0.1086562736455637 -1.7690267640066135 -0.20134672371834722 -0.13155103658411832,-0.067347740991450938 -0.1341160598099792 -0.16367691037885446 -0.092385616500206116 0.013155147545170873 -0.0903268890705341,0.018060289144693931 -1.5067612162967094 0.0062608764148453858 -1.6043949884956819 -0.051144737725624431 -0.021513844605771527,0.22611308378372941 0.094193620044563248 -0.33044245339473466 -0.5608296710816767 -0.43747929435152677 -0.40916170563374987,13.041416625744185 -83.572559525444291 -43.197577449532623 -4.0614940738337921 0.74879897648557203 -0.024920311034707144,-0.0084986762273331351 -7.4730121639786375 -2.6829253223789671 0.042431740681422525 0.10325661644252193 0.066454004511577125
ur,tetrapga,10.883740731,0.314526065,0.246411732,0.022712598,34.053291,41.370845,4.256661375,1,0,0,1.406801726,0.0068702,0.9,0,0,0,0 0 0.050000000000000003,0 0 0.050000000000000003,0 0 0.050000000000000003,wrist_3_link,-1,0,0 0 0,0 0 0,,0.01563840064406908 -1.5072188760643306 0.010031144799178502 -1.5984258395496067 -0.046491393067059204 -0.017169083894556611,0.013724359964970194 0.011253033983651904 -0.014408045344933028 -0.030025172097259165 -0.024720186057150279 -0.021598291121192797,0.13015857196208541 -1.5510451229554361 -0.11549583696827902 -1.7728046717596762 -0.20067380346622066 -0.13529537256960783,-0.072321510798133204 -0.13638092883696754 -0.16228431931634171 -0.087658629714176525 0.018919863561049965 -0.08812348115871603,0.018532367495539902 -1.5062674141088563 0.0054334975936460297 -1.6059116225846513 -0.052234946410059907 -0.022660232448387111,0.21037782514488196 0.090329008957940105 -0.3390641266708313 -0.56265107025099659 -0.42711012671487308 -0.41484602477797172,13.174731515944153 -87.523942228940967 -45.136314056784855 -4.2027431041681229 0.77571368845083288 -0.025303875365525245,-0.0060753737977847777 -7.4951573919206567 -2.6669146063870599 0.045090853470355796 0.099747741646581289 0.06662646359202995
ur,tetrapga,10.925210818,0.317650139,0.246886919,0.022758012,34.112839,41.765405,4.264104875,1,0,0,1.456979603,0.012935172,0.9,0,0,0,0 0 0.050000000000000003,0 0 0.050000000000000003,0 0 0.050000000000000003,wrist_3_link,-1,0,0 0 0,0 0 0,,0.01626527358666803 -1.5066920179407717 0.0093077954981742681 -1.5998958777840502 -0.047668829925669426 -0.018235303532358485,0.01293728323839546 0.011075069874018843 -0.014976951579679824 -0.030262638253897415 -0.024268575780955117 -0.021992473251604774,0.12705860803062702 -1.5567446706506469 -0.12219373061053067 -1.7763406987605941 -0.19977096494851254 -0.13890300584065896,-0.077170654131334282 -0.13846907690349244 -0.1607050378781722 -0.082853590574432839 0.024622008525158973 -0.085847668600685129,0.018953696368432277 -1.5057894345240079 0.0045921151872217302 -1.6074140321832506 -0.053281393668440216 -0.023808706392297652,0.19435947841611789 0.086285187600734781 -0.34731641983614836 -0.5637852498626188 -0.41618818757205256 -0.42011730024069927,13.298559345571181 -91.436751089776095 -47.042028382523718 -4.3397937701695266 0.80190554518690615 -0.025642462701777301,-0.0046887593749147527 -7.5101439343943639 -2.6465924495417354 0.05090335215209052 0.097359655182955862 0.067842719026330656
ur,tetrapga,10.967085074,0.320810903,0.247388455,0.022784518,34.048581,41.441819,4.256072625,1,0,0,1.509405684,0.018836267,0.9,0,0,0,0 0 0.050000000000000003,0 0 0.050000000000000003,0 0 0.050000000000000003,wrist_3_link,-1,0,0 0 0,0 0 0,,0.016844561920402363 -1.5061808029952213 0.0085717146670340992 -1.6013513593939879 -0.048804649187619162 -0.019301640335393031,0.012164179600563887 0.010910607221372078 -0.015606851081353953 -0.030589453953009011 -0.023869109647085877 -0.022461597912715309,0.12372587973451178 -1.5625844216392055 -0.12888619800187925 -1.7797062901556013 -0.19861941745008377 -0.14244800519942688,-0.081994694946164182 -0.14042330109660642 -0.15890692618848601 -0.077872818769093549 0.030377209571915236 -0.08345267097463227,0.019322942010037862 -1.5053286728658128 0.0037399644809556981 -1.6088968549232829 -0.05428039811454928 -0.024955450384370855,0.17797660820264255 0.082055736725221637 -0.35524380577162673 -0.56426989183309484 -0.40467208581505387 -0.42503462756578275,13.411053609169912 -95.33380353953055 -48.933047150625598 -4.4745357659911598 0.82769021131482767 -0.02595541897633245,-0.0038450781072754125 -7.5188910455372024 -2.6230608714071408 0.057493178955155599 0.095091539807810932 0.069290289644335701
ur,tetrapga,11.008645137,0.323861026,0.247957807,0.022806729,28.573291,35.942033,3.571661375,1,0,0,1.574887681,0.025421483,0.9,0,0,0,0 0 0.050000000000000003,0 0 0.050000000000000003,0 0 0.050000000000000003,wrist_3_link,-1,0,0 0 0,0 0 0,,0.017389249085093893 -1.5056739433796302 0.0078047105045738708 -1.6028270275853838 -0.049925329468608039 -0.020393898952678968,0.011436811488641689 0.010793818085039278 -0.016283613366776001 -0.031020244519866333 -0.023554240447092738 -0.023011200746917777,0.12022001115004924 -1.5684580306105707 -0.13544981625587882 -1.7828378351469392 -0.19723840116844887 -0.1458652713606676,-0.08670540955747498 -0.14220702304895952 -0.15692171277038863 -0.072807076488439426 0.036079351995133943 -0.080981375850575077,0.020780656107704146 -1.5049785314929287 0.00062013844641223498 -1.6134208424377503 -0.057493854018416717 -0.028345007682562616,0.18221426220842563 0.043767671610461779 -0.38997825431813959 -0.56549843930870991 -0.40168198798363614 -0.42369466227415875,11.212241763508313 -90.939251852449814 -39.049190239443419 -2.8832196040005575 0.57762580851941614 -0.0030860608616173606,-0.003063790861290272 -7.5262206962288474 -2.5979200922644381 0.064906453288131161 0.0930492051534344 0.070986108287506511
ur,tetrapga,11.044691617,0.326452022,0.24824513,0.022831328,34.267461,41.740328,4.283432625,1,0,0,1.603303707,0.001268544,0.9,0,0,0,0 0 0.050000000000000003,0 0 0.050000000000000003,0 0 0.050000000000000003,wrist_3_link,-1,0,0 0 0,0 0 0,,0.01782948446075348 -1.5052393982663239 0.0071151772424772504 -1.6041210882018515 -0.050880966148464206 -0.021361502957654484,0.011246778485082747 0.01124382582100932 -0.017885589990274054 -0.033154449232306316 -0.024470870714319366 -0.024847664711412504,0.11702195064009184 -1.5736100358772518 -0.1410728120119879 -1.7853816446699529 -0.1958489307372803 -0.14874459821307442,-0.090724967524903388 -0.14362653544126255 -0.15503940126360558 -0.06831922497418709 0.041011360364290587 -0.078763587732029988,0.020553121797510787 -1.5046617650749379 0.00087305904528917067 -1.6132742962570918 -0.057272060693897939 -0.028296669200283318,0.15600643916037804 0.055899975586015151 -0.37432484989466047 -0.56291636716163773 -0.38558132630738629 -0.43042673502203599,13.031333492645651 -97.622091233960177 -49.809788718382848 -4.5035258007359529 0.83141191267882508 -0.025976400166786075,-0.0024430136613915465 -7.5343382255869074 -2.5690130498163555 0.082887067656884028 0.094817674109890504 0.076651739367193272
ur,tetrapga,11.086531963,0.329346298,0.249035575,0.022865379,28.545361,36.044603,3.568170125,1,0,0,1.683030911,0.027114289,0.9,0,0,0,0 0 0.050000000000000003,0 0 0.050000000000000003,0 0 0.050000000000000003,wrist_3_link,-1,0,0 0 0,0 0 0,,0.018316690452805755 -1.5047275716167556 0.0062684748253291839 -1.6056711997900432 -0.051996669006879888 -0.022531977094974825,0.0100618713302252 0.010754101424551346 -0.018003225513670725 -0.032483101233809354 -0.02328069982269269 -0.024606720653858202,0.11312977569973072 -1.5796513062074757 -0.14751082344933095 -1.7881293668755611 -0.19401361360194905 -0.15198478422503819,-0.095308906144173172 -0.14512359608890596 -0.15266939758143044 -0.063005762427239598 0.046713581182309241 -0.076104781376891112,0.021824951904243668 -1.5045300194424613 -0.0024052364635711223 -1.6177869880881146 -0.060333620331469141 -0.031729429388246716,0.1589787633418559 0.016468204059450178 -0.40978693860797855 -0.56408647887842389 -0.38269495469679099 -0.42909502349580775,11.410373579689079 -92.852045475260141 -39.817478135575477 -2.9299696579843264 0.58586236967269822 -0.0031621174768969012,0.00026071966502172472 -7.5455751358986163 -2.5476699504283804 0.083283821062650532 0.090119591215000128 0.075908355451701937
ur,tetrapga,11.122676462,0.330479398,0.247377813,0.027106365,34.134195,41.635878,4.266774375,1,0,0,1.69514005,0.025788584,0.9,0,0,0,0 0 0.050000000000000003,0 0 0.050000000000000003,0 0 0.050000000000000003,wrist_3_link,-1,0,0 0 0,0 0 0,,0.018994998661745768 -1.5041652125194698 0.0049638214005002443 -1.6078902874851457 -0.053581835591448253 -0.024202149123395952,0.017492776229730833 0.01143568165615471 -0.035004089671985643 -0.055863555144676877 -0.039840007674312665 -0.042064283205172998,0.10961444958701376 -1.5849180860952958 -0.15298955731997863 -1.7903224098321513 -0.19223652439759917 -0.15469295102483493,-0.099194443155571049 -0.14628504841850648 -0.15046352901678106 -0.058330032007895834 0.051614610889583724 -0.07373656567583467,0.021438220736340344 -1.5040623862019602 -0.0018417472720936483 -1.6173066091632853 -0.059853120066212601 -0.031445548040894507,0.12853068166843021 0.035653722375544983 -0.39012996757023172 -0.55849642208244799 -0.36192401309461752 -0.43496984813453171,12.722026670364421 -101.67740266273013 -51.456977859888248 -4.5632917592161535 0.84474774595558977 -0.025215935906463652,0.18237236398350376 -8.9451005980254195 -3.009032565937551 0.19761821519750811 0.14735816950707203 0.12971737411793782
ur,tetrapga,11.164412809,0.332807558,0.247181445,0.020229629,34.069297,41.572529,4.258662125,1,0,0,1.747043833,0.02081417,0.9,0,0,0,0 0 0.050000000000000003,0 0 0.050000000000000003,0 0 0.050000000000000003,wrist_3_link,-1,0,0 0 0,0 0 0,,0.019524175954105081 -1.5038385114035391 0.0038162179515506258 -1.6096765878068775 -0.054818658968481898 -0.025560603285246158,0.010546168940036836 0.0066168837092944665 -0.023477964242812514 -0.036392968488303049 -0.02495793913358137 -0.027780780602615723,0.10538234559712095 -1.591048844980588 -0.15921310169708069 -1.7926426176496699 -0.18996481447598518 -0.15771200332377514,-0.10359091444564776 -0.14747247808649888 -0.1477357950690785 -0.052837871791346198 0.057238548923529801 -0.070921893278221237,0.021306651885227949 -1.5035981198905 -0.0021340399089677378 -1.6179258296419388 -0.060085494349720062 -0.032014097504665676,0.10318169250086334 0.044041114031065837 -0.39015940608749666 -0.55427889460772617 -0.34370060404696789 -0.43887773019980536,13.202756383711009 -108.88451684573531 -55.425284042076107 -4.8914304316252197 0.90689410903875822 -0.026524290812378913,-0.11674819695356575 -6.6757775063888403 -2.0790219323896739 0.15029472971855284 0.086273033778368813 0.085730294319610323
ur,tetrapga,11.206083644,0.33372915,0.247714408,0.024521019,28.642862,36.393341,3.58035775,1,0,0,1.819778934,0.019719024,0.9,0,0,0,0 0 0.050000000000000003,0 0 0.050000000000000003,0 0 0.050000000000000003,wrist_3_link,-1,0,0 0 0,0 0 0,,0.020267954919347225 -1.5033698694862585 0.002069978323007384 -1.6123874039115849 -0.056671706287552269 -0.02762731772314481,0.015436649817173798 0.0060899748875970347 -0.037599393285370319 -0.054652599195541704 -0.037255674155219909 -0.04165069804219608,0.10097591400562127 -1.5972159678505489 -0.16530931709943811 -1.7947285318807364 -0.18746340761445496 -0.16060737610732068,-0.10787941393378915 -0.14849202456222543 -0.14482176872381014 -0.047260995864491909 0.062808912020113516 -0.068028464468290001,0.022134896667767377 -1.5036020647233521 -0.0055768281760687679 -1.6223715326758468 -0.06281226225871403 -0.035513683787872063,0.10353059781780885 -0.00049310410681931496 -0.43034853338859042 -0.55571287923964263 -0.34084598862495696 -0.4374482854015751,12.674835061073352 -103.25096067311098 -44.340159036083328 -3.2601472289296582 0.65060835172959963 -0.0035862365552390505,0.077486807197686858 -8.091936200085911 -2.5572310572828645 0.23231080625009781 0.13048496581737368 0.12846905529106323
ur,tetrapga,11.242574956,0.335838374,0.24833588,0.017779152,34.080024,41.584375,4.260003,1,0,0,1.831751865,0.006888996,0.9,0,0,0,0 0 0.050000000000000003,0 0 0.050000000000000003,0 0 0.050000000000000003,wrist_3_link,-1,0,0 0 0,0 0 0,,0.020620321889124528 -1.5032113990182057 0.0010746501368260107 -1.6138131992673539 -0.057594243730887819 -0.028733688679862351,0.0086453279896624002 0.004613432961617459 -0.024377530356751519 -0.035444042812392516 -0.022941331898032088 -0.027535125282902938,0.096972062106590887 -1.6026488103805185 -0.17054511571124564 -1.7963629336087468 -0.18508307152472339 -0.16304257085463136,-0.11154818769951105 -0.14924736864254359 -0.1421158071085849 -0.042305875607681523 0.067644471086640567 -0.065428498760130779,0.021978199733672835 -1.5032574935354255 -0.0054922053244715096 -1.6224579412619828 -0.062742005570875919 -0.035646217944980199,0.075073806903703286 0.018654791918856477 -0.40513953810725178 -0.54569691129897258 -0.31734407201005893 -0.44031646388990231,12.968562115131796 -111.67171483285586 -56.354421711367586 -4.9148787308640536 0.91124208366889747 -0.026279795830723322,-0.2154191689005529 -5.8671200333928937 -1.6565558251335917 0.18415960385391372 0.071661674193151725 0.084998391339695445
ur,tetrapga,11.28426028,0.338643102,0.252248737,0.018786197,28.495782,35.81804,3.56197275,1,0,0,1.911410016,0.054071882,0.9,0,0,0,0 0 0.050000000000000003,0 0 0.050000000000000003,0 0 0.050000000000000003,wrist_3_link,-1,0,0 0 0,0 0 0,,0.020879389891323302 -1.5029346896885221 0.00015980176266448571 -1.6151931717043708 -0.05843869437202831 -0.029830085009150784,0.0046110141648802215 0.0072750740788336101 -0.01768647632860916 -0.027674926021285202 -0.016735991659798267 -0.02217556282893221,0.092236550433005743 -1.6088855081555307 -0.17640185624013188 -1.798007183213723 -0.18214908876310743 -0.16570681725229688,-0.11563594014555742 -0.14995189863332459 -0.13885135028140935 -0.036569858105411843 0.073113355575806796 -0.062385297344859571,0.022573410811930494 -1.5034765897305462 -0.0090590158753954438 -1.6268342333873989 -0.065259239562495214 -0.039157638530386021,0.074401384782817687 -0.027387024390826593 -0.44585131886750795 -0.54703651567929223 -0.3146542489537304 -0.43892757317728537,12.963235777499424 -105.58539024847489 -45.260075479825957 -3.3175013033556366 0.6611396039632631 -0.0036697139113339421,-0.16048821793060597 -6.1994449842750328 -1.8106254448676209 0.12734850403285236 0.054219157567843013 0.068451258006476223
ur,tetrapga,11.320168001,0.339828916,0.253302409,0.026639032,34.188141,41.88764,4.273517625,1,0,0,1.918241682,0.004193916,0.9,0,0,0,0 0 0.050000000000000003,0 0 0.050000000000000003,0 0 0.050000000000000003,wrist_3_link,-1,0,0 0 0,0 0 0,,0.021214951229222102 -1.5024945166726917 -0.0011829608821780451 -1.6172493103430912 -0.059699362429465164 -0.031462380963493998,0.0087991796205096409 0.0081247399331643069 -0.036195577901801619 -0.051811884882363914 -0.031686782360860422 -0.041134669239587925,0.088022494213654143 -1.6142787671475709 -0.18133498804380246 -1.7992306999209566 -0.17943996110513341 -0.167898944784659,-0.11906555199791115 -0.1504225217874719 -0.13589355101603848 -0.03156917328621691 0.077772053591253248 -0.059703372799277482,0.022241591918202925 -1.5029837617205901 -0.0084493409567363738 -1.6263202205042844 -0.064785826287144119 -0.038839342257541154,0.043426362203861361 0.00022393512780158331 -0.41604407224576301 -0.5348060798821942 -0.28831566139675424 -0.44116656382670161,12.810149313581862 -116.075401622558 -58.114132505021317 -4.9851871184762624 0.92681909152522901 -0.02553618229301222,0.20089195728782272 -8.7908804282797064 -2.7724784865919041 0.20781702055501228 0.11452856481845686 0.12684850070421305
ur,tetrapga,11.362136041,0.342023787,0.252153346,0.019623437,28.709231,36.321875,3.588653875,1,0,0,2.000378779,0.062868251,0.9,0,0,0,0 0 0.050000000000000003,0 0 0.050000000000000003,0 0 0.050000000000000003,wrist_3_link,-1,0,0 0 0,0 0 0,,0.021478993503666152 -1.5022670988643017 -0.002413324304093239 -1.6189670379329124 -0.060711514489592888 -0.032839588569205054,0.0052444116850889223 0.004482936894035533 -0.025591943133416485 -0.035415913073623448 -0.020622236801488971 -0.028497255843815225,0.082943344053703821 -1.6206004816289541 -0.18696273628628546 -1.800431841575755 -0.17606291517190553 -0.17033762028976018,-0.12296257765420469 -0.15081179390808624 -0.1322686609079024 -0.025660673465759894 0.08314944152941639 -0.056500403008310322,0.022573220960408695 -1.5033682727620783 -0.012112882806556135 -1.630609177205312 -0.067071902545445983 -0.042357755163614938,0.04145363027663259 -0.048063880187783743 -0.45794273123167034 -0.53611958763299261 -0.28575953229014694 -0.43980161326233835,13.444536952265873 -109.44900298256022 -46.866581386572918 -3.4281102067944258 0.6823939416068322 -0.0038155064942885326,-0.11335586410012866 -6.4757341194008404 -1.8174030624595936 0.18175926170442835 0.064742845086328771 0.087942089547325963
ur,tetrapga,11.398561246,0.342758321,0.255117394,0.026221186,34.055033,41.555193,4.256879125,1,0,0,2.001681222,0.00421915,0.9,0,0,0,0 0 0.050000000000000003,0 0 0.050000000000000003,0 0 0.050000000000000003,wrist_3_link,-1,0,0 0 0,0 0 0,,0.021774217843583465 -1.5019583843087119 -0.0040505492017320274 -1.6212729578782303 -0.06205185666233258 -0.034695190988045799,0.0076085807333223354 0.0036141278435760076 -0.042873318136342896 -0.056341798128029676 -0.032623305444272527 -0.045309241282884882,0.07840434951099523 -1.6260978140389379 -0.19172113061256305 -1.8012723543226818 -0.17295016002858177 -0.17234413978885002,-0.12624431132395059 -0.15100852245944138 -0.12897860564736605 -0.020481992152710116 0.087752331321688776 -0.053662901010618089,0.022251291385921062 -1.5028084522544853 -0.011478753792254378 -1.6301068145350297 -0.066613386199267544 -0.042048527673566378,0.0096964979913797961 -0.018140464888168097 -0.42462972351806472 -0.52071837416181566 -0.25643832442458697 -0.44025682472011274,12.660274347984489 -120.48843434210403 -59.995889180064708 -5.0761942078945843 0.9454226866441201 -0.025136409593256717,0.19932977019577436 -8.6529912904252342 -2.6049194677578278 0.25570828752915986 0.11322354843343874 0.13972824517277616
ur,tetrapga,11.440181867,0.344747854,0.252824957,0.016577327,28.677102,36.06442,3.58463775,1,0,0,2.082009243,0.076311959,0.9,0,0,0,0 0 0.050000000000000003,0 0 0.050000000000000003,0 0 0.050000000000000003,wrist_3_link,-1,0,0 0 0,0 0 0,,0.021957371710673169 -1.5019038464846084 -0.0053898740365552651 -1.6229701250026805 -0.062977117179056116 -0.036081609640843997,0.00335220245588304 0.0014285093386419124 -0.026811522439400069 -0.034113525295306424 -0.018322753342333978 -0.028000935410120345,0.073073964482851195 -1.632384803473599 -0.19700831953717368 -1.8020007993680967 -0.16918975002798775 -0.17450907237955793,-0.12987589946706971 -0.15107213449898194 -0.125059051869719 -0.014513496913636832 0.092932417929165678 -0.050357900668464906,0.022302157671385776 -1.5033574223158239 -0.015222414424179031 -1.6342832397377971 -0.068645384062276729 -0.045559716647038805,0.0063582856842950824 -0.068621257671367494 -0.46795757899928037 -0.52205315035487276 -0.25399973288052968 -0.43889862169025995,13.931505965398809 -113.36045789756254 -48.506719109988644 -3.5416436734702064 0.70425150195140584 -0.0039709907994546672,-0.2338971575033213 -5.4705177453715805 -1.3079172414845068 0.21970587957639509 0.048041026855770497 0.086442246436689629
ur,tetrapga,11.476352423,0.345438508,0.257195722,0.025116723,28.623748,36.275671,3.5779685,1,0,0,2.17099822,0.019091044,0.9,0,0,0,0 0 0.050000000000000003,0 0 0.050000000000000003,0 0 0.050000000000000003,wrist_3_link,-1,0,0 0 0,0 0 0,,0.022116658963899648 -1.5016950469609853 -0.0070691966431381693 -1.6252103330436705 -0.06418321250474486 -0.037924365937439752,0.0042387026959667074 0.0012561789845163536 -0.043894648196532091 -0.054761492441408245 -0.029360794039493723 -0.045014235615196255,0.068320810108570051 -1.6378480272578742 -0.20146809145818889 -1.8024313486678085 -0.16574803663779356 -0.17627780099443155,-0.13292649932346121 -0.15098741350503547 -0.12151696775691714 -0.0092874961988483381 0.09736044790785342 -0.047433569559727266,0.022391201004672734 -1.5043218436236709 -0.019155588799834613 -1.6384566864211867 -0.070657896147137411 -0.049057331281367536,0.011130416662666627 -0.12055266348950444 -0.49164679697461505 -0.52168083544143473 -0.25156401061588929 -0.43720182930346385,13.354988936967459 -104.36860432469575 -43.4948123401755 -3.1377239918433997 0.6270763220275577 -0.0031116629526844286,0.17395921320452601 -8.2885186806852289 -2.3701658553271159 0.27095194775029086 0.097899756779241898 0.13882564470813463
ur,tetrapga,11.512725931,0.3471156,0.25453098,0.014987802,28.650176,35.977677,3.581272,1,0,0,2.258272375,0.04013355,0.9,0,0,0,0 0 0.050000000000000003,0 0 0.050000000000000003,0 0 0.050000000000000003,wrist_3_link,-1,0,0 0 0,0 0 0,,0.022186336101776425 -1.5017075618988982 -0.0082714353873844307 -1.6266567084610928 -0.064906768006038187 -0.03913312291313107,0.0012680624981424638 7.9429884591933057e-05 -0.029158342552029974 -0.0352184215941325 -0.017254366110944382 -0.029601926098394352,0.063431550975521084 -1.6433364275025768 -0.205821420950724 -1.8026731035522279 -0.16212682349591787 -0.17794893333876377,-0.13589256749876827 -0.15077067749204864 -0.1178306255393067 -0.0040005221095130526 0.10173952083988601 -0.044446135388614701,0.021555447995516085 -1.5013043184185726 -0.011195794225302789 -1.6304690818193495 -0.066324509606989823 -0.042624384470292716,-0.078861013282542372 0.050405435040704764 -0.36554485473979481 -0.47654666978208854 -0.17721770011895499 -0.4364076946452054,11.46524627158872 -149.12050397056913 -82.719556680198906 -7.4140842114341332 1.3379246194101708 -0.048137049750845068,-0.28424506313358222 -4.9459745305566685 -0.99862933986939595 0.25691617701340874 0.038399549954618806 0.091394806051297905
ur,tetrapga,11.548798822,0.347980567,0.261098595,0.02695586,28.620913,36.231312,3.577614125,1,0,0,2.251149424,0.029453495,0.9,0,0,0,0 0 0.050000000000000003,0 0 0.050000000000000003,0 0 0.050000000000000003,wrist_3_link,-1,0,0 0 0,0 0 0,,0.022201478569874551 -1.5015521764312476 -0.0098698404113964754 -1.628711392729874 -0.065918348673950453 -0.040865788709209996,0.0004450591574397542 0.0011800876992319334 -0.046542067455041497 -0.056507227391206644 -0.027724460487600858 -0.047659484656957081,0.058478006702406847 -1.6487693233899485 -0.21000415924108776 -1.8027224362746015 -0.15837961268744885 -0.17949812907981777,-0.1387309231457694 -0.15042533389622861 -0.11405445520695277 0.0012693770595831287 0.10600499826443691 -0.041439229054105554,0.020795768196736293 -1.5013676699144247 -0.014708260614241088 -1.6342998698536138 -0.067733552612780426 -0.046119161769980134,-0.09495997484747401 -0.0079189369815266947 -0.43905829861728729 -0.47884850428304704 -0.17613037572382539 -0.43684716246092703,16.957827952097055 -142.49568518294814 -62.41553495755111 -4.6034063520682089 0.91068389384075243 -0.0057052855261989412,0.28637159257107214 -8.8954337271215991 -2.5448585519233902 0.27510473015445314 0.094162229514836326 0.14695868261688361
ur,tetrapga,11.585125893,0.347948157,0.266351663,0.030687714,28.640075,35.979291,3.580009375,1,0,0,2.274565792,0.020986054,0.9,0,0,0,0 0 0.050000000000000003,0 0 0.050000000000000003,0 0 0.050000000000000003,wrist_3_link,-1,0,0 0 0,0 0 0,,0.022210597285831465 -1.5015379677719103 -0.012010053793147891 -1.6313261787030378 -0.067198572307862511 -0.043068786460870791,0.00086633415064684847 -0.0062698832560116316 -0.063594442399241002 -0.072312392754042609 -0.035180465856444777 -0.060804162124523956,0.053388005372026363 -1.654225533017005 -0.2140765615520826 -1.8025795890479175 -0.15445197600477395 -0.18094785077847661,-0.14148295143884967 -0.14994630857100116 -0.11013363945614667 0.006598406297079789 0.11021836087818623 -0.038368825656835318,0.020064470802141039 -1.5019564539002426 -0.018484121864777332 -1.6381371871580566 -0.069116770078227266 -0.049595877119533685,-0.091412174324406764 -0.073597998227239336 -0.47198265631703062 -0.47966466305534505 -0.17290218318085421 -0.43458941869419426,16.962625585458873 -131.7474321168192 -55.382775334116204 -4.0353916920911885 0.80778795541949788 -0.0041177850633665244,0.48121496902346905 -10.12694555626058 -2.9288158033700995 0.34758845112628478 0.12246930465011019 0.18746112131063342
ur,tetrapga,11.621204045,0.350834787,0.259772819,0.018575488,28.951901,36.718438,3.618987625,1,0,0,2.325744668,0.07293079,0.9,0,0,0,0 0 0.050000000000000003,0 0 0.050000000000000003,0 0 0.050000000000000003,wrist_3_link,-1,0,0 0 0,0 0 0,,0.022163261504777928 -1.5019652648105732 -0.012562142383338123 -1.6315888984596203 -0.067188479437940679 -0.043334392243050857,-0.0028822547807156253 -0.001112239793106308 0.0065489846765579909 0.010484036096460996 0.0091367717251171002 0.007207212774769791,0.048235878797777479 -1.659624776945589 -0.2179780148382548 -1.8022457946633201 -0.15040130090859755 -0.1822765163082527,-0.14410815071542443 -0.14934029949666713 -0.10612555730905783 0.011907993201626813 0.11431708381542874 -0.035279587250146328,0.019393187636535646 -1.5030379914750764 -0.022462965826859829 -1.6419743061753089 -0.070479666690629161 -0.053056252604084621,-0.083910395700674212 -0.13519219685423856 -0.49735549526031209 -0.47963987715653994 -0.17036207655023616 -0.43254693556886681,15.812583932020162 -121.08547841232037 -50.397711882046025 -3.6477657093325955 0.73135855938020544 -0.003597022882422671,-1.5323138199335631 4.1575383720446553 2.7863231343753299 0.27131808583089878 -0.10461559811292886 -0.02184515694136735
ur,tetrapga,11.65803048,0.353875554,0.26515075,0.019586534,28.580754,36.206829,3.57259425,1,0,0,2.407685061,0.068826049,0.9,0,0,0,0 0 0.050000000000000003,0 0 0.050000000000000003,0 0 0.050000000000000003,wrist_3_link,-1,0,0 0 0,0 0 0,,0.021817951042024289 -1.5014928413138813 -0.01295618147524626 -1.632241226185899 -0.067285336269762144 -0.044015132019652944,-0.010192801320607634 0.015854358874110106 -0.01278497525281176 -0.020954747536914502 -0.0045132181211619748 -0.021363297598104694,0.042881280329811984 -1.6651110103420712 -0.22180915775808588 -1.8017072710231727 -0.14611578227118271 -0.18351707862259556,-0.14667446320103641 -0.14858804319328994 -0.10192036246013061 0.017340287684340261 0.11840844703666488 -0.032087551317522396,0.018783285597487275 -1.5045716606115023 -0.026620765561796746 -1.6458087749438637 -0.071824265255686151 -0.056501149958167102,-0.076237754881046296 -0.19170864205322907 -0.51972496686711445 -0.47930859606933357 -0.1680748206321229 -0.43061216926030965,14.504885804653631 -110.9592073884166 -45.937269210570236 -3.3028166695533296 0.66173806612094732 -0.0032451228056741624,-0.026672612831006859 -6.4635563123574684 -1.6091446155704716 0.13510454239349201 0.0057555015860657477 0.065915279378472746
ur,tetrapga,11.694342306,0.355691038,0.26675472,0.032628928,37.028011,44.871302,4.628501375,1,0,0,2.329692913,0.001063443,0.9,0,0,0,0 0 0.050000000000000003,0 0 0.050000000000000003,0 0 0.050000000000000003,wrist_3_link,-1,0,0 0 0,0 0 0,,0.021318106606524972 -1.5008860242453312 -0.014047139163713245 -1.6337574268212034 -0.067753142160626972 -0.045463361650488122,-0.013787121557929195 0.012701970618930332 -0.035261055956444014 -0.044243865501873793 -0.013928237989971101 -0.041958800163875022,0.037511049497517227 -1.6704910471633136 -0.22543312777471416 -1.8009802420617405 -0.14174435111566236 -0.18462454217771687,-0.14909055194901052 -0.14771438061286235 -0.097664568243202424 0.022704192079075342 0.12234718131810846 -0.028904077636051642,0.019118674171866173 -1.5035564559245642 -0.023925317148127571 -1.643391271768404 -0.070817363767577912 -0.054384439313853769,-0.11650274126749383 -0.10345168701842156 -0.44892059817157182 -0.45102136073381038 -0.12858250742766733 -0.42527293869076943,11.871659711756827 -132.79918144015625 -65.240327678747434 -5.3014298009927039 0.99149255191175478 -0.023916207346216377,0.59681097389875504 -10.76754624545174 -3.2864744541326516 0.15392608695583476 0.060841618550625753 0.12929666318375155
ur,tetrapga,11.739347336,0.356332507,0.285701432,0.235006561,28.684313,38.101329,3.585539125,1,0,0,2.426110362,0.105893481,0.9,0,0,0,0 0 0.050000000000000003,0 0 0.050000000000000003,0 0 0.050000000000000003,wrist_3_link,-1,0,0 0 0,0 0 0,,0.020603087622400373 -1.5005673539885576 -0.01639615936573326 -1.6365255284740348 -0.068678214206663327 -0.048033066095428345,-0.018214703344585977 0.0023800259105699511 -0.069444400353012789 -0.086995552521572414 -0.029846150075062514 -0.078855048623572566,0.03073678532699569 -1.6771112453965471 -0.22970715080028808 -1.7998087712102913 -0.13613077332602966 -0.18583572907683568,-0.1519242505226357 -0.14645041851696472 -0.092244426405764662 0.029355235841338867 0.1270913785233386 -0.024912219549749023,0.018123853457432042 -1.5048369651419178 -0.027898921810835448 -1.647008706148863 -0.071831862898430632 -0.057779336943599699,-0.12435258930426611 -0.16006365216919899 -0.49670058283848434 -0.45217929755735259 -0.12681239135658998 -0.42436220371824135,15.305727879026938 -124.09563604310185 -52.955270415421531 -3.8405172954910358 0.7614790443998225 -0.0044363325935153795,-2.2125894005436635 -17.046242623589023 -17.426314473384252 -13.160367440194022 -2.620944416234579 -6.7308713016773112
ur,tetrapga,11.777567848,0.355749737,0.267539495,0.026706375,37.817734,45.707862,4.72721675,1,0,0,2.390338179,0.001147408,0.9,0,0,0,0 0 0.050000000000000003,0 0 0.050000000000000003,0 0 0.050000000000000003,wrist_3_link,-1,0,0 0 0,0 0 0,,0.019997645779004012 -1.5009003456641423 -0.019110106030657135 -1.6393325767430964 -0.069637043684064578 -0.050601581060936832,-0.012851160936838956 -0.01809973951380257 -0.069449767135382812 -0.065863739983484118 -0.022189793181516666 -0.059900897088714579,0.024886475455490189 -1.6826856041828371 -0.23314283654603332 -1.798578909391612 -0.13119828913247436 -0.18672249537208899,-0.15418828580049154 -0.1452202731577506 -0.087519630178847452 0.034999751080013249 0.1309957887264597 -0.021484983605910512,0.017798317755305576 -1.5037798906234512 -0.027054813191335188 -1.6465377163521897 -0.071421352248003861 -0.057503086349996325,-0.157803982864056 -0.11390440255263504 -0.44378740882361195 -0.42088436327624756 -0.085862369594533666 -0.41407841846600779,11.936302634463038 -137.74025998265466 -66.727067439017986 -5.3109018593224295 0.99850294895470459 -0.022040581589964872,0.37960753883086795 -8.8131038744977559 -2.1637106053830308 0.3793349330444471 0.067849570288984751 0.18470388039730778
ur,tetrapga,11.823409357,0.356902772,0.272552249,0.050518216,32.311248,45.008954,4.038906,1,0,0,2.483567947,0.112960984,0.9,0,0,0,0 0 0.050000000000000003,0 0 0.050000000000000003,0 0 0.050000000000000003,wrist_3_link,-1,0,0 0 0,0 0 0,,0.01967531931262741 -1.5017620699416341 -0.021156802138337077 -1.641086411252334 -0.070144715270280975 -0.052209858709116652,-0.014713692758860034 -0.007441605829870114 -0.053283563302790098 -0.058805135288723817 -0.016928771682969395 -0.055118710712939861,0.017759304947386263 -1.6893053609343034 -0.23702231928503037 -1.7968195250499632 -0.12508884792847583 -0.18761240469173027,-0.15672778383534883 -0.14355612977441584 -0.081711600673912352 0.041756561880070681 0.13552130186989131 -0.017333399606649813,0.016466661670708749 -1.5051669916295065 -0.030989103306034702 -1.6499156790305403 -0.072094149630856197 -0.060805862120728242,-0.16645701057460316 -0.17338762575691838 -0.49178626433743922 -0.42224533479380644 -0.084099672856542296 -0.4128469713414894,15.899499313597033 -128.36355391421606 -54.673066526245691 -3.9598808313384719 0.78512902734036027 -0.0045643851272247887,-1.7565538772821014 -9.7939443401819517 -7.5777324263663957 -1.821932171208573 -0.29627127280764398 -1.2296499200901394
ur,tetrapga,11.868586554,0.357839133,0.261859949,0.035414948,32.168885,40.702172,4.021110625,1,0,0,2.615150785,0.02069478,0.9,0,0,0,0 0 0.050000000000000003,0 0 0.050000000000000003,0 0 0.050000000000000003,wrist_3_link,-1,0,0 0 0,0 0 0,,0.019133430008019998 -1.5022599153065099 -0.023291716568716803 -1.6431243794153518 -0.070716845377825563 -0.054123011023486156,-0.011175452764203024 -0.014370861490734931 -0.042498149474323926 -0.036151539505378118 -0.007706220727297727 -0.034892187162387768,0.010625847917935988 -1.6957500070123745 -0.24058180506891946 -1.7947830839803656 -0.11886891151599578 -0.18830230897725714,-0.15903931027549756 -0.1417162034272251 -0.075844129937849017 0.048392308204607805 0.13980656672946976 -0.013202619841963616,0.015178572454408448 -1.507030762225986 -0.035140710828879262 -1.653294769179392 -0.072750193392114387 -0.06409301143459617,-0.16101115203753771 -0.23297132455994121 -0.51895094035557032 -0.42238626860645984 -0.082005470157274454 -0.41089366423349111,15.399762905018484 -117.70341218920916 -48.837521950059482 -3.5039789855983563 0.70093941212825861 -0.0036017048136692724,-1.5589688204609473 -0.55548694035769586 2.215843667603238 1.9832370774975061 0.83023041032015499 0.66692007348498805
ur,tetrapga,11.909422226,0.359652782,0.267815809,0.008785736,31.357719,40.992911,3.919714875,1,0,0,2.729478449,0.057543847,0.9,0,0,0,0 0 0.050000000000000003,0 0 0.050000000000000003,0 0 0.050000000000000003,wrist_3_link,-1,0,0 0 0,0 0 0,,0.018738535555266504 -1.5026204971046879 -0.024586919781426405 -1.6442755506849591 -0.070942419534140336 -0.05524226339456649,-0.00846668686063211 -0.0049054280624234786 -0.025158714816371278 -0.023491399220652433 -0.0046578386337855328 -0.022955819282604661,0.0040915600249330965 -1.7015002145544904 -0.24356865184808635 -1.7926849470538806 -0.11308338105883566 -0.18876469246875643,-0.1609626225159046 -0.13988382482725553 -0.070424104387897923 0.054362699477208336 0.14352519026677268 -0.0094390297180769606,0.01667995351943782 -1.5026733750936954 -0.027277041126767567 -1.6469767072877752 -0.070783484526935087 -0.058333306396679656,-0.25732275447858538 -0.006609748625934087 -0.33626516816764507 -0.33764457535200648 0.019866875900656444 -0.38638037526414581,7.5162093820240861 -172.09384104686279 -92.121021240459214 -7.5992931794094742 1.3842090258319304 -0.042046897271272581,-0.4356542720861114 -2.8992929188789276 0.21828044825643644 0.31101345653769386 -0.026760108283809814 0.070931263956936164
ur,tetrapga,11.950536524,0.360730213,0.271779352,0.021725186,28.889305,36.476777,3.611163125,1,0,0,2.712549709,0.020888783,0.9,0,0,0,0 0 0.050000000000000003,0 0 0.050000000000000003,0 0 0.050000000000000003,wrist_3_link,-1,0,0 0 0,0 0 0,,0.017993314988159172 -1.5027734191510629 -0.026380724457335979 -1.6460879449078616 -0.071312662577153088 -0.057027533039286073,-0.015651409402324973 -0.0084910635646818361 -0.042144984881368454 -0.039089284541816711 -0.0078511705226355644 -0.038363060929747776,-0.002563348141832439 -1.7072107584904692 -0.24635008859537622 -1.7903268578529425 -0.10710809796280653 -0.18907444137729801,-0.1627373417854282 -0.13787812842530295 -0.064861346650707141 0.060340022413110532 0.14711565554832867 -0.0056247821634603347,0.014391019586152576 -1.5032864618132116 -0.030624510226393328 -1.6496856137955092 -0.070627753176181016 -0.06144223119206868,-0.28611674166065543 -0.076635839939538347 -0.41843363745321999 -0.33861331346672818 0.019466418844258409 -0.38861559942362783,19.233679504022923 -162.55546917735501 -70.970983485788267 -5.1895831488386577 1.0210962567800559 -0.0065956062798930883,0.20454071404188312 -7.1693114020790745 -1.4699041866298899 0.28179823685695737 0.0092314897601966095 0.11830150217319613
ur,tetrapga,11.987124765,0.360706175,0.275628663,0.025744695,29.741068,38.881914,3.7176335,1,0,0,2.722419731,0.008573471,0.9,0,0,0,0 0 0.050000000000000003,0 0 0.050000000000000003,0 0 0.050000000000000003,wrist_3_link,-1,0,0 0 0,0 0 0,,0.01712113336837974 -1.5032268363312078 -0.028625988560645757 -1.6482128772462536 -0.071740464655885364 -0.059114061476517939,-0.02026063708146663 -0.020124785527140358 -0.060261470117886781 -0.051784863774792335 -0.010194289638416171 -0.050553309772130156,-0.0085443847489551847 -1.7122207496960478 -0.24863137861753704 -1.7880223300616427 -0.10166899246822443 -0.18921786019250514,-0.16417847231788651 -0.13595889892184945 -0.059826496386017551 0.065625112549543771 0.15017752716581184 -0.0022121934806872711,0.012129231384407779 -1.5045062915796834 -0.034276818922672696 -1.6524097612255992 -0.070448844234476241 -0.064529141156377187,-0.28272352521809963 -0.15247872080896763 -0.45653858703492123 -0.34051842876125027 0.022363617713096536 -0.38586374553856351,19.604490133917718 -149.94878380813725 -62.842742843113847 -4.5594822596679734 0.91270283791379203 -0.0048000401285474854,0.43688027637391258 -8.4957491972027128 -1.8932721461721087 0.33015578215326968 0.022975810989379397 0.1558503345674751
ur,tetrapga,12.026111172,0.363618431,0.27247563,0.024514603,28.500661,36.217121,3.562582625,1,0,0,2.773373289,0.076353656,0.9,0,0,0,0 0 0.050000000000000003,0 0 0.050000000000000003,0 0 0.050000000000000003,wrist_3_link,-1,0,0 0 0,0 0 0,,0.017034805888244173 -1.5038134819539295 -0.029039412857098337 -1.6481562121277247 -0.071507538433319723 -0.059132449955191971,-0.00021699243604116753 0.00094931490193245855 0.0080135177507458886 0.01079960578994422 0.0078222099010852725 0.008112177027229878,-0.014972710428868196 -1.7174792095399916 -0.2508578794175827 -1.7853547232249534 -0.095752797126691852 -0.18923296065073028,-0.16556914188603569 -0.13377618678533082 -0.054379055427527148 0.071215366466477387 0.15329818800279618 0.0014400452619295369,0.0099388372993782018 -1.5062937208509928 -0.038164010248996849 -1.6551398853044619 -0.070253489172490149 -0.067597574721317805,-0.27379926062869703 -0.22342865891366287 -0.48589891579051891 -0.34126550985784332 0.024419382748260769 -0.38355419561757798,18.314744939762747 -137.50623104123781 -57.044811729893709 -4.1138324475764758 0.82583421006379976 -0.0041915284947076194,-1.5991119195002454 5.4265927531159832 3.6771903808346877 0.37104995371737459 -0.12172071117839778 -0.024620601575705336
ur,tetrapga,12.062432545,0.366495545,0.273839446,0.017108967,28.615447,36.117182,3.576930875,1,0,0,2.847139783,0.070374084,0.9,0,0,0,0 0 0.050000000000000003,0 0 0.050000000000000003,0 0 0.050000000000000003,wrist_3_link,-1,0,0 0 0,0 0 0,,0.016382240943958574 -1.5034040811077112 -0.029348914400753257 -1.6485237645225264 -0.071253327028265465 -0.059698469773151235,-0.019957064047512012 0.013969160540810778 -0.0099910990364821695 -0.012074811075702612 0.0064781946686583046 -0.017705263624465412,-0.021007868543753448 -1.7222992864831459 -0.25273972792030108 -1.7826741543338211 -0.090134048650912166 -0.18911867301334578,-0.1667288322006486 -0.13161633328632807 -0.049231815183184799 0.076380076568151364 0.15607062402421015 0.0048548369338157768,0.0078223168504604687 -1.5086014723990995 -0.042257876039380082 -1.6578727667131019 -0.070043679999591865 -0.070648794848716057,-0.26456505611471659 -0.2884689435133414 -0.51173322379790454 -0.34161017608000593 0.026226146612284756 -0.38140251592478108,16.805669482887836 -125.68459919413525 -51.864355917963877 -3.7176868203267013 0.74647630298592893 -0.0037814430577803914,0.0066462083177043496 -5.6459590275298979 -0.91795602195850279 0.16491844493248209 -0.045642725613078028 0.054620493719582441
ur,tetrapga,12.098657798,0.368431577,0.273248138,0.031733074,34.119996,41.831054,4.2649995,1,0,0,2.720918567,0.006183202,0.9,0,0,0,0 0 0.050000000000000003,0 0 0.050000000000000003,0 0 0.050000000000000003,wrist_3_link,-1,0,0 0 0,0 0 0,,0.015207270210970333 -1.5029386082055274 -0.030318981102926423 -1.6495311985459411 -0.071022147268919672 -0.060972979125878429,-0.032312360169531117 0.0069756228671446164 -0.03183744592459644 -0.029160928698789595 0.005807185898274757 -0.036106624625774617,-0.027066623867426431 -1.7270262921869253 -0.2544291920687316 -1.7798146637610257 -0.084432264184031838 -0.18888097527895342,-0.16775365014311464 -0.12934232134213428 -0.044033220114467267 0.081484552611401487 0.15870320549208189 0.0082698089889452486,0.0091149629413745832 -1.5072650073895342 -0.039669423082916967 -1.6561031599018743 -0.069956765518256511 -0.068739352096859566,-0.2999788236676022 -0.18687088590257731 -0.42262431397046485 -0.30014715904411349 0.072018514499906358 -0.36605813869529158,11.006710986411655 -148.46179330756217 -70.958782148438829 -5.423381861268191 1.0256384322642531 -0.019922757952982241,0.73029769060864425 -10.471914329500578 -2.8266430594205616 0.12579785545040068 -0.013300212551172308 0.11120727354929727
ur,tetrapga,12.140594933,0.369324413,0.273289492,0.030855145,28.613851,36.342242,3.576731375,1,0,0,2.794839053,0.146958979,0.9,0,0,0,0 0 0.050000000000000003,0 0 0.050000000000000003,0 0 0.050000000000000003,wrist_3_link,-1,0,0 0 0,0 0 0,,0.013509422400097608 -1.5029913258558252 -0.032323351485194093 -1.6512558771597772 -0.070780855186217018 -0.063027133293974802,-0.037196140848785759 -0.011379492315358087 -0.051637194490165586 -0.039469143710139508 0.0053659937591814906 -0.046405140722036539,-0.03412375600774032 -1.7323927946732678 -0.25614831578015862 -1.7762746197052839 -0.077715701554643316 -0.18845111701132713,-0.16877424117906956 -0.12656231513738753 -0.037939562061472594 0.087329630057868965 0.16158205278025214 0.012231504542610754,0.0066131356042315077 -1.5092813031200418 -0.043462871079838684 -1.6585138070056222 -0.069372731508946558 -0.071663092736386602,-0.31272841714288446 -0.25203696631345296 -0.47418099961521454 -0.30133088796849761 0.073004251163743483 -0.36546757994087953,17.15806546369361 -137.59010535044928 -58.467841361716609 -4.2152571091471618 0.83504498168163666 -0.0049835082707023488,0.73412615627357525 -10.182197895215722 -2.5562121539786062 0.21047816152349696 -0.015795756959079199 0.14297827969971877
ur,tetrapga,12.177029571,0.368824009,0.276452636,0.027407409,28.546898,35.865924,3.56836225,1,0,0,2.881196405,0.034866108,0.9,0,0,0,0 0 0.050000000000000003,0 0 0.050000000000000003,0 0 0.050000000000000003,wrist_3_link,-1,0,0 0 0,0 0 0,,0.011769450545797764 -1.5037323150395676 -0.034877633549414783 -1.6532095435111418 -0.070564734450491107 -0.065286732958115282,-0.040689132468136241 -0.029827083102943703 -0.068948894839661837 -0.047549232346666984 0.0053539368816414423 -0.054443017152246184,-0.040286898030233248 -1.7369580971385665 -0.25743324444528659 -1.7730012218193478 -0.071785259323435588 -0.18794269315829371,-0.16951535830558426 -0.12402056844271546 -0.032584811196862663 0.092346476919791712 0.16393316467749988 0.015677760391936916,0.0041580551060843608 -1.511813356061227 -0.047492318712549782 -1.660930703194724 -0.068775114578500121 -0.074569580572582839,-0.30688506226839329 -0.31650661764813676 -0.50368095408888747 -0.30211202363771916 0.074702116305803937 -0.36331097952452912,16.718113967396757 -125.84212403174826 -52.074869104956917 -3.7265110950787554 0.74678180984948184 -0.0039330725582179937,0.62695017083733973 -9.0444448899679628 -1.9335797610699217 0.30851518112558551 -0.025236362833425119 0.16780218027730598
ur,tetrapga,12.212986548,0.369394006,0.273253944,0.012225864,34.020069,41.475111,4.252508625,1,0,0,2.752675648,0.040322089,0.9,0,0,0,0 0 0.050000000000000003,0 0 0.050000000000000003,0 0 0.050000000000000003,wrist_3_link,-1,0,0 0 0,0 0 0,,0.010945703886560215 -1.5048108782745702 -0.03658133793797614 -1.6541968794363995 -0.070374040748593492 -0.066425086777717371,-0.016715560228482109 -0.024722292865675576 -0.035990595747768167 -0.020277317516827299 0.0045852243729003275 -0.023498822063843107,-0.046393304284125331 -1.7413706994635594 -0.25850912115992741 -1.7695926124996613 -0.065851088871615435 -0.18731779740753815,-0.17011315886453607 -0.12139869214048012 -0.02724961615345458 0.097236864394069505 0.16611418325845112 0.01908023752973511,0.0048268382637588741 -1.5101038314037178 -0.045329788715491856 -1.6595794867849372 -0.068572590593871413 -0.073231300880177874,-0.34063015407042674 -0.22396427947743636 -0.41162004877861302 -0.25196193367193609 0.12524838370942379 -0.34174590062847215,9.8287444985963219 -146.51304757730077 -69.78443193639076 -5.2340583854197131 0.99055132371206511 -0.018458644098706161,-0.72921319851864297 0.17888802276593196 1.8338796378443476 0.43085580074512109 -0.083432035547389205 0.072679959799273774
ur,tetrapga,12.254569203,0.370058899,0.276833583,0.015990745,28.566178,36.217777,3.57077225,1,0,0,2.831587444,0.137572541,0.9,0,0,0,0 0 0.050000000000000003,0 0 0.050000000000000003,0 0 0.050000000000000003,wrist_3_link,-1,0,0 0 0,0 0 0,,0.009633252110281822 -1.5057070538969559 -0.038551679700743378 -1.655529267433056 -0.070065382198892703 -0.068026779280703373,-0.030344909590008511 -0.024602750125796349 -0.048323692701675587 -0.030799683948724996 0.0072175144950032341 -0.036921234194869888,-0.053478594006499409 -1.7463533756940905 -0.259512968530132 -1.7654330326349168 -0.058894169605882611 -0.18644259936370777,-0.17063802083969073 -0.11822850905823276 -0.021022744576175544 0.10281135033458424 0.16846098926111755 0.023013598792360552,0.001985300142967395 -1.5124117484006683 -0.049033108940076627 -1.661604433137122 -0.067564986005989314 -0.075960957623127101,-0.35519226509893487 -0.28848962461880656 -0.46291502807309637 -0.25311829402310171 0.1259505734852632 -0.34120709286865392,16.885143653354433 -135.42271477393516 -57.464665094318818 -4.1284447175553076 0.81709401908781321 -0.0049485452495560966,0.10267732735819379 -5.2769459269902654 -0.38608891417888458 0.32912321717503801 -0.056850476064084887 0.11387711200245576
ur,tetrapga,12.290878484,0.369770668,0.280777865,0.020483448,34.078533,41.482333,4.259816625,1,0,0,2.772239782,0.025937209,0.9,0,0,0,0 0 0.050000000000000003,0 0 0.050000000000000003,0 0 0.050000000000000003,wrist_3_link,-1,0,0 0 0,0 0 0,,0.0080285687020499492 -1.5067528221893245 -0.040854183059370691 -1.6570849879863816 -0.069694906116039498 -0.069909987421134828,-0.039390490117108753 -0.036661534093179897 -0.064419355294646083 -0.039474268960188449 0.0094895492730484293 -0.047310792182576909,-0.059680408835027746 -1.7505940865962308 -0.26017688366885328 -1.7616128179630037 -0.05274266313273878 -0.18554469748947708,-0.1709495679177358 -0.11534146666788637 -0.015540704426917584 0.1076027552678188 0.17035388008635194 0.026444072893360943,0.0019550291855943919 -1.5113907605427372 -0.04806482383764539 -1.6610075375975406 -0.067264673615609616 -0.075491707368003785,-0.38148815461428487 -0.22605940596761173 -0.39014722974021582 -0.2078533794736046 0.17065905567559841 -0.31952935573410146,10.368978705588695 -149.70313866234872 -70.131082664176361 -5.1616423015530879 0.9843061493480243 -0.016027181683021988,0.37720995498324328 -6.7595377790939892 -0.89141625908274591 0.34489120703710796 -0.055617624475530647 0.14585929019497712
ur,tetrapga,12.33246231,0.370446355,0.279126127,0.016936114,28.670234,36.264936,3.58377925,1,0,0,2.836802631,0.157785543,0.9,0,0,0,0 0 0.050000000000000003,0 0 0.050000000000000003,0 0 0.050000000000000003,wrist_3_link,-1,0,0 0 0,0 0 0,,0.0069562683095370625 -1.5080983442460436 -0.04275503471566279 -1.6580598053899667 -0.06930611292770926 -0.07113225275834667,-0.019479112287432064 -0.023262623542692037 -0.032787086148472637 -0.016514396752594498 0.0078565907968090563 -0.021313741412436939,-0.066793680428078095 -1.7553193948614967 -0.26069180303708916 -1.7570257719630926 -0.045616724052815728 -0.18436349550346318,-0.17113756368450098 -0.11190169669770603 -0.0092171612301842724 0.11299698573559719 0.17234004436551068 0.030364858481401146,-0.001206051766910772 -1.5137336833048507 -0.051586280423633821 -1.6626815791968743 -0.065894162565666659 -0.07804086349672866,-0.39513511906314547 -0.29286534526417551 -0.44018207324855352 -0.20925519991670183 0.17131388124287006 -0.31864451609060918,17.355140768005604 -138.08619529549355 -58.433004328156585 -4.1952423311701574 0.83127578219285247 -0.0049880276889291506,-0.83950722758750729 1.6129948855914336 2.5404170530171655 0.46884892689831759 -0.10589953763280846 0.06596656463230488
ur,tetrapga,12.3688319,0.371025187,0.280125098,0.013952496,28.613684,36.302968,3.5767105,1,0,0,2.916206663,0.081491947,0.9,0,0,0,0 0 0.050000000000000003,0 0 0.050000000000000003,0 0 0.050000000000000003,wrist_3_link,-1,0,0 0 0,0 0 0,,0.005532985004321863 -1.5088980371736038 -0.044441280002668247 -1.6590896192192701 -0.068802395950449166 -0.072519939000974198,-0.035622478680406085 -0.025466566614916579 -0.046196698377690415 -0.0261214595657045 0.012783851885502732 -0.034938299138390069,-0.073018597514505693 -1.7593327476446792 -0.2609259200373899 -1.7528316464915252 -0.039319669558355488 -0.18319692643408597,-0.17115374281054641 -0.10877901524597113 -0.0036522654857997251 0.11762829865336598 0.17391604016033849 0.033784179573920041,-0.0043157438694665295 -1.5165970384262075 -0.05534522368068541 -1.6643625914810489 -0.0645147090160689 -0.080574496342678034,-0.3887115128194697 -0.35791939016960006 -0.46986790713144838 -0.21012653552181268 0.17243169369971936 -0.31670410574367247,16.902674584691674 -126.0832265174099 -52.01989616143598 -3.7107916171300381 0.74443507990604552 -0.0039805521760119117,0.10217989788397119 -4.6043236531395451 -0.0078546343807204266 0.33559142315425561 -0.081019718001385854 0.10775832833994059
ur,tetrapga,12.405240803,0.372155634,0.281297348,0.012702168,34.106646,41.460125,4.26333075,1,0,0,2.815091297,0.007793017,0.9,0,0,0,0 0 0.050000000000000003,0 0 0.050000000000000003,0 0 0.050000000000000003,wrist_3_link,-1,0,0 0 0,0 0 0,,0.0044958130123760051 -1.5096921139172093 -0.045745409363764242 -1.6597370824126052 -0.068343365692747238 -0.073451468784674415,-0.02416927062718557 -0.01683232358798983 -0.028483397035820337 -0.013855261692624637 0.011316455173578785 -0.020716282060204771,-0.079248305939743954 -1.7632347777665103 -0.26095706161094556 -1.7484658167821061 -0.032961165080098227 -0.18190474278761629,-0.17103104646371042 -0.10554861545327676 0.0019457298409445707 0.12217919397324731 0.17534136364284919 0.037195381892431663,-0.003262718166381524 -1.5151949287934388 -0.053510908122476747 -1.6632985677373693 -0.064652102012242946 -0.079348143470590604,-0.41909409222953276 -0.25629407771630525 -0.37069895003149067 -0.1560913488177722 0.22211691777064119 -0.29189511336429863,9.1090530977242921 -147.52849987822458 -69.155253631593396 -5.0101155026509412 0.95540560586731904 -0.015231044988847796,-0.57247573787125816 0.048715009101215401 1.9053251930235149 0.40841506854940235 -0.10739830795003513 0.064055135111118489
ur,tetrapga,12.446799476,0.373206087,0.280652807,0.0169173,28.605623,36.149626,3.575702875,1,0,0,2.885816864,0.152322779,0.9,0,0,0,0 0 0.050000000000000003,0 0 0.050000000000000003,0 0 0.050000000000000003,wrist_3_link,-1,0,0 0 0,0 0 0,,0.0027517816376770561 -1.5104052598561544 -0.047383986793643459 -1.660647701499425 -0.067590620853437616 -0.074855388454252492,-0.040119516738253376 -0.021506085567956131 -0.041218323876145907 -0.02115460224732349 0.017417887491663706 -0.032343404124172408,-0.086350312669962834 -1.767542484697 -0.26074295081110399 -1.743282139847659 -0.025643618588533906 -0.18027833939181132,-0.17072088321267917 -0.10173678232079664 0.008362556012618854 0.12726385949985355 0.1767799766780937 0.041071426413392287,-0.0067397832265344328 -1.517772725219954 -0.056879574178828336 -1.6645560517265721 -0.062872670697134259 -0.081680421441160056,-0.43463313251911351 -0.32222455331439848 -0.421083257043949 -0.15718549865034184 0.22242891438858634 -0.29153474632118059,17.055966594472242 -135.80677183004832 -57.431305980541651 -4.1112113850465581 0.81397717346974618 -0.0049761454095627045,0.2846483101767463 -5.5827088574624213 -0.40019042040876229 0.27886491935896629 -0.089813112713216015 0.099705986697614435
ur,tetrapga,12.483051671,0.373059984,0.28257488,0.020486352,33.98948,41.328525,4.248685,1,0,0,2.826691624,0.035861336,0.9,0,0,0,0 0 0.050000000000000003,0 0 0.050000000000000003,0 0 0.050000000000000003,wrist_3_link,-1,0,0 0 0,0 0 0,,0.00062861777939381049 -1.511495313832389 -0.049469624343625583 -1.6617468382827185 -0.066681386800580875 -0.076546578208252697,-0.050436142587893709 -0.037119145760170023 -0.057121432014393729 -0.027009498997196794 0.022165706808907643 -0.040896884701539252,-0.092532146093272691 -1.7711687736232458 -0.26033804248049075 -1.7385896784214303 -0.019214741263392416 -0.17872839702080759,-0.17030211855643917 -0.098306043662588091 0.013978257369485863 0.13159893058032895 0.17786940988284514 0.04443441674932589,-0.0067065331919807809 -1.5166945825023777 -0.055934245926692702 -1.6640252647878055 -0.062652582285254013 -0.081247621169092399,-0.45636880855130868 -0.25757037202575861 -0.34495583318321776 -0.10922747289502815 0.26555580795044431 -0.26676516804825356,9.6713888738016252 -149.64788053088932 -68.998239351149294 -4.9095594976045307 0.94355391592680937 -0.012846113890190372,0.5189253351176113 -6.760496224614144 -0.786548598481005 0.28484622590713116 -0.097711610576340036 0.12603303612468153
ur,tetrapga,12.524474213,0.373991476,0.28571118,0.016975416,28.621799,35.950048,3.577724875,1,0,0,2.882463339,0.153635622,0.9,0,0,0,0 0 0.050000000000000003,0 0 0.050000000000000003,0 0 0.050000000000000003,wrist_3_link,-1,0,0 0 0,0 0 0,,-0.00065324322200512638 -1.5128303372696417 -0.051105326207648093 -1.6623435215989513 -0.065989875239957127 -0.077529654553697591,-0.02462574641202123 -0.026413014508689235 -0.031209250547988183 -0.010801364123423286 0.014000975875436354 -0.018464874197940479,-0.099573703946720521 -1.7751576713670845 -0.25962587442977697 -1.7330379584402356 -0.011824396256335174 -0.17680862736655673,-0.16965460151896566 -0.094268953072528069 0.020409294299856617 0.13643238230159588 0.1789238269556403 0.048253068659995076,-0.010471811334837161 -1.5192968009873462 -0.059083785341771014 -1.6649103860916172 -0.060526304235881491 -0.083375581489771144,-0.47065976785704744 -0.32527731062105902 -0.39369242688478928 -0.11064016297646213 0.26578475617156555 -0.26599504008484315,17.403945877262828 -137.49969665554815 -57.980921035461336 -4.1483838427215129 0.82238607984449008 -0.0049769710968073705,-0.67278669750106701 1.3367042461541132 2.5463124620573012 0.44221991576523578 -0.12612340891053009 0.057133751201746463
ur,tetrapga,12.56051583,0.374600329,0.282741481,0.013197732,34.057305,41.637406,4.257163125,1,0,0,2.843313833,0.074300947,0.9,0,0,0,0 0 0.050000000000000003,0 0 0.050000000000000003,0 0 0.050000000000000003,wrist_3_link,-1,0,0 0 0,0 0 0,,-0.0023468866302752884 -1.5137987202501721 -0.052624459705886494 -1.662973296864237 -0.065115515081874714 -0.078688737163949959,-0.044288379917777572 -0.030744104980132334 -0.043524088583761979 -0.016710442258531001 0.023015923323236261 -0.030375841931988393,-0.10567594575575567 -1.7784904696100667 -0.25878933507542856 -1.7280465716173745 -0.0053616909212598181 -0.17500998688128577,-0.16894466826909141 -0.09065765097793603 0.026012141617382276 0.14052952300574026 0.17967488796161282 0.051552156079205713,-0.010308064486246486 -1.5186424565208256 -0.058401671565151872 -1.6644615132742504 -0.060377817672153819 -0.082969853252194137,-0.48733943796128271 -0.26183698775830044 -0.31844363016538946 -0.06495897454038696 0.30538649834053477 -0.24221174066669998,9.3180758871953042 -150.5689173370572 -69.138134354339911 -4.8578676297653907 0.93593901316088857 -0.011900077710284897,0.20618009480182309 -4.3552514570474159 0.21142441349971364 0.30098008439563273 -0.1168248721038907 0.093653348802973824
ur,tetrapga,12.60225093,0.375867669,0.287511394,0.015283839,28.534334,36.068205,3.56679175,1,0,0,2.890410043,0.166335631,0.9,0,0,0,0 0 0.050000000000000003,0 0 0.050000000000000003,0 0 0.050000000000000003,wrist_3_link,-1,0,0 0 0,0 0 0,,-0.0037954026341557499 -1.5148878284960932 -0.054027714942948654 -1.6634020251026786 -0.064266621596743234 -0.07959535461530956,-0.027956036960124657 -0.019391641428573234 -0.025484690793091007 -0.0073772634398524455 0.016788065314289197 -0.01677695002175492,-0.11270679919354121 -1.7821849035558213 -0.25756828382625158 -1.7220847951345009 0.0021518736226697945 -0.17277925206853867,-0.16795254866547502 -0.086364870730275545 0.032502009272393578 0.14514259897620557 0.18034993962498144 0.055341789002132116,-0.014326774033438449 -1.5212845975739511 -0.061340220340849023 -1.6649933189435178 -0.057934093486505134 -0.084901477168596154,-0.50233869339899517 -0.33026763164068101 -0.36731859696214397 -0.066475708658410876 0.3054655232060855 -0.24145298955025168,17.514497596278542 -138.21650068536982 -58.251306388044299 -4.1653437284318597 0.82579272097002077 -0.0050178047251130693,-0.53234821548089073 0.69535929036192101 2.2925758047921647 0.40494981929077767 -0.13123561222853652 0.051890181843702976
ur,tetrapga,12.63841843,0.376652785,0.282385634,0.013490129,34.203539,41.792343,4.275442375,1,0,0,2.858021839,0.090264749,0.9,0,0,0,0 0 0.050000000000000003,0 0 0.050000000000000003,0 0 0.050000000000000003,wrist_3_link,-1,0,0 0 0,0 0 0,,-0.0057147646862978898 -1.5157073475590435 -0.055375331850263471 -1.6638458374450273 -0.063187680158753395 -0.08068175365579619,-0.048075483757761273 -0.026633254624439724 -0.037957512316216323 -0.011436275518796207 0.027264106581433294 -0.027351466113405706,-0.11876342453775669 -1.7852398021963634 -0.25629111102755564 -1.7167648575241985 0.0086826649321013229 -0.17071873282489297,-0.16694558374963556 -0.082551561031782045 0.038122424421464636 0.14902209460128754 0.18076515737890905 0.058596602131049259,-0.014147204142404331 -1.520642575028361 -0.06070439290381268 -1.6645931068009738 -0.057818451514640185 -0.084532298829370203,-0.51580434781702 -0.2683253077329481 -0.29332710103205445 -0.021691075837665781 0.34280441349863555 -0.21758542714675341,9.0995898832624569 -150.65551936555175 -68.679051672672244 -4.7567839507199787 0.92006567301266196 -0.010525802706773165,0.26882740834408736 -4.4517427176679121 0.18607177368500061 0.26885191104247497 -0.1298154930487101 0.084306096692273513
ur,tetrapga,12.680312019,0.378191982,0.289052456,0.013102652,28.631356,36.336322,3.5789195,1,0,0,2.898447134,0.165943346,0.9,0,0,0,0 0 0.050000000000000003,0 0 0.050000000000000003,0 0 0.050000000000000003,wrist_3_link,-1,0,0 0 0,0 0 0,,-0.007206533141050098 -1.5166614143928534 -0.056574842092940621 -1.6641070573357311 -0.062254428320295506 -0.081463541534833386,-0.030194621087368215 -0.019433084973626766 -0.023827837620419446 -0.0045805773412121564 0.019430755665997782 -0.015294798572885085,-0.1257300132262586 -1.7886038607826364 -0.25455783156311224 -1.7104300951137554 0.016262239071752806 -0.16818557368355114,-0.16560898387291992 -0.078030298792362923 0.044621843880732849 0.15337361817128894 0.18104827835947357 0.062329479303791201,-0.018394411514834147 -1.5233401264307249 -0.063436791410064211 -1.6647790831544029 -0.055076820671887364 -0.08626712265059816,-0.53090092155372703 -0.33719392529549652 -0.34154981328144163 -0.023247044178624061 0.34270385534410303 -0.21685297765349429,17.54538508508449 -138.10802750846605 -58.132554058936506 -4.15367587762809 0.82376042162524321 -0.0050104312281753372,-0.37337533857741789 -0.13045469789085473 1.9653978281797322 0.36451580466200539 -0.13438638511006218 0.047276367983585033
ur,tetrapga,12.71675074,0.378935148,0.282555108,0.013577599,34.133884,41.589946,4.2667355,1,0,0,2.865231489,0.089111344,0.9,0,0,0,0 0 0.050000000000000003,0 0 0.050000000000000003,0 0 0.050000000000000003,wrist_3_link,-1,0,0 0 0,0 0 0,,-0.0092985783967468837 -1.5175568084559505 -0.0578689445196836 -1.6643775320517529 -0.060981756986240795 -0.082472882045496312,-0.050892889311513631 -0.027994230032939497 -0.035632339907609376 -0.0068762622387023272 0.031187259028924826 -0.024658356392057632,-0.13174113367560522 -1.7913741829762855 -0.25282909346656518 -1.7047743646721611 0.022861228706350756 -0.16585575007797668,-0.16429851823464306 -0.074010156259037271 0.050260073616659358 0.1570303889077494 0.18112140500327517 0.065541098393498226,-0.018178260823097932 -1.522673610160123 -0.062804895823390966 -1.6644081735981819 -0.055001612542443221 -0.085909624300260889,-0.54147073341342677 -0.27814283959814312 -0.269003482314632 0.02126675061199414 0.37845953582760733 -0.19245274402670687,8.7586814562797208 -149.57632659094361 -67.666203090397119 -4.6132848723693458 0.89591913785983479 -0.009037216611866683,0.31916907778334291 -4.4806076782242599 0.19405619682157749 0.24232823356123845 -0.14198463767016278 0.075983490611861271
ur,tetrapga,12.758444171,0.380465949,0.290799587,0.013525005,28.665191,36.0338,3.583148875,1,0,0,2.899405567,0.161104817,0.9,0,0,0,0 0 0.050000000000000003,0 0 0.050000000000000003,0 0 0.050000000000000003,wrist_3_link,-1,0,0 0 0,0 0 0,,-0.010874349575701853 -1.5185580515191839 -0.059000442257916105 -1.6644979557764414 -0.059927699806344416 -0.08317141891537437,-0.031976502160113052 -0.020696637527514349 -0.02280048268300541 -0.001959790995501514 0.021797818140547015 -0.0138181120145496,-0.1385571655295578 -1.7943623786018719 -0.25059948222179368 -1.6981425832105115 0.03041115421394527 -0.16304724814410745,-0.16263122196258464 -0.069314475517603738 0.056687823072871936 0.16106353682552266 0.18100716775547579 0.069172469759839386,-0.022631406190274372 -1.525448804764048 -0.065334367964346121 -1.664250679355705 -0.051976191717443145 -0.087443546511283221,-0.55664317089705506 -0.34689932549063152 -0.31618401761939374 0.019686780309610082 0.37817760312500986 -0.19174027637779223,17.428565778671611 -136.90268773167728 -57.542718321356801 -4.1073712370016722 0.81480565688866546 -0.0049620304432742672,-0.34019004751007742 -0.043809976737065881 2.0287507692020199 0.35394406705381698 -0.14255860677290855 0.042711380626087703
ur,tetrapga,12.794574389,0.381143489,0.282869722,0.012467967,34.265355,41.764684,4.283169375,1,0,0,2.863114458,0.086111854,0.9,0,0,0,0 0 0.050000000000000003,0 0 0.050000000000000003,0 0 0.050000000000000003,wrist_3_link,-1,0,0 0 0,0 0 0,,-0.013082005089263294 -1.5195237997090918 -0.060214987018481131 -1.6645914194742442 -0.058498801516694524 -0.084080364020164347,-0.053728668747630617 -0.02969040568366741 -0.033636962280109636 -0.0025590955922288978 0.035000474828425381 -0.022202864469340947,-0.1444047661563671 -1.7967920018692511 -0.24845109891699557 -1.692262226128209 0.036946584686628973 -0.16049179162807639,-0.16104241584427259 -0.06516614231686263 0.062232229065395654 0.1644245113468098 0.18073727356863539 0.072279252093147575,-0.022373846557290529 -1.5247990642615217 -0.064730075068538701 -1.6639089239815537 -0.051938706601240642 -0.087095717440229869,-0.56464261469021193 -0.28909525311895357 -0.24442469714063544 0.064015679177613916 0.41234875197852394 -0.16672027181325988,8.3547279586424867 -147.66401293024177 -66.263536254005388 -4.4416529865572238 0.86630117544034024 -0.007480821533679685,0.31621834609038046 -4.1144292190110718 0.36925875281312415 0.22926124079003785 -0.15623596121103844 0.068407312993855385
ur,tetrapga,12.836439218,0.382683343,0.292448332,0.014696237,28.658962,36.309807,3.58237025,1,0,0,2.892556533,0.155314333,0.9,0,0,0,0 0 0.050000000000000003,0 0 0.050000000000000003,0 0 0.050000000000000003,wrist_3_link,-1,0,0 0 0,0 0 0,,-0.014740006382213858 -1.520574696244382 -0.061283094000209377 -1.6645796105653403 -0.057331952118208393 -0.084702174556329737,-0.033621539651763808 -0.021637436361262447 -0.021477937439193968 0.0007138361842822928 0.024055175578352083 -0.012260258703115421,-0.15110538853027858 -1.7994180401203741 -0.2457118912120331 -1.6852998447840377 0.044503164360167019 -0.15739132623675695,-0.15903548311306712 -0.060271746680223177 0.068620337665580636 0.16815892963107473 0.18022621702748076 0.075829507456248793,-0.027012448516988759 -1.5276578640098448 -0.067052341554537043 -1.663409470733386 -0.04864363061588841 -0.088424008076323918,-0.57982524496227872 -0.35734996854039597 -0.29028331074979341 0.062431656020953886 0.41188449816902922 -0.16603632951175518,17.209253406873593 -134.92124514403076 -56.62004809193138 -4.0368456490332036 0.80102349921506844 -0.0048844962470082926,-0.34454312194809233 0.31743705250755738 2.2044355101084534 0.35098846183336718 -0.15200392246900662 0.037905466813555222
ur,tetrapga,12.872850845,0.383354152,0.283176502,0.011314286,34.180387,41.77794,4.272548375,1,0,0,2.85441527,0.08040774,0.9,0,0,0,0 0 0.050000000000000003,0 0 0.050000000000000003,0 0 0.050000000000000003,wrist_3_link,-1,0,0 0 0,0 0 0,,-0.017054555319225118 -1.5215948820996712 -0.062403239753207496 -1.6644946348082981 -0.055754331220775555 -0.085507124014634769,-0.056363284325818178 -0.030898685586735742 -0.031222051833924472 0.0017957151291257171 0.038628493632200528 -0.019661072461494927,-0.15686213853785955 -1.8015340073845156 -0.24311272385820812 -1.679119969843812 0.051054742951154454 -0.15457473678577291,-0.15714628157964608 -0.055942082713305891 0.074139265498349108 0.17126373272730941 0.1796089197072844 0.07887141155016518,-0.026718320241362899 -1.5270255256874237 -0.066478764622911163 -1.6630975372346637 -0.04864177083881259 -0.088087504659223631,-0.58560229040699552 -0.29989407908320431 -0.21887174612986079 0.1068144420222749 0.44465125993992427 -0.14024232671803788,7.9062552318323931 -145.15679059808411 -64.579828187965575 -4.2497191803312599 0.83273327744009373 -0.0058673497040790728,0.31102225012242002 -3.7337142404412589 0.54391691860453761 0.21540962343533465 -0.16978665772222712 0.060565270862724674
ur,tetrapga,12.914732295,0.384897695,0.294003316,0.015556501,28.59673,36.040101,3.57459125,1,0,0,2.879116897,0.148002007,0.9,0,0,0,0 0 0.050000000000000003,0 0 0.050000000000000003,0 0 0.050000000000000003,wrist_3_link,-1,0,0 0 0,0 0 0,,-0.018788052503051909 -1.5226823696271301 -0.063396104269229328 -1.6643489502101934 -0.054480086810372717 -0.086048818986016767,-0.035115209194449909 -0.022412232605949278 -0.019970738720044415 0.0034192989479196025 0.026206273343992937 -0.010630084774257169,-0.16339532799996784 -1.8037712855735066 -0.23987556639076882 -1.6718753098595951 0.058558744458851369 -0.15119917507139222,-0.15480953701891964 -0.050882808556904004 0.080438118555252194 0.17466615744908928 0.17870067608461909 0.082314394248446485,-0.031524271361840377 -1.529964506685298 -0.068584393968754154 -1.6622556269101865 -0.045089751086195826 -0.089204255913664571,-0.60074389005968476 -0.36737262473430116 -0.26320366823037461 0.10523879055965767 0.44400246907709567 -0.13959390680511755,16.916796120850208 -132.38771468430269 -55.46175796851486 -3.9493842469648102 0.78385819203139662 -0.0047861636240249614,-0.33604609840442379 0.58438262612253311 2.3334751674305494 0.34374694608140999 -0.16026272274747555 0.032873072606179221
ur,tetrapga,12.950870007,0.385501545,0.283459113,0.010292918,33.995928,41.327725,4.249491,1,0,0,2.838233733,0.074409269,0.9,0,0,0,0 0 0.050000000000000003,0 0 0.050000000000000003,0 0 0.050000000000000003,wrist_3_link,-1,0,0 0 0,0 0 0,,-0.021199008284845045 -1.523755127146478 -0.064415964161167738 -1.6640850826996108 -0.052760937977867538 -0.086746258595770093,-0.058730775215361818 -0.032128464052941869 -0.028698794870275532 0.0061578052444081896 0.042081427478763721 -0.017034624509385327,-0.16895122672669186 -1.8055302074040562 -0.2368712307927697 -1.6655124894484155 0.064999822860510453 -0.14817161060679118,-0.15265386965475061 -0.046453074045906421 0.085825609642925182 0.17745365252368911 0.1777472350999624 0.085234670457966358,-0.031195860754346053 -1.5293411369169001 -0.068038584448964212 -1.6619743644125091 -0.045123603256992793 -0.088879984589956634,-0.60427761637541766 -0.31016500012649029 -0.19230067300040887 0.14949879904870411 0.47521765937986105 -0.11309091690491255,7.4269578866125396 -142.12095381462376 -62.648288391550189 -4.0409011326667086 0.79582757774570778 -0.0042178573152429014,0.31134524072193415 -3.3966630571521819 0.69365792075038257 0.19904491082343156 -0.18227178178558745 0.052460505927200529
ur,tetrapga,12.992300767,0.386995468,0.295424653,0.016360023,34.049923,41.467787,4.256240375,1,0,0,2.856541389,0.140619048,0.9,0,0,0,0 0 0.050000000000000003,0 0 0.050000000000000003,0 0 0.050000000000000003,wrist_3_link,-1,0,0 0 0,0 0 0,,-0.023000425762394201 -1.5248816085940082 -0.065331775640000242 -1.663805541144759 -0.051384384885477398 -0.087205551155364158,-0.036456115257259607 -0.023268756167183335 -0.018449259308513277 0.006122057117424134 0.028256429286423211 -0.0089552985308767197,-0.17522191864504019 -1.807348411449601 -0.23318847749685109 -1.6580971818327115 0.072338102836318141 -0.14457194320306863,-0.15002539394432859 -0.041305818160541352 0.091941813205709363 0.1804767687642633 0.176461674760054 0.088522183764592449,-0.032068286322163408 -1.529372662660057 -0.067919913539344026 -1.6614244971814487 -0.044266939331258193 -0.088785534580685471,-0.62126788297416036 -0.28266123807534654 -0.15434168685772498 0.18318194964817086 0.4983818424971132 -0.092845838503135131,6.8958274973050564 -146.2654633115549 -64.793146173713353 -4.1494680866765137 0.81335246707389541 -0.0039510297406151152,-0.32665786166310795 0.84438747889362276 2.4540035120573975 0.33527092815620563 -0.16793220313870449 0.02770275516954257
ur,tetrapga,13.033870119,0.387761302,0.28571044,0.007533689,39.636393,47.34966,4.954549125,1,0,0,2.83206321,0.108821415,0.9,0,0,0,0 0 0.050000000000000003,0 0 0.050000000000000003,0 0 0.050000000000000003,wrist_3_link,-1,0,0 0 0,0 0 0,,-0.025733766488129715 -1.5261428285911587 -0.066352233030218546 -1.6633220882811464 -0.049354180812905893 -0.087848095648361699,-0.058324912353773989 -0.033261733181842987 -0.025717727522149323 0.010056869805279133 0.043601601192348266 -0.013769462871451092,-0.18140067485187947 -1.8089569258566582 -0.22924019232713103 -1.6505351014245182 0.079643133651128323 -0.14082474677474155,-0.14722159422332642 -0.03607258040914444 0.098007041712162707 0.18332096805816822 0.17496652033662352 0.091752698904052632,-0.035576250977643137 -1.5310746785847553 -0.068851916514419173 -1.6603310598644845 -0.041482194670169212 -0.089218558674499793,-0.63644932674851884 -0.31368430524035323 -0.16549038779456607 0.19597938648609403 0.50706937893761339 -0.083422978361907527,12.130891429959771 -139.77926655561637 -60.066825722027119 -4.0330867013492631 0.79676513579356822 -0.0038929194432448418,0.22687213039591825 -2.4861173040299036 1.0803120022516737 0.20304335130913387 -0.19239704500201071 0.04240739903863755
ur,tetrapga,13.081332384,0.389625445,0.289474399,0.017811457,34.020289,41.569432,4.252536125,1,0,0,2.838355142,0.098525721,0.9,0,0,0,0 0 0.050000000000000003,0 0 0.050000000000000003,0 0 0.050000000000000003,wrist_3_link,-1,0,0 0 0,0 0 0,,-0.027742092722582969 -1.527406445797596 -0.067240405163171021 -1.6628468243262011 -0.047742549139476849 -0.088232101708315983,-0.04171934270279265 -0.022884166216440641 -0.014341334612738246 0.013215801559301011 0.035373674711734485 -0.0056599718898329788,-0.18830824788248546 -1.8105256910342618 -0.22442607697458752 -1.6417618072992475 0.087902059668577948 -0.13638411913421122,-0.14381940172988764 -0.030020060759863874 0.10483583151130747 0.18633222833233776 0.17301011857223458 0.095353887699330342,-0.036777115756707474 -1.5315576721070383 -0.069025141053654482 -1.659746444133219 -0.040376359746146555 -0.089216044808053396,-0.63974298832430254 -0.28963873948283292 -0.12237252685742357 0.23031224526548327 0.52950151983455906 -0.061339327080689614,6.7294530938773676 -142.89619625658406 -62.369280119854608 -3.9038218290024949 0.77200466302942183 -0.0019735548354505197,-1.4948716642572037 1.3938241017021937 2.6717185344428742 0.60255504813630978 0.15119887017515055 0.056853023427663629
ur,tetrapga,13.123004086,0.391978526,0.302147507,0.014672348,33.983724,41.316721,4.2479655,1,0,0,2.835287609,0.129860678,0.9,0,0,0,0 0 0.050000000000000003,0 0 0.050000000000000003,0 0 0.050000000000000003,wrist_3_link,-1,0,0 0 0,0 0 0,,-0.029136209595002172 -1.5281072184583191 -0.067687137521925927 -1.662410056073915 -0.046578835471938078 -0.088415349055519982,-0.028828434463268295 -0.013307269667275337 -0.0085467495573151499 0.0090048145655343866 0.023860876158325717 -0.0037589308972324565,-0.19423614700881386 -1.8116648541115956 -0.21993407428899467 -1.6339456504231389 0.095072075906430645 -0.13234608543202037,-0.14065854131141137 -0.024644002143193271 0.11073925513208591 0.18876473193785506 0.17107546002251706 0.098435536574523377,-0.042024545698730452 -1.5344134744718301 -0.070341918384993346 -1.6579194344455106 -0.036149263750649092 -0.089700831060258224,-0.65592874275287194 -0.35697529559896612 -0.1645971664173583 0.22837621096356669 0.52838699943718259 -0.06059828152560269,16.625332163513413 -129.93933792837737 -54.318269080235453 -3.8652242515686601 0.76715798099673504 -0.0046959143877014307,-0.22755036572516474 0.34673145642500458 2.2008522378314979 0.29843590339260118 -0.15020542586097463 0.011647334962304967
ur,tetrapga,13.164415397,0.393823072,0.292722983,0.008416583,34.38322,41.832749,4.2979025,1,0,0,2.813490175,0.075005297,0.9,0,0,0,0 0 0.050000000000000003,0 0 0.050000000000000003,0 0 0.050000000000000003,wrist_3_link,-1,0,0 0 0,0 0 0,,-0.031194643224249245 -1.5288386606644919 -0.068121864279122979 -1.6617611643810049 -0.044930043154558078 -0.088673837263017322,-0.044088783012217192 -0.018416372054598906 -0.011043772806533216 0.013727777188474325 0.035320883108390246 -0.0055306133153877725,-0.19999322815641718 -1.8125738731948089 -0.21522832993413815 -1.6260820353941321 0.10211329298195251 -0.12820766318327531,-0.13735931992336908 -0.019249834601989233 0.11651339997216306 0.19098297075989226 0.16895423635415524 0.10142053393030726,-0.041817252691191548 -1.5341299455823845 -0.070056082119505522 -1.657687847758613 -0.036105273988856539 -0.089465223808543146,-0.65095727871271269 -0.31298475177791502 -0.10302384843091977 0.26905645683059398 0.55429743296838041 -0.034736205863170944,6.1143902072595662 -136.54787240263926 -58.676592649675442 -3.5602309199811608 0.71171284553215264 0.00018486863210683945,0.14045086805705864 -1.8882613271380251 1.262487524794949 0.19522804991720477 -0.16987698583386646 0.017014593584150361
ur,tetrapga,13.206366241,0.395881761,0.298289065,0.011067111,39.684047,47.117883,4.960505875,1,0,0,2.788722613,0.117670234,0.9,0,0,0,0 0 0.050000000000000003,0 0 0.050000000000000003,0 0 0.050000000000000003,wrist_3_link,-1,0,0 0 0,0 0 0,,-0.033004751465330433 -1.5296030687251838 -0.068540923876589541 -1.6611295719932373 -0.043430974794861396 -0.088853385121402603,-0.037706617508995413 -0.017603841124667421 -0.0096538966356595202 0.013168634295116709 0.031357124560284104 -0.003682225430575533,-0.20568270360826482 -1.8132659716221227 -0.21021954563649389 -1.6180265824454685 0.10915250674755608 -0.12389097879171986,-0.13385932773857553 -0.013738450195764076 0.12226219138140153 0.19302483588930699 0.16660596432145736 0.1043627891520553,-0.044931811889874843 -1.5356896584206041 -0.070524275797344868 -1.6562754759641884 -0.033429977971789628 -0.08950601525629491,-0.66471056314357169 -0.33642900656497926 -0.1058729048210426 0.28410035663505251 0.5633401523210152 -0.024218889942112836,10.744969697381972 -130.86246011375437 -55.4497162900511 -3.6105509011002122 0.71774287104387713 -0.0017983805263354627,0.0021260479052500614 -0.93258900573073333 1.6600667047783872 0.22839073787326925 -0.1637213218987057 0.01134906050847917
ur,tetrapga,13.253593688,0.396833107,0.286309232,0.013706109,33.984318,41.337448,4.24803975,1,0,0,2.78471634,0.067978378,0.9,0,0,0,0 0 0.050000000000000003,0 0 0.050000000000000003,0 0 0.050000000000000003,wrist_3_link,-1,0,0 0 0,0 0 0,,-0.036248875535339363 -1.5309532376080441 -0.069183164518734352 -1.6599787161087793 -0.040793515493440013 -0.089151129730392589,-0.0559909432599816 -0.030657173198765691 -0.014413152560652969 0.022312412433046006 0.047934587023418185 -0.003288208885604008,-0.21190786664966432 -1.8137673141219184 -0.20429508830658821 -1.6088610978133806 0.11695384507637348 -0.11888594901056958,-0.12973296572631848 -0.0074844471391640769 0.1286046771020839 0.19507293167058395 0.16372565391877603 0.10757317957620817,-0.045918693140288264 -1.5358256648636837 -0.070355131013114636 -1.6555673209072683 -0.032438118518418782 -0.089326385829741881,-0.66604367846014512 -0.31302710616993312 -0.062676356884379142 0.31997189115196445 0.58420352677450493 0.00027333295023428301,5.6092299840180608 -132.80807497725732 -56.388696065550548 -3.3264328425926921 0.66749894480535177 0.0020151388698230318,0.39965293373307986 -0.66815087979011878 2.0559163184263127 0.3008555367396184 -0.19708618870834016 0.10719980172279975
ur,tetrapga,13.295028954,0.398578188,0.302537052,0.015793181,39.660208,47.092538,4.957526,1,0,0,2.751917222,0.09420365,0.9,0,0,0,0 0 0.050000000000000003,0 0 0.050000000000000003,0 0 0.050000000000000003,wrist_3_link,-1,0,0 0 0,0 0 0,,-0.038060871900052425 -1.5320206199904258 -0.069677904078424405 -1.6592520206031534 -0.039229065639598493 -0.08925515333780136,-0.037140954384291346 -0.022741391002734906 -0.010564108700517797 0.014870696239187775 0.032107476524837732 -0.0021331419974087553,-0.21720559927505451 -1.8139631025730252 -0.19885311974362666 -1.6007448370263742 0.12368194798670175 -0.11437187537099586,-0.12595388450828113 -0.0019606611627999895 0.13404934943948935 0.1966485805596383 0.16099547926475058 0.11029783132026848,-0.049374917807652456 -1.5375887585912813 -0.070719420961596752 -1.653819508970013 -0.029403437107123745 -0.089224150911041938,-0.67758499717789378 -0.33929436823899334 -0.066699585269334338 0.33362335765332385 0.59155227394874577 0.010553349464352515,10.197737210479286 -126.29770779031378 -53.02403364690791 -3.3952023168872043 0.67763009227128401 -0.00066274936218618276,-0.18680623985281386 0.7273044144949381 2.3689771154998027 0.26757577151602163 -0.17578302393174283 0.0066173022493387634
ur,tetrapga,13.342227246,0.400230184,0.28733776,0.014076832,34.227141,41.662473,4.278392625,1,0,0,2.74991114,0.068130235,0.9,0,0,0,0 0 0.050000000000000003,0 0 0.050000000000000003,0 0 0.050000000000000003,wrist_3_link,-1,0,0 0 0,0 0 0,,-0.04056032001520405 -1.5332416094139918 -0.070127782008488043 -1.6581748435062322 -0.037078925333129738 -0.089341157717245517,-0.052648794363504538 -0.026118862111269125 -0.0081959255126467061 0.025388406264550255 0.047092869715340525 7.3741865890959517e-05,-0.2230453877008241 -1.8139064722963849 -0.19238265305548022 -1.5914259440310168 0.1312028532940524 -0.10909485871288216,-0.1214728142316643 0.004365801432474393 0.14010649956583843 0.19818861458631792 0.15765856894536515 0.11329314407982936,-0.050378824751334046 -1.5379485752392772 -0.070624409215552714 -1.653054864224333 -0.028359994825036275 -0.089006178645708478,-0.67640072998822376 -0.31667390458005651 -0.025100966313791044 0.36778900172369394 0.61014829938630843 0.034559458554406793,4.9224851938752412 -127.78864562588106 -53.457858670374314 -3.0381451149632692 0.61491802934798112 0.0040227937120766626,-1.3096344175827141 -0.10432690632660524 2.1115247976028115 0.56037608918268234 0.18022445481318528 0.074259154947469597
ur,tetrapga,13.383993436,0.402261405,0.303331045,0.015178315,39.445275,46.78203,4.930659375,1,0,0,2.714442265,0.08913182,0.9,0,0,0,0 0 0.050000000000000003,0 0 0.050000000000000003,0 0 0.050000000000000003,wrist_3_link,-1,0,0 0 0,0 0 0,,-0.042303922444293977 -1.5341226699316388 -0.070411807520072325 -1.6573429637655857 -0.035530413511421027 -0.089336295831261972,-0.035835547469317684 -0.018323296033088216 -0.0059306902997579422 0.017052033126747433 0.031775544313406859 0.00010049700032871207,-0.22803333918117757 -1.8136067829168185 -0.18642137904805986 -1.5831239211796098 0.13772249673940656 -0.10430942429295553,-0.11735478531111793 0.009988255576404672 0.14533106634220974 0.19932302004475916 0.15450801398008582 0.11584461975646412,-0.053856260412001117 -1.5397297151680598 -0.070796453273814675 -1.651079050498975 -0.025219864939208345 -0.088730635922282614,-0.68702015467838651 -0.34220203196154386 -0.028149310266506723 0.38097982633389166 0.61659181967801469 0.044759002476779747,9.5598730078065373 -121.17584446589251 -50.373130245179006 -3.1635187006643473 0.63407204908027393 0.00048041035850428758,-0.13945337504861754 0.5856810365412457 2.2767472562533442 0.24457610733861657 -0.17249237374788606 -0.00028607215682541209
ur,tetrapga,13.430876446,0.40390831,0.286348856,0.010769889,34.003362,41.453081,4.25042025,1,0,0,2.712684511,0.06229019,0.9,0,0,0,0 0 0.050000000000000003,0 0 0.050000000000000003,0 0 0.050000000000000003,wrist_3_link,-1,0,0 0 0,0 0 0,,-0.044879350000661157 -1.5352338779778822 -0.0706436661501091 -1.6560637669075124 -0.03326369317149263 -0.089288887065076455,-0.054452438932009364 -0.024925929541013536 -0.0043078641436550581 0.029576744710230838 0.049699012338489439 0.0027782929431230457,-0.23342371125290901 -1.8129901679056897 -0.17947340631581285 -1.57375417739799 0.14487921089715439 -0.098813339248368007,-0.11256629212807255 0.016318938205264137 0.15103638837058436 0.20033885177451452 0.1507552726016714 0.11859455551723656,-0.054837133790343502 -1.5400513780314125 -0.070627742922407061 -1.65026047777507 -0.024176548115290131 -0.088460166490083675,-0.68366607300154536 -0.32119768230517476 0.011539598694354794 0.41386636602170562 0.63315386750754432 0.06869937544948243,4.2958231557325028 -122.04758458424593 -50.157137632281831 -2.7287231387108983 0.55823486254935084 0.0060581823213979105,-1.1624410892844139 -1.3152079443079856 1.6154833019722616 0.52746856595513236 0.20021997169974526 0.08170099258509822
ur,tetrapga,13.472433638,0.405872131,0.303853744,0.014216632,39.555897,46.972082,4.944487125,1,0,0,2.672676114,0.076027196,0.9,0,0,0,0 0 0.050000000000000003,0 0 0.050000000000000003,0 0 0.050000000000000003,wrist_3_link,-1,0,0 0 0,0 0 0,,-0.046677269918759451 -1.5361159119021031 -0.070821284298186543 -1.6550964249709355 -0.031629062076078462 -0.089195320820755319,-0.03685180186997708 -0.019074774530068072 -0.0041528266959057931 0.019798954648699556 0.033553601941995262 0.00192042439836287,-0.23801095034372977 -1.8121951998808372 -0.17309424740117382 -1.565413962367926 0.15107177750024359 -0.09383604462974976,-0.10817926242336014 0.021941205468504005 0.15594627478089221 0.20101005593974608 0.14724207945196288 0.12092851303408736,-0.058340644306303965 -1.5418389249668849 -0.070600619435470718 -1.6480568903501249 -0.020930812176629461 -0.088013019255076833,-0.6929345604820597 -0.34642668347496486 0.0094386038601511433 0.42657177798893819 0.6386080536072184 0.078866977209343617,8.878334487217634 -115.19857467673468 -47.328352537502603 -2.9057566431598421 0.58535444269553127 0.0016496618379432063,-0.068660472062759936 0.31145743546585436 2.1324948732657276 0.21256888999596413 -0.17447255956556518 -0.0059200149398463964
ur,tetrapga,13.519506263,0.407408233,0.287278967,0.012215893,34.127995,41.460379,4.265999375,1,0,0,2.67011509,0.049425919,0.9,0,0,0,0 0 0.050000000000000003,0 0 0.050000000000000003,0 0 0.050000000000000003,wrist_3_link,-1,0,0 0 0,0 0 0,,-0.049292399671604176 -1.537291488952794 -0.07093656372573999 -1.6536354645337468 -0.029259646913473183 -0.089018375853693169,-0.054892063741938578 -0.02627266359013929 -0.001905357210206749 0.033265848172883299 0.051527530351509844 0.0055534503384956869,-0.24298323120385854 -1.8110123762295089 -0.16562591720137412 -1.5559390617478221 0.15790517675879082 -0.088083729116997619,-0.10305345816110655 0.028314219414688223 0.16133316262689926 0.20150874455850259 0.14305618166631157 0.12345161352603083,-0.059314068396785768 -1.5421813036862067 -0.070389416355016624 -1.6471801928285728 -0.019870558760507959 -0.087692558639724361,-0.68719346487582289 -0.32701221084532361 0.047396879134602471 0.45824816094389764 0.65308400893158469 0.10289238779314647,3.5894789885004226 -115.33842299676003 -46.422549291540172 -2.3896999062506215 0.49552638222989376 0.0081190852793568136,-1.1377678492667371 -0.92081649334068061 1.8323839351108404 0.54208973232925928 0.19281772888359683 0.094785037276096773
ur,tetrapga,13.561062795,0.409307092,0.304763094,0.014815317,39.460899,47.059819,4.932612375,1,0,0,2.626509919,0.061210029,0.9,0,0,0,0 0 0.050000000000000003,0 0 0.050000000000000003,0 0 0.050000000000000003,wrist_3_link,-1,0,0 0 0,0 0 0,,-0.051104114338877647 -1.5382122475745796 -0.071029697462647506 -1.6525470548106445 -0.027565567272624478 -0.088833608384005419,-0.037150365982974977 -0.019760370151910137 -0.0023538166905818637 0.022286557196425021 0.034771453660399673 0.0037917081971766083,-0.2471694007967947 -1.809718864620774 -0.15882545596327055 -1.5475599721911324 0.16377019549668767 -0.082909131654876136,-0.098394712314878105 0.033937975743268407 0.16592853809081126 0.20171718359690022 0.1391835263945817 0.12557011154642034,-0.062823010461238615 -1.5439976039994683 -0.070175848014199085 -1.6447577190789082 -0.016533869958997811 -0.087073305455633937,-0.69517894528888058 -0.35107063268311595 0.046704809167664785 0.4705237188529473 0.65755523684015826 0.11306447011551055,8.1110380147192451 -108.38965710984745 -43.923174690462744 -2.6229440707842517 0.53155629346089184 0.0028413759110150587,-0.076503000548257205 0.59511229697545787 2.2222974750046376 0.19929478412268509 -0.17824225053580278 -0.011692101740891303
ur,tetrapga,13.608222004,0.410740456,0.287939434,0.013147573,34.119365,41.496397,4.264920625,1,0,0,2.624842099,0.036507745,0.9,0,0,0,0 0 0.050000000000000003,0 0 0.050000000000000003,0 0 0.050000000000000003,wrist_3_link,-1,0,0 0 0,0 0 0,,-0.053738193733141031 -1.539423696169667 -0.071012823418770549 -1.6509126890489227 -0.025113599969325141 -0.088525942640166458,-0.055213007050068395 -0.026815844719150248 0.0009598583589794556 0.036883435391056381 0.053145897746924672 0.0083263620156575971,-0.25168210926709889 -1.8079680803030223 -0.15088108538181128 -1.5380466927797445 0.17022655405523313 -0.076933105772842972,-0.092961737325646596 0.040309459760550802 0.17095442522936227 0.20168973317133385 0.13459357867999669 0.12784770421155728,-0.06377888804869894 -1.5443669895393022 -0.069927200697892988 -1.6438273239474408 -0.01546442939380533 -0.086702193669974115,-0.68728580539996365 -0.33204247686038235 0.083391868299982325 0.50098504616192141 0.66991325661839252 0.13717880603847543,2.8601210128872445 -108.02572019399101 -42.423601114426411 -2.0348480358674568 0.42952322184313729 0.010177140813790132,-1.1243620525042957 -0.67898023600355373 1.9721359874050677 0.55472240808376228 0.19378883391107848 0.10684785487208615
ur,tetrapga,13.649805136,0.412582464,0.305407128,0.015075751,39.528946,47.091247,4.94111825,1,0,0,2.578222394,0.045390203,0.9,0,0,0,0 0 0.050000000000000003,0 0 0.050000000000000003,0 0 0.050000000000000003,wrist_3_link,-1,0,0 0 0,0 0 0,,-0.055560229121644551 -1.5403588680770532 -0.071007763764586396 -1.6497055854610918 -0.023366686035775935 -0.08825008094281156,-0.037371224762872489 -0.019992138929575562 -0.00029953554243775159 0.024723489955729164 0.035854384947094441 0.0056607818681675692,-0.2554459620462165 -1.806175342256189 -0.14368314054250866 -1.5296643947374888 0.17573629465944404 -0.071577035646680998,-0.088047167712636029 0.045911843849607913 0.17521359883885948 0.20143242294454911 0.13037967447381199 0.12974216705289968,-0.067276063388401211 -1.5462016675627783 -0.069523336559501658 -1.6411944042549227 -0.01205288674073886 -0.085910460391080246,-0.69398005502922544 -0.35458858239368957 0.084250606365086703 0.51281065756830779 0.67338839693779573 0.14733814373618728,7.3045248883579408 -101.04905122619881 -40.288405982130769 -2.3253305534449535 0.47473631375383241 0.0040384044863379263,-0.071092592347554273 0.77653346412262181 2.2613626043313104 0.18198470792049193 -0.1806920006734174 -0.017460728588758911
ur,tetrapga,13.697005273,0.413901542,0.288759407,0.013727746,34.123333,41.547299,4.265416625,1,0,0,2.578090118,0.022431725,0.9,0,0,0,0 0 0.050000000000000003,0 0 0.050000000000000003,0 0 0.050000000000000003,wrist_3_link,-1,0,0 0 0,0 0 0,,-0.058203141302776006 -1.5415956591185449 -0.070853010027940574 -1.6479029001227368 -0.020842574205330342 -0.087811574374549312,-0.055257450632163356 -0.027288967518608997 0.0038462173790729894 0.040367864432011347 0.054510576829842006 0.011107365996940347,-0.25946751920317251 -1.8038587016901066 -0.13530285699622213 -1.5201687892337203 0.18177379377103295 -0.065404992645555854,-0.082333928961142056 0.052245423059521789 0.17984572795263398 0.20087569968624655 0.125414067479271 0.13176076399819683,-0.068211413989120825 -1.546585968345672 -0.069231814352085114 -1.6402131943063707 -0.010979173569157889 -0.085489180294669398,-0.68397647848952303 -0.335913142508239 0.11954486432050118 0.54193224715835098 0.68356963560604189 0.17147963931731397,2.1199933671048488 -100.20265659536979 -38.2027481412443 -1.6675722434920668 0.36088862576702935 0.012220642196558731,-1.0856157933810664 -0.5455071594360561 2.0591618783054457 0.5613592245927066 0.19333620454431966 0.11914998088235507
ur,tetrapga,13.738627456,0.415676984,0.306122182,0.015216549,39.509094,47.022645,4.93863675,1,0,0,2.528941604,0.028199388,0.9,0,0,0,0 0 0.050000000000000003,0 0 0.050000000000000003,0 0 0.050000000000000003,wrist_3_link,-1,0,0 0 0,0 0 0,,-0.060025725750023365 -1.5425465226482176 -0.070751001540484679 -1.6465816252093848 -0.019051144373088458 -0.087444346136506507,-0.037382354712549554 -0.020313785652535873 0.0016936636056856305 0.027064975676065341 0.036767597289456333 0.0075354401944323496,-0.26278758325391671 -1.8015684003309445 -0.12773549727833894 -1.5118222155835117 0.18689994088104192 -0.059885850474854944,-0.077182130552592779 0.057801468513276874 0.18374660643191618 0.20015164564089361 0.12088024583743406 0.13342256576866018,-0.071679696938756435 -1.5484308743717223 -0.068635844819181197 -1.637379252287368 -0.0075089233576793885 -0.084525234107475589,-0.68933816018874117 -0.3568459550865965 0.12197078882755231 0.55325623834490123 0.68603039780270814 0.18159221250418189,6.4645341813634944 -93.223910284443392 -36.446328806169959 -2.0146960738461934 0.41524145434139753 0.0052343004312298286,-0.063009684146663858 0.92975062316600088 2.2824824117855371 0.16333951930573676 -0.182212185732471 -0.023247201046700638
ur,tetrapga,13.785753436,0.416857099,0.289813512,0.014426891,39.501356,46.936758,4.9376695,1,0,0,2.494156528,0.007391403,0.9,0,0,0,0 0 0.050000000000000003,0 0 0.050000000000000003,0 0 0.050000000000000003,wrist_3_link,-1,0,0 0 0,0 0 0,,-0.062663278025199401 -1.5438110123889066 -0.070460818380613091 -1.6446173404531608 -0.016466900467125272 -0.086874679522283504,-0.055011494116849538 -0.027778024099219215 0.0066922376607468671 0.043703345367213833 0.055618720453732229 0.013889802977414071,-0.26628503731821379 -1.798696991111127 -0.11897632552733881 -1.5024142910503548 0.19247230947092461 -0.053556479141941081,-0.071226729338745493 0.064051704584047395 0.18794933157766028 0.19906890891581588 0.11557881249899669 0.13516813457003532,-0.074904662648202863 -1.5502421070647872 -0.068061313584101807 -1.6346601212520322 -0.0042377170944745465 -0.083562930569432869,-0.68488383023883248 -0.37077479143475267 0.12884682636247807 0.5660816497857708 0.68883759287958823 0.19370811637874655,6.2925443812423536 -87.677620530889143 -33.797567449922447 -1.8320860049675765 0.38279251038131074 0.0056858359179360433,-1.0502515403974257 -0.35551028788540862 2.1640336616507057 0.56791526556844474 0.19161245487020295 0.13124803090255455
ur,tetrapga,13.832792858,0.418629979,0.280010298,0.026362319,34.035025,41.515654,4.254378125,1,0,0,2.506111314,0.007939494,0.9,0,0,0,0 0 0.050000000000000003,0 0 0.050000000000000003,0 0 0.050000000000000003,wrist_3_link,-1,0,0 0 0,0 0 0,,-0.064806137512397416 -1.5449318742998954 -0.070207069189699739 -1.642914886280423 -0.014302627267196727 -0.086328452477578713,-0.066935755419314541 -0.029757257093453105 0.012721281587731481 0.054944176393290418 0.06788862763519217 0.017901050353856252,-0.26949326848315708 -1.7955382841475427 -0.11004118144464592 -1.4930810614747236 0.19778126086898673 -0.047160129868960128,-0.065159488159317908 0.070239538883327277 0.19191166759926681 0.19771091524932521 0.1101170756628464 0.13676431120229371,-0.075235229779115176 -1.5503483098552737 -0.067783291848576524 -1.6340115887291042 -0.0036931450427480847 -0.083179681398099337,-0.6724787251065647 -0.34516490553588952 0.16886244138193471 0.59698938723430939 0.69712840491534345 0.22075126813113569,1.1273893341968506 -86.884489711294577 -31.217022645647678 -1.0932524068497969 0.25277337790352006 0.015057895884568861,-4.0246828873683853 -3.4705582940259774 1.6683708817887464 1.4762898548869998 1.1107514144559278 0.34376444027458319
ur,tetrapga,13.874384693,0.419639499,0.301183995,0.013542003,39.670211,47.103798,4.958776375,1,0,0,2.45508875,0.010522946,0.9,0,0,0,0 0 0.050000000000000003,0 0 0.050000000000000003,0 0 0.050000000000000003,wrist_3_link,-1,0,0 0 0,0 0 0,,-0.067066564773733892 -1.5460525156547635 -0.069847295273886223 -1.6411048823971961 -0.012044639837579653 -0.085731594336587391,-0.046231056921971603 -0.025181036241555009 0.0062214806274310122 0.037032934750289841 0.046368859127927806 0.01224895264759877,-0.27209010905478281 -1.7925039628203725 -0.10198983873877118 -1.4848868985761663 0.20225843040388319 -0.041444662497622478,-0.059698509277991224 0.075661748317380956 0.19521670626189616 0.19628080114002236 0.10515319793167036 0.1380523005206859,-0.078596063498061086 -1.5521719952807354 -0.0668993501633528 -1.6309191871815467 -0.00019612121187656192 -0.08196661917875428,-0.67537501529479127 -0.362204259351943 0.1749928180638233 0.60821563327367245 0.69811221018708935 0.23138006157587571,5.1712696623402268 -79.988876336655423 -30.047282178635886 -1.513497827543028 0.31890725296597644 0.00696260283839642,0.056655771814916989 0.5566922024354426 2.0313003853653981 0.071219077667592501 -0.204690358907337 -0.037825687377420536
ur,tetrapga,13.921566568,0.420223748,0.294801598,0.016588501,39.502253,46.869831,4.937781625,1,0,0,2.419619457,0.032367837,0.9,0,0,0,0 0 0.050000000000000003,0 0 0.050000000000000003,0 0 0.050000000000000003,wrist_3_link,-1,0,0 0 0,0 0 0,,-0.069906563559931745 -1.5475268530178583 -0.069360873727972672 -1.6387607801159527 -0.009177651062976501 -0.084930985605129267,-0.053134357286459911 -0.03047631510675192 0.0091555544697359634 0.047258418428051147 0.055801289684059854 0.017620346233934683,-0.27475864335740757 -1.7887902041522752 -0.092695166740268398 -1.4756693013036919 0.20708408340462073 -0.034899378316162084,-0.053400787372127383 0.08174953117268105 0.19873534665680925 0.19439973729957374 0.099377183405223959 0.13937151474227771,-0.081773378740332012 -1.5539931074018631 -0.066046198665884986 -1.6279174909313365 0.0031503557856055082 -0.080757669492599229,-0.66871129260669937 -0.37279972015836127 0.18356654885529639 0.62026182000228414 0.69898244677437871 0.24375516521609142,4.901238564603962 -74.485925103361453 -27.481169213598879 -1.3341014330999008 0.2867789307338966 0.0074270470725125255,-0.33794974847711501 0.78505027889514167 2.4882752042734637 0.37250333598240104 -0.020515806126960356 0.10379785132792563
ur,tetrapga,13.968535374,0.421861283,0.28461466,0.028842492,34.00282,41.485346,4.2503525,1,0,0,2.434059221,0.043453031,0.9,0,0,0,0 0 0.050000000000000003,0 0 0.050000000000000003,0 0 0.050000000000000003,wrist_3_link,-1,0,0 0 0,0 0 0,,-0.071961329369130508 -1.5487256066151951 -0.068996525358893182 -1.6369219027273541 -0.0070133699439482514 -0.084240706409426783,-0.064523909972250076 -0.031328255675857244 0.016621639690389045 0.059568077982199687 0.068141169246067848 0.022576906146471204,-0.27711758667863484 -1.7848096475543445 -0.083283401840295562 -1.4665878609333942 0.21161383277478477 -0.028325386142877985,-0.047030241666620183 0.087735283526552549 0.20198951496776313 0.192256387931724 0.093482883951678641 0.14053329932739303,-0.082087291076741897 -1.5541362777631396 -0.065747581693436613 -1.6272280638075778 0.0036946037504693974 -0.080329503700042479,-0.65249214185738269 -0.34711510293998993 0.22172254127593938 0.64895413809528835 0.70326386792665696 0.27121053570622272,-0.049097163334469229 -72.808851617499911 -23.900403843499827 -0.48911259803330731 0.13848833175795452 0.018003930613057946,-3.9101582201556653 -2.586613449536344 2.3663794535182205 1.615179549138702 1.1135617634856441 0.43207488445830222
ur,tetrapga,14.010124666,0.422735446,0.303551949,0.014326272,39.654615,47.294971,4.956826875,1,0,0,2.381470343,0.044843437,0.9,0,0,0,0 0 0.050000000000000003,0 0 0.050000000000000003,0 0 0.050000000000000003,wrist_3_link,-1,0,0 0 0,0 0 0,,-0.074139956269723459 -1.5498783549009387 -0.068483014145252596 -1.6349573278439873 -0.0047475903685483614 -0.083487997508684506,-0.044603854121602546 -0.025418538036181378 0.0096263306082863091 0.040222029110061161 0.046521945240669729 0.015447461900273384,-0.27895485886348503 -1.7810517754944937 -0.074826577269780328 -1.4586354385217442 0.21539119722432895 -0.022461546678587661,-0.04131113730426051 0.092966929213236904 0.20465993640196653 0.19013530282697835 0.08815086128699097 0.14143460783016901,-0.0853253622046872 -1.5559572993165753 -0.064586116985663106 -1.6238860161301523 0.0072044284209198759 -0.078865051211086085,-0.65311311429202767 -0.36068779008346574 0.23066535364609819 0.65929546859678201 0.7025466606917854 0.28175949589079424,3.7555592332385519 -66.064214553756642 -23.371093042273703 -0.99156801050395893 0.21816932101753544 0.0087203278733163584,0.028698239527045644 1.0607560088456012 2.1489407749796783 0.04894981506276963 -0.2039191744649777 -0.047687147278736575
ur,tetrapga,14.057528596,0.423142812,0.297127553,0.016945902,34.151694,41.607942,4.26896175,1,0,0,2.382526465,0.062659953,0.9,0,0,0,0 0 0.050000000000000003,0 0 0.050000000000000003,0 0 0.050000000000000003,wrist_3_link,-1,0,0 0 0,0 0 0,,-0.076903319565003445 -1.5513681211514134 -0.067775609316542612 -1.6323951516403654 -0.0018482932282807244 -0.082481879180411985,-0.051723764109950901 -0.030493949295035273 0.013599979899431201 0.051531325828079642 0.056380874333488748 0.021673726651941571,-0.28075704203921936 -1.7765050990701137 -0.065057535522376184 -1.4496845126865443 0.21942347874915033 -0.01573550827297588,-0.034710025936791629 0.098844196461852593 0.20745772074629121 0.18746499360371199 0.081952848851734678 0.14231471387358918,-0.086187693194123186 -1.5563962894304266 -0.064094134893246238 -1.6226798558807445 0.0083030461699899801 -0.078222954467270706,-0.63416904394950202 -0.34169740278415656 0.26084103275965786 0.6825910044546819 0.70312232704188604 0.30631384268538281,-0.9618826307495425 -63.289757681850823 -18.920501343423958 -0.067134888846657192 0.058716375272599652 0.020165827538015251,-0.30766580110474706 1.0241959222230435 2.5418852865119845 0.35932581657380069 -0.02046991081849292 0.10980291564649747
ur,tetrapga,14.099242114,0.424624039,0.310981078,0.016426131,39.561239,46.914056,4.945154875,1,0,0,2.330732408,0.052722067,0.9,0,0,0,0 0 0.050000000000000003,0 0 0.050000000000000003,0 0 0.050000000000000003,wrist_3_link,-1,0,0 0 0,0 0 0,,-0.078594734920280351 -1.5524012787572898 -0.067336358950478681 -1.6307108303375877 -2.9353452211323592e-06 -0.081769359562072458,-0.034730973009152767 -0.021618001047081229 0.0088405339317317189 0.034525899779778275 0.037865903334056324 0.014619559129548935,-0.28208258795007823 -1.7722755224364928 -0.056356265348786599 -1.4419175710785455 0.22272651793237355 -0.0097852068552003822,-0.028834849808285847 0.1039342083744145 0.20969954093979809 0.18489542260405442 0.076400184301948088 0.14295850369079605,-0.08935919261615502 -1.5582295639273223 -0.062740957188523599 -1.6191545123866196 0.011837028871721262 -0.076580606101618778,-0.63371738160340108 -0.35400340002373842 0.27046671639124475 0.69163589485854526 0.70130976794328481 0.31611870781876839,2.7449650141316031 -56.684012939369325 -18.868966641431541 -0.63547003752439102 0.14931310737867595 0.0099589820227897214,-0.085600076730770525 1.9153814802639317 2.4639195973185792 0.10117610629094997 -0.18038708507866374 -0.045098650903497628
ur,tetrapga,14.146264881,0.425293088,0.296507453,0.017608897,34.053296,41.366987,4.256662,1,0,0,2.329993925,0.064199579,0.9,0,0,0,0 0 0.050000000000000003,0 0 0.050000000000000003,0 0 0.050000000000000003,wrist_3_link,-1,0,0 0 0,0 0 0,,-0.081039246800657536 -1.5537413298586571 -0.066532316739629629 -1.628215802868862 0.0026576667830280889 -0.080695559071079309,-0.051060498571244957 -0.028840451502783884 0.017942150578864835 0.055193919707227819 0.057194350220256499 0.024834657784500787,-0.28328144959828427 -1.7672552420881464 -0.04644104159306401 -1.4332960932478327 0.22616991037877568 -0.0030486953310715952,-0.02214457035828479 0.10957326624579455 0.21197602538444052 0.18175574189649421 0.070038997465222769 0.14353662469539208,-0.090110259004357318 -1.5586764540083509 -0.062258143260126048 -1.6179870053066348 0.012845865519217048 -0.075922663032898852,-0.61387991588979729 -0.33637589160826464 0.29731171375002063 0.71226904329655394 0.69981471541856044 0.33942744563113503,-1.6760835442227364 -53.639493090555646 -13.989272107602652 0.32704916638327464 -0.016354815893888819 0.021937408419351649,-0.95004942327341269 0.61153014784940751 2.6413345659406389 0.61447004802630545 0.19714147370639878 0.18852618175608882
ur,tetrapga,14.187732571,0.426632805,0.310296935,0.015559578,34.094275,41.413545,4.261784375,1,0,0,2.305338051,0.054518136,0.9,0,0,0,0 0 0.050000000000000003,0 0 0.050000000000000003,0 0 0.050000000000000003,wrist_3_link,-1,0,0 0 0,0 0 0,,-0.082722082362145136 -1.5547265402646846 -0.065945662476095609 -1.626407417891593 0.0045361811111007252 -0.079877051348619679,-0.034551633691860838 -0.020698750872755967 0.011833409860568413 0.03706855667286673 0.038548989739573866 0.01679491245990352,-0.28407646812382831 -1.7626099974550349 -0.037613161910985557 -1.4258201963959589 0.22895651014823126 0.0029117259864843009,-0.016191658269650997 0.11445341915126607 0.21376036927001085 0.17877658864700924 0.064347448123493925 0.14391598328952704,-0.091229998394456169 -1.5593200508842577 -0.061536766966894606 -1.6163643296151635 0.014270314693020675 -0.075032015519639839,-0.6017284677137027 -0.32731922043570483 0.32064198872085659 0.72911025136111696 0.69741142612291518 0.35848021052587298,-2.3691892835630188 -49.199956448779794 -11.454047975980558 0.57237744777053412 -0.063731012756259142 0.023475041672092758,-0.044458513140227751 1.7910822953581373 2.3339367599251375 0.067570973782494548 -0.1783651100621988 -0.051821016330364955
ur,tetrapga,14.229249472,0.427092701,0.303717286,0.013427604,34.082013,41.723143,4.260251625,1,0,0,2.270720087,0.050810245,0.9,0,0,0,0 0 0.050000000000000003,0 0 0.050000000000000003,0 0 0.050000000000000003,wrist_3_link,-1,0,0 0 0,0 0 0,,-0.084845831468951541 -1.5558850747752244 -0.065089720367996637 -1.6240829642411707 0.0069017099045883736 -0.078813873903264914,-0.045275296403998098 -0.026267542789000529 0.017657522776766736 0.049371884321429832 0.05038106957595917 0.022675708829880344,-0.28462420697672935 -1.7577584117450757 -0.028705071307576487 -1.418463225917312 0.23150851355878665 0.0088924293570430881,-0.01018780380514047 0.11924691707777624 0.21533492466262918 0.17559978503008097 0.058579588431055041 0.14417281003094612,-0.092756741048664021 -1.5601840710006201 -0.060597047514167363 -1.6142823363511907 0.016134993915585198 -0.07392262129861274,-0.58985326652656522 -0.32268852234395906 0.33952451969419728 0.7426638238057115 0.69362270404268034 0.37504042742292565,-2.5340296086882512 -44.245170098959711 -9.0453141960700307 0.74079107435993352 -0.096472406215422607 0.023912958525626533,0.0734914979539667 1.2116310893652553 2.0141406091225917 -0.038632811229945219 -0.2082635897401417 -0.070001558317386525
ur,tetrapga,14.271092539,0.428236751,0.309617673,0.014934398,34.008017,41.627969,4.251002125,1,0,0,2.242891568,0.034696281,0.9,0,0,0,0 0 0.050000000000000003,0 0 0.050000000000000003,0 0 0.050000000000000003,wrist_3_link,-1,0,0 0 0,0 0 0,,-0.086555949802306784 -1.556898956489307 -0.064372335398180131 -1.622106074480792 0.0088615568451148336 -0.077867970185772142,-0.035497954143866021 -0.021729049390124978 0.014715773224752973 0.041096895440607011 0.040738599045012133 0.019751758260345795,-0.28492321571731855 -1.7526693909287514 -0.019665366232655728 -1.4111859462662628 0.23383692830159414 0.014928302596325323,-0.0040981269617166869 0.12397934080260173 0.21670528289183036 0.17220505640813491 0.052703172734813786 0.14430679226307025,-0.094274851457929618 -1.5610922701014873 -0.05963246261053614 -1.6121560194946545 0.018013303747875214 -0.072770959363107748,-0.57731325590897364 -0.3188445454408052 0.35652860638119122 0.75477324194539908 0.6893785478521175 0.39054204828293981,-3.0080858628879446 -39.439374009172248 -6.5142481386027491 0.95704648441633622 -0.1373320500369456 0.025037971887141842,-0.016474453088449081 1.760583513142592 2.2401596327337359 0.02711814207759744 -0.18147053921400058 -0.060951547709748866
ur,tetrapga,14.312821146,0.429518544,0.311451149,0.014836901,34.077114,41.474372,4.25963925,1,0,0,2.221943706,0.02262576,0.9,0,0,0,0 0 0.050000000000000003,0 0 0.050000000000000003,0 0 0.050000000000000003,wrist_3_link,-1,0,0 0 0,0 0 0,,-0.088126488321622259 -1.557836653005944 -0.063633014276508915 -1.6201781141812848 0.010709992701373204 -0.076906292810400789,-0.03097955067506317 -0.018821333983988719 0.01459258281139403 0.038003309470799378 0.036428403362400857 0.019030536686937192,-0.28496693452121191 -1.7473992330701522 -0.010597837352006152 -1.4040740002482304 0.2359129003766883 0.020950636881180963,0.0020077139527422054 0.12859505451209546 0.21785357430040261 0.16863048054455765 0.046786871670154141 0.14431533589216947,-0.095718801827119587 -1.5619868405204509 -0.05865107603827184 -1.61003938021875 0.019839051001181354 -0.071595336463197753,-0.56476649309467919 -0.31529737127956481 0.37270780099458112 0.76596082829157808 0.68467534802537733 0.40541120339324166,-3.4002251693995102 -34.657023579184454 -4.0475222497076926 1.1584018683269146 -0.17566379644840463 0.02597653235728651,-0.022948659006942762 1.787322087643588 2.2255352241884054 0.042148827928031096 -0.16722085631732497 -0.058722153630725415
ur,tetrapga,14.354392035,0.430827396,0.310733686,0.0142022,34.117537,41.58295,4.264692125,1,0,0,2.206341872,0.015317049,0.9,0,0,0,0 0 0.050000000000000003,0 0 0.050000000000000003,0 0 0.050000000000000003,wrist_3_link,-1,0,0 0 0,0 0 0,,-0.089636093649810109 -1.5587088265260491 -0.062838899311972715 -1.6182530276159652 0.012508546128916385 -0.075922375360291158,-0.031207494256544628 -0.018455763614058117 0.016315499902570994 0.039631246336302002 0.037087685233366488 0.020304601220891776,-0.28475656524800841 -1.7419597074863051 -0.0015214737943104037 -1.3971410917514944 0.23773451488477529 0.026947976675962285,0.0081172422366035026 0.13308537003431054 0.21877919763439327 0.16488560474441363 0.040844655499144122 0.14419953827819057,-0.097093500517655432 -1.5628452635392225 -0.057639734383716348 -1.6079353860152854 0.021609347688488177 -0.070400177789117557,-0.55200659829496113 -0.31217875237923737 0.38815666183132103 0.77635223869086456 0.6794436413639644 0.41983476581336632,-3.7115323174353936 -29.800868058004454 -1.5978571738066938 1.3483105245512748 -0.21198100743978482 0.026741603500671236,0.0030504349150533017 1.6556844813885618 2.1303299638927911 0.021214232732745586 -0.16683987352835317 -0.062659899326746427
ur,tetrapga,14.396088804,0.432095115,0.31061674,0.013639681,33.99835,41.332174,4.24979375,1,0,0,2.19510213,0.01219892,0.9,0,0,0,0 0 0.050000000000000003,0 0 0.050000000000000003,0 0 0.050000000000000003,wrist_3_link,-1,0,0 0 0,0 0 0,,-0.091129911461869717 -1.5595698763189283 -0.06199327701492633 -1.6162893162480556 0.014307425859729331 -0.074898795831338447,-0.031497969580497331 -0.018707028950881378 0.01773716091206148 0.04131499182194906 0.037882810764434602 0.021605116900438877,-0.28428996859625644 -1.7363185335887121 0.0076164453849368596 -1.3903473410087479 0.23931261860241188 0.032956045171483331,0.014266236947405329 0.13747622764144496 0.21948741532001834 0.1609493132922333 0.034843402624984185 0.14395875549949519,-0.098421245710435881 -1.5636826476635686 -0.056592771910706913 -1.6058244821679675 0.023347023501615008 -0.069178029070190855,-0.53869246553223094 -0.30938471700297115 0.40296672377959297 0.78598362092879204 0.6735795914053071 0.43393221774714597,-4.0195140442594024 -24.83847186603742 0.8926607997742293 1.5397358208141827 -0.2486085837068169 0.027488070730789179,0.025414435571462946 1.5495786128985856 2.0459521049435239 0.0005799513064630446 -0.16700562447080358 -0.066678337480198024
ur,tetrapga,14.437517556,0.433251897,0.311136801,0.013401117,34.081235,41.621494,4.260154375,1,0,0,2.186828641,0.011189015,0.9,0,0,0,0 0 0.050000000000000003,0 0 0.050000000000000003,0 0 0.050000000000000003,wrist_3_link,-1,0,0 0 0,0 0 0,,-0.092609528415645362 -1.5604405642569417 -0.061099316996266917 -1.6142740346900621 0.016115817417020395 -0.073825289935112351,-0.031153001698566576 -0.018960220034759709 0.018710531487293802 0.042365440074616206 0.038051303261001632 0.022641969417052512,-0.28357211385811643 -1.7305347052695568 0.016720321714882917 -1.3837634427179393 0.24063203493230606 0.038912987553201384,0.020390666997972026 0.14172206987719482 0.21997161250975358 0.15686409931658107 0.02884734761433249 0.14359601877948777,-0.099713481168146434 -1.564515095308725 -0.055508426803044311 -1.6036909341498056 0.025067624263523318 -0.067920356739910981,-0.52476176356945414 -0.3066861687220096 0.41720220654070572 0.79479053538620748 0.66702547597974582 0.44766284560225506,-4.3372387029324013 -19.803336920769087 3.4101138888815425 1.7327555472194547 -0.2855768800673269 0.028227358591615577,0.030961518623314532 1.5537429830919791 2.0101675069859084 -0.012533019457805494 -0.16598719503654991 -0.069878572420947194
ur,tetrapga,14.479238987,0.434395602,0.311850051,0.013354129,34.007853,41.37189,4.250981625,1,0,0,2.182234797,0.011840072,0.9,0,0,0,0 0 0.050000000000000003,0 0 0.050000000000000003,0 0 0.050000000000000003,wrist_3_link,-1,0,0 0 0,0 0 0,,-0.09405562846927186 -1.5613145319834267 -0.060167861218324022 -1.6122287854617936 0.017912390814169652 -0.072711843909145688,-0.030429516977249188 -0.018955186610230754 0.019532518405519665 0.042976425333421581 0.037778907031520849 0.023471632563632015,-0.282592554040624 -1.7245347761933547 0.02590417063170198 -1.3773076471810033 0.24170915401502333 0.044894240921504451,0.026567524406749313 0.14587567685712299 0.22023733257071171 0.15257915338447739 0.022782746229082211 0.14310654797107009,-0.1009661050752961 -1.5653455420152484 -0.054389649677416552 -1.6015369707779517 0.02676815708429877 -0.066627101553577206,-0.51019378228898304 -0.30384104622822117 0.43106179177614251 0.80286112872349635 0.65976869340855759 0.46112484649872909,-4.6573841709389674 -14.710496382537569 5.9511040721213426 1.9271019078583385 -0.32280903256345439 0.028964945281569388,0.026291356676210853 1.6240430640064005 2.0031193198585981 -0.020761101704010798 -0.16406226662796541 -0.072436738187292349
ur,tetrapga,14.520677873,0.435475413,0.312537505,0.013288717,34.117249,41.467062,4.264656125,1,0,0,2.180405722,0.012744775,0.9,0,0,0,0 0 0.050000000000000003,0 0 0.050000000000000003,0 0 0.050000000000000003,wrist_3_link,-1,0,0 0 0,0 0 0,,-0.095463290481448582 -1.562184081748178 -0.059199887079275142 -1.610161551957711 0.019689879890356275 -0.071562873115321127,-0.029621691909485999 -0.018770265772585323 0.020354544512582246 0.043434765616684773 0.037368816532474133 0.024214638498955821,-0.2813644452268762 -1.7184065397421826 0.03503221116800375 -1.3710759757661701 0.24252810709037056 0.050812218191961585,0.032705775791097819 0.1498753189888663 0.22028026755135913 0.14815828765252431 0.016740604794678055 0.14249740060615929,-0.10217522329727283 -1.5661705451500767 -0.053238318139546853 -1.5993680174602276 0.028443695520394628 -0.06530096164185184,-0.49506569006895534 -0.30071665861272578 0.44455627998332392 0.81015548870160647 0.65183462935296466 0.47425321171255791,-4.9726031535698709 -9.6096073354289473 8.485694421095566 2.1197537375418789 -0.35973993622716172 0.029678935186713305,0.021864659916218443 1.6890860038065512 1.9933075380704395 -0.028275935567762644 -0.16166927353563665 -0.074727553523018742
ur,tetrapga,14.56225024,0.436535501,0.313215989,0.013143902,34.078489,41.429433,4.259811125,1,0,0,2.182036264,0.014604276,0.9,0,0,0,0 0 0.050000000000000003,0 0 0.050000000000000003,0 0 0.050000000000000003,wrist_3_link,-1,0,0 0 0,0 0 0,,-0.096833587824120174 -1.5630462573242019 -0.058193698229391598 -1.608072254850053 0.02144864571244923 -0.07037852413803751,-0.028839362187266911 -0.018555137755288102 0.02120090182683243 0.043901674653028883 0.036974515794051185 0.024959125084688946,-0.2798768229467416 -1.7120947122129784 0.044186841263688208 -1.3650116563646857 0.24309784927810352 0.056721344239366006,0.038861127578406256 0.15375752543242052 0.22010171970163636 0.14356301387920509 0.010667805033123832 0.14176359661962271,-0.10333929917899504 -1.5669868614818423 -0.052054240347263039 -1.5971864719698323 0.03009195209673083 -0.063943020715630045,-0.47936170239051312 -0.29730753062152893 0.45772097971749792 0.8167080232890721 0.64322268514839998 0.48709027185827553,-5.2793583036799925 -4.4918393546492226 11.019938362039936 2.311038439199713 -0.39642716400232653 0.030370870605303808,0.020718944082602775 1.728458262935419 1.9715852578183615 -0.03679563362038607 -0.15913126239409792 -0.077023774278188739
ur,tetrapga,14.603788722,0.437410874,0.314281276,0.012993745,34.050585,41.420824,4.256323125,1,0,0,2.18609886,0.018420229,0.9,0,0,0,0 0 0.050000000000000003,0 0 0.050000000000000003,0 0 0.050000000000000003,wrist_3_link,-1,0,0 0 0,0 0 0,,-0.098221046719748087 -1.5639371197071674 -0.057106309454320506 -1.6058743780492535 0.023259950184175517 -0.069108343283493676,-0.027487794058336238 -0.018024501267476924 0.021581819206156847 0.043471993230627816 0.035842801077826641 0.025193405233405186,-0.27813499108909467 -1.7056296149206203 0.053321988309372167 -1.3591463220406874 0.24341487116569055 0.062592645195182914,0.045002889072699601 0.15750202879965466 0.21970153476939702 0.13881644615381095 0.0045961995966466744 0.140908236787263,-0.10448421348309903 -1.5678105359249188 -0.050816575194125899 -1.5949513814497929 0.03174669558439381 -0.062529311041904886,-0.46300506681406289 -0.29356816632806915 0.47046246340759779 0.82238044509817798 0.63384305559810938 0.49954636977982525,-5.5844011587685278 0.63577511408366583 13.555823457003527 2.5020615529614849 -0.43304372007582143 0.031061007266245052,0.0188912989121377 1.7638298347446835 1.9490617506524188 -0.039976453938834311 -0.15427768297544731 -0.077745413749681802
ur,tetrapga,14.645310329,0.438395669,0.315033585,0.012795122,34.14972,41.932035,4.268715,1,0,0,2.193608978,0.020490864,0.9,0,0,0,0 0 0.050000000000000003,0 0 0.050000000000000003,0 0 0.050000000000000003,wrist_3_link,-1,0,0 0 0,0 0 0,,-0.099512282719042874 -1.5647847182340515 -0.05602408686884891 -1.6037431043464894 0.024977691762656695 -0.067852478460896301,-0.026667898233218881 -0.017847883671300923 0.022359309812515094 0.043874005811454328 0.035406816603481071 0.025906942666314485,-0.2761391827365266 -1.6990145585674501 0.062432213409607661 -1.3534835388665256 0.24347976356329423 0.068423530419760056,0.051127693095843661 0.16110657508252882 0.219080123001648 0.13392229622836002 -0.0014692477212732823 0.13993189756220464,-0.10556737363430718 -1.568614556395195 -0.049557379896548286 -1.5927284221350406 0.033353069475412424 -0.061097174224024262,-0.44614069170359183 -0.28961616447686156 0.48286889190457083 0.82735259545228079 0.62385947528866148 0.51171506595839444,-5.877089622509132 5.7784106891478055 16.082465283206901 2.6900476016169592 -0.46913799723326527 0.031703706450589696,0.019252351469788209 1.787253801314364 1.919268350431139 -0.048813029462507984 -0.15146850123486644 -0.079946471444202416
ur,tetrapga,14.68735321,0.439454043,0.315718149,0.012575324,34.173236,41.847766,4.2716545,1,0,0,2.205564049,0.023678054,0.9,0,0,0,0 0 0.050000000000000003,0 0 0.050000000000000003,0 0 0.050000000000000003,wrist_3_link,-1,0,0 0 0,0 0 0,,-0.10074620254436746 -1.5656141803733881 -0.054923208792205261 -1.6016244844438801 0.026649824083183789 -0.066581473548244036,-0.025971745798298165 -0.017755935507657028 0.023286633009463768 0.044533624593453273 0.035156689383213029 0.026789647759111163,-0.27385961119366686 -1.6921669801761876 0.071625806465394945 -1.3479598090802347 0.24328907241807465 0.074283739408226301,0.057308632019652285 0.16461136603602858 0.21822580166293057 0.12882007106812485 -0.0075994791736956465 0.1388205415916039,-0.10658628303565694 -1.5693978775980919 -0.048280148002803613 -1.5905229372543714 0.034907424504900239 -0.059649780918440393,-0.42868686833625602 -0.28543865173442207 0.49501829273750619 0.83168950445255263 0.61324721575067387 0.52369287099979667,-6.161121958943248 10.961624128835458 18.619844863977718 2.8773457237286277 -0.50512169328966583 0.032322862184537594,0.020082063190670851 1.8061618509327673 1.886298658465364 -0.059485987811058294 -0.14918671717246923 -0.082669604869749946
ur,tetrapga,14.729317634,0.440436474,0.316426324,0.012357911,34.003015,41.423124,4.250376875,1,0,0,2.220150024,0.027217356,0.9,0,0,0,0 0 0.050000000000000003,0 0 0.050000000000000003,0 0 0.050000000000000003,wrist_3_link,-1,0,0 0 0,0 0 0,,-0.10195132917576298 -1.5664442441823967 -0.053776283944094429 -1.5994675377374397 0.028315867332478289 -0.065264180209982675,-0.025370489779587044 -0.017741109342284192 0.024288551590401827 0.045348343014458246 0.035034167697756378 0.027768610697501875,-0.27132569923709765 -1.6851883635598131 0.080761694540209789 -1.342663285870906 0.24284209844941659 0.080083849043993904,0.063451154167041307 0.16796025021612515 0.21714787296596497 0.1235861219509877 -0.013699232668384949 0.13758904026021435,-0.10755408776290845 -1.5701691372040729 -0.046973672329588198 -1.5883130497452602 0.036427511502285174 -0.058174061709385945,-0.41066020719396923 -0.28100953923504174 0.50681795552619202 0.83527346889852971 0.60198319799907185 0.53536485689230129,-6.4372040125955134 16.160577586259283 21.150502813238017 3.0623024904336669 -0.54069314970395688 0.032905575179220339,0.020249933808656806 1.8295542663190645 1.8536866354057224 -0.07119320054880518 -0.14728313531795578 -0.085689568925914728
ur,tetrapga,14.770851342,0.441330359,0.317237441,0.012158714,34.105507,41.538944,4.263188375,1,0,0,2.236299241,0.029590096,0.9,0,0,0,0 0 0.050000000000000003,0 0 0.050000000000000003,0 0 0.050000000000000003,wrist_3_link,-1,0,0 0 0,0 0 0,,-0.10311747750131393 -1.5672696094845475 -0.052591134356682522 -1.5972879588886104 0.029962760335680842 -0.063909181967063675,-0.024538259565514194 -0.017587532415101203 0.025116511939189946 0.045808822551856879 0.034615167558099874 0.028551834076723549,-0.26856463673082792 -1.6781461221900456 0.089754671596786822 -1.3376401872756074 0.24214818724460316 0.085771053725780547,0.069498247268724278 0.17112417436880586 0.21586038247777434 0.11827290552962509 -0.019710166056172915 0.13625100742906049,-0.10847302663323632 -1.5709298182352884 -0.045637079110799963 -1.5860962525463547 0.037916066481010355 -0.056668675182030379,-0.3921555001696293 -0.27630561137579568 0.51816552907177149 0.83803147136818246 0.59011632028691108 0.54661833205061772,-6.7085660389550963 21.330252941998239 23.657301623371467 3.2444984898386942 -0.57573957371322793 0.033464706073813619,0.018878484229333026 1.8584201207031583 1.823807096917875 -0.08052425649111683 -0.14450857418881924 -0.088105095960642643
ur,tetrapga,14.812489096,0.44206761,0.318334711,0.011970488,34.122372,41.605695,4.2652965,1,0,0,2.254346101,0.033101115,0.9,0,0,0,0 0 0.050000000000000003,0 0 0.050000000000000003,0 0 0.050000000000000003,wrist_3_link,-1,0,0 0 0,0 0 0,,-0.10428253263727141 -1.5681189140857681 -0.051323665658924621 -1.595008802797288 0.031646274787886758 -0.062466653954976116,-0.023072175143603151 -0.016983149283419159 0.025297505694620033 0.045078164508963819 0.033296176229432685 0.028601226827617916,-0.2655453295701054 -1.6709575242715053 0.098711938350758283 -1.3328286698546912 0.24120261562381401 0.091414267596472615,0.075522264848632503 0.17414216964700313 0.2143505090248172 0.11281967125730928 -0.025702569089941087 0.13479178931746338,-0.1093624527893666 -1.571694519883531 -0.044248348349512273 -1.5838335848806988 0.039401584425738434 -0.055108330216582922,-0.37308414429133208 -0.27126921537680893 0.52900300445037152 0.83986784893660771 0.57755172394310461 0.55741679401709354,-6.97601591159997 26.47841846356981 26.156211844323863 3.4262239799905578 -0.61063901903424578 0.034032873640458983,0.016417389364335122 1.8856330383905515 1.7955732071901025 -0.082478874892331078 -0.13896359588579799 -0.088255975996446523
ur,tetrapga,14.854196666,0.442941104,0.319193421,0.011739749,34.311279,41.740487,4.288909875,1,0,0,2.275084358,0.033748867,0.9,0,0,0,0 0 0.050000000000000003,0 0 0.050000000000000003,0 0 0.050000000000000003,wrist_3_link,-1,0,0 0 0,0 0 0,,-0.10535073072949912 -1.5689223606842366 -0.050074473641755643 -1.5928120718791459 0.033230184603792533 -0.061050674720843419,-0.022066882316499586 -0.016697463344580391 0.025971248708327867 0.045232191928772779 0.03264021285858517 0.029207793214539864,-0.26227040364343468 -1.6636341709702167 0.10761663720687736 -1.3282392590491494 0.24000615131670386 0.097003589186779898,0.0815121475988662 0.17700746038986045 0.21261952133965145 0.10723636088716167 -0.031663927314334685 0.1332131306698098,-0.11018501722491933 -1.5724365036896755 -0.04284560976458858 -1.5815949065072745 0.040831406190299645 -0.053536381472135214,-0.35355318319942897 -0.26600792572466769 0.53947515389648126 0.84099023410413298 0.56444020945770434 0.56789012458577082,-7.2298758177146798 31.616302037005056 28.633086459593571 3.603918915675604 -0.64481932467116798 0.03454946709134462,0.015502837197743702 1.9037198638243353 1.7609624160057251 -0.090301139123766916 -0.13538849038636158 -0.090126457305160557
ur,tetrapga,14.896016391,0.443807636,0.320070627,0.011492843,34.025549,41.433618,4.253193625,1,0,0,2.298237645,0.033921039,0.9,0,0,0,0 0 0.050000000000000003,0 0 0.050000000000000003,0 0 0.050000000000000003,wrist_3_link,-1,0,0 0 0,0 0 0,,-0.10637016266762572 -1.5697142915079685 -0.048794331888480633 -1.5906081106227501 0.034782398581210787 -0.059605199385098472,-0.021061133160351735 -0.016411733887082537 0.026643451170210265 0.045383551441073894 0.031985719384093364 0.029816098265107768,-0.25873687008908264 -1.6561745056389039 0.11646823443185741 -1.3238737402355885 0.2385578231809245 0.10253940128294382,0.087467812208611134 0.1797187287669425 0.21066588593409466 0.10152295664419751 -0.037592649868454883 0.1315140676444814,-0.11094585396187151 -1.5731594495168761 -0.041423545544401169 -1.5793705660671205 0.042212995911800624 -0.051946599607726282,-0.33353300196233682 -0.26050648975625046 0.54955316028346191 0.84136781225998092 0.55076169077037052 0.57802385262523548,-7.4742440774265075 36.742374567336547 31.094573582954155 3.7790772485877855 -0.67852099620300654 0.035038424612977286,0.01484799612507004 1.9174504145394167 1.7239264640714396 -0.098315522961456736 -0.13177900763837158 -0.092002348562331804
ur,tetrapga,14.93752978,0.444651114,0.32085717,0.011226124,34.115442,41.903485,4.26443025,1,0,0,2.322642584,0.032046003,0.9,0,0,0,0 0 0.050000000000000003,0 0 0.050000000000000003,0 0 0.050000000000000003,wrist_3_link,-1,0,0 0 0,0 0 0,,-0.10733506101660156 -1.5704888518101905 -0.047495274672660369 -1.5884151093586387 0.036292041580188082 -0.058143193199825478,-0.020305915118256697 -0.016338136730515783 0.027656266454876482 0.04611395821150388 0.031732386391032666 0.03081457893374729,-0.25498402312808321 -1.6486607268113425 0.12516972724453981 -1.3197787724650512 0.23687601267538144 0.10796201925150507,0.093324239137011197 0.18224697112769037 0.20851254644304651 0.095743941845023481 -0.04342251740803775 0.12971391024090695,-0.11164535823878728 -1.5738624514125859 -0.039985811673160288 -1.5771649552682201 0.043545150014383818 -0.050342860346293788,-0.31311259370197736 -0.25478759363090886 0.55919980443277795 0.84098530559815421 0.53657890855857704 0.58775450719464195,-7.7073098504236413 41.831881286145091 33.518678981167625 3.9491197052389246 -0.71129536396449677 0.035471766321383318,0.014345751690200359 1.9303643431521778 1.6839186356391451 -0.1101623697722971 -0.12935817588380871 -0.095082148734704219
ur,tetrapga,14.979538289,0.445367007,0.321878772,0.010964635,34.112173,41.661612,4.264021625,1,0,0,2.349397795,0.031910762,0.9,0,0,0,0 0 0.050000000000000003,0 0 0.050000000000000003,0 0 0.050000000000000003,wrist_3_link,-1,0,0 0 0,0 0 0,,-0.10829232599883183 -1.5712870826248038 -0.0461040130288142 -1.5861149316050778 0.037837070365615212 -0.056583117372685676,-0.018957590039630722 -0.015788656294649799 0.027884958621803138 0.045509818412200573 0.030554186594394881 0.030935125484614783,-0.25094021164632468 -1.6409540046657669 0.13387949849607059 -1.3158813433147747 0.23492908222628753 0.113370857659764,0.099188292317279936 0.18463700475118133 0.2061186186944626 0.089793759344140148 -0.049258429878265765 0.12777876331872928,-0.11230569200649088 -1.5745648497685574 -0.038498232498139065 -1.574922319830786 0.044864861355119967 -0.048686519034503883,-0.29210623596758245 -0.24876034373143008 0.5683349816180554 0.83970295074874812 0.52171889564921914 0.59705872813281657,-7.9340058673502494 46.909763527581312 35.943627400910344 4.1194968603977564 -0.74405221753019335 0.035922800621415493,0.013469886127779773 1.9378006246497534 1.6446952856112205 -0.11383478848165396 -0.1240707939813035 -0.095452934977416248
ur,tetrapga,15.021271488,0.446182273,0.32276209,0.010691448,34.036719,41.411636,4.254589875,1,0,0,2.37743504,0.027569068,0.9,0,0,0,0 0 0.050000000000000003,0 0 0.050000000000000003,0 0 0.050000000000000003,wrist_3_link,-1,0,0 0 0,0 0 0,,-0.10915861693829101 -1.5720413384556848 -0.044736399993187903 -1.5838996545594723 0.039286298835633185 -0.055053674452929705,-0.017901399529093278 -0.015489396270618624 0.028548570646071018 0.045623806907787251 0.029858988477268065 0.031547772734058011,-0.24668037434464735 -1.6332019271334564 0.14242817440814726 -1.3122589739588792 0.23275360523929184 0.1186614184961968,0.10494619775355471 0.18684098363357929 0.2035287015824484 0.083787569377521659 -0.054985706934289044 0.12574496226636858,-0.11289781229610509 -1.5752432421166014 -0.037000891466961283 -1.5727094726562316 0.046126669275867893 -0.047022277629521464,-0.27070722796910324 -0.24251850055892277 0.57705309734596733 0.83768931737279839 0.50638614756758371 0.6059773892808733,-8.1502401174852217 51.948404258793865 38.331530888727485 4.284960787992353 -0.77591642386402326 0.03632062805846769,0.012422290401445935 1.9458338893227847 1.6037172416594956 -0.12196460664199549 -0.12027821953519435 -0.097342019488110054
ur,tetrapga,15.062759573,0.446967696,0.323653124,0.010408255,34.111804,41.860106,4.2639755,1,0,0,2.406792495,0.021730681,0.9,0,0,0,0 0 0.050000000000000003,0 0 0.050000000000000003,0 0 0.050000000000000003,wrist_3_link,-1,0,0 0 0,0 0 0,,-0.10997042638994332 -1.5727806909409983 -0.043342894250958018 -1.5816868968616185 0.040696684956420925 -0.053499683261397105,-0.016776915925367175 -0.015130649507852782 0.029114185053272675 0.045573146132287891 0.029056147755906123 0.032052885287435655,-0.24220886151829712 -1.6254077522677139 0.15081520343631291 -1.3089081656828485 0.23035555599847088 0.1238345203814552,0.11059777256619036 0.18886119295462364 0.20074745340826963 0.077729662117535056 -0.060602834535157253 0.12361493136614428,-0.11342588454796101 -1.5759004301566972 -0.035489611932124937 -1.5705188837723894 0.047336579000003473 -0.045345338588983181,-0.24897065062142118 -0.23605795348559139 0.58528511586285736 0.83491262332762206 0.49061273548802131 0.61445523206606234,-8.3569931127672685 56.926924632520667 40.681490454486799 4.4464884516312519 -0.8070230099131479 0.036690561812861705,0.011479507986166482 1.9497174921170881 1.5612382631745731 -0.12918482018085342 -0.11613665238053272 -0.098899312011894835
ur,tetrapga,15.104697052,0.447822154,0.324536428,0.010126888,33.980245,41.453196,4.247530625,1,0,0,2.439479819,0.015789693,0.9,0,0,0,0 0 0.050000000000000003,0 0 0.050000000000000003,0 0 0.050000000000000003,wrist_3_link,-1,0,0 0 0,0 0 0,,-0.11072380329142717 -1.5734998128874875 -0.041936178336609529 -1.5794943329099453 0.04205884770645113 -0.051934608584913784,-0.015842707714840941 -0.014982390826053191 0.030045874083851117 0.046104736016936841 0.028616634545540108 0.032979555959821223,-0.2374522505747336 -1.6174476282860237 0.15917148586346233 -1.3057782102482474 0.22769642860383518 0.12897158822916002,0.11623146774006826 0.19072784456966982 0.19772963810323557 0.071525040333431836 -0.066196321802138039 0.12135416057362,-0.11388902593956789 -1.5765352390276708 -0.033968021799490655 -1.5683553837419115 0.048492357784175252 -0.043659321284438973,-0.22677275248703371 -0.22938968819608224 0.59310916686535775 0.83140307491409471 0.47433055387228651 0.62258153781809955,-8.5496375714960351 61.884603835304425 43.005570151121482 4.6038292095141111 -0.8373627015173164 0.037012543168233332,0.0094169448987031501 1.9604788805399949 1.5190332642952171 -0.1399849662093402 -0.11312486163765811 -0.10175696743756646
ur,tetrapga,15.146223871,0.448613315,0.325418715,0.009829028,34.13494,41.554915,4.2668675,1,0,0,2.472942702,0.008312472,0.9,0,0,0,0 0 0.050000000000000003,0 0 0.050000000000000003,0 0 0.050000000000000003,wrist_3_link,-1,0,0 0 0,0 0 0,,-0.11142542071009001 -1.5742077559921452 -0.040496750792070879 -1.5772939030476152 0.04338851664517511 -0.05033683856448725,-0.01474501713717523 -0.014688499414233912 0.030754930886561459 0.046253677137891205 0.027918964473896499 0.033654467890803813,-0.23251114099055606 -1.6094919728627755 0.16731702730646947 -1.3029368517078783 0.22483405855728261 0.13396274295923161,0.12172614938191048 0.19240027622991659 0.19453990676796995 0.065307909147998777 -0.071644574441671632 0.11901089258218822,-0.11429119668401189 -1.5771514737119219 -0.032429016711469798 -1.5662077389513693 0.049601438825589227 -0.041956166560498019,-0.20424666990030624 -0.22249702525018153 0.60042119804484728 0.82711305543141922 0.45762520136766888 0.63023917050008404,-8.7350041839227028 66.773149107267244 45.288810714241862 4.7573297859539672 -0.86695082292531833 0.037311675895439454,0.0078553265224172719 1.9632223301905469 1.474354247233947 -0.14860689097622526 -0.10928372519971674 -0.10383792146517123
ur,tetrapga,15.187886293,0.449412961,0.326310025,0.009519346,34.105141,41.550685,4.263142625,1,0,0,2.50878815,0.000601183,0.9,0,0,0,0 0 0.050000000000000003,0 0 0.050000000000000003,0 0 0.050000000000000003,wrist_3_link,-1,0,0 0 0,0 0 0,,-0.11207121370083802 -1.5749007272767692 -0.039030637096525454 -1.5750957063608919 0.044679162000653611 -0.048713076070137057,-0.013565552877287388 -0.014321099586738158 0.031341462935095279 0.046199199152937943 0.027090470928644778 0.034194390515590548,-0.22732643992668508 -1.6014442427616922 0.1753519229261459 -1.3003470588180228 0.22173698162556443 0.13887026991840259,0.12714950791145033 0.19390027372631793 0.19114157626729955 0.059004381352118329 -0.07701350539223227 0.11655747210468402,-0.11463201776784372 -1.5777491548697515 -0.030871986757265293 -1.5640753673895857 0.050664073788401348 -0.040234993635666086,-0.18135157192893053 -0.21538179692463277 0.60723001834559298 0.82204440832287207 0.44047167191228709 0.63745345995942815,-8.9086978802094983 71.605908253828673 47.539058979120945 4.9073121667049566 -0.89584832740600795 0.037587899390364603,0.0065162402974578981 1.9608173554133828 1.4279019609434727 -0.15609856723131088 -0.10501833436484276 -0.10550240459272686
ur,tetrapga,15.229505137,0.450074352,0.327197394,0.00917067,34.034176,41.496761,4.254272,1,0,0,2.545856969,0.006341418,0.9,0,0,0,0 0 0.050000000000000003,0 0 0.050000000000000003,0 0 0.050000000000000003,wrist_3_link,-1,0,0 0 0,0 0 0,,-0.11268240900686492 -1.5756031332207718 -0.037480539413680895 -1.5728177775872259 0.04597709190335842 -0.047000999183923364,-0.012087706570741768 -0.01359169272550584 0.031206654498989021 0.045059234655771482 0.025637846786555622 0.03392979057029033,-0.22192351696910853 -1.5933462694064739 0.18323298794316409 -1.2980234338667238 0.21842194711931151 0.14366851311148945,0.13247259406888748 0.19521902178459152 0.18755209277067905 0.052648575463066762 -0.082273194160298824 0.11400633335225342,-0.11492190614906123 -1.5783402070403734 -0.029268922641859079 -1.5619179495556803 0.051703230195103721 -0.038465045220172397,-0.15808659521468649 -0.20800787438762008 0.61341755545591425 0.81607786659545944 0.42283091865501171 0.64411889870579575,-9.0722122815779311 76.371596985412637 49.760256016752635 5.0550550559537291 -0.92424375562752992 0.037866978642740919,0.0075704060918724281 1.9374651560183338 1.3756004627204845 -0.15744809756597533 -0.098711432821389167 -0.10468526884436358
ur,tetrapga,15.271106892,0.450886169,0.328049734,0.008839719,34.026052,41.358008,4.2532565,1,0,0,2.585354588,0.015820314,0.9,0,0,0,0 0 0.050000000000000003,0 0 0.050000000000000003,0 0 0.050000000000000003,wrist_3_link,-1,0,0 0 0,0 0 0,,-0.11320741318000577 -1.5762591991036168 -0.035971789181277823 -1.5706428527368923 0.047176872999709164 -0.045336773061579232,-0.01085787940511853 -0.013165517224037958 0.031652906921228505 0.044805150608677673 0.024708026794254954 0.034325046730853598,-0.2163034650381547 -1.5852005318278166 0.19095753655251332 -1.2959662184472089 0.21489177042521476 0.14835663212877839,0.13769376126609151 0.1963561621011484 0.18377329848589649 0.046243866505542998 -0.087420847948853728 0.11135838791387864,-0.11514077836200465 -1.5789034153691384 -0.027667087568280506 -1.5598050275364215 0.052678742071430529 -0.036697911626416481,-0.13451483718474763 -0.20046403714197791 0.61915854291381101 0.80942170123628121 0.40483630925437875 0.65037468930944164,-9.2230211465159186 81.075301972344292 51.932523326701549 5.1968493549268775 -0.95154975104660711 0.038087474105442401,0.0066105920309382782 1.9265693116531111 1.3259578401526255 -0.16391423010736617 -0.094101663875932218 -0.10590347331668681
ur,tetrapga,15.312533449,0.45173692,0.328885779,0.008546529,34.035909,41.489155,4.254488625,1,0,0,2.626916799,0.025938661,0.9,0,0,0,0 0 0.050000000000000003,0 0 0.050000000000000003,0 0 0.050000000000000003,wrist_3_link,-1,0,0 0 0,0 0 0,,-0.1136677084787453 -1.576888419175674 -0.034464982777798032 -1.5685104628743651 0.048316653211019731 -0.043677259326545162,-0.0096560705306207271 -0.012854877959048876 0.032283766588186998 0.044827131932904843 0.023916360485796477 0.034951094772959941,-0.21049338507231954 -1.5770458455971366 0.19848947699171174 -1.2941833686002937 0.21116603100524126 0.15291356834141578,0.14278874824563273 0.19730723270556652 0.17982475540709622 0.03982224156688851 -0.092431494600972317 0.10862676548299829,-0.11528976422459522 -1.5794380769468281 -0.02607060346883816 -1.5577409819629682 0.053590029696292882 -0.034937937516409598,-0.11069010052820122 -0.19276995930167459 0.6244289630280202 0.80209540530628654 0.38654150688465438 0.6562059950109238,-9.3636078428174958 85.703137056816459 54.054218406934552 5.3333145977534553 -0.97785630667601464 0.038265016418355231,0.0030109164370060171 1.9312785382498987 1.2819793768719165 -0.1715906549088686 -0.090027789174811801 -0.10783301456854133
ur,tetrapga,15.35408596,0.452577713,0.329731579,0.008212809,28.708217,36.279297,3.588527125,1,0,0,2.691563992,0.034874921,0.9,0,0,0,0 0 0.050000000000000003,0 0 0.050000000000000003,0 0 0.050000000000000003,wrist_3_link,-1,0,0 0 0,0 0 0,,-0.11407287708451892 -1.5775065746324697 -0.032924073873323266 -1.5663695164718479 0.049423272920033567 -0.041982020914398031,-0.0084986240013768272 -0.012565513999139072 0.033051072510979107 0.045018325189336537 0.023222516966410336 0.035709655757295899,-0.2044558636137527 -1.5688305792833497 0.20587620392647016 -1.2926631244333702 0.20722294641549122 0.15736875102157383,0.1477897548632533 0.19807825946458268 0.17568218332383465 0.03334444970447098 -0.097335736838560269 0.10579426055420782,-0.11611094607740965 -1.5807214663440874 -0.020667331093961086 -1.5513094812198913 0.056656459913513889 -0.029704021631705709,-0.10264773160266379 -0.16042367465593652 0.67540904686352898 0.80393759288882283 0.38330377715422309 0.65423948559071055,-10.315383471848538 83.624542598411225 38.171446072468775 2.9004381729216728 -0.57544114195418905 0.0035194365394716296,0.00052532457755205542 1.9254339583003457 1.2319213562476961 -0.18080386519250169 -0.08615942232405871 -0.11017166020508284
ur,tetrapga,15.390436238,0.453184162,0.330354365,0.007968937,34.0081,41.332852,4.2510125,1,0,0,2.69984594,0.00169856,0.9,0,0,0,0 0 0.050000000000000003,0 0 0.050000000000000003,0 0 0.050000000000000003,wrist_3_link,-1,0,0 0 0,0 0 0,,-0.11438895096386402 -1.5780582709812041 -0.031494651036751316 -1.5644175955099746 0.050397129682985889 -0.040409192130360698,-0.0075080427964248691 -0.012748710600180062 0.034885828388295813 0.046676580335363871 0.023231884094618533 0.037682515328671749,-0.19900558457550499 -1.5616204377968494 0.2121941869803585 -1.2915544200719651 0.20360838725237285 0.16116822702133821,0.15207086809694367 0.19860170285066717 0.17191212622731677 0.027653377192677034 -0.10152146420415374 0.10324236304996696,-0.11586429782367562 -1.5806866486549578 -0.020960460214110688 -1.5515518601161831 0.056391449189853698 -0.029756977473196711,-0.07679366288044831 -0.16209749903734971 0.6400663564096547 0.7889597810979091 0.3580817989518279 0.66245367598226435,-9.3349451694740857 89.223721237247233 54.78457707071648 5.3138639459390156 -0.97453287603648142 0.037769906567845332,-0.0086440737361499487 1.9614229763456024 1.195340619302641 -0.19771999277691066 -0.084759412102400233 -0.11625486218277103
ur,tetrapga,15.431839077,0.454033004,0.331117504,0.00761297,28.625778,36.047072,3.57822225,1,0,0,2.782300991,0.041225448,0.9,0,0,0,0 0 0.050000000000000003,0 0 0.050000000000000003,0 0 0.050000000000000003,wrist_3_link,-1,0,0 0 0,0 0 0,,-0.11467648398585466 -1.5786395725320748 -0.029916147169218546 -1.5623040162974671 0.05141566316065848 -0.038677561771176053,-0.0061197838675402516 -0.012234363776065398 0.035220329608163854 0.046196569545805991 0.022133999172635317 0.037970296479726391,-0.19261035655597208 -1.5533883569066693 0.21922017604760252 -1.2905440492549429 0.19930851707479114 0.16538118664664156,0.1568361091538826 0.19902542472533022 0.16745593632407652 0.021150304406615906 -0.10616506720422078 0.10025399202004903,-0.11641138527932819 -1.5817080090989397 -0.015434524024699367 -1.5452263806457192 0.059231514799936484 -0.024473038589523433,-0.068385931957336915 -0.12767005549540539 0.69074202368176907 0.79068493381351379 0.3550082012621702 0.66049236046280768,-10.71544054780138 86.499520173310344 39.207866244949166 2.9624314974506722 -0.58728747871489317 0.0035900761604916432,-0.01021996318957008 1.9416923467679226 1.141945564662052 -0.20296453310675133 -0.079619364652586455 -0.11714115465333919
ur,tetrapga,15.467979015,0.452871579,0.337717408,0.009966415,34.018177,41.451541,4.252272125,1,0,0,2.768958715,0.03272747,0.9,0,0,0,0 0 0.050000000000000003,0 0 0.050000000000000003,0 0 0.050000000000000003,wrist_3_link,-1,0,0 0 0,0 0 0,,-0.11505692235386286 -1.5794768589692645 -0.027553687794934553 -1.5592395900035725 0.052882087228996157 -0.036175237432841345,-0.010117496347784654 -0.019407631832912744 0.0648847743671956 0.080421554373820023 0.038393727001804392 0.065705328888379114,-0.18686866951590467 -1.5461912056902383 0.2251996294193043 -1.2898824537917466 0.19540017804463386 0.16895616556618073,0.16089553762441447 0.19924463866311615 0.16342853391643616 0.015461152737795107 -0.11010639857346109 0.09757633103983164,-0.11602744371668892 -1.5816849812416116 -0.016287535318892495 -1.5460649873494599 0.05865380401030873 -0.024982257966696186,-0.036661237512125244 -0.13656840093702646 0.65082132386917002 0.77099974690189077 0.3246253744814851 0.66773500556322563,-9.2273410683103716 94.541506259128028 56.389599008043611 5.3176549057607865 -0.97791293659191569 0.036088593563563483,-0.212290163928742 3.2889170006446875 1.4546850007771894 -0.39701793282983999 -0.13340734834650902 -0.20266311765780642
ur,tetrapga,15.509513737,0.452956301,0.331247268,0.005101055,28.667173,36.243054,3.583396625,1,0,0,2.860352217,0.032384948,0.9,0,0,0,0 0 0.050000000000000003,0 0 0.050000000000000003,0 0 0.050000000000000003,wrist_3_link,-1,0,0 0 0,0 0 0,,-0.11533590314712275 -1.5800014867051244 -0.025459257042025771 -1.5566803946553753 0.054060486089852935 -0.03404719264752968,-0.0054594534792456514 -0.0095317841306368049 0.043086865132888223 0.052085748778294812 0.02367492498395667 0.043560833488258947,-0.18009105966141406 -1.5379133696087062 0.23188882589290699 -1.2893762121114094 0.19073514424799273 0.1729437421255087,0.16544158638998693 0.19932270290536333 0.15864578574091512 0.0089147907852639863 -0.11450232144507484 0.094421855185180037,-0.11624567462961313 -1.5824785853723382 -0.010672201954394788 -1.5398836957704507 0.061227356222883673 -0.019656175066549646,-0.027278864115800869 -0.09920051633718438 0.70191667056951201 0.77266144738342302 0.32169402657364465 0.66576036252309101,-11.313989510509057 91.034187640749749 40.995592784601754 3.0823039376135037 -0.61064306805864832 0.0037302627338705202,0.074583730294193629 1.2357690735343567 0.67447190507206756 -0.2856591029694755 -0.074706545675411462 -0.13440997851215997
ur,tetrapga,15.545830002,0.451295909,0.339542548,0.008454981,28.571228,36.222882,3.5714035,1,0,0,2.945888213,0.054439852,0.9,0,0,0,0 0 0.050000000000000003,0 0 0.050000000000000003,0 0 0.050000000000000003,wrist_3_link,-1,0,0 0 0,0 0 0,,-0.11563455347492672 -1.5807565438467992 -0.022719154619828222 -1.553314302882894 0.055584073574400053 -0.031234604242068437,-0.0074602216882021623 -0.015339741160369715 0.069929428773093869 0.08214210422650757 0.037063104513628625 0.068653452996842015,-0.1740123136531852 -1.5306758141183605 0.23757229415872957 -1.2891564243938689 0.18650890631921291 0.17632170211507792,0.16930848796334041 0.1992383474306734 0.1543326050043255 0.0031895443788401341 -0.11822482249494523 0.091598294558521295,-0.11528432310547257 -1.582107027255288 -0.018002405308961494 -1.5475148001896513 0.057632102717737131 -0.025811624626557127,0.043778796181769324 -0.16881042606109697 0.589593663858341 0.72493783665534151 0.25600364291713512 0.67787245193891399,-7.113045530096886 116.6196034571492 81.334780202042424 8.1731673026722778 -1.4632937523636076 0.068705670522832121,-0.16250416520711042 2.790143834265109 1.0880679413600802 -0.44666319996122184 -0.1211499388358277 -0.21176875067870071
ur,tetrapga,15.582117457,0.451306602,0.3314282,0.005847276,28.567484,36.132028,3.5709355,1,0,0,2.949057722,0.005679215,0.9,0,0,0,0 0 0.050000000000000003,0 0 0.050000000000000003,0 0 0.050000000000000003,wrist_3_link,-1,0,0 0 0,0 0 0,,-0.11577811467885497 -1.5810856534589877 -0.020772390239604394 -1.5510699828582728 0.056542121906237724 -0.029312226445506181,-0.0028870510373901386 -0.0068066359385423334 0.044334885256088356 0.050967410278736143 0.021397869550518957 0.043964582814739632,-0.16779999888106184 -1.5234496427716171 0.24309263517086777 -1.2891444267079319 0.18215309676081348 0.17959348822137525,0.17306861896344591 0.19901174347011436 0.14990406789944971 -0.0025272134588673087 -0.1218279896351333 0.08871807571489819,-0.11472942862705532 -1.5831443396776674 -0.012568372265588275 -1.5416748744523883 0.059654341291332728 -0.020402121325965295,0.069361809802155963 -0.12966405279742538 0.6792541304216525 0.72999071715786135 0.25277982169944957 0.67618791257397903,-13.519429629175397 115.45932671519459 53.519670531592567 4.0608992665358663 -0.79980085800497536 0.0056026168558239329,0.1766991714634969 0.36692037651664577 0.17623479451585666 -0.32744744210413046 -0.057522160374560372 -0.1356789840349677
ur,tetrapga,15.618344599,0.450285387,0.342549621,0.009605341,34.013301,41.299613,4.251662625,1,0,0,2.920766944,0.006787441,0.9,0,0,0,0 0 0.050000000000000003,0 0 0.050000000000000003,0 0 0.050000000000000003,wrist_3_link,-1,0,0 0 0,0 0 0,,-0.11589068471263221 -1.581677219572698 -0.018299656749061768 -1.5481258843802854 0.057778014046895129 -0.026773238013803793,-0.0030794169170892233 -0.014597551174908404 0.073324184647409849 0.083738601669421639 0.035041760697219024 0.072262883195830241,-0.16146382122896896 -1.5162462560970646 0.24844140779201276 -1.2893392323278674 0.17767625502949147 0.18275454675611832,0.1767162409080022 0.19864362846163591 0.14536799489941607 -0.0082255693906488851 -0.12530589748986831 0.085785918242244658,-0.1146837776784172 -1.5833290385651124 -0.010247546022317425 -1.5391915071379509 0.060588536690365916 -0.018181991424526867,0.078284873928320051 -0.11478236749119169 0.64830856062594955 0.71360903479821924 0.23404487765649876 0.67571103066970939,-10.38112025148301 115.32723944038744 65.211739984684243 5.8515930693353928 -1.0845051647954012 0.03555640365841535,-0.24105714796428401 3.1697624898188224 1.1160659527405414 -0.46443442351028352 -0.1132161073799125 -0.22288026086505397
ur,tetrapga,15.659739102,0.453201001,0.335681721,0.009115739,28.792222,36.237001,3.59902775,1,0,0,2.976988582,0.104167246,0.9,0,0,0,0 0 0.050000000000000003,0 0 0.050000000000000003,0 0 0.050000000000000003,wrist_3_link,-1,0,0 0 0,0 0 0,,-0.11579360016748667 -1.5815773835412983 -0.017594311860173129 -1.5474574245883732 0.057936412505917294 -0.026086744164093133,0.0037269002522126843 0.00074084041289481522 -0.0014525038567303702 -0.00028294377652882184 -0.0032299037897019858 0.0027941549258917718,-0.15406474186545838 -1.5080351585547436 0.2543492469931492 -1.2898142071866501 0.17240957211325891 0.1862351271760555,0.18075062763563132 0.19804962997061823 0.14004903292312315 -0.014719498044803851 -0.12913003409038981 0.082368759324281213,-0.11396730931661882 -1.5838665075563667 -0.0046093519934819645 -1.5334660629498493 0.062439350664447828 -0.012793757634275035,0.089558545224797739 -0.067183623906772377 0.70477425360443258 0.71568052351270006 0.23135174676023881 0.67352922378147873,-13.805625694216738 109.92299938194772 48.988400875590528 3.6676054953209709 -0.72748365292741068 0.0044058344452308825,0.65466579367955546 -3.0081938608400378 -1.0465621081331236 -0.11142879909039038 0.039541152516576972 -0.0087735681692819867
ur,tetrapga,15.696049179,0.454289404,0.335434785,0.006681248,28.654297,36.289945,3.581787125,1,0,0,3.050964123,0.08717694,0.9,0,0,0,0 0 0.050000000000000003,0 0 0.050000000000000003,0 0 0.050000000000000003,wrist_3_link,-1,0,0 0 0,0 0 0,,-0.11548910974205952 -1.582158167982197 -0.016286531685113043 -1.5458018336118027 0.058423636575261916 -0.024457336753578623,0.0078306307223929127 -0.014709590242108642 0.034651840543121183 0.041909757001628183 0.012496520380900482 0.041174470082734831,-0.1474392639258319 -1.5008557504726669 0.25934796260609322 -1.2904517808336173 0.16766201426989957 0.18917065847122602,0.1841691932775523 0.19737662445886311 0.13526827920578857 -0.02039510520771496 -0.13234952534364194 0.079315042265750424,-0.11328042688984914 -1.5839797656930288 0.0012316101666345995 -1.5277483781796055 0.064272899341218923 -0.0074234195347194906,0.085860303346208519 -0.014157267082770666 0.73012027001457047 0.71471059628048716 0.22919358459638603 0.67129226244444296,-13.639339556550897 101.17115440920988 43.290301084294896 3.1971975191907496 -0.64003520506382039 0.0031837190905506345,-0.1096117586936316 2.2048117954045665 0.892051000508431 -0.22853256648431852 -0.038813347755521477 -0.12699003806149989
ur,tetrapga,15.732415368,0.454989534,0.337408586,0.009302747,28.679611,36.208146,3.584951375,1,0,0,3.158612914,0.027186823,0.9,0,0,0,0 0 0.050000000000000003,0 0 0.050000000000000003,0 0 0.050000000000000003,wrist_3_link,-1,0,0 0 0,0 0 0,,-0.11523386096923556 -1.582734999697891 -0.014717006085902559 -1.5439125683997714 0.059038834354796128 -0.022656698323149541,0.0059731926203554706 -0.012514049240162693 0.041435820850026589 0.047909893772607952 0.01575174691466031 0.045433652804032991,-0.14068122100051114 -1.4936923226656154 0.26417851276198195 -1.2912964680616961 0.16279229180738436 0.19199866435007276,0.18747760843681022 0.19656060586896318 0.13037634508992885 -0.026054922742057812 -0.135444595436162 0.076206123508588866,-0.11264215333998721 -1.5836948270262055 0.0072274925240139723 -1.5220422615160283 0.066090285725321926 -0.0020706308042230852,0.079784193732740497 0.035617333352913255 0.74948529467242153 0.71326458294714856 0.22717329801287481 0.66909859131205063,-12.643877784922823 92.496561869329341 39.179380825027771 2.8714137653494318 -0.57528710188454346 0.0027727317975346335,-0.2290284636552542 3.0699065290227736 1.1851615992929396 -0.24703111923372489 -0.052664772508194346 -0.14010208416910075
ur,tetrapga,15.76872743,0.454291387,0.344050685,0.013938001,28.560452,36.220953,3.5700565,1,0,0,3.228997993,0.088600896,0.9,0,0,0,0 0 0.050000000000000003,0 0 0.050000000000000003,0 0 0.050000000000000003,wrist_3_link,-1,0,0 0 0,0 0 0,,-0.11487754100894561 -1.5833888642350704 -0.012300780739578377 -1.5411648015036203 0.059938611669227496 -0.0200608173013253,0.0100870946987085 -0.014369019863567539 0.072766288974694157 0.078155138554537845 0.025429591205696378 0.073785528842422801,-0.13381532318354369 -1.486571734211162 0.26882254606079325 -1.2923447447103182 0.15781990120712192 0.19470877099270548,0.19066328607957306 0.19560451330079606 0.12539199315798605 -0.031676868043418224 -0.1384031224275096 0.073053597077125096,-0.11343926562953516 -1.5844273509785125 -0.0076663540098885 -1.5360130207575975 0.061082391267372353 -0.0146234806964952,0.17978442242630568 -0.12981084293026071 0.57930334121123461 0.64397259325285361 0.14297244976810705 0.67966707560376249,-5.5083383163042061 138.84242365464655 90.739216443613614 8.5410435278524659 -1.5331114482759769 0.066347724209696785,-0.48371288303451365 4.5995403408323909 1.5679582734707225 -0.40909653267135582 -0.087915123824132024 -0.22750634067440245
ur,tetrapga,15.805018217,0.451938858,0.352224858,0.014541285,28.684428,36.023666,3.5855535,1,0,0,3.211162865,0.00921924,0.9,0,0,0,0 0 0.050000000000000003,0 0 0.050000000000000003,0 0 0.050000000000000003,wrist_3_link,-1,0,0 0 0,0 0 0,,-0.1144005702947329 -1.5839879109094177 -0.0088258146664372678 -1.5374470942916436 0.061145149203114535 -0.01655816131646411,0.012293661386226642 -0.009691828688844592 0.09700176252447866 0.098568992189854931 0.031774709675375573 0.092748990300221018,-0.12684004323305603 -1.4794925562200598 0.27328127955176251 -1.2935957646942859 0.15274551811330772 0.19730207495198007,0.19372701453399122 0.19450850823721211 0.12031504286624978 -0.037261233129347711 -0.14122560121122502 0.069856965449261219,-0.11279085243473709 -1.584874855192794 -0.0041881619978747803 -1.5324462935909609 0.062122392382215369 -0.011166995159941972,0.20121473249947588 -0.11086803542203226 0.57970658357031102 0.6251000875853342 0.12215539738760386 0.67389576956526742,-5.1732465588051113 139.7812919127264 89.783923480568788 8.3207740032270223 -1.4951637310672148 0.06322463545671865,-0.54846502750081072 4.7986240033851573 1.4156162100833845 -0.55267117825405876 -0.10410436956613012 -0.285994573720739
ur,tetrapga,15.84110753,0.448687381,0.361409185,0.013658036,28.70466,36.418093,3.5880825,1,0,0,3.196781046,0.00694823,0.9,0,0,0,0 0 0.050000000000000003,0 0 0.050000000000000003,0 0 0.050000000000000003,wrist_3_link,-1,0,0 0 0,0 0 0,,-0.11388386826534171 -1.5843546530030668 -0.0047326786574152166 -1.5332598816363818 0.062493511941224204 -0.012621849066770456,0.013472147949066472 -0.0023098696266367945 0.11712200299509266 0.11412979273829903 0.036500230960736034 0.10713121115728323,-0.11979541443299614 -1.4724946311109168 0.27753089362549732 -1.2950401290615261 0.14760017179827475 0.19976514746358423,0.19665233549573652 0.19328001221040239 0.1151756341389176 -0.042775805710111595 -0.14389682003507623 0.066634735821651303,-0.11210631416290241 -1.5850788031223841 -0.00010764320340218327 -1.5284272665752316 0.063301887492650477 -0.0072898107397717411,0.22219426280491195 -0.090518764914676475 0.57812943175162923 0.60407688264377846 0.10104694392828395 0.66650479087483949,-4.70277180815369 140.01536703952021 88.661421863635553 8.0953388709455041 -1.4551531821262644 0.060379034931542619,-0.54518334337547003 4.5071517299302286 1.0740024827844792 -0.68148750797718094 -0.11211497262317494 -0.33036539108214935
ur,tetrapga,15.877630932,0.451650429,0.337496447,0.035263917,28.640709,36.135404,3.580088625,1,0,0,3.190459241,0.126897277,0.9,0,0,0,0 0 0.050000000000000003,0 0 0.050000000000000003,0 0 0.050000000000000003,wrist_3_link,-1,0,0 0 0,0 0 0,,-0.11379889696419021 -1.5835390491463561 -0.004152990628643413 -1.5331940500430785 0.062356697236134247 -0.012448059935501481,-0.00024475314597180122 0.015306637851190571 -0.021995001489450477 -0.027489599896213621 -0.013402749457800655 -0.022085993427496859,-0.1125608432332286 -1.4654602193436865 0.28164117488908291 -1.2967036989179614 0.14229732716984089 0.20213868580109931,0.19948728696901011 0.19189685698941455 0.10988657875807691 -0.0483124824559426 -0.14646017054327734 0.063332023524394696,-0.11005413842682198 -1.585385800801532 0.0052607513599005938 -1.5235518064837161 0.064089583556484572 -0.0019760762750840825,0.25652196701005403 -0.038374709893485112 0.67104932041284704 0.60943251143944799 0.09846200797926162 0.66421680808595729,-15.962983359036917 135.4363830963124 61.618181496594623 4.6128364924418319 -0.90608636988978353 0.0062882154970839909,1.8327738290216757 -11.637092499971004 -4.9232257288251162 -0.26658155409768369 0.13786867389877955 0.067686467414333151
ur,tetrapga,15.913837196,0.455191391,0.342091027,0.002777212,28.547779,36.086649,3.568472375,1,0,0,3.220218668,0.201528118,0.9,0,0,0,0 0 0.050000000000000003,0 0 0.050000000000000003,0 0 0.050000000000000003,wrist_3_link,-1,0,0 0 0,0 0 0,,-0.11357779285904381 -1.5836930700500564 -0.0042175944859930764 -1.5331173981030886 0.062231069096154508 -0.012222062484098645,0.007310462361195179 -0.010735971734317187 0.0012279974490946367 0.0070895310891977677 -0.0012302422691556265 0.010712888543722862,-0.10528919025667639 -1.4585392579330068 0.28552358112062565 -1.2985515464572055 0.13695067845268752 0.20437183708334669,0.20217076069049209 0.19038773318829 0.10456048262179468 -0.053752407500467905 -0.14886007789723493 0.060018853082544649,-0.10801935328512433 -1.5851767769355525 0.01091326712356774 -1.5186762811264556 0.064862933506846049 0.003318937963518725,0.25434814271220563 0.026127983247448847 0.70656447045839321 0.6094406696575736 0.09666874379518503 0.66187677982535087,-16.794503576660194 125.00405468598726 53.503159680855859 3.9478784785438439 -0.79030686340815159 0.0041470466987316617,0.27912138458412983 -0.69245345355011523 -0.41658182141357081 -0.14018621012110088 0.030169295270781049 -0.033107694183190262
ur,tetrapga,15.949993655,0.457172866,0.344991872,0.011893385,28.540512,35.900955,3.567564,1,0,0,3.284664095,0.198156549,0.9,0,0,0,0 0 0.050000000000000003,0 0 0.050000000000000003,0 0 0.050000000000000003,wrist_3_link,-1,0,0 0 0,0 0 0,,-0.11317539350453699 -1.5843136073736543 -0.0033693484694862332 -1.5319512659495271 0.062485703772607613 -0.010980817130802879,0.011521537466768593 -0.016122996934674241 0.028889638733199045 0.035766544333571751 0.0082889398283143428 0.037476109359609086,-0.097932893393303175 -1.451684808388928 0.28920677998664879 -1.3005924597341791 0.13152724001748281 0.20648153780944609,0.20472240217179163 0.18874460596672887 0.099163563140069286 -0.059131796322110922 -0.15111437739091882 0.056673662716977935,-0.10604665935108834 -1.5844763471176959 0.016766654155166431 -1.5138073591949082 0.065623367630890786 0.0085954504672921747,0.24658674175449866 0.087553727232063006 0.73167337894983642 0.60861524144342727 0.09505426550559129 0.65956406297168124,-15.721580284909534 114.38336053081316 48.308254229764913 3.5399587975513684 -0.71091465782004559 0.0035404544888027771,-0.39077201679072004 3.9248168974590953 1.3506146179932201 -0.18502124437236489 -0.026691758129658183 -0.11550551981951607
ur,tetrapga,15.985986392,0.457284911,0.344456779,0.015547396,28.522404,35.766439,3.5653005,1,0,0,3.381909149,0.128628151,0.9,0,0,0,0 0 0.050000000000000003,0 0 0.050000000000000003,0 0 0.050000000000000003,wrist_3_link,-1,0,0 0 0,0 0 0,,-0.11233056771689709 -1.585018301473224 -0.0013254375167668232 -1.5297055783097544 0.062927169775675584 -0.0085775891583154459,0.024057825031762084 -0.014448209903719138 0.061653876277980142 0.06249648346639914 0.011818059983609439 0.067027653549978083,-0.090520596508743459 -1.4449228214602974 0.29267815706328709 -1.3028162940256571 0.12604997896099071 0.20846093577428718,0.20713332781450622 0.18697496242293354 0.093717811351135952 -0.064429587531116342 -0.1532153625435127 0.053309620163731523,-0.1041378780701769 -1.5833235746854977 0.022793379946001082 -1.5089469134304163 0.066371457254371685 0.013853749597424161,0.23859766011393124 0.14409655402477636 0.75334072385433148 0.60755572056149276 0.093511202935112489 0.65728739126649816,-14.409790956629614 104.24935097442318 43.771314948260631 3.1861864538961053 -0.6398131283691072 0.003178777434949734,-0.62335106083480696 5.1306407599486192 1.5895321563635072 -0.33401693368250562 -0.041423895170083824 -0.20660945978665701
ur,tetrapga,16.021843357,0.455993264,0.348570637,0.016334473,34.22776,41.928108,4.27847,1,0,0,3.274672938,0.003869047,0.9,0,0,0,0 0 0.050000000000000003,0 0 0.050000000000000003,0 0 0.050000000000000003,wrist_3_link,-1,0,0 0 0,0 0 0,,-0.11114738578353534 -1.5855348649354635 0.0016777853003397958 -1.5267481504258515 0.063454327449906228 -0.0053885447718801938,0.032736820571426004 -0.0074625331424874536 0.08869942577491105 0.082068126727597362 0.01430092653391609 0.088410516077818607,-0.083052303214480067 -1.4382520443987949 0.29594029905271202 -1.3052202575163792 0.12052076068939571 0.21031189911209458,0.20940515330460435 0.18508029388088254 0.088224219190025682 -0.069646130256126981 -0.15516474494979357 0.049926839159759109,-0.10537978390234859 -1.5839297771521148 0.017530225796846977 -1.5133131579913406 0.065325612696518959 0.0094893139640908758,0.28285600306344116 0.062430332295708997 0.66183039670956711 0.56679674209917785 0.051590043047500679 0.65708894391486172,-8.2302505560698158 126.10634361923096 68.196491053177994 5.6781841536615971 -1.0504583928057372 0.031473921651611385,-0.71621742437514513 5.3903759670465661 1.4536999853185506 -0.46862703688566398 -0.046702115586327864 -0.27255008416727566
ur,tetrapga,16.063876708,0.453293589,0.351262715,0.011587452,28.616141,35.965305,3.577017625,1,0,0,3.380656011,0.122397307,0.9,0,0,0,0 0 0.050000000000000003,0 0 0.050000000000000003,0 0 0.050000000000000003,wrist_3_link,-1,0,0 0 0,0 0 0,,-0.10954056604738362 -1.5857201207092995 0.0060554455301909367 -1.522751813545169 0.064129952573045546 -0.0010744751481514732,0.035999043982471168 0.0049776580201312199 0.10599355493849912 0.091160439905625057 0.015086985508496603 0.098182904445775224,-0.074197216540960023 -1.4305220361524618 0.29951190589598337 -1.3082748038578127 0.11395381924732942 0.21232650991406748,0.21190071838680338 0.18269364709543662 0.08170330163834584 -0.07567745100625578 -0.15726523883638249 0.045924548237388257,-0.10298006359791073 -1.5830007744743213 0.023295797615774775 -1.5087640305326511 0.065722002785950182 0.014733962692512814,0.29996503805473135 0.1161253347241934 0.72069647736597486 0.56864093233617907 0.04954876117890248 0.6555810910527422,-14.882024756563116 118.45412879301622 52.030404700971985 3.8276214346328024 -0.75688410150044783 0.0047974094293729572,-0.54408152085136408 3.8238590208820824 0.58432338509177129 -0.59651572021812171 -0.034655025383841576 -0.30274044176670145
ur,tetrapga,16.099914732,0.449548403,0.355629769,0.012684695,28.579765,36.227343,3.572470625,1,0,0,3.487855159,0.025034364,0.9,0,0,0,0 0 0.050000000000000003,0 0 0.050000000000000003,0 0 0.050000000000000003,wrist_3_link,-1,0,0 0 0,0 0 0,,-0.10790132873300923 -1.5854638055716084 0.010796403316533273 -1.5186407705178879 0.064799220109097153 0.0033641735523367656,0.038358013003831529 0.017153749260171523 0.12115039918514423 0.09898189434881885 0.015818331886434098 0.10650540996113388,-0.066524402000673888 -1.4239771369756076 0.30235459855650537 -1.3110940801491959 0.10825628256675854 0.21391926360186944,0.21389439153256726 0.18050670717874284 0.076047920558245399 -0.080771499878596192 -0.1589058129008549 0.042464172210435622,-0.10490071345920234 -1.5856506149942577 0.015128964556613018 -1.5148177950215562 0.064548600534632392 0.0084611265435227227,0.37507690922586068 -0.023351177831164149 0.54157015500996819 0.47787193704145825 -0.031327446808094607 0.63711912389824477,-2.2488773443284629 155.51163961282569 93.619154901719014 7.9969067066964996 -1.4366218833677924 0.05477745366910329,-0.39982647228305268 2.4316251431637284 -0.19855530851248204 -0.71034290367242647 -0.023684523290370407 -0.32844979972308863
ur,tetrapga,16.136237648,0.449442219,0.326491823,0.02571127,28.513922,35.829861,3.56424025,1,0,0,3.470749949,0.05446891,0.9,0,0,0,0 0 0.050000000000000003,0 0 0.050000000000000003,0 0 0.050000000000000003,wrist_3_link,-1,0,0 0 0,0 0 0,,-0.1071675379777601 -1.5845887116589099 0.013305907761455234 -1.5168568101754933 0.064988623642965815 0.0053472995722442414,0.01568696202811759 0.021873071758248555 0.053012866101085375 0.03715908443736235 0.0029975844308626023 0.042057138221113649,-0.058720724913537962 -1.4174626045950016 0.30501251287722447 -1.3141200319053339 0.10245661297438631 0.21539796994488469,0.2157657853229043 0.17817266493450729 0.070292353124024043 -0.085829247294410424 -0.16040822744019809 0.038951958774275729,-0.10157044692146294 -1.5853520590442818 0.020230653016088791 -1.5109615525291034 0.064279466038051014 0.013553653983110359,0.41628331721742501 0.037319493746986176 0.63771105743447176 0.48203031155661946 -0.033641812072671598 0.63656592994845462,-17.550507220840252 148.58561652959105 66.943856694221196 4.9677298614511232 -0.97461187892825552 0.0068183187607878453,1.0113819578319294 -7.0677467199839157 -3.8566904696695801 -0.61388171880025766 0.075570420768684698 -0.12998753482503744
ur,tetrapga,16.172167617,0.44889789,0.337382716,0.009547454,28.612447,36.053287,3.576555875,1,0,0,3.490361069,0.061808176,0.9,0,0,0,0 0 0.050000000000000003,0 0 0.050000000000000003,0 0 0.050000000000000003,wrist_3_link,-1,0,0 0 0,0 0 0,,-0.10607013507602654 -1.584184287304008 0.015986182925881134 -1.5146626649631529 0.065182272616826784 0.0078708166217110933,0.031066078500565884 0.011421298134337579 0.075858804227290577 0.060516325354945048 0.0052763257256433129 0.069684749796870005,-0.050937074677152597 -1.4111042434026562 0.30743507515539487 -1.3172925625013372 0.096668703842933204 0.21673476840592956,0.2174790999390579 0.1757372843164538 0.06454881776878342 -0.09075239218777538 -0.16174399925116861 0.035455966649613396,-0.098261515329340118 -1.5844837836866423 0.025641087909639246 -1.5070986677668636 0.064002111592577682 0.018624844423382563,0.41361644901535283 0.10853441970493417 0.67630436169380648 0.48286059527995284 -0.034669305684166769 0.6338988050340254,-18.501438355918619 136.84922585823455 58.210918704243504 4.2724049113619547 -0.85589040449805842 0.0045894721737620289,-0.11138864532784964 0.44040187613336457 -0.86355076766601258 -0.53465742111075087 0.022148708144499096 -0.21492636890223693
ur,tetrapga,16.208319325,0.451569732,0.335739659,0.034222292,28.519169,36.039087,3.564896125,1,0,0,3.546153355,0.120693849,0.9,0,0,0,0 0 0.050000000000000003,0 0 0.050000000000000003,0 0 0.050000000000000003,wrist_3_link,-1,0,0 0 0,0 0 0,,-0.1057379107751838 -1.5837062384021634 0.016657513267231184 -1.5143734815384022 0.065036068019064641 0.008343552510458185,0.0051327058050225464 0.0027348230981238631 -0.0014521060506968528 -0.0031563362556867656 -0.0054728245985711885 0.0011956078497313389,-0.043045774883005213 -1.4047972231239623 0.30966346874359896 -1.3206616915422249 0.090799373674874076 0.21795268304692506,0.21906323151699772 0.1731615418541409 0.058724041253187705 -0.095621527474809051 -0.16293607993608195 0.031918975680676406,-0.09502426089191876 -1.5830753741661667 0.031273007668721965 -1.5032367702151859 0.063715828204616631 0.023675826152575435,0.40465680467766985 0.17605119005945213 0.70398996988533991 0.48273719395972453 -0.035785423495131613 0.63137271614910928,-17.293593872195309 125.00656852760417 52.488297058917304 3.8278208168456977 -0.76988372004932726 0.0039351791177591189,1.5500087000978624 -10.651407409989588 -5.133343867807227 -0.47227276357261871 0.12452277098893205 -0.0040706224651536616
ur,tetrapga,16.244449401,0.453804358,0.33420934,0.005394498,28.67589,36.332447,3.58448625,1,0,0,3.636201511,0.103280795,0.9,0,0,0,0 0 0.050000000000000003,0 0 0.050000000000000003,0 0 0.050000000000000003,wrist_3_link,-1,0,0 0 0,0 0 0,,-0.10472180996288911 -1.5841286281646905 0.017491262676510286 -1.5135571034119266 0.064817211209040715 0.0096084531867397845,0.031841998182568484 -0.014263179902976356 0.028617903108528277 0.026806363087301392 -0.0056312693970791486 0.040057282951636915,-0.03510452976409574 -1.3985892527432271 0.31167938320222877 -1.3242030838061805 0.084893262340166767 0.21904180050334573,0.22050505275313895 0.17046356949228406 0.052861521638094253 -0.10039904729590857 -0.16397435517242767 0.028367082601631097,-0.091860720915760141 -1.5811704551795303 0.037096499360427061 -1.4993780460027757 0.063420490078518299 0.028706994210348367,0.39544249701982803 0.23811487332956544 0.72793646146313729 0.48234052655126641 -0.036917265762292373 0.62889600722161632,-15.822586285613923 113.71084768424595 47.469680116325272 3.4405290022083386 -0.69240256375938192 0.0035361408343751316,-0.14644550788415245 0.88562580582038208 -0.44369454185732593 -0.30209188785556762 0.051297644759785044 -0.12351426741932414
ur,tetrapga,16.28087537,0.454450231,0.334534052,0.015721905,34.009106,41.396216,4.25113825,1,0,0,3.497437906,0.000281709,0.9,0,0,0,0 0 0.050000000000000003,0 0 0.050000000000000003,0 0 0.050000000000000003,wrist_3_link,-1,0,0 0 0,0 0 0,,-0.10298965113529744 -1.5846583973387909 0.019395779182508635 -1.5118703824204447 0.064595719234799967 0.01197452596723282,0.048987982882519245 -0.0090217328030988784 0.059575480624414069 0.048636068318315302 -0.0060820142593138839 0.067522855162069573,-0.027048130915241119 -1.3924313654862173 0.31349669933562119 -1.327946524393429 0.078903631688413467 0.22000965150784893,0.22181439976660328 0.16762020510322345 0.046914044428644913 -0.1051218148888944 -0.16486551416194939 0.024771377383117982,-0.093935811145693757 -1.5818342682754361 0.033178267937551284 -1.5021604853708008 0.063379449683036548 0.025295735975662509,0.43617185997937957 0.13501974796558927 0.61651608326042884 0.4329661051011584 -0.078581871702823228 0.61937198585898967,-7.50452914238699 137.97263613331572 72.374070408979406 5.7448706469177306 -1.0643895583702376 0.028987239383596146,-0.81875520410500258 5.1882287354073924 1.1496483817885945 -0.31639005005217768 0.027239004334703054 -0.20806614781075439
ur,tetrapga,16.32238096,0.45324442,0.335357428,0.013179392,28.53639,35.869125,3.56704875,1,0,0,3.590394068,0.156199968,0.9,0,0,0,0 0 0.050000000000000003,0 0 0.050000000000000003,0 0 0.050000000000000003,wrist_3_link,-1,0,0 0 0,0 0 0,,-0.10039200058369006 -1.584773111262658 0.022881243874274464 -1.5091218990181785 0.064311576848983185 0.015708146616379367,0.05520307767387804 0.0083754877067071607 0.082824283449817113 0.060110861855560839 -0.0061531531205699938 0.080898768243071711,-0.017813667490263238 -1.3855439618804957 0.31530257790508354 -1.3324193057987481 0.072042979618414701 0.22095251675665437,0.22312832227685517 0.16423208011675999 0.040098147471977513 -0.11038311794101184 -0.16568980917245779 0.020659452522946847,-0.090281754108962678 -1.5802722774620275 0.038603794451864425 -1.498679858733559 0.062737821362916696 0.030239851222916576,0.4567571295913842 0.19524885167608039 0.67819081428914241 0.43507832965523852 -0.080203540014982352 0.61801440590675849,-16.210807109517667 128.66017689193609 56.100596882553404 4.1013084189564752 -0.81125783082235159 0.005219361479825442,-0.75605345773931276 4.3491994408077517 0.58213469568687515 -0.43257368675403995 0.036269193897027208 -0.24934304926984652
ur,tetrapga,16.358358093,0.451001138,0.340308232,0.010041622,34.183694,41.872062,4.27296175,1,0,0,3.517632013,0.015613049,0.9,0,0,0,0 0 0.050000000000000003,0 0 0.050000000000000003,0 0 0.050000000000000003,wrist_3_link,-1,0,0 0 0,0 0 0,,-0.09789239904643797 -1.5842782737431065 0.026719657808270646 -1.5063132820528147 0.064056863577544421 0.019452363947913581,0.061629220959967729 0.025042922788494595 0.10466353817481598 0.070957357187091605 -0.0066207917110393108 0.093965919553820984,-0.0097680107646513602 -1.3796901017997318 0.31663847912954612 -1.3364709780351944 0.066071592766700549 0.22163151369817988,0.22411270672432523 0.16116986752922419 0.034161812301697736 -0.11483582230392755 -0.1662391786114216 0.017085258210086662,-0.090199010930481965 -1.5811149505054944 0.037408152465814914 -1.4994090616522078 0.062451241300361601 0.02966060230499646,0.48600820590229399 0.14504063713407533 0.59330329196842169 0.38593859262238728 -0.11826264623362065 0.60181183994767307,-7.8851581116260885 142.35597481474906 72.938656843165973 5.6565612574227018 -1.0525121953678336 0.026181935404370464,-0.67656533738608005 3.3137351565337667 -0.063674111427928892 -0.55087587150683248 0.047764010156370773 -0.28966980873472892
ur,tetrapga,16.400343145,0.451207533,0.32651763,0.025424037,28.621043,35.967007,3.577630375,1,0,0,3.601473358,0.156660406,0.9,0,0,0,0 0 0.050000000000000003,0 0 0.050000000000000003,0 0 0.050000000000000003,wrist_3_link,-1,0,0 0 0,0 0 0,,-0.096507328865774761 -1.5830677936776858 0.029409957873519636 -1.5047348250360619 0.0638205431867407 0.02159091598932205,0.024033861012399148 0.026004974545113788 0.048458400826345789 0.02736749218768814 -0.0049262486017264077 0.03761775104082201,-0.00033765575952618198 -1.3730008834862588 0.31792686511468632 -1.3413991881638316 0.059081917961209311 0.22226112946212753,0.22507881283422354 0.15745214071028105 0.027207533603855902 -0.11990030802907058 -0.1666861131583858 0.012905929085948181,-0.086151273955111185 -1.5794492107657991 0.042637834496587472 -1.4963025794047879 0.061494856915272289 0.034460511718175019,0.50596712192134796 0.20821746746192377 0.65371025384656967 0.38831028092746633 -0.11954804813616403 0.59998867664732025,-16.773797941639963 132.26750307974712 57.422598281701866 4.1910832824036355 -0.82977553778049384 0.0052827925216729042,0.76775647785433421 -6.2385732620987255 -3.8136056099728819 -0.57478100427397294 0.1039555199034794 -0.11622237232103316
ur,tetrapga,16.43640766,0.450678398,0.329914858,0.011439894,28.643033,35.977387,3.580379125,1,0,0,3.695834534,0.068141894,0.9,0,0,0,0 0 0.050000000000000003,0 0 0.050000000000000003,0 0 0.050000000000000003,wrist_3_link,-1,0,0 0 0,0 0 0,,-0.094698561313312807 -1.5823257431594651 0.032113616042966461 -1.5029382582601298 0.063497906914008737 0.02412866867668673,0.04425559339238435 0.023037698177746483 0.070124372547281308 0.044080731482959767 -0.0080098777819495454 0.062049666733059776,0.0077922585118340619 -1.367381888640091 0.31880009972344064 -1.3457999944162637 0.053066089379348313 0.2226617705607499,0.2257507306010591 0.15413734381916916 0.021216472241302225 -0.12413314148415019 -0.16690300083451656 0.0093116619118254716,-0.082151267002705933 -1.5772655152410624 0.04811355842324417 -1.4931932235765217 0.060534224515659325 0.039241382091035254,0.50000086905065566 0.27296194059210144 0.68446549083208752 0.38866947853328199 -0.12007904995162062 0.59760879660752908,-16.624729901190989 120.58327808927943 50.495174853279032 3.6537442672851941 -0.73401330619476823 0.0039774772956972055,-0.079354540623171488 -0.85320487023454916 -1.7159841744690425 -0.52037066895900352 0.080443721928716627 -0.19136703880614903
ur,tetrapga,16.472481808,0.45147943,0.327118882,0.023922095,34.212884,41.706923,4.2766105,1,0,0,3.574736604,0.011571653,0.9,0,0,0,0 0 0.050000000000000003,0 0 0.050000000000000003,0 0 0.050000000000000003,wrist_3_link,-1,0,0 0 0,0 0 0,,-0.093450546232164991 -1.5816041180873248 0.033976719642957461 -1.5018477744601728 0.063196176006912172 0.025757948253864339,0.031204184915850162 0.016924392930951111 0.044426933892312032 0.025955127516568945 -0.0079988240059078296 0.03962622489594398,0.015945942022780445 -1.3618829720924688 0.31945720217705198 -1.3503526766671261 0.047043612111206709 0.22293280945566657,0.22627610576217425 0.15071202405887779 0.015212739022467904 -0.12825476030864744 -0.1669656590333663 0.0057150862960717985,-0.083517258707297079 -1.5779564411068217 0.045594417395069087 -1.4948863133303916 0.060552504684279682 0.037130766556267646,0.53545598876729794 0.18479694467148536 0.56865979524603405 0.32927321099447365 -0.16408694712575822 0.5788876729772312,-5.9825570368650069 141.23598608416881 72.956061848640388 5.5827594985049762 -1.0322731439128248 0.026660626291560709,0.60262796534169638 -5.5172794917634747 -3.5883142809304331 -0.555489630935881 0.11108167089234655 -0.12237262817573935
ur,tetrapga,16.514255926,0.451485809,0.328723609,0.009142457,28.672701,36.421173,3.584087625,1,0,0,3.666487499,0.158330296,0.9,0,0,0,0 0 0.050000000000000003,0 0 0.050000000000000003,0 0 0.050000000000000003,wrist_3_link,-1,0,0 0 0,0 0 0,,-0.09118816763197328 -1.5810540818959853 0.036672739918890244 -1.5000976244847004 0.06265979644711589 0.028473616960046289,0.050876552075180409 0.016445299987484053 0.063899326042532359 0.039309134071939186 -0.01209939244859265 0.060787447987285824,0.025407978414006185 -1.3556722595656288 0.31994734568425165 -1.3558076203029403 0.040070554813495363 0.22308458143196161,0.22670042532474638 0.14661174707581232 0.0082528536843632979 -0.13288272331912013 -0.16684578313629081 0.0015518038180068669,-0.079041711102734474 -1.5759774567419034 0.050643817251902618 -1.4922326679104501 0.059229265150922507 0.041750254000340548,0.55944345057032496 0.24737304561479653 0.63117498210419143 0.33170567749268026 -0.165404941669647 0.57743593050911246,-16.456958851680987 131.02480250652286 56.905562304759293 4.1387952978915834 -0.81805197216533065 0.0053673040016321829,-0.27002740216693155 0.10246630490473763 -1.3713685372997588 -0.47120948434348975 0.088837789139233792 -0.18742086962535609
ur,tetrapga,16.550742739,0.450254583,0.332552406,0.009155939,34.040603,41.689639,4.255075375,1,0,0,3.597491899,0.025905301,0.9,0,0,0,0 0 0.050000000000000003,0 0 0.050000000000000003,0 0 0.050000000000000003,wrist_3_link,-1,0,0 0 0,0 0 0,,-0.088564038026198486 -1.5803392040106659 0.039822955594609896 -1.4981010071208427 0.062046646269947846 0.031572917881283656,0.065169835841128371 0.028652367469117597 0.086355716374746511 0.050572555648349615 -0.015602836879529982 0.077860903536383294,0.033683818222900411 -1.3503899672695281 0.32013754050922177 -1.3607278169574508 0.033987390672971372 0.22307492391073486,0.22690891155063581 0.14291600043099462 0.0021728411595176057 -0.13679385517858214 -0.16657262010583321 -0.0020802784291033467,-0.079109719732851524 -1.57662297902628 0.049548119807049561 -1.4929455111992409 0.059011814917497241 0.041116956894579393,0.58664435395186865 0.19191891875055705 0.53934167297416291 0.27766578955068372 -0.20326759911724132 0.55692136922091096,-6.6130887036054844 144.91157049680197 72.970272230489257 5.457029883273508 -1.0147034594234823 0.023442268899837672,-0.54244183878364538 1.4458330397892496 -0.99534304134030549 -0.51273256151580426 0.093238484190436566 -0.24001293614314534
ur,tetrapga,16.592525106,0.450633148,0.32547711,0.02715886,28.687156,36.243746,3.5858945,1,0,0,3.672916342,0.161338242,0.9,0,0,0,0 0 0.050000000000000003,0 0 0.050000000000000003,0 0 0.050000000000000003,wrist_3_link,-1,0,0 0 0,0 0 0,,-0.086797557450016244 -1.5790772283068009 0.042314934650499895 -1.4968521484675095 0.061514960917899805 0.03361064558718297,0.031418255129948704 0.025103702021417127 0.04434673450873753 0.021281271268378116 -0.010255375011866479 0.035742211835998752,0.043166401450629555 -1.3445092064944033 0.3200829561213544 -1.3665343081796031 0.027037427948601832 0.2229012506050565,0.22696153116054918 0.13855652174875119 -0.0047840859454607865 -0.14111806378633088 -0.16606771994295458 -0.0062311816729112629,-0.07423595661277442 -1.5745646159660576 0.054346354956752989 -1.4907038805610153 0.057378145226197289 0.045558414620383951,0.60922039000963801 0.25729538252781486 0.59977939371292832 0.28020382977820935 -0.20420871141249386 0.55518221572556969,-16.968432907910334 133.97014633788359 57.909097662509296 4.2058870127280024 -0.8323780842700752 0.0053895102680725062,0.63025470067333345 -6.3140549378595097 -4.073829053349499 -0.57274556381617003 0.12720288104505073 -0.110396248776226
ur,tetrapga,16.628833233,0.450439043,0.325046015,0.014083388,34.117479,41.437052,4.264684875,1,0,0,3.624780865,0.068459797,0.9,0,0,0,0 0 0.050000000000000003,0 0 0.050000000000000003,0 0 0.050000000000000003,wrist_3_link,-1,0,0 0 0,0 0 0,,-0.0845809197266989 -1.5782740542354388 0.04473032907105972 -1.4955045476230158 0.060852217015151103 0.035949767990117731,0.055691564880453931 0.026475391680504071 0.065526128855253482 0.034173208087854227 -0.016814974223417684 0.058894839322813183,0.05140530071865413 -1.3395489017271527 0.31979965566108864 -1.3717241524451957 0.02101832798040711 0.22260967548088481,0.22684564753648551 0.13466097602753044 -0.010819213835593084 -0.14473816626411556 -0.16546330768807674 -0.0098281774365542064,-0.074368604919595183 -1.5747955880964273 0.053604681592020392 -1.4912738253000937 0.057205753044509908 0.04503489347298785,0.62997915626768464 0.20296837554008754 0.50829244726425482 0.22879859899024294 -0.23867850952053588 0.53510027096712598,-5.9806556922601111 146.8793916369078 73.665397395718998 5.4389853386591067 -1.0102313209393179 0.022865564437663351,-0.17916927848580144 -1.2777079514598881 -2.1125081747311469 -0.50340016790869413 0.11607776473577758 -0.1815995779409576
ur,tetrapga,16.670336766,0.451447161,0.323817072,0.026319615,28.768291,36.17131,3.596036375,1,0,0,3.687822432,0.183087044,0.9,0,0,0,0 0 0.050000000000000003,0 0 0.050000000000000003,0 0 0.050000000000000003,wrist_3_link,-1,0,0 0 0,0 0 0,,-0.082818065611607608 -1.5772964396764582 0.04673342578091811 -1.4945731175421808 0.06024046917181413 0.037698337290022775,0.035968698618760425 0.019646226814178828 0.039330688739804477 0.01782601077086976 -0.012952369949314662 0.034711448417379276,0.060814304802594317 -1.334054427158232 0.31920776071396828 -1.3778144354533122 0.01416855388887529 0.22211669363227823,0.22652898041005148 0.13008974770037776 -0.017699602745882868 -0.14871555470638625 -0.16458498216537099 -0.013925038278610817,-0.06913524119756298 -1.5726392780210448 0.058161689051625998 -1.4894217983896043 0.05529032752882998 0.049301806959706762,0.65417046525402467 0.26953875942282202 0.56962593245070048 0.23150336381116862 -0.2394281894599905 0.53336418583986367,-17.138234325870904 135.61972910388062 58.580671847905364 4.2498937691893275 -0.8407764429868595 0.0054849498647572253,0.50937119259316432 -5.8785266544955448 -3.9479422657448424 -0.54702298963002249 0.13442134224615643 -0.10718311056417917
ur,tetrapga,16.706590316,0.451351619,0.321203385,0.013300798,31.221794,38.921157,3.90272425,1,0,0,3.765536298,0.097139826,0.9,0,0,0,0 0 0.050000000000000003,0 0 0.050000000000000003,0 0 0.050000000000000003,wrist_3_link,-1,0,0 0 0,0 0 0,,-0.080310042178440164 -1.5765929377603125 0.048992860493107783 -1.493417321040881 0.059393903010439224 0.040005543090673258,0.061294797332564113 0.022920599715556721 0.059588796867900293 0.028477756700919586 -0.020797540681196734 0.056380520872233754,0.069019309083549474 -1.3294121265322691 0.31845746459275209 -1.3832666870327022 0.0082181590555457252 0.22154722953009326,0.22609160668421871 0.12599685094397434 -0.023688217988817418 -0.15204631159263976 -0.16365539150256986 -0.017487920477235006,-0.063954846682988967 -1.5699475716754527 0.062976153223323866 -1.4875628948977897 0.053376137791574615 0.053551256152877501,0.64754931432175156 0.33646329319899215 0.60180802146223367 0.23236293647682799 -0.23927371715692072 0.53118114914634229,-17.097689638474304 123.39080313931655 51.41436522435172 3.7047619312744069 -0.74534987762262805 0.0041579167306372011,-0.29377226711596904 -0.88763555600780819 -1.995119748972968 -0.46390505756335187 0.12723953484416484 -0.17381037676102551
ur,tetrapga,16.745655369,0.452757827,0.320512445,0.023704216,34.090663,43.269549,4.261332875,1,0,0,3.652369353,0.00115442,0.9,0,0,0,0 0 0.050000000000000003,0 0 0.050000000000000003,0 0 0.050000000000000003,wrist_3_link,-1,0,0 0 0,0 0 0,,-0.078699218100383259 -1.5758509715586853 0.050538962941341539 -1.4927684498724119 0.058788802719093446 0.041414581923383112,0.042640859208663243 0.021220775421911468 0.040834644072212781 0.016404033662471087 -0.016524336505890604 0.036759040371689186,0.077839675504347325 -1.3245778290180927 0.31740648489420759 -1.3892740197715858 0.0018472340917920528 0.22078938275570872,0.2254526794265497 0.12148591366507562 -0.03011307623473421 -0.15548229615580134 -0.16248574445806188 -0.021307698185145784,-0.065930664301099229 -1.5709126038987433 0.060623820503589658 -1.4888004466249756 0.053851314022162457 0.051539516274869648,0.67454601132336167 0.24833346479073726 0.48328280265711948 0.1706532200156618 -0.27889452914644652 0.50707465459241818,-4.1699132811247601 142.43336673769718 71.237784620790251 5.1428603308968608 -0.95086647091437859 0.021372183790492726,0.29390406860227358 -4.775445402713558 -3.5556323410067137 -0.511520040790856 0.13961277389032034 -0.11343983763941878
ur,tetrapga,16.788999203,0.453044505,0.317609223,0.012719577,28.561442,36.246915,3.57018025,1,0,0,3.730901149,0.156980313,0.9,0,0,0,0 0 0.050000000000000003,0 0 0.050000000000000003,0 0 0.050000000000000003,wrist_3_link,-1,0,0 0 0,0 0 0,,-0.075802085753306811 -1.5749605826324686 0.052903867973133699 -1.4917258885604374 0.057715430734877109 0.043818814679481621,0.067455336927710927 0.025173668750800141 0.058440442466208713 0.024305738328124871 -0.024949788266521625 0.055670842747112932,0.087592664300418885 -1.3194227421836733 0.3159475037709657 -1.3960924563456516 -0.0051637850148448343 0.21977445565860479,0.22454064410213773 0.11636333970474237 -0.037200318545899842 -0.15910494999422425 -0.16098618059684325 -0.025518646767234598,-0.060318987534215746 -1.5684058854619836 0.064972308813069951 -1.4874143025604021 0.051613226682308597 0.055584499677150075,0.7014595958604356 0.31333980459497707 0.54356103868503625 0.17326800807169054 -0.27976091748173293 0.50562292528505348,-16.423228935655771 131.06139959517122 56.534699808111803 4.085793031456225 -0.80742076070330615 0.0053817066597570589,-0.40527904960492833 -0.53679319469392794 -1.9079365119080762 -0.43437889504184568 0.13893829054839557 -0.17158784287919104
ur,tetrapga,16.825324094,0.45151056,0.320020054,0.013621625,34.031848,41.608555,4.253981,1,0,0,3.644690388,0.020653857,0.9,0,0,0,0 0 0.050000000000000003,0 0 0.050000000000000003,0 0 0.050000000000000003,wrist_3_link,-1,0,0 0 0,0 0 0,,-0.072208514026534082 -1.5737471894120392 0.055880131092253232 -1.4904544891946079 0.056400679973343637 0.046758323143440791,0.083508951961712666 0.040147336151594278 0.077402014503111835 0.030325013126640907 -0.031047137636064565 0.068971158759033785,0.095732667702589952 -1.3152752423095389 0.31448892520694605 -1.4019246595332318 -0.010986273143654173 0.21878377809033878,0.22361217279504703 0.11197887700508256 -0.043100659722925885 -0.16198434361441258 -0.15956783794980284 -0.029022711266699731,-0.060509537128867003 -1.5690195484201945 0.064021768585225583 -1.4879911876038516 0.051508983266931735 0.055012675174358545,0.71927670643848929 0.25712362710210351 0.4494435790704987 0.11790103420668668 -0.31224625761179814 0.48015797050788966,-4.6279456186505623 143.28971006052373 70.062578578948219 4.9504612492390923 -0.91962943404079867 0.018295739106078412,-0.51129545673194343 -0.46295377451406239 -2.0432437491763835 -0.48035408117448242 0.15882129184940652 -0.21258013954215471
ur,tetrapga,16.8670111,0.452054323,0.319708133,0.033943107,30.72393,38.296864,3.84049125,1,0,0,3.699495767,0.161068337,0.9,0,0,0,0 0 0.050000000000000003,0 0 0.050000000000000003,0 0 0.050000000000000003,wrist_3_link,-1,0,0 0 0,0 0 0,,-0.070098645050580971 -1.5722351868087989 0.058008010817588711 -1.489801291664903 0.055516687075432086 0.048432349007465812,0.040216618256009015 0.031075248976267528 0.040610281348190926 0.011723472567840666 -0.017481481589323784 0.031549298574373982,0.1050290309808188 -1.3107137469086296 0.31255190528082544 -1.408743113584159 -0.017601176700347294 0.21749062210022277,0.22236288161553722 0.10684895697879744 -0.049821372158397978 -0.16510959240114598 -0.15776090380530564 -0.033012616864889523,-0.054553265710200478 -1.5664311478666442 0.068077761860542971 -1.4870266227349345 0.049007998498114949 0.058840384699297192,0.74453392733331569 0.32355006919380458 0.50699915941467333 0.12057060861463985 -0.31262309610209837 0.47846369061733057,-16.590969391094454 131.44004189006262 56.452258797325541 4.0740237829584629 -0.80592473619516569 0.0053155506127746111,0.66614238639692758 -8.0995188848573889 -5.0914660542524643 -0.60400566359203367 0.16707375519499124 -0.097463557164232384
ur,tetrapga,16.905383341,0.45171693,0.314625877,0.020840972,37.383777,45.116189,4.672972125,1,0,0,3.641566646,0.060934369,0.9,0,0,0,0 0 0.050000000000000003,0 0 0.050000000000000003,0 0 0.050000000000000003,wrist_3_link,-1,0,0 0 0,0 0 0,,-0.06711638821082562 -1.5710145883683031 0.060280288595067524 -1.4890392238608581 0.05430654219695738 0.050632261117432603,0.068200828955727585 0.033718085986689558 0.056182905576097286 0.017669510306449632 -0.027769298815449334 0.050282150943182335,0.11353674238015751 -1.3067057459415419 0.31052231229733307 -1.4151311640472939 -0.02362020951982928 0.21615391215960261,0.22104009733085409 0.10203829375654373 -0.055954001827098539 -0.16781436585667617 -0.15593070847368914 -0.036652586931137231,-0.054787337828213767 -1.5665940747481295 0.067481587177928265 -1.4874875315924037 0.04892336098307272 0.05836507442019627,0.75593614153740996 0.26609917116801407 0.41282024376537618 0.068173963186580686 -0.3417386705579315 0.45359393897892269,-3.6667551942364973 143.24213543481864 69.770896090391105 4.8531613866083099 -0.89951143657866228 0.017399507992375524,-0.14401413605321522 -3.1537452970196682 -3.1261457493660032 -0.49012687448157521 0.16702892158807003 -0.15502840435665632
ur,tetrapga,16.95067815,0.452782631,0.304293057,0.135137599,30.948682,38.742578,3.86858525,1,0,0,3.697308373,0.163449822,0.9,0,0,0,0 0 0.050000000000000003,0 0 0.050000000000000003,0 0 0.050000000000000003,wrist_3_link,-1,0,0 0 0,0 0 0,,-0.064725860220504111 -1.5697365088937871 0.062132779914136155 -1.4885819384600159 0.053251525796316444 0.052275727493896244,0.084174923170617824 0.024785129732677231 0.04498051636395365 0.014369293007840261 -0.038092404121017338 0.058753200274190287,0.1235094117621553 -1.3022144816544967 0.30782529939757319 -1.4228005976586886 -0.030630367943359594 0.2143972461135972,0.21926667710452755 0.096256025954138957 -0.063119042872122777 -0.17079161735815546 -0.15356779207735785 -0.040904970221587469,-0.048522671771666581 -1.5639312335216826 0.071246425879218214 -1.4869198851045233 0.046188168874326675 0.061980476282478922,0.78308325706839821 0.33285515330586873 0.47060483766124439 0.070955810985049092 -0.34189901359325531 0.45192523278533164,-16.486902597325948 131.19758459932726 56.325235701975409 4.0600990201554978 -0.80253194570236885 0.005342912550892219,27.256706601552736 4.6531540579762805 9.553384887093415 2.8276585902103761 -4.837768432257235 7.5677055436263601
ur,tetrapga,16.989517342,0.452618082,0.310579871,0.0209464,34.114258,43.103976,4.26428225,1,0,0,3.639970374,0.065640775,0.9,0,0,0,0 0 0.050000000000000003,0 0 0.050000000000000003,0 0 0.050000000000000003,wrist_3_link,-1,0,0 0 0,0 0 0,,-0.061508145543934328 -1.5686711752443119 0.064157845667636479 -1.4880617977527957 0.051896198402236152 0.05435708557384894,0.069911454088679229 0.02996153687848031 0.048477770208259274 0.011677384242022418 -0.02975008175562753 0.045520694998434259,0.13199303545679003 -1.2985736587754717 0.3052556391922423 -1.4294804911073091 -0.036552645860814338 0.21273839611959877,0.21756439940715352 0.091213256907111337 -0.069192686369782944 -0.17315614631028312 -0.15137008107467562 -0.044509832984881662,-0.048687873802520237 -1.5640876743934546 0.070723725736984253 -1.4873354842261737 0.046090594035706367 0.061579550607732153,0.79094185691002727 0.27669124869284112 0.37769874544461324 0.019419650310714576 -0.36894870032188043 0.42634620994602862,-2.9760979766865052 142.37776728831622 68.724265658037467 4.6913222182602512 -0.86856427681746384 0.015799116107606016,-0.20192610624562235 -3.1472101783410835 -3.1419600386111597 -0.45707276957091381 0.17370644011619163 -0.14032456337429267
ur,tetrapga,17.032731342,0.453920531,0.314670472,0.029289853,28.55501,36.02878,3.56937625,1,0,0,3.679561682,0.16989292,0.9,0,0,0,0 0 0.050000000000000003,0 0 0.050000000000000003,0 0 0.050000000000000003,wrist_3_link,-1,0,0 0 0,0 0 0,,-0.059317163036621129 -1.5675630473642899 0.065660934457080586 -1.487812718203565 0.050897989102674589 0.055698772627602582,0.044624590556060391 0.023730853472503862 0.030757155995859382 0.0047165658357314812 -0.020571653940167661 0.027072504339187189,0.14135045292242734 -1.2947547482190895 0.30212100331541614 -1.4370164212351006 -0.04303786059354598 0.21072914447008398,0.21547483309545717 0.08551620061967638 -0.075867103963698654 -0.17557991374501708 -0.14874236418683445 -0.048472098102266152,-0.042135362209244895 -1.561338765811271 0.07419979701205788 -1.4871575089573061 0.043139257277337022 0.064977093545282361,0.81906394915941783 0.34361357277295679 0.43450890938420428 0.02224690860844114 -0.36891709479616819 0.42469286719377519,-16.31757003212519 130.11685803280884 55.778395297451226 4.0151674540594273 -0.79333503725699828 0.0053083781840948686,0.30025332852915199 -6.3125443921317128 -4.3934779399380659 -0.51309708633925766 0.16629155071144908 -0.08355801516964334
ur,tetrapga,17.068869798,0.453587148,0.306190039,0.020059418,34.223677,41.723102,4.277959625,1,0,0,3.618357401,0.083973958,0.9,0,0,0,0 0 0.050000000000000003,0 0 0.050000000000000003,0 0 0.050000000000000003,wrist_3_link,-1,0,0 0 0,0 0 0,,-0.056075165175936734 -1.5664862357631302 0.067450185816571015 -1.4875198114676671 0.049468909221474955 0.057592887656162634,0.076149122746984141 0.032327903222165999 0.046924344048140096 0.0072252446094706263 -0.03372536791146169 0.044548723487276544,0.14910339985048263 -1.2917514219529527 0.2992795352894474 -1.443395640642201 -0.04837125282097024 0.20891820580682385,0.21357053671130369 0.080686391931745427 -0.081375975118397156 -0.17743752461564527 -0.14640029285015788 -0.0517435544260079,-0.042525710975964665 -1.5615920841355226 0.073583396782218508 -1.4875548068274052 0.043158319218894119 0.064478543594974499,0.82244408957826809 0.29005208145976352 0.34480067098800771 -0.027018326864834935 -0.39322050381398338 0.39919412428149997,-2.307640824531866 140.30035875278023 67.072412042799655 4.4907791967990578 -0.83024287741155522 0.014094258665879905,-0.32698986147497067 -2.7436177642794064 -3.0089127106287208 -0.41995596600008867 0.18357931196067057 -0.13728957659999708
ur,tetrapga,17.110675684,0.454490273,0.311143584,0.030415638,28.5513,36.056959,3.5689125,1,0,0,3.643661087,0.173309596,0.9,0,0,0,0 0 0.050000000000000003,0 0 0.050000000000000003,0 0 0.050000000000000003,wrist_3_link,-1,0,0 0 0,0 0 0,,-0.053661307153509877 -1.5652708932327934 0.068945970068423498 -1.4873951798501934 0.048338198105937542 0.058930898515016365,0.049115398690944931 0.026543848447782323 0.030835403869610058 0.0020545552416547323 -0.023355472856647498 0.02689324991573128,0.15798282316164233 -1.2884962473685524 0.29574584287076272 -1.4508551606765498 -0.054432248566044651 0.20667678181042873,0.21119101387941272 0.075029660622859873 -0.0876600386417863 -0.17939217583048273 -0.14353026773587907 -0.055477152267128488,-0.035716147236342463 -1.5587394089032036 0.076784045423029842 -1.4877481377721027 0.040014208697845971 0.067658908809673776,0.85119546745277497 0.3565844040398844 0.40008108010141724 -0.024166368087191949 -0.39301381513101824 0.39754565183740981,-16.008621360813912 127.90710047657025 54.737927390062154 3.9342927620289267 -0.77706060000401045 0.0052251105856206594,0.27265872377105893 -6.5942013112808127 -4.5623456324076983 -0.50961975744303345 0.17713692326285013 -0.082994685740459317
ur,tetrapga,17.146836878,0.454045419,0.301909319,0.020994039,34.021904,41.498451,4.252738,1,0,0,3.58463748,0.093177529,0.9,0,0,0,0 0 0.050000000000000003,0 0 0.050000000000000003,0 0 0.050000000000000003,wrist_3_link,-1,0,0 0 0,0 0 0,,-0.050296280585459908 -1.5640984855982849 0.070615260651402695 -1.4873009116281624 0.04680253909506521 0.060706006258787769,0.082312700592924351 0.034953091436124351 0.045225935049223391 0.002611114386768055 -0.037618552022151933 0.043365759375377733,0.16558021312565369 -1.2858724147753171 0.29247891398676495 -1.457370176866051 -0.059575507477333305 0.20461297864726691,0.20898146633017711 0.070080711469840989 -0.093013944279509 -0.18091343986919045 -0.14091187855544593 -0.058660086347057799,-0.036205544485413146 -1.5589878371142478 0.076199494447007007 -1.4880965715801895 0.040091817596637623 0.067156360565559015,0.85008367818600572 0.30388876706208162 0.31248017622384178 -0.071505860007124292 -0.41456953747724623 0.37173787891603116,-1.5750012811707208 137.36490045799229 65.04040691823478 4.2665145369525934 -0.7871785567721481 0.012374370490908565,-0.36499556706570502 -2.9892687828059934 -3.1491058931378575 -0.4017960711635169 0.19727219219009839 -0.13362610717064172
ur,tetrapga,17.188446377,0.4547625,0.308308494,0.032160024,28.623048,36.152749,3.577881,1,0,0,3.600990377,0.17334542,0.9,0,0,0,0 0 0.050000000000000003,0 0 0.050000000000000003,0 0 0.050000000000000003,wrist_3_link,-1,0,0 0 0,0 0 0,,-0.047747108149294566 -1.5628039729230838 0.072040968987496734 -1.4873204876384845 0.045577901481941838 0.061977548097830543,0.051567656452790357 0.028008574159890328 0.029221890832601925 -0.00088070535349836108 -0.0251201099683858 0.025394027436223737,0.17421999262596219 -1.2830758879290571 0.28848217273970478 -1.464930965253509 -0.065373491805279363 0.20209692323836406,0.2062672639339348 0.064326863125867911 -0.099074973496086557 -0.18246796301559559 -0.13774696535663575 -0.062266195776057527,-0.029170087056058735 -1.5560308576178348 0.079127348110972523 -1.4886458847406803 0.036778447168037319 0.070117247214352973,0.87943217866930168 0.36962243705161896 0.3659817079956893 -0.068664145061355791 -0.4141713035750384 0.3701108310992457,-15.592473927240292 124.90581245818355 53.362110492790094 3.8290503490367773 -0.75586964014951508 0.0051130260187382884,0.28577163603583244 -7.1308629422128433 -4.824003570783816 -0.51118257931739208 0.1862593905407266 -0.078371500895656254
ur,tetrapga,17.224666963,0.45417358,0.298268054,0.022602356,34.05672,41.525306,4.25709,1,0,0,3.541951459,0.096414594,0.9,0,0,0,0 0 0.050000000000000003,0 0 0.050000000000000003,0 0 0.050000000000000003,wrist_3_link,-1,0,0 0 0,0 0 0,,-0.044236905007360321 -1.5615544964774197 0.073586440761256006 -1.4874204667105264 0.043934243035676133 0.063645762463841252,0.085898165057913659 0.03664055181478524 0.04203455718960452 -0.0021319781073998638 -0.040241617663074686 0.040746752762377457,0.18164605927530725 -1.2808373711462331 0.28479946037703441 -1.4715619424967252 -0.070310894168554336 0.19978554065140686,0.20375668074144226 0.059270796620830984 -0.10425959523108395 -0.18364944319459645 -0.13486292911047879 -0.065353731092230874,-0.029710131214608658 -1.5562581925231957 0.078594580961309196 -1.4889490122224254 0.036890402845694753 0.06963153307648845,0.87417060213760822 0.31681056555392983 0.27971081564936723 -0.11447956210276117 -0.43324278202024669 0.34375352967391737,-0.74927286831999318 133.86054174825006 62.784883719501295 4.0283852054418539 -0.74103357075100518 0.010678482839184662,-0.35803773062397681 -3.5091084981340828 -3.3903533783121702 -0.39020189671737171 0.20860454934522465 -0.12554610544449929
ur,tetrapga,17.266303938,0.454765712,0.305841998,0.033338811,28.658581,36.055436,3.582322625,1,0,0,3.55107804,0.170177051,0.9,0,0,0,0 0 0.050000000000000003,0 0 0.050000000000000003,0 0 0.050000000000000003,wrist_3_link,-1,0,0 0 0,0 0 0,,-0.041597131146723393 -1.5602129471656809 0.074911787145979139 -1.4875809828242275 0.042640960115165404 0.064830764911986694,0.053290479264467797 0.02894362766873718 0.027180555496994364 -0.0037058166010453097 -0.026447058050730225 0.023613088941062666,0.19006691287811789 -1.2784913686396697 0.2803362141209646 -1.4792334307760284 -0.075854686250731315 0.19699157702073461,0.20070280402001084 0.053409259599847492 -0.11010879026479023 -0.18480912907412625 -0.13140354091580478 -0.068840842145026018,-0.022476222553869586 -1.5532064566098609 0.081245359498962319 -1.489842293476952 0.033429146291088702 0.072368793369326542,0.9042385825923841 0.38146698916686661 0.33134731720664012 -0.11166015681581233 -0.43265706932575609 0.34215753660476167,-15.099959218519645 121.38554751057455 51.77453586340976 3.7086533596413744 -0.73154723711483283 0.0049853087539541195,0.27623482973123714 -7.4919458189851866 -5.0008216283278557 -0.50647876843413542 0.19260748870325983 -0.072874089751252313
ur,tetrapga,17.30245848,0.45424068,0.294594108,0.022990967,33.982169,41.361122,4.247771125,1,0,0,3.492120663,0.098573476,0.9,0,0,0,0 0 0.050000000000000003,0 0 0.050000000000000003,0 0 0.050000000000000003,wrist_3_link,-1,0,0 0 0,0 0 0,,-0.038150257160073316 -1.5589755112094401 0.076245729005506718 -1.4878540253478691 0.040993851900104759 0.066307174469776506,0.090605746953181673 0.038201403248705516 0.039058472034259072 -0.006845160629734043 -0.043242220538212223 0.038684764261045473,0.19727309614300029 -1.2766529853957564 0.27626499671434729 -1.4859306839974762 -0.080549360255943614 0.19444878634951776,0.19790735352209601 0.048280953169565231 -0.11508720952955658 -0.18564326640026568 -0.128278342490458 -0.071812569317430672,-0.023149751226721048 -1.5534620387335887 0.080717993302975827 -1.4900970265721858 0.033615323838992232 0.071860401262548237,0.89543607878130071 0.32861814700772674 0.24655613134266335 -0.15610839497188889 -0.4495219070755615 0.31530216787458876,0.082404444195184112 129.88730429923876 60.309103460639705 3.7771849340320407 -0.69219965986398313 0.0089555877140057617,-0.4112293232992954 -3.6149842711638485 -3.4486450468888279 -0.36421681772480952 0.21807497800992337 -0.11916837921629053
ur,tetrapga,17.343921662,0.454453789,0.303555148,0.034337836,28.696618,36.275252,3.58707725,1,0,0,3.494117777,0.163158126,0.9,0,0,0,0 0 0.050000000000000003,0 0 0.050000000000000003,0 0 0.050000000000000003,wrist_3_link,-1,0,0 0 0,0 0 0,,-0.035253614112536975 -1.5575124617989466 0.077547592101723795 -1.4881635129211772 0.039555635518389407 0.067480480478983501,0.054844176987787936 0.029940674262790727 0.025206901711693114 -0.0064228187125142467 -0.027634490323262977 0.021840842595085182,0.20540973717717559 -1.2747737054923163 0.27137679237307921 -1.4936444973944552 -0.085791589026824822 0.19140169202514534,0.1945395042917735 0.042360675115873291 -0.12067620099005801 -0.18640152086379139 -0.12456001332134162 -0.075153576106816902,-0.015740497994378842 -1.5503261593115607 0.083087139101212057 -1.4913235693097051 0.030025217395816567 0.074370297562220786,0.92615665404277592 0.39198492775350879 0.29614322477952926 -0.15331784218990333 -0.44876330539695797 0.31373703745906883,-14.553773941924698 117.43720974494714 50.00565854925901 3.5754246853793061 -0.70464191900090856 0.0048404338943285182,0.25996684322686292 -7.8054156499829332 -5.15067541367182 -0.4997443890915747 0.19795835068501333 -0.067401936503642901
ur,tetrapga,17.380269196,0.45366044,0.292362998,0.025266563,34.008186,41.364538,4.25102325,1,0,0,3.432207377,0.090884549,0.9,0,0,0,0 0 0.050000000000000003,0 0 0.050000000000000003,0 0 0.050000000000000003,wrist_3_link,-1,0,0 0 0,0 0 0,,-0.031605113843842771 -1.556173856415227 0.078792332158278452 -1.4886205615437764 0.037784227341418362 0.06888540047581064,0.091991069297010425 0.040136559082834318 0.035721411587881335 -0.011151545783306434 -0.044682843436350393 0.03536787758228304,0.21242496017766882 -1.2733287834818388 0.2669031531132221 -1.5004291340580067 -0.090258044220153724 0.18861775293528821,0.19144705837022111 0.03714094570425696 -0.12546545639601592 -0.18689160186979042 -0.12118642555565132 -0.078021200924767664,-0.016367637629665893 -1.5505337055489878 0.08264276976245781 -1.4915430167631079 0.030198807339657657 0.073917174174049902,0.91314603618061396 0.33953778930074163 0.21287926658906878 -0.19636891704591308 -0.46323937861997577 0.28616564437927361,1.0021927060458271 125.35006981014881 57.598399507096474 3.5107922566720378 -0.64004690826441135 0.0072393836163402673,-0.36242040365004868 -4.4053555037507977 -3.7899844417241866 -0.36172351942877867 0.22708165762823285 -0.10894784781575595
ur,tetrapga,17.421739899,0.453907634,0.301508051,0.035740942,33.990437,41.351528,4.248804625,1,0,0,3.428152203,0.155722983,0.9,0,0,0,0 0 0.050000000000000003,0 0 0.050000000000000003,0 0 0.050000000000000003,wrist_3_link,-1,0,0 0 0,0 0 0,,-0.028806740441718475 -1.5547272858025796 0.079929666437313598 -1.4890448558685387 0.036374635335572135 0.069900720515204448,0.055965168903553367 0.031089185826269763 0.023216865497480324 -0.0090960915218833444 -0.028602288551381028 0.019897755142232472,0.22028855896417623 -1.2719125119806436 0.26158892969792641 -1.5081878543807004 -0.095201774095958758 0.18531554694485547,0.1877616110970669 0.031156641971664917 -0.1307989660256795 -0.18725136086593147 -0.11721210763543125 -0.081220600239231361,-0.0088106010004447115 -1.5473229444118528 0.084725247435238626 -1.4930920104741359 0.026500466460283631 0.076194310418647798,0.94462957865264785 0.40134514214189104 0.26030970909760176 -0.19362421387849849 -0.46229260992175314 0.28464203057473791,-13.933266325223007 112.97193075874435 48.024103202561314 3.4268925024799999 -0.67457321887542676 0.0046793718015806542,0.26682087850515757 -8.2770475309498579 -5.3611412658845552 -0.4972539696154854 0.20344697369858977 -0.061408967709809303
ur,tetrapga,17.463196731,0.452640069,0.292043637,0.028866185,34.044114,41.535139,4.25551425,1,0,0,3.366451732,0.062696538,0.9,0,0,0,0 0 0.050000000000000003,0 0 0.050000000000000003,0 0 0.050000000000000003,wrist_3_link,-1,0,0 0 0,0 0 0,,-0.024462608744425449 -1.5530394624434065 0.081261188763482622 -1.489774405180512 0.034234142547670605 0.071397769879282244,0.087648111708012622 0.040336570844036142 0.030919646355743468 -0.01437554772491058 -0.043236111934982079 0.030180988300015948,0.22799334875465743 -1.2707453041341965 0.25605838900761535 -1.5159544889490471 -0.099976441204801647 0.1818834765269067,0.18391309853560667 0.025149213452941129 -0.13598610690592372 -0.18739866235448058 -0.11311106846820598 -0.084339072849561464,-0.0092151799918848212 -1.5473876054905875 0.084412009050582659 -1.4933246909687166 0.026569424663442767 0.075839652881924902,0.9276781100687822 0.34919974213028948 0.17734886890275378 -0.23643539267406874 -0.4747349800667936 0.25545159161998543,2.0987480341704785 120.22387767604582 54.617778055338547 3.2202182230008125 -0.58258129896003263 0.0054388736897667744,-0.23000073633208729 -5.6993563573723804 -4.329927816541101 -0.3809289921018717 0.23036721941777216 -0.09298424628173052
ur,tetrapga,17.504806595,0.452969309,0.300814248,0.036505024,34.155494,41.484144,4.26943675,1,0,0,3.358404682,0.139167344,0.9,0,0,0,0 0 0.050000000000000003,0 0 0.050000000000000003,0 0 0.050000000000000003,wrist_3_link,-1,0,0 0 0,0 0 0,,-0.021823271470773072 -1.5516277994213685 0.082214762275203357 -1.4903083706332931 0.032878750074655023 0.0722334410029047,0.053983483082297279 0.0299866758696564 0.01993375927421822 -0.01093434357586508 -0.027801422878580822 0.017095914857804682,0.23556277409491505 -1.2698246398537925 0.2502943121118798 -1.5237515028484241 -0.10459519925639971 0.17831045479959792,0.17988858813244019 0.019100264284491245 -0.14104167671647755 -0.18733336413216645 -0.10887192474222522 -0.087386000696296567,-0.001533275444377067 -1.544114060460902 0.086192055429332004 -1.4951947469666518 0.022780737058090354 0.077871539612992507,0.96023806843846926 0.40919312871067975 0.22250579734366741 -0.23375699974189695 -0.47358595066905185 0.25398584138345004,-13.225220804996923 107.95080226192448 45.815502411957674 3.2617877720798605 -0.64100206576932994 0.0045024667524053751,0.25345643371866799 -8.5577755687354511 -5.4757535883301216 -0.4925166720058769 0.20200683573142442 -0.052764330958922301
ur,tetrapga,17.546360601,0.451837292,0.290048715,0.028894659,34.019916,41.346645,4.2524895,1,0,0,3.294105686,0.050343121,0.9,0,0,0,0 0 0.050000000000000003,0 0 0.050000000000000003,0 0 0.050000000000000003,wrist_3_link,-1,0,0 0 0,0 0 0,,-0.01767460776840175 -1.5500266373126219 0.083292311939978228 -1.4911704946007469 0.030816692604462747 0.073505704416070863,0.089188911547068955 0.040350304703947827 0.027013433902906527 -0.018170808208673297 -0.044321306664612224 0.027298118486851142,0.24295161444970054 -1.26915670009041 0.24433125736412106 -1.5315309183907766 -0.10902926866513564 0.17461747536369815,0.17571126156787181 0.013046031322612809 -0.14593457891392389 -0.18705563891108362 -0.10452145575567777 -0.090343106383096644,-0.0020817285731201882 -1.5442113885645044 0.085869930437025704 -1.4953881100788369 0.022925752283469578 0.07748008825932573,0.94027662915865251 0.35737004028218478 0.14096834404632441 -0.27568616189217049 -0.48412031847587128 0.22393328059925499,3.0946267920694019 114.67900476524716 51.410983952255847 2.9185454365527304 -0.52304766197205566 0.0035890692158680087,-0.2862056285836303 -5.740025788029925 -4.3341988238537965 -0.35505431696037704 0.23280941500170371 -0.084076279504898821
ur,tetrapga,17.587787454,0.45189205,0.298618619,0.036721594,39.703638,47.300621,4.96295475,1,0,0,3.249606972,0.122252922,0.9,0,0,0,0 0 0.050000000000000003,0 0 0.050000000000000003,0 0 0.050000000000000003,wrist_3_link,-1,0,0 0 0,0 0 0,,-0.014905736298081156 -1.5485817325401976 0.084157031563782639 -1.4918299670156174 0.029390911939394106 0.074284473273650745,0.056446141336946427 0.031209266269925071 0.018321813239192915 -0.013581550311242453 -0.02923610707812244 0.015790574879391304,0.25014185649916271 -1.2687414025063317 0.23818736341488311 -1.5392706725246266 -0.11326751017267039 0.17081529330330311,0.17139300427926391 0.0070029075697246148 -0.15065246267173152 -0.18656820776845878 -0.10007393833319855 -0.093203290138688263,0.0024122611999294764 -1.5423108244141508 0.086563906805738944 -1.4968144881993606 0.020645150070351913 0.078374843555833962,0.96249896303623816 0.37414376803462374 0.14027513587800097 -0.28948923579108754 -0.4871115158873498 0.21170738036587206,-3.8774082318459993 109.36674244728474 47.983534663049902 3.0103941731233919 -0.56042212307732198 0.0038076364128920388,0.19944115962581321 -8.6374525270730373 -5.5082391478012482 -0.47526455059778527 0.20580329187350799 -0.048722520840641437
ur,tetrapga,17.635189034,0.450315172,0.288509532,0.036613003,34.080862,41.784991,4.26010775,1,0,0,3.219774903,0.068928436,0.9,0,0,0,0 0 0.050000000000000003,0 0 0.050000000000000003,0 0 0.050000000000000003,wrist_3_link,-1,0,0 0 0,0 0 0,,-0.010130738401600997 -1.5466489494356046 0.08523698939320476 -1.4930127637923429 0.026993444606265751 0.075566112249539213,0.081314410182374536 0.041139679400370291 0.021512057011140371 -0.022573614598178197 -0.041912773765057303 0.019597742067392964,0.25814546527687188 -1.2685733821615282 0.23092218125057101 -1.5480960806772215 -0.11788806430990159 0.1663218978771992,0.16626857938598116 8.6731514122531271e-05 -0.15584859393596676 -0.18575399249701152 -0.09485773180388464 -0.096365139564137892,0.0037780409200254897 -1.5417131709974621 0.086586069628192902 -1.4974961096076203 0.019873431326242537 0.078451919164189976,0.95465994010765609 0.34583949092697552 0.08570269109013233 -0.32281045147105047 -0.49323325150828629 0.18518015768792292,4.4882319035351603 111.20371799143204 49.469063246454951 2.7015814227154618 -0.47474920276801319 0.0020238120769057394,-0.96718920281100118 -7.3092307919541781 -5.4919504425448054 -0.49424195339361177 0.29647492506252604 -0.22153713744626202
ur,tetrapga,17.677043741,0.450387105,0.298407626,0.03806489,39.738792,47.25528,4.967349,1,0,0,3.168987895,0.0999021,0.9,0,0,0,0 0 0.050000000000000003,0 0 0.050000000000000003,0 0 0.050000000000000003,wrist_3_link,-1,0,0 0 0,0 0 0,,-0.0075078176617863869 -1.5452179533016621 0.085962662493798109 -1.4937476735631956 0.02562774192860157 0.076199821367219922,0.05376409273845844 0.03043588823448436 0.015401351300601185 -0.015031482587503177 -0.028032807649641465 0.012999284859241237,0.26500709590583743 -1.268697468036335 0.22430641865152939 -1.5558517207510738 -0.12176004058064069 0.16223191735559411,0.1615856410978985 -0.0060146946309552066 -0.16025205024353334 -0.1848090489039971 -0.090146213408966544 -0.099055904116266691,0.0087647340378242764 -1.5396522069947909 0.087143029947737122 -1.4992339579422902 0.017355394376378484 0.079279721622764351,0.97602073875250683 0.36714567026006112 0.089101623736478341 -0.33437016862303104 -0.49457756145811294 0.17385338882359455,-3.0938200590068679 104.88670299931385 45.622894970126048 2.800706979452964 -0.51778698464864303 0.0027626701433956062,0.21858561329917769 -9.1495227159275601 -5.7097334683434156 -0.47812751635501627 0.20417306344670294 -0.040119225203824271
ur,tetrapga,17.724370667,0.449871369,0.284265104,0.030628855,34.068221,41.843751,4.258527625,1,0,0,3.141449435,0.071041311,0.9,0,0,0,0 0 0.050000000000000003,0 0 0.050000000000000003,0 0 0.050000000000000003,wrist_3_link,-1,0,0 0 0,0 0 0,,-0.0039045157147266419 -1.5436250330427201 0.086647194367207386 -1.4948366763357934 0.023774028233892106 0.076993287770954613,0.075832462713578755 0.034164793924481129 0.012546880396568559 -0.025466342891125721 -0.039834522899469677 0.014778488163058458,0.2725257608487438 -1.2691451241841083 0.21660852380593781 -1.5645679452677466 -0.12589814135303956 0.15747418742338182,0.1561172891125969 -0.012899746859664617 -0.16501671499668411 -0.18348741493538576 -0.08470793925180696 -0.10198114378753226,0.010147630022142333 -1.5388904849603593 0.08721383113522857 -1.4999483511411689 0.01657464329935663 0.079328237832980458,0.96469061674720802 0.34351724375947335 0.0398399276413446 -0.36412950046641945 -0.4987588689230264 0.1489666546883644,5.5729883790968984 105.78678334401965 46.338390449922713 2.4031904783132401 -0.41454331375061604 0.00016800869294040111,1.7847675811431643 -6.3623895550063025 -4.5943282013349744 -0.71323182617743441 -0.074754764447170885 -0.014486080352099862
ur,tetrapga,17.766291794,0.449932703,0.295750468,0.036193773,39.65634,47.233709,4.9570425,1,0,0,3.086446173,0.090741251,0.9,0,0,0,0 0 0.050000000000000003,0 0 0.050000000000000003,0 0 0.050000000000000003,wrist_3_link,-1,0,0 0 0,0 0 0,,-0.001292204560055889 -1.5423652598918034 0.087133001939820348 -1.4957018692533448 0.022412074757239584 0.077495594357190695,0.050457186448891342 0.025657008092326586 0.010072258930004232 -0.016665461458621342 -0.026348333758896392 0.0097100096522200353,0.27896621030399821 -1.2698133979058042 0.20960581296058747 -1.5722314738262977 -0.12934660862009961 0.15314659098077499,0.15112494123597095 -0.0189791200575667 -0.16904220163665856 -0.18209451666599424 -0.079800170804165863 -0.1044657203568668,0.015171034044970689 -1.536835496774017 0.087542335944807231 -1.5018833067214876 0.014040878302017383 0.079974712749575821,0.98542071542700271 0.36546051099536925 0.043589055120195536 -0.37457219418474308 -0.49914063387676816 0.1380794826977812,-2.186710143369849 99.144069739246333 42.695729598489159 2.5503906416335722 -0.46718752757102355 0.0016882592881134963,0.10390996793055862 -8.5832947353610507 -5.4290659682126261 -0.44397907031179784 0.19379376560070938 -0.029946087005157551
ur,tetrapga,17.813626154,0.449170406,0.282109706,0.028436434,38.274692,45.773632,4.7843365,1,0,0,3.056839119,0.060314527,0.9,0,0,0,0 0 0.050000000000000003,0 0 0.050000000000000003,0 0 0.050000000000000003,wrist_3_link,-1,0,0 0 0,0 0 0,,0.0024256632861847623 -1.5408524543907012 0.087587582644414338 -1.496984456131714 0.020502871623578993 0.078155075090603668,0.076507902326399174 0.033038105731887028 0.0084655739586404419 -0.028639322579630241 -0.04008227151453695 0.011891846647887007,0.28598303462019248 -1.2708736613071125 0.20150111709646612 -1.5808087395981922 -0.13299090885135417 0.14813777063831521,0.14532606047695343 -0.025813856705552075 -0.17336201104681739 -0.18027372351849136 -0.074165264731651137 -0.10714798275436004,0.016564761786180372 -1.5360795094312731 0.087552025689196317 -1.5026480626253629 0.013261689356460885 0.079974674786768174,0.97080183101521289 0.34555840443324526 -0.0016166798936308735 -0.40177274367045124 -0.50127333886742287 0.11372261308727019,6.5768845445849422 99.052097397380024 42.561050329901768 2.0643398120965326 -0.34675266379065733 -0.0017594320705171503,1.6915291494820153 -5.5633245529452324 -4.2654651742749934 -0.68539166434948129 -0.082317770554261926 -0.017331167969842909
ur,tetrapga,17.859494385,0.449110188,0.276104537,0.128542337,42.162556,49.971278,5.2703195,1,0,0,2.998510811,0.065849942,0.9,0,0,0,0 0 0.050000000000000003,0 0 0.050000000000000003,0 0 0.050000000000000003,wrist_3_link,-1,0,0 0 0,0 0 0,,0.0052268802065403618 -1.5395321756235536 0.087958895537299978 -1.4980263342899949 0.019039554829861478 0.078584651252494753,0.084339149448740908 0.033463331181510847 0.0039026154789979358 -0.035001054103759602 -0.046251868145845143 0.012789589721858013,0.29251697587160691 -1.2722088794998596 0.19345776748757179 -1.5890323556806967 -0.13626585453160375 0.14316590792295264,0.13954911762943964 -0.032398992928742959 -0.17731481074841146 -0.17826162011981808 -0.068619506673477243 -0.10961985563904313,0.021661439081204496 -1.5340015620885774 0.087666368658849747 -1.5047864848200327 0.010700667214815166 0.080448077527456252,0.99139360444667712 0.36763933800636694 0.0015782040408221457 -0.41173185518285421 -0.50068616730592841 0.10261358159640406,-1.5487439255351187 91.978219885277966 39.09856100881418 2.2711516003594161 -0.41174163345347181 0.00062487233049752329,22.660384511529799 0.69547203921410983 -4.2366684950605418 -7.1983708534025936 -4.8767399067333486 1.2693568443955598
ur,tetrapga,17.909541427,0.448091968,0.282630004,0.029804267,36.196447,44.155283,4.524555875,1,0,0,2.968158533,0.03160881,0.9,0,0,0,0 0 0.050000000000000003,0 0 0.050000000000000003,0 0 0.050000000000000003,wrist_3_link,-1,0,0 0 0,0 0 0,,0.0090731049603604026 -1.5379153535311367 0.088289467080607711 -1.4994950024673928 0.017067214773030734 0.079116265359606489,0.075078689824831138 0.033416818858423791 0.0056546164599950814 -0.030676516255296982 -0.039079862249632787 0.0087154943101391425,0.29933974577401107 -1.2740090964426922 0.18448127903668438 -1.5978932153092555 -0.13954686218476522 0.13761527962678907,0.13307632329347974 -0.039532175126981366 -0.18136024053228178 -0.17579238222669896 -0.062483632503978079 -0.11217093972394998,0.023148925397700172 -1.5331598433511582 0.087640133336176651 -1.505643445239004 0.0098780748358617207 0.080400763274656992,0.97270681387237867 0.34982690361194863 -0.042223060059281448 -0.43783777594644768 -0.50073337065579748 0.077323977271218841,7.7060712213946463 90.901904277728732 38.096338230946792 1.6730665772191324 -0.26849677724949361 -0.0038436546266452502,0.35007513939501678 -6.5217769471892097 -4.4706400728452422 -0.34918125319290994 0.16092513414335485 -0.027015365356419352
ur,tetrapga,17.953807428,0.447749364,0.276295736,0.141187712,40.735002,48.552335,5.09187525,1,0,0,2.903077712,0.043662443,0.9,0,0,0,0 0 0.050000000000000003,0 0 0.050000000000000003,0 0 0.050000000000000003,wrist_3_link,-1,0,0 0 0,0 0 0,,0.011792679547955523 -1.5366022976808473 0.088546658679148613 -1.500607219970671 0.015646973491513505 0.079430604588985598,0.083246694237877977 0.033569440964642025 0.00059533342018210263 -0.037896640311530547 -0.045703756054238875 0.0093645810372490808,0.30510114622585238 -1.2758976938122339 0.17637841068457968 -1.6056221238506825 -0.14219142636052909 0.13260239143131183,0.12721032331110865 -0.045788377637818095 -0.18470127897332664 -0.17337426071322909 -0.05699218799616515 -0.11429794718313166,0.028247791005902453 -1.5310566977794267 0.087542659258228683 -1.5079614841528228 0.0073273653719013402 0.080687666868042171,0.99224099014805256 0.37046996647518127 -0.040513171735324004 -0.44713696126406338 -0.49911684165777381 0.066180406885763612,-0.44666644686712687 83.729181934199062 35.055591254739028 1.9435618092181768 -0.34578949647982693 -0.00053438239088567227,22.995964772194057 0.45156956309801899 -5.0998532081577537 -7.9065118677863211 -4.9333174130937572 0.92954435590129947
ur,tetrapga,18.002460239,0.446554075,0.281715665,0.030518646,35.817003,43.79887,4.477125375,1,0,0,2.874846571,0.019059866,0.9,0,0,0,0 0 0.050000000000000003,0 0 0.050000000000000003,0 0 0.050000000000000003,wrist_3_link,-1,0,0 0 0,0 0 0,,0.015463227741471155 -1.5350538147276573 0.088708211537725151 -1.5021368263116719 0.013770545857084307 0.079805329752695359,0.076042138552335978 0.033632812731727357 0.0021520086793508234 -0.034106182079134871 -0.039712378822640462 0.0060663285111219765,0.31113051609569092 -1.2782913919332353 0.16730808230054686 -1.6139876116967398 -0.14481622233111308 0.12698746384724655,0.12061786757699638 -0.052598551836784316 -0.18811213388932896 -0.17046784479508148 -0.050897433304642206 -0.1164931239851669,0.029621002589715773 -1.5302307854410477 0.087469029818155464 -1.5088174342054521 0.0065724163708339566 0.080574716041464961,0.97068675787963876 0.35305891990925931 -0.082050698794722779 -0.47103493286454706 -0.49706747963876113 0.041027211250912715,8.7925209370418198 82.184088595034865 33.446124279447233 1.2786183935587541 -0.18933347865431069 -0.0058047636061938348,1.8496855528321845 -6.0819714930139526 -4.5777969584836455 -0.74059057240265247 -0.096118288658519901 -0.038916554227313327
ur,tetrapga,18.046390195,0.446063332,0.292645531,0.036696976,39.597493,47.413762,4.949686625,1,0,0,2.805165079,0.026065179,0.9,0,0,0,0 0 0.050000000000000003,0 0 0.050000000000000003,0 0 0.050000000000000003,wrist_3_link,-1,0,0 0 0,0 0 0,,0.018084810971971614 -1.5337837411827173 0.088849923080656007 -1.5032958570670802 0.012412150464571284 0.080010381313856266,0.050570482568061875 0.026344991283350393 0.0036854838342884836 -0.022322193840474024 -0.026287047415666193 0.0039636226007333736,0.31629620201586683 -1.2807358875533237 0.1589810846757069 -1.6214145526787047 -0.1469304383015364 0.12182879572537945,0.11454134904311752 -0.058680897622742097 -0.19095323353187668 -0.16762436303442585 -0.045350312690120041 -0.11834489849479861,0.03464319641195493 -1.528143511047211 0.087159434503875283 -1.5112731450832519 0.0040762807669556984 0.08067379983945018,0.98828029524141214 0.37193921741736335 -0.081852329725945416 -0.47951319120954294 -0.49450869655012608 0.030020931133839027,0.98660118982953726 75.080927884613786 30.837004536609896 1.58695327314171 -0.27343051942101648 -0.001829672291067461,0.022505128206930181 -8.999997044612428 -5.5045463797927709 -0.39947334062526352 0.19053015588326971 -0.012200871872977359
ur,tetrapga,18.093876486,0.444188313,0.282484714,0.030664297,39.517389,47.081536,4.939673625,1,0,0,2.742335285,0.003012173,0.9,0,0,0,0 0 0.050000000000000003,0 0 0.050000000000000003,0 0 0.050000000000000003,wrist_3_link,-1,0,0 0 0,0 0 0,,0.021993083170011283 -1.5321098718129234 0.088855973818215681 -1.505074648356153 0.010414266035104279 0.080262636219391309,0.076539361179566057 0.034702778772431997 -0.00056454460880369446 -0.036684976342788105 -0.039444073444268569 0.0031779931307427981,0.32157692087137474 -1.283676992045796 0.14984557034833954 -1.6292969327332505 -0.14894084399359239 0.11616427549973786,0.10784786749577661 -0.065176464829583697 -0.19376604733952218 -0.16432199962733077 -0.039317245572565752 -0.12020547979613286,0.039364176863954659 -1.5260617366734492 0.086872541499933675 -1.5136354709204394 0.0017310118796674476 0.080709510672898582,0.98543865486596505 0.38417060909418044 -0.088878479806674682 -0.48899378680310712 -0.4912206922677137 0.017312714418826765,0.63564839137800533 69.472614496952275 27.901428879707684 1.3910188511769133 -0.24141545591231267 -0.0024265771958973236,0.30228438691045767 -6.8828586161607745 -4.599644512713212 -0.31841910721686872 0.163714646057743 -0.019400492571406858
ur,tetrapga,18.141027688,0.443419381,0.278284262,0.160542368,39.99718,47.428123,4.9996475,1,0,0,2.6861152,0.003837972,0.9,0,0,0,0 0 0.050000000000000003,0 0 0.050000000000000003,0 0 0.050000000000000003,wrist_3_link,-1,0,0 0 0,0 0 0,,0.024762031894235106 -1.5307450737940305 0.088889943218109141 -1.5064035590496785 0.008982226201256464 0.080375770113683312,0.083487709980615055 0.035356662982782387 -0.0054321204040053894 -0.04431854820308366 -0.045486500419573056 0.0028334773454489351,0.32650299505074415 -1.2869004563463735 0.14064870008979499 -1.6369630854112291 -0.15065290626016739 0.11045577277963091,0.10108068107055126 -0.071536854369234418 -0.19629026398298305 -0.16081357240447475 -0.03329913724967444 -0.12190601232482784,0.043558391467319532 -1.5240970495183674 0.086571590890553288 -1.5158235585893185 -0.0003561401250623741 0.080651758294581044,0.98059394470401551 0.39194023309459569 -0.10066263735331321 -0.49950825933564452 -0.48749450852274834 0.0032103366557604714,1.127552393400455 64.267700250324822 25.405819897836384 1.20342616918101 -0.20437407685663414 -0.0029750699502628722,22.633623832045487 0.014038635264114419 -6.7036441058975242 -8.9903725851381751 -4.8041697163421464 0.19190816796481158
ur,tetrapga,18.188526146,0.441382455,0.279149893,0.026554575,34.027991,41.782402,4.253498875,1,0,0,2.677465681,0.027670039,0.9,0,0,0,0 0 0.050000000000000003,0 0 0.050000000000000003,0 0 0.050000000000000003,wrist_3_link,-1,0,0 0 0,0 0 0,,0.028536804430881205 -1.5291073342663921 0.08874559977196167 -1.5082430842870498 0.0070674331081652438 0.080487289400849538,0.10467781007314224 0.041739251427004354 -0.0083079021114455497 -0.053089919788987659 -0.05377311925376399 0.0022441435613090341,0.33114000491247536 -1.2904485890164219 0.13127023357652673 -1.6445130867379243 -0.15209022556558788 0.10462770018352215,0.094149808330809187 -0.077845974412541485 -0.19855934044946844 -0.15705447022242006 -0.027219557615416022 -0.12346929405839768,0.043679182290835325 -1.5236782973737055 0.086472578709438183 -1.5162192844897793 -0.00048854613845902145 0.080358154321931455,0.95394808720670499 0.36548684167987588 -0.14825208147130176 -0.5232454088316385 -0.48052410894223918 -0.02642119498799287,10.363038653866077 62.368482661408713 23.155717190347257 0.46780959304921343 -0.028802441114759381 -0.0093930283890890191,6.3500288064144002 -3.7803578454877425 -3.9831862486769296 -1.4207283195273703 -0.64345620008709981 0.0055453761118826606
ur,tetrapga,18.230405711,0.438974165,0.289883661,0.036674169,39.541278,47.261948,4.94265975,1,0,0,2.598475402,0.037293611,0.9,0,0,0,0 0 0.050000000000000003,0 0 0.050000000000000003,0 0 0.050000000000000003,wrist_3_link,-1,0,0 0 0,0 0 0,,0.032241746506524241 -1.5274699743279061 0.088588495657224209 -1.5100560622923935 0.0052133966780569677 0.080563790818498238,0.071439711072016618 0.034808761988665907 -0.0013269580935177828 -0.034901637504948485 -0.035892960855605199 0.0014792311464938502,0.33495342471717465 -1.2938236821967601 0.12291682186430897 -1.6510178330355254 -0.15311780810679909 0.099430221155279094,0.087950546900917956 -0.083320686876996009 -0.20033002358018881 -0.15355812524284448 -0.021853434948177687 -0.12472168738618551,0.048560435064498787 -1.5216011984700926 0.085777164177858523 -1.5189232677324314 -0.0028676808334652821 0.080104027301119513,0.96757653112856745 0.37812730517036564 -0.15304923084883637 -0.53059864213643337 -0.47557759373375807 -0.038192027133435613,3.00001870309538 55.517285416673793 21.453932160565333 0.86833413920833458 -0.13033972215846509 -0.0040245711767102343,-0.11404126709456364 -9.2318365083874596 -5.5011253829583779 -0.30491267642446473 0.21535135123417648 -0.0044920195614963632
ur,tetrapga,18.27777079,0.436104308,0.28877859,0.036403225,39.660945,47.335364,4.957618125,1,0,0,2.530859724,0.052658999,0.9,0,0,0,0 0 0.050000000000000003,0 0 0.050000000000000003,0 0 0.050000000000000003,wrist_3_link,-1,0,0 0 0,0 0 0,,0.036386787338930068 -1.5255702966940887 0.088368052457816038 -1.5121532265973103 0.0031352192410794024 0.080586380990490938,0.073346978700497376 0.037926958057046621 -0.0037632839813436679 -0.03981750460835308 -0.037265115481283292 -0.0021939776861748033,0.33895135191846171 -1.2979147483184414 0.11338584494305005 -1.6581935818148541 -0.15400921123319083 0.09349201863883809,0.080847057216771684 -0.089405964127849638 -0.20207095265813171 -0.14940461674972222 -0.015787622834641926 -0.12599462630454292,0.053203598449864886 -1.5195150473305992 0.085126641117662993 -1.5215363914060251 -0.005124339457615373 0.079814070794920047,0.96082196421546839 0.38480323998651367 -0.16228064861041397 -0.53820427702421225 -0.46967298822967085 -0.051318122828461335,2.8528835673214834 50.164621326978221 18.754853172469602 0.68385046691954998 -0.099504442787399672 -0.0045741670944378079,-0.074237148825432087 -8.2430143559449789 -5.4604838043621271 -0.47868878914869128 0.16986311108635921 -0.11426590010805171
ur,tetrapga,18.325204027,0.434612201,0.283871202,0.034337627,39.621182,47.185713,4.95264775,1,0,0,2.473168489,0.055268937,0.9,0,0,0,0 0 0.050000000000000003,0 0 0.050000000000000003,0 0 0.050000000000000003,wrist_3_link,-1,0,0 0 0,0 0 0,,0.039208307581261564 -1.5240310694952137 0.088233788236312283 -1.5137025937859221 0.0016906275395836992 0.080493155018289256,0.089226382718186684 0.039543783052930569 -0.011694098306170081 -0.051095124361304478 -0.045930777296184271 -0.0038406136862390401,0.34261568007309895 -1.302297722196013 0.10376514905397823 -1.6651776127603377 -0.15461425005674595 0.087488489486105214,0.073643290430712577 -0.095379291527378895 -0.20353429360261832 -0.14504018007942504 -0.009726713435240229 -0.12711559883089529,0.057327112493660716 -1.5175416933505459 0.084501761531931507 -1.5239494299743463 -0.0071260585785706421 0.079458533860318148,0.95279216852907234 0.38779497900419302 -0.17520831097888029 -0.54643604727476591 -0.46318265631732503 -0.065663511539712824,3.2026626865263461 45.079782773547009 16.363369501706131 0.51287528152828588 -0.066082273919988554 -0.0050111873399126105,6.8283422207995557 -5.4838999265703023 -5.1506441114789254 -1.6856306639310787 -0.66188999151917915 -0.09529910339429648
ur,tetrapga,18.372487146,0.432115565,0.286193737,0.032500814,39.754354,47.343198,4.96929425,1,0,0,2.419184882,0.071717921,0.9,0,0,0,0 0 0.050000000000000003,0 0 0.050000000000000003,0 0 0.050000000000000003,wrist_3_link,-1,0,0 0 0,0 0 0,,0.042787260831571666 -1.522356705782369 0.08785575526071504 -1.5156803354343988 -9.4091333045138008e-05 0.080339104218522819,0.10039586454460123 0.042472400140380367 -0.015146954414972092 -0.05765791113157006 -0.050738940269247919 -0.00520585791656603,0.34592637733545489 -1.3069458221774346 0.09411244957395698 -1.6719288191528918 -0.15493177864769836 0.08145468669321182,0.06638107582872578 -0.10120600853098878 -0.20471264634526731 -0.14049292938572647 -0.0037091306686533364 -0.12807883924379082,0.061242486214453745 -1.5156372603784078 0.083822373507247791 -1.5263192649863224 -0.0090146613232963985 0.079032410047184878,0.94379213459746647 0.38852328915172446 -0.18973581858844185 -0.55463861882519871 -0.45582435516497555 -0.080783309886196669,3.5989423087206376 40.028751533538802 14.001095920162863 0.34122058209643824 -0.032224352019493308 -0.0054649221652509827,6.3637796576192613 -4.9380274779459796 -4.8751221428843792 -1.5680861029259177 -0.60509560903905246 -0.1056891120261696
ur,tetrapga,18.419938847,0.429005752,0.29021243,0.032913126,39.497018,46.99496,4.93712725,1,0,0,2.366760223,0.093102253,0.9,0,0,0,0 0 0.050000000000000003,0 0 0.050000000000000003,0 0 0.050000000000000003,wrist_3_link,-1,0,0 0 0,0 0 0,,0.046745721588897671 -1.5205467760564635 0.087369151831291736 -1.5178878902570949 -0.0020440594308683852 0.080132466172742542,0.10263956816548835 0.044458492667632632 -0.016327113861246332 -0.059806264474007408 -0.051352524225924109 -0.0066905451454450128,0.34890189645674069 -1.3118842917831386 0.084376009223219181 -1.6784834136923297 -0.15496516872650229 0.07535726630783926,0.059019999297246238 -0.10691797130395257 -0.20561280154760228 -0.13573993312329954 0.0022951165169117706 -0.12888993477323529,0.065085123442900433 -1.5137635259659232 0.083067457005089801 -1.5287111077171969 -0.010852001571046077 0.078535912111102044,0.93335358939800506 0.38763918835482558 -0.20520139400499138 -0.56246083011380676 -0.447498866845773 -0.096439003097009784,4.074624507947993 34.930834478785869 11.620476352735791 0.16453093214980374 0.002955977906409335 -0.0059465048019618928,5.5823587427912571 -5.1630176886228583 -4.936968905481308 -1.4395335997451184 -0.50558857012875436 -0.12786747033413803
ur,tetrapga,18.46701163,0.425899696,0.29297319,0.153141239,39.450447,47.100005,4.931305875,1,0,0,2.315583397,0.109501733,0.9,0,0,0,0 0 0.050000000000000003,0 0 0.050000000000000003,0 0 0.050000000000000003,wrist_3_link,-1,0,0 0 0,0 0 0,,0.050554711531573239 -1.5187509381791635 0.086872080893572651 -1.5200487071482855 -0.0039079791306844899 0.079884877674580135,0.095071874938358891 0.043657541331053942 -0.015714332432596657 -0.058651230781668111 -0.048759502461027684 -0.0077652780110961713,0.35150699584025885 -1.3170478253307749 0.074681722615151283 -1.6847585538925276 -0.15471780025018991 0.069274154412548417,0.051654038764335219 -0.11244310773387152 -0.20622567757008173 -0.13084530735332286 0.0082066377914919528 -0.12953994794167431,0.068825059218528203 -1.5119277208653883 0.082247888792495838 -1.5311039207107318 -0.01262264064698051 0.077973842545640951,0.92156740490600497 0.38533229863059326 -0.22134054034036957 -0.5698016862365477 -0.43833062320811988 -0.11241388306083705,4.6564202343022751 29.829669957595726 9.242473163128011 -0.016360437276684792 0.039564883733536116 -0.0064525860819117306,17.531758312262639 -1.6795822114972907 -8.1365117079200786 -8.575909395922281 -3.5703002133169655 -0.83862344221952867
ur,tetrapga,18.514210287,0.422312074,0.297043638,0.035926481,39.462074,47.15909,4.93275925,1,0,0,2.265435573,0.128452104,0.9,0,0,0,0 0 0.050000000000000003,0 0 0.050000000000000003,0 0 0.050000000000000003,wrist_3_link,-1,0,0 0 0,0 0 0,,0.054598275049015009 -1.5168080865054547 0.086277751709679565 -1.5224083614582136 -0.0058797051135424348 0.079552387136223604,0.10184724901789657 0.046684240985239274 -0.018732628796757245 -0.062220047345269515 -0.050317542538195204 -0.010109345310515192,0.35376960154616993 -1.3224828289830357 0.064939155633697968 -1.690815073459446 -0.15419163879459127 0.063147709221910112,0.044213350371796169 -0.11783493531523434 -0.20655994041927928 -0.12576629538771383 0.014078944040472019 -0.13003667791318815,0.072540197049841396 -1.5100928512144778 0.081353661374430591 -1.5335415990608292 -0.014363003178079675 0.077339991277597414,0.90897927975410475 0.38187015466589103 -0.23771165635842195 -0.5764460536030418 -0.42826207989859749 -0.12856093710078181,5.08126000021681 24.656573989305638 6.8644893493984656 -0.18841291385706704 0.073631775937454041 -0.006871923999687439,5.2342878938256376 -6.0013380806076384 -5.388972210672307 -1.4294898793996254 -0.43984798685313109 -0.17528290082753983
ur,tetrapga,18.561440816,0.418657933,0.299496263,0.037514044,39.532165,46.901137,4.941520625,1,0,0,2.216643361,0.144520446,0.9,0,0,0,0 0 0.050000000000000003,0 0 0.050000000000000003,0 0 0.050000000000000003,wrist_3_link,-1,0,0 0 0,0 0 0,,0.058567596791899386 -1.5148548834256672 0.085638036886042226 -1.5247801387250837 -0.0078003607692730455 0.079156688067587827,0.099561980517305651 0.046500514765256379 -0.019996562769086935 -0.062408054459149105 -0.048829653434943977 -0.011771004446239439,0.35568105763464486 -1.3281726114429939 0.055180845342167661 -1.6966318312480255 -0.15338917808663113 0.056997331694919454,0.036721183084445198 -0.1230752981597774 -0.20661376003709661 -0.12052070160864221 0.019889924768821284 -0.13037813395087619,0.076207814161233067 -1.5082659155601612 0.080390355908882632 -1.5360099965821075 -0.016061398273851089 0.076636027113545904,0.89509596377031386 0.37718049285977234 -0.25429994153621177 -0.58234537699506139 -0.41738200210512921 -0.1447673129249066,5.5767731065217898 19.501375603772111 4.4868636846929446 -0.36414024119754729 0.10877737869387294 -0.0073234184876697812,5.1304948721141272 -6.457837310144896 -5.6271066395546541 -1.438703381661071 -0.41554533962289497 -0.19713574990760208
ur,tetrapga,18.608444974,0.414960241,0.301636234,0.03864605,39.680971,47.183737,4.960121375,1,0,0,2.169303146,0.157607534,0.9,0,0,0,0 0 0.050000000000000003,0 0 0.050000000000000003,0 0 0.050000000000000003,wrist_3_link,-1,0,0 0 0,0 0 0,,0.062450639756251654 -1.512921379990168 0.084938614872120247 -1.5271611574444577 -0.009664479680097593 0.078696921138728032,0.097859228462640918 0.046103260854451551 -0.021631919055404653 -0.06296333530438776 -0.047590351647301375 -0.013508340012376864,0.35723111769858223 -1.3340770994433278 0.045473331832181163 -1.7021710925249809 -0.15231979940292251 0.05086405980688713,0.029227485556485543 -0.12813008253170532 -0.2063892139980206 -0.11514694077928389 0.025598273342034846 -0.13056337902845119,0.079810584250143118 -1.5064584728767889 0.079359956440666957 -1.5384974586967159 -0.017708334889245447 0.075863862537185869,0.88025801135867754 0.37141362096216668 -0.27093304383177474 -0.58745902588506138 -0.40577081287296268 -0.16092352363039675,6.0580779215708542 14.36886886199038 2.1317562802992551 -0.5370176392902225 0.14337788836387172 -0.0077516423350960503,5.1197498240005075 -6.7074358482450407 -5.7969074533836533 -1.4651142487555262 -0.40522409634314371 -0.22134765037768034
ur,tetrapga,18.65572745,0.411217335,0.303817739,0.039567766,39.624045,47.01302,4.953005625,1,0,0,2.124371098,0.169812412,0.9,0,0,0,0 0 0.050000000000000003,0 0 0.050000000000000003,0 0 0.050000000000000003,wrist_3_link,-1,0,0 0 0,0 0 0,,0.06627037122950219 -1.5110092032729221 0.084169408363179252 -1.5295644946102025 -0.011481234399564997 0.078170288265896282,0.096358619113134578 0.045719630267117624 -0.023334577838585429 -0.063613912803649211 -0.046407629813351087 -0.015279378553715211,0.35843427028875458 -1.3402523251653116 0.035725571918869881 -1.7074848517885663 -0.15097535497433143 0.044689355144164375,0.021660538096254504 -0.1330470512008696 -0.20588447790863959 -0.10959607780773588 0.031255296334305557 -0.13059430932761013,0.083341732692466142 -1.5046781871521777 0.078262539602005382 -1.5409983238638814 -0.019299296426675598 0.075024587425631756,0.8645252851943126 0.36474606959503297 -0.28747250822176612 -0.59176333289467919 -0.39346712466941969 -0.17698521533528677,6.5205288294463344 9.2457045784611065 -0.2118423173582582 -0.70802364493430536 0.17756678215605021 -0.0081643803093044576,5.0654561827637963 -6.9057431113851635 -5.9351649478937816 -1.4807170273097654 -0.39077478093216911 -0.24475238115371667
ur,tetrapga,18.702849777,0.407413627,0.30602549,0.040483587,39.566793,47.023824,4.945849125,1,0,0,2.081306568,0.180214258,0.9,0,0,0,0 0 0.050000000000000003,0 0 0.050000000000000003,0 0 0.050000000000000003,wrist_3_link,-1,0,0 0 0,0 0 0,,0.070032346661166908 -1.5091160172496307 0.083329387953696848 -1.5319929612957908 -0.013252250200197739 0.077575653036340217,0.094804004961943522 0.045358626311604297 -0.024991959816881348 -0.064205573600309027 -0.045170153910473 -0.017053248152399524,0.35927687275762449 -1.3466338749227449 0.026041108449150651 -1.7125162472674287 -0.1493715375980402 0.038537760963874318,0.014099214542957225 -0.13777397785920173 -0.20510463200033294 -0.10392824916774279 0.036798545836177553 -0.13047041154648945,0.086797843791472498 -1.5029290990792552 0.077099000474957088 -1.5435087156671918 -0.02083173073170496 0.074119369012384168,0.84793225561057439 0.35731822151533932 -0.30378142497931615 -0.59521660013820499 -0.38052451434720547 -0.19287311876720664,6.96741228050647 4.1327417959773856 -2.5426404119919468 -0.87713484716007761 0.21133771705517027 -0.0085601882525745202,4.984975556349923 -7.1221103389771088 -6.0725380576512293 -1.4900621317719924 -0.37292904010848815 -0.26734989486419636
ur,tetrapga,18.749953496,0.403564599,0.308216836,0.04143883,39.602759,47.057205,4.950344875,1,0,0,2.040395342,0.189289353,0.9,0,0,0,0 0 0.050000000000000003,0 0 0.050000000000000003,0 0 0.050000000000000003,wrist_3_link,-1,0,0 0 0,0 0 0,,0.073733641187542096 -1.5072417330418091 0.082420082733045241 -1.5344440992960169 -0.014975255331891918 0.076912979619412888,0.093141179546255393 0.044964647542564407 -0.026605262139887346 -0.064702968108996797 -0.043853894135177755 -0.018818161424205778,0.35976274932969815 -1.3532313282311235 0.016403665860217947 -1.7172757261426963 -0.14750970734155702 0.032398056657890792,0.0065297365192653481 -0.14232028863583507 -0.20405074696824702 -0.098136592621549112 0.042235734803828709 -0.13019274060131003,0.090175887925564163 -1.5012134332815801 0.075871143293586282 -1.5460249212534114 -0.022303479121324299 0.073149487543175087,0.83051192750625835 0.34922806418673408 -0.31976600746908163 -0.59779502800881401 -0.36698344903947872 -0.20853554284966963,7.4001516318781269 -0.97027674493969762 -4.8610718213300519 -1.0444626302598921 0.24471665027724232 -0.0089403126917311209,4.8962092312590926 -7.3649051565653281 -6.2158244785939019 -1.497236806926594 -0.35352776841468625 -0.28952150022692535
ur,tetrapga,18.797111602,0.399686307,0.310351237,0.042396327,39.513244,47.137641,4.9391555,1,0,0,2.00179598,0.197189745,0.9,0,0,0,0 0 0.050000000000000003,0 0 0.050000000000000003,0 0 0.050000000000000003,wrist_3_link,-1,0,0 0 0,0 0 0,,0.077369992108383676 -1.5053888990499971 0.081442562703634175 -1.5369143207795115 -0.016647217638999182 0.076182651776207588,0.091378446774010469 0.044492725783685939 -0.028192826941710269 -0.065103867581968497 -0.042462618015259058 -0.020566194762752912,0.35989192917347151 -1.360046589779986 0.0068112567440994799 -1.7217646310888131 -0.14539180663008977 0.026267982318497113,-0.0010508015567860676 -0.14668730445279898 -0.20272311127819068 -0.092221569743811904 0.047565884324359257 -0.12976142976655872,0.093472785458405969 -1.4995329763534726 0.074581095701704139 -1.5485431499144497 -0.023712437465475029 0.072116287975505428,0.81229649542109605 0.34054044238713244 -0.33536283497362374 -0.59948489853826403 -0.35287799741117926 -0.22393634903763707,7.8189914154827393 -6.0621413891792404 -7.1667742677644064 -1.2100062994508953 0.27770268462408909 -0.00930515037420886,4.8029066386430941 -7.61936912944293 -6.3594490184579513 -1.5029018023042227 -0.33338220886298586 -0.31126143171377407
ur,tetrapga,18.844323236,0.395793073,0.312409874,0.043317836,40.997494,48.450904,5.12468675,1,0,0,1.96553113,0.2038238,0.9,0,0,0,0 0 0.050000000000000003,0 0 0.050000000000000003,0 0 0.050000000000000003,wrist_3_link,-1,0,0 0 0,0 0 0,,0.08093755812973874 -1.503561309360238 0.080397446711592754 -1.539399967624171 -0.018265285193469042 0.075385347168704778,0.089527162579561156 0.043930435892829023 -0.02975834919141172 -0.065408820638299905 -0.041002807612327968 -0.022291279052653115,0.35966328236563355 -1.3670714090562233 -0.0027229304253286609 -1.7259766472847802 -0.14302257349611799 0.020154932495106997,-0.0086334057192355932 -0.15086902435434973 -0.20112344540808813 -0.086192664973495911 0.052779406166010227 -0.12917689204404009,0.09668552280787221 -1.4978896401556325 0.073231009899589736 -1.5510595705193031 -0.025056579248440666 0.071021206811100968,0.79331810866968067 0.33130245768037825 -0.35052174322272589 -0.60027710009893975 -0.33824127721033542 -0.23904327913925633,8.2238037461789606 -11.139196165794566 -9.4580303280573332 -1.3736454409972769 0.31026997006195256 -0.0096543884917837716,4.7041206886293594 -7.8720891698285413 -6.4976754627189166 -1.5067621201415022 -0.31270397489426216 -0.33254177110120509
ur,tetrapga,18.892878262,0.391931835,0.31452498,0.044188427,39.64904,47.039167,4.95613,1,0,0,1.933857307,0.212288963,0.9,0,0,0,0 0 0.050000000000000003,0 0 0.050000000000000003,0 0 0.050000000000000003,wrist_3_link,-1,0,0 0 0,0 0 0,,0.084432865238386334 -1.5017627078813898 0.079285508018191758 -1.5418973801674725 -0.019826856830521312 0.074521968726991059,0.087592780246139243 0.043286669593995027 -0.031294056067417156 -0.065616936587061692 -0.039479331823510856 -0.023988954285531775,0.35905506909298329 -1.3744971666168411 -0.012442904744776084 -1.7300091358262963 -0.14033244810755027 0.013900534870189284,-0.01641561138492038 -0.15496586793680345 -0.19919910924210069 -0.079890832927867222 0.058003885166996401 -0.12841749641281947,0.099810589641266684 -1.4962854906601823 0.07182238883100088 -1.5535705423333694 -0.026333310204988001 0.06986487796291431,0.77352896769490509 0.32155207322788171 -0.36528073645447412 -0.6001899836938076 -0.32302022950797882 -0.25393994124581204,8.6143136631104493 -16.23699264136183 -11.755157511172317 -1.5370219866914221 0.34274648686529768 -0.0099970184930017799,4.5991151289891263 -8.1179281282365992 -6.6282640902373942 -1.5086301325491149 -0.29153229976719075 -0.35334943300080113
ur,tetrapga,18.940011146,0.388046751,0.316412663,0.045008887,39.652686,47.135916,4.95658575,1,0,0,1.901820858,0.215124947,0.9,0,0,0,0 0 0.050000000000000003,0 0 0.050000000000000003,0 0 0.050000000000000003,wrist_3_link,-1,0,0 0 0,0 0 0,,0.087852601322975885 -1.4999962577217163 0.078107953561135271 -1.5444028529223484 -0.021329516566328897 0.073593586177557985,0.085578107807906506 0.042574864511606372 -0.032789852272472338 -0.065726883466500421 -0.037896132450037472 -0.025655534826987198,0.35810379570195972 -1.3818908935666743 -0.021782440058702546 -1.7336287050333765 -0.13748182318006422 0.0078682192328325285,-0.023945178098013147 -0.15874011405298469 -0.19706386690913455 -0.073685547304364649 0.062933261663711021 -0.12752821976471646,0.10284550517013026 -1.494722685921043 0.070357752459313513 -1.5560720853785561 -0.027541270640501877 0.068649507909199575,0.75305166879488894 0.3113120870736833 -0.3795035042674223 -0.59918326347119932 -0.30736365294980839 -0.26844342911934788,8.9932760269814604 -21.294297826502262 -14.021225705806318 -1.69712934609122 0.37452211306154987 -0.010313881646897038,4.488000602019838 -8.3572581031785376 -6.7513331181087892 -1.5085066188512428 -0.26988524691697791 -0.37365810445459147
ur,tetrapga,18.987224789,0.384191849,0.318218765,0.045791692,39.722334,47.408313,4.96529175,1,0,0,1.872211101,0.216582895,0.9,0,0,0,0 0 0.050000000000000003,0 0 0.050000000000000003,0 0 0.050000000000000003,wrist_3_link,-1,0,0 0 0,0 0 0,,0.091193535880070578 -1.498264584785481 0.076866375399333373 -1.5469126352240119 -0.022770974951148708 0.072601377240313181,0.083480504632672328 0.041805495087005408 -0.034242626485046973 -0.065739410733399922 -0.03625047042981179 -0.027296204927907231,0.35679584034245243 -1.3894708266227531 -0.031030925698951099 -1.7369594022404056 -0.13439685859104947 0.0018711049786918968,-0.031454360187542676 -0.16231618319402905 -0.19466481836434646 -0.06739297827243719 0.067722301940669929 -0.1264886859123158,0.10578786704668738 -1.4932031818111038 0.068839686593472157 -1.5585603126251404 -0.028679059817395602 0.067377109606091959,0.73191934443927154 0.30062237126232444 -0.39315274509814213 -0.59726128969887315 -0.29129542288085997 -0.28254573500879465,9.3569371652319511 -26.312304779570237 -16.261517096540629 -1.8545171141665135 0.4057152365861022 -0.01061382610971043,4.3701243670418535 -8.592181791058465 -6.8687538521785712 -1.506617407635531 -0.24750949560416302 -0.39378203705075521
ur,tetrapga,19.034702698,0.380386606,0.319961973,0.046528542,39.559797,47.014876,4.944974625,1,0,0,1.845476453,0.21705807,0.9,0,0,0,0 0 0.050000000000000003,0 0 0.050000000000000003,0 0 0.050000000000000003,wrist_3_link,-1,0,0 0 0,0 0 0,,0.094452345942123872 -1.4965699928816836 0.075562433082965438 -1.5494229993792201 -0.024148874482804682 0.071546372877849013,0.08130661930012599 0.040981223833938187 -0.035644934953914166 -0.065652102502073678 -0.034551927313112706 -0.028899688840265496,0.35512401702384905 -1.3972584670657666 -0.04021081780614915 -1.7400075204260734 -0.13107033711041932 -0.0041065599083729542,-0.038963120506457942 -0.16570146186412893 -0.19199399281479501 -0.060998243719962666 0.072379795446938511 -0.12529492518637755,0.10863510375411786 -1.4917287669691877 0.067270649841086355 -1.5610314324647079 -0.029745134631855449 0.066049418815219682,0.71013972250455148 0.28951472167628811 -0.4062154945622799 -0.5944311195157278 -0.27482769175485411 -0.29625087463972183,9.7049252084933624 -31.296229426450537 -18.479494383863639 -2.0094653917642353 0.43637656313086615 -0.0108982649151355,4.2474196065693945 -8.8235563057660329 -6.9792812335054464 -1.5027356241953385 -0.22490118960055838 -0.41310916258140651
ur,tetrapga,19.081837782,0.376632114,0.32157657,0.047219043,39.823385,47.307651,4.977923125,1,0,0,1.820530015,0.214925907,0.9,0,0,0,0 0 0.050000000000000003,0 0 0.050000000000000003,0 0 0.050000000000000003,wrist_3_link,-1,0,0 0 0,0 0 0,,0.097626015245177514 -1.4949147069192714 0.074198123914926195 -1.5519301252201869 -0.025461226386428004 0.070430032332685508,0.079062623529551665 0.040103786587201221 -0.036991078682826313 -0.065464246712437987 -0.032806501428260908 -0.030460283437194473,0.35311278406690144 -1.4051438459504704 -0.049193023750771038 -1.7427319369948404 -0.12755296251922957 -0.0099815554676279446,-0.046366818840322288 -0.168849237209139 -0.1890907264082442 -0.054593700287022734 0.076838742696688264 -0.12396444340723764,0.11138495434812622 -1.490301113586163 0.065653317100708333 -1.5634816900066328 -0.030738340166996475 0.064668498224513579,0.68776541482403064 0.27801731167907617 -0.41865021189279106 -0.59069811960797147 -0.25802286074329006 -0.30950928266277727,10.038271925117295 -36.229681249711291 -20.666106530951424 -2.1612929980643676 0.46636796339541514 -0.01116360550378208,4.1199728271307094 -9.0508816176479741 -7.0828564283609694 -1.4969226935372717 -0.20202043061153319 -0.43173666827044599
ur,tetrapga,19.129258138,0.372958848,0.323117161,0.047864632,34.081765,41.663436,4.260220625,1,0,0,1.842119817,0.211992445,0.9,0,0,0,0 0 0.050000000000000003,0 0 0.050000000000000003,0 0 0.050000000000000003,wrist_3_link,-1,0,0 0 0,0 0 0,,0.1007117486814853 -1.4933008584249337 0.072775662640848476 -1.5544301699512837 -0.026706255171762727 0.069254010269419547,0.076751114413963872 0.039175746289563607 -0.038278435771043784 -0.065176305568867082 -0.031016627295934445 -0.031977048948951092,0.35073861218878527 -1.4132215269675237 -0.058085609279900106 -1.7451670939844728 -0.12380628917616539 -0.015825407554570268,-0.053755479112229609 -0.17179815935154907 -0.18592173208137014 -0.048104674040190636 0.081151274541219343 -0.1224818460131461,0.11106974946562062 -1.4896927805644822 0.06575435573123839 -1.5636142125510957 -0.030529196311071743 0.064274639804334857,0.62767481468509356 0.26352569057377451 -0.43251682563755484 -0.58228539733520379 -0.22586236250180977 -0.3358268436140216,16.578541867221787 -45.451097466299068 -29.183455338006226 -3.3544515570603997 0.7310868425758148 -0.022080304019742723,3.9874516237448461 -9.2736592653636762 -7.1796948085348617 -1.4892472271549195 -0.17879561611542982 -0.44978151789950971
ur,tetrapga,19.171023564,0.369871126,0.31601107,0.038331732,34.078903,41.439615,4.259862875,1,0,0,1.786484931,0.187493923,0.9,0,0,0,0 0 0.050000000000000003,0 0 0.050000000000000003,0 0 0.050000000000000003,wrist_3_link,-1,0,0 0 0,0 0 0,,0.10331390451812808 -1.4919357759530596 0.071499888939561301 -1.5565780643552261 -0.027726134523110887 0.068193261094211283,0.053441559559860248 0.028831516508801381 -0.02583279588669762 -0.044022156877123186 -0.020936310248766007 -0.02176765524217503,0.34835858285288362 -1.42044775441814 -0.065788858213179258 -1.7470563232709946 -0.12034028540460356 -0.020911564832060577,-0.060206417487904715 -0.17421168815242899 -0.18292870524013038 -0.042359957960644901 0.084799674790970087 -0.1210581597602565,0.11192862334074444 -1.4887937626654406 0.065060086042753484 -1.5646964494056599 -0.030739678097353854 0.063402888862303636,0.59209957902537702 0.2525644543865328 -0.44587956567832115 -0.57503890697140148 -0.2015016011779632 -0.35388271751370914,17.86949995441692 -53.084187895390528 -32.987009483398538 -3.6799516276904201 0.80055617974029403 -0.023302530107242016,-0.10974387594467316 -12.020460279632971 -5.7497598652348927 -0.17280778928125073 0.15035199105300023 0.067184794824953542
ur,tetrapga,19.212565295,0.366738309,0.318028954,0.037860664,34.056982,41.779575,4.25712275,1,0,0,1.722061027,0.127951926,0.9,0,0,0,0 0 0.050000000000000003,0 0 0.050000000000000003,0 0 0.050000000000000003,wrist_3_link,-1,0,0 0 0,0 0 0,,0.10591127306722556 -1.4905752804815882 0.070139380886084152 -1.5587868428947074 -0.028720889104156561 0.067050010041514285,0.055011441079386977 0.029466205572362895 -0.028600858857374463 -0.046508929860075474 -0.020909140107884042 -0.0241808464178053,0.34572523656079968 -1.4277316808929177 -0.07332301147523955 -1.748696989344054 -0.11674467466956884 -0.025909247330345012,-0.066564114594126797 -0.17643937272287274 -0.17976807747285445 -0.036626161797722948 0.088284349128148962 -0.11953427948535318,0.11343527959009969 -1.4877435728720727 0.063953374096743038 -1.5662815902227969 -0.031180050167463419 0.062286046905846854,0.56441645664573847 0.24261859042963352 -0.4557949517578217 -0.56749304702166636 -0.1812208349753695 -0.36755033825416777,18.099402649121917 -59.301948611199961 -35.750169389015504 -3.862995203990419 0.8365956592374022 -0.023508769301379753,-0.13029793734636996 -12.002687343384423 -5.679099538189007 -0.14726148540012218 0.14800351491755492 0.07463214377835925
ur,tetrapga,19.254443182,0.364817303,0.313143946,0.037121219,34.248848,41.663146,4.281106,1,0,0,1.683751872,0.057033785,0.9,0,0,0,0 0 0.050000000000000003,0 0 0.050000000000000003,0 0 0.050000000000000003,wrist_3_link,-1,0,0 0 0,0 0 0,,0.10768922592582449 -1.4894500118550664 0.069160455972796894 -1.5604102659499606 -0.029360545506508524 0.066100834100747977,0.03401536703959885 0.023696906893850664 -0.018074254814836523 -0.031362870450208254 -0.012284481180169497 -0.018542362978255112,0.3428045957885496 -1.4351645376628759 -0.080781434640377431 -1.7501095501535302 -0.1129765665234075 -0.030881053652828887,-0.072908187458327625 -0.17850857900732381 -0.17640057263191417 -0.030833265505935903 0.091647095158254005 -0.11789099151314614,0.11487237262948424 -1.4867215595326981 0.062850930389696469 -1.5678268088760872 -0.031576750982374398 0.061159769683044464,0.53876500063097044 0.23440410523364189 -0.46324809603335981 -0.56011011768609276 -0.16330665024197466 -0.37920886252982156,18.720757561533965 -64.859165551351168 -38.488343469357808 -4.0837632105346238 0.88173783704383957 -0.024346432561986469,-0.10485916502091186 -11.696199155981958 -5.5681827754466724 -0.23090393383517949 0.11990851487621512 0.057225087172213307
ur,tetrapga,19.296220676,0.363444384,0.31298493,0.037942695,34.202176,41.82105,4.275272,1,0,0,1.668724832,0.008707751,0.9,0,0,0,0 0 0.050000000000000003,0 0 0.050000000000000003,0 0 0.050000000000000003,wrist_3_link,-1,0,0 0 0,0 0 0,,0.10908071256933313 -1.4884088278349172 0.068331923301222883 -1.5617896235457822 -0.029829987274940583 0.065210675385010977,0.028565211961282411 0.02301151488194168 -0.016392056863263893 -0.028320668595218656 -0.0096623370272728038 -0.018355372219546893,0.33962769623156674 -1.4426621958416828 -0.088077742801803818 -1.7512768642535488 -0.10908038911864726 -0.035770163887572065,-0.079166188869176049 -0.18039447711343654 -0.17286403221755556 -0.025048891760765378 0.094847220659559708 -0.11614638744004389,0.11610387827411003 -1.4857484943668848 0.061832652911980868 -1.5692315337307861 -0.031876731692230341 0.060066969064654446,0.51591697489705823 0.2270874147079798 -0.46984675788930208 -0.55291470890443972 -0.14667032639165878 -0.3897816940609935,18.999234307801057 -70.16571708883599 -40.950963553945023 -4.2583859025964497 0.91649396304424091 -0.024745724290759306,-0.047240875290071926 -12.037520778881117 -5.6914042021046498 -0.25646008971125411 0.11330930467973843 0.056630471704977481
ur,tetrapga,19.338142299,0.36205793,0.31420079,0.038418259,34.128424,41.734165,4.266053,1,0,0,1.667872673,0.016958377,0.9,0,0,0,0 0 0.050000000000000003,0 0 0.050000000000000003,0 0 0.050000000000000003,wrist_3_link,-1,0,0 0 0,0 0 0,,0.11048100951253462 -1.4873456864624965 0.067444929623247524 -1.5632132615102408 -0.03028351919533127 0.064261580962437892,0.02958220233072795 0.023443588406035464 -0.018404023204403631 -0.029959219959655913 -0.0095300393432298895 -0.02005856018176733,0.33617862825698597 -1.4502611396363834 -0.095247064701717565 -1.7522053130857191 -0.10503970653482098 -0.040600700294735489,-0.085368900432811826 -0.1821062325158059 -0.16914197565076852 -0.019246566693911435 0.097899031603441697 -0.11429207208449887,0.1172468975426785 -1.4847905587717158 0.060831850766812988 -1.5705857721980507 -0.032124650456781478 0.05896753390263923,0.49430671394921732 0.21956645541813549 -0.47586757070237601 -0.54542183165366531 -0.13056562959761053 -0.39959264405803419,19.060837349951733 -75.222715478974337 -43.231203013129928 -4.4066517698095105 0.94514515166203772 -0.024945411306244447,-0.024207669599945802 -12.305579383168151 -5.7627389085639038 -0.24852950181684719 0.11326381564818178 0.061877001793874342
ur,tetrapga,19.379983587,0.360656529,0.315130446,0.038382381,28.576245,36.039318,3.572030625,1,0,0,1.683087951,0.03092203,0.9,0,0,0,0 0 0.050000000000000003,0 0 0.050000000000000003,0 0 0.050000000000000003,wrist_3_link,-1,0,0 0 0,0 0 0,,0.11189400857234068 -1.4862839580517757 0.066489871115496688 -1.5646779842949989 -0.030718920008263387 0.06325398925001606,0.029823151629763005 0.023220523416241125 -0.019901069588947041 -0.030789432907148095 -0.0091328272911811517 -0.021263623742127293,0.33247859523879036 -1.4579132728048769 -0.10224351885389282 -1.7528896089983124 -0.10088259920477108 -0.045342335159443428,-0.091477284349456026 -0.18363286766792919 -0.16525861946952147 -0.013464728810185676 0.10078187277623603 -0.11233981602711461,0.12140175945149831 -1.483227091308015 0.056797735422258563 -1.5749587602180051 -0.033151514659315984 0.055779797127025937,0.51935775293081221 0.19543343174722683 -0.50426443501376739 -0.54662352130778324 -0.12835803007764879 -0.3984671076788896,9.6059825857998113 -74.531551905389392 -32.849584645660443 -2.5130228922879336 0.51657614934707663 -0.0022371379129028711,-0.023327396371428222 -12.390493047721975 -5.7573572129180945 -0.23980297037451237 0.11124061112055728 0.065592415492844225
ur,tetrapga,19.416127443,0.359399387,0.315881501,0.037912332,34.098857,41.640834,4.262357125,1,0,0,1.677369239,0.01437707,0.9,0,0,0,0 0 0.050000000000000003,0 0 0.050000000000000003,0 0 0.050000000000000003,wrist_3_link,-1,0,0 0 0,0 0 0,,0.1131368339343697 -1.4853416824870116 0.06559147915221783 -1.5660029543455982 -0.031077786925415029 0.062305845702344001,0.02974803714755879 0.023382274021327091 -0.021294439646161071 -0.031624483492337686 -0.0085262532571982914 -0.022732408468885759,0.32907796736232364 -1.4645720575120975 -0.10815396098509385 -1.7532862087577934 -0.097196993855040575 -0.049371028264364264,-0.096683320109886173 -0.18480444690937137 -0.16177232568088523 -0.0084833664475497846 0.10313810931383721 -0.11057343718626483,0.12100035645086143 -1.4827339264060775 0.057288433098203348 -1.5747417925098062 -0.032972004275745273 0.055749315682744785,0.46638247910031894 0.19380756031232504 -0.48827178512490965 -0.53261691596409522 -0.10716918866003516 -0.41168822375676223,18.01905975889651 -79.954383226341207 -45.084223468000729 -4.4712297682751156 0.9510365371335292 -0.024920852192870779,-0.041187222461303463 -12.319431744294889 -5.6868498034138213 -0.22639425858960749 0.10762360955683903 0.070125535717323828
ur,tetrapga,19.457874415,0.35820866,0.316448857,0.037681167,28.765611,36.232368,3.595701375,1,0,0,1.710159111,0.042473302,0.9,0,0,0,0 0 0.050000000000000003,0 0 0.050000000000000003,0 0 0.050000000000000003,wrist_3_link,-1,0,0 0 0,0 0 0,,0.1144327698183969 -1.4843312371458264 0.064601011084350637 -1.5674235905208704 -0.031426744250387328 0.061250441134249933,0.028225755425803641 0.022863281245409001 -0.02149470930543303 -0.030964969489241045 -0.0074945776387528671 -0.023179466666357507,0.3249176881101809 -1.4723124045272886 -0.11482087653638179 -1.7535206263127376 -0.092837181980283096 -0.053942997531559483,-0.1026101253856702 -0.18598694931475265 -0.15759807422636693 -0.0027514523170087662 0.10570186695197527 -0.10844299413197508,0.12490330734046917 -1.4813959484703776 0.053142783631385457 -1.5790127762970148 -0.033812182187912924 0.052465473446344335,0.48786887843409593 0.16724723824298376 -0.51820620708401677 -0.53387299812080991 -0.1050222441389472 -0.41048029438804368,9.886556811196666 -78.594914845273792 -34.556315904298543 -2.6281989211210011 0.53789586928268895 -0.002402897070500544,-0.044404629139194185 -12.320556963060881 -5.6521750803847226 -0.2248584079743523 0.10329145597347633 0.071503423818768397
ur,tetrapga,19.494215166,0.355547056,0.324753087,0.041363276,34.102843,41.517006,4.262855375,1,0,0,1.695548712,0.004157166,0.9,0,0,0,0 0 0.050000000000000003,0 0 0.050000000000000003,0 0 0.050000000000000003,wrist_3_link,-1,0,0 0 0,0 0 0,,0.11642791297714623 -1.4830858499567265 0.062885413690107111 -1.5695999623903645 -0.031947528150387983 0.059646352461557542,0.049633265716479052 0.028724374048138511 -0.04371481344374141 -0.053261516644515547 -0.012649492844334828 -0.039258884472373509,0.32109622420405143 -1.4790877182536759 -0.12048016035890263 -1.7535303174093217 -0.088957492094483406 -0.057849014559007532,-0.10769013000437061 -0.18686672458645337 -0.15383949388019266 0.002213906070943916 0.1077935340567312 -0.10651142794716907,0.12411591646855827 -1.4808773790368248 0.054029106089429978 -1.5784326838047122 -0.033523274462621273 0.052665087517000247,0.43128829997579943 0.17044001925016367 -0.49812408745917747 -0.51578932396286437 -0.080427415148678766 -0.42385318965296265,17.208874667959453 -86.091538435432057 -47.35193997003843 -4.540595046339801 0.96040250545434724 -0.024074766423547389,0.05655142695206905 -13.649881198194635 -6.0419601753019379 -0.11051794252034597 0.123245801071036 0.12107386820603949
ur,tetrapga,19.5357958,0.35397264,0.316953135,0.035338111,28.505157,35.828067,3.563144625,1,0,0,1.739066308,0.039038525,0.9,0,0,0,0 0 0.050000000000000003,0 0 0.050000000000000003,0 0 0.050000000000000003,wrist_3_link,-1,0,0 0 0,0 0 0,,0.11795624398384946 -1.4821513991778206 0.061517552326070916 -1.5712795985146266 -0.032306503794938907 0.058357545989943214,0.030775543250631639 0.020187650172678463 -0.02724129989064316 -0.034130098293071107 -0.0071244841672764231 -0.026482756641401223,0.31649917610305134 -1.4868757547239495 -0.1267851298029043 -1.7533207171793037 -0.084428387236759717 -0.06223040901899593,-0.11340740616888507 -0.18770196600146033 -0.14940110006377549 0.007861119295116516 0.11002415986423886 -0.10421557086095545,0.1277111052553771 -1.4797524302952652 0.049793146344013196 -1.582569184841212 -0.034150917831025737 0.049284396008890299,0.44939861877813847 0.1406185851490481 -0.52949500102555358 -0.51706266191603079 -0.078455426013504664 -0.42258645882983192,10.363175134596835 -83.905279579804812 -36.781506955863001 -2.7829581094290967 0.56730314578988295 -0.0025995238917557797,-0.15846969234246444 -11.661576486614649 -5.2462581876384604 -0.1663950595921051 0.09399384819168688 0.081718401663920304
ur,tetrapga,19.571723498,0.351299564,0.326574293,0.040689297,28.635083,36.097256,3.579385375,1,0,0,1.785351061,0.014166127,0.9,0,0,0,0 0 0.050000000000000003,0 0 0.050000000000000003,0 0 0.050000000000000003,wrist_3_link,-1,0,0 0 0,0 0 0,,0.11995236405988653 -1.4810145498338987 0.059618379046374848 -1.5735197053469707 -0.032763400432542382 0.056627215144622482,0.049498662914622869 0.025798849025339594 -0.048223866003211158 -0.054699911173489192 -0.011047401415965561 -0.042256082383218013,0.31233726201908146 -1.493630176412954 -0.13208213094673887 -1.7529511473006905 -0.080443000579499033 -0.065937904206071485,-0.11826182792574169 -0.18827600366346392 -0.14545158601660166 0.012706117312701238 0.11180971492965638 -0.10215992689437604,0.12257050156619304 -1.479496240143289 0.055899119070701116 -1.5773181463830881 -0.032978007993090884 0.053040672330373219,0.32726718828831269 0.18978871132622352 -0.46490749695921635 -0.47480512951466358 -0.026825945068562652 -0.44831785178115768,24.706685952321578 -106.86020258160147 -66.583577832849471 -6.8773496529382498 1.4709740727448377 -0.045892727527671949,0.015824712843823363 -13.427468038875304 -5.8269644792841007 -0.077294836200962891 0.11322753104535366 0.13032416030489458
ur,tetrapga,19.607916555,0.350107735,0.317532074,0.032799852,28.630427,36.064666,3.578803375,1,0,0,1.771070663,0.037193593,0.9,0,0,0,0 0 0.050000000000000003,0 0 0.050000000000000003,0 0 0.050000000000000003,wrist_3_link,-1,0,0 0 0,0 0 0,,0.12120179257830137 -1.4803141798904065 0.05836445394140493 -1.574944623021117 -0.033006043176964435 0.055470636498236407,0.029731015200504925 0.018604969373759373 -0.029583060204962992 -0.034514379412218611 -0.0055753448678295195 -0.028486354809152563,0.30796976401399828 -1.5004528367421373 -0.13727290229784531 -1.7524035012570467 -0.076365741446597871 -0.069596917555928575,-0.12306842380447465 -0.18871566791231809 -0.14136936408942402 0.017549786510187723 0.11347377126318101 -0.10002344614139382,0.12541029922433899 -1.4782440401240964 0.051741908585789212 -1.5811494823770664 -0.03317248984766645 0.049465391952661593,0.35497470726824643 0.15652500239906184 -0.51965131061398828 -0.47891699924728359 -0.024310231821946034 -0.44691004721395283,13.825605908510301 -106.63412962761888 -47.428004787352904 -3.6296779960833097 0.74255421803016364 -0.0038559174419480176,-0.27867796371231179 -10.82395108986475 -4.7815376798653801 -0.12110090641363058 0.080346157078849956 0.087924965296778623
ur,tetrapga,19.644078291,0.347975585,0.329386192,0.041755903,28.832048,36.460266,3.604006,1,0,0,1.78454426,0.035386378,0.9,0,0,0,0 0 0.050000000000000003,0 0 0.050000000000000003,0 0 0.050000000000000003,wrist_3_link,-1,0,0 0 0,0 0 0,,0.1229163539032755 -1.4792995842230641 0.05657938397245111 -1.5769719356509377 -0.033328765820552685 0.053802822336196716,0.047835302140226722 0.025812601077406312 -0.051233546886127482 -0.05577383217426761 -0.0087412081526948744 -0.045877580903831185,0.30343387183817527 -1.507282970557307 -0.14230980428532788 -1.7516819907716479 -0.072234326592791734 -0.073174374647492074,-0.12778374447225582 -0.18901592122010089 -0.13719062073224428 0.022347519742534724 0.1149998511637145 -0.097824726399106138,0.12830957845310803 -1.4773574433475987 0.047417870691835048 -1.5849755663970748 -0.033360688616480873 0.045900394147475168,0.36240990359613068 0.11082459706220391 -0.54050473674427013 -0.47826050250104241 -0.023524846101802378 -0.44562472564830319,11.977925924508384 -99.527595529765165 -42.729763848129267 -3.1863116034003145 0.64366839890194139 -0.0027425735158114633,0.064993491882773924 -13.779448095344378 -5.8710908959272388 -0.066713610356600839 0.105270326506826 0.14147587601709688
ur,tetrapga,19.680648934,0.348876144,0.31295311,0.02195844,28.693341,36.381036,3.586667625,1,0,0,1.826128716,0.05431501,0.9,0,0,0,0 0 0.050000000000000003,0 0 0.050000000000000003,0 0 0.050000000000000003,wrist_3_link,-1,0,0 0 0,0 0 0,,0.12313284010178699 -1.4789781213891977 0.056303188969691928 -1.5773075240556336 -0.03328569130517333 0.053401431821491881,-0.0042001391540852414 0.011349698983548921 0.0058703998215922744 0.00056479012919654454 0.0029054540718592634 -0.0036637319479417992,0.29867493444267168 -1.5141988056029909 -0.14724818493124203 -1.7507767164220001 -0.068002619885612695 -0.076710261942969399,-0.1324605797461901 -0.1891782549977277 -0.13286680843440896 0.027152468660086904 0.11640296821310873 -0.095537801193077226,0.13125085130785882 -1.4768165910778774 0.042962258146750712 -1.5887941434739277 -0.033540312275310451 0.042346634232345755,0.36765910684385 0.067606533715157541 -0.55695156813554214 -0.47732213460661793 -0.022452957353696817 -0.44421998939117657,10.859664179104719 -92.295310631727176 -39.392819229298311 -2.9190618182513743 0.58873476219149412 -0.002432046170625788,-0.69571755097240384 -7.0354358069962473 -3.2937660053335946 -0.22151459107772098 0.031345424474906736 0.011466373618077341
ur,tetrapga,19.717146007,0.34906548,0.321862012,0.040793196,34.089867,41.76272,4.261233375,1,0,0,1.817194611,0.026189326,0.9,0,0,0,0 0 0.050000000000000003,0 0 0.050000000000000003,0 0 0.050000000000000003,wrist_3_link,-1,0,0 0 0,0 0 0,,0.12363678138079498 -1.4780272619772388 0.055668521232870478 -1.5782068091022095 -0.03325203862216207 0.052428933057266418,0.017470509128881893 0.027806320428476153 -0.022516318603793727 -0.02875702467090022 0.00040843686163497483 -0.030089982812064393,0.29375678104592956 -1.521104061318568 -0.15201725300076335 -1.7496990038090239 -0.063730854848015231 -0.080154522469783981,-0.13703277013927728 -0.18919871561292995 -0.12845762257377438 0.031896020857062772 0.11766140245723987 -0.093193833039035057,0.12991322745419231 -1.4765925757839984 0.045207033279245183 -1.5871276559238343 -0.033373335135581911 0.043745985562795811,0.30867638873317949 0.10366884294499412 -0.51354455132067622 -0.453397454470714 0.0028550391442932598 -0.45522476025128411,16.962372224571055 -105.47561287150646 -56.010075086272543 -5.0802659336811411 1.0641851252411501 -0.024929039017096775,0.11491412521002076 -13.461754577559077 -5.8488969047145076 -0.2298907790782323 0.077167719752480934 0.092762216740311487
ur,tetrapga,19.759011906,0.34740095,0.325536998,0.045628744,28.683728,36.272553,3.585466,1,0,0,1.877972906,0.059811411,0.9,0,0,0,0 0 0.050000000000000003,0 0 0.050000000000000003,0 0 0.050000000000000003,wrist_3_link,-1,0,0 0 0,0 0 0,,0.12506099155206804 -1.4766302834124232 0.053728387412234631 -1.5803266545015695 -0.033298780352620405 0.050338922010232545,0.031905006318300518 0.025837599558635606 -0.04514353778569731 -0.046039986488886159 -0.0010542821601686985 -0.04506601104543044,0.28791207025080889 -1.5290225357252154 -0.15728746211503394 -1.748250929584326 -0.058777661799304118 -0.083998615213921227,-0.14215634087515594 -0.18904837500485921 -0.12328938133722116 0.037267877781349448 0.11892898235974414 -0.09043169594708729,0.13248204311936962 -1.4760760216062601 0.040795160757244778 -1.5907684367177857 -0.033338553847020003 0.040115141925460104,0.32110195814716219 0.064569272217292972 -0.55148406525005034 -0.45509759924392318 0.0043476610702388261 -0.45385545466696353,12.301298006785263 -101.36708746007753 -44.199316871953357 -3.3171307904583474 0.67199307708894618 -0.0032854429469084774,0.28172761931932655 -15.057485554996674 -6.3517730897167439 -0.15665553108829045 0.088128056457961179 0.13890731743711626
ur,tetrapga,19.795386063,0.344900405,0.330721264,0.046028281,34.030999,41.422649,4.253874875,1,0,0,1.863745625,0.013743433,0.9,0,0,0,0 0 0.050000000000000003,0 0 0.050000000000000003,0 0 0.050000000000000003,wrist_3_link,-1,0,0 0 0,0 0 0,,0.12677759515312137 -1.4755846460767317 0.05127013175761734 -1.5827284689986354 -0.033383860165488492 0.048038515630932761,0.044231577755922305 0.020833441973774552 -0.06559096424142033 -0.060507585067977751 -0.0019942740141780969 -0.057791917429323068,0.28266195695273844 -1.5358943237957492 -0.16168893611870125 -1.746811454898177 -0.054434052026211308 -0.087243398608885664,-0.14649927823812026 -0.1887673921157334 -0.11870792669124698 0.041869815458891957 0.11987655547659344 -0.087970430549921513,0.13175595218942426 -1.4751770801231947 0.041919478082673559 -1.5901654524522537 -0.033115919361899004 0.040387054232084565,0.26576663164734227 0.081656714787657986 -0.51414602184468805 -0.42712494925540007 0.030660955544405573 -0.4612218182639829,16.037603272064359 -111.77418536788193 -57.795566151723492 -5.0718433980413398 1.056190941545839 -0.02301440271454919,0.26022757189400636 -15.189332892712628 -6.2332721576945573 -0.053572973992231709 0.087845655850813387 0.17815889955021191
ur,tetrapga,19.836910588,0.344106926,0.31395227,0.030746627,28.746507,36.177487,3.593313375,1,0,0,1.927356334,0.050391889,0.9,0,0,0,0 0 0.050000000000000003,0 0 0.050000000000000003,0 0 0.050000000000000003,wrist_3_link,-1,0,0 0 0,0 0 0,,0.12790933447169364 -1.4751617954816627 0.049552645529358681 -1.584259761912211 -0.033398246333312447 0.046533711653188474,0.020818978380645704 0.0084008025005507941 -0.031253304329084373 -0.028380028467467795 -8.9938058241220601e-06 -0.028305452820303043,0.27647787433939897 -1.5437232320724434 -0.16650795349612812 -1.7449651111721174 -0.049436775387292083 -0.09083684000124656,-0.15132982830269295 -0.18827636644457993 -0.11337978070127532 0.047043345306363914 0.12078249839842149 -0.085093476502758447,0.1339515541038242 -1.474866605818264 0.03749928651584046 -1.5935955385699596 -0.032860630061678088 0.036708562341530381,0.27445023929999313 0.038809288116347686 -0.55252394585413767 -0.42876076471325092 0.03191116252761414 -0.45981148631927315,12.798565749734433 -106.66075463996248 -46.371445347012347 -3.4671116550611631 0.70040750943676788 -0.0034585432019985278,-0.36243248247365045 -10.146386782609625 -4.237119174330644 -0.098635750858193205 0.051093859844186795 0.087378560833769825
ur,tetrapga,19.873192591,0.342626391,0.323209588,0.0399387,34.009485,41.339628,4.251185625,1,0,0,1.917847928,0.008995775,0.9,0,0,0,0 0 0.050000000000000003,0 0 0.050000000000000003,0 0 0.050000000000000003,wrist_3_link,-1,0,0 0 0,0 0 0,,0.12921947221528887 -1.4745031869856933 0.047519274476849005 -1.586142121487609 -0.033393837595478579 0.044649713669229887,0.03261072447936509 0.013224515751561564 -0.052098785698818623 -0.046060355051184054 0.00022495503941187816 -0.046041492756893919,0.27091250420954266 -1.550544225320045 -0.17053589996780205 -1.7431774164397673 -0.045042545200528042 -0.093877732955300858,-0.1554362127864625 -0.18769941785751029 -0.10864356443327428 0.05148911034353873 0.12141993454206031 -0.082523363767300351,0.13334362737558253 -1.4742071685393676 0.038426586812093273 -1.5930592871547502 -0.032660238067135861 0.036951014084465786,0.21976427700324697 0.059715982826376413 -0.51033671053143292 -0.39880714074573986 0.0583744701803088 -0.46601549011429322,15.760271179201428 -117.59981053195534 -60.432350381998504 -5.2303165840268822 1.086200848746615 -0.023327076913048167,0.025603989826208817 -13.179770906102021 -5.3614548799103545 -0.070191332559261355 0.066537012086214986 0.1419760398138834
ur,tetrapga,19.914638669,0.342415701,0.31622249,0.029821036,28.559875,36.015987,3.569984375,1,0,0,1.983602692,0.062523047,0.9,0,0,0,0 0 0.050000000000000003,0 0 0.050000000000000003,0 0 0.050000000000000003,wrist_3_link,-1,0,0 0 0,0 0 0,,0.13011654486389204 -1.4740771228120217 0.04599250940177825 -1.5874811536466 -0.033318808021795918 0.04322615660755974,0.017216346286623007 0.011130303284881009 -0.029092881664811162 -0.026576500555603105 0.0018208631019354694 -0.028827109718728733,0.26437535319463823 -1.5583071103114914 -0.17492514868299294 -1.7409396880597403 -0.039998082289634376 -0.097236107118762655,-0.15999293973620074 -0.18687250817439338 -0.1031468348955147 0.05647693388571022 0.12197158221411895 -0.079525850780175905,0.13515187227365277 -1.4740948257218258 0.034019152083199285 -1.5962640290311463 -0.03218495580301433 0.033234145796670368,0.22603061225878093 0.01404285219271429 -0.55092934111174885 -0.40059273454952171 0.059410283015191419 -0.46460853597442719,13.362508411710525 -111.90232077395594 -48.603184094221582 -3.6264734700025674 0.7313328953656284 -0.0036793505273585436,-0.38727731400592802 -9.8409419460867866 -4.0197329201591572 -0.086012825368925405 0.040658974742669329 0.0889908393199903
ur,tetrapga,19.950749004,0.341371234,0.324078694,0.041030253,34.064455,41.406005,4.258056875,1,0,0,1.977904813,0.004888901,0.9,0,0,0,0 0 0.050000000000000003,0 0 0.050000000000000003,0 0 0.050000000000000003,wrist_3_link,-1,0,0 0 0,0 0 0,,0.13120917257882464 -1.4733558720788213 0.044043572081305542 -1.5892473546637167 -0.03319721346908925 0.041312943790357895,0.027245891306420127 0.014642097050979554 -0.050101540357718549 -0.043234314141950857 0.0030817909910666351 -0.046750183706952726,0.25852809322932457 -1.5650399182538683 -0.17856226879645196 -1.7388230904024384 -0.035587315197470777 -0.100059874332785,-0.16384347325523305 -0.18600706319536356 -0.098287483843965684 0.060739224941686196 0.12229842041687644 -0.076863011975104895,0.13456421003516786 -1.4734095372002964 0.034992530137193598 -1.5957098057223924 -0.032006755791779369 0.033517067821737932,0.17296095111614468 0.039476462503408555 -0.50485399313235235 -0.36926423437010442 0.085541105534052531 -0.46955962147202546,15.420587536034269 -123.6551057337601 -62.837274871901606 -5.3444416662902992 1.1060549685075962 -0.022967750276823604,0.099689215913713269 -13.539983448806197 -5.4318796583221172 -0.086251788332447177 0.057607277560805414 0.14413802704349621
ur,tetrapga,19.992261551,0.341524763,0.316021774,0.031765142,28.639225,35.979526,3.579903125,1,0,0,2.044363288,0.073393463,0.9,0,0,0,0 0 0.050000000000000003,0 0 0.050000000000000003,0 0 0.050000000000000003,wrist_3_link,-1,0,0 0 0,0 0 0,,0.13195903885233159 -1.4729127881518402 0.042547511060630622 -1.5905118055396004 -0.033035993643366166 0.039857862938284236,0.014453541659679553 0.01052228858867434 -0.029089713395145593 -0.025166071001004729 0.0035688555944778785 -0.029514829398894278,0.25163705316188884 -1.5727380681394467 -0.18252519252967322 -1.7362016646321015 -0.030505618681579534 -0.10318615261008163,-0.16812904278936217 -0.18484658164637693 -0.092626214521556352 0.065537853323179587 0.12249701350099214 -0.073745708132935434,0.13597802629434294 -1.4734843385988106 0.03061585139226989 -1.5986788815469621 -0.031315894564834704 0.029771807263143855,0.176727032396886 -0.0093501748142636523 -0.54708484311546357 -0.37113447807122835 0.08635765336808357 -0.46815756982425949,13.952339171880965 -117.2473271540223 -50.850396535028736 -3.7864195924514319 0.76239807991188613 -0.0038870426711432645,-0.28488230466518871 -10.482496907995483 -4.2059072770845205 -0.10231312772066303 0.036962088720400743 0.09108246562462341
