robot,backend,t,tracking_error,velocity_error,torque_ratio,solve_time_ms,cycle_time_ms,realtime_ratio,iterations,converged,failed,best_cost,final_stop,plant_mass_scale,plant_payload_mass,controller_payload_mass,model_payload,plant_payload_com,controller_payload_com,payload_com_attachment,external_force_body_name,external_force_start_s,external_force_duration_s,external_force,external_torque,failure_message,q,dq,q_ref,dq_ref,q_cmd,dq_cmd,u_cmd,effort
ur,tetrapga,0.000064453,2.221430929,0.308568953,0,42.599748,56.794361,5.3249685,1,0,0,0.160959046,85.669144495,1,0,0,0,0 0 0.050000000000000003,0 0 0.050000000000000003,0 0 0.050000000000000003,wrist_3_link,-1,0,0 0 0,0 0 0,,0 0 0 0 0 0,0 0 0 0 0 0,9.7071441124751589e-07 -1.5707915929921015 8.712195920438856e-06 -1.5707861550408271 1.0083157634710415e-05 9.5461880596299852e-06,0.015070815980693937 0.073454015529591909 0.13517877287085514 0.15782127623586767 0.15644383062701869 0.14811025830475941,0.00013147184819742544 -1.570195821905463 0.0010975424412102094 -1.5695189763322188 0.0012634052381793536 0.0011938323282031196,0.017554377252098623 0.075487653211039021 0.13702649942871653 0.15897050557426096 0.1568836350215288 0.14795917598499239,0 0 0 0 0 0,0 0 0 0 0 0
ur,tetrapga,0.05691774,2.211736899,0.324001259,0,42.085753,49.858977,5.260719125,1,0,0,0.231793519,84.697013483,1,0,0,0,0 0 0.050000000000000003,0 0 0.050000000000000003,0 0 0.050000000000000003,wrist_3_link,-1,0,0 0 0,0 0 0,,0 0 0 0 0 0,0 0 0 0 0 0,0.0013592185250540503 -1.5662072438473202 0.0080620753784728331 -1.5615879437385114 0.0089863404345765265 0.0083948312742596776,0.032701392602077377 0.087756171805247529 0.14800553942012779 0.16560742796170963 0.15917034529180366 0.14676385876190559,0.00028183909755126349 -1.569583808372979 0.0022010993826748738 -1.5682426733930659 0.0025201724059806421 0.002376859412804791,0.020037318688955516 0.077514603810480157 0.13886042447744074 0.16010231941880324 0.157305097463179 0.14779549705837294,0 0 0 0 0 0,0 0 0 0 0 0
ur,tetrapga,0.106853642,1.824459659,10.263772077,1,36.189193,43.811958,4.523649125,1,0,0,8.922028026,58.856339117,1,0,0,0,0 0 0.050000000000000003,0 0 0.050000000000000003,0 0 0.050000000000000003,wrist_3_link,-1,0,0 0 0,0 0 0,,0.00086480749474245749 -0.037209559012220443 0.016821791481493525 -0.55087098357164133 -0.00023966275089962069 7.4952225769707735e-05,-0.0059784344140670874 -0.9817197126927717 0.19534318218905053 -10.03268693121097 0.0083789784263535588 0.011435792014746628,0.0033775724993929074 -1.5615179121446565 0.015721438937965196 -1.5531631054602779 0.016978226644951525 0.015683112061044779,0.048122970272445928 0.10000622785414996 0.15866484024489497 0.17170073624255633 0.16079493882215265 0.14506093309614981,0.00045206687541349933 -1.5689556064471015 0.0033192720709632525 -1.5669573858925443 0.0037802378078079907 0.003558526733293751,0.022519483198918701 0.079534728446124567 0.14068041384943333 0.16121663166992489 0.15770818878314641 0.14761923771413804,0 0 0 0 0 0,-0.23728100041603672 -330 -111.16382725372203 -56 -2.1474374302913022 0.22700716279136435
ur,tetrapga,0.150778183,1.603926194,7.68108969,1,36.172463,43.801592,4.521557875,1,0,0,4.478942148,44.596311022,1,0,0,0,0 0 0.050000000000000003,0 0 0.050000000000000003,0 0 0.050000000000000003,wrist_3_link,-1,0,0 0 0,0 0 0,,0.00019077256153290841 -0.092100741008749917 0.023108155998639336 -0.89290908468798036 0.0001521688200815509 0.00045746961891920105,-0.019225668982238545 -1.6072751031058334 0.14548884293780631 -7.3066038148170946 -0.0016337907455322809 0.0079180523126264786,0.0057878215207618133 -1.5568934661525275 0.022887510753309057 -1.5455144600361195 0.024061356078680422 0.022014566598670002,0.061607018375099479 0.11051308016243827 0.16754626917598642 0.17646887738546721 0.16162498047033008 0.14316517824093,0.00064214833807802992 -1.5683112712897143 0.0044519484870405137 -1.5656632541836566 0.0050434543626772287 0.004738733713449861,0.025000713713992491 0.081547888643129424 0.14248633429273294 0.16231335747156084 0.15809288121216844 0.14743041485057892,0 0 0 0 0 0,8.8768775846236192 -330 -122.00435032859122 -56 1.8980167370073611 -0.07395209938674796
ur,tetrapga,0.194660712,1.432430442,5.194267985,1,36.174726,43.998572,4.52184075,1,0,0,2.032215929,33.15292857,1,0,0,0,0 0 0.050000000000000003,0 0 0.050000000000000003,0 0 0.050000000000000003,wrist_3_link,-1,0,0 0 0,0 0 0,,-0.00076383420977250603 -0.1787279572957412 0.027499579236936137 -1.131812982397965 0.00082352285537482092 0.0011556897878182587,-0.022423606384947295 -2.2941088579213353 0.083505004017814424 -4.4124802851953158 0.021383745974811946 0.021901594540283155,0.0087850364232398802 -1.5518185271942753 0.030425749159781416 -1.5376763467159376 0.031161799961952771 0.028248736471966192,0.074975475494676078 0.1207360706878884 0.17593609661269227 0.1806678079911837 0.16189288144476788 0.14090396188473392,0.00085207538541955726 -1.5676508591688456 0.0055990155495457489 -1.5643604192932616 0.0063096747730544212 0.0059173799150722822,0.027480853198742168 0.083553946341441296 0.14427805347913172 0.16339241321665773 0.1584591483823623 0.14722904607406467,0 0 0 0 0 0,15.350169674164462 -330 -111.86611992803914 25.737637035325861 3.6891245219451383 2.3348784033391015
ur,tetrapga,0.238774894,1.282364373,4.346463407,1,36.070811,43.592788,4.508851375,1,0,0,2.020864898,24.009856473,1,0,0,0,0 0 0.050000000000000003,0 0 0.050000000000000003,0 0 0.050000000000000003,wrist_3_link,-1,0,0 0 0,0 0 0,,-0.0017442610964942074 -0.28923950511189966 0.03039854339811154 -1.2812898676823545 0.0016169181644468858 0.0019811712723865303,-0.024987311922537295 -2.933725960942215 0.053644932451915719 -2.887292025623259 0.015090967267220019 0.015991398438374663,0.012386616094557854 -1.5462710987800818 0.038363800873680277 -1.5296238467890517 0.038299119085749879 0.034407745268869687,0.088285205558895546 0.13071563684140741 0.18386446077911162 0.18431002202869745 0.16159653188946593 0.13826583193289493,0.0010818386611869152 -1.5669744274553192 0.0067603591222143086 -1.5630490229120599 0.007578751536073877 0.0070943650436400829,0.02995974465850345 0.0855527639036157 0.14605544001224161 0.16445371655260221 0.15880696532895061 0.14701514969803009,0 0 0 0 0 0,20.798124022034042 -330 -113.65597870884503 11.091272808069334 1.3030931253062512 -0.044350234833263613
ur,tetrapga,0.28243279,1.124727885,4.251866041,1,36.209126,43.800635,4.52614075,1,0,0,2.649780469,16.390376062,1,0,0,0,0 0 0.050000000000000003,0 0 0.050000000000000003,0 0 0.050000000000000003,wrist_3_link,-1,0,0 0 0,0 0 0,,-0.0028909581457599014 -0.42643584982922578 0.032485356589839962 -1.3787156101028399 0.0025531473329511276 0.0029262973083538997,-0.030182964212211325 -3.5640178579306707 0.038186056410856269 -1.8819269722982062 0.018095475660906604 0.018395401643077808,0.016525755950558482 -1.540354424625721 0.046552830247944883 -1.5215091247367611 0.04533753083526277 0.040380678688432953,0.10130436612568372 0.14027771846115472 0.19119378822593533 0.1873344680810686 0.16074600575845976 0.13530028019360504,0.0013314275533620643 -1.5662820346193418 0.0079358640213644475 -1.5617292073845377 0.0088505369547695716 0.0082695889539645909,0.03243723114759027 0.087544204122613767 0.147818363435507 0.1654971863865711 0.159136308491892 0.14678874474192832,0 0 0 0 0 0,29.05510457288166 -330 -111.58137272450472 4.5980024612454145 1.3584218615930315 -0.055203670057302645
ur,tetrapga,0.326307024,0.940836191,4.59558735,1,36.228962,44.136101,4.52862025,1,0,0,3.579969977,10.472562848,1,0,0,0,0 0 0.050000000000000003,0 0 0.050000000000000003,0 0 0.050000000000000003,wrist_3_link,-1,0,0 0 0,0 0 0,,-0.0043555735897990062 -0.59847996924785973 0.034123056335277957 -1.4444407711285221 0.0036559409355077471 0.0040100875909325987,-0.036443941946187323 -4.2256949530678538 0.033575280109708457 -1.1884538711670709 0.029999981011285412 0.028885289570182229,0.021254212493172043 -1.5339951307695858 0.055093146573578881 -1.513234038828273 0.052361222176480149 0.046245102356403847,0.11420970345351361 0.14955203797375266 0.19802444695099145 0.18978507645647194 0.15933521509473048 0.13197072786635772,0.0016008301945847432 -1.5655737402270291 0.0091254140234478445 -1.5604011156988669 0.010124883149319242 0.009442951655833233,0.034913155777500419 0.089528130229576147 0.14956669424016231 0.16652274289080249 0.15944715571741769 0.14654985093014813,0 0 0 0 0 0,40.461396756543216 -330 -105.44439827766041 4.843870945168419 3.9215358859744747 2.2927522434736662
ur,tetrapga,0.370513926,0.742213197,5.126902649,1,36.197612,44.127285,4.5247015,1,0,0,4.740720629,7.527551415,1,0,0,0,0 0 0.050000000000000003,0 0 0.050000000000000003,0 0 0.050000000000000003,wrist_3_link,-1,0,0 0 0,0 0 0,,-0.0059656666032470379 -0.79002030348250385 0.035344849338373445 -1.4846515595275054 0.004755992179265125 0.0050717588404762511,-0.039951896283993468 -4.8669724199303186 0.021499787796036032 -0.77682876291023817 0.021262928211594083 0.020549701815535407,0.026586739605426353 -1.5271839338698232 0.063989069990412609 -1.5048007448858898 0.059363202478400483 0.05199856141290015,0.12700688404076721 0.15853699059810433 0.20434847152668051 0.19165096720234109 0.15735369756374776 0.12826864891146772,0.0018900334626427528 -1.5648496049368688 0.010328891872663575 -1.5590648914767642 0.011401642068300417 0.01061435331964458,0.037387361725118785 0.091504405901573396 0.15130030387313448 0.16753030750778736 0.15973948625947343 0.14629848869089609,0 0 0 0 0 0,49.280343986854483 -330 -107.65829378630556 -2.4042380527589557 1.39129849367853 -0.065921140999812167
ur,tetrapga,0.414764401,0.520648858,5.612028869,0.3879012,36.226907,44.04829,4.528363375,1,0,0,5.979339699,8.061082367,1,0,0,0,0 0 0.050000000000000003,0 0 0.050000000000000003,0 0 0.050000000000000003,wrist_3_link,-1,0,0 0 0,0 0 0,,-0.0074652034046110653 -1.0085382940049927 0.035469763614437773 -1.5105961821516938 0.0059310278736381125 0.0061696303122107058,-0.013890648548602145 -5.383157763000856 -0.16464398624108822 -0.51277796309345303 0.026792322968947527 0.021342037085294859,0.032486039209224812 -1.5199765957959672 0.073161045076003128 -1.4962900408200894 0.066271997445736378 0.057586208305260934,0.13958446014355916 0.16714978235820982 0.21010230821133846 0.19290716936793653 0.1548123358152878 0.12422135931187323,0.0021990229810278559 -1.5641096904961229 0.011546179288635078 -1.5577206789633078 0.012680665499957557 0.011783694282034282,0.039859692240917663 0.093472895269332348 0.15301906474489049 0.16851980295538202 0.16001328078106652 0.14603467915504345,0 0 0 0 0 0,49.132045705752489 -128.00739612614416 -56.109776792610127 -0.73027511681539181 0.74043079599305273 -0.071024794426477911
ur,tetrapga,0.458885802,0.314766996,4.50865701,1,36.162822,44.15656,4.52035275,1,0,0,5.038689204,4.68234542,1,0,0,0,0 0 0.050000000000000003,0 0 0.050000000000000003,0 0 0.050000000000000003,wrist_3_link,-1,0,0 0 0,0 0 0,,-0.0035257831545997724 -1.2230078725672053 0.01589741931843805 -1.5291802246866288 0.0077163331491558757 0.0073529537755344168,0.154616508384575 -4.2246955955118004 -0.59965542456086018 -0.33996824254200037 0.046831880215652835 0.030636624027508164,0.038916698539295976 -1.512419553391015 0.082546826477565199 -1.487762339699465 0.073036518342315296 0.062971880112220047,0.1518693113216204 0.17533919068695661 0.21525128089637774 0.19354681499299059 0.15172902426263121 0.11985375722405955,0.0010417514029155564 -1.4079010720188854 0.010819399017547242 -1.5418940435202453 0.012252065007682802 0.011258207020374573,0.21375892288317791 -1.7922965018749242 -0.36237471597471371 0.19479311804425131 0.25675874709838981 0.2111657979351593,-13.558988350684411 299.97130958369536 121.5430659055606 9.4613093763817364 -1.7871505654366873 0.022769929086016372,-42.907011975319968 330 150 18.511079940054515 0.069001473913026246 2.2878663935185912
ur,tetrapga,0.50311667,0.206921477,3.221926656,1,30.448928,38.134239,3.806116,1,0,0,4.481708612,1.798008961,1,0,0,0,0 0 0.050000000000000003,0 0 0.050000000000000003,0 0 0.050000000000000003,wrist_3_link,-1,0,0 0 0,0 0 0,,0.0021249488322375091 -1.3702536529809808 -0.010803934269546036 -1.5406340968528756 0.009392156241487341 0.0084732486758051073,0.10963563905820428 -2.9056627897623692 -0.58215670747531922 -0.22106924135320966 0.03234214047872206 0.021676949314693779,0.045901235902534171 -1.5044902419098443 0.092170658822280996 -1.4791987747361472 0.07966924751540283 0.068170295518841365,0.16390364062706494 0.18313169989282782 0.2198108510580018 0.19357134479239219 0.14809511925555624 0.11515116523785848,0.003273696416994638 -1.4209239500755517 0.008597044483199489 -1.5407533418958499 0.014979894957452056 0.013335041509112274,0.27961005973895081 -1.6273719678309233 -0.27737277748862132 0.14282522494506833 0.34103713715448508 0.25953163529911116,-33.818245433529611 272.08736455513241 119.50055180331162 8.7941225496630793 -1.7122185876917162 0.010388182348002976,-50.471836560734026 330 150 12.903095016231418 -2.4534952258709843 -0.054540060149374625
ur,tetrapga,0.541323311,0.187020119,2.196615022,1,30.402623,38.0477,3.800327875,1,0,0,3.800791618,0.7615336,1,0,0,0,0 0 0.050000000000000003,0 0 0.050000000000000003,0 0 0.050000000000000003,wrist_3_link,-1,0,0 0 0,0 0 0,,0.0055890344897303349 -1.4605543403922085 -0.026856664180585934 -1.5471096863442244 0.010801318418508192 0.009518106145050869,0.074010716185991546 -1.9225888200803258 -0.24780592426982687 -0.14093959874293341 0.030811869109845839 0.022939880714711026,0.0523580984214774 -1.4973704347344972 0.1006361613559085 -1.4718107012678161 0.085260531117691413 0.072488119380083857,0.17405398375211989 0.1895132676615065 0.22325513009063772 0.19309460701794737 0.14452538534834719 0.11083492705452565,0.0088449101809412976 -1.4741807028762941 -0.028428861830675601 -1.5409510150756647 0.014021881014535801 0.0088562257749045317,0.40698446140137046 -1.7032953105107036 -0.19652470626120833 0.76983390856997924 0.40257032450345109 -0.082735046268292159,-27.436222891212324 330 150 12.856668922826403 -2.2354990576635565 0.045729276597838743,-48.669917827843008 330 150 12.21838527266118 -2.4078648473027542 -0.058207598751064182
ur,tetrapga,0.579435293,0.20111126,1.257986341,1,30.2445,37.839881,3.7805625,1,0,0,1.987588142,1.489372581,1,0,0,0,0 0 0.050000000000000003,0 0 0.050000000000000003,0 0 0.050000000000000003,wrist_3_link,-1,0,0 0 0,0 0 0,,0.0074646535296550532 -1.5132692194827984 -0.02898926009271633 -1.5507621362061825 0.011596567785248063 0.010061549010458307,0.043258373078862516 -1.0135312724507266 -0.011343741664241794 0.048048151589823007 0.019039620682792156 0.011985978460895897,0.059180764614686361 -1.4900316930357504 0.10920297518989554 -1.4644678490135481 0.090694602014846443 0.076626578608459964,0.18393708362230415 0.19554492388575512 0.22622731397567192 0.19215928723385997 0.14057348835189379 0.10630130175918323,0.011116016897273095 -1.5200970387938413 -0.028162795909405704 -1.5475807961038068 0.014565059089682727 0.012412851665626308,0.45642042095225532 -0.85347741388035936 0.10330802291382823 0.39766751279697149 0.37106141305433293 0.29391283189600009,-14.273359375182249 241.02166113984535 114.31528514021247 8.8404492533718297 -1.422100454186749 0.038523734779132991,-49.783020126957886 330 144.23380227823722 36.807182394066331 -3.0311611622807213 0.044163128351826231
ur,tetrapga,0.617348405,0.217740412,0.389270105,1,30.369379,38.358707,3.796172375,1,0,0,0.971841067,1.039720793,1,0,0,0,0 0 0.050000000000000003,0 0 0.050000000000000003,0 0 0.050000000000000003,wrist_3_link,-1,0,0 0 0,0 0 0,,0.0093025271416331615 -1.5310091943820596 -0.029547565163465125 -1.5485683402100969 0.012877561425125403 0.011003359427981753,0.042007620482536243 0.014974820802196434 -0.010220320279675999 0.049963945361602174 0.031852596600885068 0.023628672875629971,0.066336763053861339 -1.482509610751737 0.11782865887570423 -1.4572073204793632 0.095943632962609618 0.080567818373880107,0.19351404525268867 0.20120392047174232 0.2287186474353386 0.19077405965773034 0.13626182355969496 0.10157182684862731,0.012199956631116528 -1.5314961611071083 -0.026383520078668843 -1.545133136573636 0.015870416936196927 0.013384457847367415,0.36217868618542093 -0.0608708406310835 0.3955056355995355 0.42940045455760045 0.37410693888394048 0.29763730242320779,6.3798990119579848 86.058272865696352 64.863146993149456 5.7328030236525933 -0.82739117488835601 0.041794537731909727,-46.11159864939134 330 137.3061019125393 9.8760893710787059 -2.1713557070328555 -0.063805801597649037
ur,tetrapga,0.655785564,0.232284492,0.420831092,0.153351833,30.35868,38.322363,3.794835,1,0,0,0.826373062,0.263462142,1,0,0,0,0 0 0.050000000000000003,0 0 0.050000000000000003,0 0 0.050000000000000003,wrist_3_link,-1,0,0 0 0,0 0 0,,0.010111720450074928 -1.5207903878094935 -0.032268522764287051 -1.5465568087867967 0.013368860193102725 0.010495791617393259,0.0018421021167806472 0.37040787631024347 -0.020675049734583322 0.052601474414377583 0.0082371891988980914 -0.016656626220987923,0.073957136347908445 -1.4746713405201477 0.12666083966777708 -1.4499088815085024 0.10109105964516325 0.084376325711386674,0.20294953515334963 0.20658390542216387 0.23076522837912664 0.18890821542780992 0.13151116675783478 0.0965604219046656,0.01281147984708586 -1.5191734978737796 -0.028106146495697763 -1.5429661132515804 0.016417698014768573 0.012934156133438013,0.3374699246263666 0.20211124196423896 0.52029703357366108 0.44883694190204654 0.38110472770823123 0.30479556450559431,17.301146238880168 25.759242412936288 47.653126287674404 4.6461244805713351 -0.58220645184717568 0.046345502054506209,-7.2527179441919714 48.398897922244942 23.00277492815087 1.381610114997784 -0.37851143844329016 0.053406823715082652
ur,tetrapga,0.694181991,0.243664612,0.372218319,0.236808236,30.467176,38.356895,3.808397,1,0,0,0.924051833,0.021273281,1,0,0,0,0 0 0.050000000000000003,0 0 0.050000000000000003,0 0 0.050000000000000003,wrist_3_link,-1,0,0 0 0,0 0 0,,0.0095725024194487709 -1.5128424840248145 -0.028102086434116661 -1.5463653618330229 0.013645384728071317 0.010940434789863332,-0.0056424805495541835 0.094379799573492462 0.089369896527338427 -0.0053379447447443364 0.0068118650000019484 0.014962357534012212,0.081926012951367241 -1.4666419624011151 0.13555287270823546 -1.4426986535018607 0.10604353232453069 0.087984414038909706,0.2120852883131113 0.2115896281318157 0.23232320097957937 0.18658278789431387 0.12639278525471687 0.091343903583634839,0.015991538762015953 -1.5175993321017331 -0.023236721097064667 -1.5393334241357324 0.019460202384545277 0.015368722158550492,0.39750736436626177 0.19677072150580613 0.608678174829137 0.45408613948100962 0.38031304622208789 0.30432075313905993,-1.0873087914785877 30.783903623399034 19.530307569181971 1.4600382052386185 -0.26481149189364767 0.0037357908599688905,9.9065390991905531 -78.146718012537349 -32.814594862118 -2.4859123310588984 0.497194300419455 -0.048665010285358079
ur,tetrapga,0.732662809,0.257127024,0.463386326,0.143067347,30.350608,37.878206,3.793826,1,0,0,1.099105041,0.108072726,1,0,0,0,0 0 0.050000000000000003,0 0 0.050000000000000003,0 0 0.050000000000000003,wrist_3_link,-1,0,0 0 0,0 0 0,,0.0097518747935738549 -1.5135214791567964 -0.025061371413720321 -1.5458496155771397 0.014239321104656351 0.011685861137811929,0.012882180298145248 -0.080790056196951662 0.039441536052354682 0.011501106051398976 0.015043248218822879 0.017254142860993832,0.090258527437650574 -1.458409351749544 0.14451502312739167 -1.4355710109812088 0.11080267636923202 0.09139554065306188,0.22093636351376078 0.21622774624463742 0.23339277173254594 0.18379252126691883 0.1208987264945469 0.085912523060205415,0.019249279546991918 -1.5159012026024019 -0.01821694166741171 -1.5356941987195103 0.022480422725046034 0.01778724219067913,0.40721759812199576 0.21226618741639061 0.62747242870661957 0.4549031770277483 0.37752754256259474 0.30231500401607986,-3.853039168084611 28.486772342743393 13.985564357929256 0.99493317150531024 -0.19583956924653179 0.001410386815817686,5.5856956629154269 -47.212224509595217 -19.602240479594599 -1.6085340753515993 0.27092899080076549 -0.054792053747938496
ur,tetrapga,0.770605542,0.273121488,0.469160021,0.01397595,36.058755,43.677676,4.507344375,1,0,0,1.236324796,0.022715439,1,0,0,0,0 0 0.050000000000000003,0 0 0.050000000000000003,0 0 0.050000000000000003,wrist_3_link,-1,0,0 0 0,0 0 0,,0.010693091315137331 -1.5154540731438664 -0.025891200948481807 -1.5450303015587881 0.014879176311842844 0.012079450009281895,0.023663504762167571 -0.041406360150833078 -0.028085532021070048 0.020725547242488065 0.015718189102826647 0.0086770829747845613,0.098802103337062366 -1.4501243134242676 0.15338291119133049 -1.4286566965596097 0.11528161558878014 0.094550649765270889,0.2293514254205451 0.2204215864150495 0.23396207011286238 0.18059441396578046 0.11513405253381198 0.080365412206027803,0.018541658009439552 -1.5151813685812714 -0.017802062793372632 -1.5366035093132426 0.021791646816763488 0.017386669299860921,0.44630907229686589 0.06203366148284449 0.53150106432176525 0.4698426032383361 0.38898091228988119 0.30666539998505116,3.2819027585553204 66.779885315333246 45.456809100340536 3.8470058766886646 -0.56763908325991019 0.025151377454522582,-1.1245059066841847 1.9364519355640368 2.096392535978012 -0.030419559150686837 -0.06786907428279676 -0.026536017500916387
ur,tetrapga,0.814345938,0.289695359,0.415502471,0.01785729,36.055839,43.698661,4.506979875,1,0,0,1.433672917,0.000496492,1,0,0,0,0 0 0.050000000000000003,0 0 0.050000000000000003,0 0 0.050000000000000003,wrist_3_link,-1,0,0 0 0,0 0 0,,0.012478375277221431 -1.5167568739501673 -0.025613815628724713 -1.5432483565493871 0.016330857600519971 0.013104037705781783,0.038275013662609693 -0.016304481729756317 0.016642692312341389 0.039457965963729386 0.031912997043589367 0.02299328531315695,0.10903900138193137 -1.4403858120352919 0.1636200618751045 -1.4208478559316104 0.12016480862687923 0.097921931846686364,0.23865063303108064 0.22477870458058258 0.23401717617894457 0.17636287156081076 0.10807386477251954 0.073744783376259768,0.019497902775866646 -1.5158922515061541 -0.017543406108292459 -1.5360428756878326 0.02222561421273507 0.017716929312059034,0.49848576656701915 0.0096087199456289067 0.52056663784452639 0.48538215543528174 0.39554525051166822 0.30894697615471017,1.7768402363066418 86.553028079147737 54.788515226314537 4.5299051543907645 -0.6975133035123382 0.025853792148681002,-1.4773179600348385 3.9754838760291022 2.678593449855569 -0.098660750662020291 -0.12883478294128992 -0.070686328630102935
ur,tetrapga,0.85811726,0.30392068,0.37574679,0.005696774,30.335484,38.041099,3.7919355,1,0,0,1.69028315,0.069073796,1,0,0,0,0 0 0.050000000000000003,0 0 0.050000000000000003,0 0 0.050000000000000003,wrist_3_link,-1,0,0 0 0,0 0 0,,0.014890412565482311 -1.5169027645323239 -0.02345500560470962 -1.5406716574318018 0.01844576203183124 0.014708484231445952,0.045727897112473846 0.010458093752689312 0.050550836459556416 0.050676674710628707 0.040962538297861992 0.031259794857345966,0.11968056395493976 -1.4304610334302423 0.17385271401414598 -1.4132314233164012 0.12473287023207902 0.10100061527921181,0.24750739657360504 0.22861648525386302 0.23342531706977748 0.17155192349009085 0.10058006494547271 0.066889122376794244,0.019285992413543354 -1.5171907539321692 -0.019612250787923433 -1.5366097956453155 0.021680695027850271 0.01718899193865378,0.54944748100763074 -0.035998674980675979 0.48034435209827375 0.507732723310793 0.40436662450237898 0.31006346340097879,11.929883997176708 109.28341447785614 78.532129602512924 6.7265534109170986 -0.9348446743990062 0.047583716937680466,-1.0357090410564211 0.30660232995160186 0.85451603935364773 -0.30528378037615767 -0.1291916562757649 -0.096347046234122047
ur,tetrapga,0.89622341,0.317303842,0.397774272,0.015914591,30.237374,37.914525,3.77967175,1,0,0,1.781887715,0.034957338,1,0,0,0,0 0 0.050000000000000003,0 0 0.050000000000000003,0 0 0.050000000000000003,wrist_3_link,-1,0,0 0 0,0 0 0,,0.016083616407599234 -1.5162046866484702 -0.021661588210210522 -1.5393687624282186 0.019508092746153272 0.015560189839105912,0.024953352365792603 0.022544404189963861 0.043139733812958526 0.028662143328816975 0.022997939373732328 0.018545460605376807,0.1292529264192524 -1.4216926468276203 0.1827293366891298 -1.4067814941326329 0.12843586915817584 0.1034329118023439,0.25483764354920257 0.23152418519695162 0.23238195989320101 0.16690125915265516 0.09372078272621763 0.060743105079850826,0.020706941252935655 -1.5163859431848155 -0.017750947459810099 -1.5352331417260454 0.022747928383844693 0.018027065733357391,0.57791560566705269 -0.022657067043152165 0.48883009380005288 0.51695258777166353 0.40497945471142788 0.30835948678143471,14.026045690985232 112.05129069835733 81.293944441199898 6.9601463795973251 -0.95037431478669088 0.050112527413831875,-0.20886937667702909 -5.2518151555877921 -1.4694756825386932 -0.34740663041429798 -0.03587908852519206 -0.057263367006356702
ur,tetrapga,0.934203378,0.331171226,0.408490193,0.028583677,30.343376,38.02189,3.792922,1,0,0,1.928864784,0.017936756,1,0,0,0,0 0 0.050000000000000003,0 0 0.050000000000000003,0 0 0.050000000000000003,wrist_3_link,-1,0,0 0 0,0 0 0,,0.017054042500262538 -1.5154957828497346 -0.020181084770742267 -1.5383497421033814 0.020310130419153728 0.016204358844381542,0.023636876215261698 0.017021884373750417 0.035690873658081865 0.024373709698747366 0.019124035817552659 0.015358824821122241,0.13906464054789097 -1.4128507766804705 0.19152770236699102 -1.4005372919605719 0.13186082023287565 0.10562113134765971,0.26177913401794245 0.23401453711731629 0.23085277392593029 0.16184481752032268 0.086586358027369484 0.054461946223753332,0.025910654194107902 -1.5162424527055705 -0.013009764992711462 -1.5310476970105915 0.025959611713156965 0.020478627341500993,0.65046411764653111 0.017936309905636688 0.59264780838732956 0.52318058943174783 0.401460416164034 0.3064452010179502,-11.191013695551899 108.50132755677735 52.589806688669441 3.9173321906095904 -0.75621867076064109 0.0063316158319627206,0.35792859258475573 -9.4326134304128573 -3.2585268460942203 -0.45946479329359136 0.0048863812371564563 -0.047568226884962428
ur,tetrapga,0.972297631,0.346113388,0.439664145,0.036243542,36.283338,43.961336,4.53541725,1,0,0,2.085399029,0.007730468,1,0,0,0,0 0 0.050000000000000003,0 0 0.050000000000000003,0 0 0.050000000000000003,wrist_3_link,-1,0,0 0 0,0 0 0,,0.017703879870784981 -1.5150485573363537 -0.01947136093088395 -1.5377309391457856 0.020756057922947688 0.0165414149760084,0.014233146223060834 0.0045549092468300002 0.010250833736453944 0.012503564368526256 0.0089886880170707232 0.0065763359865396243,0.14916357202659206 -1.403895157966637 0.20028487384059501 -1.3944751312535295 0.13501840547819891 0.10757347253998445,0.26836465311284446 0.236098008704346 0.22882890145730747 0.1563582532371709 0.07914451508557771 0.048014818754031685,0.02700371231487865 -1.5155014744288828 -0.011760612549942361 -1.5301581684362309 0.026576041983794509 0.020945746871197393,0.64955566030402589 0.018003824009895038 0.55999380148191824 0.52889370524470292 0.40227589571777289 0.30446571405533729,1.0984359254040719 113.27289380221053 67.338179977273768 5.4648733997121273 -0.85301118129733489 0.028677611414505796,0.75108969281367877 -11.960368982087857 -4.1997953200935143 -0.4627939466463431 0.052811709728302958 -0.020527465652570243
ur,tetrapga,1.016330146,0.363326743,0.432697119,0.019565941,38.608809,46.712476,4.826101125,1,0,0,2.304306107,0.004945129,1,0,0,0,0 0 0.050000000000000003,0 0 0.050000000000000003,0 0 0.050000000000000003,wrist_3_link,-1,0,0 0 0,0 0 0,,0.018675456430302176 -1.5150148197313382 -0.018756655975169303 -1.5368887846371331 0.021401708599829945 0.017027514089311396,0.020399228935980399 0.000668392864256804 0.015488756311201845 0.017465954635961033 0.013441798846131225 0.010149249417263273,0.16113919858814921 -1.3934556027196938 0.21029825132819255 -1.3877390973059849 0.13830778415785216 0.10952049111553733,0.27549220889303633 0.23798272583192143 0.22587975477413555 0.14950941102077533 0.070203235613644874 0.040391084880024311,0.028330036633426058 -1.5151195348936815 -0.01074050193144865 -1.5292243260496865 0.027202188097012085 0.021400428830338582,0.68630653260445551 0.017326523303624615 0.56476654138839788 0.53739381087440941 0.40166410064998237 0.30172479376052347,1.9611163901730322 119.8491234810987 71.518019450362686 5.7680023041783439 -0.90040987266884431 0.029502764172071642,-0.041450467344404274 -6.4567603656669235 -1.8969187061420811 -0.32005511346051208 0.0031399467619408483 -0.031370280928172178
ur,tetrapga,1.063149601,0.37896286,0.384893858,0.008154837,36.126048,44.602017,4.515756,1,0,0,2.531716675,0.041899198,1,0,0,0,0 0 0.050000000000000003,0 0 0.050000000000000003,0 0 0.050000000000000003,wrist_3_link,-1,0,0 0 0,0 0 0,,0.02136112198842793 -1.5151361331097521 -0.016568648226746824 -1.5346882268448363 0.023095303182282825 0.018313237600260074,0.056581771158972921 0.001259843354315117 0.047074893976076296 0.046059691381215809 0.03500013947225028 0.026530433906869023,0.17420365989293571 -1.3822785323652869 0.22078656273961919 -1.3809209348615241 0.14136475584068714 0.11121816618799614,0.28248375428797778 0.23936378051473958 0.22203022252545035 0.14164545921270794 0.060319769495812872 0.032098354241142699,0.030667347521520567 -1.5149312893391471 -0.0090418557452998441 -1.5276026171957326 0.028334964446001323 0.022230797956687885,0.72772102632419688 0.024568082821216395 0.57658991672473658 0.54420740644109955 0.39827735079423354 0.29674559267356937,1.3630741648934546 125.4669243746992 73.476167967782729 5.8734631946205518 -0.92703160127693074 0.028545571472374683,1.1305903466653433 -2.1074384628254847 1.2232255565238006 0.13578510049501347 0.16424958902987896 0.11151879675211518
ur,tetrapga,1.107825083,0.394468429,0.401317288,0.019403469,36.201987,44.040862,4.525248375,1,0,0,2.747685111,0.044759714,1,0,0,0,0 0 0.050000000000000003,0 0 0.050000000000000003,0 0 0.050000000000000003,wrist_3_link,-1,0,0 0 0,0 0 0,,0.023308926327103876 -1.514890834830199 -0.014789062210765428 -1.5331074246843737 0.02428744319622355 0.019219765182127292,0.037247758596198416 0.0084018172903500658 0.036492813133617324 0.030701650639163702 0.022988041631588563 0.017525266139925444,0.1869619510813266 -1.3715667034410246 0.23061107244228418 -1.3747706571654978 0.14384254795720902 0.1124723331736437,0.28857446518066149 0.24007682694296584 0.21767605520645825 0.13359883366710951 0.050551362778420289 0.024022049514403912,0.033113198330595686 -1.5146305274589906 -0.0072346856088201829 -1.5259590439455604 0.029459593478602584 0.023050738821811773,0.76563267578543259 0.035066828210301326 0.58509667115155661 0.54949712431162445 0.39354870718626822 0.29068215655052293,2.0758399876664786 130.21423703996007 76.23077671341936 6.0759440591616114 -0.95455830837787803 0.029471827849550485,-0.15489668487663266 -6.4031448695077415 -2.1225067490631133 -0.4228812440251204 -0.022707188097520259 -0.05416351639459549
ur,tetrapga,1.151941029,0.409751411,0.389855167,0.093684109,36.035189,43.878158,4.504398625,1,0,0,2.96438123,0.036130328,1,0,0,0,0 0 0.050000000000000003,0 0 0.050000000000000003,0 0 0.050000000000000003,wrist_3_link,-1,0,0 0 0,0 0 0,,0.025115810053050126 -1.5144730944774221 -0.013141345506145357 -1.531668930039032 0.025336631248135687 0.020010824675664427,0.047538616052390625 0.0092560171178996242 0.038535261114828814 0.0392880566547337 0.027896819991183874 0.020816116026635079,0.199814863221906 -1.3609707031527765 0.24010730662332272 -1.3690613851164073 0.14585433951488305 0.11335354994347932,0.29401756907171384 0.24019659619028413 0.21273000412999604 0.12514951653227141 0.040605750883486544 0.015905916461814842,0.035558923071291576 -1.5141947673443046 -0.0054362102651307215 -1.5243850610684264 0.030498478220117239 0.023800334829127603,0.80555235993358321 0.044630452987734687 0.59397566154400616 0.55361574048374063 0.38754573209351334 0.28369413504868812,2.2510018760194619 134.95588107094434 78.550490058179832 6.2275374990035797 -0.98154639724917969 0.029436646279936966,10.510314623325087 -6.5859308566505206 3.3877035157886475 5.2463100883860534 2.2634883628305076 1.6166804227063807
ur,tetrapga,1.195902375,0.424754548,0.400585399,0.023470038,30.337515,38.160617,3.792189375,1,0,0,3.615103633,12.918707333,1,0,0,0,0 0 0.050000000000000003,0 0 0.050000000000000003,0 0 0.050000000000000003,wrist_3_link,-1,0,0 0 0,0 0 0,,0.027007151062540886 -1.5141016128603906 -0.011518981810042845 -1.5302415361156383 0.02635923485508317 0.020774773071450578,0.036572166524802274 0.0090462018043017765 0.032675388312549708 0.027691329188902353 0.019756617633374291 0.0147844244272817,0.21284892365379726 -1.3504193585511022 0.24933927656777344 -1.3637535502161093 0.14741654570181478 0.11387272121965734,0.29886338834956772 0.23973474203514678 0.20716952168298086 0.11624940495424589 0.030422786682618413 0.0076941681051606453,0.033739137143528504 -1.5140473681870736 -0.0072733888203994138 -1.5257964763890561 0.029371800430347862 0.022934090527334541,0.84149826012345219 0.0067805841646285513 0.53069912370542893 0.55563246582275649 0.37657069690808648 0.26991468198549529,20.008173258287464 159.7413518647939 107.19427700429455 8.7478487313821791 -1.2140170234762888 0.054412375712048364,0.0027192279997052538 -7.7451124350436658 -2.7444870959793555 -0.45726942232886358 -0.0015101898380791567 -0.045742773342965393
ur,tetrapga,1.234138075,0.437316529,0.393628338,0.022676182,30.293288,37.966331,3.786661,1,0,0,3.634587781,0.066762127,1,0,0,0,0 0 0.050000000000000003,0 0 0.050000000000000003,0 0 0.050000000000000003,wrist_3_link,-1,0,0 0 0,0 0 0,,0.028915711890522645 -1.5138004490851709 -0.009985027450320854 -1.5288610625936767 0.027331241012996263 0.021494429107623666,0.04210179603594276 0.0085021341535096596 0.035282688190327684 0.030365495033462937 0.021308130745904753 0.015802666806977689,0.22434902586090727 -1.3412682629666175 0.25715990043580195 -1.3594627549992362 0.14840716997968983 0.11402891837671786,0.30259903858869236 0.238859296047185 0.20182697137361535 0.10813267274898292 0.021364110362267499 0.00046324211839574025,0.041268795380389155 -1.5134983978578507 -0.0019822338398702366 -1.5212910194465739 0.032337644864614087 0.025074146623010024,0.94120727960758155 0.068621291152872965 0.66139437256614708 0.56318211781027772 0.37073055428327861 0.26750701195943538,-15.539026866882683 152.04395406070142 72.255444215656183 5.3721481668571966 -1.038871958510772 0.0084254880089262678,-0.070868290290007963 -7.4831399317854448 -2.6929483794918774 -0.47208716330351308 -0.0067946521860378084 -0.048883690000053548
ur,tetrapga,1.272178671,0.449648683,0.386011241,0.021380099,30.269551,37.907172,3.783693875,1,0,0,3.71397276,0.103424093,1,0,0,0,0 0 0.050000000000000003,0 0 0.050000000000000003,0 0 0.050000000000000003,wrist_3_link,-1,0,0 0 0,0 0 0,,0.030835516657378451 -1.5135077786341897 -0.0085004285492537145 -1.527527796317627 0.028251513831692117 0.022170296604154746,0.047562107250853414 0.0090622669575838415 0.038107572110757354 0.032796714979132585 0.022519786603034442 0.016551241990912249,0.23592363624092555 -1.3322054314887708 0.2647291007720779 -1.3555082332925057 0.14904574183273972 0.11390856240418265,0.30586542933881244 0.23754985900373426 0.19605078967377926 0.099723502680377427 0.012182283127470994 -0.0068019919283279495,0.048822689280547879 -1.5123483112404073 0.0036956330114489922 -1.5167813031734183 0.035287072780923676 0.027199022264570889,0.94423673751984005 0.14376082718041808 0.70973335641490354 0.56371453414443129 0.36867848953869836 0.26560945519510831,-19.131977946533237 139.56588883078726 61.149788295054393 4.5193233647921875 -0.90917266233158089 0.0052091076935598373,-0.16671396565357099 -7.0554325411549144 -2.5678866787814236 -0.47962091430235887 -0.012224034985848675 -0.051186636529351404
ur,tetrapga,1.310159385,0.463097788,0.414806075,0.026916145,30.270964,38.293327,3.7838705,1,0,0,3.839501511,0.129635591,1,0,0,0,0 0 0.050000000000000003,0 0 0.050000000000000003,0 0 0.050000000000000003,wrist_3_link,-1,0,0 0 0,0 0 0,,0.031764086551332803 -1.513094418107281 -0.0077887809936368051 -1.5269276640615737 0.028617481522684996 0.022430267799488323,0.019308186081831099 0.010167562555956036 0.014160081412261707 0.012459318208293865 0.0073090673995811466 0.0051161425944938142,0.24759536572348154 -1.3232148579765308 0.27205856898786923 -1.3518851792728488 0.14933190921062564 0.11351148969195235,0.3086717429230838 0.23580576562827216 0.18983195560186628 0.091008318718147588 0.0028628756692191115 -0.014116427639585122,0.05629495300605275 -1.5106195987468318 0.0096258608305344606 -1.5122749814681016 0.038212413390014029 0.029306738489377891,0.93403296568810901 0.21608906169692879 0.74127847738568353 0.56329021316460492 0.3656675761362943 0.26346452810087506,-18.063402294020079 126.73454482213374 54.597564764433351 4.0137345266464575 -0.81386954031479442 0.0043255373326239388,0.20049262504724652 -8.8823276857956444 -3.1619003669840566 -0.40377933010586275 0.046484560050565449 -0.015898877171295567
ur,tetrapga,1.348526827,0.474466218,0.36371828,0.017783268,36.099713,43.945087,4.512464125,1,0,0,3.818436704,0.080901485,1,0,0,0,0 0 0.050000000000000003,0 0 0.050000000000000003,0 0 0.050000000000000003,wrist_3_link,-1,0,0 0 0,0 0 0,,0.0343985315468417 -1.5128766470648294 -0.0060922357182309423 -1.525321011116187 0.02965470008022884 0.023170698557505798,0.069627969068001699 0.0072331461903216137 0.04762209317798119 0.041759574157468067 0.026974090795511725 0.019327318347470826,0.25948522965403642 -1.3142084666496983 0.27921421084006931 -1.3485672909456765 0.14925893090587414 0.11282729955187921,0.31103858270136964 0.2336010313529116 0.18309917840236892 0.081894226507820495 -0.0066885848808434095 -0.021556383087603243,0.052914624709761493 -1.5105329996664105 0.0069992498065034967 -1.5143473070196776 0.036732916399071475 0.028211920174277726,0.94598530416428295 0.15189040492749978 0.65405465629396708 0.55633615905833511 0.34991995799375486 0.24665020635448448,4.1738159521188791 137.20854572804285 78.554896363377424 6.1205951226048381 -0.95417732836144731 0.02805984606461372,-0.44693104036520026 -5.8684782820482724 -2.2086469595788527 -0.51002442916797008 -0.031888799081016828 -0.059751137628651918
ur,tetrapga,1.392610164,0.484932047,0.331413711,0.016773914,30.393611,38.087703,3.799201375,1,0,0,3.949902607,0.197973019,1,0,0,0,0 0 0.050000000000000003,0 0 0.050000000000000003,0 0 0.050000000000000003,wrist_3_link,-1,0,0 0 0,0 0 0,,0.039120321980930815 -1.5125047900694584 -0.0028631000981665334 -1.5224934805162611 0.031499204228274721 0.024493202538396742,0.098351557698048597 0.01455296712217452 0.072623830524163505 0.058920524594138129 0.03818403957657493 0.027474481586036093,0.27324614404884001 -1.3039763274730654 0.28710537144379361 -1.3451946090871452 0.14871946463046054 0.11168767799924241,0.31316953139622994 0.23051935186987232 0.17481519551127631 0.071056121934734401 -0.017810489158355786 -0.030154257404127721,0.06088341601064301 -1.5088259935566308 0.012861677379465902 -1.5098694451143428 0.039488688788981666 0.030166661413885479,0.99609891261018935 0.21337576372246514 0.7328034466203005 0.55973273816683078 0.3444715487387735 0.24434265495096921,-14.687022505666615 127.15722162571851 58.093748630783928 4.2728375359145918 -0.84039555206319938 0.0060369876241133293,-0.64732458414272287 -5.5353915711912123 -2.3373389712922137 -0.6267420708136342 -0.06558712802987543 -0.084937836688929735
ur,tetrapga,1.430776208,0.491694008,0.308022793,0.018233653,36.079747,43.776968,4.509968375,1,0,0,3.971705246,0.075975103,1,0,0,0,0 0 0.050000000000000003,0 0 0.050000000000000003,0 0 0.050000000000000003,wrist_3_link,-1,0,0 0 0,0 0 0,,0.044536860801516157 -1.5117854728129108 0.0010770694467938063 -1.5192430097369447 0.033615834730742693 0.026013863353076264,0.11905109924519572 0.025709490676893695 0.093794097303123741 0.071804805765052493 0.046362357423609481 0.033435445495288083,0.28522550527066209 -1.2952368484809633 0.29363302398716817 -1.3426665985425843 0.14785419379180992 0.11039424465280273,0.31450016362675381 0.22737922973969929 0.16718001497347851 0.061373259730756038 -0.027546942190529874 -0.037628793490869478,0.060747974201596999 -1.5089857062092731 0.01221796290220621 -1.5102076629458105 0.039124948838188491 0.02986238276687422,1.004729474439678 0.16500337193720033 0.65607368613454453 0.5435705599791496 0.32158588479078931 0.22151504792416893,5.1084762163998647 132.39046480144501 75.448343603861261 5.8035298104960908 -0.90513588067646666 0.025516740328604605,-0.72808896619852703 -5.9009028858372403 -2.7350478757353116 -0.7386582008057303 -0.085112936138713735 -0.10338298049805417
ur,tetrapga,1.47463198,0.502832682,0.356183624,0.035776284,36.177109,43.944689,4.522138625,1,0,0,4.069357914,0.16744239,1,0,0,0,0 0 0.050000000000000003,0 0 0.050000000000000003,0 0 0.050000000000000003,wrist_3_link,-1,0,0 0 0,0 0 0,,0.04749628442994281 -1.5105566640228874 0.0036338357753744176 -1.5174481852054258 0.034718556192204701 0.026804258694496826,0.053420611276529875 0.026570255019922755 0.047749633153358506 0.032930628497759636 0.019955592626706323 0.014294087138047003,0.29904095731329855 -1.2853537819886121 0.30076309988079736 -1.3402248553721929 0.14639894590831087 0.10855526917123591,0.31543348245765784 0.22323281273634366 0.15788914510083091 0.04992439499840659 -0.038833778951214121 -0.046238363909631722,0.062480830852638024 -1.5086779847999618 0.012954019321253788 -1.509580721432509 0.039312018736736315 0.029944446364138223,1.0448376921085145 0.13665003951478391 0.62851499780793441 0.53090033038865925 0.29878327769246593 0.20139070418158736,8.864504191490667 132.91301625250861 78.463486931692927 6.0267166947392443 -0.91956074951169842 0.027442860001066251,0.33397760496598039 -11.806173880710048 -4.9195912702157649 -0.67533985934187513 0.036036257965250229 -0.044373543661606618
ur,tetrapga,1.518647846,0.504285957,0.301610384,0.04252386,36.231053,43.886849,4.528881625,1,0,0,4.055069402,0.11559312,1,0,0,0,0 0 0.050000000000000003,0 0 0.050000000000000003,0 0 0.050000000000000003,wrist_3_link,-1,0,0 0 0,0 0 0,,0.052209656740214612 -1.5094392560998307 0.0071160032554839926 -1.5147208442247486 0.036397401064883365 0.027994671992363,0.086162582561885262 0.028299672642334624 0.066766529783501838 0.047884022086862828 0.027940243444642656 0.019595415141848982,0.30909122004188144 -1.2792545455861819 0.30372172082897614 -1.3411413027415495 0.14266522023110811 0.10502407639351952,0.10831642663706112 0.023839031139468173 -0.05378914375476232 -0.1135812760793178 -0.14356712931602336 -0.12336836332116891,0.065139587221425793 -1.5080087184468032 0.014605421212471947 -1.508611080591197 0.039675983897899163 0.030143234399192642,0.97429292812493429 0.13123775038661947 0.571301240512882 0.44246277967896436 0.22765924963616557 0.14670940261775345,3.6605931321913125 130.15825886767749 72.577653357946133 5.4496489922220182 -0.88388154633937632 0.019704476840034735,-0.80403253492011117 -10.062679339188435 -6.378578962029323 -1.9088096895711715 -0.73874073348476088 -0.67670302069058863
ur,tetrapga,1.562603735,0.497643848,0.284948858,0.037049259,36.087348,43.892212,4.5109185,1,0,0,3.959868856,0.128822724,1,0,0,0,0 0 0.050000000000000003,0 0 0.050000000000000003,0 0 0.050000000000000003,wrist_3_link,-1,0,0 0 0,0 0 0,,0.055097668583899993 -1.5083825049533024 0.0093522925353695351 -1.51311489167207 0.037319386473069323 0.028638139613184455,0.055804720107857385 0.021132433640377833 0.043501704555778883 0.031043364958957827 0.017804232321719144 0.012431738232099145,0.31371310524085527 -1.2783459641430612 0.30120677758948344 -1.3462476388298408 0.13629079907351993 0.099571800475665204,0.10196470513343474 0.017500141284998362 -0.060627131458095597 -0.11873076372137699 -0.14643531822294548 -0.12468930211764814,0.073236898431517927 -1.5064759912507986 0.019714315383679668 -1.5050568761037926 0.041483439719677231 0.031308463809535565,1.0121639012615162 0.19159089950057018 0.63861177140096526 0.44427556092554404 0.2259319777222584 0.14565367629286535,-14.462212470375103 119.78866984440384 54.069661058366819 3.9522902410777334 -0.77887950210351786 0.0054857971271503455,0.31092347202644532 -12.226255309381486 -5.2017761841244408 -0.69387044183986291 0.049160071176672204 -0.038627710099895296
ur,tetrapga,1.60656659,0.491549914,0.280330252,0.034214801,36.186336,43.836,4.523292,1,0,0,3.846122489,0.101477811,1,0,0,0,0 0 0.050000000000000003,0 0 0.050000000000000003,0 0 0.050000000000000003,wrist_3_link,-1,0,0 0 0,0 0 0,,0.057584339804683866 -1.5076341159700835 0.011031280750046293 -1.5118510442862914 0.037988098122314143 0.029087753639612014,0.048528820713386697 0.014627499353207472 0.032804950248217876 0.024476904109917839 0.012941753300682864 0.0086995176712817007,0.31805447944003495 -1.2777160734992377 0.29839270626636022 -1.3515775709581606 0.12979387157969041 0.094063462360046785,0.095522924090594985 0.011155184676741472 -0.067377889316311709 -0.12371545179272792 -0.14909377104079666 -0.12587930906565292,0.072601471703250903 -1.5057983373484314 0.019563341418779832 -1.5056085003770858 0.040992644171217632 0.030935941687303667,0.89885657314375167 0.15708953275120086 0.52381791898960661 0.35568247724450369 0.15710940627774267 0.092229120341234788,2.6024760153167392 122.25817028782421 66.576444016077986 4.9287282282496667 -0.81105103317693883 0.016164190316618567,0.19443888524637032 -11.290884176915824 -4.7609803912955329 -0.62424407235448598 0.058737921919686187 -0.027055122114731489
ur,tetrapga,1.650492652,0.48509236,0.315465752,0.211960732,36.146366,43.895135,4.51829575,1,0,0,3.767550115,0.132639895,1,0,0,0,0 0 0.050000000000000003,0 0 0.050000000000000003,0 0 0.050000000000000003,wrist_3_link,-1,0,0 0 0,0 0 0,,0.060347065537376121 -1.5070429120931288 0.012708958987915849 -1.5105945003189254 0.038604076984365354 0.029482774515300465,0.10111348413594623 0.012324315713566214 0.050187942448994757 0.050809222772192394 0.025283470489851217 0.016103407051833281,0.32210754351352922 -1.2773652849720998 0.29528666365828671 -1.3571181614439745 0.12319032692947235 0.088510379447569648,0.08900420412323283 0.0048174982270179009 -0.074026835120430512 -0.12852440383434852 -0.15153682512446787 -0.12693636500202826,0.080107582548795325 -1.5040821113677716 0.024264277542568262 -1.5027428236114042 0.042229193671752693 0.031667202004138868,0.93826385569305293 0.21452824758246558 0.58761701547355394 0.35820959571020439 0.15456868756688277 0.09140753960439979,-13.412952789814693 112.30333683966336 50.693726021370608 3.6897197081525137 -0.72537950655442573 0.0052499294494368397,36.425587905459565 -3.0539546346781208 13.669433170956495 11.869801005752379 3.6725653837662264 2.3090258972206783
ur,tetrapga,1.694458387,0.476569246,0.305169661,0.045809578,36.18592,43.958699,4.52324,1,0,0,3.637172441,0.03885792,1,0,0,0,0 0 0.050000000000000003,0 0 0.050000000000000003,0 0 0.050000000000000003,wrist_3_link,-1,0,0 0 0,0 0 0,,0.064762911523190261 -1.5064072359552472 0.015325233735969637 -1.5086653486543458 0.039575816268661301 0.030104785172721211,0.082108757259541754 0.01941152146147641 0.052818755104449049 0.033031465733375676 0.015015225441553395 0.0092121048469851613,0.32587585019484439 -1.277292774862981 0.29188761692766751 -1.362871398053229 0.11647810215942302 0.082908703870351236,0.082403897754495345 -0.0015169344201306763 -0.080577699881502443 -0.13316006175006737 -0.15376579131923085 -0.12786147131934955,0.079458923481926902 -1.5038619353153075 0.023749493276061143 -1.5032524850374436 0.04178504182934735 0.031333756042181117,0.87795955574176354 0.17284229327521428 0.49434220459902434 0.30645013692893386 0.11031710739254431 0.055970306718884387,3.5365112579936184 115.59039687127886 62.903518540296822 4.6115784395945338 -0.75476886908125496 0.014812565402308183,-3.2791846395153357 -5.3379974932413461 -4.3240341007834644 -2.5653363634255584 -0.95734153826514046 -0.78275397404233615
ur,tetrapga,1.738482827,0.469398214,0.295493685,0.032123727,36.219211,43.89817,4.527401375,1,0,0,3.545974229,0.088082525,1,0,0,0,0 0 0.050000000000000003,0 0 0.050000000000000003,0 0 0.050000000000000003,wrist_3_link,-1,0,0 0 0,0 0 0,,0.067448590635070138 -1.5055065611899128 0.017161957010164312 -1.507568707358127 0.040048886394861885 0.03039130881642086,0.05147050725583336 0.020876147330019301 0.037304937621379167 0.021318270078659364 0.0090823622884283056 0.0055308610844169949,0.32935687467489233 -1.2774988971816938 0.28819787852141543 -1.3688325124020015 0.10966353959288679 0.077261738408242187,0.075725698125862842 -0.0078438041481578118 -0.087025249897760143 -0.13761815147992623 -0.15577829624536171 -0.12865389861259319,0.08037109971694173 -1.5034684810288665 0.024086366473909764 -1.5032521320889294 0.041527109238157563 0.031098525246900544,0.86466783230540067 0.15197090296796095 0.4538301663496293 0.26980801360698309 0.076268140756617975 0.029499102199944744,5.2815959597717779 116.26935445819723 64.334750940118141 4.6903867830153123 -0.76170836361733518 0.014876946614395137,0.0080783444753365075 -10.600829771436111 -4.6100161010073464 -0.59985261796464329 0.069732004966638783 -0.017244984582788447
ur,tetrapga,1.782472702,0.460107397,0.314129784,0.043510881,36.104938,43.732768,4.51311725,1,0,0,3.430032422,0.048026795,1,0,0,0,0 0 0.050000000000000003,0 0 0.050000000000000003,0 0 0.050000000000000003,wrist_3_link,-1,0,0 0 0,0 0 0,,0.07190997759789805 -1.5044741069426113 0.019933414360625915 -1.5058217701063994 0.040804086666357951 0.030839585383687796,0.078663549997012513 0.026675744533600974 0.053289434609951988 0.028344687609820084 0.010380934447863446 0.0057102623670096109,0.33254011510266895 -1.2779825859990932 0.28423012475841047 -1.3749808395449707 0.10277070016468179 0.071587316301997245,0.06899057041360819 -0.014142696552131646 -0.093348160201099178 -0.14188364629051514 -0.15756760530797176 -0.12931131971805873,0.08297922285995693 -1.5028006218210346 0.025447645157823405 -1.5026340203526352 0.041540321252226363 0.031023175923842849,0.85483552531712848 0.14633402058803868 0.42971934256944577 0.23786634312868199 0.046840412496075221 0.0067650760685848913,4.7019917056012925 114.35621245420158 62.56649500552281 4.5245961163002981 -0.74280358274346603 0.013318878204069693,-3.2213891271447892 -8.6303421943784997 -6.2069341151524782 -2.4366093092603478 -0.83816721933054339 -0.69286363986824284
ur,tetrapga,1.826298594,0.452496574,0.303775429,0.037225189,36.210107,44.166117,4.526263375,1,0,0,3.31646596,0.058864421,1,0,0,0,0 0 0.050000000000000003,0 0 0.050000000000000003,0 0 0.050000000000000003,wrist_3_link,-1,0,0 0 0,0 0 0,,0.074477730377688331 -1.5033999636903215 0.021729294237701025 -1.5048850000196814 0.041123988951168526 0.031010040778319162,0.049379633265270527 0.022788018967782681 0.035693039353973513 0.01816714995981359 0.0061450291829474694 0.003287956250691421,0.33541563631868748 -1.2787393834394789 0.28000331392015088 -1.3812886196277965 0.09583015312119976 0.065908226821108015,0.062225636313736593 -0.020388319510814438 -0.099521272366747057 -0.14594014159290092 -0.15912800038009661 -0.12983231936438666,0.085481101430881778 -1.5019607095024659 0.026843713510642957 -1.5020735077102052 0.041509949173682795 0.030917068784490159,0.84407810150739482 0.14244790665153628 0.40690547661009263 0.21075030949413032 0.022224258998168669 -0.012442445823855636,5.5563944963982728 112.18614648358219 61.619120520163186 4.4282436496979924 -0.72413735751767816 0.01273840052190312,0.1844801933983149 -12.284312361293814 -5.4046370479142922 -0.64538826412444905 0.092360474216334865 -0.010363460188678175
ur,tetrapga,1.870557615,0.445435592,0.298731449,0.036715373,36.308114,44.082592,4.53851425,1,0,0,3.208441532,0.070950845,1,0,0,0,0 0 0.050000000000000003,0 0 0.050000000000000003,0 0 0.050000000000000003,wrist_3_link,-1,0,0 0 0,0 0 0,,0.076466560983123322 -1.5025333600355326 0.023029058972734672 -1.5042709025267915 0.041245026900194534 0.031041344843785255,0.038614336354421658 0.017601174393283799 0.025667018122237619 0.011899770231639864 0.0023022279111585241 0.00058149758061822184,0.33801758972140178 -1.2797806574023651 0.27546311878600799 -1.3878347570063916 0.088756606882719608 0.060152836534857666,0.055345262098683214 -0.026658513935827001 -0.10562021998225457 -0.14983618201332075 -0.16047703735215818 -0.13022251053752085,0.087657245545517376 -1.5011365309714524 0.028027964616469059 -1.5016891487380506 0.041369580540063101 0.030735920922716146,0.83542679231435213 0.13881297469336087 0.38644729684753093 0.18538204755595417 -0.00098843710944558627 -0.030410736427695175,6.0150243860230077 110.04904024508129 60.476819245120559 4.316885447245137 -0.70577926316407691 0.011940667674670462,0.18965326367583657 -12.1160731794198 -5.2804821733716807 -0.60033283359825873 0.10347196643836298 -0.0019759708654305541
ur,tetrapga,1.91474542,0.438008978,0.307279576,0.03420218,36.10258,44.111967,4.5128225,1,0,0,3.097904168,0.067427328,1,0,0,0,0 0 0.050000000000000003,0 0 0.050000000000000003,0 0 0.050000000000000003,wrist_3_link,-1,0,0 0 0,0 0 0,,0.078785572478554292 -1.5018024493184179 0.024343319862166295 -1.5036294337504401 0.041332301500791743 0.031033415211518017,0.058410848154580981 0.015973884894997892 0.029358732047214679 0.015990738855195124 0.0014046564752004382 -0.00096835390604585242,0.34031062670046636 -1.2810961475562701 0.27066407456212738 -1.3945378491684599 0.081639930097226351 0.054392494337585903,0.048434374024713289 -0.032874415324821653 -0.11156668456331677 -0.15352022627372641 -0.16159523488677838 -0.1304756767522551,0.094705143613719192 -1.4996054978312967 0.031609615743481236 -1.5001841966695553 0.041352136553104553 0.030490457193466779,0.88098725852522752 0.19137914251946792 0.44770639087652242 0.18811900856192815 -0.0021804983698182822 -0.030682966156170673,-11.701244761998993 100.88209562257396 45.724644557029414 3.2986205682435199 -0.64262496640028866 0.0049606783486845314,11.286719472237223 -7.4258634017205623 -0.031996488112724819 1.3892103465113905 0.039477167601773999 -0.21199449514771374
ur,tetrapga,1.95895606,0.43045354,0.308937532,0.032602929,36.105672,43.806458,4.513209,1,0,0,2.979473575,0.024181965,1,0,0,0,0 0 0.050000000000000003,0 0 0.050000000000000003,0 0 0.050000000000000003,wrist_3_link,-1,0,0 0 0,0 0 0,,0.081073658896943901 -1.5011242606566191 0.025605914028595769 -1.5030485293029936 0.041377136402076305 0.030993432957069321,0.044179787702466319 0.015732914159870635 0.026061360392526347 0.011351062565992819 0.00082450662296206997 -0.00077467294088542254,0.3422984480409581 -1.2826860929719501 0.26560286767920011 -1.4014026928184951 0.074475199259865205 0.04862099370840902,0.041485510237704214 -0.039042405938645747 -0.11736656375814251 -0.15699604289906785 -0.16248435763088487 -0.13059262884443418,0.094454819817100438 -1.4990421716470923 0.031614196646478895 -1.500422515726447 0.041089331303179558 0.03029494001834547,0.82067732022111284 0.16533844960821265 0.37580397005504884 0.14923090747842455 -0.034413146801357992 -0.055875632115322878,5.293541265385139 100.87213036029856 54.308697897546153 3.8034146353304159 -0.62895919664749467 0.0090258771630195994,-0.062321705364581703 -10.758966604692432 -4.7555644934924572 -0.5589481181168594 0.10007656856208769 0.0022546301180668138
ur,tetrapga,2.002837406,0.422606687,0.328952597,0.095931182,36.204213,43.832678,4.525526625,1,0,0,2.878932191,0.042197454,1,0,0,0,0 0 0.050000000000000003,0 0 0.050000000000000003,0 0 0.050000000000000003,wrist_3_link,-1,0,0 0 0,0 0 0,,0.083490781335280817 -1.5003671414961348 0.026908376174952488 -1.50249308276285 0.041357771090310178 0.030898074015419066,0.087538444338775764 0.018578640483549028 0.03730765623353488 0.021625333914501395 -0.00042353720867376862 -0.0036498783357207685,0.34396705540250572 -1.2845326114648086 0.26032917871208339 -1.4083637139298986 0.0673299716101637 0.042890331065901635,0.034561486485373043 -0.045107127861779062 -0.12296851030557014 -0.16023406424002437 -0.16313906231126851 -0.13057404376301618,0.095452478707618124 -1.4984872554900246 0.032037571407287739 -1.500506303150166 0.040733669629492888 0.029985102165552901,0.80995976642843703 0.15217513519861683 0.34703562457150561 0.11893701181034401 -0.061235195906496974 -0.076425606416171285,5.4887754534784001 99.212649693421298 53.591367614783621 3.7202300459724782 -0.61855243942194671 0.0080692292202602257,31.657290138181509 -4.0015126048911043 7.7104425058277002 4.7113458161620656 0.070335606007859042 -0.48585821903723314
ur,tetrapga,2.046737398,0.413215882,0.334037963,0.031679178,36.150726,44.051975,4.51884075,1,0,0,2.758976057,0.012880488,1,0,0,0,0 0 0.050000000000000003,0 0 0.050000000000000003,0 0 0.050000000000000003,wrist_3_link,-1,0,0 0 0,0 0 0,,0.087333816052993091 -1.4994963839526385 0.028858580353596449 -1.5016574833436567 0.041341173801436697 0.030757866462360738,0.074337667150473269 0.022227919423901555 0.041305273473809634 0.016424291314688404 -0.00040796696064027935 -0.0027142485587357225,0.34533188356576078 -1.286644836229855 0.25481077533635832 -1.415465166786569 0.060157950326022093 0.037160989815977395,0.027614785806357303 -0.051110622940264722 -0.12841211421643575 -0.16325846124059029 -0.16356664794324002 -0.13042154118576477,0.097757288555516575 -1.4977987962326118 0.03305074537705386 -1.5003495369772666 0.040358826910149512 0.029616016230101294,0.79551764690137183 0.14912793608995634 0.32533368707647081 0.09154453370558048 -0.08482435066440909 -0.094433510481940514,5.8087118272976106 95.910498764839303 51.615635705791391 3.5433807926634953 -0.58955235628810287 0.0069884380970766068,-0.31247255601431334 -10.305593586262148 -4.7518767029336715 -0.58790683430925128 0.1022359714478398 0.0082009201552324384
ur,tetrapga,2.0908691,0.404827475,0.326180848,0.036529795,36.22202,43.920447,4.5277525,1,0,0,2.639049911,0.013103512,1,0,0,0,0 0 0.050000000000000003,0 0 0.050000000000000003,0 0 0.050000000000000003,wrist_3_link,-1,0,0 0 0,0 0 0,,0.089771308240031905 -1.4985225063222076 0.030276873290227071 -1.5011812088752183 0.041237227861862645 0.030599140506004097,0.046736225229661539 0.021788707316888558 0.028921920738815329 0.0092990627966308623 -0.0020785055491334258 -0.0030878452495086968,0.34639623001169612 -1.2890323146424438 0.24902606091224291 -1.4227330871784554 0.052934204187942466 0.031411121307747265,0.020618692651741495 -0.057074857420754251 -0.13371610879489237 -0.1660785875799477 -0.16376726462781011 -0.13013372057317951,0.10000088768412399 -1.4969789162788611 0.034098248264084502 -1.5002393701412742 0.039944222463310454 0.029218331379454447,0.77957366079371804 0.14771687481856938 0.30430486630550457 0.065750348121055777 -0.10672561533695281 -0.11115587357478057,6.6388689742971714 92.312601629098026 49.912736986679064 3.3879871152481398 -0.56122252912282478 0.0061528243725044634,0.029013287418138134 -12.054832481211633 -5.4070245567312583 -0.59752578655843536 0.11941356821886018 0.0093584681416629678
ur,tetrapga,2.134891269,0.396778008,0.324810299,0.031752094,36.166567,43.944369,4.520820875,1,0,0,2.523924173,0.016196344,1,0,0,0,0 0 0.050000000000000003,0 0 0.050000000000000003,0 0 0.050000000000000003,wrist_3_link,-1,0,0 0 0,0 0 0,,0.091800729100740386 -1.497591075622666 0.031428078818149303 -1.5008834646014406 0.041032717000857907 0.030374862775841463,0.051315632218212989 0.020035521281212935 0.024761597903468918 0.0064777709402282961 -0.0066242500804921372 -0.0069469064195569891,0.34715018544362497 -1.2916744188022684 0.24302631690417578 -1.4301020577046955 0.045724604661988681 0.025691127133869885,0.013634427542274282 -0.062946882463936843 -0.13883269025543268 -0.16866854166343342 -0.16373876660978715 -0.12971288130925021,0.10203001974652558 -1.4961183092372226 0.035045178302329741 -1.5002328130410985 0.039468010012410286 0.028780254661925034,0.76615141926167296 0.14583583919262288 0.28525184515160507 0.041075541282374096 -0.12755746495923664 -0.12704280196536533,6.7395973651677092 88.787705380331857 47.929486847971773 3.218451263828503 -0.53449141266001476 0.0051856080465996733,10.478190878931343 -9.3345822982882964 -1.9852278180234038 -0.03657987282895192 -0.62256509456663878 -0.72593354517061215
ur,tetrapga,2.178931823,0.388757025,0.327256479,0.036706643,36.139782,44.00156,4.51747275,1,0,0,2.412465164,0.015283304,1,0,0,0,0 0 0.050000000000000003,0 0 0.050000000000000003,0 0 0.050000000000000003,wrist_3_link,-1,0,0 0 0,0 0 0,,0.093827307464290188 -1.4968033095657831 0.03247027645672728 -1.5006485715679985 0.040782200369955057 0.030113802858643093,0.039207714337991487 0.017084806399760091 0.021327558503747807 0.0046258689445296038 -0.0048787091311259861 -0.0050535662467016918,0.34759681058726566 -1.2945744659617133 0.236802625334393 -1.4375832286119743 0.038518267847179433 0.019990210590908719,0.0066488939600073058 -0.068737557036285174 -0.1437713970342403 -0.17103366618723825 -0.16348247197640317 -0.12915899318614352,0.10394135183623737 -1.4953063804817213 0.035890041034172759 -1.5003047538799352 0.038943745390656703 0.028308172615050121,0.75158602885368597 0.14430361497270935 0.26653920683053073 0.016992303076659179 -0.14766997506574608 -0.14235701815424276,7.1351482425720576 85.187857513790306 45.939032615590477 3.0401868513494916 -0.50500059108651207 0.0040923179363529724,0.031071662498845853 -12.113192175545919 -5.4119217797304913 -0.57124624688276526 0.12890802618530017 0.015450318301361676
ur,tetrapga,2.22301006,0.380629975,0.331487068,0.035685055,36.116511,43.875946,4.514563875,1,0,0,2.302549416,0.008977362,1,0,0,0,0 0 0.050000000000000003,0 0 0.050000000000000003,0 0 0.050000000000000003,wrist_3_link,-1,0,0 0 0,0 0 0,,0.095924172867463339 -1.4960483537754861 0.033486216283486102 -1.5004587259439857 0.040476878757552452 0.029806784920612825,0.04083010178755335 0.017037366075085776 0.021307206208735868 0.0037892247428715298 -0.0059786788477699847 -0.0059742193027317184,0.34773594439954342 -1.2977303805317437 0.23035990203103979 -1.445170063221054 0.03132207485941664 0.014311756226012804,-0.00033378418718069889 -0.074442910380113053 -0.14852840531524522 -0.17317199726698052 -0.16299885798378885 -0.12847248197120573,0.10582991388575845 -1.4945277389209397 0.036679400377882587 -1.5004353887412094 0.038372478878808333 0.027799650131031119,0.73714394173851205 0.1437035259580085 0.24890896488164521 -0.006706103656096518 -0.16722914941203063 -0.15722857960004441,7.2253054981996687 81.295688145768253 43.700692742834036 2.8480611203646089 -0.47444089467227774 0.002982398806936906,-0.042134847978161361 -11.776068239540109 -5.2841103363139013 -0.55641286508762278 0.13024393154516645 0.018304421677612481
ur,tetrapga,2.266953993,0.372357978,0.334574952,0.025927785,36.087607,43.869552,4.510950875,1,0,0,2.193251526,0.000149229,1,0,0,0,0 0 0.050000000000000003,0 0 0.050000000000000003,0 0 0.050000000000000003,wrist_3_link,-1,0,0 0 0,0 0 0,,0.098106443856151859 -1.4952304202593867 0.034519749728094413 -1.500328964108907 0.040090845067535949 0.029433855762460066,0.05192539448242333 0.019145247992184616 0.022382058518283312 0.0016092744934205192 -0.011100779806927568 -0.010457552715799193,0.34756859964028863 -1.3011249215745102 0.22373225755738751 -1.4528225511162742 0.024173977920895321 0.0086836011792291463,-0.0072792574089148819 -0.080034769333203193 -0.15308038557110673 -0.17507369855513735 -0.16229190675045346 -0.1276575205143535,0.10774719967694027 -1.4937281720921591 0.037455830122862355 -1.5006228404680806 0.037741993152963726 0.02724359084786504,0.72237760074814039 0.14386343725048506 0.23203188373423173 -0.03008300537780834 -0.18620860252605198 -0.17164526236006911,7.0802410234711264 77.084834266076172 41.247717935199525 2.6466299531211472 -0.44292691214647101 0.0019428191305241942,8.5561689695351788 -8.2080834670205149 -2.3710692336171348 -0.80385136811219127 -0.91447372069001176 -0.92357895982073757
ur,tetrapga,2.310921777,0.364224508,0.338174677,0.036620138,35.398419,43.154573,4.424802375,1,0,0,2.086818554,0.006101669,1,0,0,0,0 0 0.050000000000000003,0 0 0.050000000000000003,0 0 0.050000000000000003,wrist_3_link,-1,0,0 0 0,0 0 0,,0.10010049889036916 -1.4944229736475554 0.035466313375104655 -1.5002705686501345 0.039677752201790185 0.029046532581230685,0.038440614994604161 0.018203340572721532 0.019844639314229941 0.0012417443369472387 -0.0080348227448608749 -0.0074963201569555674,0.34709618414001325 -1.3047650107356361 0.2169051003953982 -1.460557738576346 0.017058000527518817 0.0030910787104038305,-0.014205480869839743 -0.085527537729007647 -0.15743931066961733 -0.17674455415786902 -0.16136159506475689 -0.12671286710853988,0.10956624197952955 -1.4929241479302928 0.038176452743790265 -1.500872723693965 0.037072264352357991 0.026659491286995851,0.70529908698435484 0.14392811744554651 0.21442262435084455 -0.053252391857184056 -0.20470104062737082 -0.18569630344400134,7.4993674257342313 72.776310847898984 38.924529396583281 2.4435767709680403 -0.40886057390142089 0.00079155052098066163,-0.028578435066208385 -12.08464547352196 -5.4293578541579848 -0.55174022167102521 0.13887354008213038 0.023005462846050762
ur,tetrapga,2.354166512,0.356230032,0.340977279,0.037059076,33.996756,41.693887,4.2495945,1,0,0,1.983871225,0.0119813,1,0,0,0,0 0 0.050000000000000003,0 0 0.050000000000000003,0 0 0.050000000000000003,wrist_3_link,-1,0,0 0 0,0 0 0,,0.10204801261939934 -1.4936117103269004 0.036363553066414707 -1.5002765386640002 0.039211469702985474 0.028618876469023214,0.037843959083987633 0.018192882214870962 0.018954719149367069 -1.27674606783167e-05 -0.0091057573818392242 -0.0083174062405225527,0.34633509027959736 -1.3085785473834324 0.21000749929305196 -1.4682324344597097 0.010103641468672266 -0.0023662406951401095,-0.020988485173922027 -0.090824551489119831 -0.16153104267098922 -0.17816011872208726 -0.16023095202944906 -0.1256589326887487,0.11131494693934293 -1.4921184901897449 0.038847947009280626 -1.50118247496165 0.036361459403620469 0.026045047624264246,0.6884774549848095 0.14367986735647842 0.19724301302226729 -0.075980472833425822 -0.22255095300640804 -0.19926703171816079,7.6471040510350434 68.411272955826306 36.513927098986159 2.240884290407223 -0.37566287681659505 -0.00026750609922110815,-0.024950528934539307 -12.229495064644652 -5.4965674819257515 -0.54892325124910712 0.143177829714773 0.025540297942129087
ur,tetrapga,2.395966148,0.348552774,0.34385112,0.037114437,33.987176,41.331694,4.248397,1,0,0,1.885159415,0.015953092,1,0,0,0,0 0 0.050000000000000003,0 0 0.050000000000000003,0 0 0.050000000000000003,wrist_3_link,-1,0,0 0 0,0 0 0,,0.1039099379340975 -1.4928332053056743 0.03718812038247403 -1.5003421990872052 0.038709120493518469 0.028165510741313574,0.038436604032674397 0.018456990788379996 0.018524596210584072 -0.0012494711301074422 -0.010407461930825245 -0.0093601225305509905,0.34532133566812584 -1.3124801683637846 0.20317618798732218 -1.4757042877518867 0.0034324059357683056 -0.0075954121962159508,-0.027510865935260049 -0.095839943838930186 -0.16529760443573471 -0.17931248515081977 -0.15893692582714544 -0.12452389610485952,0.11298429517956873 -1.4913296782111796 0.039462080609348388 -1.5015462870429115 0.035618919838516103 0.025407707293540562,0.67148159285606435 0.14327119206622885 0.18050586418388259 -0.097993752310477356 -0.23954626375667026 -0.21219648615604364,7.7364226141094763 64.038980884073453 34.091633897411562 2.0393707535184231 -0.34271067096887486 -0.001290723047295589,-0.043381982169648836 -12.247764305292549 -5.5119562820727879 -0.54200187425885815 0.14728685219901649 0.028760668703405656
ur,tetrapga,2.437389622,0.34100317,0.34639265,0.037195463,34.262991,42.792803,4.282873875,1,0,0,1.789810787,0.019573693,1,0,0,0,0 0 0.050000000000000003,0 0 0.050000000000000003,0 0 0.050000000000000003,wrist_3_link,-1,0,0 0 0,0 0 0,,0.1057339234615419 -1.4920501778189419 0.037973730847732041 -1.5004650816744933 0.038160531188618785 0.027676937173057369,0.03841715809827604 0.018738536833030395 0.017927344981332777 -0.0025392319376777617 -0.011638175726666167 -0.010330067427883069,0.34404852790405971 -1.3165513058720284 0.19625489236255217 -1.4831520561470326 -0.0031214177269564751 -0.012728400029375116,-0.033935644529278261 -0.10070388077958296 -0.16884379109624237 -0.1802442661553226 -0.1574616960820342 -0.12328763966373313,0.11459163866756925 -1.4905482477551582 0.040030128029309463 -1.5019610572237654 0.034843337139752621 0.02474574642084219,0.65406616837674081 0.14271003248783398 0.1640277875961561 -0.1194216081328496 -0.25579854672685326 -0.22457197655709696,7.8239211495630929 59.637326222576498 31.665555229028271 1.8383794799712234 -0.30971137646899605 -0.0022931729955953163,-0.057639800419622134 -12.274502944572305 -5.5279369604392059 -0.53474669470415392 0.15118982384973378 0.031757432101265692
ur,tetrapga,2.480287816,0.333347806,0.348900601,0.037547396,34.035196,41.588676,4.2543995,1,0,0,1.696938027,0.025172552,1,0,0,0,0 0 0.050000000000000003,0 0 0.050000000000000003,0 0 0.050000000000000003,wrist_3_link,-1,0,0 0 0,0 0 0,,0.10753496598358853 -1.4912526368949215 0.038727489074417698 -1.5006486781458148 0.037558842513407624 0.027147212673796876,0.037892629287797491 0.019080657427457202 0.017255732242902579 -0.0038130442456624936 -0.012749483242244005 -0.01119027494992427,0.34245086480461262 -1.3209772949278298 0.18893657255140087 -1.4909009682007259 -0.0098399085123934242 -0.017987698557672967,-0.040542121743575049 -0.10562444683617432 -0.17231687902008316 -0.18098803883835465 -0.15573420642643854 -0.12189199712260994,0.11615061728912435 -1.4897640695599543 0.04055866623146976 -1.5024311249389886 0.034027382687024849 0.024052796205392836,0.63591437044318222 0.14204659563567013 0.14748220995077305 -0.14078215677483874 -0.27171339244440895 -0.23671041774083659,7.9081984321483221 55.095302932119274 29.168536369621098 1.6317863981822964 -0.27573342943465118 -0.0033189475103188393,-0.057259005853154576 -12.390640645799976 -5.5801528822002524 -0.53025296834948676 0.15527910707619696 0.034413510965805472
ur,tetrapga,2.521978196,0.325883769,0.350859821,0.038317622,34.085618,41.458969,4.26070225,1,0,0,1.608164053,0.031265607,1,0,0,0,0 0 0.050000000000000003,0 0 0.050000000000000003,0 0 0.050000000000000003,wrist_3_link,-1,0,0 0 0,0 0 0,,0.10936624972139299 -1.4904061845093457 0.039476852358224311 -1.5009004944527831 0.036883991700375721 0.026558877617941134,0.036222585875952708 0.019050354697462763 0.01620087588214271 -0.0049314037532031249 -0.013444354991949691 -0.01168785073208444,0.3406277053295943 -1.3254784471612253 0.18168569615598631 -1.498457734013825 -0.016294182083471182 -0.023039214733326711,-0.046910743239660754 -0.11028814355180108 -0.17549447552184272 -0.18149491160979217 -0.15386342310056098 -0.12042478921779891,0.11769528300406257 -1.4889567405180582 0.041065546772557228 -1.5029588991018628 0.033160416493647371 0.023319295194279659,0.61710618735048817 0.14104831457399108 0.1309734347137734 -0.16163617574712999 -0.28690883750661428 -0.24831771467341557,8.0138588814912293 50.524069393742806 26.680034678169349 1.4268061285381515 -0.24176939074376258 -0.0043111686339088046,-0.033152855545779403 -12.644815418800135 -5.6877782217626134 -0.53095101852250082 0.15897686331418015 0.035948455754301278
ur,tetrapga,2.563535373,0.31869499,0.352722285,0.038760579,34.025768,41.253016,4.253221,1,0,0,1.523248213,0.035285953,1,0,0,0,0 0 0.050000000000000003,0 0 0.050000000000000003,0 0 0.050000000000000003,wrist_3_link,-1,0,0 0 0,0 0 0,,0.11107399570284988 -1.4895937309717471 0.04015142719506562 -1.5012007590664125 0.036192460203168846 0.025960926907764068,0.035203482889087249 0.019058646820537224 0.015308158022869348 -0.0060854183060243356 -0.014301635793670033 -0.012337789309624208,0.33854729125479172 -1.3301562253358936 0.17433023376946311 -1.50600697789253 -0.022646348756394517 -0.028011482558022195,-0.053202318283468997 -0.11481635071294204 -0.17846489762315537 -0.18178825205544413 -0.15181332785911666 -0.11885521244934383,0.11916842458928351 -1.4881567772390341 0.041525491572372189 -1.5035362079496131 0.032264540899880997 0.022564251150235026,0.59797315447841071 0.13980731323358381 0.1146255735700959 -0.18204735818442203 -0.30148718106588857 -0.25948248759835485,8.0956071498430582 45.923977399075923 24.180455709257366 1.2219145115389001 -0.20776888578919164 -0.0052853769176397693,-0.025899712407067454 -12.790990968183905 -5.7492969921204065 -0.52776525674380537 0.16240343714859762 0.037955712809583986
ur,tetrapga,2.604879123,0.311725273,0.35435504,0.039121085,34.102989,41.678846,4.262873625,1,0,0,1.442413409,0.039022913,1,0,0,0,0 0 0.050000000000000003,0 0 0.050000000000000003,0 0 0.050000000000000003,wrist_3_link,-1,0,0 0 0,0 0 0,,0.11273298624967223 -1.4887805690753531 0.040783985875530754 -1.5015568529898207 0.03545975613065909 0.025331633268099472,0.034195721835832554 0.019029291131493351 0.014405353494840619 -0.0072370522256341267 -0.015149675088780375 -0.012984142009890938,0.33621937313192357 -1.3349941639143892 0.16689414449756118 -1.5135252030113961 -0.028877604398445923 -0.032891322491123434,-0.059399757507918795 -0.11919754998972666 -0.18122208795032949 -0.18187034013585932 -0.14959336125675998 -0.11718939625983445,0.12057853810196961 -1.4873619537816127 0.041942183235850625 -1.5041625626384114 0.031338544514652629 0.0217862901958456,0.57847908531146941 0.13833992194760475 0.098430563987394526 -0.20200402108681231 -0.31545050007717745 -0.2702065016652061,8.1640213072127814 41.2942147674637 21.672037529224916 1.017244223795668 -0.17372947547872894 -0.0062409747425424223,-0.02214518854623293 -12.909958080268552 -5.79803779344806 -0.52351570561131666 0.16557538844205055 0.039952786649095628
ur,tetrapga,2.646650544,0.304944398,0.35587711,0.039154862,34.116901,41.732408,4.264612625,1,0,0,1.365619145,0.042815353,1,0,0,0,0 0 0.050000000000000003,0 0 0.050000000000000003,0 0 0.050000000000000003,wrist_3_link,-1,0,0 0 0,0 0 0,,0.11433353751020049 -1.4879738791757788 0.041371980861482881 -1.5019623647631941 0.034694552989517125 0.024677996903174147,0.03366445042925751 0.019069954142628725 0.013606626701008493 -0.0084831384517843351 -0.016181978214407755 -0.013795076638648335,0.33360856150590878 -1.3400634204855706 0.15926958638297165 -1.521120230625872 -0.035076362922378646 -0.03774953091899988,-0.06559301566292694 -0.12349450766486204 -0.1838046658895213 -0.18174127551043878 -0.14717114163226785 -0.11540258476250269,0.12192460122090218 -1.4865743503504367 0.042315727350579431 -1.5048357294392685 0.030385234720023219 0.020987470447321722,0.55857042685214031 0.13669576603238293 0.082330662739084876 -0.22165821730820603 -0.32891425400770691 -0.28058413777351876,8.2068474828225586 36.596722871498272 19.128779666963922 0.81075222930056656 -0.13936524768819403 -0.0071882849244118896,-0.03511673364505441 -12.921104526289128 -5.8004370788820268 -0.51500714229587174 0.16854512104990249 0.042460407379316223
ur,tetrapga,2.688468536,0.298403031,0.357261525,0.039442853,34.139713,41.686527,4.267464125,1,0,0,1.293066583,0.046810001,1,0,0,0,0 0 0.050000000000000003,0 0 0.050000000000000003,0 0 0.050000000000000003,wrist_3_link,-1,0,0 0 0,0 0 0,,0.11589402844027047 -1.4871629432981925 0.041922449070548165 -1.5024238884741572 0.033886534165274255 0.023991157199725232,0.03279007636029526 0.019172295197134131 0.012807837119394467 -0.009656324078848642 -0.017075604750217684 -0.014487606894611519,0.3307372405333116 -1.3453153209061379 0.15153278581189736 -1.5287138765268802 -0.041176974878587805 -0.042536244374414986,-0.071718779036259603 -0.12766170521070705 -0.18618322080015057 -0.18139934274031708 -0.14456941999374218 -0.11351131390514681,0.12321467806992933 -1.4857893781919527 0.042649682453598951 -1.505557564202975 0.029401151393678136 0.020164602789126154,0.53817040491787793 0.13490857904523954 0.066324280379394029 -0.24096940578275583 -0.34184163112132482 -0.29058887929966548,8.2469794702486716 31.827429819698839 16.558264494714887 0.60280887708752995 -0.10463645288249133 -0.0081247605589159951,-0.034707182786178237 -13.016141418630468 -5.8374224214183243 -0.5094806937240719 0.17160994551403519 0.044600367600835966
ur,tetrapga,2.730244202,0.292058834,0.358375258,0.040055083,34.100054,41.640389,4.26250675,1,0,0,1.224375334,0.050963936,1,0,0,0,0 0 0.050000000000000003,0 0 0.050000000000000003,0 0 0.050000000000000003,wrist_3_link,-1,0,0 0 0,0 0 0,,0.11746847742334533 -1.4863098000292065 0.042458637109159474 -1.5029601324160438 0.033004823479918212 0.023244923823466209,0.031107986114567939 0.019023430213391347 0.011835094240615121 -0.010559418307440447 -0.017530051738211167 -0.014809760436116927,0.32761469783663932 -1.3507330268756499 0.14370885751443158 -1.5362811354365977 -0.047159156135919846 -0.047237041404494404,-0.077758431833368113 -0.13168629338156906 -0.18835051367972622 -0.18084622249708721 -0.14179764948265647 -0.11152169670603769,0.12447910231037994 -1.4849867086170834 0.042957107881007664 -1.5063377305951975 0.028369822552157548 0.019303539728032108,0.51719057046782635 0.13286006168700798 0.050368512453556863 -0.25986028571100378 -0.35414561058007832 -0.30015294728300923,8.295891771150794 27.005056697911378 13.972893516145978 0.39415043808076272 -0.069658418138299635 -0.0090523733556298943,-0.016230886555149482 -13.218177496733006 -5.917929404082571 -0.50888956474227598 0.17400144638821047 0.045595551108377208
ur,tetrapga,2.772038988,0.28612353,0.359329066,0.040423571,34.221808,41.815316,4.277726,1,0,0,1.160272604,0.053381968,1,0,0,0,0 0 0.050000000000000003,0 0 0.050000000000000003,0 0 0.050000000000000003,wrist_3_link,-1,0,0 0 0,0 0 0,,0.11892489120656309 -1.4854933421128489 0.042930196206738519 -1.5035287363883725 0.032121801205516096 0.022500350536700516,0.029992471030861549 0.019000764161064835 0.01098419690212173 -0.011617161528669187 -0.018245720314461533 -0.015360566601492702,0.32424000817318471 -1.3563184988020498 0.13579514442088958 -1.5438243355324552 -0.053024666868027835 -0.051854758248264167,-0.083715421569668602 -0.13557048456325019 -0.19030799421540273 -0.18008252280939327 -0.13885607154067278 -0.10943309566047844,0.12566921586836513 -1.4841949237276324 0.043220192743440453 -1.5071600652358288 0.027318721823985363 0.01842729149854631,0.49590238873670239 0.13063770466673655 0.034567587445920089 -0.27835396800547552 -0.36588625685643272 -0.30933170422750006,8.324113241365886 22.138199160787664 11.370834344678077 0.18525700520188171 -0.034562530564787294 -0.009958491612639904,-0.010467951136888587 -13.339778553872748 -5.9639090179971106 -0.50458168369277701 0.17661817472063035 0.047297674809222201
ur,tetrapga,2.813947357,0.280560579,0.359968314,0.040547162,34.047415,41.426613,4.255926875,1,0,0,1.100923515,0.055163316,1,0,0,0,0 0 0.050000000000000003,0 0 0.050000000000000003,0 0 0.050000000000000003,wrist_3_link,-1,0,0 0 0,0 0 0,,0.12030901430399517 -1.4846878198431146 0.043357419289190562 -1.5041379181623102 0.031218773401709744 0.021741176647211109,0.029064470682491832 0.018888849083667392 0.010082717541136746 -0.012765051185042302 -0.019067893016868287 -0.01600730785518463,0.32060805164103445 -1.3620790960593876 0.12778224042135722 -1.5513515900849353 -0.058779206706594402 -0.056395353685182038,-0.089597362148103543 -0.13931869169388694 -0.19205740319308312 -0.17910702506779777 -0.13574164891344867 -0.10724263392900522,0.12678353640731338 -1.4834158348171431 0.043439914452101713 -1.5080206698682392 0.026252114146203646 0.017539113190810245,0.47430266514165537 0.12819212102879063 0.018888554473276385 -0.29645977114620087 -0.37707918333048834 -0.31814011025855815,8.3352858067514095 17.238631490491674 8.757586223693238 -0.023570846037983817 0.00057895196593887865 -0.010845991866330063,-0.016190733105531763 -13.380563494334638 -5.9741452373613129 -0.49691831773543527 0.1789839915931708 0.049298205403999873
ur,tetrapga,2.855461927,0.275392312,0.360544844,0.040724899,34.148277,41.44163,4.268534625,1,0,0,1.046131529,0.056270921,1,0,0,0,0 0 0.050000000000000003,0 0 0.050000000000000003,0 0 0.050000000000000003,wrist_3_link,-1,0,0 0 0,0 0 0,,0.12165496074863573 -1.4838805306854765 0.043747105382542152 -1.5048029185953564 0.030274104200112641 0.020948925068274792,0.028256949735959269 0.018977182873298453 0.009313017706139402 -0.01393730811302899 -0.019947352347182777 -0.016706006934703435,0.31676915173093306 -1.3679373638083967 0.11977675814334438 -1.5587635246678864 -0.064347676308804877 -0.060800837375006404,-0.09532868303427583 -0.1428835229484692 -0.19357828241194575 -0.17793537748263916 -0.13249829578227565 -0.10498016146026323,0.12783871235555239 -1.4826431415699768 0.043621209229347722 -1.5089240511030426 0.025162208222975376 0.016632102220294365,0.45243297219723128 0.12563014766663227 0.0034624140032235122 -0.31403210890560523 -0.38761261877284597 -0.32648961365601892,8.3350422685657879 12.30956006885423 6.1391049303572061 -0.23164176724007396 0.035708730979529535 -0.011704910677015925,-0.019851541657430971 -13.439216511605082 -5.991748573269092 -0.48950055948353111 0.18159859484264018 0.051458076637885597
ur,tetrapga,2.896996736,0.270622321,0.360925967,0.041054531,34.044385,41.399285,4.255548125,1,0,0,0.996003773,0.05644685,1,0,0,0,0 0 0.050000000000000003,0 0 0.050000000000000003,0 0 0.050000000000000003,wrist_3_link,-1,0,0 0 0,0 0 0,,0.12295117140221887 -1.4830698154951751 0.044100302289939074 -1.5055192544069342 0.029294491634819148 0.020129125482077213,0.027185916021045083 0.019027447500960245 0.0085190664652396008 -0.0150123082862851 -0.020674202113943128 -0.01727917351419709,0.31269233410040193 -1.3739434668059329 0.11170859508878796 -1.5661261843071301 -0.069780925684427952 -0.065112601719579499,-0.10096268644479124 -0.14629922867219533 -0.19488749519791476 -0.17656063980850992 -0.12910053074641828 -0.10262680346670779,0.12883695354664504 -1.4818731291358933 0.043766761263049993 -1.5098703986571569 0.024048344445257212 0.015705466651315725,0.43025145848328383 0.12291867458965702 -0.01174931207984402 -0.33109323778375188 -0.39750068547157635 -0.33439339999861395,8.3308481407162596 7.3507131663068135 3.5148424184056859 -0.43948634935492426 0.070891957571952172 -0.012547731732172541,-0.01509802686916828 -13.547995304788856 -6.029577065285963 -0.48414414648050297 0.18404426930007389 0.053229325339160027
ur,tetrapga,2.938487176,0.266205297,0.36107329,0.0416445,34.135846,41.423688,4.26698075,1,0,0,0.950484156,0.056386344,1,0,0,0,0 0 0.050000000000000003,0 0 0.050000000000000003,0 0 0.050000000000000003,wrist_3_link,-1,0,0 0 0,0 0 0,,0.12423962189312983 -1.4822215878347282 0.044430847018043881 -1.5063139385705608 0.028244580942370034 0.019252107742382278,0.025403521619082232 0.018752592875214712 0.0076102919197901147 -0.015672454419727314 -0.02084727457001178 -0.017392499731492404,0.30838840077755331 -1.3800816164349283 0.10359917825864585 -1.5734198116297602 -0.075064388767997273 -0.069320353029895782,-0.10648567676350831 -0.14955750269452966 -0.19598227223052639 -0.17498733908158653 -0.12555867752978359 -0.10018881375964622,0.12979974362795366 -1.4810879053960091 0.043884383382910563 -1.5108729173797713 0.022892986233868387 0.014744347610795187,0.40768198851495441 0.11993163616487804 -0.026802594707380764 -0.34759359574538917 -0.40668455750143928 -0.34180494826415458,8.3324969755946885 2.3783574166695667 0.89384508342119284 -0.64676407718305762 0.10606154388179505 -0.013381656990168828,0.0045453739870708887 -13.742684842116432 -6.1024098283737374 -0.48397083987583756 0.18532540340316217 0.053580219920448258
ur,tetrapga,2.980000215,0.26234261,0.361000808,0.041962734,34.191823,41.70812,4.273977875,1,0,0,0.910276161,0.054775617,1,0,0,0,0 0 0.050000000000000003,0 0 0.050000000000000003,0 0 0.050000000000000003,wrist_3_link,-1,0,0 0 0,0 0 0,,0.12541578414896734 -1.4814141533023728 0.044705736319815205 -1.5071247402760908 0.027208573372192801 0.018387883163370724,0.024181937293712961 0.018633910726112809 0.0067696021107340612 -0.016612259603626545 -0.021395021246335324 -0.017826947916671037,0.30385504938556146 -1.3863551632393276 0.095444318986898841 -1.5806479709993044 -0.080200677878030327 -0.073427396057968206,-0.11190173521712017 -0.15266076248279759 -0.19686387065803448 -0.17321554653582111 -0.12187222940407028 -0.097664923585071214,0.13068728942075 -1.4803167798413472 0.043962069340640543 -1.5119076248335714 0.021728728832725655 0.013775688310632354,0.38494069153952482 0.11678118848153503 -0.041623813841709753 -0.36359950070818758 -0.41525637129225967 -0.34880338456003901,8.3129126021869499 -2.6080670748199619 -1.727527605681402 -0.85286854268253554 0.14110283736613791 -0.014185860409604609,0.01021105042536874 -13.847702157075219 -6.1365478876795692 -0.47901862214257562 0.18712662728608365 0.054923742252938723
ur,tetrapga,3.021800117,0.258962038,0.360745554,0.042239762,34.189796,41.502985,4.2737245,1,0,0,0.875509841,0.053013015,1,0,0,0,0 0 0.050000000000000003,0 0 0.050000000000000003,0 0 0.050000000000000003,wrist_3_link,-1,0,0 0 0,0 0 0,,0.12653375011153623 -1.4806111131531028 0.044941982477531082 -1.5079802947951442 0.026146851293516848 0.017503064844221761,0.022976318979470684 0.018503382515137425 0.0059395819652962442 -0.017535567501120779 -0.021924310514042134 -0.018251557614266927,0.29906560047799802 -1.3927988718176754 0.087200643335752476 -1.5878476435661462 -0.085214920047655865 -0.077455221322363363,-0.11723923912227939 -0.15562417288415564 -0.19753506486953362 -0.1712344933902091 -0.11802146200551047 -0.09504083009369528,0.1315059484831485 -1.4795562371371591 0.044001990591589088 -1.5129771270283139 0.020551902980748261 0.012796124521919194,0.36192858962734326 0.11346367000877265 -0.05625441468779914 -0.37914590174609075 -0.42323588529869505 -0.35540650694033971,8.2796802915584955 -7.6228710777839668 -4.3577299849454905 -1.0588586669270645 0.17617039445690869 -0.014973916607665625,0.014291330759874654 -13.939121466682991 -6.1640288908755565 -0.47357136675418587 0.18874475753398201 0.056237265306492645
ur,tetrapga,3.063401593,0.256115504,0.36023178,0.042257788,34.128351,41.458887,4.266043875,1,0,0,0.846082168,0.050522892,1,0,0,0,0 0 0.050000000000000003,0 0 0.050000000000000003,0 0 0.050000000000000003,wrist_3_link,-1,0,0 0 0,0 0 0,,0.12758791253305607 -1.4798191099186058 0.045140055088248005 -1.5088707801068102 0.025070060610772625 0.016606229946704486,0.022081210079058305 0.018455897238655438 0.0051107997913883377 -0.018683178667392279 -0.02271895517951452 -0.018904296497172346,0.29407985613818349 -1.3993315871442662 0.078972742006154978 -1.5949268812341972 -0.090042755198234195 -0.081353349509477382,-0.12243111403280399 -0.15841016355585488 -0.19798717973571353 -0.16906950859654496 -0.11405614380043461 -0.092349517846349274,0.13225689686534922 -1.4788077002924007 0.044005972316404449 -1.5140771963168769 0.019366361927240304 0.011808551706001471,0.33874579465727511 0.10999665443562501 -0.070631315440141229 -0.39415534366609578 -0.43057748356697695 -0.36157819104064648,8.2309254065284829 -12.644541573820955 -6.9819945343390071 -1.2630812626580215 0.21103194065428899 -0.015727103913943625,0.005548678230979931 -13.945069931698526 -6.1540449129912531 -0.46377537095668231 0.19056658134773841 0.058257005003358842
ur,tetrapga,3.104960176,0.253785232,0.359615613,0.042493262,34.145476,41.671964,4.2681845,1,0,0,0.822049928,0.047478631,1,0,0,0,0 0 0.050000000000000003,0 0 0.050000000000000003,0 0 0.050000000000000003,wrist_3_link,-1,0,0 0 0,0 0 0,,0.12858906897542566 -1.4790281067433395 0.04530163308304324 -1.509808605272589 0.023964490685073933 0.015685745573944403,0.020939568458964046 0.018429182861761189 0.0043290483992018038 -0.019670545659736888 -0.023313925269335376 -0.019393459684703605,0.28888616719176113 -1.4059698637511007 0.070739014081445686 -1.6019049441998277 -0.094698251952718415 -0.085134068612934696,-0.12749321309717551 -0.16102809809328203 -0.19822383038475963 -0.16671735417966968 -0.10996825429954038 -0.089584464194529867,0.13294585945621601 -1.478066678613267 0.043975931645064005 -1.5152116501820636 0.018167371720799477 0.010808757084351511,0.31535956697927736 0.10640311307558536 -0.084733881832918953 -0.40859367341722858 -0.43725682317068482 -0.36729894445360334,8.1787321894564151 -17.674281398951866 -9.6009488309972699 -1.4662290958392017 0.24578807282619164 -0.01646152172294698,0.0081794519036293423 -14.022776298388635 -6.1740719505160939 -0.45717045811761636 0.19222485100840458 0.059769875928363803
ur,tetrapga,3.146722374,0.251992123,0.358812199,0.042783347,34.082357,41.631386,4.260294625,1,0,0,0.803740763,0.044180797,1,0,0,0,0 0 0.050000000000000003,0 0 0.050000000000000003,0 0 0.050000000000000003,wrist_3_link,-1,0,0 0 0,0 0 0,,0.12953149442695563 -1.4782389668870237 0.045427454303608554 -1.5107894828353494 0.022835540066434085 0.014745888988292519,0.019689383931087164 0.018352416555608674 0.0035451927944816293 -0.020572700123323084 -0.023799533246102476 -0.019796643271144724,0.28345779981276747 -1.4127467552816935 0.062459546076600189 -1.6088148078218367 -0.099202863470670366 -0.08881599849096454,-0.13245033149031313 -0.16349023378186045 -0.19824546568437784 -0.16416640417294626 -0.10573865789217961 -0.086731761302854579,0.13357263119538268 -1.4773315965013523 0.043912940905861529 -1.5163804897733835 0.016955137933408165 0.0097966490765972365,0.29174428172519784 0.10265328109923291 -0.098594008559868968 -0.42249040808556559 -0.44328974502702567 -0.3725842449665272,8.1188561513077193 -22.716681585447333 -12.218561153032535 -1.6685592516322405 0.2804628925065874 -0.017177972168855901,0.014144949200158408 -14.11850435494398 -6.2009560259342891 -0.45154187954540248 0.19363732538334233 0.061016952952286374
ur,tetrapga,3.188450039,0.250663356,0.357887066,0.043274467,34.143304,41.761096,4.267913,1,0,0,0.790883429,0.041002003,1,0,0,0,0 0 0.050000000000000003,0 0 0.050000000000000003,0 0 0.050000000000000003,wrist_3_link,-1,0,0 0 0,0 0 0,,0.13044809925307305 -1.4774185047328428 0.04552317565003746 -1.5118512457233744 0.021640584390678029 0.013750929233950378,0.017997413353070858 0.017978813389945714 0.0027758930571761898 -0.020957386828072785 -0.023705376642587182 -0.019721648568682387,0.27782994596383309 -1.4196171788799803 0.054190529845946994 -1.6156087067978064 -0.10352489380460914 -0.092374400328272516,-0.13726902385651654 -0.1657793682498199 -0.19805118889186751 -0.16143372710802711 -0.1013967485255632 -0.083810240353458659,0.13415339076957949 -1.4765858732321655 0.043820316582964355 -1.5176018809776839 0.015709113090878121 0.008754861703953452,0.26787819316945838 0.09864717311652732 -0.11221771187373103 -0.43575165366413032 -0.44859350889657557 -0.3773659314159778,8.0591733782168156 -27.750964678725786 -14.824376300736194 -1.869632008165427 0.31496022900787313 -0.017884439947773296,0.031126646303732741 -14.280574192082895 -6.2555161957453436 -0.4511405025705244 0.19367440842320605 0.060787131517070492
ur,tetrapga,3.230303306,0.249981284,0.356702158,0.043527872,33.991846,41.282274,4.24898075,1,0,0,0.7841365,0.036888321,1,0,0,0,0 0 0.050000000000000003,0 0 0.050000000000000003,0 0 0.050000000000000003,wrist_3_link,-1,0,0 0 0,0 0 0,,0.13126424161276332 -1.4766409135179341 0.045576072803739182 -1.512910075987248 0.020475559932531549 0.012780369582283829,0.016714827845357039 0.017794908746945334 0.0020024469065555478 -0.021729131092687051 -0.024049052890187328 -0.02001850355877546,0.27198606507397144 -1.4266006112513892 0.045909285495234292 -1.6223047207673353 -0.10767561376815343 -0.095819613675367815,-0.14196305964481939 -0.16790175762973472 -0.19764033722422408 -0.15851213990012544 -0.096931683536479726 -0.080811557077729357,0.13465998618277239 -1.4758573518800768 0.043693664085469736 -1.5188437324193216 0.01446615745568838 0.0077137556989695655,0.24389624895056977 0.094505186871573832 -0.12556632598589801 -0.44846924210794858 -0.45327238200303016 -0.38173249301957285,7.9817124915997999 -32.782575015630492 -17.420355128373796 -2.0686606533139886 0.34918270473307345 -0.018555612851365786,0.036347012822488978 -14.364197839458939 -6.2757791193718901 -0.44567570848539617 0.19451232614924407 0.061706418796688922
ur,tetrapga,3.27167476,0.249854614,0.355210676,0.043586214,34.219982,41.519876,4.27749775,1,0,0,0.78303973,0.032054322,1,0,0,0,0 0 0.050000000000000003,0 0 0.050000000000000003,0 0 0.050000000000000003,wrist_3_link,-1,0,0 0 0,0 0 0,,0.1320098114591943 -1.4758800396006286 0.04559480508568841 -1.513989349446224 0.019311516954529859 0.011809917862871683,0.015534707407622432 0.017581971977317239 0.0011626933361412889 -0.022648956801143115 -0.024534941793224095 -0.020441488316483524,0.26601929238236699 -1.4335873719533991 0.037744671731026719 -1.6287998524715417 -0.11159274512306806 -0.099100476276974506,-0.14646201875753034 -0.16982705858620109 -0.19702263739656953 -0.15545038877330697 -0.092415883105003718 -0.077783206308079916,0.13509437254513984 -1.4751470403883387 0.043535601069829837 -1.5201008735301313 0.013230548409010673 0.0066766653905022079,0.21993421551978704 0.090206919001785429 -0.13857918946897679 -0.46054157467032725 -0.45728609951279275 -0.38564642380277125,7.8961896423666262 -37.765800785307484 -19.980481181050489 -2.2637824728179519 0.38282465317528663 -0.019187737464705878,0.032777439461710856 -14.383450529012407 -6.267360262373785 -0.43707003682902723 0.19533239148724135 0.063016866147648898
ur,tetrapga,3.313288253,0.250252715,0.353671552,0.043701564,34.05615,41.584805,4.25701875,1,0,0,0.788194087,0.027768489,1,0,0,0,0 0 0.050000000000000003,0 0 0.050000000000000003,0 0 0.050000000000000003,wrist_3_link,-1,0,0 0 0,0 0 0,,0.13270268801890381 -1.4751223768809036 0.045577370809906828 -1.5151151603483088 0.018121014122703047 0.010816357759094328,0.014415619509068184 0.017549961009307651 0.00041008513154026493 -0.023628694930810101 -0.025095706215670283 -0.020931187134132796,0.25983285262675349 -1.4406917372189907 0.029562456978686528 -1.6352016540297145 -0.11534230790041787 -0.10227286223343912,-0.15084190823509647 -0.17158888693446436 -0.19619037859800817 -0.15220067814774477 -0.087777582660857764 -0.074675931995529438,0.13546552218553484 -1.47444799978519 0.043346531916302763 -1.5213840038047217 0.011990710340464653 0.0056336362250155314,0.19587398793930871 0.085838606178836957 -0.15124425294605259 -0.47199835818824265 -0.46063386567450654 -0.389109418723314,7.7978849265594015 -42.745996202444417 -22.531517203780272 -2.4571856763163042 0.4162265644505338 -0.019792688489248117,0.031772315986586364 -14.42151616011688 -6.2664664856731065 -0.42852843313812627 0.19646793165881959 0.064532265865118177
ur,tetrapga,3.354958386,0.251083649,0.352116117,0.044131161,34.789463,42.25201,4.348682875,1,0,0,0.799163002,0.024226694,1,0,0,0,0 0 0.050000000000000003,0 0 0.050000000000000003,0 0 0.050000000000000003,wrist_3_link,-1,0,0 0 0,0 0 0,,0.13336148692941496 -1.4743328627071852 0.045526630606312797 -1.5163270525279307 0.016863243211438478 0.0097653831036152196,0.01286197046478651 0.017243349154245077 -0.000231124053817707 -0.023931753747257409 -0.024945462582697499 -0.020830993983935026,0.25345846687153012 -1.447875556276214 0.021408198637001795 -1.6414731795131066 -0.11890166573050857 -0.10531877256551689,-0.1550778426361705 -0.17317611793880183 -0.19514649478297785 -0.14878013481225774 -0.083042909962120603 -0.071506156972193521,0.1357866794894543 -1.473740159595317 0.04312786400646057 -1.5227176115443999 0.01072106823038152 0.0045630551044702665,0.1716468664975157 0.081283956358809167 -0.16358965685607979 -0.48276042225947002 -0.46323856819649611 -0.3920568199808746,7.6998392026305371 -47.710465616389982 -25.068600830438069 -2.6493264677627275 0.44941553700366588 -0.020392331233520272,0.046869039210946539 -14.563283074815445 -6.3099324251485029 -0.42745069061038521 0.19607691014011763 0.06422466766847279
ur,tetrapga,3.397305982,0.252570686,0.35028056,0.044393351,34.078452,41.395359,4.2598065,1,0,0,0.817024146,0.020923736,1,0,0,0,0 0 0.050000000000000003,0 0 0.050000000000000003,0 0 0.050000000000000003,wrist_3_link,-1,0,0 0 0,0 0 0,,0.13392773518959383 -1.4735845231155364 0.045443253304191737 -1.5175229795905474 0.015645716193220784 0.0087464369098147199,0.011527908923887394 0.017050319395332695 -0.00092626594639229093 -0.024558006298622443 -0.025127420152090456 -0.021015235537930523,0.24680291163494955 -1.4552400860839514 0.013170449497488556 -1.6476971280875612 -0.12231493398000218 -0.10827768048138189,-0.1592251693478188 -0.17460645093677049 -0.19387163534835089 -0.14513821158171511 -0.078145761038487138 -0.06822850988237672,0.1360349219967904 -1.4730495569714999 0.042880042362671372 -1.5240644551939504 0.0094614520139631089 0.0034978193947955713,0.14721433215836038 0.076598047990806412 -0.17568953658204473 -0.49301995330987824 -0.46524252472999073 -0.39461582654360206,7.5844176393827034 -52.686711830124395 -27.605436326446732 -2.8403836625345633 0.48245595428733978 -0.020965903779828324,0.054255402018611676 -14.649805874940284 -6.3289174006056612 -0.4225072522112896 0.19633156088630699 0.064796046728991641
ur,tetrapga,3.438793418,0.254471857,0.348267836,0.04461969,34.0315,41.498404,4.2539375,1,0,0,0.83964299,0.016377466,1,0,0,0,0 0 0.050000000000000003,0 0 0.050000000000000003,0 0 0.050000000000000003,wrist_3_link,-1,0,0 0 0,0 0 0,,0.13443004399185801 -1.4728452109752557 0.045327830936677124 -1.5187478255741216 0.014420856948273643 0.0077195383701949829,0.010203653143418064 0.016808923510644044 -0.0016271237891179104 -0.025155846666775703 -0.025277360813593455 -0.021179034554928648,0.24011550596929945 -1.4625100178630521 0.0051567135700082423 -1.6536417973375144 -0.12545613728697688 -0.1110407954345338,-0.16313077945021986 -0.17582810330620377 -0.19241546001527762 -0.14141313087423307 -0.073271271688049505 -0.064965737043891011,0.13621544174272499 -1.4723732138799042 0.042604685049807856 -1.5254266705773354 0.0082086532263484693 0.0024350660340685293,0.12286984355014223 0.071771261684160773 -0.18740644998351086 -0.50256627416272481 -0.4665626568464773 -0.39670160605358007,7.4694892817034946 -57.593009541204459 -30.093587160835746 -3.0266894115767746 0.5147806444697246 -0.021499737720256228,0.060367843106405417 -14.724497589728344 -6.3421959477376504 -0.41725211262109951 0.19638617046294726 0.065304646132897659
ur,tetrapga,3.48039194,0.256853907,0.34598017,0.044619351,34.093063,41.624524,4.261632875,1,0,0,0.868140391,0.012306529,1,0,0,0,0 0 0.050000000000000003,0 0 0.050000000000000003,0 0 0.050000000000000003,wrist_3_link,-1,0,0 0 0,0 0 0,,0.13486884180339953 -1.4721214196686072 0.045182730428432315 -1.5199905809562113 0.013198684448125698 0.0066928927901160453,0.0090367575771394901 0.016653426726210407 -0.002417771709152047 -0.026092316139343 -0.025754619797924812 -0.021625162430565871,0.23325081951206031 -1.4698465783959977 -0.0028135829424035825 -1.6594440614276607 -0.12840124031750155 -0.11367439181556048,-0.16688700327621978 -0.17687369857895149 -0.19075168725932801 -0.13752700191247358 -0.068314219857664324 -0.061646248952379482,0.13633068851641661 -1.4717126651605317 0.042303682592367962 -1.5268002586836471 0.0069658518274621547 0.0013772529438090091,0.09856834291932734 0.066831451715415893 -0.19875314334423858 -0.51145411460953971 -0.4672271262221106 -0.39834080853564613,7.3411331158292858 -62.451314480606491 -32.547855688889108 -3.2090885758579635 0.54649947098367868 -0.021992511728747256,0.055934613493036522 -14.724385791613713 -6.3220192841922369 -0.40729017647936416 0.19691582857166878 0.066686664368608817
ur,tetrapga,3.522110492,0.259581418,0.343779981,0.044940347,34.143774,41.500425,4.26797175,1,0,0,0.902007643,0.009144443,1,0,0,0,0 0 0.050000000000000003,0 0 0.050000000000000003,0 0 0.050000000000000003,wrist_3_link,-1,0,0 0 0,0 0 0,,0.13526177189802549 -1.4713715240141225 0.044999185420204132 -1.5213203920577894 0.011913060739564149 0.0056104779587114227,0.0075661517839108652 0.016286629383600339 -0.0029913982712758561 -0.02626831304228356 -0.025489093678687128 -0.021450745213017878,0.2262128008924546 -1.4772442220852837 -0.010733139935610887 -1.6650976348174609 -0.13114640487725199 -0.11617595744064328,-0.17049011456108176 -0.17774132635871434 -0.18888070241757138 -0.13348298307677256 -0.063279865159444643 -0.058272374694773844,0.13638997049893742 -1.4710482638351854 0.041973686057620467 -1.5282171554593529 0.0057022153700906388 0.00029814253525045718,0.074217536464560613 0.061728844017637861 -0.20971849358343198 -0.51960376107963258 -0.46715511417806205 -0.3994653645014552,7.2092043815579556 -67.271014003021477 -34.979151433218945 -3.3895864159155762 0.57785270894154728 -0.022480927538978804,0.067325551511999038 -14.830314614835515 -6.3479436002562011 -0.40541988778568339 0.19583811261174588 0.066150671508595771
ur,tetrapga,3.563709545,0.262770616,0.341347357,0.045134312,34.125086,41.377292,4.26563575,1,0,0,0.940898609,0.005063012,1,0,0,0,0 0 0.050000000000000003,0 0 0.050000000000000003,0 0 0.050000000000000003,wrist_3_link,-1,0,0 0 0,0 0 0,,0.13557333377555827 -1.4706619806817882 0.04479033948194925 -1.5226268843991517 0.010672125126365877 0.0045629193903423838,0.006243538495946244 0.016093642037724096 -0.0036380822154885163 -0.026841948369105834 -0.025606722194256765 -0.021605042246733611,0.2190487271896889 -1.484652951378947 -0.018548136134520887 -1.670564076320131 -0.1336733945553906 -0.11852933862113212,-0.17391638986253338 -0.17842555416871056 -0.18681590865231809 -0.12930970781474951 -0.058204077034960826 -0.054866961155877844,0.136381049708348 -1.4704026830925141 0.041619635977512372 -1.529638803772295 0.0044555744548053777 -0.00077073386684903137,0.049924696387522297 0.056554895746484625 -0.22029709903430411 -0.5270979803806527 -0.466449474178109 -0.40015810370591542,7.0697069698123363 -72.04112284819557 -37.374219411007715 -3.5660642190692116 0.60860249790913545 -0.022927429307883804,0.073141016471936382 -14.894323095777509 -6.3549323346493338 -0.39965380988451216 0.19565522600707652 0.066629978656988165
ur,tetrapga,3.605155319,0.266331165,0.338672224,0.045193394,34.475757,42.166359,4.309469625,1,0,0,0.984395628,0.000688664,1,0,0,0,0 0 0.050000000000000003,0 0 0.050000000000000003,0 0 0.050000000000000003,wrist_3_link,-1,0,0 0 0,0 0 0,,0.13581896747165645 -1.4699708047388833 0.044557608863582815 -1.5239369483162934 0.0094475604387108704 0.0035263931075449873,0.004939620006653783 0.015830886626733279 -0.0043572871129646355 -0.02749921079991036 -0.025787561010140143 -0.021821201767432172,0.21177278819013576 -1.4920589556547006 -0.026244862729971875 -1.6758349233763328 -0.13598006035508201 -0.12073237961479767,-0.17716183601768346 -0.17892734758250048 -0.18456380261426075 -0.12501748575388311 -0.053098498334223948 -0.051436662636148212,0.13630589903521242 -1.4697766387749427 0.041244651295592349 -1.531059345759771 0.0032305729926775818 -0.0018255847678306427,0.025736305651277193 0.05126314259445347 -0.23049639061952662 -0.53393371443476534 -0.46512430676019229 -0.40042679852244467,6.9235936850445707 -76.739008453955549 -39.724056796090863 -3.738165453394672 0.6386401946606175 -0.023340244739201439,0.073276530761177128 -14.913820125454549 -6.3420277825587164 -0.3918609917491267 0.19536082155952172 0.06730160744578928
ur,tetrapga,3.647436209,0.270237649,0.336062461,0.045431515,34.09721,41.476444,4.26215125,1,0,0,1.033708481,0.001984723,1,0,0,0,0 0 0.050000000000000003,0 0 0.050000000000000003,0 0 0.050000000000000003,wrist_3_link,-1,0,0 0 0,0 0 0,,0.13601199402409955 -1.4692555255739965 0.044283128675503818 -1.525337416344841 0.0081594763352520177 0.0024327854811401683,0.0035849815950399367 0.015490269387107538 -0.0048793885429449617 -0.027672340998209252 -0.025536680962790381 -0.021674017068400359,0.2042153211203421 -1.4996317303004296 -0.033996339973426021 -1.6810258698877083 -0.13811424085566509 -0.1228325687277034,-0.1802969047807306 -0.17925413866174705 -0.18206902227800181 -0.12050650658943625 -0.047847428179576039 -0.047902378307490071,0.13617016738345741 -1.4691494664660476 0.040841155803526027 -1.5325190782566325 0.0019903389017598841 -0.0028980523910492207,0.0014026067251693367 0.045826963552701543 -0.24034177275288551 -0.54008715054095346 -0.4630857202757323 -0.40020659346311344,6.7619776812226933 -81.42685217412911 -42.067020217437168 -3.9091666954717539 0.66843599264842868 -0.023743257409243754,0.081543762933620201 -14.992400056662518 -6.3547840177159856 -0.38883949236060289 0.19408495237879286 0.066850021645152857
ur,tetrapga,3.689004795,0.274414196,0.3332741,0.04560474,28.783224,36.195985,3.597903,1,0,0,1.10509741,0.007294293,1,0,0,0,0 0 0.050000000000000003,0 0 0.050000000000000003,0 0 0.050000000000000003,wrist_3_link,-1,0,0 0 0,0 0 0,,0.13613248968372696 -1.4685788251632279 0.04398941080868176 -1.5267090773733099 0.00691896078820331 0.001375942505757061,0.002278284402534581 0.015303171311645235 -0.0054763946732988246 -0.028188964523307557 -0.025595559638235409 -0.021796214355068788,0.19665961400072834 -1.5070865886463898 -0.041510394970070759 -1.6859408102166422 -0.13999527401188583 -0.12475104350408493,-0.18320353785700619 -0.17939328830844103 -0.17942536945571547 -0.11594723737321108 -0.042650055825781533 -0.044396913361688037,0.1361371165189233 -1.4690187291964483 0.038682470713192238 -1.5368452932833359 -0.0016942695964087709 -0.0060869811720887668,-0.0041313580668022737 0.016342158699792088 -0.26983563629198914 -0.54077687833825472 -0.46057606227131498 -0.39861609763017175,8.0428966646053972 -77.831908892842378 -34.103412040019535 -2.6512515522513613 0.53474192475438653 -0.0024686745896003665,0.08749599962686716 -15.049564128210477 -6.3574804623562784 -0.38295518571339926 0.19362320052367288 0.067230141593700665
ur,tetrapga,3.725297992,0.27827426,0.330150775,0.045345455,28.709386,36.124377,3.58867325,1,0,0,1.16714794,0.028163817,1,0,0,0,0 0 0.050000000000000003,0 0 0.050000000000000003,0 0 0.050000000000000003,wrist_3_link,-1,0,0 0 0,0 0 0,,0.13618297677519348 -1.4680041311386858 0.043707848785089848 -1.5279224270206666 0.00583962818022064 0.0004530752270406281,0.0010464990433853864 0.015643387788334431 -0.006578023126944047 -0.03031813435215126 -0.027066928077000684 -0.023136352177412493,0.18996672850931923 -1.5135972891985841 -0.047978096348060162 -1.6900751920759096 -0.14146048175726841 -0.12630646761245595,-0.18559705716739633 -0.1793673553525463 -0.17696521381265548 -0.11187054483050114 -0.038089704325355814 -0.041314236043506133,0.1356945100183366 -1.4675124821929062 0.041823733729875211 -1.5323534845015967 0.0021844984689770846 -0.0027404511911619991,-0.061058344607108406 0.061456118222446066 -0.23551438190183005 -0.55388218511624843 -0.4568912139054444 -0.39919080227532838,4.4900846402719194 -98.524693919581338 -56.885662532931775 -5.655850971253451 0.88588691646487705 -0.046018932941384275,0.07552111631673597 -14.964000311536438 -6.2954524816778132 -0.36240290802106756 0.19659946998025912 0.071373091077730599
ur,tetrapga,3.761526873,0.28225194,0.326870113,0.044986198,28.601005,35.910946,3.575125625,1,0,0,1.195450864,0.023002903,1,0,0,0,0 0 0.050000000000000003,0 0 0.050000000000000003,0 0 0.050000000000000003,wrist_3_link,-1,0,0 0 0,0 0 0,,0.13618786357690366 -1.4674159655240462 0.043401496145809293 -1.5291846217086689 0.0047311925571611457 -0.00049763726104783482,-0.00032672984817400726 0.015787804959133601 -0.0077600573475876183 -0.032352574711186528 -0.028396202179277762 -0.024372641945879635,0.18320152011084509 -1.520093033853209 -0.054342763992696837 -1.6940531307596183 -0.14275771850036065 -0.12774721837286612,-0.18785069993875836 -0.179204735814463 -0.17437066961802611 -0.10771605792450564 -0.033521430659934369 -0.038218996531288935,0.13505622618376398 -1.46729051815582 0.039536849726104911 -1.5368011917931059 -0.0014578911355549364 -0.0059225817177694963,-0.079785479321576633 0.027745504635777476 -0.28586050047128753 -0.55596341143865902 -0.45529870056650262 -0.39776631582593724,9.2986373823429886 -95.307864332778422 -42.691945150931573 -3.307371193685305 0.66059113106821354 -0.0035990724563229447,0.059707075560254452 -14.845445176865724 -6.2181363949958666 -0.34121467110162484 0.19888636296248041 0.075197031488357879
ur,tetrapga,3.797528474,0.285292054,0.314344709,0.051171147,28.538946,35.798753,3.56736825,1,0,0,1.252077694,0.00991109,1,0,0,0,0 0 0.050000000000000003,0 0 0.050000000000000003,0 0 0.050000000000000003,wrist_3_link,-1,0,0 0 0,0 0 0,,0.13615648424242069 -1.4668041251915671 0.042745953856484782 -1.5311521553020073 0.0030297665231249927 -0.0019622039271671179,-0.00095130169751250998 0.015171549522267496 -0.020804590236422279 -0.056216475300730276 -0.048584046400006138 -0.041880707683931491,0.17640031439908643 -1.5265397567299681 -0.06057194949364287 -1.6978555586051318 -0.14388265271287212 -0.12906756046225887,-0.18995462858882856 -0.17890823670607908 -0.17165762783545666 -0.10350758322660962 -0.028970674635390273 -0.035127707474814751,0.13441027825784849 -1.4673838968211086 0.037080491788853982 -1.5412472554534429 -0.0050732961888146026 -0.0090903470800250737,-0.08074349073943568 -0.011672333161077429 -0.30704474215636596 -0.55575795754212121 -0.45192563165745825 -0.39597067028194721,9.9878371913906268 -89.018521365068551 -38.171670277972574 -2.9365407307442002 0.59465979211775721 -0.0024881367881156484,0.35464153080818051 -16.886478540234748 -6.9790027414884435 -0.24637227031962539 0.2723865184401455 0.1291558187056765
ur,tetrapga,3.833421909,0.290475739,0.336523642,0.033135617,34.233483,41.528664,4.279185375,1,0,0,1.285001344,0.000525597,1,0,0,0,0 0 0.050000000000000003,0 0 0.050000000000000003,0 0 0.050000000000000003,wrist_3_link,-1,0,0 0 0,0 0 0,,0.13607713274710007 -1.4663987955009288 0.042638640731929543 -1.5317587512396256 0.0025199997849916708 -0.0024068649023909318,-0.0028170246188924373 0.013847819427179948 0.0053646947306168662 -0.0048180918497794985 -0.0038453977432239008 -0.0033876999957338765,0.16954657438954843 -1.5329540870189833 -0.066682822001912265 -1.7014943669099993 -0.14484098122452366 -0.13027290482505274,-0.1919164750810142 -0.17847928769335619 -0.16882162410577195 -0.09923643083482335 -0.024427185566519297 -0.032032711679657669,0.13446417455606463 -1.4668657881363227 0.03757776886444536 -1.5409651301359013 -0.004848498721384758 -0.0088978366909830773,-0.097441368301201953 0.0031947530869691383 -0.28522467449330074 -0.55776584867088674 -0.44648131493416154 -0.39365383747188443,5.9893082527088044 -97.036613370596072 -49.735567400935061 -4.4723990982242103 0.7613239684388613 -0.025658300129223457,-0.49613857173585529 -10.934753464202004 -4.5959166251934107 -0.38440359981177608 0.096217319740044438 0.010586512884808386
ur,tetrapga,3.875041289,0.295719143,0.318472383,0.048480357,28.678389,36.056977,3.584798625,1,0,0,1.374255998,0.035250056,1,0,0,0,0 0 0.050000000000000003,0 0 0.050000000000000003,0 0 0.050000000000000003,wrist_3_link,-1,0,0 0 0,0 0 0,,0.13577212010356215 -1.4656043495121189 0.042330789168171727 -1.5331821027831014 0.0013490480655049615 -0.003426650718084955,-0.0076890370140653081 0.018755266857862708 -0.0089292251387093572 -0.035184347203031985 -0.029089791218373146 -0.025342363237749081,0.16151471369486475 -1.5403690986303307 -0.073637896590042731 -1.7055199401104506 -0.14574795008280989 -0.13153117573843023,-0.19402010321100874 -0.17781605383108059 -0.16537289822654169 -0.094195247808975771 -0.019156986995672629 -0.028430838478345866,0.13358585075045767 -1.4671339528310363 0.035007127681028267 -1.5454338481391934 -0.0084027813533397618 -0.012034606386282194,-0.10979047570086939 -0.033520586839206293 -0.32133014792713666 -0.5585897504115076 -0.44428532899437539 -0.39209621191238958,9.4968341676369832 -92.011376545900561 -40.329400040548421 -3.0982918513902673 0.62089000977974829 -0.0030601373761271209,0.23599105684968436 -15.998517840818749 -6.6394762932740718 -0.34696720579449902 0.20568768033736484 0.078168279469720048
ur,tetrapga,3.91119298,0.298910855,0.304278557,0.053775313,28.622353,36.288063,3.577794125,1,0,0,1.455210366,0.019843599,1,0,0,0,0 0 0.050000000000000003,0 0 0.050000000000000003,0 0 0.050000000000000003,wrist_3_link,-1,0,0 0 0,0 0 0,,0.135364706895894 -1.4649402718212179 0.041511274320134454 -1.5353914521549781 -0.00046382396438119039 -0.0050084595986577204,-0.010620743921648567 0.014700887024349282 -0.023719777437387918 -0.057837862018786622 -0.047432698499751402 -0.041445199669625295,0.1544698244928587 -1.5467848398401489 -0.079560168505766249 -1.7088449918841127 -0.1463578074755307 -0.1325023075012188,-0.1956970197461837 -0.17709625843054247 -0.16224080629808543 -0.089743931207015584 -0.014582816268373095 -0.025293412896835205,0.13409455154673827 -1.464619679394521 0.039404057660417442 -1.5398788217034942 -0.0039023393343386981 -0.0080902777923830375,-0.15876941864446695 0.040074053337113641 -0.26340208246462637 -0.56092119356451897 -0.42981442124468855 -0.38522727421566472,1.4174794119251555 -118.53695510632329 -66.745260456653412 -6.2572001356792466 0.99109445876030899 -0.045099351587456572,0.50480864600751829 -17.745853445227112 -7.2612785326688822 -0.24934646181918652 0.27145346153178984 0.12780597592626108
ur,tetrapga,3.947584583,0.302909044,0.307144705,0.04486338,28.61318,35.854868,3.5766475,1,0,0,1.481089215,0.033490038,1,0,0,0,0 0 0.050000000000000003,0 0 0.050000000000000003,0 0 0.050000000000000003,wrist_3_link,-1,0,0 0 0,0 0 0,,0.13508121027162698 -1.4645342017434921 0.040831988695366001 -1.5370585465234221 -0.0018254612234582036 -0.0062013535838012701,-0.0063119104680177066 0.0096194777531190163 -0.015232434317259862 -0.038262406840582748 -0.031227938892563797 -0.027378900312286132,0.14731953368542564 -1.5532144404082893 -0.085405104886144445 -1.712028418016466 -0.14680483726398355 -0.13336521921653607,-0.19724291018530335 -0.17623768453376396 -0.15896302041243357 -0.085199733850303411 -0.0099867381189015104 -0.02212951829052107,0.13256486202245463 -1.4646440994865584 0.036817636357577233 -1.544381392029017 -0.0073405917509506728 -0.011163734414318872,-0.19121119053545699 -0.0030525115046872789 -0.3233026628550264 -0.56282129069033993 -0.42978155207649688 -0.38418207774197943,10.757065146590476 -113.40131577577755 -50.807856992870384 -3.8917582920006319 0.77085080162460207 -0.004409496226418245,0.062628987396919911 -14.804915261534916 -6.0496428902415005 -0.27593049693314242 0.20134327077964009 0.084496185674918678
ur,tetrapga,3.983530461,0.305993107,0.295423633,0.051352653,28.976388,36.251522,3.6220485,1,0,0,1.534667633,0.026708557,1,0,0,0,0 0 0.050000000000000003,0 0 0.050000000000000003,0 0 0.050000000000000003,wrist_3_link,-1,0,0 0 0,0 0 0,,0.13465358538825953 -1.4641418231915271 0.039830365688681521 -1.5393479982545095 -0.0036739110888277097 -0.0078245267321966471,-0.011520245468761554 0.0073972021149715647 -0.028866798655151661 -0.06029482539980878 -0.048602303719307537 -0.042746967253474412,0.14020413090033865 -1.5595322503950413 -0.091059177223415999 -1.7150094489454701 -0.14708241395725313 -0.13410446515093014,-0.19862904109658916 -0.1752586121287589 -0.1556054563409742 -0.080653216128643096 -0.0054599472314921585 -0.019001211412294824,0.13101174893249892 -1.4650537283767686 0.034022915362864968 -1.5488863252846174 -0.010743450491911477 -0.014220849473226157,-0.19413913624446147 -0.051203611276292783 -0.34934012433903311 -0.56311665695006463 -0.42535734262010044 -0.38213938236341066,12.110239806815438 -105.56310597202639 -45.235094806700388 -3.4523787259153833 0.6976667424721078 -0.003073070482758883,0.40221874988935724 -16.946375532900674 -6.8413063736388438 -0.19489935293859162 0.26678243196766971 0.13185453305080941
ur,tetrapga,4.019882244,0.311884677,0.32412214,0.024876626,28.705344,36.251954,3.588168,1,0,0,1.618049177,0.041249629,1,0,0,0,0 0 0.050000000000000003,0 0 0.050000000000000003,0 0 0.050000000000000003,wrist_3_link,-1,0,0 0 0,0 0 0,,0.13452125363380912 -1.4639301474421764 0.03971143295425901 -1.5397425933543867 -0.003963478563742592 -0.0080912872156098416,-0.002407294133966969 0.012370441236241019 0.0070101986375042643 -0.00046654012645488431 0.00029906474266029793 9.1410506685570281e-06,0.13296029578249022 -1.5658832282025998 -0.096652207351616129 -1.7178569418139726 -0.14719794810879946 -0.13473767592763311,-0.19988777162948451 -0.17413715055899834 -0.15209201085537236 -0.076001273136612188 -0.00089988649817302586 -0.015836811325752837,0.12949175930339565 -1.4658244784748027 0.03107429173722253 -1.5533870189720362 -0.014121807175585527 -0.017263705250311422,-0.18999870363790966 -0.096343762254265844 -0.36857795320530451 -0.56258671092734014 -0.4222945854592563 -0.38035697213565833,11.647117709369773 -97.800196978594201 -41.469756930045094 -3.1589694319935671 0.64076322635809979 -0.0026323919332035236,-0.89998284085174873 -8.2092864298410859 -3.3295939402534032 -0.2981666003652208 0.059313346067855655 0.00020659335018535785
ur,tetrapga,4.05623634,0.317090345,0.306449385,0.047581393,28.68563,36.052111,3.58570375,1,0,0,1.727156609,0.010658665,1,0,0,0,0 0 0.050000000000000003,0 0 0.050000000000000003,0 0 0.050000000000000003,wrist_3_link,-1,0,0 0 0,0 0 0,,0.1340465811377233 -1.4632114090489061 0.039514335434877375 -1.5408351147473782 -0.0047903208650168783 -0.008832807076027762,-0.015307338459852202 0.020733210994342957 -0.0085931507194178768 -0.034539752000264955 -0.026446596301934099 -0.023667131731567644,0.12567286279527518 -1.5721914562294952 -0.10211575538485446 -1.7205345739201137 -0.14714810510520335 -0.13525590733826243,-0.20100209961475274 -0.17288473196635887 -0.14846306192406533 -0.071299224376407538 0.0036378008367673408 -0.012673878257075713,0.12801488977634917 -1.4669267315198844 0.027992201000309046 -1.557881314073448 -0.017479288443355029 -0.020293111444825901,-0.18460869088081133 -0.13778163063521426 -0.38526134211418539 -0.56178688767648011 -0.41968515847118748 -0.37867577431430977,10.804149252088642 -90.434253365326441 -38.181877887775748 -2.9019877998216193 0.58889890338753315 -0.0023594335295273085,0.21230374472941094 -15.701859564018378 -6.3966796733406284 -0.3162913486985417 0.18991342001469569 0.073028223262898706
ur,tetrapga,4.09238807,0.32084902,0.291503955,0.056924379,28.718418,36.318665,3.58980225,1,0,0,1.799860082,0.070077387,1,0,0,0,0 0 0.050000000000000003,0 0 0.050000000000000003,0 0 0.050000000000000003,wrist_3_link,-1,0,0 0 0,0 0 0,,0.13322257109240679 -1.4625106022022942 0.038730427102992217 -1.5429048927526552 -0.0063692792030555978 -0.010245429061437553,-0.023598087497665832 0.015941983304606226 -0.025635003447458653 -0.059095554655343788 -0.045049784501642667 -0.040364144759039461,0.11838842528102346 -1.5784170870085323 -0.10741604415894247 -1.7230269615973477 -0.14693542821250891 -0.13565729326261614,-0.20196643834581446 -0.17151077849788579 -0.14474342583017594 -0.066578549487724098 0.0081230981570372812 -0.0095326275736186596,0.13121408028604212 -1.4623201516385729 0.036504023384156661 -1.5473370423592443 -0.0095087707728020946 -0.013153999568424789,-0.25106135079558506 0.023806320465159167 -0.2783004648544441 -0.55401870082362648 -0.39243644621831208 -0.36357131337340443,-1.4554385712650664 -137.25885829462419 -76.146528571518516 -6.8594345973728537 1.0915909640952015 -0.045163165009001464,0.69664997941833917 -18.785045157876993 -7.5734014427918055 -0.24979651871672104 0.26555779338455565 0.12446193271523143
ur,tetrapga,4.128797084,0.32339065,0.279709756,0.059101599,28.635291,36.379811,3.579411375,1,0,0,1.813018755,0.013719623,1,0,0,0,0 0 0.050000000000000003,0 0 0.050000000000000003,0 0 0.050000000000000003,wrist_3_link,-1,0,0 0 0,0 0 0,,0.13214631771495972 -1.4620777639894535 0.037350266499059738 -1.5457585663063984 -0.0085343909473835373 -0.012186871840295157,-0.028308862367552434 0.0051595231251541042 -0.041005120089756528 -0.075845532130536172 -0.057374198295172728 -0.051547338156286093,0.11101954864085022 -1.5846344908054886 -0.11261616769409875 -1.7253638509614799 -0.14655791863360085 -0.13594687045056289,-0.20279232060247129 -0.16999893372358688 -0.14088911358990988 -0.061783797031311316 0.01260831083844428 -0.0063755653023261621,0.12885277152429916 -1.4625413861627279 0.033718901888453293 -1.5517761325773638 -0.012680277153313123 -0.01606381259388464,-0.29516359521787044 -0.027654315519378504 -0.34814018696292104 -0.55488627726492923 -0.39643829756387844 -0.36372662818248147,12.204733605852468 -130.37267216999513 -58.438782583268114 -4.4401432308344342 0.87352103274682058 -0.0051892562257133019,0.8414533778028499 -19.503527604309056 -7.7492237315397716 -0.15492375504163647 0.30577098822734783 0.15895629080825557
ur,tetrapga,4.165272991,0.324891415,0.270792968,0.056794048,28.660937,35.986387,3.582617125,1,0,0,1.853804771,0.006228967,1,0,0,0,0 0 0.050000000000000003,0 0 0.050000000000000003,0 0 0.050000000000000003,wrist_3_link,-1,0,0 0 0,0 0 0,,0.13091895477375012 -1.4620816926171827 0.035420683809260251 -1.5491800919493903 -0.011113366733062761 -0.01450522490772342,-0.03063220625977767 -0.0077079763947075219 -0.053906610506603697 -0.086884515469597801 -0.065235692029282977 -0.058767213136533304,0.10360965101482296 -1.5908057941161335 -0.11768319753186084 -1.727529309600309 -0.14601662078145933 -0.13612187435915599,-0.20347318867109782 -0.16835690787794055 -0.13692250722504887 -0.056944237455547664 0.017064899720370227 -0.0032217346368636165,0.12866682408986355 -1.4621661660508156 0.03308477144213165 -1.553495912314776 -0.014052866602862209 -0.017277501318984992,-0.28151633548582333 -0.010559179204109967 -0.29198904589107499 -0.53947754567319983 -0.36743748372493096 -0.34653455140769673,-2.5811974572915588 -137.80627094295505 -75.588431738136151 -6.6716232911485704 1.0642844291561606 -0.041683487432814026,0.77629568863108034 -18.742035690326702 -7.303921648344911 -0.047467578163377766 0.32213814504900284 0.18126570271899567
ur,tetrapga,4.20135611,0.331022718,0.317687289,0.005703934,28.681844,36.011904,3.5852305,1,0,0,1.869879174,0.104943631,1,0,0,0,0 0 0.050000000000000003,0 0 0.050000000000000003,0 0 0.050000000000000003,wrist_3_link,-1,0,0 0 0,0 0 0,,0.13093981287911899 -1.4623412706000642 0.035253711799144369 -1.5491437775630896 -0.011030867340204272 -0.014457673438797274,0.006680492463926861 0.0053268760359986142 0.014595831127229061 0.018632352650106949 0.01538207716272204 0.013234733880655119,0.096257726606489138 -1.5968494638636956 -0.1225514861368768 -1.7294971923265758 -0.14532193598223217 -0.13618200369163591,-0.20400223606756818 -0.16660868979682286 -0.13289870330375073 -0.052126033386234484 0.021432653526796866 -0.00011315924983945773,0.12601389913082853 -1.4626761444247556 0.030206685365061763 -1.5578332940217436 -0.01697847674108997 -0.020038860547798298,-0.33161561987937904 -0.063747296742483875 -0.35976075963373605 -0.54217271337095041 -0.36570126727847024 -0.34516990360166316,11.949273644621206 -130.47783432031792 -58.368619660884903 -4.4187881998372225 0.86818436725154013 -0.0051858624258773814,-1.8822982952804068 -1.5092652378853018 -0.3890874715321786 -0.17371377671497612 -0.038581340476603998 -0.040383579915047818
ur,tetrapga,4.237457404,0.336970654,0.298913534,0.041516531,28.66726,35.944557,3.5834075,1,0,0,1.913486307,0.161804547,1,0,0,0,0 0 0.050000000000000003,0 0 0.050000000000000003,0 0 0.050000000000000003,wrist_3_link,-1,0,0 0 0,0 0 0,,0.13051570852281819 -1.4616862631256755 0.035346286590978528 -1.5496415974015747 -0.011345233769392362 -0.014764187688459631,-0.016542527370970846 0.022386752209428207 -0.00039162397151120293 -0.020419951394916445 -0.014014153283251368 -0.013196092690959355,0.088885591766384123 -1.6028308488758254 -0.12727518744417943 -1.7312915969346221 -0.14446998089903088 -0.13613015001040701,-0.20438765873761028 -0.16473797313872629 -0.12877718397766688 -0.047279467090637115 0.025757493699330405 0.0029833711924702401,0.12332414137402584 -1.463635690559953 0.027079243683736827 -1.5621723027948 -0.019880084840915198 -0.022786479663284762,-0.33621971960033659 -0.11994326689967066 -0.39093021016561691 -0.54237609663205777 -0.36270101247815323 -0.34345238943580797,14.210669317075531 -121.0428615669716 -51.76666703320889 -3.9149746105207752 0.78850724283214335 -0.0036408537724142076,-0.067596715012314235 -13.700455271958162 -5.4617377921163239 -0.31401213014760287 0.1321127050037525 0.040787367658417395
ur,tetrapga,4.273494328,0.34225774,0.298550661,0.048799041,28.674116,36.013746,3.5842645,1,0,0,1.983860734,0.173124897,1,0,0,0,0 0 0.050000000000000003,0 0 0.050000000000000003,0 0 0.050000000000000003,wrist_3_link,-1,0,0 0 0,0 0 0,,0.12998990704811633 -1.4608715943585151 0.035235822754093919 -1.5506377529082902 -0.012077569925408021 -0.015433350539078895,-0.0137913290002633 0.023038806414101148 -0.0029170437745994317 -0.02758376519773819 -0.02058667929030145 -0.018724548780659697,0.081515312335647391 -1.6087320530534102 -0.13184040788005003 -1.7329079060738786 -0.1434647071671899 -0.13596717884048734,-0.20462888094885151 -0.16275103127407983 -0.12457136778506223 -0.042420338521422345 0.030025238480708906 0.0060584606475791933,0.12067444251393779 -1.4650159067047077 0.023769741190747255 -1.5665077093399418 -0.022761179635514436 -0.025520911948460498,-0.33121235751100525 -0.17252701809433679 -0.41368781162369667 -0.54192581814273222 -0.36013684932490458 -0.34180403564696693,13.768651818252451 -111.78685543672468 -47.259219541394579 -3.5681233387655089 0.72262937611444167 -0.0031063050804735898,0.2419824012602021 -16.103683600880686 -6.4677995944435906 -0.34285850324613421 0.16741634394994165 0.057761664617707709
ur,tetrapga,4.309602462,0.346282726,0.280106831,0.058471604,28.554897,36.056422,3.569362125,1,0,0,2.079478217,0.13367561,1,0,0,0,0 0 0.050000000000000003,0 0 0.050000000000000003,0 0 0.050000000000000003,wrist_3_link,-1,0,0 0 0,0 0 0,,0.12893213512004517 -1.4600913226268337 0.034595254614844001 -1.5525066276551156 -0.013402943298442946 -0.016659744490692793,-0.030872963708029159 0.016660234971564009 -0.022168150367922308 -0.05247030528674651 -0.036923661817272704 -0.034309526679014893,0.074124343123804504 -1.6145709687558114 -0.13626103664590863 -1.7343514688721797 -0.14230415253561679 -0.13569306311495918,-0.20472690378989536 -0.16064221476702656 -0.1202693000188781 -0.037535053906877454 0.034247595843106847 0.0091213408118076197,0.11807750237392313 -1.4667820408002323 0.020303673623254179 -1.570837545314586 -0.025623328963318943 -0.028242583600460919,-0.32461751750183265 -0.22076676194058745 -0.43325844593663454 -0.54122949683051869 -0.3577686659755635 -0.34020895650005278,12.794747457092711 -102.9964582694208 -43.33833314314046 -3.2639460954825923 0.66164978782224726 -0.0027786195767691224,0.78760986975066771 -19.29562941835411 -7.6705512823115782 -0.27776725759849796 0.23710891275597845 0.10577536666713172
ur,tetrapga,4.345722335,0.34905804,0.266160829,0.06127847,34.011163,41.330562,4.251395375,1,0,0,2.071869989,0.049441169,1,0,0,0,0 0 0.050000000000000003,0 0 0.050000000000000003,0 0 0.050000000000000003,wrist_3_link,-1,0,0 0 0,0 0 0,,0.12740525612637138 -1.459686737365631 0.033320113848927718 -1.5550490249875442 -0.015158770434551638 -0.018301082282173742,-0.042925618607382074 0.0046890681830580403 -0.040210304888796136 -0.070725498050787372 -0.048570876186042652 -0.045542180392229993,0.066730024789266318 -1.6203334963892126 -0.14052615648190644 -1.7356187879352853 -0.14099172263823229 -0.13530857508233651,-0.20468131005908982 -0.15841654520201987 -0.11588173576947887 -0.032636313426604883 0.038413144354445407 0.012164583249684106,0.11999373263002627 -1.4643541644772522 0.023844726288546673 -1.5671807651819494 -0.023096412136766442 -0.025898896436458287,-0.34345582751512088 -0.13997192429006955 -0.37089593094303458 -0.52968500386055006 -0.33817030472889409 -0.32838293689261955,3.2655025944327445 -125.68603800763604 -62.359585177592145 -5.1356777870642887 0.8853603426148291 -0.022304302947285724,1.0036935100245046 -20.22189511824763 -7.9129774183533357 -0.18012020091828163 0.27691080905773191 0.14042772293929318
ur,tetrapga,4.387153827,0.350989746,0.255143904,0.057187515,30.237209,38.049893,3.779651125,1,0,0,2.169678364,0.104157195,1,0,0,0,0 0 0.050000000000000003,0 0 0.050000000000000003,0 0 0.050000000000000003,wrist_3_link,-1,0,0 0 0,0 0 0,,0.12529410539505778 -1.4597926834942136 0.031195391737899637 -1.558532022570261 -0.01752596391902889 -0.020527767130087946,-0.048004428371194258 -0.011222847977132517 -0.054168526667129117 -0.079576922899728994 -0.053726530681489047 -0.050697906043834937,0.058253861762459308 -1.6268416476635188 -0.14522136765622906 -1.7368543984181661 -0.13930252945493063 -0.13473274230257754,-0.20445254475700833 -0.15572315632255637 -0.11075060986403913 -0.02700866931051819 0.043114152983279544 0.015626961859185697,0.11702197574897176 -1.4658803371488289 0.020503299276846847 -1.5714190331685196 -0.02580494954759097 -0.028521168995588837,-0.37146961013181362 -0.19077158394710172 -0.41767837646247835 -0.52978349832127403 -0.33856717635306605 -0.32778406989131864,12.184849459669449 -117.20714071535697 -51.176553194293426 -3.8438709227236965 0.76054332351076515 -0.0041155875736980313,0.87674361833342118 -18.871879803197771 -7.2061119237158096 -0.066967924945856794 0.28108211965170682 0.15639241783988211
ur,tetrapga,4.425291609,0.351475243,0.247942103,0.051210023,36.281652,44.031381,4.5352065,1,0,0,2.17279541,0.002136454,1,0,0,0,0 0 0.050000000000000003,0 0 0.050000000000000003,0 0 0.050000000000000003,wrist_3_link,-1,0,0 0 0,0 0 0,,0.12301226779997615 -1.4605041621140147 0.028573782951668361 -1.5623178870407217 -0.020067191433752248 -0.022929433121493918,-0.050659840118111726 -0.026231266458161682 -0.065395670090628633 -0.085343664806797309 -0.056902508825476442 -0.053947450910542732,0.050463172971312788 -1.632731219877114 -0.14935366925692131 -1.7377856230733661 -0.13757697586953282 -0.13407646018844935,-0.20407586998956886 -0.15311392458088133 -0.10593962181524279 -0.021826228692511725 0.047363469891568366 0.018784441495055322,0.11693793801302003 -1.4643790674705897 0.021569489272102199 -1.5709661033658269 -0.025427116730950522 -0.028207999716202858,-0.3848979701817411 -0.14835222989598196 -0.37113148026942533 -0.5122054076507836 -0.31138078003486386 -0.31033733220768545,3.4116234481516283 -131.22356124709103 -64.440396862461341 -5.2207462533363458 0.90545297578561157 -0.020948275186089035,0.65868500896056048 -16.899307657136887 -6.246683540878891 0.047036753716383828 0.27487645111705916 0.16648869985928627
ur,tetrapga,4.469421577,0.355413384,0.25710557,0.022588902,30.235681,38.142988,3.779460125,1,0,0,2.272174122,0.105622834,1,0,0,0,0 0 0.050000000000000003,0 0 0.050000000000000003,0 0 0.050000000000000003,wrist_3_link,-1,0,0 0 0,0 0 0,,0.12198297856420477 -1.4614029028100211 0.027026266246859148 -1.5640897879953013 -0.021191974658404746 -0.02402353501192259,-0.018073943631306971 -0.012415738913044289 -0.024499092035343992 -0.030890264770214976 -0.019528307611615635 -0.019042951842706161,0.041470514587908444 -1.639418754217389 -0.15390415280327427 -1.7386165708070034 -0.13538012969301269 -0.13316758807239251,-0.20344221234662227 -0.14994280836626603 -0.10027436521711479 -0.015834409083583582 0.052180696068353564 0.022398963459812762,0.11362304968114087 -1.4659969419530492 0.018220258391025906 -1.5750686014850517 -0.027912014204169049 -0.030683113309547354,-0.414361041484896 -0.20223431030744823 -0.4186538601345367 -0.5128122649030904 -0.31061218415231601 -0.3093891991680619,12.830089239456907 -122.13154095092251 -53.224772975971064 -3.989351097410923 0.7894211827627069 -0.0042847737845801096,-0.84969201200692623 -7.4543376000137869 -2.4542108354850569 0.0049528264244145248 0.096383229636252565 0.059046551431279681
ur,tetrapga,4.507662461,0.35800546,0.251066416,0.041472062,36.246869,43.93537,4.530858625,1,0,0,2.297884507,0.048528095,1,0,0,0,0 0 0.050000000000000003,0 0 0.050000000000000003,0 0 0.050000000000000003,wrist_3_link,-1,0,0 0 0,0 0 0,,0.12044019838106981 -1.4617746249206702 0.025504986185637738 -1.5663715353594467 -0.022660543177712794 -0.025442095887246507,-0.034419060377041281 -0.010901897099309384 -0.035866508189791937 -0.050285215989092705 -0.032307510584450666 -0.031263949138690045,0.033703963773282816 -1.6450980733598541 -0.15764357022127751 -1.7391229758913422 -0.13330635462979731 -0.13225173500097062,-0.20272242232793272 -0.14706619273237156 -0.095285479654808339 -0.010652746212271563 0.056263189337302892 0.025494244363927263,0.11364826298644934 -1.4650904014584438 0.018947932719691678 -1.57466864324316 -0.027555461790015664 -0.030396481139742897,-0.42292013058200051 -0.15057725269801475 -0.36433619608001799 -0.49357185261386127 -0.28364788738434299 -0.29173456766824601,2.827629198598272 -137.39966320996911 -67.708292334786194 -5.4547362445489309 0.94038643591244897 -0.021833660418332335,0.12628379531656719 -13.685780300688748 -4.9989071627121149 -0.06402321480345563 0.17550732392857782 0.096561078726345784
ur,tetrapga,4.551694947,0.362392742,0.258672712,0.031710534,30.331453,38.072737,3.791431625,1,0,0,2.388657475,0.130619344,1,0,0,0,0 0 0.050000000000000003,0 0 0.050000000000000003,0 0 0.050000000000000003,wrist_3_link,-1,0,0 0 0,0 0 0,,0.11928965073131045 -1.4619998875170928 0.024442135700102601 -1.5679470290162965 -0.023632721387653856 -0.026404202129870463,-0.022692277948115437 -0.00015718599117456013 -0.017916973629103401 -0.02991657341216581 -0.018496763052565625 -0.018315790370659748,0.024799368719246397 -1.6514982260533195 -0.16171121139881664 -1.7394610273153113 -0.13072746647781053 -0.13105151813695989,-0.20169861386774474 -0.14360985087209915 -0.089456391435781282 -0.0047060568124263182 0.060852015403408372 0.029012311590787567,0.11000163054684352 -1.4667487701581652 0.015626112481172752 -1.5786238500578111 -0.029819490427349798 -0.032723270769157667,-0.45582905495072829 -0.20729608746516937 -0.41522752981486571 -0.49440085183138127 -0.28300357966676698 -0.2908487036768464,13.431201242531412 -127.81510633193479 -55.75365231722806 -4.1709579893268636 0.82402366704128949 -0.0045605926867491806,-0.39236663252711423 -10.464476331132573 -3.7066854854953561 -0.086561828949015762 0.11055933066216994 0.056694810035395449
ur,tetrapga,4.589866645,0.365023364,0.249207276,0.047180886,36.290884,44.00058,4.5363605,1,0,0,2.418750762,0.073303936,1,0,0,0,0 0 0.050000000000000003,0 0 0.050000000000000003,0 0 0.050000000000000003,wrist_3_link,-1,0,0 0 0,0 0 0,,0.11750261007263148 -1.4620564576357313 0.023102290282524054 -1.5701572063335363 -0.024998177682672731 -0.027753832540086367,-0.039683116403579716 -0.0051902216799504224 -0.032575435721696099 -0.048763078175806301 -0.030014906147944179 -0.029742708733730503,0.017119836489547985 -1.656920907091765 -0.16502837094940628 -1.7395426414500303 -0.1283303556989541 -0.12988654588553497,-0.20064340124054186 -0.1404921395155353 -0.084335682781102234 0.00042578015180085222 0.064728021925235718 0.032019372909512449,0.11006477118507145 -1.4656542154866776 0.016484590136783262 -1.5781809394004496 -0.029452076058039938 -0.032419643169803572,-0.46091864058325638 -0.15645019871614865 -0.35995140563314276 -0.47380140059697839 -0.25540525037858441 -0.27263643939769466,2.8061879638817828 -142.73379057798388 -69.951536436603064 -5.5762504831909467 0.96386096874686589 -0.021247691871226725,0.4276013139521524 -15.569692471829512 -5.7568873437379793 -0.12249790876830957 0.17837568047590224 0.091802283101579008
ur,tetrapga,4.633963135,0.369184455,0.252146469,0.036701187,30.44168,38.264366,3.80521,1,0,0,2.501920205,0.135780463,1,0,0,0,0 0 0.050000000000000003,0 0 0.050000000000000003,0 0 0.050000000000000003,wrist_3_link,-1,0,0 0 0,0 0 0,,0.1161995120055922 -1.462216578826526 0.022076460244692703 -1.5716954369187781 -0.025900127860119002 -0.028672668178190322,-0.025230710800342924 -0.0016814788374836095 -0.018762026338153756 -0.029339851532003046 -0.017123573910990852 -0.017503383759121135,0.0083025268334153725 -1.6630342343348101 -0.16861555488657831 -1.7393937666549208 -0.12537958688458242 -0.12839896404021828,-0.19923223607411344 -0.13675437338175533 -0.078349295355584145 0.006319645383182684 0.069081702171267967 0.035440284247327584,0.10610223660575864 -1.4673812564299056 0.013185162002011313 -1.5819781076325532 -0.031491999767392385 -0.034594682871024469,-0.49531682241410113 -0.21588011790349165 -0.41242851684649362 -0.47464602901295683 -0.25499046366905564 -0.27187996265261216,14.052240295330225 -132.58979079302145 -57.783259132276811 -4.3149330285687757 0.85199604854986799 -0.004749837928800479,-0.13297336947363192 -12.111391871239903 -4.3528530326925079 -0.13149873071961338 0.11468936823016662 0.054129114523185251
ur,tetrapga,4.672325724,0.371524026,0.242418787,0.047749959,36.267416,44.200057,4.533427,1,0,0,2.526018881,0.076261783,1,0,0,0,0 0 0.050000000000000003,0 0 0.050000000000000003,0 0 0.050000000000000003,wrist_3_link,-1,0,0 0 0,0 0 0,,0.11423952568789954 -1.4623961238465075 0.020684217342492935 -1.5738437497602469 -0.027152322839981553 -0.029950338620508356,-0.043398829026029394 -0.0089952749985767588 -0.034351291643154903 -0.04744861102096426 -0.027502142407030125 -0.028155193729542671,0.00068570385279285366 -1.6682162427270806 -0.17152042744354501 -1.7390535557714137 -0.12265860577738646 -0.12698308687223214,-0.19783855270275091 -0.13338755405511268 -0.073085532798693689 0.011410816897090878 0.072756373893237261 0.038367411267116978,0.1062000458381552 -1.4662356278954878 0.014080474029931013 -1.5815308753860495 -0.031132871963814531 -0.034294712859746529,-0.49635441358423743 -0.16836721966016049 -0.35677695529013886 -0.45249333620618659 -0.22633883251594539 -0.25277526424751462,2.6472121007885363 -146.40927794681588 -71.402466624923278 -5.6354324445296591 0.9754755795351816 -0.02050938301965536,0.493695860076798 -15.757486563406928 -5.7711052910555694 -0.12469648006117495 0.16931699954260182 0.086897561535096202
ur,tetrapga,4.716596582,0.375314325,0.245736761,0.034773084,30.283579,37.991174,3.785447375,1,0,0,2.602642848,0.140318575,1,0,0,0,0 0 0.050000000000000003,0 0 0.050000000000000003,0 0 0.050000000000000003,wrist_3_link,-1,0,0 0 0,0 0 0,,0.1128298916173112 -1.4626861362924499 0.019606020103941205 -1.5753263772953376 -0.027964734022684547 -0.03080999942845444,-0.027249935248357313 -0.0040172768068455697 -0.019637699560289667 -0.028226704080799605 -0.015383288299925194 -0.016344259718972659,-0.0080337204569330307 -1.6740330746532102 -0.17462047319225804 -1.7384192232166535 -0.11934621748491758 -0.12521084140976868,-0.19604031590705673 -0.12937367843452854 -0.066953939504593732 0.017236600850799998 0.076860752663833048 0.041685336220933386,0.10194301423864613 -1.4680734731910441 0.010798360750164554 -1.5851577331919957 -0.032941578402509213 -0.036311681005498253,-0.53212894993863413 -0.22973066194453787 -0.41026415997080745 -0.4533572257432768 -0.22608830483683512 -0.25212101821896571,14.481576577866253 -135.81041071430013 -59.136200561974519 -4.408097994725459 0.86984720882642019 -0.0048808072872848444,-0.1879095423020658 -11.475117673073328 -4.0173898896501257 -0.10567267245369294 0.10244655632766353 0.050571976920181783
ur,tetrapga,4.754673408,0.377315964,0.237271555,0.046347404,30.369752,38.245355,3.796219,1,0,0,2.684366478,0.083817731,1,0,0,0,0 0 0.050000000000000003,0 0 0.050000000000000003,0 0 0.050000000000000003,wrist_3_link,-1,0,0 0 0,0 0 0,,0.11070826566701271 -1.4629522960853381 0.018198137781009642 -1.5773896648688293 -0.029092251223353387 -0.03200378764690312,-0.047030265467973759 -0.010772774963365039 -0.034632069809935884 -0.045575098814515894 -0.024758810040091811 -0.026306949179839466,-0.015466273244502452 -1.6788917691930103 -0.17706876299938448 -1.73766828401655 -0.11635434174552559 -0.12357013403768245,-0.19433274379111676 -0.12581505430550957 -0.061637304389078829 0.022198812981092809 0.080269635887534468 0.044484888847444712,0.097683676167594685 -1.47038856940931 0.0072804764468636313 -1.5887895852790341 -0.034724162404194875 -0.038314268504317586,-0.53241725888143121 -0.28938702728322591 -0.43973553791261527 -0.45398151087980265 -0.22282300021070783 -0.25032343735241641,15.629060157008261 -124.96654248528742 -52.7952137281669 -3.9381442912054947 0.79388209994957448 -0.0037351584820043849,0.4706296180036702 -15.294643381644164 -5.5120235362305223 -0.10964307487211045 0.15527796963876739 0.081209334638089103
ur,tetrapga,4.793014101,0.38025805,0.24000258,0.03273897,36.202031,44.293553,4.525253875,1,0,0,2.654629242,0.036227003,1,0,0,0,0 0 0.050000000000000003,0 0 0.050000000000000003,0 0 0.050000000000000003,wrist_3_link,-1,0,0 0 0,0 0 0,,0.10936628080562484 -1.463260206885072 0.017240046548275722 -1.5786424099729652 -0.029730643869690258 -0.032709101837983097,-0.031156497794435193 -0.0055461707235955606 -0.021011427455406021 -0.02866750813401453 -0.014484539567468912 -0.016100358382765464,-0.022881789757657357 -1.6836453793370223 -0.1793287938273346 -1.7367221836566411 -0.11321281296915423 -0.1218113560892214,-0.19246481872995119 -0.12213607123846859 -0.056249411201281879 0.027144516772873453 0.083584816840289733 0.047250750854547753,0.099266092123419358 -1.4684890809166009 0.009383067512651529 -1.5871045450471524 -0.033734536513084425 -0.03732380730283541,-0.53236079539880143 -0.20808659617623812 -0.35964924811476823 -0.42356842764409869 -0.18839167201773194 -0.2265152664606335,1.4148852235726181 -145.26444570724749 -70.862681249739239 -5.5319120215554412 0.9501243254320384 -0.019737202049541522,-0.23688184150677216 -10.803860226325924 -3.6627997108844141 -0.069454994549232651 0.092761049080436919 0.049842893644125752
ur,tetrapga,4.837406759,0.382454263,0.24214061,0.228859566,30.264773,37.907717,3.783096625,1,0,0,2.736761863,0.118678899,1,0,0,0,0 0 0.050000000000000003,0 0 0.050000000000000003,0 0 0.050000000000000003,wrist_3_link,-1,0,0 0 0,0 0 0,,0.10685065325021754 -1.4635984640397548 0.015711193372745017 -1.5808362108917953 -0.030843848211680808 -0.033940693118151052,-0.077410488738415661 -0.012145053447957513 -0.044034637753692728 -0.073131137150571332 -0.036432675407954529 -0.040252169359512494,-0.031374456149552338 -1.6889706644742641 -0.18168671645299297 -1.7353913377130772 -0.10941982058321434 -0.11964394982526214,-0.19011837257440325 -0.11776112689499223 -0.049975101129553938 0.032800143477295894 0.087271353625204204 0.050383589111811997,0.094701822547133177 -1.4706401618495668 0.0060719128500768965 -1.5904958057966345 -0.035249805274774469 -0.039135589356101091,-0.57053369703577184 -0.26888511662074488 -0.41389433282182903 -0.42390759368526099 -0.18940859521125555 -0.22647275665821048,14.333896242742092 -134.42009038101051 -58.526449559337529 -4.3469362049858935 0.85552295081792173 -0.0048941840782998815,-18.684226085431419 -25.506111779542152 -17.680629382770473 -12.81613568126977 -3.422235695248105 -3.9298569639199457
ur,tetrapga,4.875398099,0.383064299,0.229171255,0.048064356,36.199105,44.092366,4.524888125,1,0,0,2.712871143,0.029237478,1,0,0,0,0 0 0.050000000000000003,0 0 0.050000000000000003,0 0 0.050000000000000003,wrist_3_link,-1,0,0 0 0,0 0 0,,0.10403811783040934 -1.4643362641381508 0.013808901114469028 -1.5832092704987166 -0.032036465862300453 -0.035267103734722104,-0.064972165776747443 -0.026152523555527659 -0.049865362125300329 -0.055700955902804911 -0.02767442400102289 -0.030939710754130583,-0.038556679380686833 -1.6933719268895056 -0.18348293572913821 -1.7340543294487802 -0.10604647400149565 -0.11767987128942793,-0.18795602131517111 -0.11392293734861214 -0.044581036729906008 0.037574122710511158 0.090292848412270435 0.053002817431974963,0.094816936757726455 -1.4692108849635228 0.0071333851759642136 -1.5900055404947873 -0.034876854765016424 -0.038817730358579897,-0.56912917888060055 -0.21533399620800286 -0.35087772578859366 -0.39412529338896962 -0.15421489955987 -0.20204797664603716,2.2068021342416362 -148.35999083247171 -71.407268539548284 -5.4917713353848194 0.95366624254966759 -0.017571440641652447,0.70337251639847409 -15.861237548952886 -5.5621042533069769 -0.041943392701796256 0.16394322840055509 0.095501335266945375
ur,tetrapga,4.919584705,0.385280937,0.234101317,0.211766578,30.234684,37.847829,3.7793355,1,0,0,2.779599252,0.128757552,1,0,0,0,0 0 0.050000000000000003,0 0 0.050000000000000003,0 0 0.050000000000000003,wrist_3_link,-1,0,0 0 0,0 0 0,,0.10225813378637931 -1.4652665692430877 0.012354034379770701 -1.5847182172061014 -0.032715342999672749 -0.036074075819561638,-0.057981005189372582 -0.014712284393526846 -0.031966687732172573 -0.052102932827899087 -0.023028892326525559 -0.027325839466604718,-0.046803056320574604 -1.6983052716377385 -0.18531382068074659 -1.7322728887375991 -0.10198198177755148 -0.11527190339636804,-0.18526502220743837 -0.10935478589552056 -0.0382864373858883 0.043042898598261506 0.093647617831878277 0.055974376586278685,0.089969344531806841 -1.4714363437928564 0.0039011838980924527 -1.5931642813030082 -0.036112273692678609 -0.040431319572444932,-0.605949028239952 -0.2781823536667018 -0.40402515973397013 -0.39484260102763347 -0.15442736595777343 -0.2016986517331294,14.867209131608734 -137.0665812003258 -59.499242752425779 -4.4141547345425076 0.86999314622141843 -0.0049391910181135999,-21.093901669057573 -17.805446738072533 -14.005848658713461 -11.858928364733401 -2.9715386402097437 -3.5832698395925178
ur,tetrapga,4.957516451,0.38651388,0.22716613,0.040474914,30.413841,38.187074,3.801730125,1,0,0,2.850508507,0.07240963,1,0,0,0,0 0 0.050000000000000003,0 0 0.050000000000000003,0 0 0.050000000000000003,wrist_3_link,-1,0,0 0 0,0 0 0,,0.099972165828089182 -1.4658688247529259 0.010939763275055924 -1.5864423152201739 -0.033494751838079824 -0.037002271680030785,-0.053343250925692844 -0.01845899194053292 -0.035972659344215382 -0.040397750045032231 -0.018115981573337776 -0.02166117493833937,-0.053784283051834185 -1.7023775439237299 -0.18666340951873192 -1.7305523918392172 -0.098377391303355197 -0.11310138135587076,-0.18280646806659959 -0.10534825347650761 -0.032871039729886919 0.047660144235396572 0.096387152075290805 0.058458747374969477,0.085121939467830657 -1.4741457817826142 0.00043127703117106387 -1.5963303178141846 -0.037322529326022369 -0.042030833362073527,-0.60592563299702229 -0.33867974871974499 -0.43373835836517355 -0.39575456389703567 -0.15128195416797036 -0.19993922370357406,15.976739061874961 -125.86941078596826 -53.036904210099507 -3.94013717239622 0.79423128554787958 -0.0037983506328024973,0.31956878496163199 -13.356721641094737 -4.5261341680323568 -0.049365428450073523 0.11556221968542957 0.06692518032166106
ur,tetrapga,4.99580238,0.388490827,0.229816441,0.026403547,36.130282,43.96217,4.51628525,1,0,0,2.783731866,0.025372394,1,0,0,0,0 0 0.050000000000000003,0 0 0.050000000000000003,0 0 0.050000000000000003,wrist_3_link,-1,0,0 0 0,0 0 0,,0.098377846803425678 -1.4663945382998957 0.0099159904994552909 -1.5875852846174998 -0.033954892161855509 -0.03759338026504612,-0.034718287335786385 -0.0084630674025337124 -0.020141815522683352 -0.024179692932615696 -0.0095070082895945436 -0.012432534708461618,-0.060733513944012184 -1.7063322755258317 -0.18781717922826821 -1.7286396959692301 -0.094636328806771933 -0.11081625680296255,-0.18018835060974372 -0.10122871204814446 -0.02739973609677936 0.052242833751660528 0.099017596046517706 0.060901785911676269,0.086950062194980512 -1.4722376822788692 0.0024287682717286417 -1.5948219562936101 -0.036541006554207833 -0.041189162872908698,-0.59997886758095664 -0.24594027970178844 -0.34310818669806697 -0.35801938472100159 -0.11278697628361156 -0.17213200741860912,0.8098396349955479 -146.81644708892202 -70.852963471492046 -5.3907474247617611 0.9257912830479792 -0.01706195914237315,-0.4185885962463658 -8.7131704755192914 -2.6207820558322013 5.5177687499963213e-05 0.05705697523814024 0.038577066245920832
ur,tetrapga,5.039871607,0.389922543,0.224968105,0.042867217,30.545542,38.549557,3.81819275,1,0,0,2.848956734,0.135550916,1,0,0,0,0 0 0.050000000000000003,0 0 0.050000000000000003,0 0 0.050000000000000003,wrist_3_link,-1,0,0 0 0,0 0 0,,0.095642218271036097 -1.4668715807211725 0.0085194965447733337 -1.5893800577951904 -0.034672788314576541 -0.038521531008810964,-0.057704948153254894 -0.014674144913659072 -0.032639016691881392 -0.037611758884995669 -0.014928050554155902 -0.019391405590577566,-0.068604848058228737 -1.7106872428265707 -0.18888589030709235 -1.7262230142029795 -0.090209076796143442 -0.1080718949158663,-0.1770080984247443 -0.096397995723343372 -0.021102457066778137 0.057414869623297053 0.10187414588222657 0.063630962343214276,0.081836049407015582 -1.4747014451466238 -0.00074984487837820649 -1.5976881145768573 -0.037454535505514391 -0.042568502576823791,-0.63925159849561641 -0.30797035846932419 -0.39732664376335597 -0.35826978540590498 -0.11419111891331991 -0.17241746298938634,14.666243240792419 -135.36828034354431 -58.788457080829389 -4.3474574811104656 0.85469159037443976 -0.004958919238771506,0.47352058373610362 -14.146181508559494 -4.8265366667901066 -0.082898273544742551 0.10902454924695348 0.059889614057979657
ur,tetrapga,5.078527966,0.389665799,0.224194431,0.046028007,36.183825,44.086456,4.522978125,1,0,0,2.803277482,0.036730718,1,0,0,0,0 0 0.050000000000000003,0 0 0.050000000000000003,0 0 0.050000000000000003,wrist_3_link,-1,0,0 0 0,0 0 0,,0.092298451300073095 -1.4678111090652974 0.0066333359224112947 -1.591538911945966 -0.035524937181762258 -0.039629930544840118,-0.073259955963760046 -0.030509638449978144 -0.047815407792806033 -0.047813860029487808 -0.018585320454166387 -0.024377893978392157,-0.075391066270303508 -1.7143305274707581 -0.18959496959028832 -1.7239174368952574 -0.086225071040532814 -0.10556710804060046,-0.17407463414234248 -0.092086909954304297 -0.015585404039726126 0.061855515245465918 0.10422583345791701 0.065949614422572717,0.082013061393233666 -1.473240248732343 0.00032047958094150175 -1.5972006750730732 -0.037104476232386385 -0.042261926293569126,-0.63177362003883375 -0.24799645329778708 -0.3276582426343802 -0.3233952264576998 -0.076842486093507995 -0.14533871659214592,1.8194906660175967 -149.14746536227443 -70.978166265860793 -5.3247918096661806 0.92586454016676578 -0.014880687239773129,0.73641603806976264 -15.189242346626088 -5.1452146995643941 -0.042822272121156857 0.12589759068686135 0.075258427010965079
ur,tetrapga,5.122709861,0.39111658,0.224773118,0.022456045,30.423267,38.183217,3.802908375,1,0,0,2.851675031,0.147552555,1,0,0,0,0 0 0.050000000000000003,0 0 0.050000000000000003,0 0 0.050000000000000003,wrist_3_link,-1,0,0 0 0,0 0 0,,0.090451681974794862 -1.468835867224237 0.0053063493309651287 -1.5927086996865001 -0.035900987522022837 -0.040192599707505633,-0.033860985506302912 -0.017265805318375238 -0.022974820584849846 -0.021229216082873002 -0.0065811200836654081 -0.010119830818643098,-0.083005018782185372 -1.7182888119164879 -0.19014452784344474 -1.7210745257078519 -0.081564058044267654 -0.10259639481529918,-0.1705610177797445 -0.087080864559484078 -0.0092950361757232133 0.066814477666205241 0.10673391588412441 0.06851087212951229,0.076662427948370901 -1.4757342632272437 -0.0027218084589735706 -1.5997933964252224 -0.037723847092090659 -0.043423990736078485,-0.6688291806078458 -0.3117518118625624 -0.38028600498938403 -0.32409016901864879 -0.077421357463033955 -0.14525805531367014,15.144729866561841 -137.3461896844467 -59.45260631366947 -4.3931555883624522 0.86530774619328887 -0.0049695450699279269,-0.5346451077653569 -7.4104949459979252 -1.9719940296853693 0.04072272224311746 0.035749829629779128 0.031467300605868331
ur,tetrapga,5.160987733,0.391397504,0.221570708,0.038364158,30.28774,38.091276,3.7859675,1,0,0,2.906615962,0.085194865,1,0,0,0,0 0 0.050000000000000003,0 0 0.050000000000000003,0 0 0.050000000000000003,wrist_3_link,-1,0,0 0 0,0 0 0,,0.087752444010390812 -1.4696431491363753 0.003889351553947225 -1.594255051609929 -0.036401079422003532 -0.040941966530229475,-0.05985902010123445 -0.022929693202675353 -0.034931153016808193 -0.034224989049464569 -0.010941174722697861 -0.016515568665846268,-0.089473274023830665 -1.7215380450138491 -0.19039632303566392 -1.7184364829505732 -0.077439470549713174 -0.099932745031743181,-0.16738144379295963 -0.082680570658438118 -0.0038646393718401789 0.071005216917767441 0.10874914703239703 0.070651178928812286,0.071316805205741518 -1.4787154396005129 -0.0060027496011356759 -1.6023953658408847 -0.038320921818856518 -0.044573146867142074,-0.66820284282867304 -0.37264704665865905 -0.41011764277026308 -0.32524617695777813 -0.074634340845732311 -0.14364451638294895,16.181826088914136 -125.93843440982631 -52.938684184069118 -3.9193345216943194 0.79010021123213803 -0.003839946600189925,0.34798776577025592 -12.660172094520021 -4.1007956059957111 -0.039894995108625153 0.083519374643287847 0.051050462951963027
ur,tetrapga,5.199171789,0.392596314,0.222636471,0.023520666,36.139185,43.783122,4.517398125,1,0,0,2.816413843,0.039755593,1,0,0,0,0 0 0.050000000000000003,0 0 0.050000000000000003,0 0 0.050000000000000003,wrist_3_link,-1,0,0 0 0,0 0 0,,0.086053301941366067 -1.4702762832433374 0.0029440881107656146 -1.5951594969260579 -0.036628050571847051 -0.041352697919523236,-0.039488756738407141 -0.012075008669414172 -0.020103116488230894 -0.020486064761994095 -0.0049238942343350833 -0.0092329905305290599,-0.095802070742350101 -1.7246104525213684 -0.19044083482244889 -1.7156470226970666 -0.073250960774980903 -0.097195418935376032,-0.1640874301044494 -0.078236974490028283 0.0015288253519276395 0.07508342201360671 0.11061129508518866 0.072711597468009453,0.073440322386046281 -1.4767022006229524 -0.0040440694440542742 -1.6010397086519754 -0.037752777276320662 -0.043871928072631641,-0.65559139843843695 -0.27579240012841466 -0.31434233735865541 -0.28278465856301449 -0.034786385121109958 -0.11362570991237252,0.45531620664529449 -146.04241096410595 -69.576080082784415 -5.1515904627547773 0.88614956511949394 -0.013973145845514075,-0.42731019589331254 -7.7618197760475596 -2.0820209581898608 0.033276393584856123 0.031294750590760145 0.028714946138549635
ur,tetrapga,5.243049418,0.392895855,0.226010975,0.163918022,30.317048,38.119525,3.789631,1,0,0,2.85972857,0.151544722,1,0,0,0,0 0 0.050000000000000003,0 0 0.050000000000000003,0 0 0.050000000000000003,wrist_3_link,-1,0,0 0 0,0 0 0,,0.082876883989938213 -1.4709645668323903 0.001577613936889195 -1.5967178004602345 -0.037013568055219041 -0.042060637244113554,-0.098514473966499955 -0.021907436585566056 -0.038004935920765107 -0.051874682840521463 -0.012555329940510826 -0.023121124781959781,-0.10291614110975324 -1.7279301669452396 -0.19023842098327501 -1.7122520910661223 -0.06835398977025553 -0.093954758053781576,-0.16015543871718013 -0.073069542296307383 0.0076904149064871904 0.079638077211146449 0.1125658461107311 0.074984997520525926,0.067885805875480251 -1.4794066486775577 -0.0069819495122749077 -1.6033036580258402 -0.038044504453649083 -0.044785378954800628,-0.69431456382075352 -0.33805600682566206 -0.36723500852757918 -0.28299367173309337 -0.036465897166052322 -0.11418136027112372,14.78623661335028 -134.19664338207309 -58.09868773874495 -4.2802952793956806 0.84127667216230817 -0.0049256224567481247,-23.576538722538714 -26.694138146808655 -15.821664552231031 -9.1794092227573856 -1.118469178075955 -2.2549661340766818
ur,tetrapga,5.281239739,0.391920133,0.222623609,0.043522865,30.268017,38.204124,3.783502125,1,0,0,2.909627167,0.060386513,1,0,0,0,0 0 0.050000000000000003,0 0 0.050000000000000003,0 0 0.050000000000000003,wrist_3_link,-1,0,0 0 0,0 0 0,,0.079341166900574675 -1.4720669129404822 -0.00013278764507237411 -1.5984065015386408 -0.03742305082400544 -0.042822616028308544,-0.081776127115361252 -0.035525618857048732 -0.045840340902821963 -0.03978905191207173 -0.0093991681435193417 -0.017774357483204314,-0.10896516836043055 -1.7306340424774109 -0.18984290980193069 -1.7091369054853662 -0.064025210443603611 -0.091054623023764839,-0.15660884206311948 -0.068523361622465778 0.01301593486315606 0.083483109133235964 0.11410377360370352 0.076879862424170844,0.062334328182399333 -1.4825875388980752 -0.010154758271544505 -1.6055789513787622 -0.038313439777340592 -0.045685666935066031,-0.69393471163511511 -0.39761127756467352 -0.39660109490869971 -0.28441166911525445 -0.033616915461438975 -0.11253599753317528,15.858171970054213 -122.88610790836199 -51.578609546668226 -3.8098946544006762 0.7679548152891803 -0.0037743986486689189,0.75617052502019533 -14.362545603525177 -4.6820956776753455 -0.044205628298186639 0.087670242384220387 0.054889056290321037
ur,tetrapga,5.319615968,0.39209836,0.220808653,0.017517384,36.152017,44.083212,4.519002125,1,0,0,2.786174767,0.004068625,1,0,0,0,0 0 0.050000000000000003,0 0 0.050000000000000003,0 0 0.050000000000000003,wrist_3_link,-1,0,0 0 0,0 0 0,,0.077417508375398736 -1.4731864515910646 -0.0013495429145597535 -1.5993036249915058 -0.037554403969803536 -0.043188222082743699,-0.038404127388456541 -0.021992136765986714 -0.023463363034431688 -0.017607794198311096 -0.0020191573104702768 -0.0069433879309523999,-0.11490502881695255 -1.7331753916002821 -0.18924136480543913 -1.7058608490117653 -0.059619155628646822 -0.088069008301568968,-0.15293190373808091 -0.063914076319669513 0.018326701462737269 0.087230801732908189 0.11549440930128527 0.078703688217877737,0.064450423094057879 -1.4802740364926024 -0.0081277891151742276 -1.6043387312533119 -0.037863963989136946 -0.04507400703578647,-0.67818689810514454 -0.29838015600405077 -0.29695481526526241 -0.23718038352224308 0.0087447355543896661 -0.079632815860200254,0.076882812016133784 -142.33448110614179 -67.306047472920696 -4.8951806013469819 0.84114333749718218 -0.011929107719829602,-0.6322714061257102 -5.7807367199602595 -1.1534456623494815 0.093401180708497122 0.0062641014855842059 0.02169869264969293
ur,tetrapga,5.363790222,0.39175947,0.219408274,0.035037557,30.440706,38.303521,3.80508825,1,0,0,2.82127969,0.14436551,1,0,0,0,0 0 0.050000000000000003,0 0 0.050000000000000003,0 0 0.050000000000000003,wrist_3_link,-1,0,0 0 0,0 0 0,,0.074331911768132475 -1.4742387375220922 -0.0027488983247747193 -1.6005918000616051 -0.037722460294729365 -0.043710406703459138,-0.065098542734476211 -0.02645911852394791 -0.032490410595885956 -0.02704729642375743 -0.003456781988335155 -0.010915303053982419,-0.1215647225844651 -1.7358807301910053 -0.18829780256800485 -1.7019149081802327 -0.054485436881638094 -0.084547801616789903,-0.14856348423383783 -0.058563233238527822 0.024382459248892346 0.091395572856745502 0.11690119654617105 0.080701510813699293,0.058723128305291125 -1.4831480424602963 -0.010912220297772557 -1.6062371273340816 -0.037809114857784952 -0.045716900972722671,-0.71591184859584378 -0.35925074596173173 -0.34805389782479118 -0.2372995100962145 0.0068561414189995847 -0.080361742117025473,14.500356776279421 -130.46740219517596 -56.368912173404027 -4.1421771906947225 0.81390909990847549 -0.0047955944016290827,0.32176134544221213 -11.562393738128776 -3.5324895853657772 -0.028666098057328782 0.048985925422456944 0.03378117034843342
ur,tetrapga,5.40219227,0.39000883,0.224527982,0.039082726,36.13997,43.888605,4.51749625,1,0,0,2.74490476,0.047165483,1,0,0,0,0 0 0.050000000000000003,0 0 0.050000000000000003,0 0 0.050000000000000003,wrist_3_link,-1,0,0 0 0,0 0 0,,0.070533027245733626 -1.4756629062739017 -0.0045209486778215978 -1.6021380462412738 -0.037920759901036945 -0.044334271063406129,-0.083252704593458904 -0.041523690505621935 -0.045426862901117575 -0.034382982490652012 -0.0042086136006312391 -0.013721867313517037,-0.12719508593442777 -1.7380397974996979 -0.18726128004113093 -1.6983377796893684 -0.049975466666692669 -0.081416807066632069,-0.14465157123264935 -0.053877281359118082 0.02959107384254283 0.094882157749688695 0.11795409216144612 0.082348360053018502,0.059032089021755225 -1.4817516514886142 -0.0098933243960044603 -1.6057592898306572 -0.037505437623558409 -0.045429616554764303,-0.69949859421964344 -0.29327214018939596 -0.27209248852592272 -0.19646288037242196 0.044937469481567266 -0.050503817087487732,1.3292222425693954 -142.81650597149527 -66.554993103953024 -4.7781081589509551 0.8330119058646166 -0.0098423649352547202,0.63464812495328715 -12.897299516505882 -3.9966703180488352 -0.018858621216168103 0.059563617509184041 0.042412403277666044
ur,tetrapga,5.446194172,0.389822817,0.22125684,0.014434926,30.284865,38.214519,3.785608125,1,0,0,2.759180138,0.163799275,1,0,0,0,0 0 0.050000000000000003,0 0 0.050000000000000003,0 0 0.050000000000000003,wrist_3_link,-1,0,0 0 0,0 0 0,,0.068442569750606239 -1.4769860836357216 -0.0057851441000111676 -1.6029392358594439 -0.037912718912043328 -0.044607723654639879,-0.0384330813723179 -0.021914748552655808 -0.021312427923412487 -0.014310120573824459 0.00053605035755637887 -0.0047358283079860838,-0.1334591281622792 -1.7402917593380627 -0.18582918056121758 -1.6940777411442449 -0.044762259723591567 -0.077753695952410551,-0.14004331984294158 -0.048474793201467317 0.035488334337785775 0.09871903462463151 0.11896464717038413 0.084130720506167586,0.053161414836375862 -1.4845919586322507 -0.012459489822977447 -1.6073365756908446 -0.03715365631938005 -0.045835599523495182,-0.73383427317242056 -0.35503839295455736 -0.32077067837162332 -0.19716073252342595 0.043972663022295091 -0.050747871091359822,14.792403404571219 -130.81989828598984 -56.311961262464415 -4.1366679318153636 0.81485282158167083 -0.0047356816171691875,-0.69044697886630502 -4.7635256617077175 -0.66319625847045671 0.11775773997760552 -0.01086225867342705 0.014897307576745789
ur,tetrapga,5.484499128,0.388807388,0.219968608,0.032599634,30.237324,37.887415,3.7796655,1,0,0,2.78316782,0.107054669,1,0,0,0,0 0 0.050000000000000003,0 0 0.050000000000000003,0 0 0.050000000000000003,wrist_3_link,-1,0,0 0 0,0 0 0,,0.065402921581753176 -1.4780237481618568 -0.0070042626984030566 -1.6039621360651299 -0.037886786432298397 -0.044957555770219988,-0.067384511031244779 -0.027791551625222885 -0.030355525757630696 -0.022707021207007336 0.00063937346144011707 -0.0077105984714247438,-0.13874493726878695 -1.7420581151605459 -0.18437255917941553 -1.6902346236761558 -0.040191245370191482 -0.074502848485409015,-0.13592631962293528 -0.043747874526017166 0.040554687549653169 0.10191773941722521 0.11967310273041815 0.08558991941642459,0.047306520272785452 -1.4878981306117747 -0.015252727686848138 -1.6089251949908616 -0.036786148076270044 -0.046231628024215994,-0.73186182044880099 -0.41327149744049546 -0.34915473298383642 -0.1985774125021201 0.045938530388750787 -0.049503562590101483,15.596865482118016 -119.66822904961934 -50.078596638465733 -3.688506551567091 0.74385242852068711 -0.0036948724327470327,0.29758807287151967 -10.757879100621722 -3.1382815489316371 -0.018980413584358757 0.028875349909966985 0.023897845729393907
ur,tetrapga,5.52247154,0.388711731,0.218904317,0.018681242,36.232414,44.091331,4.52905175,1,0,0,2.681264944,0.06690978,1,0,0,0,0 0 0.050000000000000003,0 0 0.050000000000000003,0 0 0.050000000000000003,wrist_3_link,-1,0,0 0 0,0 0 0,,0.063510567766531745 -1.4788003119263129 -0.0078156428929531552 -1.6045240730282631 -0.037780357192334892 -0.045110221644284222,-0.043845953190232274 -0.015506467736401746 -0.017036746447435091 -0.012524099340284962 0.0027907362621423372 -0.0032441158545539789,-0.14382742149117286 -1.7436300785037468 -0.18273829899567548 -1.6863064638336382 -0.035636136225399885 -0.07122669043133209,-0.13175207099744443 -0.039044629467350968 0.04550995638084615 0.10495533157257787 0.12021740118326282 0.086950346324261379,0.049726447198682827 -1.4858442080805299 -0.01352794387911976 -1.6079341092336925 -0.036604022984770279 -0.045812078670225395,-0.71026210262197054 -0.31187335143577644 -0.24921982365238932 -0.15118440301624272 0.084903706191523709 -0.017644229496911211,0.065894713848045683 -137.93554773191556 -64.185176360943103 -4.5258131726714108 0.78087119033157171 -0.0084940257078003137,-0.43812932145601735 -6.1648099798348994 -1.2464701288504827 0.066332571948805708 -0.0093878374855904667 0.010239025456584727
ur,tetrapga,5.566653707,0.387577607,0.220392922,0.100521222,30.273951,37.900685,3.784243875,1,0,0,2.686973234,0.164623089,1,0,0,0,0 0 0.050000000000000003,0 0 0.050000000000000003,0 0 0.050000000000000003,wrist_3_link,-1,0,0 0 0,0 0 0,,0.060008594103669086 -1.4797178135068099 -0.0089185472384698036 -1.605464721082017 -0.03757387081084184 -0.04535805715539723,-0.10917096263794998 -0.028709985025894558 -0.029607849741225815 -0.031209036348120597 0.0069031269585720888 -0.0080389996267288648,-0.14953918601936689 -1.7452339627172588 -0.1806018301045178 -1.6815943286473025 -0.030314280226565956 -0.067352047199253945,-0.12678356164203758 -0.033556260049788435 0.051185071686539373 0.1083184704705803 0.12065212100499285 0.088423921906936015,0.043764619393399672 -1.4888155712743925 -0.015905211129100524 -1.6091456523693424 -0.035939525268116293 -0.045959764246182672,-0.74522847566039474 -0.37142039923281195 -0.29715840624759532 -0.15144289195621899 0.083062214581747951 -0.018460696994659683,14.237820241673091 -126.04992336464562 -54.242986816748243 -3.9740824522279814 0.78154687300714731 -0.0046165031034308395,-25.880499761426393 -26.554772618416791 -13.302468966841445 -5.6291884157608365 0.75839905710877531 -0.77683478220643565
ur,tetrapga,5.604648785,0.38535317,0.225782672,0.03858248,36.209544,43.959609,4.526193,1,0,0,2.621700017,0.08487533,1,0,0,0,0 0 0.050000000000000003,0 0 0.050000000000000003,0 0 0.050000000000000003,wrist_3_link,-1,0,0 0 0,0 0 0,,0.056130498999553219 -1.4810553578259658 -0.010324480966121485 -1.6064861441444236 -0.037345510614452813 -0.045622974387631153,-0.089735516675226057 -0.041095553849418834 -0.03871548222553256 -0.024239829091403136 0.0054759096823525392 -0.0061802824290419136,-0.15427368490009472 -1.746419121903505 -0.17856566363193185 -1.6774262308738961 -0.025725740791907453 -0.063969827056739426,-0.12241908293181415 -0.028827666724437925 0.055982200793425634 0.1110600422393403 0.12085485726359398 0.08959596952928349,0.044166433202851255 -1.4873856680634232 -0.014895125347396742 -1.6087009662836214 -0.035701150593508701 -0.045708578452492668,-0.72264074920314969 -0.30627543915550881 -0.22253491247321711 -0.11063350334229699 0.11767091847198134 0.010348858051780397,1.2703955555124402 -136.89491715853956 -62.76069155535081 -4.3712795968747251 0.76577162214495131 -0.0065544567114973083,0.73969550011054253 -12.732218289226694 -3.8812405657484987 -0.064081612852532999 0.026219446261876556 0.019116353844992773
ur,tetrapga,5.648705464,0.384147223,0.216442164,0.083064343,30.299975,37.97321,3.787496875,1,0,0,2.608638283,0.162528931,1,0,0,0,0 0 0.050000000000000003,0 0 0.050000000000000003,0 0 0.050000000000000003,wrist_3_link,-1,0,0 0 0,0 0 0,,0.053714831227546389 -1.4824801174625108 -0.011494121600881299 -1.6070707722141988 -0.037075992180615698 -0.045711201390056695,-0.079037840073017895 -0.028782516963094223 -0.021375266577767438 -0.018505661580111452 0.01014127557444482 -0.0022083786848955721,-0.15955374780691334 -1.7475683060290508 -0.17597859078393233 -1.6724664832313643 -0.020399682972176675 -0.059994602453974186,-0.11725741054873198 -0.023340545868173027 0.061441780222214477 0.11406079078521818 0.12089176695381262 0.090843548098537993,0.038134714810522247 -1.4903134036615671 -0.017036252828122427 -1.6095920010624851 -0.034769071918521584 -0.045629028145568448,-0.75396479904112601 -0.36596694976798028 -0.26764093509071041 -0.11137934735798194 0.11650983437338963 0.0099437883655270724,14.336129925758067 -125.01573194231722 -53.594475558694953 -3.9253171381418719 0.77381122851489237 -0.0045057944323776185,-27.411233119331968 -18.043388804244387 -8.8859780098482801 -4.1389479336694421 1.3013422621620521 -0.29188122178732101
ur,tetrapga,5.686774373,0.382512892,0.221813377,0.029834108,36.163372,44.064732,4.5204215,1,0,0,2.564694041,0.118869142,1,0,0,0,0 0 0.050000000000000003,0 0 0.050000000000000003,0 0 0.050000000000000003,wrist_3_link,-1,0,0 0 0,0 0 0,,0.050710504313647625 -1.4835904977014711 -0.012499126272198183 -1.6076848478051697 -0.036736785221793945 -0.045786554444835426,-0.07003095258357539 -0.030840921146721208 -0.02659082717607986 -0.014539557211683768 0.0079872403383305021 -0.001759242286376718,-0.16393137329769267 -1.7483666204316171 -0.17355128069316328 -1.66807748234771 -0.015799614250749619 -0.056517333305405877,-0.11271444691680843 -0.018600562691215967 0.066065165128748021 0.11649661586776087 0.12075243731739542 0.091824229208601282,0.038603171136179323 -1.4893691206673463 -0.016326251354997431 -1.6092238401864665 -0.034574635222253042 -0.045417509666076133,-0.72742980323820094 -0.3021462482284295 -0.19482022560464068 -0.073176969079878917 0.14728666848808983 0.036285203640725142,0.89823850997965593 -135.1979095678862 -61.728225201977168 -4.2440604409346587 0.74202067715129094 -0.0054835567424658081,0.29172128830600741 -9.8452555489420774 -2.7023560107246993 -0.0291548684499503 -0.0019331232383734687 0.0055316673764593816
ur,tetrapga,5.730936893,0.38159169,0.220351175,0.016325589,36.142913,44.036192,4.517864125,1,0,0,2.537411345,0.174916549,1,0,0,0,0 0 0.050000000000000003,0 0 0.050000000000000003,0 0 0.050000000000000003,wrist_3_link,-1,0,0 0 0,0 0 0,,0.048498157044477325 -1.4845693479722519 -0.013297780426159938 -1.6080587405894666 -0.036388883185674382 -0.045770897684190168,-0.042387908625583386 -0.015886041597930993 -0.013308703820530289 -0.0065947350968917611 0.0070195102812496846 0.00063169025174776865,-0.16879110150399079 -1.7490667772682791 -0.17051732954358656 -1.6628736658965495 -0.010474049384185016 -0.052439089750693134,-0.10735362234562563 -0.013109515127984693 0.071312979474373928 0.11913648139694492 0.12039239818037931 0.092847782055146419,0.032533807699534831 -1.4922593950591991 -0.018239610420102432 -1.6098163082076249 -0.03340510672464083 -0.045130407824384454,-0.75867042958056141 -0.36128429898161463 -0.23916988313812526 -0.074058502644808427 0.14619106220152669 0.035887730211459877,14.149609941515008 -123.37917184367649 -52.85542854474965 -3.8679175374013628 0.76236821841667457 -0.0044554670255802127,-0.43406105339789747 -5.3874444862203745 -0.87095312084169763 0.065751868654842838 -0.029772525446844611 -0.0017321087611463781
ur,tetrapga,5.775072758,0.379510932,0.217667925,0.021987627,36.137232,44.099658,4.517154,1,0,0,2.506764656,0.121883083,1,0,0,0,0 0 0.050000000000000003,0 0 0.050000000000000003,0 0 0.050000000000000003,wrist_3_link,-1,0,0 0 0,0 0 0,,0.044840318210583353 -1.4856462465023037 -0.014223941793707107 -1.6085802922307602 -0.035815924125765737 -0.045717086388492263,-0.063950907680677627 -0.024424343412935159 -0.019508516101837663 -0.0071198514178807326 0.012189704639570696 0.0026022653587715406,-0.17340932492594335 -1.749524531929131 -0.16725652070467778 -1.6575609768956467 -0.0051722699348327305 -0.048320866855465702,-0.10190474180560971 -0.0076364770046427628 0.076427014168383156 0.12157193541174208 0.11982047754570029 0.093747282967218196,0.032849032673841129 -1.491350528062596 -0.017577306872475933 -1.6094880871206003 -0.033208574313139186 -0.044930959967941171,-0.72975693342003534 -0.29971578989243086 -0.16819287808009598 -0.03622359725786873 0.17524354804551093 0.061598767947358815,0.76745216790018844 -132.76559978177397 -60.184047121725506 -4.0803928875581876 0.71427719331460993 -0.0041913852306290781,2.4291089043237548 -5.6383564214447688 -0.25038901153035198 1.2313071040489376 0.37880775971669323 0.42025822241102162
ur,tetrapga,5.819268886,0.378539045,0.221177076,0.020929953,36.048886,43.990114,4.50611075,1,0,0,2.468112948,0.164050633,1,0,0,0,0 0 0.050000000000000003,0 0 0.050000000000000003,0 0 0.050000000000000003,wrist_3_link,-1,0,0 0 0,0 0 0,,0.042734348895801383 -1.4864287381241728 -0.014815556292155104 -1.608801923897073 -0.035388347638318725 -0.045614097436357082,-0.040889809907347412 -0.013924998000578791 -0.010667944674913714 -0.0042222065222191256 0.0082515839055596826 0.0019953194164290134,-0.17779096809083036 -1.7497413093906562 -0.16376809808431381 -1.6521378709407675 0.00010678266354173346 -0.04415998731319265,-0.096363380569736534 -0.0021774666201702063 0.081410508897335268 0.1238042897324545 0.1190364843422252 0.094523464850800903,0.026768467929710729 -1.4942145731088416 -0.019266146042360384 -1.6097854766295894 -0.031816065918698511 -0.044441854883727289,-0.76007374128409033 -0.35800801044257591 -0.21110642861925732 -0.037173923205501967 0.17406445834258272 0.061138511161944645,13.915441927013505 -121.03199842579861 -51.777583577390551 -3.7857271452924652 0.74630546599807424 -0.0043639181540612174,-0.19502959434632317 -6.9068845176943796 -1.5263769568972663 0.0035419921741777216 -0.023770368401969222 -0.0060075254295099967
ur,tetrapga,5.86334813,0.376322123,0.222111303,0.03113335,36.107911,43.76023,4.513488875,1,0,0,2.438738307,0.116081184,1,0,0,0,0 0 0.050000000000000003,0 0 0.050000000000000003,0 0 0.050000000000000003,wrist_3_link,-1,0,0 0 0,0 0 0,,0.039252319219160496 -1.4874510501296161 -0.015577446433973926 -1.6091296584547334 -0.03471586922186657 -0.045448480693198595,-0.068018030334367721 -0.025719216671736985 -0.018576752897367335 -0.0066293471556415646 0.013189497677326105 0.0032292397279632813,-0.18191533626955889 -1.7497177989644042 -0.16007266584173102 -1.6466354301199015 0.0053327431620891234 -0.039978696080763397,-0.090758383183884198 0.0032389590189143918 0.08623728718681814 0.12582205254722681 0.11804546600565712 0.095172704987724469,0.027175016150536822 -1.4932398165486682 -0.018569246393772644 -1.6094575079928473 -0.03165377367701299 -0.044255064495807524,-0.72942375212124411 -0.3008768060108431 -0.14343203564253623 7.32637332016145e-06 0.20152469117744332 0.08626309939953225,0.75419812304617118 -129.12100784405845 -57.972335756328093 -3.8664147816885404 0.67982966449767057 -0.0026056195673989147,0.40867123734187771 -10.274005343210774 -2.9039295388310506 -0.089143911434803158 -0.015709918635891995 -0.0099059705337793957
ur,tetrapga,5.907206066,0.374803998,0.213285838,0.083452978,36.351588,44.424892,4.5439485,1,0,0,2.389632277,0.144868706,1,0,0,0,0 0 0.050000000000000003,0 0 0.050000000000000003,0 0 0.050000000000000003,wrist_3_link,-1,0,0 0 0,0 0 0,,0.036921475717563428 -1.4883406336822655 -0.016156759599122061 -1.6092620817672321 -0.034155412446452198 -0.045256434223281926,-0.081964983840196209 -0.022197050648431717 -0.0097927853878077738 -0.0041709248271844732 0.020898455244156629 0.0072679645799956956,-0.18577220467938202 -1.7494581834284462 -0.15618786500504822 -1.6410769343900822 0.010484590813520015 -0.035792725260061754,-0.085110403697361614 0.0085936907169054805 0.090891363895636609 0.12762023157119906 0.11685397434361673 0.095694299097927149,0.021109247096482067 -1.4961021330268216 -0.020042829891429241 -1.6094651327647957 -0.030051695887519998 -0.043569091409827954,-0.75822270589073959 -0.35779074960009594 -0.18419870339892458 -0.00095321378448856066 0.20026017820537356 0.085746823565050673,13.562131563010642 -117.54545404020911 -50.185723602702751 -3.6655457887934686 0.7229053992456973 -0.0042167396965666036,-27.53948269467179 -19.650915471165717 -7.3711601198713907 -1.0433599628722732 2.7552907719028426 0.96791493058140077
ur,tetrapga,5.95174325,0.372216814,0.224060788,0.029097616,36.057601,43.789724,4.507200125,1,0,0,2.359508957,0.103641628,1,0,0,0,0 0 0.050000000000000003,0 0 0.050000000000000003,0 0 0.050000000000000003,wrist_3_link,-1,0,0 0 0,0 0 0,,0.033431212001163578 -1.4894427866613278 -0.016856444095498583 -1.6094242981724221 -0.033356708824144113 -0.044976238408990919,-0.067332772488164105 -0.026806656210702259 -0.016837434765130631 -0.0033797239295527545 0.015545496252493136 0.0054255094345567207,-0.18943382830126965 -1.7489551198127771 -0.15203748528004826 -1.6353564267617302 0.015658144003492098 -0.031521336162911154,-0.079309050444433871 0.013989434189626546 0.095459833606291622 0.12923009613619535 0.11543648237803304 0.096096532671690327,0.021467491801678385 -1.4951961291069273 -0.019399520015195078 -1.6091599575351292 -0.029896582847477239 -0.043390765902498393,-0.72534300546000186 -0.30295925277201508 -0.11873576081232103 0.035594683039483752 0.22595266580372686 0.11023746977268267,0.61652394134268818 -124.63101127163762 -55.419492894868547 -3.6306225158213095 0.64007495583846308 -0.0011144138826917021,0.34860236499724806 -9.6022134304566862 -2.6214845750551774 -0.08717132073979883 -0.027416989665610458 -0.016672900612419994
ur,tetrapga,5.995633207,0.370432878,0.213883383,0.083336998,36.160776,43.903069,4.520097,1,0,0,2.301981546,0.12817598,1,0,0,0,0 0 0.050000000000000003,0 0 0.050000000000000003,0 0 0.050000000000000003,wrist_3_link,-1,0,0 0 0,0 0 0,,0.031155565975574104 -1.4903445114940386 -0.017358246954661767 -1.6094375187428036 -0.032722125201833728 -0.044708240495327754,-0.081056069847647128 -0.022462671077905415 -0.0072085140947619891 0.00032573994974046522 0.023872351336651138 0.010155665272912246,-0.19278815856223699 -1.7482253001714105 -0.14775190253847531 -1.6296536446763326 0.020690284363764754 -0.027297270990540128,-0.073533695520201656 0.019258901153378298 0.099800636321248318 0.13060145280058799 0.11383743729264817 0.096366972240631649,0.015445508703025234 -1.4980607490645526 -0.020657127039317835 -1.6088830471673186 -0.028099533463734276 -0.042513322331016457,-0.75274945720848518 -0.35807863629147302 -0.15720154938455008 0.034613762579256732 0.22463171649856883 0.10968069630371166,13.095827293401774 -113.28225541222695 -48.26964031162278 -3.5215232144073543 0.69466936611005337 -0.0040450168812765329,-27.501209418521555 -19.198646885092785 -6.4319576266030865 -0.027488318940413592 3.1675628996201084 1.3575547578564198
ur,tetrapga,6.039648353,0.367581118,0.222285995,0.017334056,36.776094,44.734568,4.59701175,1,0,0,2.267670345,0.094689506,1,0,0,0,0 0 0.050000000000000003,0 0 0.050000000000000003,0 0 0.050000000000000003,wrist_3_link,-1,0,0 0 0,0 0 0,,0.027709921690037529 -1.4914426018780274 -0.017931441783499556 -1.6094257877142157 -0.031806367535454919 -0.044313583643681938,-0.063630796404572226 -0.025766489626351488 -0.013402197505674819 0.0021897760140245533 0.019075447760825471 0.0089993751687211555,-0.19589633560288761 -1.7472622994385663 -0.14326640037639374 -1.62387889662183 0.025661914526077651 -0.023052001050766137,-0.067690438519369303 0.024489222016453559 0.10398744515737368 0.13176056930573951 0.11203505860715712 0.096512449550198137,0.0094558456010408326 -1.5013291138441123 -0.022110935160085225 -1.6086199775730237 -0.026299861945570869 -0.041633016681372245,-0.74870945762489138 -0.4085467390332847 -0.18172668646512918 0.032883665889762277 0.22495948330112403 0.11003845607399576,13.56700041601594 -103.48918407009795 -43.043473634007356 -3.1548092671150876 0.63665425951191845 -0.00324960055450076,1.9448558245276359 -5.1872469123445626 -0.23973670385412049 0.97070711594642489 0.27401320061988343 0.33330499412777215
ur,tetrapga,6.084458422,0.365766643,0.224607765,0.018777829,36.098973,43.839303,4.512371625,1,0,0,2.22757582,0.064143759,1,0,0,0,0 0 0.050000000000000003,0 0 0.050000000000000003,0 0 0.050000000000000003,wrist_3_link,-1,0,0 0 0,0 0 0,,0.025682409789364372 -1.4922490209044641 -0.018315812962479656 -1.6093391596791313 -0.031173359501235207 -0.044008223741405825,-0.041756210993433872 -0.015587394626696076 -0.0072609566513359503 0.0018247945822449979 0.012976019139634662 0.0062686803690878068,-0.19879539649868558 -1.7460467828362312 -0.13851449881195871 -1.6179524258384654 0.030637343185675573 -0.01872636451262118,-0.06169570235128094 0.029751690878580865 0.10807318599604843 0.13271683412417218 0.10999881146851681 0.096531183028594536,0.011878769884418506 -1.49938639927782 -0.02097808675484486 -1.6083531895913352 -0.02670919504992432 -0.041707816111910316,-0.71129629040819009 -0.3246675809952479 -0.095589666372183191 0.078297422554004931 0.25342758210005928 0.13910082122138323,-0.44636572370448491 -114.28925964455641 -50.117833021198791 -3.1590950973352672 0.55369725587886365 0.0012055849823294916,-0.18107411591891776 -6.1966836620485992 -1.2279957038631579 -0.0099987573248654371 -0.042768955108805073 -0.01920236143783427
ur,tetrapga,6.128404337,0.362465263,0.224467019,0.080577218,36.083469,43.806176,4.510433625,1,0,0,2.168263889,0.078249192,1,0,0,0,0 0 0.050000000000000003,0 0 0.050000000000000003,0 0 0.050000000000000003,wrist_3_link,-1,0,0 0 0,0 0 0,,0.022055706699927059 -1.4934000883996803 -0.018771143413545438 -1.609157896240081 -0.030080625985540479 -0.043474366902769374,-0.10859865432636062 -0.034947996473300894 -0.0097519439575037645 0.0059868779493998884 0.034627516909533411 0.01688350683794252,-0.20137677596867243 -1.744627141101788 -0.13368034169773022 -1.6121034979415803 0.035423898633850134 -0.014486133759802997,-0.055778407145702043 0.034845243079556824 0.11190181053093469 0.1334342788404054 0.10780796011117232 0.096422897799368343,0.0059786186059296604 -1.5023883158348081 -0.02202052099022115 -1.6077313435695062 -0.024696788471885868 -0.040602454955912401,-0.73752047387128361 -0.37524066267726153 -0.13030485909891693 0.077730795939871561 0.25155144517002614 0.13817045328628313,11.922866759491223 -103.40982738119246 -43.949150246384541 -3.1961781447706636 0.62977750263417343 -0.0036904771997409548,-26.590481792321832 -23.930130309616288 -7.57890128691038 0.80298419632890727 3.5555175712901601 1.7301217704694096
ur,tetrapga,6.172317336,0.358021607,0.237906113,0.027418896,36.133971,44.16514,4.516746375,1,0,0,2.116849009,0.024665792,1,0,0,0,0 0 0.050000000000000003,0 0 0.050000000000000003,0 0 0.050000000000000003,wrist_3_link,-1,0,0 0 0,0 0 0,,0.017710670232341137 -1.4951438615105626 -0.019519707901060807 -1.6089515062031285 -0.028786968955813397 -0.042840837989376351,-0.083420666129172497 -0.04241708752088745 -0.019486116472043805 0.0036174247009317512 0.025168386007318137 0.012263243208369858,-0.20369576879237003 -1.7429865520096366 -0.12868570575563609 -1.6062322593928076 0.040106553080967132 -0.010256579251788262,-0.049834605649072244 0.03986207765070484 0.11554629709476018 0.13393244758570477 0.10543064643332525 0.096189673367767764,0.0062469539511476029 -1.5013172153633405 -0.021296657350912691 -1.6074136379757751 -0.024543986947928531 -0.040414549202620845,-0.6997128561994741 -0.31889187707617622 -0.065818352404510366 0.11597348363691141 0.27473715774025476 0.16338752182792099,0.41989229436282827 -108.60076082028064 -46.78377794364431 -2.8963904875701445 0.51596159664501018 0.0026601340174803988,0.43964269588817473 -9.0482355859794552 -2.3772492954554565 -0.11622485567659169 -0.05889879837997114 -0.037767547731192508
ur,tetrapga,6.216596928,0.355471218,0.231237609,0.011094492,41.907032,49.970682,5.238379,1,0,0,2.027082444,0.064970595,1,0,0,0,0 0 0.050000000000000003,0 0 0.050000000000000003,0 0 0.050000000000000003,wrist_3_link,-1,0,0 0 0,0 0 0,,0.015751400388351568 -1.496384283894223 -0.0200517350330854 -1.6087568088884414 -0.028066024915589814 -0.042450441752390509,-0.037710796485374488 -0.021642333238837415 -0.0086977163400056619 0.0038814116934631298 0.013868929421693146 0.0075392660832497528,-0.20576926869745291 -1.7411109390026005 -0.12349146114091467 -1.6002947528754303 0.044718462486925063 -0.0060048725175225783,-0.04381676368693653 0.044840848639738973 0.11903306011701573 0.13421293664384407 0.10284708381338863 0.095828369939920541,0.0029773711120503928 -1.5026971640245208 -0.021484280986853642 -1.6067139144656266 -0.02317297224087142 -0.039549607306199469,-0.70571296682552487 -0.32664847161565286 -0.062357143858881685 0.12943961965375941 0.28144104012164178 0.17173965153920978,5.3140062842548677 -104.17238338634536 -44.659699025664914 -2.9667822551468399 0.55307926930062312 -0.00017196028515808039,-0.46983062613390558 -3.6611824865303788 -0.14915271174336908 0.057323052257743257 -0.061697817770344443 -0.023059915764051198
ur,tetrapga,6.266683316,0.351382424,0.228048236,0.008939706,41.876042,49.805958,5.23450525,1,0,0,1.946014646,0.064454278,1,0,0,0,0 0 0.050000000000000003,0 0 0.050000000000000003,0 0 0.050000000000000003,wrist_3_link,-1,0,0 0 0,0 0 0,,0.012076412280419741 -1.4978747696570176 -0.020507453278893174 -1.6083389893704625 -0.02677694136858326 -0.04173659665678945,-0.05748109150220343 -0.027654021795634684 -0.0084605061496655903 0.0091074317762034791 0.022768593975349138 0.013405951005131761,-0.20779297441267594 -1.7387261229660664 -0.11743555135693642 -1.5935701035418854 0.049791965035536123 -0.0012185442805060598,-0.036988944079243941 0.050368117209871527 0.12274377477451646 0.13426158026260865 0.099704539768061998 0.095267735067457573,-0.00034179379269331372 -1.5041460351826803 -0.02167237085878326 -1.6059744815985362 -0.021761191279600259 -0.038647182270908249,-0.69924236257145389 -0.33180982655153396 -0.054037549099305249 0.14321291926560734 0.2890974877248132 0.18114701202811384,5.6789903253437695 -100.29433030411428 -42.531380605325374 -2.8155854945431593 0.53065705962081977 0.00033168285679734122,-0.22478278102886762 -2.9501028519607644 0.33037003859611502 0.074275466437029536 -0.078121471646724672 -0.025275649582368942
ur,tetrapga,6.316616685,0.348489652,0.220875495,0.025710537,41.850041,49.932832,5.231255125,1,0,0,1.876422968,0.080815827,1,0,0,0,0 0 0.050000000000000003,0 0 0.050000000000000003,0 0 0.050000000000000003,wrist_3_link,-1,0,0 0 0,0 0 0,,0.0097328655468607132 -1.498842920826809 -0.0207365762013689 -1.6079501456127523 -0.025846149780130712 -0.0411841941169762,-0.066909285283440978 -0.020109007877480142 -0.00062410203531968259 0.012784766469143716 0.026988116780165185 0.016523212853171414,-0.20946973261850932 -1.7360759479927586 -0.11121941861493653 -1.5868706617951123 0.054687606390434143 0.0035212169410938363,-0.030169670564540382 0.055759893744788284 0.12619086654086714 0.13402655204973382 0.096345351559044237 0.094549247559035876,-0.0033513918796588479 -1.5054809623647172 -0.021776791157170992 -1.6052044707068904 -0.02040950731753409 -0.037754611601341942,-0.69103414995696644 -0.3325890522234482 -0.042296457268419345 0.15799102697736558 0.29661607264354029 0.19085330294349212,5.5887686113182067 -97.022250645909693 -40.895630912391596 -2.6889327452134331 0.50857832613270593 0.0007627256111290095,-1.3982552270729833 -8.4844772027217914 -2.576353132089551 -0.086388878554316761 0.025006389729242073 0.021369136633623498
ur,tetrapga,6.366652759,0.345102014,0.223153114,0.030570339,41.889926,49.71154,5.23624075,1,0,0,1.810645299,0.075071708,1,0,0,0,0 0 0.050000000000000003,0 0 0.050000000000000003,0 0 0.050000000000000003,wrist_3_link,-1,0,0 0 0,0 0 0,,0.0068537099272425158 -1.4997604535469977 -0.020806994556895619 -1.6073990411626713 -0.024689539002144247 -0.04047310370047319,-0.072729966769997378 -0.021897988427862624 -0.00011374434361688477 0.014885932181813652 0.02958683840338389 0.018524202603811105,-0.21080828058892792 -1.7331534070292431 -0.10482427823308529 -1.5801762949525295 0.059419546026491632 0.0082307702729491495,-0.023334107779764603 0.061035549005145073 0.12938679594237937 0.13350793292127267 0.092759770114553761 0.093670736276226255,-0.0062534007738062154 -1.5067110731804196 -0.021772233016412366 -1.6043681311210842 -0.019048860683700385 -0.036828811240497084,-0.68166242989697901 -0.33253092330584999 -0.029736767517101637 0.17312311650655246 0.30383281224434117 0.20067850739885279,5.4281379843051338 -93.670668899477533 -39.237355943719265 -2.5594135716001243 0.48553617459545467 0.0011996880838046745,-0.010576488848150545 -10.088211708261952 -3.1790570571623817 -0.22250078936576756 -0.047375835890044016 -0.041901364687902287
ur,tetrapga,6.416471329,0.341409661,0.226862413,0.029931764,41.953291,49.903673,5.244161375,1,0,0,1.746054322,0.063167052,1,0,0,0,0 0 0.050000000000000003,0 0 0.050000000000000003,0 0 0.050000000000000003,wrist_3_link,-1,0,0 0 0,0 0 0,,0.0039017160217135688 -1.5007968348710841 -0.020887659455200172 -1.6067865912924579 -0.023473298014504831 -0.039709553733779289,-0.073332618091440219 -0.025405122546318003 -0.00065903596038470111 0.016471399985098552 0.03096716529114597 0.019834315728399107,-0.21180136356331133 -1.7299846415923339 -0.098304580146145876 -1.5735438049284931 0.063947385698219825 0.012872277583792818,-0.01653599167120999 0.066153609546866762 0.13230691075208151 0.1327113862100015 0.08897899057954195 0.09263985848945791,-0.0090831497447651371 -1.5078907319469974 -0.021685393839666712 -1.6034661492912547 -0.017670023639689725 -0.035865093921946013,-0.67106743622702614 -0.33227817108091451 -0.016788320209667695 0.18832486523735198 0.31061904174226757 0.21048830588049852,5.1936017788579152 -90.108548938918815 -37.503710448885435 -2.4233996217856411 0.46078758054483893 0.0016382066176336058,0.046327257009101785 -9.8774822423829391 -3.0606531047712195 -0.22589212888942711 -0.053010768813471998 -0.046085695139765903
ur,tetrapga,6.466484587,0.337489757,0.229248769,0.028088183,42.07018,50.082732,5.2587725,1,0,0,1.682120164,0.050623051,1,0,0,0,0 0 0.050000000000000003,0 0 0.050000000000000003,0 0 0.050000000000000003,wrist_3_link,-1,0,0 0 0,0 0 0,,0.0009936330786858127 -1.5019643763956831 -0.020996313709399271 -1.6061264272018796 -0.0222295344712066 -0.038911622655887809,-0.07239028456963259 -0.027558428879153479 -0.00016756700807891718 0.018168124014652183 0.032107489806775823 0.021069040566344618,-0.21245806922167559 -1.7265505633655185 -0.091619736808832924 -1.5669322958958292 0.068298342368639534 0.017476385860482033,-0.0097290685665135275 0.071148555684031237 0.13497089932817008 0.1316324116898831 0.084979823015213993 0.091449919446222133,-0.011839421029189071 -1.5090606603269938 -0.02154034930071215 -1.6025035149692461 -0.016274791380718162 -0.034865124904529116,-0.65943443503370947 -0.33144031704710331 -0.0034034068377824358 0.20346316707302872 0.3168893043463194 0.2202004787227031,4.928135923497015 -86.415078509975146 -35.727215600124595 -2.2844668946370192 0.43525393962932168 0.0020671951488248968,-0.97674855797913906 -9.2691005219739964 -2.8136869740030619 -0.13666555501640687 0.01642969051500387 0.012492870706097392
ur,tetrapga,6.516665525,0.33337378,0.230964219,0.02617244,36.047603,43.870123,4.505950375,1,0,0,1.652840641,0.038377626,1,0,0,0,0 0 0.050000000000000003,0 0 0.050000000000000003,0 0 0.050000000000000003,wrist_3_link,-1,0,0 0 0,0 0 0,,-0.0019036427402265705 -1.5031985313106884 -0.021081422558945007 -1.6053967383299181 -0.020939512054585104 -0.038062737730703747,-0.071612646775990399 -0.028383747446279819 0.00079136061333173779 0.019865643634653159 0.033025562483618286 0.022231611633398714,-0.21277548410508165 -1.7228576753429474 -0.08478541677546117 -1.5603598546518176 0.072457904354768315 0.022032246022450339,-0.0029272436556153957 0.076008349384106 0.1373701893947247 0.13027098576261265 0.080770629343729458 0.090101845185860327,-0.011896886003887646 -1.5084459616275456 -0.020960057167730702 -1.6020725650391339 -0.015972343155517099 -0.03454571272668093,-0.62817029699565419 -0.28954633003848262 0.043853455792453658 0.23469545245576895 0.32935166400946936 0.23977769483696187,-0.30294058742144614 -87.276169112829564 -35.429857677862366 -1.9338111941487566 0.3483433707339269 0.0075289535517859291,-0.99068797556138577 -8.6369050430985226 -2.5142301250318297 -0.12178922213661281 0.011381695463043684 0.012129120950916672
ur,tetrapga,6.560629641,0.329570714,0.23040319,0.058521963,41.920499,49.709213,5.240062375,1,0,0,1.578378125,0.038565921,1,0,0,0,0 0 0.050000000000000003,0 0 0.050000000000000003,0 0 0.050000000000000003,wrist_3_link,-1,0,0 0 0,0 0 0,,-0.0044878659530864957 -1.5043318987586887 -0.021124694877136297 -1.6046852161076972 -0.01974977893548549 -0.037261420614444686,-0.065255246122019689 -0.027251332911517004 0.0020742442749526872 0.020763693545439426 0.032542970474579519 0.022264194825209884,-0.21277374287319495 -1.7194248635286464 -0.078704081880749899 -1.5546630469164358 0.075924962703997942 0.02596520558902184,0.0030010354990886519 0.080135062297229401 0.13924400433280576 0.12885100646395092 0.076928007045403743 0.08879561995536378,-0.015070594644328989 -1.5098088824487619 -0.020623045775635604 -1.6007648124082337 -0.01425936861248351 -0.03325608743117419,-0.62824623071633612 -0.2989300202666122 0.047271247828476033 0.24511461311742863 0.33216713131020037 0.24606931165847823,4.243359517781176 -81.817639226158036 -33.589252562996833 -2.1034765298342721 0.39881735107741473 0.0026983573227596217,-12.384696047610163 -11.31759513018369 -0.77826456154751611 3.2772299224907329 2.7264938987987009 1.9557807841463699
ur,tetrapga,6.610419002,0.32527901,0.229919464,0.009537336,41.934207,49.747182,5.241775875,1,0,0,1.509512761,0.032812708,1,0,0,0,0 0 0.050000000000000003,0 0 0.050000000000000003,0 0 0.050000000000000003,wrist_3_link,-1,0,0 0 0,0 0 0,,-0.0072748376250311737 -1.5055578438729147 -0.021099165244136058 -1.6038226982086494 -0.018405000533034201 -0.036327762036927023,-0.04547466043375134 -0.021715520945240624 0.001509723866548109 0.017566080996683886 0.024761433451787405 0.018065688211315347,-0.2124580618457774 -1.715321791317433 -0.071723710962464896 -1.5482928658773032 0.079643393688111089 0.030346603297315113,0.0096711537716773505 0.084654323488559571 0.14110576865096502 0.12698968411636194 0.072409709273895007 0.087177310636924854,-0.018049411674300596 -1.5111715705777893 -0.02030228354445239 -1.5994834963877509 -0.01261401830409933 -0.031999999393920918,-0.61597065643757132 -0.3031815913281054 0.054973935687149852 0.25572377758308584 0.33522048008948307 0.2530012908502221,4.1032097894595907 -77.525911458887975 -31.427380881645824 -1.9392203333682176 0.37093673388318371 0.003273572649167918,-0.31845910756425155 -3.147320854793179 0.085926097049437544 0.011135888616081502 -0.069742365269270579 -0.028695967522835986
ur,tetrapga,6.660264308,0.321918927,0.224299604,0.023508747,36.202421,44.156272,4.525302625,1,0,0,1.471348676,0.03466397,1,0,0,0,0 0 0.050000000000000003,0 0 0.050000000000000003,0 0 0.050000000000000003,wrist_3_link,-1,0,0 0 0,0 0 0,,-0.0091649166129451551 -1.5063185537731947 -0.020940246371417576 -1.6030824796972116 -0.017380047915390797 -0.035576504110200545,-0.058546641250994395 -0.01818384386496829 0.0091212771173117043 0.023722951346277322 0.031515974481239814 0.023450159044671709,-0.21181071404905125 -1.7109929437690357 -0.064649600516734504 -1.542014993151644 0.083136430932780711 0.034648579748672859,0.016293021219721926 0.089007923936551256 0.14268998368989516 0.12486059853271106 0.067718155448400902 0.085411768263097473,-0.01828554630954371 -1.5108970251553282 -0.019880863192140233 -1.5990450699367993 -0.012260280467666937 -0.031643859924793787,-0.58479833115913649 -0.26899568233173143 0.092550182423648333 0.27973993509012829 0.34209442727189204 0.26804920579026137,-0.62420331780370297 -77.493970135032939 -30.290548434801039 -1.5144783078834001 0.27487350328794441 0.0094372777153600394,-1.2363586919833267 -7.7578864131901355 -2.0856769012393812 -0.077828006572417507 0.03393451923432167 0.035779051109827265
ur,tetrapga,6.704517212,0.318407252,0.225105991,0.077688601,41.93134,49.838556,5.2414175,1,0,0,1.404965455,0.035418743,1,0,0,0,0 0 0.050000000000000003,0 0 0.050000000000000003,0 0 0.050000000000000003,wrist_3_link,-1,0,0 0 0,0 0 0,,-0.011303431733773147 -1.5070235458974244 -0.020643571749460434 -1.6022258159086189 -0.016239906921776858 -0.034727250022505395,-0.058869891850725373 -0.019264510364182488 0.010116686828150758 0.026023982513431798 0.03356517117504302 0.025094714334503762,-0.21096062390763701 -1.7069713247513338 -0.058308440993099599 -1.5365354703429279 0.086038496109158147 0.038391379216061595,0.022117467730052482 0.092724546592252793 0.14386011028018431 0.12275111652495145 0.063419768669461155 0.083724631390280746,-0.021206271834066526 -1.5121553236620588 -0.019305646702877578 -1.5975367936561478 -0.010510961116786833 -0.030231279461862007,-0.58328219137245574 -0.27833377254000319 0.095736674848566322 0.28793297561074249 0.34302850581004246 0.27292866895638074,3.5821368985586952 -72.141326282396264 -28.897297449162657 -1.7412794614906759 0.33241606297937615 0.0037942185693146989,-13.312139580079219 -12.689322814127081 -0.46412438926076049 4.3505616721904516 3.235183488976805 2.465506218497211
ur,tetrapga,6.75445507,0.314057102,0.228129075,0.015500583,36.154985,44.233691,4.519373125,1,0,0,1.354935952,0.022400039,1,0,0,0,0 0 0.050000000000000003,0 0 0.050000000000000003,0 0 0.050000000000000003,wrist_3_link,-1,0,0 0 0,0 0 0,,-0.013882084460479571 -1.5079659975323889 -0.02028550801320915 -1.6011434433894829 -0.014836405123653714 -0.033665104291660808,-0.043832249682532506 -0.017960666574251497 0.0067603055473456491 0.02132091712479766 0.026139179842855791 0.020491678414409433,-0.20969343673167906 -1.7022396940590061 -0.051096924777781508 -1.53046999182855 0.089081504439489104 0.042522141307652445,0.028619959828745857 0.096745044126911359 0.1449118944636747 0.12012733078531439 0.058427839831434743 0.081688294652693172,-0.021958254397776704 -1.5121066879413434 -0.018812242115291686 -1.5968904922957705 -0.0099037056832684267 -0.029671970514705791,-0.55175993013540325 -0.25575362301551258 0.12291691065833588 0.30620343247489679 0.3462474447369045 0.28452785531385022,-0.96761962956434555 -70.541088406698947 -26.647380726951397 -1.2163640694127249 0.22181131037756627 0.010772861075541939,-0.13495469311041575 -5.115192416707032 -0.86963481265267717 -0.084966942281425872 -0.0556715611534635 -0.033203320293118566
ur,tetrapga,6.79880013,0.31098709,0.229134707,0.017257049,41.898179,49.728462,5.237272375,1,0,0,1.296412549,0.033184377,1,0,0,0,0 0 0.050000000000000003,0 0 0.050000000000000003,0 0 0.050000000000000003,wrist_3_link,-1,0,0 0 0,0 0 0,,-0.015376001800190994 -1.5085506886731388 -0.020035829790216987 -1.6004185288353741 -0.013949445692968592 -0.03296904844140968,-0.029012903418365803 -0.010751242529629161 0.0051770961317586508 0.014030922860147453 0.017136672842581462 0.01345504438255315,-0.2082975433286646 -1.6978733335800291 -0.04465457278016785 -1.5251985735158959 0.09157198884862193 0.046102359962706792,0.034324502968588085 0.10015622410977107 0.14560599050562498 0.11758521274318989 0.053877351819610543 0.079764757617613716,-0.024706006215580032 -1.5133410804835936 -0.018111825499584372 -1.5952696027914959 -0.0081466664782214888 -0.028188565743338473,-0.54916467001680458 -0.2654241986630631 0.12578919579061199 0.3128624454676861 0.34605947477243992 0.28845942042308514,2.8433723701778746 -65.253493009776349 -25.544856675563 -1.4685060577307172 0.28111145756415551 0.0047939067870294925,-0.039018745479324934 -5.6948261757297587 -1.2583580569290689 -0.10461032874809462 -0.050216794996988057 -0.0414566487871042
ur,tetrapga,6.848596068,0.306649377,0.226503822,0.016086152,36.120232,43.975807,4.515029,1,0,0,1.246075384,0.016456901,1,0,0,0,0 0 0.050000000000000003,0 0 0.050000000000000003,0 0 0.050000000000000003,wrist_3_link,-1,0,0 0 0,0 0 0,,-0.017700059554748744 -1.5093738259535547 -0.019528446102538784 -1.5992282879464721 -0.012553873428904194 -0.031851464980430511,-0.042432982124859721 -0.015486329863433223 0.010424167776510614 0.023821210337938957 0.026891654944285515 0.022119395237390625,-0.20643059009000903 -1.6927943437064015 -0.037390112365506697 -1.5194191656457108 0.094125108807272373 0.050017947702887755,0.040643687329477013 0.10380310803951086 0.14611558350365109 0.11449787736861571 0.048645209274779541 0.077478613348547373,-0.025352608620252091 -1.5133208179114104 -0.017629225751279672 -1.5946242113618192 -0.0075757746465531916 -0.027634795418322824,-0.51869724926914129 -0.24542072116751079 0.14886378224731267 0.32809188324119581 0.34681211408294538 0.29815263969161154,-1.1117418032635644 -63.339355976283287 -22.956576725563711 -0.93171247914148458 0.17189128591935485 0.011833045285064294,-0.13202524699380547 -5.3084301211501952 -1.1027789960069043 -0.14599862955947174 -0.073663784887319395 -0.058607773512179051
ur,tetrapga,6.892654102,0.303422861,0.224506624,0.098970886,36.206043,43.905195,4.525755375,1,0,0,1.201261331,0.026863861,1,0,0,0,0 0 0.050000000000000003,0 0 0.050000000000000003,0 0 0.050000000000000003,wrist_3_link,-1,0,0 0 0,0 0 0,,-0.019186145364203964 -1.5098838246236568 -0.019143110297074092 -1.5983920031626448 -0.011613710920660025 -0.031077389630655899,-0.047192175663938379 -0.015235936002081781 0.014242663415133104 0.02923266508698761 0.03177325108583947 0.026264051192131037,-0.20451828066966354 -1.6881529833537725 -0.030947043693791313 -1.514438524667429 0.096164477566363357 0.053384922483913133,0.046151363531883684 0.1068635863753203 0.14632809609408204 0.11156569625965668 0.043916366396673873 0.075347346117316083,-0.026267880696395449 -1.5134750218850987 -0.017057827420180055 -1.5937874389269413 -0.0068247389544457285 -0.026911983059309245,-0.49981310421251668 -0.23408764447710773 0.16604258851189097 0.34008360808415417 0.34625057899847966 0.30551375652071611,-1.2209967256499956 -60.224031837306569 -21.382812221702494 -0.81278111419844934 0.14945231109658422 0.012132749432723289,-12.358222957053087 -11.50235457083636 1.0319520382099725 5.5423696236039177 3.4658869330504309 2.9220867654046003
ur,tetrapga,6.93666043,0.299585395,0.228864263,0.020101767,30.342091,38.175266,3.792761375,1,0,0,1.164249164,0.021158434,1,0,0,0,0 0 0.050000000000000003,0 0 0.050000000000000003,0 0 0.050000000000000003,wrist_3_link,-1,0,0 0 0,0 0 0,,-0.021074325323934724 -1.5105301977482002 -0.018607059441684906 -1.5973082768858262 -0.010423249778480158 -0.030083568406566383,-0.036605721307319906 -0.013437019362946197 0.0099181829843016014 0.020925259730269034 0.023053262734380423 0.019240846372602493,-0.2023678242445906 -1.6833859666339803 -0.024507108239790503 -1.5095967397488161 0.097991567600083443 0.056652021656756951,0.051568003808858801 0.10976097852138403 0.14631695280912768 0.10845364405500248 0.039107648482791822 0.073119528968682859,-0.030357687002362823 -1.5155706972151131 -0.015804374050553197 -1.5910740196391033 -0.0040700005393862516 -0.024476095694622568,-0.51122592943751122 -0.26195948353328874 0.15668168421564463 0.3391774771525593 0.34434240223580431 0.30448599395903642,5.9651830518238373 -53.266492092702542 -21.793445322247933 -1.55905088303926 0.30822331466973463 -0.0016649653007119493,0.13638686442915571 -6.6335831264432272 -1.7517969802703774 -0.19212553283341549 -0.058670770026033381 -0.059346047313113104
ur,tetrapga,6.974928448,0.296521201,0.227074185,0.017929888,36.126318,43.994467,4.51578975,1,0,0,1.111585478,0.00022029,1,0,0,0,0 0 0.050000000000000003,0 0 0.050000000000000003,0 0 0.050000000000000003,wrist_3_link,-1,0,0 0 0,0 0 0,,-0.022412633317994791 -1.5110049591771337 -0.018179272448714839 -1.596453192281112 -0.0095221384878241711 -0.029308105079560196,-0.029441394402057751 -0.0099625316768344706 0.0096975055474159983 0.018734335397413107 0.019721447964943527 0.016989795208118341,-0.20030547178288538 -1.6791395556379773 -0.018910965211954896 -1.5055005688437071 0.099407093538501398 0.059411822037423616,0.056204899873309407 0.11214834619552538 0.1461259845615846 0.10560216208825515 0.034862569846336518 0.07110382846299225,-0.030160300680851126 -1.515185072581517 -0.015575466374062576 -1.590952919843144 -0.0040565496729334473 -0.02439134710642886,-0.47189269507954179 -0.23715560404130975 0.17704463446945964 0.35133583976033533 0.34244007859768366 0.31259423720470625,-1.3870711791149271 -52.856745289578221 -17.612550277169294 -0.51854939872195049 0.099894425856817182 0.013468642405030382,0.017454986693351771 -5.9168631058919345 -1.4599588614180377 -0.15720692732156749 -0.052904608353603777 -0.052381836312981989
ur,tetrapga,7.019026354,0.293267779,0.225181614,0.018167307,30.396088,38.39474,3.799511,1,0,0,1.088818951,0.017060956,1,0,0,0,0 0 0.050000000000000003,0 0 0.050000000000000003,0 0 0.050000000000000003,wrist_3_link,-1,0,0 0 0,0 0 0,,-0.023693826492031105 -1.5114083359567732 -0.017681007794741296 -1.5955547941860095 -0.0086170243947936639 -0.028504951876098708,-0.025787629145602411 -0.0072710934192149537 0.010604777787184204 0.01812433106738234 0.018150969883287557 0.016174090175578765,-0.19771076069040538 -1.6741361997406674 -0.012475747427365552 -1.5009191473057566 0.10083539004740173 0.062494539682335849,0.061458137404350868 0.11474402814586956 0.14569731403667099 0.10215321759114278 0.029904662016076389 0.068693126542776761,-0.03401354616872726 -1.5172794885123311 -0.014208282307295305 -1.5881479721353178 -0.0013329509206642799 -0.021899488539213981,-0.48165581598001878 -0.26180204721883354 0.17089803336893788 0.35061853861817893 0.34044994254735905 0.31148239802375088,5.1402964765303558 -46.371047693020614 -18.787953936128048 -1.338401176946167 0.26476171064697696 -0.0013871569100586047,0.018136334348042737 -5.9952113344534155 -1.5166611201297471 -0.1589368625818679 -0.046950008224548867 -0.049872109475920468
ur,tetrapga,7.057518096,0.288940175,0.231135926,0.022039638,30.315522,38.390613,3.78944025,1,0,0,1.080023159,0.025072775,1,0,0,0,0 0 0.050000000000000003,0 0 0.050000000000000003,0 0 0.050000000000000003,wrist_3_link,-1,0,0 0 0,0 0 0,,-0.025784636984584126 -1.5121494007103948 -0.016881366213488399 -1.5941264451793797 -0.0071861133001019841 -0.027234533265688959,-0.04629732015265247 -0.018215696037725222 0.016778636810285866 0.031345439200541184 0.031537227561237328 0.028007874029337947,-0.19525822606240537 -1.669678140982944 -0.0068777641377550467 -1.4970472936953492 0.10190233072958077 0.06509694094106637,0.065960309644790535 0.11687147114611973 0.14514119953665405 0.099003955052590034 0.025525143758186909 0.066514115891349285,-0.02902177007620008 -1.5136567147663276 -0.015121748969986431 -1.5911272646813981 -0.0045197575799520162 -0.02461651361447497,-0.40464163645199425 -0.18841425699158998 0.21995215543774599 0.37489756224770876 0.33329446501874604 0.32725245640174883,-7.6341962896561517 -48.994763647701568 -11.220693239430515 0.65875386591770746 -0.13013540845835575 0.028721896547869195,0.2678423982511049 -7.2730805398850862 -2.1359512012783242 -0.29378984123650298 -0.076627499610349759 -0.086421631709377777
ur,tetrapga,7.096009609,0.285500398,0.228285989,0.01745543,30.249749,38.156577,3.781218625,1,0,0,1.023081924,0.019529596,1,0,0,0,0 0 0.050000000000000003,0 0 0.050000000000000003,0 0 0.050000000000000003,wrist_3_link,-1,0,0 0 0,0 0 0,,-0.027165869105715768 -1.5127106805465493 -0.016346473028609223 -1.5931161865593773 -0.0061946157604696539 -0.026334563196573905,-0.029972889622512086 -0.011904238871562098 0.011954588945425344 0.022161177781762669 0.021657014081796433 0.019730301676564241,-0.19263396939020735 -1.6651407326464132 -0.0013044711897739266 -1.4932991105786095 0.10279985111907307 0.067614145838477413,0.070380854484327224 0.11886806989095296 0.14441628771099091 0.09572917779657425 0.02110289708697298 0.064267508636274284,-0.030268922883159383 -1.5141908206197556 -0.014536941020517688 -1.5900860505795045 -0.0035649128845425594 -0.023698026773600906,-0.38788172218045203 -0.18501750915078163 0.22619150101144192 0.37876699748410575 0.32871285949088686 0.32956705287162491,-7.8836563431811237 -45.859265878137187 -9.261122917644208 0.84677789033436146 -0.16410117852342498 0.030073067565509367,0.012043557401597127 -5.7602918250395305 -1.4784546509369036 -0.18715684469498228 -0.056705689735810694 -0.060838738253529812
ur,tetrapga,7.134254383,0.281131923,0.23582785,0.021588732,30.35721,38.294639,3.79465125,1,0,0,0.97989288,0.00605316,1,0,0,0,0 0 0.050000000000000003,0 0 0.050000000000000003,0 0 0.050000000000000003,wrist_3_link,-1,0,0 0 0,0 0 0,,-0.029107763695714935 -1.5135065523772324 -0.015553436041576442 -1.5916835205967104 -0.004809202665534606 -0.025068592894606914,-0.049625737096063098 -0.022089588392562681 0.019468357307439742 0.036279868213442375 0.03518568940574706 0.032177582416137281,-0.18985962218854466 -1.6605588062510535 0.0042022711581169428 -1.4897021187519879 0.10352230652610729 0.070028318510343024,0.074688524442831278 0.12072056815153122 0.14352976215300373 0.092354812754329302 0.016672014613503577 0.061970377142860029,-0.032081530612809508 -1.5149910503769828 -0.013715685960265723 -1.5886360973000893 -0.0022293665228403734 -0.022424545120269326,-0.37172086463682125 -0.18556224996878851 0.22971876016383999 0.3809279120776255 0.32247951783677908 0.33050597179219865,-6.8982175738370337 -41.487407048234658 -7.2814133865221224 0.92093631367879558 -0.17250485394409548 0.029315724869065168,0.27007370565286237 -7.1242815867644822 -2.1442615660583257 -0.33092896542075323 -0.086181276115198546 -0.099286221491801996
ur,tetrapga,7.172640656,0.279336322,0.222271078,0.00880635,30.357342,38.021628,3.79466775,1,0,0,0.943755766,0.014065525,1,0,0,0,0 0 0.050000000000000003,0 0 0.050000000000000003,0 0 0.050000000000000003,wrist_3_link,-1,0,0 0 0,0 0 0,,-0.029283281102959975 -1.5135819597640943 -0.015386409149623786 -1.591377275021266 -0.0045690248179011952 -0.024799522571939372,0.0036152505510143058 0.0062284002489010519 0.0035922230604571435 0.0024331819106602729 0.00054474444778388148 0.0018576230017170671,-0.18691103186409047 -1.6558912341411545 0.0096921167463812959 -1.4862238425211618 0.10407641104025953 0.072361867668905594,0.078923748455245052 0.12244671031104881 0.14247440062138125 0.088850989920567447 0.012193083320488598 0.059601765282583617,-0.035187790418428844 -1.5166553844187778 -0.01183504897185513 -1.5855844529634731 0.00033099392904551231 -0.019790348998504698,-0.38828247570241675 -0.20804175522436164 0.23507962355132406 0.38145554207703364 0.32004505648573572 0.32927451522057838,3.220658039773042 -34.115363077963544 -13.194671942799364 -0.89896900189211271 0.17335441777646393 -0.00075817627548429428,-0.48231645640305487 -2.9060956231660384 -0.23001392058795744 0.030866677946505661 -0.012039464973611302 -0.005612495070899115
ur,tetrapga,7.210760242,0.277548971,0.218189872,0.018081581,36.32561,44.283158,4.54070125,1,0,0,0.913798198,0.010966489,1,0,0,0,0 0 0.050000000000000003,0 0 0.050000000000000003,0 0 0.050000000000000003,wrist_3_link,-1,0,0 0 0,0 0 0,,-0.02952517222536935 -1.5134098740044175 -0.015050481583620486 -1.5910150677277068 -0.0042954053880160901 -0.024494808196631107,-0.0073940786353806536 0.0056589789951337214 0.0097815962780604341 0.0096329926782878043 0.0073560017119328842 0.0080900683142520295,-0.18382377287169965 -1.6511930650311737 0.015100615491206943 -1.4829049843573361 0.1044560101679937 0.074588068565996576,0.083038395299289622 0.12402733236672073 0.14126347808750941 0.085259506608545088 0.007719274290253912 0.057189292209267176,-0.035272628715069962 -1.5165973176924481 -0.011536997821116765 -1.5852203154928093 0.0005506412178957489 -0.019482438814039483,-0.36451842414635877 -0.19558606010630741 0.23822093207763051 0.38493060659757061 0.31660586842262972 0.33251747294105261,-2.0480544802288847 -34.681660887117097 -8.4288183031898534 0.18592894976440721 -0.02752252340984146 0.015921227817163951,-0.031863392215768727 -5.9669218428325621 -1.5859664623886047 -0.11806593535038701 -0.011305515216769813 -0.0249442522147163
ur,tetrapga,7.25514001,0.274504682,0.22419067,0.186995291,36.236737,44.26101,4.529592125,1,0,0,0.888388297,0.003968015,1,0,0,0,0 0 0.050000000000000003,0 0 0.050000000000000003,0 0 0.050000000000000003,wrist_3_link,-1,0,0 0 0,0 0 0,,-0.030401183213653159 -1.5133982028413744 -0.014379180388902374 -1.5901645635994024 -0.0035766558502743242 -0.023768496443882639,-0.039622849524821785 -0.0095526762329837395 0.02648116251053384 0.041766142618519436 0.034700271095532212 0.034942467350043735,-0.18003440830868836 -1.6456510084945513 0.021334878821607339 -1.4792164426777263 0.10468253534087056 0.07706245989574044,0.087709780905668611 0.12569814016736752 0.13965106280674586 0.080943015830128265 0.0024852920446371616 0.054307789265915889,-0.03563231862004123 -1.5165280616895247 -0.01098727089258748 -1.5845808450803602 0.00097819728188887909 -0.018944350971031705,-0.34942658195995863 -0.19128767782670131 0.24635227655276123 0.38894930821822449 0.3114005747597709 0.33513958224116952,-1.6307175715199653 -31.696410501895347 -7.1105871921722725 0.230515312949227 -0.036460016259515671 0.014972349827483734,-13.799836891208969 -14.777334976157363 4.3888840952451957 10.471736277285345 5.0994156181368062 5.2249565154240472
ur,tetrapga,7.299497463,0.269877477,0.227338835,0.022482442,36.10162,43.768092,4.5127025,1,0,0,0.858462477,0.014755019,1,0,0,0,0 0 0.050000000000000003,0 0 0.050000000000000003,0 0 0.050000000000000003,wrist_3_link,-1,0,0 0 0,0 0 0,,-0.032048185032963937 -1.5139149597479105 -0.013273684033875697 -1.5885726486960841 -0.0022371417176987687 -0.022400329432305029,-0.031914188481956041 -0.011001158068168551 0.021034903940788798 0.030768727634614062 0.025945276119665454 0.026500627236999769,-0.17604271979289607 -1.6400417169835027 0.027489713504290567 -1.4757242852694543 0.10467638042335574 0.079406146787529899,0.092245898348819286 0.12718422313920749 0.13782399194651196 0.076489648191901877 -0.0027652996317009369 0.051352757566694621,-0.036484592003190111 -1.516729778442482 -0.010113474973812191 -1.5834486431020365 0.0018052712549291442 -0.017981626587927492,-0.33054252208594032 -0.18853346547057248 0.25212531117742454 0.39101297327320361 0.30434293410426116 0.33633920171760917,-1.735030177744683 -28.124516777642022 -5.2827670506725211 0.37473218907528438 -0.061635468217156875 0.015627634575319866,0.24007441880746683 -7.4192060230343486 -2.3446774033244182 -0.3154667904091184 -0.054103563151178813 -0.08179306184185009
ur,tetrapga,7.343357933,0.265959604,0.225510133,0.035742378,36.220255,43.968207,4.527531875,1,0,0,0.829008181,0.020917468,1,0,0,0,0 0 0.050000000000000003,0 0 0.050000000000000003,0 0 0.050000000000000003,wrist_3_link,-1,0,0 0 0,0 0 0,,-0.033200543028327825 -1.5143429083980426 -0.012454656091575571 -1.5873525397928785 -0.0012380929108893536 -0.021349894778649209,-0.023341281379002959 -0.0091783300604501121 0.017373317501100573 0.027317707417031656 0.021623797693212501 0.023311226811050814,-0.17190088065298967 -1.634434466055785 0.033491288673215561 -1.4724683736785973 0.10444102864844451 0.081593133629862216,0.09659554665580776 0.1284712895342697 0.13580830164317792 0.07195615595344601 -0.0079675883419860604 0.048360637331037119,-0.037329651232029464 -1.5170174296225647 -0.0092214418224616304 -1.582261697947809 0.0026557502575751783 -0.016969483526854113,-0.31088546453381194 -0.18513577528778349 0.25782796377903128 0.39236168745605782 0.29652013569441038 0.33703464455428001,-1.9034954647689997 -24.558019915416992 -3.4834844021544296 0.51128519498356528 -0.087112898058713764 0.016030747330652677,-1.5182010086737421 -6.315631637828119 -0.069733183453962511 2.0015731464363853 0.819804734766028 1.0174012619330028
ur,tetrapga,7.387436291,0.262531406,0.224129439,0.018976431,36.322636,44.015103,4.5403295,1,0,0,0.802109736,0.022370623,1,0,0,0,0 0 0.050000000000000003,0 0 0.050000000000000003,0 0 0.050000000000000003,wrist_3_link,-1,0,0 0 0,0 0 0,,-0.034027653712535876 -1.5146360503343004 -0.011789682533023708 -1.5863887851061995 -0.00047790882493124661 -0.020521849837580233,-0.016131597288425368 -0.0049462582530982067 0.013327994662684171 0.018662276952492066 0.01468954239367597 0.016017139278134196,-0.16754934302198204 -1.6287465324331034 0.03942905483517798 -1.4693993533240663 0.10397455202659578 0.083657287921597059,0.10082609230855187 0.12958068097543937 0.13357612975897395 0.067276740663491694 -0.013197857858652438 0.04528691741736629,-0.038009470194331887 -1.5172715253834004 -0.0083954728460391374 -1.5811780578337298 0.0033953933660055445 -0.016045046447195715,-0.2913522152561524 -0.18059817562099051 0.26376116646294151 0.3933979616592802 0.2883090812104474 0.33757752937768221,-2.0284379588998487 -21.21892694309685 -1.7360060028068611 0.65050413985163003 -0.11232065877738164 0.016640874871669199,0.035489854720793801 -6.2622221518868173 -1.8459253952833308 -0.20547168323719234 -0.026767754920719922 -0.049412686842785547
ur,tetrapga,7.431548732,0.258902863,0.224735801,0.070309287,36.101835,43.904462,4.512729375,1,0,0,0.77646171,0.025430994,1,0,0,0,0 0 0.050000000000000003,0 0 0.050000000000000003,0 0 0.050000000000000003,wrist_3_link,-1,0,0 0 0,0 0 0,,-0.034902815405798045 -1.514914267621011 -0.011018192777764181 -1.5853110453260302 0.00034649064027125932 -0.019601094520970624,-0.021924112013201595 -0.0071731078657968714 0.019627754016182559 0.02922218326416141 0.021767471009103104 0.0246257375163609,-0.16301094880286271 -1.6230093389132145 0.045268398094505356 -1.4665370620444624 0.10327701311195037 0.085585986964240329,0.10491402236212272 0.13050504331822574 0.1311382910272279 0.062476899531740578 -0.018425886338252078 0.042147513117376967,-0.03863209680118361 -1.5174970376369155 -0.0075472056159506867 -1.580093789208463 0.0041066809337981756 -0.015121555423528058,-0.27199425013983053 -0.17551764183870677 0.26995339949387148 0.39384529642711597 0.27946736633247171 0.33768938256938896,-1.9239344733066703 -17.938519153037699 -0.2544026225610212 0.73387372068744183 -0.12754969941711375 0.016393654757625106,-3.7589581922505886 -7.6287171405037952 1.2153525543868113 3.9373200867539708 1.6751521198143688 1.9730527648502587
ur,tetrapga,7.475554404,0.25529051,0.223518559,0.019735717,30.316752,38.015796,3.789594,1,0,0,0.774001998,0.027602477,1,0,0,0,0 0 0.050000000000000003,0 0 0.050000000000000003,0 0 0.050000000000000003,wrist_3_link,-1,0,0 0 0,0 0 0,,-0.035729729036917415 -1.5151618204534725 -0.010226574264678562 -1.5842502046494982 0.0011378792049191893 -0.018695525686791989,-0.016154268159276036 -0.0040245148587446664 0.015838506778139111 0.020549928387071877 0.015297890864953706 0.017525428678790821,-0.1583071495130968 -1.6172495009203467 0.050982047199669873 -1.4638950952795518 0.10235167028274476 0.087370712283752483,0.1088421613640333 0.13124096969182017 0.12850661749541267 0.057579444998050726 -0.023626588212608376 0.038956341164305713,-0.037571020268195726 -1.5164098476737047 -0.0080467187792567039 -1.5811015584083385 0.0032402592049699339 -0.015988132800441208,-0.23016140390978859 -0.15600340252903694 0.27248193567773227 0.39358078014495051 0.26279750000634311 0.33842411079384738,-5.1193512131202645 -15.270990234245874 7.5672712432540639 2.029103853341947 -0.3616566504020447 0.033939901327542751,0.066990079346453513 -6.5127866469329092 -2.0151121077746836 -0.23439002167015133 -0.024947401220579479 -0.054076635928183237
ur,tetrapga,7.513664778,0.252121809,0.223755891,0.019758536,30.428342,38.355997,3.80354275,1,0,0,0.732744226,0.030063664,1,0,0,0,0 0 0.050000000000000003,0 0 0.050000000000000003,0 0 0.050000000000000003,wrist_3_link,-1,0,0 0 0,0 0 0,,-0.036412471185395895 -1.5153753288016039 -0.0095179419330428654 -1.5833100220745084 0.0018177336484643675 -0.017894142542308401,-0.016122873824369499 -0.004411108286627022 0.017108403595436878 0.022023223181760549 0.015899818795766043 0.018774864349954762,-0.15409630753763762 -1.612238142312713 0.055833499741633069 -1.4617828780888178 0.10136571337078096 0.088801962061614462,0.11211976338110187 0.13172750406612985 0.1260692363690343 0.053255598343670989 -0.028112260392662906 0.036147699731087009,-0.038119826801023417 -1.5165978877572988 -0.0073145627511371075 -1.5801730787765367 0.0038471342653516277 -0.015195029093597642,-0.21341945195343989 -0.15281986946187218 0.2754223977382198 0.3921179122464804 0.25367507711090753 0.33738918108884475,-4.7624091288199475 -12.29805637194298 9.0802203933254333 2.118666988886742 -0.3767141865372659 0.033940559028157159,0.065832799245811202 -6.5203170097347538 -2.0485227046163743 -0.24808857321113464 -0.025800156940039898 -0.057932603035141028
ur,tetrapga,7.552095681,0.248861243,0.223957137,0.019568106,30.417111,38.264299,3.802138875,1,0,0,0.712062544,0.003782922,1,0,0,0,0 0 0.050000000000000003,0 0 0.050000000000000003,0 0 0.050000000000000003,wrist_3_link,-1,0,0 0 0,0 0 0,,-0.037081567594756684 -1.5155928842496036 -0.0087668064783776173 -1.5823268415272942 0.0025084091503753221 -0.017056574817837598,-0.015632280853182075 -0.0046193675756997232 0.018092395553670974 0.023059006286164477 0.01610628783811972 0.019647281880215157,-0.14972584434298336 -1.6071685805172806 0.060628885324317303 -1.4598211664171001 0.10019877375018223 0.090136089767909697,0.11530523210839726 0.13207605699931185 0.12346539578755432 0.048823033676268751 -0.032612664074291732 0.033275829445738064,-0.038652193448887859 -1.5167885377722223 -0.0065427886293998906 -1.579206790851166 0.0044603704887910857 -0.014369258944767784,-0.19632823176639649 -0.14945669032734693 0.27800223112221584 0.39000633451601069 0.24399516730197046 0.33591448413372677,-4.4069782669391699 -9.3575215038633157 10.572144858640558 2.2061609851169197 -0.39149749813655321 0.033926458633856474,0.053450677805102487 -6.4574749797393451 -2.0509204465227917 -0.25677063043167436 -0.025916065432920021 -0.060622928805422305
ur,tetrapga,7.590457663,0.246658318,0.21731016,0.018195522,36.141069,44.038526,4.517633625,1,0,0,0.688836526,0.002295256,1,0,0,0,0 0 0.050000000000000003,0 0 0.050000000000000003,0 0 0.050000000000000003,wrist_3_link,-1,0,0 0 0,0 0 0,,-0.03726249144740406 -1.5155044022849358 -0.0083817650224582742 -1.5818987167198975 0.0027652686589611209 -0.016689884487646082,-0.003004044590746689 0.0044631821760456949 0.0085748155109520198 0.0083918575196324004 0.0047220751934106018 0.0071251923755607073,-0.14524347061911699 -1.6020974849302043 0.065313111535258886 -1.4580341727058874 0.098861967244233726 0.091357033067917287,0.11836248358158694 0.13228152710621602 0.12072287556705133 0.044330989539736521 -0.03707646746933646 0.03037203178392579,-0.039472043853145906 -1.5173570752756294 -0.0051293435894197081 -1.5774315867247846 0.0055193826948691082 -0.012849947156102683,-0.18933767562499318 -0.15132565588126595 0.29161665456367192 0.39014588259339872 0.23832039012412559 0.33495307001303121,-2.2307177119547204 -5.7450995962957574 6.2348045733302326 1.2330095166082238 -0.22029499516745768 0.018013948941624239,-0.04708581934914946 -6.004522107476987 -1.7950745329630884 -0.14553525242808973 0.0047419651668301199 -0.021969881154038973
ur,tetrapga,7.634592713,0.24394876,0.218349584,0.020454993,36.125745,44.074947,4.515718125,1,0,0,0.672624584,0.001888718,1,0,0,0,0 0 0.050000000000000003,0 0 0.050000000000000003,0 0 0.050000000000000003,wrist_3_link,-1,0,0 0 0,0 0 0,,-0.03753693841812094 -1.5153940350839334 -0.0078543574334544453 -1.5813206433548579 0.0031158703809614414 -0.016199246618338468,-0.0059701177510075084 0.0030559673607250346 0.01158704228982187 0.012036617620548064 0.0072953181073679638 0.010196409278213508,-0.13994471604504835 -1.5962572100272179 0.070568443206555961 -1.4561930721154723 0.097113020851835527 0.09262300543353956,0.12172513914392034 0.13234180427978837 0.11739433744655582 0.039086247628043365 -0.042169651237774879 0.026988827950158452,-0.039906573296272951 -1.5175581808036074 -0.0041301784638095272 -1.5762685372027794 0.006159108233009484 -0.01185361958233489,-0.17526027007994163 -0.14782820297822774 0.29520900595344368 0.38844722963023126 0.2301852118867761 0.33387216311071055,-2.0606888319784669 -3.5336079944689072 7.0085837291304518 1.2608148131869958 -0.22380688631384046 0.017788135777824416,0.058141358683570843 -6.7501475842927903 -2.1486086320934206 -0.19643379103763436 0.0027295712370056791 -0.031471483585963966
ur,tetrapga,7.678763747,0.240819295,0.224293397,0.106984821,36.28769,44.129259,4.53596125,1,0,0,0.65823837,0.010120681,1,0,0,0,0 0 0.050000000000000003,0 0 0.050000000000000003,0 0 0.050000000000000003,wrist_3_link,-1,0,0 0 0,0 0 0,,-0.037944757131068985 -1.5153703555485984 -0.0071639467451042899 -1.5805245398621655 0.0036073906200068321 -0.015523850431435397,-0.013450526556878924 -0.003250031408373248 0.021047907986774448 0.02875063950853201 0.017337611645013556 0.024005416007407188,-0.13449677158460221 -1.5904136730360234 0.075676958532930161 -1.4545839068910946 0.095138732522644223 0.093739576711528688,0.12492133391688244 0.13221362370512224 0.1138820044989125 0.033762634482445694 -0.047213667526468113 0.023561301119532051,-0.040192167615788921 -1.5176169290550749 -0.0032579740639150454 -1.5753094412901898 0.0066444802408745177 -0.011030853441202261,-0.1583128002647432 -0.14408260987151317 0.29863606756773292 0.38588715528530942 0.22015385179579489 0.33223519571036036,-1.8606559406437959 -0.87450575648526319 8.0510429190238373 1.2955877768025563 -0.23039075619963689 0.017107342978633013,-3.5949841604024471 -9.5788596460779445 2.6541690628901407 5.9911499752743111 2.1191681341655357 3.0016778582065555
ur,tetrapga,7.722990501,0.237126188,0.226550327,0.067817284,30.405834,38.153017,3.80072925,1,0,0,0.657107823,0.018729118,1,0,0,0,0 0 0.050000000000000003,0 0 0.050000000000000003,0 0 0.050000000000000003,wrist_3_link,-1,0,0 0 0,0 0 0,,-0.038475892174822141 -1.5155349294885259 -0.0062441087898218962 -1.5794260422197908 0.0042709751587573985 -0.014588280034231607,-0.013392242332729863 -0.0053734003529511045 0.02325208793338903 0.030462693441229149 0.01787521893448971 0.025704571394327781,-0.12890432131088791 -1.5845726066982966 0.080632561356138402 -1.4532098111295439 0.092940065713487383 0.094705027279506554,0.12794849482978779 0.13189673930539916 0.11018877361946561 0.028365580425081922 -0.052202366826988575 0.020091901567952351,-0.039456392904427706 -1.5166110527184029 -0.0039345045199988618 -1.5764000731294592 0.0058645552172444469 -0.011959129329068872,-0.12256259120069535 -0.13451540373461837 0.28870053372787924 0.37824613629145604 0.19919750731088109 0.32864383814534187,-2.8134853617357529 2.6068321651870647 16.637618043689042 2.5456104031748104 -0.45012632808613567 0.03344774568932192,-1.8561918928635919 -7.9484709180869686 1.128756975676108 3.7977679293389883 1.2703620576546317 1.9376789041862779
ur,tetrapga,7.761214388,0.233810408,0.224391372,0.020720122,30.310888,38.265628,3.788861,1,0,0,0.632189036,0.014719324,1,0,0,0,0 0 0.050000000000000003,0 0 0.050000000000000003,0 0 0.050000000000000003,wrist_3_link,-1,0,0 0 0,0 0 0,,-0.038926624369168959 -1.5157125959704687 -0.0053877866397924233 -1.5784104975821125 0.0048657573111879487 -0.013720794731078673,-0.0099538902233999235 -0.0032020930688246617 0.019214484271475128 0.022211578684912373 0.012981196670966737 0.018958490249824961,-0.12396592171290956 -1.5795386838924124 0.084781160893182064 -1.4522154935425307 0.09086318121236836 0.095415268527360833,0.13042274387906586 0.13147135948908789 0.10685861962320735 0.02365354375487037 -0.056457953504812565 0.017066331818271101,-0.039768622835061322 -1.5167575726625917 -0.003077476743774215 -1.5754261637836235 0.0063654755583435717 -0.011119443003196753,-0.10524980823654503 -0.13062208651536142 0.28878873700227609 0.37304172481112802 0.1874647808944529 0.32516896598524003,-2.4922702456268708 5.1524647858529145 18.098285700887814 2.6513288241178761 -0.46801304621065187 0.033964702063626513,0.066248689499161628 -6.8376402767362379 -2.3134397247969538 -0.27908985772501183 -0.01050842927502238 -0.058511122084091483
ur,tetrapga,7.799577615,0.230648214,0.224471916,0.019928511,36.103531,43.992835,4.512941375,1,0,0,0.612331572,0.0012421,1,0,0,0,0 0 0.050000000000000003,0 0 0.050000000000000003,0 0 0.050000000000000003,wrist_3_link,-1,0,0 0 0,0 0 0,,-0.039296769015234254 -1.5158609621900181 -0.0046010497103814605 -1.5774866618634968 0.0053864046174405041 -0.012930689590057529,-0.0090202482087275108 -0.0028452808875472236 0.019845556563861329 0.022558690872209325 0.012627111033398366 0.019290071301967648,-0.11891699785171936 -1.5745054561869725 0.088814487148239502 -1.4513994077465631 0.088616259425444571 0.096011379476778333,0.13277148115748216 0.13090376426381672 0.10339123615115878 0.018885660117052082 -0.060671325756833427 0.014007368890127903,-0.040283650866137138 -1.5173471185812613 -0.0013998325574213935 -1.5734866376344838 0.0073183720092915069 -0.0094440392388247009,-0.093869367623669653 -0.12973139436954578 0.30492883370705559 0.37122189863457078 0.1803039901749337 0.32262838222530532,-1.7880610072077281 8.2732367666458355 12.702062203452272 1.6162836965804606 -0.29023180198762216 0.0174851140612458,0.023972910985918361 -6.5764084961474509 -2.2272065709604494 -0.27659706857139099 -0.010346503904912652 -0.059525048581576812
ur,tetrapga,7.843672112,0.228081116,0.218965515,0.057788989,30.2547,37.877947,3.7818375,1,0,0,0.611243306,0.003880124,1,0,0,0,0 0 0.050000000000000003,0 0 0.050000000000000003,0 0 0.050000000000000003,wrist_3_link,-1,0,0 0 0,0 0 0,,-0.039384585628387578 -1.5157034826777829 -0.0041294738119784062 -1.5770230296134109 0.0055948163122195443 -0.012529728799015153,-0.0030578464058518239 0.003298427919736573 0.012628453256484595 0.014877444144237948 0.0068012863348925357 0.012581575075704315,-0.11300604278114461 -1.5687508433558519 0.093282877801412867 -1.4506882305796294 0.085835619949536868 0.096551066565045709,0.13530217748120671 0.13007820246720206 0.099255861338240048 0.013364649767967135 -0.065435980541661498 0.010467316113165381,-0.039938699880670857 -1.5166679007788784 -0.0018041068742087208 -1.5741242116514651 0.006893637347803851 -0.0099824914591298275,-0.069264281535409533 -0.12055226263692644 0.29067086722121072 0.36235224524321841 0.1623526294480383 0.31840466748566576,-1.7360149543424443 9.8618449604744622 20.85957458279568 2.8303973201880956 -0.49970843988876062 0.034317270090341453,-1.4061547899022173 -7.2144867367787811 0.86019055048200599 3.2361833922168444 1.0205820807147568 1.6610798610681279
ur,tetrapga,7.881612675,0.225694973,0.21889923,0.021013794,36.073775,44.091102,4.509221875,1,0,0,0.593671256,0.000241145,1,0,0,0,0 0 0.050000000000000003,0 0 0.050000000000000003,0 0 0.050000000000000003,wrist_3_link,-1,0,0 0 0,0 0 0,,-0.039499194357294869 -1.5155868316089534 -0.0036324913739430018 -1.5765264634291991 0.0058244109403904664 -0.012102156602332485,-0.0028171328430702958 0.0038034358565592306 0.012300596202978544 0.011628037409363839 0.0053371053525298959 0.0099780837060081916,-0.10783364292480138 -1.5638314439337024 0.096979201929094094 -1.4502717594230921 0.083276325951014432 0.096890132719439928,0.1373331219728505 0.12922054054211174 0.095573495848394516 0.0085852569936037768 -0.069463077000259485 0.0074037713494457952,-0.040173543328102232 -1.5170788798341315 -0.00025143546026221326 -1.5724399915759708 0.0076012573990444894 -0.0085142546347262513,-0.056824526139921498 -0.11893920502695254 0.30835795797670601 0.36066824554518595 0.15527915686841642 0.31600867450061321,-1.6103459508230769 12.684427223773588 15.064895998466669 1.783591763530278 -0.32071069738210534 0.017925955606670305,0.04925904650841062 -6.9345521263512637 -2.343933859029196 -0.21871178556375526 0.014073256170654247 -0.030800759646563591
ur,tetrapga,7.925796013,0.222226835,0.224521391,0.021522947,30.390795,38.156572,3.798849375,1,0,0,0.589693684,0.007848647,1,0,0,0,0 0 0.050000000000000003,0 0 0.050000000000000003,0 0 0.050000000000000003,wrist_3_link,-1,0,0 0 0,0 0 0,,-0.039747423465533192 -1.5156408528801644 -0.0027251569772629935 -1.5755480778703141 0.0062918664972215167 -0.011261133429987434,-0.0055241791479639325 -0.0012086516229436589 0.02044118247079079 0.021450673219553771 0.010250640448009187 0.018450032239091665,-0.1017166915908697 -1.5581472063994533 0.10110468650208718 -1.4500158821883278 0.080105256894813362 0.097138131792275165,0.13952516809261836 0.12805133163648888 0.091145889593537671 0.00299318989672093 -0.074061345251003885 0.0038194708877365945,-0.040012682972458052 -1.5165443462739916 -0.00039576041969159072 -1.5727551750652529 0.007377115411163768 -0.0087825414885687129,-0.033157438365607902 -0.11293667422839405 0.29117456969642536 0.34911285063265673 0.13565611424278148 0.30982399267734023,-0.79910362127394219 14.945304441184398 22.951502279289432 2.8906165009327864 -0.50981305930145782 0.033065999963880606,0.068659399324587866 -7.1025725160097863 -2.5037167932193203 -0.29433000471999549 0.002043351113792724 -0.056950104536458213
ur,tetrapga,7.96406563,0.219877558,0.21945662,0.021161896,30.349356,38.393785,3.7936695,1,0,0,0.579512652,0.001524617,1,0,0,0,0 0 0.050000000000000003,0 0 0.050000000000000003,0 0 0.050000000000000003,wrist_3_link,-1,0,0 0 0,0 0 0,,-0.039807325295009965 -1.5155120095250147 -0.0022346217996237539 -1.5750805824364387 0.0064795731149355634 -0.010853264191971378,-0.0014209604239986311 0.0040565277866547039 0.011192855398337257 0.010182789485057731 0.0040404270112782571 0.0088414850435504615,-0.096343245654484308 -1.5532684881693966 0.10451753006722297 -1.4499942941897825 0.077196114912802288 0.097224707832540891,0.14127162732060966 0.12689165719238732 0.08719431885158474 -0.0018670544154619569 -0.077959069765890981 0.00070356177174957018,-0.040185151414994603 -1.51743181003876 0.0022263737049236796 -1.5699463834449796 0.008444896081041476 -0.0063157647255429493,-0.021558555317069315 -0.11093297059604565 0.32776676557690881 0.3510989525341468 0.13347258373471346 0.30834709537822041,-2.3719350046859811 17.73372044502954 10.053683263616037 0.81088957502686765 -0.1575545357194211 0.0016617994020480323,0.042392284070075448 -6.9834256194908448 -2.392691367299272 -0.21650569407483999 0.019499553350401655 -0.027293024492056617
ur,tetrapga,8.002560026,0.216968861,0.22381153,0.021221637,30.379068,38.299837,3.7973835,1,0,0,0.573993756,0.016145825,1,0,0,0,0 0 0.050000000000000003,0 0 0.050000000000000003,0 0 0.050000000000000003,wrist_3_link,-1,0,0 0 0,0 0 0,,-0.039916510900392249 -1.5155227751099385 -0.0014614884480358041 -1.5742796832239241 0.0068088745157674343 -0.010157232904209409,-0.0026644201916763239 9.7708262693082748e-05 0.019245825765980582 0.019197765798727364 0.0078722153317944358 0.016682115318564814,-0.090873573597253315 -1.5484085091862185 0.10779583365371015 -1.4501604259444696 0.074121018566911112 0.09719133904359839,0.14288437188285646 0.12558886508933334 0.083114812734682852 -0.0067655850253678824 -0.081794869909238829 -0.0024382993088953734,-0.039914928617950748 -1.5163586140519645 0.00085792954368522478 -1.5716013656298222 0.0076860370240829238 -0.0077525021035448711,0.00019778530518739729 -0.10447986775325206 0.28992724896512861 0.33478969926274155 0.1096453135394362 0.30059135008306731,0.00905575796315361 19.033649301862209 24.964662146925328 2.9814716646524353 -0.52606837688980135 0.032537778951549433,0.036402083347383041 -7.0031402020867972 -2.4837076411662169 -0.28126705305203359 0.0095491744721112326 -0.05148959539631548
ur,tetrapga,8.040961378,0.214596461,0.220474393,0.020863942,30.372158,38.413232,3.79651975,1,0,0,0.565069673,0.001269823,1,0,0,0,0 0 0.050000000000000003,0 0 0.050000000000000003,0 0 0.050000000000000003,wrist_3_link,-1,0,0 0 0,0 0 0,,-0.039948118174590569 -1.5154134729217843 -0.00094389801147730943 -1.5737933283516194 0.0069839403842228065 -0.0097311623785074942,-0.00069713185208154348 0.0041156476148499271 0.012377885221916031 0.011023665589814215 0.0038251112894741191 0.0096318952284675744,-0.085358050267119123 -1.5436128411320231 0.11090780242958657 -1.4505141367006897 0.070907938608110538 0.097037443580568677,0.14434809997848316 0.12415439771175972 0.078944857493573384 -0.011656426681894753 -0.085531852352765364 -0.0055773694227769441,-0.039798626137723926 -1.5171631873402167 0.0034869356093833559 -1.5689063280068496 0.008546240355192752 -0.0053595868497625333,0.014537810028352915 -0.10057166103153327 0.32862575821226642 0.33687970287157049 0.10752541638872851 0.29911440672279221,-2.7337100801766576 21.387147175679754 11.691486952708438 0.93013119633269248 -0.18032732152602074 0.0018368857928301888,0.015547917818309998 -6.8851009966883794 -2.3905343522382223 -0.22427033907206351 0.020713754681601415 -0.029726868941807538
ur,tetrapga,8.079475621,0.21120176,0.229757586,0.021184864,30.244111,37.937029,3.780513875,1,0,0,0.55689517,0.019398685,1,0,0,0,0 0 0.050000000000000003,0 0 0.050000000000000003,0 0 0.050000000000000003,wrist_3_link,-1,0,0 0 0,0 0 0,,-0.040017257467058164 -1.5155365473631703 0.00013081128142824019 -1.5726838438079838 0.0073941666448334971 -0.0087608439041511749,-0.0017223921517603082 -0.003302136451842819 0.028415043813571499 0.028368402870000184 0.010482931513292142 0.024826286019071352,-0.07977267436066339 -1.5388609814624843 0.11386621646446217 -1.4510575212576622 0.067543078305334875 0.096761972277543476,0.14566942296249438 0.12258197926348095 0.074666481969227441 -0.016560192164427435 -0.08918527500166476 -0.0087276236356879904,-0.039746724822899523 -1.5163003972697993 0.0024333061165307088 -1.5701430437443145 0.008050694509299702 -0.0064477340379348576,0.033816580519829796 -0.0954812383286026 0.2878118543878086 0.31760000795867499 0.082065983058275546 0.28913873327703965,0.806890352885965 22.938292709678606 26.232874223896211 2.9657968179076066 -0.52405224700710384 0.030632439760563412,0.012192774477085777 -6.9910051419319643 -2.5908980356982019 -0.34967698333548469 0.0038849691726170477 -0.076621871836854538
ur,tetrapga,8.117507502,0.209021473,0.219832287,0.021389107,30.237467,38.162112,3.779683375,1,0,0,0.548755256,0.002928002,1,0,0,0,0 0 0.050000000000000003,0 0 0.050000000000000003,0 0 0.050000000000000003,wrist_3_link,-1,0,0 0 0,0 0 0,,-0.039991162885884522 -1.5153765716169236 0.00060278577477498321 -1.572288198136079 0.0075017648169502949 -0.0084081933672870719,0.00068516422076062889 0.0059837068537228191 0.0097087278753088049 0.0074776451566429484 0.0016934206090496349 0.0066576373101720938,-0.074210082317999998 -1.5342305470782689 0.11662414921526248 -1.4517793170596938 0.06408413013183753 0.096370899135276036,0.14682904706473299 0.12089944233730676 0.070351659799593139 -0.021395611784068898 -0.092695518963709922 -0.011837540638656595,-0.039342547249678117 -1.5170153862328621 0.0050512018877778286 -1.5675858234509508 0.0086912941584305244 -0.0041463785833507471,0.050522196652675794 -0.089373620382870111 0.32723697140588992 0.31965253667046906 0.080074956141352724 0.2876694318230138,-3.0790943500918946 24.682123128529952 13.08979222534607 1.0289412397014976 -0.19914854397186077 0.0019601753183221948,0.027430241027161628 -7.0584052748799877 -2.4826261616301322 -0.21242162454927893 0.02939229552011291 -0.020551957766365092
ur,tetrapga,8.155766708,0.205919954,0.228711159,0.021424181,30.372789,38.264831,3.796598625,1,0,0,0.543709711,0.016581734,1,0,0,0,0 0 0.050000000000000003,0 0 0.050000000000000003,0 0 0.050000000000000003,wrist_3_link,-1,0,0 0 0,0 0 0,,-0.039939211242109758 -1.5154257625936394 0.0015915784843799701 -1.571320901138237 0.0077891074148954383 -0.0075509117960455337,0.0013809872417750158 -0.001541334089914977 0.026578996054730322 0.025102939279516664 0.0074947289597147061 0.022249786342612939,-0.0685725347138674 -1.5296394578345609 0.11923134098675676 -1.4526907590961731 0.06047174172811879 0.095858211542655114,0.14784922130437808 0.11907843332691126 0.065925350159043924 -0.026247481627345054 -0.096124659812691762 -0.014962352044312358,-0.039410081662258047 -1.5161147881978707 0.0038592148288216187 -1.5689286678942498 0.0082218886411821943 -0.0053354914550986744,0.066141197481464215 -0.086128200528923435 0.28345454305520612 0.29902915549839698 0.054097653285844607 0.27692754261835745,1.647967311124336 26.245351248064289 27.749260348490999 3.0102719900916464 -0.532434144232099 0.029788571087493342,0.0032540914976095792 -7.0699796538674491 -2.6475290592938734 -0.33635907466305071 0.014493417427559052 -0.068672073421737423
ur,tetrapga,8.194128811,0.203720556,0.221633532,0.021994538,30.160062,38.065049,3.77000775,1,0,0,0.53681887,0.002656871,1,0,0,0,0 0 0.050000000000000003,0 0 0.050000000000000003,0 0 0.050000000000000003,wrist_3_link,-1,0,0 0 0,0 0 0,,-0.039877058685026098 -1.5152520711010877 0.0021168717648162401 -1.5708922807861807 0.0078818461539395309 -0.0071661573569503723,0.0011978835767234323 0.0057525306580919235 0.010686986727654614 0.0081498205410961942 0.0015233998286576596 0.0072946140272839655,-0.06288347318890207 -1.525108421264159 0.12167393464507797 -1.4537907021207832 0.056719951153911666 0.095224225928269235,0.14872400285515847 0.11712507756183621 0.061405520895260947 -0.031094335680074556 -0.099455904041031287 -0.018089023811759343,-0.038726731741991031 -1.5167420491881349 0.0064550366615617801 -1.5665193890926179 0.0086396152843499323 -0.0031317221095491224,0.085418740033376794 -0.078407623783023198 0.32447772909252015 0.30115985020398062 0.052215830395967285 0.27547116819369399,-3.348606217458495 27.579413447209113 14.379196193759663 1.1214336733246331 -0.21660216187015352 0.002100691228882691,0.040870347281497743 -7.2581976346391457 -2.6130087134533078 -0.22953694755778997 0.032597327780077734 -0.022522523532254368
ur,tetrapga,8.232298524,0.200730569,0.229922496,0.021605715,28.591722,35.881805,3.57396525,1,0,0,0.532148324,0.017296913,1,0,0,0,0 0 0.050000000000000003,0 0 0.050000000000000003,0 0 0.050000000000000003,wrist_3_link,-1,0,0 0 0,0 0 0,,-0.039732760255614799 -1.5153023611110805 0.0031127643164266926 -1.5699531453350302 0.0081023457701080177 -0.006323754046732682,0.0039043014262229486 -0.0011571445324034567 0.027210860770775776 0.024645638468954324 0.0057787756422558829 0.022108153650881028,-0.057192460569221899 -1.5206768704560003 0.12393071529452432 -1.4550692373902434 0.052862244271410702 0.094474543930483754,0.14944658138515113 0.11505683424962206 0.056831991829526647 -0.035893447692165355 -0.10265980755466263 -0.021190706435621712,-0.038948380158009992 -1.5159156114941599 0.0053357693072678524 -1.5677252534734618 0.0083041507448478186 -0.0042171999523684918,0.098047512200600609 -0.076656297884921024 0.27787562385514508 0.27848648269604753 0.025225621842475055 0.26331926179552378,2.4995222992389241 29.248573924126902 28.914364963948952 3.0125464355152154 -0.53363659946518827 0.028485574191982773,-0.0095237438033279886 -7.129885849252787 -2.7166338079522667 -0.34152392832402256 0.021398670694406263 -0.068235722797448162
ur,tetrapga,8.26824944,0.198752608,0.222378466,0.022062055,28.687901,36.312313,3.585987625,1,0,0,0.525177181,0.003777474,1,0,0,0,0 0 0.050000000000000003,0 0 0.050000000000000003,0 0 0.050000000000000003,wrist_3_link,-1,0,0 0 0,0 0 0,,-0.039628393778812943 -1.515128440098251 0.003618937688117314 -1.5695633272101646 0.0081546574366115638 -0.0059676147702138185,0.0020997161383904989 0.0064327416372665491 0.010048271537155826 0.0070016771915248754 0.00048522229736985319 0.0064183533999035104,-0.051809523114271838 -1.5165771768926717 0.12589545397997015 -1.4564405026954235 0.049118856559475829 0.093660367468045902,0.1499919013811917 0.11299695256992198 0.05245896859743019 -0.040387331221583882 -0.10557292438067555 -0.024101095974444986,-0.037990321535190733 -1.5164543336056158 0.0078955815652673716 -1.5654800325335518 0.0084919393764069755 -0.002122158136137497,0.11975732785240781 -0.067340263931980893 0.31997653224993994 0.28065261748875714 0.023473578944894519 0.26188022702887437,-3.5832043160626861 30.136533612600193 15.495712782341279 1.2003663156792688 -0.23139516648811767 0.0022166814964572801,0.0302233956092266 -7.2804781417489721 -2.6538450153668052 -0.22840380807247129 0.037028751069826171 -0.019816426652143448
ur,tetrapga,8.304661801,0.19616279,0.23014382,0.021342192,28.619566,35.904717,3.57744575,1,0,0,0.523159865,0.012989246,1,0,0,0,0 0 0.050000000000000003,0 0 0.050000000000000003,0 0 0.050000000000000003,wrist_3_link,-1,0,0 0 0,0 0 0,,-0.039406449568122365 -1.5151256559011983 0.0044961818562903643 -1.568780896682296 0.0082705463012033194 -0.0052527130984189267,0.0068712787744930276 -0.00035684840560296842 0.027425453047475269 0.023576225711095061 0.003543858683560074 0.021535628321830123,-0.046339938930117758 -1.5125023250158613 0.12772404972747489 -1.4579935095042735 0.045222592764005212 0.092729320283918004,0.15041018025007277 0.1108019325361428 0.047969443808794657 -0.04490821326208521 -0.10841664300433301 -0.027035548093457439,-0.038386424546616768 -1.5156649808005096 0.0066687855093757646 -1.5667195144823278 0.0082500917876894928 -0.003256591478079288,0.12750312768819932 -0.067415612413902926 0.27157545663567512 0.25767277499601954 -0.0025568141892283393 0.24951520254245482,3.3021401822014669 31.674050661437313 29.790287728911849 2.9969619074857548 -0.53178893377822434 0.027166651154580026,-0.043725494448239033 -7.0429232854203292 -2.7149609166207647 -0.33703490512380085 0.028675444167955533 -0.066463979449293831
ur,tetrapga,8.340658354,0.194227951,0.223839927,0.022223328,28.59835,36.078122,3.57479375,1,0,0,0.517252427,0.002930655,1,0,0,0,0 0 0.050000000000000003,0 0 0.050000000000000003,0 0 0.050000000000000003,wrist_3_link,-1,0,0 0 0,0 0 0,,-0.039249907092343717 -1.514949492711646 0.0050496450166844569 -1.5683690501977015 0.0082953140825544995 -0.0048707248194078323,0.002948015963243972 0.0067644108097586596 0.010687817320436091 0.0071161684571748839 -0.00011531248032287004 0.0066356522861593954,-0.040920242155198266 -1.5085544811319798 0.12937006304915866 -1.459689972020952 0.041270999380558129 0.091704150895597691,0.15069090518220118 0.10852640183218773 0.043475643771603241 -0.049342569147940843 -0.11111904843251835 -0.029920999378790065,-0.037175222395671594 -1.516119089332771 0.0091846255599813079 -1.5646405759911228 0.0082166435633851675 -0.0012718337834954942,0.15140026886814686 -0.056763566532676633 0.3144800063256929 0.25986731140061253 -0.0041810280380406573 0.24809471182297421,-3.7584734438292871 32.165464652931426 16.378945687072438 1.2622484339262767 -0.24287333706297254 0.0023096892353529621,0.022193411861934464 -7.3336983238141329 -2.7151502753080621 -0.23634709566431411 0.040350067028175118 -0.020486298265327108
ur,tetrapga,8.376834018,0.191790667,0.230517102,0.021537894,28.838378,36.50419,3.60479725,1,0,0,0.514879593,0.014329449,1,0,0,0,0 0 0.050000000000000003,0 0 0.050000000000000003,0 0 0.050000000000000003,wrist_3_link,-1,0,0 0 0,0 0 0,,-0.038938658490364805 -1.5149176080236515 0.0059354382563765566 -1.5676232948462814 0.0083385665407976969 -0.0041758714508495255,0.0095849861310881908 0.00059574056861311166 0.027627897853057002 0.02239410707916106 0.0013464921501390073 0.020852523058372145,-0.035465800600725926 -1.5046713963289333 0.13086035508375238 -1.4615549909829975 0.037203754888904018 0.090569553135330119,0.15083994368903514 0.10613583854814307 0.038908091117442228 -0.053759494696642519 -0.11372277084769222 -0.032802951498668249,-0.037690966025992298 -1.5153804048720225 0.0080478529011304596 -1.5657405544724006 0.008093047045523917 -0.002299056872758584,0.15596155804656356 -0.057849606046366846 0.26405183059423792 0.23534254673510313 -0.030689936909222577 0.23460182226136769,4.1217657667905279 33.677772439085153 30.40710120888205 2.9580794784282469 -0.52587479418607685 0.025701536433574843,-0.05704092108632608 -7.10750513216135 -2.7789518421490698 -0.33682181082531315 0.036853142923902737 -0.064356147103924677
ur,tetrapga,8.413440756,0.190011157,0.225187378,0.022902577,28.554511,36.254504,3.569313875,1,0,0,0.510314973,0.002221728,1,0,0,0,0 0 0.050000000000000003,0 0 0.050000000000000003,0 0 0.050000000000000003,wrist_3_link,-1,0,0 0 0,0 0 0,,-0.038743208021769733 -1.5147120230225837 0.0064753038702824112 -1.5672544836544144 0.0083200597541221583 -0.0038261254788133315,0.0034641714201591066 0.007382166628088882 0.010110616004964523 0.0060427881365694887 -0.00092759754818924709 0.0057828702624824393,-0.029943350671411493 -1.5008319688159333 0.13219931665702112 -1.4636040816311493 0.032994295696250238 0.089315676286366927,0.15085497351327226 0.10361313584825993 0.034238054543959368 -0.058184149334900778 -0.11624003476093714 -0.035698644637844897,-0.036235296715929663 -1.5157485822329675 0.010507859338835157 -1.5638401723906976 0.0078357007250622075 -0.00043339495223593499,0.18195866375782904 -0.046022170118132449 0.30750080471308722 0.23754776021287455 -0.032168290057713711 0.23320774006533113,-3.8843463050247231 33.788380860177405 17.077388721943535 1.3100830893152611 -0.25156123871062708 0.0023843761340472946,0.039306745664305254 -7.557850265048728 -2.8396750679089102 -0.24160597271657025 0.045284256675223844 -0.017859450485300243
ur,tetrapga,8.449799267,0.187716235,0.230639593,0.022112976,28.537493,35.879046,3.567186625,1,0,0,0.507660638,0.016301281,1,0,0,0,0 0 0.050000000000000003,0 0 0.050000000000000003,0 0 0.050000000000000003,wrist_3_link,-1,0,0 0 0,0 0 0,,-0.038333282590259671 -1.5146448460413469 0.0073833805691324427 -1.5665400894842054 0.0082849745515133962 -0.0031441828460242599,0.011668664585799231 0.0016331640732017226 0.026336760986536284 0.019943008800747598 -0.00091485228559797589 0.019011051222134777,-0.0244602650523927 -1.4971118331448101 0.13335917422691226 -1.4657987221552871 0.028724343043086922 0.08796578533469912,0.15073482767752616 0.10100659578318084 0.029556263648157791 -0.062529534355307198 -0.11862030979550361 -0.03855182823139075,-0.036863943921867467 -1.5150319423071243 0.0094231666298857184 -1.5648487310056625 0.0078099428751475432 -0.0013955358196118786,0.18366733354902534 -0.048387033222189152 0.25497325759415945 0.21141980981788072 -0.059378959545731608 0.21858087830154765,4.9889598477810209 35.357585464964224 30.884017635526426 2.9084513719694565 -0.51809645971318952 0.024214238502093692,-0.050512741968475439 -7.2972822078654644 -2.8849568907560652 -0.33189495735678065 0.045881579033586917 -0.05867738274286971
ur,tetrapga,8.485768663,0.186207157,0.226991868,0.023200959,28.548489,36.159593,3.568561125,1,0,0,0.50374457,0.002190653,1,0,0,0,0 0 0.050000000000000003,0 0 0.050000000000000003,0 0 0.050000000000000003,wrist_3_link,-1,0,0 0 0,0 0 0,,-0.038119273573978034 -1.5144282271745066 0.0078660432436472826 -1.5662386651996303 0.0082287865543173282 -0.0028501039850387386,0.0041841062208296089 0.0076107983799878678 0.010208292859521885 0.005690810864038145 -0.0016035075403683261 0.0055951648919644274,-0.019042546358526858 -1.4935265172186096 0.13433841594849519 -1.4681244012166923 0.024417093535494427 0.086528702474680141,0.15048373654942643 0.098331261458578637 0.024886371944415571 -0.066775686116949062 -0.12085475388963406 -0.04134974934041679,-0.035169475715722119 -1.5153162408936944 0.011814376240837378 -1.5631396207127739 0.007324323017665565 0.00034221105677210723,0.2118085257681685 -0.035537323321267231 0.29890120136895731 0.21363878661107175 -0.060702482185247299 0.21721835954799823,-3.9674566509988791 35.113281590050306 17.6498803264071 1.3485647289616129 -0.25834941495809921 0.0024500547871453317,0.037023027756220017 -7.6563164176659484 -2.9143421092982784 -0.24734551901838131 0.048958560281452179 -0.017280599133790986
ur,tetrapga,8.522023634,0.184184699,0.231297969,0.022143102,28.625228,35.955415,3.5781535,1,0,0,0.501871204,0.016312437,1,0,0,0,0 0 0.050000000000000003,0 0 0.050000000000000003,0 0 0.050000000000000003,wrist_3_link,-1,0,0 0 0,0 0 0,,-0.037648432607609646 -1.5143273112863289 0.0087246213462013299 -1.5656096865517981 0.0081199547841192057 -0.0022324883340630172,0.014265176173467847 0.0021976355331889555 0.026264444714472913 0.018633726006282769 -0.0031117158363423792 0.018267235440310149,-0.013593355100988577 -1.4900118388579997 0.13515482479796684 -1.4706220743278486 0.019996546031311194 0.084978853279738351,0.15009789610926369 0.095539759288453305 0.020145375883237431 -0.070998098277721036 -0.12298315579953922 -0.044142711204140525,-0.035966245577316383 -1.5146395543525881 0.010686565661390448 -1.5641162474086394 0.0074164825898059067 -0.00061668461215312826,0.21027337878665806 -0.039030383282403575 0.24524303939863989 0.18667989289484713 -0.087934024289162374 0.20197546523873613,5.819290575767603 36.653111878545133 31.070657510803361 2.8321044703855094 -0.50578045336686794 0.022508234788461368,-0.072023646650961837 -7.3072236503285239 -2.9201863323052564 -0.32828879069074901 0.053503210036668136 -0.056379679277180794
ur,tetrapga,8.558086436,0.182852419,0.228766227,0.023358706,28.572771,36.246517,3.571596375,1,0,0,0.498874781,0.001263335,1,0,0,0,0 0 0.050000000000000003,0 0 0.050000000000000003,0 0 0.050000000000000003,wrist_3_link,-1,0,0 0 0,0 0 0,,-0.037387063679880199 -1.5140992984897941 0.0092179209647990507 -1.5653233501206072 0.0080247636606355574 -0.0019439072681957398,0.0051537551858583455 0.0079327325958121735 0.010606654133809179 0.0054702203220075071 -0.0024127919797757853 0.005567991619460113,-0.0081893068367791429 -1.4866178636234606 0.13579584018425345 -1.4732572786437554 0.015525141656024279 0.083337286702770685,0.14958231241769304 0.092670961131000054 0.015400046239336048 -0.075136609591464898 -0.12497448870697137 -0.04689155467974096,-0.034043490141921866 -1.5148417271506192 0.013000689688142497 -1.562605120567168 0.0067036864563753198 0.0009884687425083256,0.24034442942431494 -0.025271599753881588 0.28926550334400619 0.18889085518392057 -0.089099516678823348 0.2006441693326817,-4.0119869501546139 36.058218624438126 18.043988147496343 1.373773314831243 -0.26256979044686984 0.0024935632251566206,0.026592864531608029 -7.7083731157272268 -2.9696647864115775 -0.25217064776370535 0.052669309494506322 -0.017195438446949041
ur,tetrapga,8.594430472,0.181052965,0.231684117,0.022413421,28.611688,35.887875,3.576461,1,0,0,0.496541536,0.018062828,1,0,0,0,0 0 0.050000000000000003,0 0 0.050000000000000003,0 0 0.050000000000000003,wrist_3_link,-1,0,0 0 0,0 0 0,,-0.036830823368073806 -1.5139683043021588 0.010072141584208369 -1.5647474209878784 0.0078365836276704723 -0.0013579787056066908,0.016769964414191055 0.0031377536354662166 0.026051065723675756 0.017008083976027773 -0.0054334987870293758 0.017263014046758781,-0.0027643290471406736 -1.4833037365557546 0.13626824688182004 -1.4760628400169493 0.010948549043877322 0.081583195103064346,0.14893027155370886 0.089689429005335844 0.010592493516134692 -0.079241022577963643 -0.12685202103247945 -0.049629998364967641,-0.034945090770185941 -1.5142029319213661 0.011947743855079868 -1.5634618730492089 0.0069039553543268489 0.00011741977043668831,0.23571657473598301 -0.02932845240092009 0.23445028385893746 0.16069349233368502 -0.11657853416795287 0.18442480950542239,6.6613958812673557 37.488028617060877 30.99716280349238 2.7342659482556906 -0.48966043500499512 0.02069305740357626,-0.082905796699407119 -7.3964287664493895 -2.9873724363994896 -0.32498489341833192 0.061962931176260838 -0.053280841436663562
ur,tetrapga,8.630422983,0.179965318,0.230569069,0.023922974,28.61101,35.902033,3.57637625,1,0,0,0.494304848,0.000650184,1,0,0,0,0 0 0.050000000000000003,0 0 0.050000000000000003,0 0 0.050000000000000003,wrist_3_link,-1,0,0 0 0,0 0 0,,-0.036538326824066519 -1.513717227137428 0.010552625974991401 -1.564499380074323 0.0077035746433027638 -0.001097244638817696,0.0056219866759338478 0.0084434913002175999 0.010191086280676661 0.0045675904394782531 -0.003156487082834968 0.0048794794833330844,0.0025824661926026802 -1.4801300331398706 0.13656350217575047 -1.4789870307300148 0.0063513157924761305 0.079748584423226049,0.14815414696778592 0.086649938601156953 0.0058109696713594923 -0.083235890476315424 -0.12858119365676299 -0.052308252437112075,-0.032804161781678776 -1.5143217312629633 0.014174332205823873 -1.5621588323828435 0.0059634062132919285 0.0015824830879934064,0.26761612356339531 -0.014849917699647001 0.27832354384300056 0.16288008329569126 -0.11756864262936509 0.18313291469458975,-4.0033998000648054 36.566833052924338 18.242723914737127 1.384309256861209 -0.26387898336935844 0.002518235953216054,0.036583896395796955 -7.8945815424767716 -3.0749690362451432 -0.25643357066564931 0.05693043470139969 -0.015073673498033235
ur,tetrapga,8.666424843,0.178453614,0.23192571,0.022806601,28.707184,36.017575,3.588398,1,0,0,0.49207649,0.018725628,1,0,0,0,0 0 0.050000000000000003,0 0 0.050000000000000003,0 0 0.050000000000000003,wrist_3_link,-1,0,0 0 0,0 0 0,,-0.035913693261374363 -1.5135543960090594 0.011374274997822955 -1.5639986617918398 0.0074383242055790699 -0.0005639088095029805,0.018866699590503782 0.004031671212161041 0.025113703370204393 0.014849079553708922 -0.0076986101055562979 0.015762201097096435,0.0079003791285507021 -1.4770664622865672 0.13668636839776641 -1.4820545092118533 0.001692991710358529 0.077817699076611915,0.1472487484689752 0.083525914980226684 0.0010123007978615167 -0.087158166502054088 -0.13017909401764627 -0.054951480328459389,-0.033835574962722513 -1.5137134487220689 0.013154699202091566 -1.5629278245897062 0.006278706004826687 0.00076587650628742417,0.25976478733148117 -0.019881589126180349 0.22255302553357642 0.13385465026669693 -0.14495227509404787 0.16622316447380059,7.5145985075246386 37.944158910883296 30.732784258614572 2.6222668819097574 -0.471038745832145 0.018832578373075243,-0.086675039155579725 -7.5261784831454861 -3.0647091477816986 -0.31897931676394364 0.070371146318443323 -0.048650510170793027
ur,tetrapga,8.702550105,0.177625661,0.232520359,0.024243058,34.176443,41.507535,4.272055375,1,0,0,0.483868694,0.000148131,1,0,0,0,0 0 0.050000000000000003,0 0 0.050000000000000003,0 0 0.050000000000000003,wrist_3_link,-1,0,0 0 0,0 0 0,,-0.035585939233805111 -1.5132883134002204 0.011844911218093102 -1.5637831077175328 0.0072668839166615401 -0.00032476055093405408,0.0063155129324636112 0.0087579751098249923 0.010086558181606566 0.0039583587161920496 -0.003933521626558697 0.0044897898027660308,0.013201427648953401 -1.4741069178926522 0.13663578479530655 -1.4852730417456477 -0.0030367040008074222 0.075785224641800014,0.14621133055047744 0.080309741110046018 -0.0038142964269992381 -0.091015827895681287 -0.13164807719195107 -0.057565707311872667,-0.032458653219829492 -1.5135796846499345 0.014420794855150151 -1.5623307308576475 0.005552590440028096 0.0015092167111294679,0.28151298480429043 -0.0098504485987471573 0.24012370563222704 0.12809191199650727 -0.15252556508950216 0.16108234168159788,2.3633221150562522 37.286942653228927 24.813467488817068 2.0168620880754262 -0.36895016359015209 0.010816044423813729,0.033742523739761054 -8.000209103830457 -3.1467393940493551 -0.2597305511490049 0.060703897890956426 -0.013871175295043281
ur,tetrapga,8.744157265,0.176269367,0.232681339,0.023616361,28.601316,35.940576,3.5751645,1,0,0,0.487709397,0.009457774,1,0,0,0,0 0 0.050000000000000003,0 0 0.050000000000000003,0 0 0.050000000000000003,wrist_3_link,-1,0,0 0 0,0 0 0,,-0.034807377627711869 -1.513076868430244 0.012737294348209223 -1.5633013821703452 0.0068845877716508528 0.00021904658470838325,0.02016061753307927 0.0050337752065525874 0.023588150843961979 0.012327654492225674 -0.0096039683592811422 0.013843804419571382,0.019257292429114458 -1.4708441905915222 0.13636128159380953 -1.4891506481497969 -0.0085465161465797974 0.073328290692704981,0.14485769830512196 0.076508106967542511 -0.0093816636537773709 -0.095356807992013251 -0.13317075726595565 -0.060526621353219852,-0.032533923499425667 -1.5131544750829875 0.014405323641583716 -1.562470639330694 0.0054818238189641528 0.0013850872990047482,0.28418176603577511 -0.0097008315929370918 0.20850366167181159 0.10384285495639033 -0.17534549408583752 0.14575508928704564,8.4719517485775508 37.990172761508617 30.213987309938965 2.482020969900022 -0.44747333546368051 0.016734064048040453,-0.069467558675455621 -7.793399284759289 -3.1967575829657449 -0.31488946551962727 0.078523442073212379 -0.042735769605013019
ur,tetrapga,8.780192945,0.175814304,0.235024502,0.02509112,34.020367,41.661529,4.252545875,1,0,0,0.479993968,0.000197822,1,0,0,0,0 0 0.050000000000000003,0 0 0.050000000000000003,0 0 0.050000000000000003,wrist_3_link,-1,0,0 0 0,0 0 0,,-0.034490728419026541 -1.5127589346237909 0.013156970638040029 -1.5631536333275315 0.0066873324209287118 0.00039966277839680996,0.0064121498232291791 0.0089599568262183835 0.0094287229887336527 0.0030220440245372765 -0.004409596770198039 0.0037184864769360805,0.024454138441643382 -1.4681477326671952 0.13593628791963455 -1.4926532317133714 -0.013366920477204676 0.071101658827670777,0.14354913718158502 0.073134520595366292 -0.014205629020820612 -0.099023808864454166 -0.13434123575782145 -0.063045419136933623,-0.031060407983094163 -1.5129535691863063 0.015586103949402495 -1.5620293308800608 0.004622683267414311 0.0020164965594488393,0.30648974701649245 0.00039195838534646088 0.22561960119882779 0.097850681131488398 -0.18273685656651512 0.14051519009350749,2.9171770626172937 37.092774189515936 24.413074011643204 1.9307663561088666 -0.35379502015209002 0.0096763875998384045,0.055967605656547903 -8.2800696537578915 -3.2883475901981853 -0.26620318412915367 0.06461580765689412 -0.011496628503309125
ur,tetrapga,8.821953233,0.175205593,0.234583818,0.024612005,28.584278,36.023728,3.57303475,1,0,0,0.486455781,0.008209769,1,0,0,0,0 0 0.050000000000000003,0 0 0.050000000000000003,0 0 0.050000000000000003,wrist_3_link,-1,0,0 0 0,0 0 0,,-0.033890985295237659 -1.512469579590878 0.013794289404912613 -1.5628858508816883 0.0063368899932366362 0.0007333262116347287,0.014327625127549214 0.0070764218668926014 0.015733610865036284 0.0063739617492981045 -0.0082231697967030115 0.0078781427508300174,0.030414441344413914 -1.4651767956632389 0.13522638448206559 -1.4968752996939649 -0.019002386222190529 0.068408868165118861,0.1418761444181954 0.069134999321765325 -0.019792131924773537 -0.10316048275891596 -0.13552332415182566 -0.065908535120305978,-0.031437634902365411 -1.5124700436162855 0.015335829132119245 -1.5623001206916842 0.0046910634926198187 0.001733526194921339,0.306668799109031 -5.8003175918712804e-05 0.19269246590082884 0.07321627375049862 -0.2057283125771022 0.1250249979108263,9.8061166282995433 37.578141372693494 29.850207936788301 2.3624322456679816 -0.42692879367788533 0.015043168528389467,-0.010866930688536058 -8.1219616874413987 -3.2905028526960365 -0.28686694951557001 0.07614803746303167 -0.024329523810107556
ur,tetrapga,8.858071295,0.175011255,0.236731923,0.024924914,28.566003,35.930764,3.570750375,1,0,0,0.485100548,0.001418953,1,0,0,0,0 0 0.050000000000000003,0 0 0.050000000000000003,0 0 0.050000000000000003,wrist_3_link,-1,0,0 0 0,0 0 0,,-0.033478793770439871 -1.5121665446093384 0.014245066446288059 -1.5627367361045277 0.0060711706594133719 0.00093343415637816012,0.0093883521496321305 0.0085230473763579836 0.011099468283863044 0.0034375793826801715 -0.0062458069900346476 0.004585976924243707,0.035510552266273712 -1.4627433848033211 0.13442439631106562 -1.500664317175207 -0.023913362729447867 0.06598442997503895,0.14029506856829471 0.06560135335589512 -0.024615403340115676 -0.10663631044025697 -0.13639317729776185 -0.068334188974385729,-0.030947930719155803 -1.5121287638179985 0.015724580358606573 -1.5622670050530185 0.0043132127961376578 0.0018549233389157922,0.31635788141050875 0.0047225989174700025 0.1849392390398141 0.058716381438650933 -0.21974473290946428 0.11518614781720404,10.541129905716403 37.14354681364 29.632865618355673 2.3027088181592625 -0.41643129675160562 0.014282753653338908,0.018961876985343906 -8.2252216585684437 -3.3007493017641636 -0.2704045275977478 0.070471884922891803 -0.014168887272540065
ur,tetrapga,8.894093605,0.17475452,0.234912168,0.024134531,28.696772,36.096965,3.5870965,1,0,0,0.483762745,0.001752306,1,0,0,0,0 0 0.050000000000000003,0 0 0.050000000000000003,0 0 0.050000000000000003,wrist_3_link,-1,0,0 0 0,0 0 0,,-0.032859396474877241 -1.51191366686464 0.014815374505576661 -1.5625338309245791 0.005686529373144635 0.0012165788610601211,0.018105624558667335 0.0074673514883894015 0.017093933448177261 0.0058536722728151904 -0.011058881229518947 0.0081220637286121434,0.040534062130703305 -1.4604447382868866 0.13345123194218439 -1.504566575372819 -0.028840052084941559 0.063480032245664758,0.13859569540489905 0.062011480696289804 -0.029413334178108277 -0.11000493895330773 -0.13711850321484514 -0.070704551943367416,-0.030241687731852283 -1.511839266198336 0.016244715529049401 -1.5621816000025912 0.0038197783932011 0.0020561249876976011,0.32721359287811974 0.009300083287993869 0.17866762793409258 0.044028865248479009 -0.23334387249294189 0.10494326582968501,10.567074058840152 36.731878872334832 28.721187281368891 2.1767532735598563 -0.39542592771780272 0.012688093550850267,-0.063687506330211363 -7.9643953763070385 -3.2543543753136674 -0.28128866147744702 0.084251396743889373 -0.025073664449442035
ur,tetrapga,8.930289449,0.174882974,0.238120389,0.024743191,28.673558,36.267195,3.58419475,1,0,0,0.483707016,0.001092652,1,0,0,0,0 0 0.050000000000000003,0 0 0.050000000000000003,0 0 0.050000000000000003,wrist_3_link,-1,0,0 0 0,0 0 0,,-0.032403348116471407 -1.5115909588618588 0.01526026756259723 -1.5624251560771045 0.0053724834369225745 0.0013911550517259465,0.0096462325397953276 0.0095072736063208634 0.010224039386237801 0.0020019750460509534 -0.0071801500987279717 0.0034763448509652788,0.045517909372806073 -1.4582664145672777 0.13229959256840459 -1.5086080219051203 -0.033814190518963061 0.060878483513034098,0.13676638240543421 0.058341483459846875 -0.034217209306485766 -0.11328768747940189 -0.13770315960530688 -0.073035225335623566,-0.029718784105053686 -1.5114772229485793 0.016620657531963585 -1.5621921175332305 0.0033955123160417074 0.002149325756234258,0.33557050142721512 0.014216989159937868 0.17004874617079441 0.02912981798424685 -0.24712139011010842 0.094771338063538962,11.465085515380322 36.039944746510542 28.505367681505604 2.118490902509381 -0.38491706439637874 0.012031722175394895,-0.0050901130813088002 -8.1652529176071766 -3.285038187977861 -0.26104582166226464 0.073162769590808807 -0.010737857087735225
ur,tetrapga,8.96664868,0.175299508,0.238713148,0.024861074,34.06462,41.744066,4.2580775,1,0,0,0.477191847,0.000946775,1,0,0,0,0 0 0.050000000000000003,0 0 0.050000000000000003,0 0 0.050000000000000003,wrist_3_link,-1,0,0 0 0,0 0 0,,-0.03200941311581277 -1.5112622034592083 0.01562949325336721 -1.5623612691727682 0.0050769772893591806 0.001519566392526907,0.010617064384840509 0.0097238091424322153 0.010491880388620391 0.0016944818748474693 -0.0080179754288636877 0.0034051240915120933,0.050455384186552155 -1.4562130994906934 0.13096807912546798 -1.5127854155325344 -0.038829431845405452 0.058181224450687082,0.13480750898833047 0.054594752226046428 -0.039020861328123387 -0.11647871691250999 -0.1381439966471654 -0.075322896235208922,-0.02797553299248752 -1.5111770078814688 0.017625365528547328 -1.5620953661117065 0.0022039024749792606 0.0025475689862136403,0.36107070224321369 0.024088165303137558 0.18753626698524112 0.022665905161573144 -0.25404279096514804 0.08914036397913222,4.3273287406710264 34.703589808022869 22.493133898738467 1.6509597246462124 -0.30357413162466995 0.0066614122323094896,-0.011348345260728365 -8.2041543756113242 -3.3095026027792969 -0.26101015128460858 0.076074881811322825 -0.010517627909798488
ur,tetrapga,9.008494303,0.175868872,0.239905478,0.025786273,28.612714,36.151781,3.57658925,1,0,0,0.487289756,0.008794511,1,0,0,0,0 0 0.050000000000000003,0 0 0.050000000000000003,0 0 0.050000000000000003,wrist_3_link,-1,0,0 0 0,0 0 0,,-0.031449253397317502 -1.5108635348703126 0.016122815052012691 -1.562280105367605 0.0046642855052649052 0.0016925545607562389,0.012023670981937505 0.0092768088332518348 0.011158918905621269 0.0017686436334375258 -0.008848521264468584 0.0036916355233340544,0.056046765224322039 -1.4540199863562904 0.12922011382518944 -1.5177340398371888 -0.04461762890898216 0.054975383550845872,0.13240475598241727 0.050212328394427012 -0.044516215833250876 -0.1200146666817022 -0.13846860600391012 -0.077886879603029147,-0.02860349489521493 -1.510674826672749 0.017351516844638728 -1.5623063735604332 0.0024523185736284284 0.0022717308558715156,0.35571981276282133 0.023588524695445021 0.15358772407825447 -0.0032835241035433583 -0.27649586645455959 0.072397036889409572,12.360644843402962 34.514290008216051 26.986432810238924 1.8929990855964696 -0.34648441802846397 0.0093724172821139824,0.015015361029384167 -8.5094702015494477 -3.4558413133536021 -0.27264140308125207 0.080853947518114921 -0.011411121621062392
ur,tetrapga,9.044758183,0.176577922,0.240671603,0.025837505,28.853251,36.619389,3.606656375,1,0,0,0.485567083,0.003341063,1,0,0,0,0 0 0.050000000000000003,0 0 0.050000000000000003,0 0 0.050000000000000003,wrist_3_link,-1,0,0 0 0,0 0 0,,-0.030954801292850515 -1.5105315621552129 0.016526397950478122 -1.5622343880939218 0.0042913303782472064 0.0018244356485168014,0.01232162987039123 0.009622807441193976 0.010918680391805841 0.0011993978153497144 -0.009370327560650555 0.0032988853759667982,0.060808580490317912 -1.4522688356101117 0.12751994359634103 -1.5221399354556557 -0.049641703809904077 0.052111557344498419,0.13019614232052729 0.046357380370951884 -0.049244726947005366 -0.12295702432933803 -0.13859099328223728 -0.080047127793678979,-0.028040614309564522 -1.5103064599440004 0.017690696223886346 -1.5623827446941922 0.0019729038053722934 0.0023186473990849336,0.36427337291074918 0.028137776401572369 0.14553728417602826 -0.01854457503380489 -0.28980332160936412 0.061776468821016499,12.812403630476135 33.593142390070781 26.208727082297958 1.7838813837877776 -0.32767230915052659 0.0081597725672184554,0.0084747214413312122 -8.5263767159694908 -3.4669712817722811 -0.27004099313580809 0.08260167304007382 -0.010197482356215204
ur,tetrapga,9.081450431,0.177136257,0.237059046,0.025505577,28.628411,35.945894,3.578551375,1,0,0,0.485152539,0.003473642,1,0,0,0,0 0 0.050000000000000003,0 0 0.050000000000000003,0 0 0.050000000000000003,wrist_3_link,-1,0,0 0 0,0 0 0,,-0.030144860353199243 -1.5102013214971026 0.017082868597127494 -1.5621756187240148 0.0037061691997883014 0.0020252143468743656,0.021793722303362639 0.0091018524901797185 0.015431761187040212 0.0015856110308601927 -0.015526500163151177 0.0053038384412819432,0.065542975381671573 -1.4506402115899664 0.12562582429710359 -1.5267043168343262 -0.054726889688894498 0.049135265715440163,0.1278440169225333 0.042406580942771908 -0.053992285779663911 -0.12581550336273867 -0.13856409763908548 -0.082172609248579428,-0.027160660661935346 -1.5099416442884661 0.018185525470895164 -1.5624484932258373 0.0012858274134086517 0.0024306462393742538,0.37302496140798713 0.032459651079556798 0.13783210922095876 -0.034109312727828425 -0.30254272329745624 0.050678986562486053,12.789444337269405 32.62595014205607 25.037395715368348 1.644234138471953 -0.30404828444707438 0.0066108584407674337,-0.056234655810953882 -8.4168402775358118 -3.4739174179884458 -0.27200405411986139 0.10124888923269992 -0.016381870153298728
ur,tetrapga,9.117496764,0.178242842,0.242860374,0.025612486,34.147919,41.514916,4.268489875,1,0,0,0.479449765,0.001610836,1,0,0,0,0 0 0.050000000000000003,0 0 0.050000000000000003,0 0 0.050000000000000003,wrist_3_link,-1,0,0 0 0,0 0 0,,-0.029666328094285249 -1.5098488819108382 0.017445393508020039 -1.5621826175064217 0.0033237784775004601 0.0021098502617178864,0.0106276291217725 0.010684834213549897 0.0089519192533098098 -0.0004955317365669343 -0.0091206305640338589 0.0016437205889766764,0.070107932786360252 -1.4491822573478861 0.1235961436893248 -1.5312883265549724 -0.059718914998963923 0.046136523320692339,0.12542023596955537 0.038479477212244775 -0.058615745991889838 -0.12850441606371377 -0.13838969888282057 -0.084199861847459354,-0.025234554418328954 -1.5095572723833568 0.019032635811753344 -1.5626432013496692 -0.00016547464241389908 0.0026293586854066594,0.3973674949726681 0.042248839536905794 0.15214704028696802 -0.040955747942450826 -0.30878469848355683 0.04488880435757369,5.5328233815730119 30.796096417991649 19.914220397606915 1.3478633859322811 -0.24898740075807585 0.0040172007021078973,-0.010254425163395808 -8.4521204065431448 -3.4310276877778136 -0.25724852169241785 0.081271478978093725 -0.0050814049028291564
ur,tetrapga,9.159110604,0.179776238,0.244076369,0.02655857,28.694096,36.369693,3.586762,1,0,0,0.49382734,0.008574655,1,0,0,0,0 0 0.050000000000000003,0 0 0.050000000000000003,0 0 0.050000000000000003,wrist_3_link,-1,0,0 0 0,0 0 0,,-0.029145572674620129 -1.5093964408969947 0.01783546495445645 -1.5622221641238194 0.0028776689172834344 0.0021790067010094192,0.010982552795538454 0.010504375225215367 0.0088201586820800416 -0.00084146140645757804 -0.0094688321563303271 0.0014179487151356584,0.075266588109477645 -1.4476762076196175 0.12104680012885391 -1.5366979082606154 -0.065470531572141707 0.04258526282235324,0.12248537641334965 0.033893786886069657 -0.063897632321136225 -0.13145787340478868 -0.13800573267019942 -0.086463054056268057,-0.026044548476498203 -1.5090615077627494 0.018782716251049863 -1.5627605618895402 0.00023683704675730175 0.0023986561863848857,0.38762802476524061 0.041866641780668401 0.11840641207417649 -0.067299720715099862 -0.33010398381576656 0.027456185671933322,14.274587540964482 30.053570939896833 23.451326581672649 1.4173967016834939 -0.26432671971213889 0.0042764849853732263,0.021662024418390047 -8.7643281984937857 -3.5695555796365426 -0.26551510110766685 0.08442509360210515 -0.0043934802891136826
ur,tetrapga,9.195581624,0.181218523,0.24355941,0.026647622,28.61845,35.917138,3.57730625,1,0,0,0.491575459,0.005230044,1,0,0,0,0 0 0.050000000000000003,0 0 0.050000000000000003,0 0 0.050000000000000003,wrist_3_link,-1,0,0 0 0,0 0 0,,-0.028581003203939807 -1.5090281777067265 0.018205327122942882 -1.5622667761587683 0.0024119270685572748 0.0022514354512741456,0.014174891961238613 0.010541436059474425 0.010159995190565653 -0.0010509573073154521 -0.01171755622511512 0.0018197257808378357,0.079685028872760064 -1.4465140050698895 0.11863279892282723 -1.5415374226671945 -0.070495126456750407 0.03939677054451788,0.11979516938808261 0.029832957783661906 -0.068472687483984357 -0.13391027415660098 -0.13750825133055949 -0.088376642083485515,-0.025422323785238506 -1.508658999808935 0.019084387777516951 -1.5629303285745557 -0.00032843072717504132 0.0023821073812993819,0.3948349273376624 0.046147237223926552 0.10988258182175878 -0.082944051973437155 -0.3425447244665395 0.016333991253154549,14.561790739941628 28.719689811061752 22.329374386251253 1.2821314762745852 -0.24100790768564972 0.0028912939919269074,0.0036985675540819329 -8.7937153889824913 -3.6000980774721754 -0.26605635216401424 0.091620430599808955 -0.005633315169142783
ur,tetrapga,9.231597622,0.182451965,0.238085937,0.026259623,28.575196,35.936804,3.5718995,1,0,0,0.492464337,0.003755042,1,0,0,0,0 0 0.050000000000000003,0 0 0.050000000000000003,0 0 0.050000000000000003,wrist_3_link,-1,0,0 0 0,0 0 0,,-0.027699278145432452 -1.5086507221511292 0.018688574042032006 -1.5623473779175268 0.0017117667035497872 0.0023538097667480705,0.024772440295935325 0.010347660401922578 0.013783220309722663 -0.0022173396942449519 -0.01934100190475263 0.0027978811599060046,0.083950135951772822 -1.4455122827421631 0.11608613362788138 -1.5464020343773552 -0.0754365609583839 0.036180753582853935,0.11703261992426206 0.025788112959988937 -0.072936555231801939 -0.13620455033020826 -0.1368695482715572 -0.0902005795938529,-0.024485645280498545 -1.5082509167664107 0.019501219244817698 -1.5631341736165081 -0.0011198177886138094 0.0023949257972812796,0.40170410811673846 0.049975673089806903 0.10158065034821157 -0.098349462372656002 -0.35394806152044955 0.00513950381665116,14.455168382358387 27.366888968789151 20.98390689743049 1.1367814781648198 -0.21614370342669245 0.0014319143214501602,-0.067627753456022788 -8.6656754825262396 -3.5910317770938178 -0.25674148205143865 0.11442917785322226 -0.0086478916214742796
ur,tetrapga,9.267627736,0.184282042,0.246261247,0.026249184,34.127454,41.594834,4.26593175,1,0,0,0.488029339,0.001967107,1,0,0,0,0 0 0.050000000000000003,0 0 0.050000000000000003,0 0 0.050000000000000003,wrist_3_link,-1,0,0 0 0,0 0 0,,-0.027178132891493827 -1.5082676037996978 0.019008144568580836 -1.5624401307565172 0.0012578372384371909 0.0023778935635853518,0.011353061810936455 0.011481072307288964 0.0079317632537984316 -0.0024756004358836253 -0.010645302683115955 0.0002108626445565814,0.088115497438267978 -1.4446565008058838 0.11337863793148033 -1.5513489097659605 -0.080354278692520653 0.032898947954130779,0.11416595759123051 0.021710724273016537 -0.077344128536497025 -0.13837039780869645 -0.1360842883610961 -0.091958284109432312,-0.02242453223912428 -1.5077871782766441 0.020162759085671347 -1.5636304762761442 -0.0028067277957856962 0.0023803977145347463,0.42591960585898825 0.059010250801268052 0.11350964737150973 -0.10541551120390708 -0.35946719008717337 -0.00075149573732120238,6.7921513428010192 25.196713587421264 16.506401167764327 0.98430778386483608 -0.18280188144828791 0.001214424781047792,-0.018904345555355917 -8.6622308233972944 -3.5325746071359561 -0.25220803094362054 0.087191653666828406 -0.0006576071575725706
ur,tetrapga,9.309319557,0.186645575,0.247271633,0.027339551,34.157925,41.481401,4.269740625,1,0,0,0.491410167,0.008556516,1,0,0,0,0 0 0.050000000000000003,0 0 0.050000000000000003,0 0 0.050000000000000003,wrist_3_link,-1,0,0 0 0,0 0 0,,-0.02661628467485028 -1.5077768376758189 0.019353930118594202 -1.5625735768557785 0.00073544057760384764 0.0023803149860256311,0.0118790046183303 0.011360467753246461 0.0079221914161485794 -0.0028129039743157425 -0.011091822349557929 1.8297632822116057e-05,0.092803980877921632 -1.4438502850145054 0.11004902676180682 -1.5571672556251068 -0.086005820828764942 0.029024101505326558,0.11072330361491638 0.016958623713089302 -0.082366357860087724 -0.14071200286800087 -0.13499357226402939 -0.093906665007740003,-0.02106911179059949 -1.5072536118068527 0.020626754969894745 -1.5640477531779799 -0.003987863480031122 0.0022994649301228071,0.43141208329847408 0.066049521172339948 0.10855129597024656 -0.11821582650233761 -0.36902748386752476 -0.010111427519672717,6.6178401813730812 23.185790897566193 14.93389910019151 0.84138255550173779 -0.16083123129998789 0.00020432398597890807,0.01843096563324309 -9.022051730752537 -3.690960471047589 -0.26179261890865746 0.090895678124360613 -7.3824108613784745e-05
ur,tetrapga,9.350903559,0.189088222,0.247234737,0.028034819,34.119787,41.611259,4.264973375,1,0,0,0.496599371,0.01425334,1,0,0,0,0 0 0.050000000000000003,0 0 0.050000000000000003,0 0 0.050000000000000003,wrist_3_link,-1,0,0 0 0,0 0 0,,-0.025922754495758166 -1.5073029662305806 0.019729420866891625 -1.562733837592285 0.00011500270291473553 0.0023851076507422223,0.014287851021801022 0.011190520105024117 0.0086391897226599235 -0.0032347387722358135 -0.012834733334548752 9.9818262990286976e-05,0.097334634796292341 -1.4432441760451142 0.10652128966670546 -1.5630640844755341 -0.091593415528078995 0.025080297527269743,0.10715897972918496 0.012187726121527312 -0.087286237732354582 -0.14286834323581965 -0.13371198533017323 -0.095756495146311502,-0.020003957808745372 -1.5067068517084869 0.020975919550507864 -1.5644597260700186 -0.0049777140189446742 0.0021720227271970283,0.43649691680418184 0.071429663778721578 0.099728954014334598 -0.13361633561079236 -0.38016045379831009 -0.021282945404435812,6.8847199109190855 21.193439043946178 13.706392838167528 0.72067564806785978 -0.13915032191710547 -0.00064963084947040547,0.029782620189550357 -9.2514903087376297 -3.801635783388349 -0.26697571609747683 0.09775419564383192 -0.00033182721185998076
ur,tetrapga,9.392606995,0.191282311,0.241532924,0.028173906,34.149891,41.501403,4.268736375,1,0,0,0.501758386,0.019395089,1,0,0,0,0 0 0.050000000000000003,0 0 0.050000000000000003,0 0 0.050000000000000003,wrist_3_link,-1,0,0 0 0,0 0 0,,-0.024816321070681237 -1.5068281085111035 0.020193433882915814 -1.562997806690712 -0.00083250009872572011 0.0023837978530807931,0.023931433964144121 0.011177892961174392 0.010760206776236363 -0.0055925435907247488 -0.020343224312973911 -3.4389340267689919e-05,0.10172678231756851 -1.4428361280541462 0.10277992627407918 -1.569064103855786 -0.097139507940219125 0.021049902454437081,0.10345734337105449 0.0073774949221800572 -0.092124342370924095 -0.14484785147122628 -0.13223361683757032 -0.09751571579697034,-0.01887691871248753 -1.5061619427018558 0.0213000456288851 -1.5649301788285273 -0.0060369504139170596 0.0020105752877130432,0.44165259090322173 0.075692175992432539 0.089421114021657477 -0.15017655602024937 -0.3914804193852327 -0.033416875303233388,6.9850162200969041 19.204771891274866 12.426126104533452 0.60097754762430577 -0.117490553877764 -0.0014810101826155156,-0.01431495536598959 -9.2973890943640072 -3.8537615951023696 -0.25468615624959057 0.12111110478212961 8.1261929967268998e-05
ur,tetrapga,9.434209395,0.193548239,0.241441938,0.028046015,34.048537,41.729436,4.256067125,1,0,0,0.506940216,0.022380879,1,0,0,0,0 0 0.050000000000000003,0 0 0.050000000000000003,0 0 0.050000000000000003,wrist_3_link,-1,0,0 0 0,0 0 0,,-0.023610774536108776 -1.5063436244727957 0.020660135287246889 -1.563314037134123 -0.0018658935593699904 0.0023572660191744474,0.025478312151925028 0.011591759967229661 0.010707399454705589 -0.0066249969190497471 -0.021841041778146941 -0.0005867714432465389,0.1059519081634071 -1.4426293793557894 0.09884869324263941 -1.5751279844143262 -0.10260674777207118 0.016958200638204742,0.099641889991417848 0.0025589067656721634 -0.09684888296878548 -0.14663690236375981 -0.13056758622074838 -0.099172935364049156,-0.017678646184034551 -1.5056156463994101 0.021603918074051764 -1.5654600462908008 -0.0071719813743869295 0.0018156979473344965,0.44565005503295019 0.079642148489463091 0.077978451998220802 -0.16724228868445581 -0.40256992346792547 -0.046027838263656112,7.2497832211366724 17.099805114213442 11.172484334139579 0.48063400633565967 -0.095644945033696971 -0.0022974656241880574,-0.037134739614856471 -9.2551848979492206 -3.8414860270726479 -0.24661227519663953 0.12523065514277132 0.0017899727965176027
ur,tetrapga,9.4760481,0.196065081,0.242806051,0.028232945,34.212662,41.574721,4.27658275,1,0,0,0.512757036,0.023836803,1,0,0,0,0 0 0.050000000000000003,0 0 0.050000000000000003,0 0 0.050000000000000003,wrist_3_link,-1,0,0 0 0,0 0 0,,-0.02244463942808465 -1.5058374786156619 0.021092341688068433 -1.5636620037492457 -0.0028881510795243062 0.0022981236385993479,0.024463039150968181 0.012142287215825037 0.0099469014313562816 -0.0072724938021432707 -0.021512835093389214 -0.0012802624211587686,0.11003843603069599 -1.4426239551072306 0.09469914863664991 -1.5812974177777064 -0.10803114632343949 0.012775814589907132,0.095685257556048592 -0.0023015675122855248 -0.10149158318541594 -0.14824626228522725 -0.12870115678888902 -0.10073916524446219,-0.016470848804507939 -1.5050590933094337 0.021875517901329276 -1.566037508595169 -0.0083372490840183042 0.0015856009485873074,0.44884925019395772 0.08343364976280597 0.065923502533647232 -0.18456044689320816 -0.41339785713283572 -0.058913730547451838,7.5906203953264235 14.854926547467969 9.8919549487843828 0.35740320721690411 -0.073090018834855053 -0.0031105054951267906,-0.035034061046786746 -9.3168717242506318 -3.8644245179922763 -0.24381816211189289 0.12436043357530124 0.0039312443408006104
ur,tetrapga,9.517722297,0.198682946,0.243907809,0.028787623,34.124112,41.548188,4.265514,1,0,0,0.519020982,0.024511925,1,0,0,0,0 0 0.050000000000000003,0 0 0.050000000000000003,0 0 0.050000000000000003,wrist_3_link,-1,0,0 0 0,0 0 0,,-0.021245792629781518 -1.5052842225552112 0.021512979150450157 -1.5640652125416044 -0.0039642611645375721 0.0022018116019935133,0.023708632887796934 0.012454777923513927 0.0091910248169150555 -0.0079425771878554631 -0.021346022767398439 -0.0019416032469733206,0.11394191902466039 -1.4428209142465382 0.090375183487116331 -1.5875055357278425 -0.11335264943007378 0.00854685107998422,0.09162932865972212 -0.0071517608454893956 -0.10600174180666273 -0.14965743798643574 -0.12665367760093746 -0.10219729949509498,-0.015247155345821814 -1.5044763282260534 0.022122520055195764 -1.5666663400415655 -0.0095410171594206318 0.0013185410575745555,0.4513956714153643 0.086916213283631027 0.053533941163255834 -0.20187243414733866 -0.42378275439283669 -0.071895652214481853,7.9291743912676749 12.502000177127863 8.5611432331108972 0.23113602591338558 -0.049898581961951703 -0.0039224148191825793,-0.017944725425621755 -9.4999155038476601 -3.9396752520208196 -0.24471913299476 0.12476798703763059 0.0059690575573032589
ur,tetrapga,9.559367506,0.201515512,0.244181825,0.029155515,34.273286,41.939934,4.28416075,1,0,0,0.526197965,0.024351732,1,0,0,0,0 0 0.050000000000000003,0 0 0.050000000000000003,0 0 0.050000000000000003,wrist_3_link,-1,0,0 0 0,0 0 0,,-0.020080469921234318 -1.5047388845323966 0.021887883312623278 -1.5645004068507835 -0.0050315199249888398 0.0020746636806958821,0.024028651194136573 0.012728761493439973 0.008621766093952642 -0.008897647590054094 -0.022036479371453831 -0.0026292917001502357,0.11767152670757752 -1.4432197389253909 0.085868938883921747 -1.5937640587693751 -0.1185813390295541 0.0042622730294056901,0.087466106152066236 -0.012001745155291354 -0.11038902232806154 -0.15087401304238177 -0.12442201189764453 -0.10355105191810141,-0.014036405534303876 -1.5038867194170125 0.022332843792589884 -1.5673361975104274 -0.010756158187378115 0.0010173453130714206,0.45342588740302364 0.090110870276553734 0.040955263585045601 -0.21910300803161673 -0.43373620564667231 -0.084907132007974756,8.2418480459211914 10.058842819223266 7.1786571729042592 0.10208568841131987 -0.026170116483732686 -0.0047333134239926581,-0.01336015010396352 -9.6213198990426463 -3.990050021234552 -0.24176217747026385 0.12737377235089653 0.0080900654650686299
ur,tetrapga,9.601412531,0.20455788,0.244217297,0.029298086,34.090844,41.482668,4.2613555,1,0,0,0.534707304,0.024362294,1,0,0,0,0 0 0.050000000000000003,0 0 0.050000000000000003,0 0 0.050000000000000003,wrist_3_link,-1,0,0 0 0,0 0 0,,-0.018918119263521726 -1.5041890089124574 0.022229888317576343 -1.5649745193330782 -0.0061152931450268759 0.0019166979702767892,0.024496420305715146 0.012901181642629267 0.0079677447602305822 -0.0099482989097905913 -0.022863634495687079 -0.0033616874400118732,0.12125879723813898 -1.4438272562132257 0.081136728467944452 -1.6001299111288567 -0.12376204477013883 -0.00011840515131182604,0.083155826511939507 -0.016895766672776886 -0.11469124476801788 -0.15190379000799586 -0.12198319734243308 -0.10481131678630277,-0.012838097481766848 -1.5032935655391046 0.022506503140979593 -1.5680456583723816 -0.011981986960996253 0.00068318698203436834,0.45489561464324424 0.093037328203761191 0.028142135737059714 -0.23628749382859948 -0.44328266184921972 -0.09797933245496708,8.5474533707084035 7.5207081088450236 5.7474661944558889 -0.030171385012083274 -0.0018402916541174971 -0.0055502068652077095,-0.019445706099830318 -9.6683685113466709 -4.0072961035778434 -0.23561164651619038 0.12986324880499112 0.010351643943637079
ur,tetrapga,9.642993523,0.207665062,0.244250109,0.029439048,34.09613,41.787926,4.26201625,1,0,0,0.543918325,0.023787413,1,0,0,0,0 0 0.050000000000000003,0 0 0.050000000000000003,0 0 0.050000000000000003,wrist_3_link,-1,0,0 0 0,0 0 0,,-0.017735415910101734 -1.5036265171191776 0.022542324448776806 -1.5654991297437304 -0.0072381133477574721 0.0017232483727928655,0.024919201419462349 0.013210910915779649 0.0073615445714372658 -0.011008319532229865 -0.023685035319902657 -0.00410910041487804,0.12462611188033876 -1.4446302934034894 0.076281560979377494 -1.6064639635058864 -0.12878094148856201 -0.0045006268129737783,0.078791924414929049 -0.021727616518438946 -0.11881477424465281 -0.15272420849539281 -0.11939048849098523 -0.10595091027547224,-0.011641162848532923 -1.5026938757822319 0.022646451085838338 -1.5687981703803231 -0.013228180421336359 0.00031543492451573379,0.45569923092517117 0.095770693363648934 0.015254661370017452 -0.25322204028338741 -0.45226628336993702 -0.1109728441122354,8.8489645773340673 4.8831189126008709 4.2731347193425639 -0.16467394883405551 0.0229619721954663 -0.0063569171167871608,-0.025491166587073621 -9.7148857079791924 -4.0233861820253196 -0.22919203611127159 0.13228697086501029 0.012659621255160403
ur,tetrapga,9.684883389,0.210849642,0.244823149,0.029843266,34.168055,41.618247,4.271006875,1,0,0,0.554293358,0.023950984,1,0,0,0,0 0 0.050000000000000003,0 0 0.050000000000000003,0 0 0.050000000000000003,wrist_3_link,-1,0,0 0 0,0 0 0,,-0.016493967391602138 -1.5030229590948783 0.022838147556670595 -1.5660946497862231 -0.0084389900308267807 0.00148521217386839,0.024594678053475805 0.0133600306359501 0.0066488726988159037 -0.011757089569450464 -0.023831946180649554 -0.0047503874633354681,0.12783291450540935 -1.4456421823212211 0.071219803880329044 -1.6128753732603271 -0.13372436117308123 -0.0089610471513354474,0.074298623431949845 -0.026581455011801931 -0.12283157176976399 -0.15335000822749792 -0.11659969739513512 -0.10699017492314361,-0.010421694536612135 -1.5020722156531165 0.022760033006595549 -1.569605890167634 -0.014518826497653351 -9.1067023976921808e-05,0.45573382293192433 0.098275223179807553 0.002216710667635533 -0.26993501054511387 -0.4606551589464728 -0.12392382164612295,9.1631423038216795 2.1355850819927209 2.7496455694944837 -0.30286146172812933 0.048474552486711536 -0.0071730413277953826,-0.017084365379830047 -9.8482779292789928 -4.0746506591164149 -0.22732614398501028 0.13317330424849416 0.014637209024438214
ur,tetrapga,9.726595446,0.214206044,0.245036263,0.03011682,33.966412,41.304752,4.2458015,1,0,0,0.565811622,0.023194132,1,0,0,0,0 0 0.050000000000000003,0 0 0.050000000000000003,0 0 0.050000000000000003,wrist_3_link,-1,0,0 0 0,0 0 0,,-0.015299565432150105 -1.5024331330490617 0.02308799392465527 -1.5667132787604776 -0.0096170729541319513 0.0012208563744103456,0.024630717951330854 0.01359157031524927 0.005978077162262287 -0.012678000686137246 -0.024317258540955632 -0.0054591309546589053,0.1308371422974845 -1.4468514219386819 0.066015291582458627 -1.6192814117854637 -0.13852696584979157 -0.013443502972311266,0.069732521032780007 -0.031395166964397779 -0.12668909025014041 -0.15377161865134592 -0.11364563007710614 -0.10791520386093323,-0.0092193304688814245 -1.5014480186557544 0.022837059700837579 -1.5704507062581179 -0.015815943179435063 -0.00052942119203128581,0.45516243943746193 0.10058196191683182 -0.010869220598479156 -0.28639022425774147 -0.4684991816928018 -0.13678948340599972,9.4687906737933147 -0.70652474043180635 1.1838180099466813 -0.44323869125540305 0.074447503072371551 -0.0079800553005432255,-0.015575026234309064 -9.9385504377332836 -4.1069203949811879 -0.22283881288876728 0.13478098767450319 0.016824343595299496
ur,tetrapga,9.767995544,0.217655891,0.244996543,0.030238217,34.121828,41.428087,4.2652285,1,0,0,0.578454672,0.022059611,1,0,0,0,0 0 0.050000000000000003,0 0 0.050000000000000003,0 0 0.050000000000000003,wrist_3_link,-1,0,0 0 0,0 0 0,,-0.014120927796020696 -1.5018407523509472 0.023303680328170203 -1.5673657690867393 -0.010800662577960803 0.00092740866710624742,0.024826419028534882 0.013755524818104692 0.0052495557579371223 -0.013697488888314209 -0.024951604503231629 -0.0062135923159055643,0.13362877455452354 -1.4482496648174652 0.060693597717662966 -1.6256527839426143 -0.14316828387521655 -0.017928318538424262,0.065114786911245212 -0.036148057702042873 -0.1303724243459024 -0.15399013340389828 -0.11054427142717613 -0.10872375543726603,-0.0080381866061386958 -1.5008233036355771 0.022878618404154998 -1.5713283544708483 -0.017114414146074564 -0.00099714453110669047,0.45399281578904538 0.10263523347168894 -0.023968951293611533 -0.30251459980247208 -0.47576390842207905 -0.14951728358052141,9.7653345450360458 -3.6205462670329625 -0.41268946259928896 -0.58487072307447163 0.10069349199258935 -0.0087747835321305718,-0.02142932742119541 -9.9786116365985436 -4.1165982861721346 -0.2159391868081002 0.13647578087470436 0.019154291055898276
ur,tetrapga,9.80952583,0.221198517,0.244916711,0.030390072,34.102529,41.411747,4.262816125,1,0,0,0.59255749,0.02132566,1,0,0,0,0 0 0.050000000000000003,0 0 0.050000000000000003,0 0 0.050000000000000003,wrist_3_link,-1,0,0 0 0,0 0 0,,-0.012928911870778709 -1.5012363591886448 0.023487362310605359 -1.5680689117653495 -0.012018896345446287 0.00059719670626986283,0.025111382861042135 0.01404224699218924 0.0045884249893525025 -0.014762893366152951 -0.025685668328035934 -0.0069882130638518388,0.13623541251580215 -1.4498493930389604 0.055205059908781391 -1.6320491146281075 -0.14769173980964587 -0.022458575640865949,0.060401620780880259 -0.040885529435981345 -0.13391704901945287 -0.15400836676405741 -0.10726724909719663 -0.10942410261658329,-0.0068660623486711606 -1.500193699733068 0.022886418103935199 -1.5722452603946429 -0.018426160680829702 -0.0014970447187057168,0.45218586122344262 0.10451645988038166 -0.037071531680622452 -0.31832840956800174 -0.48243817938365974 -0.16213385078591291,10.055170222891407 -6.631423172682763 -2.0545217599441274 -0.72911364962687519 0.1274639855996148 -0.0095658824440559304,-0.026308885117650505 -10.028723606867061 -4.1299679105479896 -0.20889455750420893 0.13850071644296236 0.021546091424259312
ur,tetrapga,9.851035878,0.224815631,0.244964999,0.030634924,34.031647,41.551713,4.253955875,1,0,0,0.608016826,0.020574911,1,0,0,0,0 0 0.050000000000000003,0 0 0.050000000000000003,0 0 0.050000000000000003,wrist_3_link,-1,0,0 0 0,0 0 0,,-0.011733153928988887 -1.5006194861028082 0.023639506631836043 -1.5688183754149001 -0.01326313885059326 0.00023172866151843142,0.025177086696568807 0.014293881985514746 0.0039091474945038215 -0.015732169990508599 -0.02622216482504449 -0.0077282673537579349,0.13864359005739063 -1.4516442206477249 0.04957529806304125 -1.6384388991989298 -0.15207361461639571 -0.027013371600912803,0.055614804450585059 -0.045584814856672679 -0.13730488488842968 -0.15382486997958586 -0.10382963093169051 -0.110012295551933,-0.0057018637715172456 -1.4995569942441636 0.022861495329249987 -1.5732022713944986 -0.019752667962971787 -0.0020296434347754086,0.44971804591409725 0.10619983422181908 -0.050183379829454013 -0.33380668621590809 -0.48850227465753815 -0.17462317577272074,10.345333023075861 -9.7330102640842195 -3.7355466034155334 -0.87567447392229791 0.15470326314556956 -0.01035294558115743,-0.026073455108232224 -10.109524877906551 -4.1552945957000418 -0.20327761336830008 0.14008810703918328 0.02383014419139573
ur,tetrapga,9.892682886,0.228530417,0.245094712,0.030901384,34.166864,41.702035,4.270858,1,0,0,0.625049461,0.019871639,1,0,0,0,0 0 0.050000000000000003,0 0 0.050000000000000003,0 0 0.050000000000000003,wrist_3_link,-1,0,0 0 0,0 0 0,,-0.010541952085179702 -1.4999928556901494 0.023759335724335584 -1.5696097213335465 -0.014525327036435156 -0.0001670889978247501,0.025072603614987185 0.0144671122418988 0.0032027809493039151 -0.016609197709860815 -0.026590260198600321 -0.0084279047980969843,0.14085852964571904 -1.4536401592384911 0.043788953972403587 -1.6448378898501308 -0.15632322564594239 -0.031605380748952493,0.050741034647516822 -0.05025807072608484 -0.14054361130351825 -0.15343776165514725 -0.10022181930988286 -0.11048922127256626,-0.0045490659004847108 -1.4989136504838299 0.022803822740819015 -1.5741977073294002 -0.021090725730834856 -0.002594354461981775,0.44660525348297042 0.10765931041582415 -0.0633240982467215 -0.34896387067220619 -0.49396602889142299 -0.186998530710212,10.63505456855934 -12.921580897675536 -5.4549687111653462 -1.0245758055290848 0.18241084591070453 -0.011138193126196669,-0.024115964719428007 -10.197456791890545 -4.1825325145366179 -0.19831127986708452 0.14117340190349381 0.025989203289045637
ur,tetrapga,9.934490633,0.232253967,0.245610259,0.031293923,34.02363,41.390064,4.25295375,1,0,0,0.643519519,0.019631371,1,0,0,0,0 0 0.050000000000000003,0 0 0.050000000000000003,0 0 0.050000000000000003,wrist_3_link,-1,0,0 0 0,0 0 0,,-0.0093081085405192689 -1.4993297576959383 0.023850949677095709 -1.5704762460122916 -0.015856487062254246 -0.0006166969672976824,0.024436000370797472 0.014410057978329829 0.0024843166249804375 -0.017117540261338569 -0.026393972235345946 -0.0089385430201958452,0.14287645823348111 -1.4558385872991049 0.037848059319963108 -1.6512410907920181 -0.16043484721405457 -0.03623269614618959,0.04578203433249569 -0.054902020605524057 -0.1436290029028697 -0.15284455918239159 -0.096444412724748102 -0.11085317286731305,-0.0033864478168220257 -1.4982510566663709 0.022715273570529382 -1.5752469934049218 -0.022463643779245944 -0.0031994327883332484,0.44276742545999553 0.10883092793914667 -0.076514079803497476 -0.3637520917595104 -0.49875467283767422 -0.19923838421168996,10.929485497114113 -16.194356594526205 -7.2116599968588382 -1.1759907849912918 0.21061017304801394 -0.011926854588302296,-0.014713509600934316 -10.326994728456157 -4.2262891164425582 -0.19681023041812296 0.14076118400172533 0.027563622086986594
ur,tetrapga,9.975997064,0.236080455,0.245665108,0.031512256,34.167026,41.641579,4.27087825,1,0,0,0.663339792,0.018264988,1,0,0,0,0 0 0.050000000000000003,0 0 0.050000000000000003,0 0 0.050000000000000003,wrist_3_link,-1,0,0 0 0,0 0 0,,-0.0081301250079839505 -1.4986885924166544 0.02390259880208688 -1.5713509140901445 -0.017151172905157771 -0.0010826151981091338,0.024298278213440994 0.014523456207855143 0.0017705890018439808 -0.01795667820081976 -0.026715893197985948 -0.0096155892623412641,0.14467347668840513 -1.4582121602186273 0.031825870779340314 -1.6575693937135216 -0.16435748247613605 -0.040839334863597317,0.040798236734513008 -0.059460176933938541 -0.14652367111881612 -0.15205302360122433 -0.092544480412017793 -0.11110006311601479,-0.0022513192504843389 -1.4975914918245121 0.022591824125006016 -1.5763240567780623 -0.02383084880833379 -0.0038314173298594247,0.43837089523983119 0.10979158962507393 -0.089639007662764322 -0.37813787881615424 -0.50293005826649206 -0.21129916707977925,11.209498798310953 -19.536446634269083 -8.9956872927645293 -1.3280128378743683 0.23898424006350588 -0.012693567985756974,-0.014625443225884993 -10.399044532206972 -4.2448284757856101 -0.191238675830391 0.14152867685819359 0.029653456764370034
ur,tetrapga,10.017744734,0.24002339,0.245515472,0.031595438,34.150519,41.585231,4.268814875,1,0,0,0.685180495,0.017084677,1,0,0,0,0 0 0.050000000000000003,0 0 0.050000000000000003,0 0 0.050000000000000003,wrist_3_link,-1,0,0 0 0,0 0 0,,-0.0069761704906959755 -1.498049490035968 0.023921656836296937 -1.5722519386374332 -0.018441895758295548 -0.0015734170617935845,0.024300516492466478 0.014629131596770914 0.0009999379429273046 -0.018923129984952238 -0.027193710147893721 -0.010366039602084381,0.14627109884499506 -1.4607891847855257 0.025651080948927187 -1.6638971010211034 -0.16813657703946328 -0.045480679083666022,0.03573001530705168 -0.063986856833656194 -0.14926186781011905 -0.15105368135555183 -0.088476141813971454 -0.11123283613983823,-0.0011464735132388579 -1.4969362175824261 0.022434783618959776 -1.5774253916748286 -0.025188536096720657 -0.0044882421426073755,0.43340891966891237 0.11053416847673805 -0.10274460771146272 -0.39217424588510835 -0.50652047667574851 -0.22322811834760886,11.480305734725549 -22.952408640999586 -10.812541661656518 -1.481607084765445 0.26767990125667507 -0.013451766153633837,-0.020975718204006455 -10.426494473205821 -4.2431430467553355 -0.18326581182554946 0.14244459971244794 0.031971333764258425
ur,tetrapga,10.059427575,0.243979858,0.245367605,0.031728254,34.135183,41.838603,4.266897875,1,0,0,0.708648476,0.015917882,1,0,0,0,0 0 0.050000000000000003,0 0 0.050000000000000003,0 0 0.050000000000000003,wrist_3_link,-1,0,0 0 0,0 0 0,,-0.0058191396621029741 -1.4974006089530574 0.023906250741303439 -1.5732014339545117 -0.019759155840349617 -0.0021013600851802964,0.024365677809065935 0.014866053780461389 0.00028306064253257415 -0.019943337864160797 -0.027756366057392429 -0.011149243681363073,0.14765408366583105 -1.4635494440111549 0.019375513725009272 -1.6701691309363385 -0.17173740020408684 -0.050117927623086561,0.030619620122489848 -0.06844318961656079 -0.15181866986887138 -0.14985325960746781 -0.08427327104633256 -0.11124936977586655,-6.0104852885932078e-05 -1.4962795754828853 0.022244391677757654 -1.5785596829919628 -0.02654955537481854 -0.0051745960562927778,0.427837716848123 0.11110472310703458 -0.11576568779674404 -0.4057837721615527 -0.50946367578542517 -0.23497436779986774,11.74348555703866 -26.449354559454378 -12.663010993693923 -1.6366211601410281 0.29669089022258033 -0.014195756023566201,-0.025302712699327046 -10.470323801272571 -4.2476998219078013 -0.17529752508926322 0.14368700829421499 0.034389692197240862
ur,tetrapga,10.101364879,0.247913185,0.245777011,0.032097619,34.149996,41.468266,4.2687495,1,0,0,0.733913537,0.015484727,1,0,0,0,0 0 0.050000000000000003,0 0 0.050000000000000003,0 0 0.050000000000000003,wrist_3_link,-1,0,0 0 0,0 0 0,,-0.0046213512123997671 -1.4967125613981926 0.023857485291403385 -1.5742336167399165 -0.021148086529803763 -0.0026865354492779181,0.023720769831776983 0.014843674811490942 -0.00036237183769667538 -0.020398243851024032 -0.027535657229105556 -0.011624517064842159,0.14882958180103548 -1.466512582042385 0.012957884045608544 -1.6764246941954495 -0.17518052904849374 -0.054781726849062552,0.025433126710247674 -0.072857565642137245 -0.15420886562606709 -0.14844213428546343 -0.079907939297276978 -0.11114869397059472,0.0010315892492761196 -1.495604735616636 0.02202094773086475 -1.5797480858753261 -0.027942266072056694 -0.0059027825936146579,0.42153966023987122 0.11141660298788596 -0.12874884421447125 -0.41892950117332012 -0.51168063996819302 -0.24652710510366377,12.013880331589274 -30.026791771656839 -14.549086397184839 -1.7942220878682029 0.32619421776834379 -0.014946765733228362,-0.016490017442633231 -10.592214212579165 -4.2847631087680895 -0.17323042183579673 0.1430086977689129 0.035855075938624914
ur,tetrapga,10.142936565,0.251913073,0.245839193,0.032341894,34.112466,41.551813,4.26405825,1,0,0,0.760640003,0.013767144,1,0,0,0,0 0 0.050000000000000003,0 0 0.050000000000000003,0 0 0.050000000000000003,wrist_3_link,-1,0,0 0 0,0 0 0,,-0.003486175577692156 -1.4960479529703732 0.023775583448138515 -1.5752625513402077 -0.022490287039579889 -0.0032807253972481107,0.023412661253148805 0.014925950628251453 -0.0010625150786132327 -0.021137238940117296 -0.027691341733004912 -0.012260483665526267,0.14977932992283888 -1.4696310825268573 0.006501091999523847 -1.6825631362702893 -0.17841022626862291 -0.059398274710983461,0.020252948098327776 -0.077159809027291915 -0.15639450209767267 -0.14684317792613583 -0.075450591820094184 -0.1109325793672723,0.0020903387273158323 -1.4949342979143954 0.021765393346584557 -1.5809580442537325 -0.029322304969475292 -0.0066545183656378975,0.4147039864404814 0.11150579738864122 -0.14160903036463418 -0.43159070574570224 -0.51325355170712517 -0.25784554627581413,12.272854562672435 -33.655892979123074 -16.451349270660508 -1.9516146565983516 0.35571948080903615 -0.015672176909609977,-0.014079734819778089 -10.672824876915001 -4.3033121718127632 -0.16794290639336396 0.14319230186608678 0.037817676761061847
ur,tetrapga,10.184581527,0.255979541,0.245685271,0.032446957,34.031136,41.346076,4.253892,1,0,0,0.789475809,0.012126191,1,0,0,0,0 0 0.050000000000000003,0 0 0.050000000000000003,0 0 0.050000000000000003,wrist_3_link,-1,0,0 0 0,0 0 0,,-0.0023819736992821859 -1.4953881705874723 0.023663272541145409 -1.5763108708197004 -0.023820101872785833 -0.0038959522926563985,0.023243542272519634 0.01497196693791712 -0.0018494995739947594 -0.02201895110650047 -0.028004964015509549 -0.012982683349669889,0.15051412222740057 -1.472932786039862 -5.4310992841342946e-05 -1.6886416182403643 -0.18145722008218407 -0.06401153416462102,0.01503038317247545 -0.081391025240742085 -0.15839747595083695 -0.14504307025582322 -0.070861068034370464 -0.11059990361972799,0.0031129095102999443 -1.4942704438970091 0.021479357081833843 -1.582184812114116 -0.030684804125357571 -0.0074268769579598805,0.40734087453539014 0.1113487942405845 -0.15437198275389241 -0.4437943221749342 -0.51420008802837613 -0.26895520360159164,12.520728483088185 -37.332681033355037 -18.371392747138525 -2.1092438655798178 0.38532094062061539 -0.016381118969062948,-0.01823380651182166 -10.7074958728399 -4.3010009635873985 -0.1601290617718405 0.14352593144376868 0.040047947005954043
ur,tetrapga,10.226028709,0.260009619,0.2455254,0.032571398,34.001806,41.504232,4.25022575,1,0,0,0.819986676,0.010483431,1,0,0,0,0 0 0.050000000000000003,0 0 0.050000000000000003,0 0 0.050000000000000003,wrist_3_link,-1,0,0 0 0,0 0 0,,-0.0012816279287805655 -1.4947212089940822 0.023515121753417006 -1.5774049943992969 -0.025170100676641945 -0.0045478592220866178,0.0231647544259257 0.015143392771907193 -0.0026027821719600535 -0.022985141525477058 -0.028435428838682275 -0.013757198732971652,0.15102888838158762 -1.4763920572711309 -0.0066575043535936212 -1.6946127377945368 -0.18429750496386146 -0.068586732821763044,0.0098051315739895901 -0.085519068403863294 -0.16020271753973897 -0.1430561014796366 -0.066175439677982076 -0.11015340172840211,0.004111024193886214 -1.493607852506782 0.021161559007851469 -1.5834385666978017 -0.032043184592124324 -0.0082257509638993653,0.39942292539081553 0.11099674234546668 -0.16696005122174451 -0.45545793013690139 -0.51446652389057057 -0.27979785923451456,12.75828897064741 -41.061434581037673 -20.309010697389834 -2.2668772091291114 0.41497363744463545 -0.017067942113621105,-0.021785887508642965 -10.748561255912136 -4.3005326602471854 -0.15179842416000611 0.14421724210098574 0.042439406062186436
ur,tetrapga,10.267631068,0.263972579,0.245891104,0.032899423,34.125866,41.470188,4.26573325,1,0,0,0.85242028,0.009675695,1,0,0,0,0 0 0.050000000000000003,0 0 0.050000000000000003,0 0 0.050000000000000003,wrist_3_link,-1,0,0 0 0,0 0 0,,-0.00014947147617402662 -1.4940175898467805 0.023327417130645532 -1.5785839037824592 -0.026586331455993026 -0.0052607162838211102,0.022414194425077329 0.01504423196237697 -0.0032058909310465735 -0.023302246297795884 -0.028066773186250754 -0.014151950950365939,0.15132731620423684 -1.4800345213779782 -0.013356693377038402 -1.7005193560371541 -0.18695076898056237 -0.073158047896973916,0.0045383467254570282 -0.08957433267222091 -0.16182323077084418 -0.14086759086139963 -0.061359813925077916 -0.10958961438321946,0.0051074630522804617 -1.4929297112015711 0.02080928133157459 -1.5847435291933756 -0.033426539898730977 -0.0090660885185634629,0.390835836678046 0.11037624690128012 -0.17940084220923919 -0.46653674415564755 -0.51397273433403778 -0.29035686183790321,12.99980350993695 -44.844378952445219 -22.269653861775414 -2.4260895993494693 0.44492040739951033 -0.01775891330218534,-0.013817261129373648 -10.856809448059721 -4.3283899589214343 -0.14956044262999058 0.14287133241830929 0.043656552527986392
ur,tetrapga,10.309201364,0.268028498,0.245967435,0.033116286,34.171228,41.827564,4.2714035,1,0,0,0.886938092,0.007965499,1,0,0,0,0 0 0.050000000000000003,0 0 0.050000000000000003,0 0 0.050000000000000003,wrist_3_link,-1,0,0 0 0,0 0 0,,0.00091625914859635169 -1.4933407103574188 0.023112929956456946 -1.5797486190237002 -0.02794749368178339 -0.0059751612746412287,0.021977981173412507 0.015069602585233009 -0.0038908949012123797 -0.023938419017059929 -0.028077901595348984 -0.014739980416549468,0.15140629704870623 -1.4838407728452361 -0.020114032023816921 -1.7063264791084429 -0.18939964203556917 -0.07770001135968907,-0.00074073071610034926 -0.093533379419369428 -0.163248433862932 -0.13848871000633545 -0.056441350262291377 -0.10891084604165545,0.0060658077325281817 -1.4922588231902725 0.020427604155250832 -1.5860629431437772 -0.034789717326103926 -0.0099260073078154959,0.38174332901122193 0.10954844865280478 -0.19168768609561682 -0.47710862940490262 -0.5128375669808426 -0.30067280140164387,13.229409830165997 -48.673265047825943 -24.244650116950524 -2.5850420664070053 0.47486912825846617 -0.018425992338186824,-0.011492079855566217 -10.928374441132291 -4.3396519955684312 -0.14405491865909426 0.14243420420632447 0.045471309347771438
ur,tetrapga,10.351129255,0.272140214,0.246042385,0.033313545,34.018701,41.558041,4.252337625,1,0,0,0.924122664,0.006734722,1,0,0,0,0 0 0.050000000000000003,0 0 0.050000000000000003,0 0 0.050000000000000003,wrist_3_link,-1,0,0 0 0,0 0 0,,0.0019597932394289342 -1.49266262069859 0.022866331833213641 -1.5809429097904064 -0.029307686833581904 -0.0067174652357742904,0.021520529335159563 0.015055923372682519 -0.0045826354844866433 -0.024549223766966808 -0.028056704360015117 -0.015314368827480145,0.15126341867976201 -1.4878444209906347 -0.026985364040744426 -1.7120793629513882 -0.19166032602568453 -0.082250027699785025,-0.0060760302915042639 -0.097427448011135342 -0.16448715093778066 -0.13589736486037843 -0.051378926340194017 -0.10810977716067566,0.0069896152705902718 -1.4915927361325252 0.02001610930739281 -1.587400512303895 -0.036137084641543957 -0.010807968074395762,0.37210184807646418 0.10849822648827039 -0.20385733585492843 -0.48719822960038744 -0.51104782021263062 -0.31077897532510845,13.450639456544437 -52.557801377032597 -26.242437248115881 -2.7448429112008426 0.50499769428563845 -0.019082628785428633,-0.0097803244327216987 -10.993469975899643 -4.3473231121175928 -0.13836969686690281 0.14182902815491616 0.047244131457176763
ur,tetrapga,10.392779688,0.276221395,0.245868924,0.033361634,34.172608,41.686457,4.271576,1,0,0,0.9629768,0.00493726,1,0,0,0,0 0 0.050000000000000003,0 0 0.050000000000000003,0 0 0.050000000000000003,wrist_3_link,-1,0,0 0 0,0 0 0,,0.0029743201724623373 -1.491989589527668 0.022590709731988352 -1.582156141720942 -0.030656494606603586 -0.0074806051485446058,0.021352458603967634 0.015144740803634909 -0.0053901418766050604 -0.025493391982010137 -0.028402884738936977 -0.016098208702378897,0.15089987876277014 -1.4919810917694738 -0.033858487475226698 -1.7176826653424886 -0.19369389592989017 -0.086734271638657615,-0.011381043043888091 -0.10119262982558229 -0.16551804402186157 -0.13313495111415521 -0.046255274175924961 -0.10719872398574523,0.0078777271795447464 -1.4909333513062599 0.019576695523683976 -1.5887521421677242 -0.037465558861574572 -0.011709109434705354,0.36196993225230523 0.10722644047958489 -0.21583924950082511 -0.49672689441321405 -0.50859615468759944 -0.32060285290439622,13.657954065416682 -56.47504184650689 -28.24536566949547 -2.9033222040809203 0.53494121067191713 -0.019705350902913345,-0.015679631830206375 -11.009339245758383 -4.3324310634886132 -0.12881295854094788 0.14198373971656508 0.049665010099541718
ur,tetrapga,10.4345716,0.28020823,0.246207027,0.03362461,34.158746,41.695537,4.26984325,1,0,0,1.003875764,0.003993059,1,0,0,0,0 0 0.050000000000000003,0 0 0.050000000000000003,0 0 0.050000000000000003,wrist_3_link,-1,0,0 0 0,0 0 0,,0.0040123519583984734 -1.4912831736401111 0.02226936528364452 -1.5834559706036717 -0.032066159071152588 -0.0083083004645359056,0.02054319687894755 0.014975715340677268 -0.0059523427043006293 -0.025697293795285764 -0.027928470119717882 -0.016425388913193853,0.15031301602850752 -1.49628719998475 -0.040793908423497983 -1.7231854739118244 -0.19551801485972733 -0.091193208746948973,-0.016703346234428797 -0.10486275146277782 -0.16635068046249371 -0.13017755186344784 -0.041025826198212427 -0.10616972238065545,0.0087548141114665214 -1.490262771588819 0.019102144989051131 -1.5901489407468272 -0.038808909105946129 -0.012649505138276106,0.3512218178118639 0.10568636054579846 -0.22761067682663974 -0.50561054514117476 -0.50538126744781831 -0.33010002358193447,13.866912783763286 -60.430147883447425 -30.263950805225988 -3.06282319160304 0.56506399616141578 -0.020331462467172032,-0.0096331884487455 -11.096121322989347 -4.3480454267001676 -0.1260668692730178 0.14006587432942297 0.050674098565369974
ur,tetrapga,10.476366223,0.284266701,0.246302707,0.033801733,34.084164,41.413496,4.2605205,1,0,0,1.046957864,0.002100115,1,0,0,0,0 0 0.050000000000000003,0 0 0.050000000000000003,0 0 0.050000000000000003,wrist_3_link,-1,0,0 0 0,0 0 0,,0.0049849081638803014 -1.4906048652398907 0.021926632859648475 -1.5847350594608334 -0.033417921084117654 -0.0091327756903992387,0.020052708361501814 0.014980746079564572 -0.0066343748911047344 -0.026299827712773213 -0.027880445541869955 -0.017009072924269106,0.14950377999536107 -1.5007446486265361 -0.047760329153591345 -1.728561201666156 -0.19712194713091949 -0.095607035473147972,-0.02201949908745357 -0.10842063024472556 -0.16697970708374105 -0.12703721277294297 -0.035714125246608774 -0.10502634607573764,0.0095898612936794869 -1.4896021944462827 0.018600988544043785 -1.591553460928399 -0.040125539257194837 -0.013605681421628976,0.34000001950075942 0.10395299600902813 -0.23917504753825253 -0.5139326030710849 -0.50151552027036828 -0.3393176259114129,14.06293381014828 -64.419625508146623 -32.289583076099802 -3.2213333843372567 0.59505699324615491 -0.020927718955881247,-0.0080761957107213789 -11.154571781309642 -4.3504444345686721 -0.11982457160593185 0.13925544389648792 0.052475629728132134
ur,tetrapga,10.517882538,0.28826562,0.246444318,0.033979083,34.123613,41.42488,4.265451625,1,0,0,1.091605871,0.000164153,1,0,0,0,0 0 0.050000000000000003,0 0 0.050000000000000003,0 0 0.050000000000000003,wrist_3_link,-1,0,0 0 0,0 0 0,,0.0059298147121550409 -1.4899273073681796 0.021553396757203865 -1.5860383511887646 -0.034761951003118442 -0.0099825655032554916,0.01948067701552255 0.014925703697645357 -0.0072924358961026312 -0.026799423379858613 -0.027719012229042148 -0.01753047473550343,0.14848019296720441 -1.5053172424859491 -0.054702170973952045 -1.7337674855637271 -0.19849383926056438 -0.099941820224444325,-0.027288123328044131 -0.11183918382360224 -0.16740161353206365 -0.12374023525254194 -0.030363375149052404 -0.10377826852715243,0.010386423909694405 -1.4889487968092281 0.018073335617765505 -1.5929689077878617 -0.041419659282012578 -0.014579696272647252,0.32832323834714283 0.10199426225037604 -0.25048212910729006 -0.52162521615998658 -0.49698926898199303 -0.3481966012756269,14.251118670248456 -68.419460075679396 -34.311999120739728 -3.3785418014317434 0.62483167845637555 -0.02150224410587211,-0.0059820053417780628 -11.213097322056456 -4.3523293213209371 -0.11413660928701574 0.13808051871693294 0.054084870141295482
ur,tetrapga,10.559402788,0.292259886,0.246409237,0.034029443,34.061729,41.711411,4.257716125,1,0,0,1.138329105,0.002534785,1,0,0,0,0 0 0.050000000000000003,0 0 0.050000000000000003,0 0 0.050000000000000003,wrist_3_link,-1,0,0 0 0,0 0 0,,0.0068405567488106543 -1.4892571027971773 0.021153941527173932 -1.5873536965861192 -0.036087267410448293 -0.010849373588594169,0.019153518708658362 0.014967756797071659 -0.0080928256195842204 -0.027640335017801984 -0.027897078393673256 -0.018277658456507594,0.14723809288036852 -1.5100297512652976 -0.061657971426126647 -1.7388337528080584 -0.1996422631329216 -0.10422288526349008,-0.03253949932742696 -0.11513867370002008 -0.16762022961438017 -0.12026955360049986 -0.024944688861280245 -0.10241908246080234,0.011143184625574478 -1.4883043609242257 0.017521333122665982 -1.5943909368500389 -0.042687948020543862 -0.015568543826861691,0.31621178704024355 0.099823609872139812 -0.2615381812254674 -0.52870433288103791 -0.49181058428917845 -0.35675111203012289,14.424387088916996 -72.43353053242474 -36.331288370823671 -3.5338810832315648 0.65430752031630579 -0.022043329876366424,-0.010263556146789199 -11.229716136827847 -4.334675735869709 -0.1047776493614947 0.1376327661205039 0.056392294758857986
ur,tetrapga,10.601298589,0.296269764,0.246562073,0.034168645,34.021491,41.286738,4.252686375,1,0,0,1.187725583,0.004456661,1,0,0,0,0 0 0.050000000000000003,0 0 0.050000000000000003,0 0 0.050000000000000003,wrist_3_link,-1,0,0 0 0,0 0 0,,0.0077273336911586575 -1.4885860278549023 0.020721667848792098 -1.5886987629628035 -0.037410044477289711 -0.01174549802791882,0.018635078152455277 0.014962907713923003 -0.0087976636320090743 -0.028254924695063337 -0.0278305186609282 -0.018887400529224493,0.14576422777439874 -1.5149211463680348 -0.068681568326914522 -1.7437961760088507 -0.20057172090049996 -0.10848313995192867,-0.03781465964283897 -0.11834293492825509 -0.16763389375878615 -0.11659558677520324 -0.019415591038876488 -0.10093618931705774,0.011863965822934856 -1.4876656204183569 0.0169425770492403 -1.5958263224385223 -0.043936573372329979 -0.016577110983559531,0.30358833307103605 0.097446746400901896 -0.27236542956109244 -0.53518406651265504 -0.48594714042664877 -0.36501125702115922,14.590617256225499 -76.48039079249773 -38.362267188999709 -3.6893850916843638 0.68382015117189598 -0.022574855473880481,-0.0095830048317111505 -11.275652950083895 -4.329375818655862 -0.097711208348300715 0.1366164874998077 0.058274441971178703
ur,tetrapga,10.642681624,0.300078132,0.246997391,0.034412533,34.174918,41.490287,4.27186475,1,0,0,1.23754404,0.0068487,1,0,0,0,0 0 0.050000000000000003,0 0 0.050000000000000003,0 0 0.050000000000000003,wrist_3_link,-1,0,0 0 0,0 0 0,,0.008620476655264369 -1.4878866268459163 0.020240562587040989 -1.5901235712620527 -0.03877776912751333 -0.012705169579430135,0.017654983315839173 0.01467438457065511 -0.009238687226713501 -0.02816636452507439 -0.027080053215618023 -0.019033032530555372,0.144092018328106 -1.5198818362236144 -0.075615514804709238 -1.7485433016194263 -0.20126125419855312 -0.11262799957317171,-0.042996252796641654 -0.12138077798619518 -0.16744275814808993 -0.11280110137076578 -0.013900552356987233 -0.099362763612109897,0.012566077661116807 -1.4870178097464617 0.016328746631176994 -1.5973020994702416 -0.045191944211762355 -0.017623753370752941,0.29048205275214933 0.094789235709367023 -0.28285289837045624 -0.54089407749426699 -0.47934662023008756 -0.37282663615726352,14.755851334818239 -80.517846552163874 -40.38245103172035 -3.8435785354304191 0.71308462912783543 -0.023095981742963543,-0.002623357177952812 -11.356135989726681 -4.3393089720166813 -0.096061441337042197 0.13370896965923862 0.058723070971439029
ur,tetrapga,10.68427707,0.303977282,0.247263645,0.034561732,34.124499,41.498907,4.265562375,1,0,0,1.28972027,0.010080655,1,0,0,0,0 0 0.050000000000000003,0 0 0.050000000000000003,0 0 0.050000000000000003,wrist_3_link,-1,0,0 0 0,0 0 0,,0.0094444274328894639 -1.4872202406709985 0.019748318034244011 -1.5915106762859619 -0.040076058119399981 -0.013649682628120205,0.016978817556002872 0.014560936097616108 -0.0098510974215166337 -0.028531464724480003 -0.026771278046338734 -0.019483186372415882,0.14219584213144243 -1.5249919631814106 -0.08257281984659709 -1.7531531870502632 -0.2017233443541234 -0.11672628105212321,-0.048169790359114222 -0.12430308655944447 -0.16704536652277166 -0.10882565111221705 -0.0083105449916574484 -0.097673715015729856,0.013221065586474682 -1.4863835032602779 0.015693977245137981 -1.5987743143373585 -0.046410945855334763 -0.018679262523097564,0.27697662993394356 0.091940243556493176 -0.29306938594656523 -0.54599080740708084 -0.47211808621919932 -0.3803180654576237,14.905839696259392 -84.564308050193631 -42.397641364598428 -3.9958419682503932 0.74203406291948815 -0.023584804241882421,-0.00044080890869935274 -11.405371515966181 -4.3347030182058859 -0.090514041410642676 0.13194570710705023 0.060112423509792734
ur,tetrapga,10.725875289,0.307842149,0.247554469,0.034695896,34.174813,41.489671,4.271851625,1,0,0,1.34361189,0.013607083,1,0,0,0,0 0 0.050000000000000003,0 0 0.050000000000000003,0 0 0.050000000000000003,wrist_3_link,-1,0,0 0 0,0 0 0,,0.01023462902271516 -1.4865585245935036 0.019228014505175303 -1.5929140299268958 -0.041357854740544632 -0.014615332968840194,0.01628107391251761 0.014426366666664619 -0.010458127408550176 -0.028867841535855584 -0.026430065974913479 -0.019918946031902213,0.14008514165541616 -1.5302212006370051 -0.089509774526976379 -1.7575947117759396 -0.20195207313719474 -0.12075235341592841,-0.053303355571268619 -0.12709051897623608 -0.16644203346213987 -0.10469247136140422 -0.0026804849182269601 -0.095878128552971578,0.013832331453945577 -1.4857599383248801 0.015037016780609746 -1.6002477268669812 -0.047598404734023228 -0.019747004195322403,0.26306051866883207 0.088884450251330682 -0.30299738681836186 -0.55044434185676172 -0.46425055451044067 -0.38746330616919067,15.04564627873583 -88.612456646021826 -44.405870186586753 -4.1464514016367229 0.77069502047103389 -0.024050182139300016,0.0014069658454687328 -11.449645758500992 -4.3273809041552624 -0.084898721896024654 0.13003462650199538 0.061457436627414097
ur,tetrapga,10.767462151,0.311682916,0.247760178,0.034728386,34.028899,41.493693,4.253612375,1,0,0,1.39911387,0.017687195,1,0,0,0,0 0 0.050000000000000003,0 0 0.050000000000000003,0 0 0.050000000000000003,wrist_3_link,-1,0,0 0 0,0 0 0,,0.01098649180565868 -1.4859070216333816 0.018685197081595242 -1.594321456018432 -0.042613616520396427 -0.015593372082642909,0.015790596750000732 0.01441404576623251 -0.011234507796670597 -0.029577361372930652 -0.026420425515778771 -0.020615519780560664,0.13776249192914375 -1.5355620472470248 -0.096415469659184391 -1.7618599685102452 -0.20194593431800409 -0.12470047776179793,-0.058389674394520773 -0.12973871491976088 -0.16563317377873263 -0.10040767547687185 0.0029805268628937619 -0.093978163511611951,0.014399475254495888 -1.4851483971488302 0.014360071168455491 -1.6017185992452005 -0.048752040942235411 -0.020824237529453067,0.24875795308671991 0.085635353787596763 -0.31262947033087518 -0.55425097531175227 -0.45575378937819788 -0.39425617380880107,15.171404505796298 -92.659609986362383 -46.401595550279758 -4.2943893289504098 0.79890986240648665 -0.024476915745781501,-0.0017619076467312311 -11.460367272147778 -4.3039577791100072 -0.075694118849241931 0.12888540504683021 0.063608435678858655
ur,tetrapga,10.809057712,0.315471225,0.248123334,0.034838778,28.633686,36.030291,3.57921075,1,0,0,1.467579564,0.022131629,1,0,0,0,0 0 0.050000000000000003,0 0 0.050000000000000003,0 0 0.050000000000000003,wrist_3_link,-1,0,0 0 0,0 0 0,,0.011707510563812657 -1.4852576581211585 0.018112019311372594 -1.595750766530055 -0.043857685516404156 -0.016596907032679031,0.015127987325633497 0.014342259105856946 -0.011886471257037283 -0.030025682764748752 -0.026161056131252507 -0.021143244481223164,0.1352288149272205 -1.541011237878211 -0.10328468871246704 -1.7659447770703545 -0.20170374608593808 -0.12856823624929337,-0.063425703725397978 -0.1322456571854887 -0.16461880382358055 -0.095974069326177636 0.0086679868609021923 -0.091974536106913377,0.016477331504193823 -1.4847514867869942 0.011620786639205913 -1.6061614104336228 -0.052373608217822797 -0.023969075708386391,0.25973203121224192 0.049613795229494752 -0.3424105661561973 -0.55535139855278215 -0.45269590944842314 -0.39310477236666558,10.904868801332142 -88.619623273243846 -37.804421471411793 -2.8025569068863248 0.56586607405605927 -0.0027861482028323985,-0.00053519310665706143 -11.496796787850144 -4.2916899143424843 -0.068922324298910098 0.127136904781608 0.065237348110223081
ur,tetrapga,10.845177033,0.318622562,0.24812803,0.034816045,34.115193,41.523418,4.264399125,1,0,0,1.502670862,0.002198535,1,0,0,0,0 0 0.050000000000000003,0 0 0.050000000000000003,0 0 0.050000000000000003,wrist_3_link,-1,0,0 0 0,0 0 0,,0.01233515441838412 -1.4846698988579037 0.017562063741758404 -1.5970724199302393 -0.044979302958948697 -0.017534286549391983,0.014976129561321985 0.014687544993842222 -0.013050407594989452 -0.03158589270924677 -0.026823303281127055 -0.022466891734239641,0.13285964093432154 -1.5458253852820036 -0.10921216483134008 -1.7693399900598892 -0.20130123876057077 -0.13185761299713838,-0.067752826080790182 -0.13430505353587777 -0.16357187339086729 -0.092008079632909703 0.013621522416487062 -0.090152256089227473,0.016245351219769354 -1.4842136645237431 0.0119247019990373 -1.6060784077804744 -0.052202650549619423 -0.023971694073162651,0.22988853231004747 0.06212853733819769 -0.33334039893060724 -0.5576865748179205 -0.44077437015420917 -0.40250161803418283,14.648374066382869 -95.462288204586883 -47.725517892538498 -4.3675443227916357 0.80933169882052658 -0.024836366492539785,-0.0061114612328339035 -11.489294971731397 -4.2579504045314138 -0.053752603335851745 0.1279321741304642 0.069323846625465535
ur,tetrapga,10.886788736,0.322330164,0.248650529,0.034948566,34.15987,41.622232,4.26998375,1,0,0,1.564051176,0.02018428,1,0,0,0,0 0 0.050000000000000003,0 0 0.050000000000000003,0 0 0.050000000000000003,wrist_3_link,-1,0,0 0 0,0 0 0,,0.012985968077160659 -1.4840307869572658 0.016938919154035784 -1.5985250736475312 -0.046183628245684463 -0.018574685188034915,0.014132554086330773 0.014504896635808494 -0.013617965351181439 -0.031782601383278396 -0.026303967882566767 -0.022840894451579212,0.12993758885435724 -1.5514610546131538 -0.11599031421149535 -1.7730713244363079 -0.20061549703752138 -0.13556372362360189,-0.072680230873315405 -0.13653952413837425 -0.16217510012163511 -0.08730991200574445 0.019338889263280961 -0.087959510936096399,0.016293630054095738 -1.4835796755931616 0.011716820056310667 -1.6067839025526154 -0.052625784290536236 -0.024552027174297525,0.20974630070399675 0.067818768417868755 -0.33937381502842967 -0.56027022982685559 -0.42908061161075428 -0.40985469296252885,15.163996873225397 -101.97412714522295 -51.057727186411348 -4.6283955542923536 0.86175581572373805 -0.025452749769390871,-0.0026926907965503233 -11.533026702066309 -4.2483443339495608 -0.048705651602176658 0.12542393693165366 0.070477901659437237
ur,tetrapga,10.928512851,0.324483838,0.242935053,0.03935671,34.045287,41.570779,4.255660875,1,0,0,1.61732045,0.011046694,1,0,0,0,0 0 0.050000000000000003,0 0 0.050000000000000003,0 0 0.050000000000000003,wrist_3_link,-1,0,0 0 0,0 0 0,,0.01406765611139252 -1.4832683956658856 0.015737646043180908 -1.6009557054622681 -0.048181356662767731 -0.020306638613975192,0.023759500622425121 0.013783946218220901 -0.027730437271302241 -0.052179824892456386 -0.042819128310949785 -0.037186469962903923,0.12680315533109701 -1.5572021641556602 -0.12272416242509392 -1.7766136434573745 -0.19968891266350411 -0.1391861718314622,-0.077553768531959721 -0.13862884402394679 -0.16057065187562222 -0.08246545710386527 0.025076029148381848 -0.085662321839765618,0.016716433498402052 -1.4829055837866338 0.010942878179983601 -1.608355000400804 -0.053733493172225609 -0.025749486526339016,0.19197380195739328 0.064806480361210519 -0.34804435872047229 -0.56064954917056808 -0.41624033694692097 -0.41501920402551934,15.14031120885314 -106.58178767779116 -52.984432062087635 -4.7309710536630707 0.88386763389270762 -0.02490997043566473,0.16582235234686493 -12.987714294257785 -4.7494038225941964 0.04576047440241382 0.18270859600100664 0.11469989048828211
ur,tetrapga,10.970151261,0.327670004,0.245994887,0.03269923,28.637169,36.038019,3.579646125,1,0,0,1.689279129,0.025760138,1,0,0,0,0 0 0.050000000000000003,0 0 0.050000000000000003,0 0 0.050000000000000003,wrist_3_link,-1,0,0 0 0,0 0 0,,0.014793937762350644 -1.4828084551800231 0.014839955499140842 -1.6026368321837197 -0.049521440735345541 -0.02151998121927402,0.014752803584093413 0.0099766023744619296 -0.018153739366223769 -0.034421644750878277 -0.027406367745889334 -0.024893680873995471,0.12347393162036331 -1.5630151958864835 -0.12937322252530087 -1.7799444962514961 -0.19852562962246897 -0.14270361218164063,-0.082344927515589555 -0.14056023395871817 -0.15876727016796846 -0.077503175376837027 0.030798324424413437 -0.083273527856392762,0.018309546357574206 -1.4827274089149833 0.0078791504067715346 -1.6128502873145518 -0.05703934582120436 -0.029059390134110935,0.19913910739681295 0.022271858956278576 -0.38296597165191681 -0.5619108642190187 -0.41323158112277159 -0.41373795097186705,12.371375383663903 -101.32581168300574 -43.298583340436203 -3.2000152560868149 0.64325850275801133 -0.0032794472964762485,-0.11123764945904213 -10.790745880962277 -3.8384768983347044 0.0070719467339586117 0.12038635036637402 0.076840241959253319
ur,tetrapga,11.00627982,0.330791357,0.24952774,0.031818368,34.310404,41.964615,4.2888005,1,0,0,1.721466961,0.007488364,1,0,0,0,0 0 0.050000000000000003,0 0 0.050000000000000003,0 0 0.050000000000000003,wrist_3_link,-1,0,0 0 0,0 0 0,,0.015257265183346979 -1.4823843476128553 0.014209471612359026 -1.603870708498369 -0.050461205212903301 -0.022430228469156207,0.010655200817955896 0.011525619076503364 -0.01423892081686497 -0.029075891424735059 -0.022149070680632387 -0.021543924694150323,0.120424782453594 -1.5681217809036878 -0.13507850660438264 -1.7826652785390986 -0.19732335694257572 -0.14567355540104063,-0.086439459642327354 -0.14210971443044487 -0.15704003103720818 -0.073098553629899837 0.035755216720279259 -0.08112450765484909,0.018138117879683113 -1.4822400171696131 0.0081114695909547396 -1.6128368403328066 -0.056924531344626536 -0.029111279435770517,0.16933901365309323 0.039482636788218214 -0.36660517732673825 -0.5595428032938371 -0.39678197844700402 -0.4208087667674984,14.864711538478197 -109.19443178158497 -54.375304866905076 -4.8405953559045436 0.90001217020920388 -0.026019192633888986,-0.14065130414377336 -10.500061287662902 -3.7109773284090011 -0.013830270073412976 0.10157066153102789 0.066513061036800991
ur,tetrapga,11.048354341,0.334491986,0.251688808,0.033691073,29.388024,37.164336,3.673503,1,0,0,1.806555578,0.043734563,1,0,0,0,0 0 0.050000000000000003,0 0 0.050000000000000003,0 0 0.050000000000000003,wrist_3_link,-1,0,0 0 0,0 0 0,,0.015723762338656331 -1.4818094748469024 0.013532793619621952 -1.6052693956541544 -0.051500349099930655 -0.023474887845404191,0.010038467827698154 0.013854495116816691 -0.014563382010282363 -0.030790336100142691 -0.022859095999717562 -0.023095285925053582,0.11668890849126477 -1.5741363525064933 -0.14164031355785614 -1.7856310356016962 -0.19569780127371933 -0.14903266804222973,-0.09112981789449498 -0.14376407915118947 -0.15483984737426257 -0.067858477556279592 0.041511596316252251 -0.078534432352166117,0.019539239304865952 -1.4822732064359785 0.0048871323894266504 -1.617323429098287 -0.060075348364714461 -0.032467623464780146,0.17514017814837549 -0.0041486582958423848 -0.40304215019187883 -0.56082359568614204 -0.39385212751179688 -0.41954300362696795,12.60173623517583 -103.65620852965165 -44.285863048206487 -3.2641135071533474 0.65487560694574032 -0.003390166638899962,-0.057322180849766369 -11.11805399847799 -3.9449097545400065 -0.017545092897307768 0.10660134610412797 0.071280030690438423
ur,tetrapga,11.085629404,0.336474824,0.248901405,0.041350222,34.453887,42.05489,4.306735875,1,0,0,1.831361371,0.00713263,1,0,0,0,0 0 0.050000000000000003,0 0 0.050000000000000003,0 0 0.050000000000000003,wrist_3_link,-1,0,0 0 0,0 0 0,,0.016408460482420662 -1.4811614907659827 0.012414994003179828 -1.6073644250756072 -0.053052795351527945 -0.025031186637161838,0.018454873942659968 0.014344302977160892 -0.031565249450052846 -0.055043226313448754 -0.040723985996942824 -0.040900193717687411,0.11321575342327612 -1.5795203373906437 -0.14737300629126221 -1.7880724482132604 -0.19405571999334958 -0.15191606885808956,-0.095210982983654366 -0.14509302376397101 -0.15272260710835797 -0.063121523626389217 0.046590879374027783 -0.076163078893926858,0.019109861611093751 -1.4815515330165789 0.0055869864886635631 -1.6167942695302977 -0.059551741768609195 -0.032160117323005222,0.14200146468179076 0.020726948049986947 -0.38300958845585353 -0.55629280541997206 -0.37345873881177882 -0.42633903400504702,14.495207380809559 -113.84091014963087 -56.292913248311137 -4.9198920180730727 0.91746602531413446 -0.025245598945496505,0.26931387249466354 -13.645573297808369 -4.8874993308625569 0.066669386472312908 0.17517769211225698 0.12613871448037628
ur,tetrapga,11.127800063,0.339296075,0.248581906,0.033023923,29.057625,36.614534,3.632203125,1,0,0,1.922293966,0.038318272,1,0,0,0,0 0 0.050000000000000003,0 0 0.050000000000000003,0 0 0.050000000000000003,wrist_3_link,-1,0,0 0 0,0 0 0,,0.017011225669743512 -1.4807065854493575 0.011314831480080438 -1.6092338466347538 -0.054398634046296135 -0.026433256813515178,0.01147017762984881 0.0089007247389833663 -0.021318364236860735 -0.036127248696048914 -0.025804512272046318 -0.027191520328691234,0.10910482001481737 -1.5856679896184636 -0.15375964239391932 -1.7906195565231922 -0.19197029725560477 -0.15506987485720158,-0.099739451044173727 -0.14643972184859749 -0.15013904663305455 -0.057661064841795326 0.052307180676388509 -0.073395609668397782,0.020276330093435758 -1.4817535723302786 0.0022202707426849998 -1.6212545499025268 -0.06251693968755892 -0.035560670621220106,0.14580856029364758 -0.025254914212942556 -0.42083946824916041 -0.55753504653091723 -0.37064973987022554 -0.42506916227840574,13.046481459336652 -107.73202186023684 -46.006789241023696 -3.3827748610071584 0.67728496877107458 -0.0035460934699524452,-0.092154010826334343 -10.897894711367371 -3.7450924777636239 0.03881298777378106 0.11063913620553478 0.083929204430397419
ur,tetrapga,11.164537064,0.3405692,0.247906868,0.039309453,36.322831,46.626501,4.540353875,1,0,0,1.931288522,0.021935916,1,0,0,0,0 0 0.050000000000000003,0 0 0.050000000000000003,0 0 0.050000000000000003,wrist_3_link,-1,0,0 0 0,0 0 0,,0.017738746562335542 -1.4802219753976817 0.009851038856684171 -1.6116568934598015 -0.056119680034130121 -0.028253200186891494,0.017643017485176639 0.0079465011278346733 -0.036992408218068706 -0.056994817194690815 -0.040368610065808851 -0.042791101952529935,0.10536947310410452 -1.5910671693776131 -0.15923145808598227 -1.7926491819947161 -0.18995770126380337 -0.15772081519521003,-0.1036038544933876 -0.14747576560308381 -0.14772738764897192 -0.052821377937557167 0.057255228835395799 -0.070913387835426042,0.019897709883997618 -1.4809679168145036 0.0028610538166570672 -1.6208517659835229 -0.062089914188293627 -0.035347582504807143,0.11127144451481832 0.0024821311840202871 -0.39682512288033034 -0.54950553779714539 -0.34645054093259725 -0.43008088759546814,14.291365089195661 -118.69616455846594 -58.537518672894599 -5.0537222912964292 0.94339891540897025 -0.025266113840833476,0.18486250915641733 -12.972119466333424 -4.4952177870738659 0.11689650161861209 0.16599241549612032 0.13199621491928326
ur,tetrapga,11.211293406,0.343602852,0.259168949,0.063294311,30.353481,38.249167,3.794185125,1,0,0,2.042476411,0.033579008,1,0,0,0,0 0 0.050000000000000003,0 0 0.050000000000000003,0 0 0.050000000000000003,wrist_3_link,-1,0,0 0 0,0 0 0,,0.018296566913962916 -1.4799345607195107 0.0085520760126098147 -1.6136631547627078 -0.057477069274366598 -0.029780718764475935,0.018282725729937173 0.015454393793142332 -0.042923967050212175 -0.074938913806115712 -0.050433826273343578 -0.057250994430460798,0.10041250971231787 -1.5979898785295066 -0.16606282179882731 -1.7949729185668646 -0.18713438282625292 -0.16096083158302699,-0.10840822981073642 -0.14860774387870901 -0.1444442007419619 -0.046557531952848633 0.063501822521844081 -0.067661008773752113,0.020803845424654271 -1.4813344718642898 -0.00063117838263870201 -1.6252580138974682 -0.064839926858345887 -0.038778010381340086,0.11326694258357632 -0.045819381224520624 -0.43652902491584988 -0.55078098924773644 -0.34375158375934745 -0.42880348456972917,13.542598873018713 -112.09121585419376 -47.86586418226463 -3.5124668871456053 0.70200689938643146 -0.0037243971588389636,1.577378305748482 -14.034958842566994 -9.4941465973783927 -2.4280340083332703 -0.92757418452893603 -1.2269525727627126
ur,tetrapga,11.249660635,0.344998014,0.249299442,0.036615973,37.299603,45.309588,4.662450375,1,0,0,2.043932195,0.032374218,1,0,0,0,0 0 0.050000000000000003,0 0 0.050000000000000003,0 0 0.050000000000000003,wrist_3_link,-1,0,0 0 0,0 0 0,,0.018899278892351809 -1.4795689657526745 0.0069835340331584287 -1.6160555377982755 -0.059083485177087162 -0.031615243775893614,0.013620645242651093 0.0047050198660308802 -0.036253015432800101 -0.052360266268400422 -0.035020820534973511 -0.040059968771505312,0.096179175967328348 -1.6037067987967584 -0.17155018587835688 -1.7966592660971983 -0.18460045481177698 -0.16350436413053579,-0.11225090275973505 -0.14937906770159234 -0.14157387609945052 -0.041336388653904724 0.068578382880821215 -0.064916651398911646,0.020467098182888256 -1.4805620544259757 -8.7344216002675432e-05 -1.6249715819131931 -0.064486964350615822 -0.038655224339628702,0.076942003049493626 -0.013791952188088027 -0.40794025516178978 -0.5393507581697089 -0.31565729161511913 -0.43232465762959904,14.153026949661646 -124.24515003884821 -61.158042563875981 -5.2205423153144288 0.97531306382898764 -0.025485652806943929,0.085465810365434436 -12.083270984514456 -4.0385832573389751 0.1315728261743061 0.14032699403607296 0.12359577272145827
ur,tetrapga,11.295101648,0.348028513,0.260991685,0.273839394,28.707329,36.188522,3.588416125,1,0,0,2.150681,0.050747359,1,0,0,0,0 0 0.050000000000000003,0 0 0.050000000000000003,0 0 0.050000000000000003,wrist_3_link,-1,0,0 0 0,0 0 0,,0.019301233138249545 -1.4793669573385955 0.0057543327752765583 -1.6178475519469377 -0.060217613651492696 -0.033010028509015146,0.012400565122041062 0.012342925778675967 -0.036156599601373782 -0.067197675854362759 -0.041936621756978432 -0.051464146259260601,0.090977229402291263 -1.61051204474739 -0.17790244156132215 -1.7983955010485748 -0.18134878249166 -0.1663788059726948,-0.11668049843967185 -0.15010731766157309 -0.13797243131019493 -0.035065632712185907 0.074525247975227943 -0.061581371468569263,0.021083515603794255 -1.4810798569030661 -0.0036862592462784515 -1.6292970452705351 -0.066991657431523702 -0.042103659039023134,0.077052177615625564 -0.064725309639350678 -0.44986437879259566 -0.5406829196768308 -0.31308663511868307 -0.43105433743054511,14.13231091411626 -117.1129258190991 -50.016326974322993 -3.6640279446313349 0.7311059473118513 -0.0039326714147526623,3.8030900025285206 -10.994778335374576 -15.148188141218519 -15.335006087632792 -5.4256571633834625 -6.7858414437814787
ur,tetrapga,11.331366787,0.349488429,0.253280723,0.038245895,33.994443,41.646174,4.249305375,1,0,0,2.145891257,0.007132609,1,0,0,0,0 0 0.050000000000000003,0 0 0.050000000000000003,0 0 0.050000000000000003,wrist_3_link,-1,0,0 0 0,0 0 0,,0.019708138549534512 -1.4790402861118397 0.0043307572281453535 -1.6199740596978467 -0.061560239715652582 -0.034677146065666499,0.010602839184504503 0.0047287603436493098 -0.037873214955605923 -0.053220654287377614 -0.033460039333501751 -0.041638101528370691,0.086683207151317068 -1.615964005045271 -0.18285152508720132 -1.7995754489337417 -0.17856092766835527 -0.16856280903022097,-0.12011734809933571 -0.15054338220207644 -0.13494384847185251 -0.029999014759485628 0.079214347530373666 -0.058855792963813831,0.02072519727589479 -1.4802895184875793 -0.0030146420766256317 -1.6288498704790499 -0.06654032214337155 -0.041855957393865204,0.041171274905866605 -0.028680872519129135 -0.417111383453179 -0.52678974936646372 -0.28304669622790268 -0.43319435519629051,14.076680799909949 -130.02096466540777 -63.751887028477633 -5.3751480624153061 1.0058049478271587 -0.025402958755638399,0.18242602749356251 -12.621145467483984 -4.1814489576164338 0.13439087387087056 0.13584116835249915 0.128443060651378
ur,tetrapga,11.373078459,0.352099614,0.252807005,0.027606352,28.579027,35.997225,3.572378375,1,0,0,2.233761256,0.083582088,1,0,0,0,0 0 0.050000000000000003,0 0 0.050000000000000003,0 0 0.050000000000000003,wrist_3_link,-1,0,0 0 0,0 0 0,,0.019996336759975471 -1.4789064473593028 0.003114747717732898 -1.6216401190706147 -0.062551981110345586 -0.036001515765987903,0.0053314048086133851 0.0038234166975988351 -0.024145644690511177 -0.033658348288767917 -0.019695389283196429 -0.026944910705711807,0.081592380009652327 -1.622251137008256 -0.18840475489492689 -1.8007041492241154 -0.17514545331180312 -0.17095124218205315,-0.1239584051004247 -0.1508847008098716 -0.1312942269424251 -0.024109653513525002 0.084538699532721848 -0.05565351457158476,0.021041478140867223 -1.4809490206621518 -0.0067030056723720354 -1.6330751864120894 -0.068785261668152242 -0.04531146617056632,0.039535108125063341 -0.082437771828768103 -0.46104544948520898 -0.52816449164799606 -0.28061744060709015 -0.43193859710011129,14.763309448861694 -122.31249812507679 -52.229373862026513 -3.8204761723933012 0.76132222097561264 -0.0041403273565336742,-0.28922171151032217 -9.1100961831816676 -2.7278423778309921 0.12650980373746279 0.069909123275920138 0.083222090304985841
ur,tetrapga,11.409182913,0.353318038,0.256031949,0.038686561,28.748792,36.390312,3.593599,1,0,0,2.328390299,0.027785164,1,0,0,0,0 0 0.050000000000000003,0 0 0.050000000000000003,0 0 0.050000000000000003,wrist_3_link,-1,0,0 0 0,0 0 0,,0.020288127612415274 -1.478616371168497 0.0015608100979821844 -1.6238750080250599 -0.063862377380336025 -0.037792683334713341,0.0075049311086833447 0.0032979857845461791 -0.040856097844998253 -0.054659595704050157 -0.031920052127533016 -0.043771432149408367,0.077058430733761743 -1.6277019592871818 -0.19308588143430561 -1.8014818472228709 -0.1720110143217439 -0.17290968693349457,-0.12718323202071549 -0.15104111524355274 -0.12799442671581357 -0.018963753775308196 0.08908258458454997 -0.05282571314861001,0.021398995299780239 -1.4820470564477377 -0.010590085437021529 -1.6372986094877473 -0.071009560361496582 -0.04875370954593336,0.044689644869905759 -0.13725447321376338 -0.48588497061560793 -0.5279278844931734 -0.27803733668614372 -0.4302804219457762,14.084480630049546 -112.77603646572528 -47.040672943159336 -3.4029038894225216 0.68085309926785209 -0.0032891036764082088,0.22908606409419008 -12.766565087328672 -4.1469981005441063 0.15400343206238176 0.12874957895587613 0.13501642988946116
ur,tetrapga,11.445680931,0.355388691,0.253975746,0.02670032,28.706177,36.024034,3.588272125,1,0,0,2.437766179,0.030309382,1,0,0,0,0 0 0.050000000000000003,0 0 0.050000000000000003,0 0 0.050000000000000003,wrist_3_link,-1,0,0 0 0,0 0 0,,0.020455024696587935 -1.4785509666446508 0.0003788577487167458 -1.6254033947996072 -0.064697500767804283 -0.039038084207194734,0.0033700194619076308 0.0023209748125920596 -0.026691253638028462 -0.034900512821400623 -0.018733133321764149 -0.028611795505635491,0.072358474777313955 -1.6332155478710235 -0.19769457012393493 -1.802078431923374 -0.16867684450325204 -0.17478478022518701,-0.1303460813332315 -0.15106765435568789 -0.12452860627376579 -0.013721190580692015 0.093610161830870744 -0.049916376934598251,0.020050114467361605 -1.4781564183213884 -0.0025035896447891683 -1.629300500381021 -0.066334883854857182 -0.042503800641801322,-0.050613778653291322 0.049318540407803549 -0.36030592418823937 -0.48713819767674776 -0.20467288588161231 -0.43321455432582306,13.627154912376879 -161.60766874531589 -87.440308774669177 -7.8062082062583977 1.4166611833984861 -0.048525583132458708,-0.30857184842174945 -8.8111056156094492 -2.5082272260836458 0.15875213499748497 0.061749091542992574 0.088372052587089911
ur,tetrapga,11.481801706,0.356837023,0.259531778,0.040579804,28.546797,35.857492,3.568349625,1,0,0,2.430367666,0.032051923,1,0,0,0,0 0 0.050000000000000003,0 0 0.050000000000000003,0 0 0.050000000000000003,wrist_3_link,-1,0,0 0 0,0 0 0,,0.020587177697676894 -1.478328063092343 -0.0010772360370764321 -1.6274103704140868 -0.065779140893601915 -0.040687840902423958,0.0038489986544510651 0.0030070705224368166 -0.044210406373986197 -0.057118534340502777 -0.030673329702586131 -0.04694580227306154,0.067595226372240219 -1.6386707361784707 -0.20212878979375551 -1.8024798062772625 -0.16521569061358152 -0.17653506895622215,-0.13337741457058655 -0.15096334807220754 -0.12097257310206012 -0.0084973351277142471 0.098021317566156327 -0.046988939263241311,0.019538241052038378 -1.4782674432431342 -0.0059783561348417946 -1.6332133134687243 -0.067969653718257472 -0.04597612871533284,-0.063984176915403188 -0.013878115218210862 -0.43434581125657828 -0.48910163596290596 -0.20434623292503545 -0.43404100919143962,18.129484152074617 -154.15587846493233 -67.24228805697787 -4.9640948904246347 0.98425355867855469 -0.005933925902279643,0.34614256352324446 -13.391335477335815 -4.3185809501227439 0.16364836274533445 0.12596788265940972 0.14478450855300196
ur,tetrapga,11.517730166,0.35711657,0.262974326,0.045330776,28.657772,36.135498,3.5822215,1,0,0,2.453139158,0.027214923,1,0,0,0,0 0 0.050000000000000003,0 0 0.050000000000000003,0 0 0.050000000000000003,wrist_3_link,-1,0,0 0 0,0 0 0,,0.020760256808257563 -1.4782727896414118 -0.0031909950623872172 -1.6301332587022199 -0.067237602505338417 -0.042922498553061426,0.0052218869636738397 -0.0054819727090773835 -0.06068375335847382 -0.072306047754041924 -0.038479251853526006 -0.059206810275375304,0.062750511088378785 -1.6440908199891391 -0.20640978105176741 -1.8026912977852858 -0.1616162020586176 -0.17817031533068942,-0.136292516088417 -0.15073052870067422 -0.1173138635798489 -0.0032709281751235036 0.10233595370372069 -0.044031580049241931,0.019056335106681446 -1.4789383259953306 -0.0097287844726335164 -1.6371345934496115 -0.069574606609659403 -0.049429921099622277,-0.060238243169616748 -0.08386034402454022 -0.46880354222396525 -0.49015999761090262 -0.20061911142524158 -0.43172404803617953,18.016243235596676 -142.66046064274056 -59.992497622906143 -4.3801991674568717 0.87767385598919168 -0.0043718270873801795,0.58545154000103139 -14.959156204417013 -4.8442423801554071 0.22272697491644067 0.15730369364075614 0.1825607389826871
ur,tetrapga,11.55396144,0.360591326,0.260210948,0.013884817,28.67363,36.110523,3.58420375,1,0,0,2.506160879,0.092298206,1,0,0,0,0 0 0.050000000000000003,0 0 0.050000000000000003,0 0 0.050000000000000003,wrist_3_link,-1,0,0 0 0,0 0 0,,0.020736420796214537 -1.4786158392199413 -0.0036291687409500777 -1.6302996431857102 -0.067187718565445767 -0.043102085063355597,-0.0030861833494562588 0.0015125948735951445 0.0062270882740249958 0.0093652140378324596 0.0089898561670293722 0.0060725195844096892,0.05776076451696073 -1.6495457580664379 -0.21059155998447621 -1.8027139314260252 -0.15783078978730872 -0.1797109445549529,-0.13912858798418484 -0.15036528513519376 -0.11350439804922907 0.0020254774149253388 0.10660890462770702 -0.041005417242587182,0.018636613230227625 -1.4801325350637333 -0.013695253244217099 -1.6410574448700286 -0.071156566535697061 -0.052867062518179561,-0.052465234556727608 -0.14927613355035055 -0.49580859644794778 -0.49035642755212627 -0.19774499075470703 -0.42964267731966022,16.805671263489543 -131.32029408261417 -54.730780359149804 -3.9720204909450842 0.79706786624125869 -0.0038349306227925383,-1.8020790292266469 2.1301617962326418 2.0827225954489261 0.24270782783787581 -0.097905944572374892 -0.018281498522782158
ur,tetrapga,11.590171327,0.364088103,0.266854439,0.03082521,28.560756,35.889029,3.5700945,1,0,0,2.587387592,0.102130489,1,0,0,0,0 0 0.050000000000000003,0 0 0.050000000000000003,0 0 0.050000000000000003,wrist_3_link,-1,0,0 0 0,0 0 0,,0.020448826465557294 -1.4780203886213352 -0.0039377268744886377 -1.6309447970854483 -0.067323138696279247 -0.043758556797658311,-0.0090070622609162172 0.02047843353427628 -0.011547857337368385 -0.02282826651383775 -0.0066155167940440121 -0.022516300555737001,0.052673218974225569 -1.6549818841793209 -0.21463083753750567 -1.8025444264697801 -0.15389441661775341 -0.18114035451702909,-0.14185660332894848 -0.14986936431135536 -0.10957988843630681 0.0073400240669237136 0.11079679131305258 -0.037939144304732345,0.018281333645487265 -1.4818064972438603 -0.017852863214571829 -1.6449790889148252 -0.072718405121157417 -0.056288623521896425,-0.044409948092545018 -0.20924527251585434 -0.51970124629434111 -0.49020550559957354 -0.19522982318254473 -0.42769512546460842,15.423634683662115 -120.56173471455939 -50.000654431499925 -3.6067591713435667 0.72330452192737482 -0.0034619178781808198,-0.064387995887415173 -10.172319203653387 -3.0316653413940635 0.058075587154235109 0.02942853810677093 0.069504329034160151
ur,tetrapga,11.626149943,0.366342684,0.267625597,0.047094013,28.614844,35.975101,3.5768555,1,0,0,2.694265378,0.042125146,1,0,0,0,0 0 0.050000000000000003,0 0 0.050000000000000003,0 0 0.050000000000000003,wrist_3_link,-1,0,0 0 0,0 0 0,,0.02003670235610085 -1.4772545457795805 -0.0049596023073007816 -1.6325325567858195 -0.067905189298352944 -0.045234112967527121,-0.011295872368750692 0.017208222965443963 -0.033205373392251512 -0.046150504844054543 -0.017155408360400918 -0.042601511097413322,0.047522264809659542 -1.6603631693958005 -0.21850152159722069 -1.8021850963950978 -0.14983452709265799 -0.18244995118560628,-0.14445952124087297 -0.14924711426382872 -0.10556740699437007 0.012636936944773802 0.11487208273316953 -0.03485311161812827,0.017986220195502067 -1.4839183100371967 -0.022182900538401905 -1.6488978483979257 -0.074261464446669048 -0.059695154514680299,-0.03688918124814989 -0.26397659916704197 -0.54125466547875956 -0.48984493538756402 -0.19288241568895373 -0.42581637409798456,14.075190901361964 -110.390228994637 -45.569495883242993 -3.2646703112936009 0.65387020658423345 -0.0031336161227563455,0.70371167591110861 -15.541024177150575 -5.1624206684701903 0.044002041167004791 0.094797829590589799 0.13129425385974969
ur,tetrapga,11.662221133,0.367343372,0.267067805,0.051969055,28.563394,35.910198,3.57042425,1,0,0,2.770138561,0.073210128,1,0,0,0,0 0 0.050000000000000003,0 0 0.050000000000000003,0 0 0.050000000000000003,wrist_3_link,-1,0,0 0 0,0 0 0,,0.019573287836683054 -1.4767918102370439 -0.0067584032077922457 -1.6348542242576265 -0.068804403104846854 -0.047337631996843821,-0.011333422141636232 0.0036782870375989471 -0.053668905905824224 -0.062361633126588052 -0.0241187005830708 -0.056142241788368921,0.042266021538898885 -1.6657334946096096 -0.2222352534923337 -1.8016333074509627 -0.14561861036696977 -0.18365078050315897,-0.14695913617455761 -0.14849389527254347 -0.10143468989498958 0.017959034654294399 0.11886792118099375 -0.031721938393549483,0.018397157597555239 -1.476659989992021 -0.0096495667895910159 -1.6382611721334994 -0.069627609903723617 -0.050670299617440989,-0.14701627989097693 0.016477530627851861 -0.36139544772484616 -0.4258684844841103 -0.10290084985959477 -0.41658345257464596,11.800708140703025 -177.1396964492593 -92.936128471527041 -7.8859616030768569 1.4447135185744777 -0.043226761358373597,0.95030825730421498 -17.149788146330138 -5.6901024052992994 0.10777823196440295 0.12403002939706198 0.17301878164020934
ur,tetrapga,11.69819855,0.367352263,0.268523552,0.051417394,28.62962,36.307627,3.5787025,1,0,0,2.744312042,0.009596148,1,0,0,0,0 0 0.050000000000000003,0 0 0.050000000000000003,0 0 0.050000000000000003,wrist_3_link,-1,0,0 0 0,0 0 0,,0.01914337027287237 -1.4768818245952884 -0.009156379269139996 -1.6375745665552641 -0.069872956916947421 -0.049764112543920165,-0.01055056577681864 -0.012929668114719101 -0.072124223110033567 -0.074664248346269335 -0.029100358574141283 -0.066245859903878712,0.036935637840499663 -1.6710604766334154 -0.22580886310850631 -1.8008915903835878 -0.14127175472024714 -0.18473534774585776,-0.14934037577048692 -0.14761392172096802 -0.097206375323931019 0.023274063684448697 0.12275973447993579 -0.028563990842652456,0.01706547897275279 -1.4770989581576535 -0.013162443473164961 -1.6416630739946114 -0.070468420609090032 -0.054031324759050002,-0.16645982810030591 -0.054871020704072446 -0.43910958544674306 -0.42523773263899756 -0.10510133817080236 -0.42012814270112636,19.675925786706625 -167.60176262769497 -72.886614306876425 -5.3516145591281541 1.0575479013473399 -0.0064433498934875315,0.95610875493809999 -16.967739960244216 -5.4592579258683855 0.20523808556845324 0.13521165751441799 0.204196330305777
ur,tetrapga,11.734607535,0.366288522,0.271329391,0.04712848,28.548691,35.863289,3.568586375,1,0,0,2.740253534,0.014268401,1,0,0,0,0 0 0.050000000000000003,0 0 0.050000000000000003,0 0 0.050000000000000003,wrist_3_link,-1,0,0 0 0,0 0 0,,0.018739502722789694 -1.47760149411551 -0.012241295312546467 -1.6407501113809062 -0.071119025803597233 -0.052567291378402138,-0.0090848477025017513 -0.030209910517160862 -0.0868156994193586 -0.082413992238435457 -0.032049552719106172 -0.072372237674389231,0.031456189694790353 -1.6764167608828207 -0.22926855952214856 -1.799946249386734 -0.13673199521412327 -0.1857166481348296,-0.15163430513093074 -0.14659295576074308 -0.092822667664074279 0.028654859891995014 0.12659910043686423 -0.02533492570564861,0.017362872033664 -1.4778449094513861 -0.015195992312360152 -1.6439143430452032 -0.071623233826850943 -0.055777264720297766,-0.17207883614071159 -0.030426916984513223 -0.36933712497671067 -0.39552895803713584 -0.063026002906713396 -0.40124666773695311,10.289238588692323 -172.91612474513315 -89.789279208084366 -7.4662421193278226 1.3712153088481551 -0.039231385676561224,0.79866179388771741 -15.552398276458916 -4.7159515567270489 0.3141748548605392 0.1319044235201261 0.22314054634789215
ur,tetrapga,11.770534901,0.369266591,0.264159145,0.044626093,28.651733,35.97043,3.581466625,1,0,0,2.721156508,0.167758056,1,0,0,0,0 0 0.050000000000000003,0 0 0.050000000000000003,0 0 0.050000000000000003,wrist_3_link,-1,0,0 0 0,0 0 0,,0.018816300938113397 -1.4785720925666541 -0.012778182210645759 -1.6405953927880432 -0.070884115711175089 -0.052452504857791175,0.0025506715864910857 -0.0058007016631759023 0.013712443209840641 0.021918527557568922 0.013461408977651638 0.018091809721664853,0.025969446112776819 -1.6816634409973139 -0.23252422746027926 -1.7988214105406521 -0.13211708250294196 -0.18656916581660801,-0.15378162109914906 -0.14545740246628608 -0.088397221904353548 0.033961658268213381 0.13028615050225803 -0.02211805517283635,0.015781540102293375 -1.4786573400452669 -0.018739150915595644 -1.6471067156799089 -0.072110624020907663 -0.058976391143507799,-0.19766649142132828 -0.10155382423509743 -0.4428948254044367 -0.39904657933819809 -0.060923774257090293 -0.39989080290125395,18.892953579753623 -163.10272010693291 -70.765682135207513 -5.1777595474473257 1.0209535114982544 -0.0062264481471088961,-3.2076281144451713 12.467596779840278 6.6939139627768967 0.5371444639058609 -0.18860048635858107 -0.055017723948978414
ur,tetrapga,11.806601732,0.373149348,0.27530467,0.021024888,28.675153,35.965018,3.584394125,1,0,0,2.735198101,0.270633488,1,0,0,0,0 0 0.050000000000000003,0 0 0.050000000000000003,0 0 0.050000000000000003,wrist_3_link,-1,0,0 0 0,0 0 0,,0.018463894762971507 -1.4779814161200682 -0.012707770579556542 -1.6407286346338641 -0.070698538307848197 -0.052722674573356637,-0.013087623124771916 0.025087674671381691 0.00016746592438658447 -0.009637093683219175 0.0024253443674708153 -0.013287973989693145,0.020385927740971234 -1.6868871570906059 -0.23563087098000554 -1.7975005572853375 -0.12735289943310951 -0.18730823035100577,-0.1558191846341733 -0.14419009398486196 -0.083858538622724507 0.039281432664285978 0.13388239166671531 -0.018860483257907682,0.014231936678540467 -1.4800645964044328 -0.02257893254399319 -1.6503041973471952 -0.072583061064967619 -0.062161498346880895,-0.19370042796911352 -0.17590704489573938 -0.47997270354969318 -0.39968520841079319 -0.059054630507495327 -0.39813840042163678,19.260113935076593 -150.53545531218728 -63.07672007867059 -4.576876855009024 0.91604241076550252 -0.004679108659497536,-0.4541837989609121 -6.9382129471141525 -1.4841249720286172 0.11627223596133263 -0.02756292929032611 0.0411235752796415
ur,tetrapga,11.842632996,0.376413106,0.283133744,0.042504444,28.685463,36.218526,3.585682875,1,0,0,2.779759066,0.290686929,1,0,0,0,0 0 0.050000000000000003,0 0 0.050000000000000003,0 0 0.050000000000000003,wrist_3_link,-1,0,0 0 0,0 0 0,,0.018094906403269339 -1.4770231013735979 -0.012993430636614381 -1.6415804870008344 -0.070928647250638868 -0.053567770690517671,-0.0084178538206897864 0.022844221080080447 -0.0093263593391796108 -0.023270991403486173 -0.0071813958302213848 -0.022433580807337778,0.014736692358876924 -1.6920577965186216 -0.2385693199209625 -1.7959896322853548 -0.12246585038580922 -0.18792877524174117,-0.15773477158981417 -0.14279736707291382 -0.079231886355401918 0.044583542960041786 0.13736634568741238 -0.015580192297845675,0.012753035108522288 -1.4820269967878736 -0.026650328429588668 -1.6535021952692361 -0.073040825486205621 -0.065332475405112875,-0.18486269625227245 -0.24530004793010976 -0.50892448569943471 -0.39974974025512128 -0.057220552654750026 -0.39637213227899826,17.996950516600986 -138.25153900165532 -57.387056677307513 -4.1402394370245901 0.8308962612040165 -0.004099405861034161,0.50211873367202031 -14.026466472416359 -4.4642737023854124 -0.022343858258864202 0.047873418277646351 0.06910387291718223
ur,tetrapga,11.878918851,0.378668603,0.277196971,0.050301353,28.599123,35.905688,3.574890375,1,0,0,2.854396864,0.249344408,1,0,0,0,0 0 0.050000000000000003,0 0 0.050000000000000003,0 0 0.050000000000000003,wrist_3_link,-1,0,0 0 0,0 0 0,,0.017455926131801053 -1.4763347952324695 -0.013963373144118524 -1.6430084205592641 -0.071255241560434904 -0.054979511741269971,-0.018684964599780141 0.012966347899630982 -0.03275284033553072 -0.041051985334212587 -0.0088793296290724244 -0.040581424648231057,0.0089800062563899202 -1.6972119527318548 -0.24135842315435679 -1.7942752602381364 -0.11741944676758054 -0.18843381738350978,-0.15954095260754098 -0.14126770066812014 -0.074482954424263947 0.049905724140149758 0.14076155872056109 -0.012252877216588869,0.011346239478781685 -1.4844981399042665 -0.030925572894567696 -1.6566986830721615 -0.073484550130166248 -0.068489582801904966,-0.17584945371757529 -0.30889288954910871 -0.53440555812237855 -0.39956097536568386 -0.055465580495079062 -0.39463842459901133,16.514310626355858 -126.58974743491899 -52.274122973626817 -3.7485500603952486 0.75225560190488272 -0.0036968569210850321,0.91897453919541761 -16.599446411076315 -5.3841614803026374 0.018908990668933257 0.067772352440925943 0.12500694347559715
ur,tetrapga,11.914923275,0.379695557,0.273577856,0.051506506,28.541892,36.140099,3.5677365,1,0,0,2.955912079,0.154960156,1,0,0,0,0 0 0.050000000000000003,0 0 0.050000000000000003,0 0 0.050000000000000003,wrist_3_link,-1,0,0 0 0,0 0 0,,0.016511787049286002 -1.476098942083288 -0.015744212262941384 -1.6450034097747612 -0.07163828055551355 -0.056961796940385376,-0.024924572954753865 -0.0029978166320313989 -0.053558306691128481 -0.053310966968121501 -0.00978140668259855 -0.052794250534735937,0.0032054162928492691 -1.70226901114449 -0.24395402853726558 -1.7923836893109306 -0.11229249449434442 -0.18881521731345871,-0.16120953014531997 -0.1396247803447199 -0.069685835143283151 0.055164578251468588 0.14401462170844417 -0.0089300634711186062,0.010006388141852833 -1.4874330971140457 -0.035384155780199669 -1.659892230856302 -0.073914743729031743 -0.071633050880442944,-0.16748141711610651 -0.36686965122240223 -0.55732286070399673 -0.39919347301756897 -0.053774199858187204 -0.39293350981724717,15.065325671356545 -115.55307988138946 -47.483433668638995 -3.3817974011926668 0.67819488804180716 -0.0033435547282612797,1.0283488770946008 -16.997146832355611 -5.3882852419838514 0.096147288734755421 0.070722068236278801 0.16267157105407648
ur,tetrapga,11.951155435,0.379807496,0.273716527,0.049954267,34.050615,41.521128,4.256326875,1,0,0,2.808142223,0.01594225,1,0,0,0,0 0 0.050000000000000003,0 0 0.050000000000000003,0 0 0.050000000000000003,wrist_3_link,-1,0,0 0 0,0 0 0,,0.015430213373078497 -1.4764563519086742 -0.018121321538556261 -1.6472901978171066 -0.072031318352721113 -0.059232344735173088,-0.028817284234663492 -0.020515021774759664 -0.071741127851417494 -0.062686313095373647 -0.010403745700113496 -0.061936859537095934,-0.0026640759548398644 -1.707296083060525 -0.246390205842524 -1.7902894849956614 -0.10701703010946904 -0.18907790479525208,-0.16276280632997475 -0.13784671146216743 -0.06477682742214616 0.060429706358128811 0.14716850318121472 -0.0055671911655465105,0.010995725354102159 -1.4838129547370023 -0.030440963480296714 -1.656447584712281 -0.073007382141489205 -0.068486171981269217,-0.21532192542043835 -0.23352877820527357 -0.46102810261484367 -0.35704629694710238 -0.0042938875765967336 -0.38168427168265073,11.13905284823961 -146.93427222915918 -69.68355345044175 -5.3772158073083798 1.0162997759267169 -0.01980110438196046,1.0125176362448585 -16.484908128893039 -5.0171904409781973 0.18455150359568506 0.066781302864711733 0.19089116783254667
ur,tetrapga,11.99275891,0.378858112,0.274860672,0.041229886,28.62813,36.02973,3.57851625,1,0,0,2.898500071,0.179458283,1,0,0,0,0 0 0.050000000000000003,0 0 0.050000000000000003,0 0 0.050000000000000003,wrist_3_link,-1,0,0 0 0,0 0 0,,0.014099391632785674 -1.477638154878985 -0.021514804868385147 -1.6501980121231659 -0.07249380976466252 -0.062108269917561743,-0.028799833725248407 -0.039865284646524245 -0.084473920765022262 -0.065936529325663809 -0.010102319972811672 -0.064792303364207549,-0.0094699838331140738 -1.7129858992663307 -0.24896624740465603 -1.7876503046026868 -0.10082157288103535 -0.18922883998407025,-0.16438872540020519 -0.13565220731050764 -0.059044407433568272 0.06643575511540839 0.15063764517438691 -0.0016853389738366639,0.0091770810277015079 -1.4861860972213636 -0.034522057664223588 -1.6593047878745073 -0.0730396010493818 -0.071542229067802318,-0.22733054080008144 -0.29664281054517566 -0.51013677299085902 -0.35715039527829301 -0.0040273634865735852 -0.38200713581663698,16.55133613622808 -136.18034386317828 -57.738027302303195 -4.1533680205488066 0.8220006823409145 -0.0047813640147937337,0.66603741070917266 -13.605862480576434 -3.6575117093585163 0.31130800578193885 0.044191816068178014 0.19979013681307833
ur,tetrapga,12.028897704,0.376935347,0.278992711,0.034511964,28.536845,36.022167,3.567105625,1,0,0,2.99755536,0.040318998,1,0,0,0,0 0 0.050000000000000003,0 0 0.050000000000000003,0 0 0.050000000000000003,wrist_3_link,-1,0,0 0 0,0 0 0,,0.012826603740066306 -1.4793788245073456 -0.025136963625759772 -1.6530737342476207 -0.072923695693277515 -0.064944055499272846,-0.028910607723580884 -0.05683923115481266 -0.095950550268358428 -0.069421765463763732 -0.010016603718867837 -0.067916688558168639,-0.015434204772063696 -1.7178517564523703 -0.25100886165850916 -1.7851557250589347 -0.095325323821140201 -0.18922858346310206,-0.16566277211230215 -0.13361478228817811 -0.053986573339142183 0.071613144657297845 0.15351553416827951 0.0017016401873046472,0.0073956777373173702 -1.4890576583739199 -0.038828694558265098 -1.6621680259226037 -0.073052414190669213 -0.074579993233228239,-0.22267541129801721 -0.35894514406952793 -0.53832961175518845 -0.35790475601204047 -0.0016016426609258652 -0.37972052067823975,16.13827687781906 -124.57810630722915 -51.4977154097175 -3.6780183470473622 0.73633397585897087 -0.003776344948003294,0.42017203343216636 -11.388948113631159 -2.5878899363165289 0.41762901347192383 0.026748498185241942 0.20949250355073445
ur,tetrapga,12.0650221,0.376994186,0.26287786,0.027258909,34.056838,41.454517,4.25710475,1,0,0,2.867313161,0.017021751,1,0,0,0,0 0 0.050000000000000003,0 0 0.050000000000000003,0 0 0.050000000000000003,wrist_3_link,-1,0,0 0 0,0 0 0,,0.012345422191489141 -1.4811928749147514 -0.027335909154984551 -1.6543044745382667 -0.072974214354600622 -0.066167999353341694,-0.0093632970090295493 -0.03603721850633957 -0.042192977420228123 -0.023224326024408312 0.00021035343627657935 -0.023540084219201167,-0.021439722697539174 -1.722639908994168 -0.25286673804137177 -1.7824758893477981 -0.089729645647216194 -0.18910578543465506,-0.16680647296090945 -0.13145773083712378 -0.048862297265670047 0.076746568393483872 0.15626323846146506 0.0050986792055113398,0.0077588148177668206 -1.4870739703070135 -0.036595896872390093 -1.6606973365812461 -0.072595506988318209 -0.073252718028864711,-0.26396689332955442 -0.24358795783471948 -0.43919937697065897 -0.30763579385134765 0.052225910539590061 -0.35984021694746871,10.478538554908731 -150.72909402488125 -71.632750894063008 -5.4640218660439999 1.0310386051942848 -0.019965920080798442,-1.9192600909434603 4.8535466906505462 4.088836292118657 0.6446948348711885 -0.11130469296193723 0.073132720311946287
ur,tetrapga,12.10654619,0.377810151,0.2717554,0.020539313,28.58261,35.872764,3.57282625,1,0,0,2.954821288,0.193921779,1,0,0,0,0 0 0.050000000000000003,0 0 0.050000000000000003,0 0 0.050000000000000003,wrist_3_link,-1,0,0 0 0,0 0 0,,0.011424114134833423 -1.4822477598935453 -0.029415247513174442 -1.6558478555951912 -0.072989140318399995 -0.067808816214366949,-0.021923734700852914 -0.024655611558541023 -0.048964724543086889 -0.035585974169731444 -0.00032841943355344221 -0.037907721927400273,-0.028390745498514953 -1.7280445836774971 -0.25477204797330955 -1.7791675220328376 -0.083178156044610083 -0.18881280305105935,-0.16795925318494614 -0.12883141378500609 -0.042892995277225683 0.082589473154630028 0.15925866066856348 0.0090144308888567316,0.0055289342188329441 -1.4895434617563632 -0.040521076977430459 -1.6631637562796304 -0.072174127953171047 -0.076130614283970111,-0.2787350748667346 -0.30868643116871158 -0.49064751313004529 -0.30830246229803326 0.052672379393394808 -0.35973703188817524,16.983353555816446 -139.53410362596426 -59.17423280209622 -4.2496629070524499 0.8402694852780952 -0.004973425021527542,-0.2237970195714496 -6.7779731973705566 -0.79700285416792838 0.35530594367173762 -0.034191041462406702 0.11704130283121117
ur,tetrapga,12.14251284,0.377868445,0.276810221,0.034356839,28.626586,35.954699,3.57832325,1,0,0,3.051247108,0.088829645,1,0,0,0,0 0 0.050000000000000003,0 0 0.050000000000000003,0 0 0.050000000000000003,wrist_3_link,-1,0,0 0 0,0 0 0,,0.010258463548697293 -1.4832104784383506 -0.031672740856594994 -1.6576205851457084 -0.073010294031336659 -0.069713585839187991,-0.029534975601590858 -0.034422697708249295 -0.06470178474876416 -0.04632302682358308 -0.00037507749968458676 -0.049410798878089995,-0.034447490022292075 -1.7326354039660288 -0.25622081135916208 -1.7761068749175812 -0.077405680101700514 -0.18842748423434041,-0.16881663739463953 -0.12643143349340608 -0.037659050579555597 0.087595183601700266 0.16170931753372655 0.012412838170545252,0.0033380850760460316 -1.4925259697837334 -0.044681322816876631 -1.6656372327688014 -0.071736322227755611 -0.078990811540373407,-0.27385614284836401 -0.37281350342127373 -0.52003072993077137 -0.30918456114636905 0.054725715676929909 -0.3575246570504122,16.657470438929032 -127.55482934916508 -52.679662520122648 -3.757249720983336 0.75247936448188457 -0.0039150568732078733,0.48125641370572936 -11.337756967262976 -2.6182347731918014 0.28574338602902571 -0.0057008074364546246 0.15236102077835767
ur,tetrapga,12.17856231,0.378630546,0.271914506,0.011483074,34.201161,41.547025,4.275145125,1,0,0,2.935791367,0.011554751,1,0,0,0,0 0 0.050000000000000003,0 0 0.050000000000000003,0 0 0.050000000000000003,wrist_3_link,-1,0,0 0 0,0 0 0,,0.0095386106991411784 -1.4843589489598779 -0.033407899318706177 -1.6586733142669694 -0.072901987894341866 -0.070870815888944505,-0.015587637555679448 -0.024790600326950869 -0.03657128707186786 -0.021546612269867167 0.0034914571824944929 -0.024186050996305546,-0.040546742470596725 -1.7371481044277068 -0.25748301494017728 -1.7728595180318223 -0.07153391911064988 -0.18791855209997518,-0.16954355460022319 -0.12391109244922376 -0.032358382966308011 0.09255620188692025 0.16402897455110232 0.015822786834160808,0.0039262611080703065 -1.4904830802815048 -0.042383716426954127 -1.6642000715161962 -0.071441167588923479 -0.077611300818207968,-0.31401084744041241 -0.25507761371239929 -0.41738816989533978 -0.2555997497888598 0.10974843401565808 -0.33506088794362687,10.306545523038761 -153.88135647027795 -72.438369629641585 -5.4196270914634237 1.0269515734117816 -0.018257069515352716,-1.0184690504240237 -0.8841032121781609 1.7224611633920119 0.46583582274524815 -0.086742172768481396 0.074897639835654672
ur,tetrapga,12.220210681,0.37964532,0.275922628,0.026380935,28.619736,35.912076,3.577467,1,0,0,3.020322611,0.189330476,1,0,0,0,0 0 0.050000000000000003,0 0 0.050000000000000003,0 0 0.050000000000000003,wrist_3_link,-1,0,0 0 0,0 0 0,,0.0083215540977014772 -1.4852396897059779 -0.035352111449541417 -1.6600567675473192 -0.072677706318872104 -0.072481797035885989,-0.028167630005768461 -0.024306660567383072 -0.047689712637652773 -0.031904545409494924 0.0052528245844693259 -0.037048317163428809,-0.047622603360242557 -1.7422457512264007 -0.2587020848388113 -1.7688866376147665 -0.064649532739876892 -0.18717749019007793,-0.17021718414785908 -0.12085849597182098 -0.026172039850830074 0.098211724506552966 0.16653548135691315 0.019763783282252749,0.0012903209852240939 -1.4930611024380449 -0.046136698167166888 -1.6662501619726149 -0.070561298660683308 -0.080291804851077897,-0.32949251535577656 -0.32225276956752824 -0.46912271752659546 -0.25626130705234457 0.10998361603002199 -0.33506300410874051,17.430496841212339 -142.11560112391965 -60.158480888163666 -4.312007317442232 0.85276980955636017 -0.0050803273323219815,0.14868273270874255 -8.705708601401966 -1.5155902572258242 0.28697882916185335 -0.041851157804131844 0.11429415838736645
ur,tetrapga,12.256212223,0.379716161,0.279516046,0.035193279,28.689633,36.078028,3.586204125,1,0,0,3.114464708,0.075295224,1,0,0,0,0 0 0.050000000000000003,0 0 0.050000000000000003,0 0 0.050000000000000003,wrist_3_link,-1,0,0 0 0,0 0 0,,0.0068770678627876084 -1.4862850773627265 -0.037568800195300164 -1.6616208819700398 -0.072416469324138824 -0.074313903166530471,-0.03660576353410918 -0.037888811911831653 -0.064319010776445737 -0.04094511214919469 0.0069665739149711589 -0.047486527950318075,-0.053758969739473882 -1.7465475221600213 -0.25954730625231043 -1.7652639321035679 -0.058617311823775262 -0.18640465995049815,-0.17065507918569889 -0.11810024517967044 -0.020775542174710466 0.10302973663419977 0.16854980940100728 0.023168933490618923,-0.0013035600999625674 -1.4961645877231364 -0.050129994374965584 -1.6683088276895415 -0.069667089648610667 -0.08295468099587984,-0.32423513564833262 -0.38793566063643309 -0.49916202597483694 -0.25733321461582509 0.11177612650907993 -0.3328595181002435,17.082578748816999 -129.80535564887376 -53.540454783553663 -3.8138192427156663 0.76430697643470735 -0.0040190165919127205,0.62942188189057546 -11.613782225466821 -2.6279460075784584 0.25951310576783726 -0.029515653345754345 0.14638429523651553
ur,tetrapga,12.292380902,0.380417853,0.275818534,0.013980809,34.23789,41.57219,4.27973625,1,0,0,2.987206899,0.008739759,1,0,0,0,0 0 0.050000000000000003,0 0 0.050000000000000003,0 0 0.050000000000000003,wrist_3_link,-1,0,0 0 0,0 0 0,,0.0060038431003108942 -1.4875622304502041 -0.039299196380312165 -1.6625226884704767 -0.072127082958624494 -0.075400985987266925,-0.018585858634457286 -0.028283889092477723 -0.036633481845916846 -0.018126045144959954 0.0073811461724878746 -0.022443816765722574,-0.059937254035307259 -1.7507672862054615 -0.2602000612859155 -1.761451005897096 -0.052486663909513717 -0.18550486089572335,-0.17095950242517341 -0.115219650077257 -0.01531303821522826 0.10779941598895633 0.17042903322610625 0.026585899282710792,-0.00054170973951373977 -1.4940538115781523 -0.047877497214082521 -1.6670220545215608 -0.069559347507192629 -0.08163816627988317,-0.36148140496098791 -0.27380031143524952 -0.39536272955545659 -0.20078705519395515 0.16721734955311987 -0.30754159853872276,9.9018031031090032 -154.80138447947911 -72.218702128458943 -5.2973893577024986 1.0076404981616456 -0.016414327284404114,-1.0062672831464496 -0.25974797971048247 2.0971213243619218 0.48074112144604442 -0.1059041703705077 0.069517615873593286
ur,tetrapga,12.334048142,0.381386993,0.27801254,0.02359151,28.616168,35.971919,3.577021,1,0,0,3.068693097,0.1760598,1,0,0,0,0 0 0.050000000000000003,0 0 0.050000000000000003,0 0 0.050000000000000003,wrist_3_link,-1,0,0 0 0,0 0 0,,0.0045766248533071936 -1.4886034660421199 -0.041205342736485344 -1.6636756700908766 -0.071644639168096422 -0.07689875340537923,-0.033055216206516122 -0.027895229766116809 -0.046728629035055216 -0.026615283617661776 0.0111844275953378 -0.034451409228592501,-0.067065078736557052 -1.7554967459644808 -0.26070622801314958 -1.7568464162216886 -0.045343364672490068 -0.1843152235501814,-0.17114115652620207 -0.11176774147888047 -0.0089751417474133299 0.11320064558845046 0.17241191235704104 0.030514163927723131,-0.0035626583610523003 -1.4967897217049777 -0.051451212684695782 -1.6686339196534989 -0.06822122599621594 -0.084098705424139844,-0.3776185776923201 -0.34198876585316423 -0.44671443382665726 -0.20148314149226676 0.16726518887208588 -0.30756739303208436,17.598091161577315 -142.62093734904386 -60.253551300699279 -4.3091488028830245 0.85235245241978119 -0.0051114200375930938,0.12696192459880606 -7.7851984270910179 -1.0212154618564284 0.29876191010680486 -0.068999031201201433 0.10628453491790424
ur,tetrapga,12.370108178,0.38127283,0.280889988,0.030588644,34.166432,41.756507,4.270804,1,0,0,3.010663954,0.056028087,1,0,0,0,0 0 0.050000000000000003,0 0 0.050000000000000003,0 0 0.050000000000000003,wrist_3_link,-1,0,0 0 0,0 0 0,,0.0028010852917038911 -1.4898695359834093 -0.043474606713886164 -1.6650429162515643 -0.071061802503189109 -0.078689899664700122,-0.042046879285376704 -0.041734759518040836 -0.061823298476170782 -0.033487364203841512 0.014284468475392246 -0.043302091919846381,-0.073237036045421852 -1.7594715087784272 -0.26093045639843981 -1.7526814173316454 -0.039097670787514423 -0.18315373198418811,-0.17115179368350031 -0.10866752870225165 -0.0034564639895637143 0.1177892964153012 0.17396859141857793 0.033903970417322141,-0.0036150279067489015 -1.4954717544626273 -0.050403781979782847 -1.6680622868195418 -0.067926787679503012 -0.083659493517623751,-0.40428017150933704 -0.26776570230420427 -0.36760903506148379 -0.15298360837625594 0.21434082127494014 -0.28314887165047042,10.673594412739703 -159.14288305764697 -73.105217637303141 -5.2712144195829342 1.0105211911655128 -0.014144385073761787,0.52811447774474285 -10.094252420147313 -1.8874718658852316 0.27600346385497687 -0.064634338926964574 0.13349525497713444
ur,tetrapga,12.411969352,0.382345669,0.281247664,0.015724135,28.556157,35.853782,3.569519625,1,0,0,3.073704486,0.189356783,1,0,0,0,0 0 0.050000000000000003,0 0 0.050000000000000003,0 0 0.050000000000000003,wrist_3_link,-1,0,0 0 0,0 0 0,,0.0017335278790289441 -1.4913201580943811 -0.045237341407402099 -1.6657937598260792 -0.070554684840224577 -0.079725649598222731,-0.020658294649260063 -0.027330167569073929 -0.032933378823245089 -0.013634259908241773 0.010549624435377485 -0.019420048783670346,-0.080398971849759235 -1.7639429224812133 -0.26094048091497635 -1.747640929541638 -0.031780539575598801 -0.18165235572070368,-0.17099313860809978 -0.10494038169252833 0.0029828559511607413 0.12301052355311756 0.17558795330820545 0.037824295670481317,-0.0069699158840616313 -1.4981823055469077 -0.053747601516808831 -1.6692957908540835 -0.066210672802180362 -0.085920270450874581,-0.4193609971640912 -0.33881888553505563 -0.41797744212824822 -0.1541880043177076 0.21451435966533147 -0.28259711665635312,18.232499742326414 -146.41705288489737 -61.712192676161131 -4.4139990123792643 0.87434947483621528 -0.0051883752949157388,-0.96354668127679188 0.15708673960307351 2.3586202823977374 0.47998104771704675 -0.1209740593999129 0.060174649871612473
ur,tetrapga,12.44792454,0.383056364,0.280085486,0.021601434,28.546381,35.9468,3.568297625,1,0,0,3.149222954,0.113877659,1,0,0,0,0 0 0.050000000000000003,0 0 0.050000000000000003,0 0 0.050000000000000003,wrist_3_link,-1,0,0 0 0,0 0 0,,0.00018860071435099186 -1.4923181861639061 -0.046892856110365137 -1.6666383513161638 -0.069866143546993664 -0.081009476663345473,-0.037740561564513934 -0.029493504648963706 -0.044039100620461721 -0.020821595417137722 0.016919682101851533 -0.031366500769613351,-0.086542378459637567 -1.7676568860280273 -0.26073344449181862 -1.7431388833669799 -0.025444709459234559 -0.18023207254540205,-0.17070996374974906 -0.10163177654131757 0.0085366084630395505 0.12739982578542047 0.17681611272853112 0.041176063274227674,-0.010274088697886192 -1.5014388406488515 -0.057339098475042795 -1.6705392967231241 -0.064485326570075371 -0.08816510292034152,-0.41302160172807012 -0.40706688774297839 -0.44893711977924544 -0.15543823363006409 0.21566827901312358 -0.28060405868336685,17.792986859903319 -133.6711895153129 -55.040306947583275 -3.9167949485928224 0.78608555984338024 -0.004184498774948163,0.14324899924686108 -7.1284731351524897 -0.65718705423850565 0.29649182531557017 -0.093249086974225293 0.09675865167943698
ur,tetrapga,12.483960464,0.384468737,0.282468635,0.011446697,34.167938,41.658435,4.27099225,1,0,0,3.048491033,0.044095127,1,0,0,0,0 0 0.050000000000000003,0 0 0.050000000000000003,0 0 0.050000000000000003,wrist_3_link,-1,0,0 0 0,0 0 0,,-0.00085698538925261896 -1.4931747903343426 -0.048081954314149314 -1.6671068519352727 -0.06930761977178175 -0.081797766985681322,-0.026098116748400169 -0.019534030935126144 -0.027957594987059423 -0.010730294881622828 0.014417168346469873 -0.018903992058919124,-0.092686909896557576 -1.7712580738283215 -0.26032527509051123 -1.7384700334117611 -0.019053083277138033 -0.17868797713384854,-0.17028984619764015 -0.098218798671988058 0.014119209376038982 0.13170636559633259 0.17789472750152724 0.044518482383753111,-0.0090992963703522556 -1.4996685355448895 -0.055471902349635872 -1.6696181796747585 -0.064768802508333889 -0.087012239345744535,-0.44171991584785625 -0.29521500666156203 -0.34517199437997748 -0.099388168195026633 0.26595883282433325 -0.25385054909163951,9.4583104155539957 -156.84221600621115 -71.977724567258662 -5.1040715909695935 0.97895615390704616 -0.013162945819767242,-0.68316135723427074 -1.4185216453988687 1.717004612448676 0.41717505157339474 -0.12351292073424247 0.058510597558978361
ur,tetrapga,12.525716536,0.385819053,0.279739907,0.024567644,28.759501,36.3026,3.594937625,1,0,0,3.114556769,0.187990156,1,0,0,0,0 0 0.050000000000000003,0 0 0.050000000000000003,0 0 0.050000000000000003,wrist_3_link,-1,0,0 0 0,0 0 0,,-0.0027255199098036257 -1.4940136814868985 -0.049614889262833389 -1.6677860929312529 -0.068355938983964609 -0.083060175371597267,-0.043094197093916126 -0.024322338994271175 -0.038675282555218474 -0.01580099212486143 0.021971549374877605 -0.029039732648419476,-0.099784455985368573 -1.7752747074837825 -0.25960039958325165 -1.7328683765592867 -0.011602097366665141 -0.17674861059456351,-0.16963239852369408 -0.094145984795473675 0.020602338445655149 0.13657531135873899 0.17895229804001497 0.048367165019439627,-0.012766675821689298 -1.5025916417784566 -0.058637190403845491 -1.6704197094425088 -0.062643279240756369 -0.089043386845218855,-0.45842243141713029 -0.36538827919588501 -0.39566100677620269 -0.10019122096878728 0.26569040844719055 -0.25389343743428988,17.943191347748943 -144.01259751031751 -60.655238987820965 -4.3272346032650439 0.85668400881427698 -0.0051652836612176819,0.3357949708752983 -8.1073226423241067 -1.0514969985642324 0.23871639180470083 -0.10313603929921555 0.089528812663274948
ur,tetrapga,12.562125723,0.385962597,0.28056186,0.030077525,34.079922,41.515147,4.25999025,1,0,0,3.059486744,0.070242974,1,0,0,0,0 0 0.050000000000000003,0 0 0.050000000000000003,0 0 0.050000000000000003,wrist_3_link,-1,0,0 0 0,0 0 0,,-0.0049977525475790752 -1.4952450776374908 -0.051545671314342734 -1.6685970669430252 -0.067212433812590885 -0.084570035613385525,-0.054080513306817062 -0.041106608321714741 -0.053691840401912862 -0.020076256812340033 0.027830809902496433 -0.03650191657055072,-0.10594790054741807 -1.7786362872196402 -0.25874725679871113 -1.7278201887283891 -0.005072409451074446 -0.17492687524430706,-0.16890977948560165 -0.090494246408025183 0.026262484300532532 0.14071011327696012 0.17970480806335043 0.051698967367919603,-0.012708154492663826 -1.5012666678989459 -0.05762416093224608 -1.6699187178035944 -0.062457220240363279 -0.088627282403126353,-0.47824253850370491 -0.29353852387153578 -0.31659125914399566 -0.051291201353421162 0.30882953578879452 -0.22757139672802007,10.109644141258453 -158.9391978791997 -71.854765991409579 -5.013030351200868 0.96885763683863535 -0.010904298901200839,0.67191939590482974 -9.9255832013468535 -1.718968517330552 0.21320725347231928 -0.10991797651860225 0.11247015704125829
ur,tetrapga,12.603713771,0.387115353,0.287376405,0.015501805,28.624763,36.170969,3.578095375,1,0,0,3.108860746,0.184249482,1,0,0,0,0 0 0.050000000000000003,0 0 0.050000000000000003,0 0 0.050000000000000003,wrist_3_link,-1,0,0 0 0,0 0 0,,-0.0063513064201953266 -1.4967049400717445 -0.053115270800247361 -1.6690130682616542 -0.066376493158049443 -0.085430818514604365,-0.025801331360646582 -0.029025350502116073 -0.030090198226551231 -0.0073122287624683129 0.016770973166465052 -0.016058001205215021,-0.11295245924335913 -1.782311130049165 -0.25752057220829228 -1.7218723582215731 0.0024157114647896678 -0.17269819913800272,-0.16791446978045638 -0.086212294012321458 0.032729437220579437 0.14530166802207775 0.18036979774876735 0.055473979877346459,-0.016656530144587837 -1.504190412013843 -0.060547716652535652 -1.6703391034657462 -0.05998851771157715 -0.090444010602159466,-0.49354695649050145 -0.36546801436213427 -0.36544446503619638 -0.052548207768972302 0.30858781609826641 -0.22709102487913871,18.305533201743557 -145.72956930516204 -61.221632322479337 -4.3670093955995508 0.86577813977263207 -0.005166376606182862,-0.76666758743658647 -0.18482978647170967 2.3252706855552958 0.44531084024583834 -0.14044580070159896 0.049747750670007918
ur,tetrapga,12.639986759,0.387820649,0.282026784,0.019438425,34.160217,41.765503,4.270027125,1,0,0,3.072699291,0.105563698,1,0,0,0,0 0 0.050000000000000003,0 0 0.050000000000000003,0 0 0.050000000000000003,wrist_3_link,-1,0,0 0 0,0 0 0,,-0.0082258068801414411 -1.4978557981465439 -0.054597768689831419 -1.6694379157826913 -0.065276008813354255 -0.086491408686725654,-0.045759837919987625 -0.033776187492545011 -0.040038129140948772 -0.010612459237962484 0.026984225246799696 -0.025911411185330489,-0.11902521351223183 -1.7853691390593029 -0.25623113152927296 -1.716531011900664 0.0089661755240913483 -0.17062672390452002,-0.16689883410610931 -0.082384294168849556 0.038365986097287842 0.14918777795392452 0.18077958622536291 0.058737086232466006,-0.01650382819960116 -1.5033910138329314 -0.05987661075198418 -1.6699383168360888 -0.059849957303265297 -0.090083196229113205,-0.50783246090456502 -0.2959885940922572 -0.28798351010008011 -0.0062259014837579216 0.34778824490005067 -0.20193582308383079,9.7432729812618764 -159.59373458144125 -71.851453343070318 -4.9486690715919837 0.95880585981607169 -0.0098902941766726565,0.20227733350996147 -6.4146801070382935 -0.25193080255004929 0.26945189325579122 -0.13098977108249699 0.079905883473372796
ur,tetrapga,12.681860494,0.389461753,0.288565427,0.013873569,28.59283,36.289484,3.57410375,1,0,0,3.112091997,0.198014521,1,0,0,0,0 0 0.050000000000000003,0 0 0.050000000000000003,0 0 0.050000000000000003,wrist_3_link,-1,0,0 0 0,0 0 0,,-0.0096517176456728075 -1.4989709079795295 -0.055831569169227241 -1.6696561584443264 -0.064337080661650753 -0.087217402155342141,-0.029209985475275247 -0.020949345205845266 -0.023725665758497778 -0.0037778249283926197 0.019515923166785923 -0.014316063450502096,-0.12598641367679089 -1.7887245577643567 -0.25448854999511161 -1.7101924776591819 0.016542592787278237 -0.16808895183749964,-0.16555608947457862 -0.07786109471579343 0.044861763780287139 0.1535314680966324 0.18105466548201216 0.062466643821515552,-0.020694197609567644 -1.5063393374490208 -0.062571315587533816 -1.6699991481736238 -0.057070543814836373 -0.09169473783097172,-0.52379617624581054 -0.36854045201116531 -0.33683810444370382 -0.007603917191869973 0.34742668605361515 -0.20144270023231486,18.38975363998437 -146.20679672987353 -61.391320544487542 -4.3772678869583448 0.86791572413788243 -0.0051965512874129404,-0.62338637595646418 -0.79180828293192462 2.0810353620321678 0.40749183743810136 -0.14541464073987243 0.044335029964031492
ur,tetrapga,12.718253099,0.390436222,0.280982933,0.021122064,34.154434,41.499126,4.26930425,1,0,0,3.084780181,0.125902344,1,0,0,0,0 0 0.050000000000000003,0 0 0.050000000000000003,0 0 0.050000000000000003,wrist_3_link,-1,0,0 0 0,0 0 0,,-0.01170563523724379 -1.499892636632411 -0.057062375696426422 -1.6698663833676348 -0.063056183057214291 -0.088164630378196815,-0.050158796033701748 -0.028135919890857092 -0.033830823093198674 -0.0053856200483758873 0.031382383151335659 -0.023143394138237124,-0.13198792626517325 -1.7914852470319178 -0.25275341044817096 -1.704538337338156 0.023133337777948154 -0.16575718490081118,-0.16424154501360938 -0.073842705794930116 0.050492162481980796 0.15717854229229125 0.18112095818680873 0.06567277212886756,-0.02047993624565192 -1.5055212404100025 -0.061905125726238464 -1.6696323691099715 -0.056990121856757725 -0.091341355611177025,-0.53500247778077559 -0.30065667116082007 -0.26103501053229272 0.037549582582224121 0.38415519740845044 -0.17645893832409471,9.5562962314704603 -159.45106411095 -71.268949543815467 -4.8390782672805717 0.94137759849812064 -0.0084700137281455284,0.33553420177533155 -6.9702809974296542 -0.48067128440703755 0.22154174181741837 -0.14109690315196133 0.071328597513200975
ur,tetrapga,12.759854925,0.392195482,0.289866182,0.010083113,28.732186,36.1193,3.59152325,1,0,0,3.115078452,0.197918851,1,0,0,0,0 0 0.050000000000000003,0 0 0.050000000000000003,0 0 0.050000000000000003,wrist_3_link,-1,0,0 0 0,0 0 0,,-0.013260831727222691 -1.5008826671452307 -0.058140862966124175 -1.6699392680573935 -0.061988790094798893 -0.08881616259876822,-0.031585778054633834 -0.02019684002562392 -0.021631147055311332 -0.00098169088206811767 0.022102782486306545 -0.012865361927032764,-0.13878655620553434 -1.7944600509903459 -0.25051935659767316 -1.6979152679261784 0.03066650549462795 -0.16294957672661589,-0.16257168658695009 -0.069153854652882513 0.05690479447296444 0.16119712943545589 0.18099960626469899 0.069294493008898353,-0.024887072632530673 -1.5085096072090889 -0.064377956963604252 -1.6693432865998168 -0.053921190375257881 -0.092749316575757579,-0.55089204835984407 -0.37354584988580192 -0.30910390467072346 0.036135313769342745 0.38361643518748068 -0.1759951205725693,18.404979828726642 -145.89571982288339 -61.186834775007604 -4.3602332182397694 0.86492869573097964 -0.0051790408441334673,-0.38273496633235027 -2.166101448309746 1.5124669591489805 0.3481727404441699 -0.14446705886174982 0.039795981126388824
ur,tetrapga,12.796077492,0.393116016,0.2808272,0.021614654,34.083387,41.370414,4.260423375,1,0,0,3.086563094,0.126197666,1,0,0,0,0 0 0.050000000000000003,0 0 0.050000000000000003,0 0 0.050000000000000003,wrist_3_link,-1,0,0 0 0,0 0 0,,-0.015446380249562054 -1.5018455378516751 -0.059276079976756477 -1.6699650112158946 -0.060540820319716172 -0.089661379626365445,-0.053285887259622855 -0.029798596390958085 -0.031814416134511081 -0.00091392024573757962 0.035465471098135581 -0.02064529667192036,-0.14464677768092951 -1.7968898224450571 -0.24835738455161124 -1.6920149761033707 0.037218240437272267 -0.16038305195376681,-0.16097343508208509 -0.064992017958020024 0.062462298352596986 0.164561588901533 0.18072260810443458 0.072407659875491887,-0.024638273921478888 -1.5076529084861332 -0.063710956706337016 -1.669009752715241 -0.053884287225003769 -0.092411000536861715,-0.55894343505406541 -0.30941699446890603 -0.23549227951958088 0.080549524076824655 0.41833976531040673 -0.15070655447502468,9.2364372809924493 -157.98470579735715 -70.065859435433907 -4.6831332395054321 0.91484954137101748 -0.006947846012843855,0.41063443289483814 -7.1328359404706134 -0.53362452109178093 0.18998749062302522 -0.15254924281964577 0.063598622959545992
ur,tetrapga,12.837539001,0.394812442,0.2913843,0.010929816,28.610848,36.164134,3.576356,1,0,0,3.109768513,0.19179252,1,0,0,0,0 0 0.050000000000000003,0 0 0.050000000000000003,0 0 0.050000000000000003,wrist_3_link,-1,0,0 0 0,0 0 0,,-0.017083942868246268 -1.5029030769663421 -0.060300475859678473 -1.6699027151085566 -0.059356633611089844 -0.090233583799123399,-0.033146873264189781 -0.021869450791534358 -0.020697617367698311 0.0017309020976948801 0.024423107606954764 -0.011248265602025079,-0.15128026275751555 -1.7994842545918885 -0.24563633177136787 -1.6851148537905922 0.044701365144216951 -0.15730787935579418,-0.1589803728620009 -0.060141945601588233 0.06878756508368046 0.16825467612692407 0.18020992466371274 0.075922024218139095,-0.029236133536171716 -1.5107090069714624 -0.065969702553968626 -1.6683768933389005 -0.05054327576382707 -0.093613025475684106,-0.57473245183660315 -0.38201231066614805 -0.28234323095395047 0.079107422042552056 0.41762643264708693 -0.15025311735279903,18.253096385861468 -144.34031838770929 -60.44815889989129 -4.3039269242798976 0.85409165373464691 -0.0051151070307413182,-0.36711112104831045 -1.919167480536089 1.6394723303442618 0.34092761679585237 -0.15323834579007212 0.034800590496587347
ur,tetrapga,12.873794582,0.395715588,0.280760568,0.019958869,34.020402,41.441211,4.25255025,1,0,0,3.079114069,0.122020509,1,0,0,0,0 0 0.050000000000000003,0 0 0.050000000000000003,0 0 0.050000000000000003,wrist_3_link,-1,0,0 0 0,0 0 0,,-0.01932842981706305 -1.5039168144544222 -0.061327601839035191 -1.6697501012920071 -0.057790192072643014 -0.090956603734976257,-0.056346791551690652 -0.031991353521868146 -0.030067508234166044 0.0035213703593403095 0.039530641220212499 -0.018201909139192882,-0.15701041936644022 -1.8015867486390291 -0.2430426886289126 -1.6789583047924768 0.051224237986230887 -0.15450026598934657,-0.15709554974054249 -0.055828995718153397 0.074281803518417289 0.17134240463731115 0.17959078658073746 0.078949663692532354,-0.028924464570727955 -1.5098704740277546 -0.06532854972220882 -1.6680784271762559 -0.050561639992072832 -0.093280579373977976,-0.58027286176382165 -0.31969541435156179 -0.20998719071336353 0.12313376739975046 0.45063674077027638 -0.12447059608097465,8.8389879599436991 -155.5986892904628 -68.44188903373302 -4.4969071895699697 0.88236845652567242 -0.0053644986597615515,0.38870265359827272 -6.5864267633523923 -0.28585108314084096 0.18058730584925797 -0.16841680161402905 0.056061888901638213
ur,tetrapga,12.915333031,0.397252438,0.293111109,0.012697194,28.613479,36.198616,3.576684875,1,0,0,3.096778175,0.183940258,1,0,0,0,0 0 0.050000000000000003,0 0 0.050000000000000003,0 0 0.050000000000000003,wrist_3_link,-1,0,0 0 0,0 0 0,,-0.02112865963733887 -1.5050906975476246 -0.062341565187006363 -1.6695487544911127 -0.056433859914595645 -0.091477312072091893,-0.034217233468374429 -0.022582410470192934 -0.019085419300838579 0.0044095849502709472 0.026299800100558095 -0.0094807343424798823,-0.16348831721594706 -1.8038018307337902 -0.23982721730338019 -1.6717703673505491 0.058666092015111949 -0.1511497111523647,-0.15477475356566944 -0.05080964690538714 0.080528052194419802 0.17471362715766939 0.17868610974300053 0.082363329005550795,-0.033691724340307407 -1.5130029497412361 -0.067371213911880043 -1.6671049360887187 -0.046963620700250203 -0.094272887121852778,-0.59590747119743115 -0.39155946418518511 -0.25533302370890287 0.12168638594213647 0.44975241147782835 -0.12403846848435099,17.987232158120747 -141.92867828420094 -59.343467882917267 -4.2209548835099318 0.83792713896963877 -0.005019761253950151,-0.39867292611376115 -1.3324948266681531 1.9045790730430951 0.34381505856708827 -0.16266515187878383 0.029352946399995972
ur,tetrapga,12.951625134,0.398112089,0.280975235,0.018483316,34.163372,41.484683,4.2704215,1,0,0,3.063873077,0.116016119,1,0,0,0,0 0 0.050000000000000003,0 0 0.050000000000000003,0 0 0.050000000000000003,wrist_3_link,-1,0,0 0 0,0 0 0,,-0.023457526340698812 -1.5061449015624995 -0.063263002569712221 -1.6692210733955315 -0.054736083469501727 -0.092091089630197243,-0.058514719876527045 -0.032757483437687272 -0.027219613978636269 0.007929953354230598 0.042831609099257387 -0.01545256874707995,-0.16906648226550861 -1.8055652501976345 -0.236806379242435 -1.6653784679695514 0.065134036447818927 -0.14810722475971691,-0.15260745806289816 -0.046359901891536638 0.085937680481654871 0.17751041315182964 0.17772564034881391 0.085295176112721721,-0.033368052361971649 -1.5122098481059911 -0.066785039434698323 -1.6668390302149088 -0.047001348475523133 -0.093962835834330294,-0.59917837768356708 -0.32949030676543711 -0.18349139923777283 0.16549681590203114 0.48106295116910402 -0.097605932288159336,8.3975522298639742 -152.65350815448255 -66.564999669349007 -4.2929181715631062 0.84640647960546289 -0.0037435542420392589,0.37268134129251962 -6.0994942878596703 -0.074356230625340913 0.16824696033836517 -0.18128914776681881 0.047579341097275574
ur,tetrapga,12.993205196,0.399757427,0.294185481,0.013275197,28.688965,36.126447,3.586120625,1,0,0,3.076293215,0.176796185,1,0,0,0,0 0 0.050000000000000003,0 0 0.050000000000000003,0 0 0.050000000000000003,wrist_3_link,-1,0,0 0 0,0 0 0,,-0.025240229360154909 -1.5072815729781524 -0.064137983128296522 -1.6688896780360305 -0.05334013510221744 -0.092499960783073279,-0.03601739198210608 -0.023272447440384859 -0.017553500178448797 0.0071641402790983159 0.028627900496531741 -0.0079264933934766208,-0.17535757918078634 -1.8073857184655144 -0.23310526262145395 -1.6579339245014111 0.072497686176154055 -0.14449184905289697,-0.14996615828367627 -0.04119267195378809 0.092074561416617309 0.18054067880466868 0.17643132734174119 0.088593206698090732,-0.038284977951004807 -1.5154127322389648 -0.068602343040625305 -1.6655265845166123 -0.043161295021427688 -0.094740464260806206,-0.61461569862914467 -0.40036051662170968 -0.2271629507408732 0.16405571228705923 0.48000668176193029 -0.09720355330948964,17.65217705322063 -139.00080180716967 -58.019918361537407 -4.1223356752693503 0.81863061693348571 -0.0049057887843172842,-0.37340744242112578 -1.1487807681778577 1.9912795752689192 0.33202900567630422 -0.17053803125378408 0.024548758500628765
ur,tetrapga,13.029435954,0.400460472,0.281249471,0.017609089,34.097295,41.802109,4.262161875,1,0,0,3.041596945,0.109308297,1,0,0,0,0 0 0.050000000000000003,0 0 0.050000000000000003,0 0 0.050000000000000003,wrist_3_link,-1,0,0 0 0,0 0 0,,-0.02771788001345965 -1.5084163291334503 -0.064983123872918144 -1.6683759449733748 -0.051462501932461595 -0.093020536619479205,-0.060490069808853596 -0.033620011354270118 -0.024373513888302119 0.012252366876109843 0.045944875328054233 -0.012715295091815165,-0.18074718877080778 -1.8087957292609227 -0.2296733456741927 -1.6513473252654542 0.078866927160659919 -0.14123083708636539,-0.14752855109541074 -0.036633927915615712 0.097363684877518841 0.18302671198346032 0.17513575703432793 0.091411442600901671,-0.037927477896746192 -1.5146237305173225 -0.068041166914642848 -1.6652905744205144 -0.043234793292909107 -0.094441746663732146,-0.61575611431424593 -0.33864997888938381 -0.15605418223389017 0.20758629055990097 0.5096381480044414 -0.070155777948679762,7.9283277102403087 -149.20629516380345 -64.452425697561239 -4.0729230206336693 0.8072849677221613 -0.0020859033738817984,0.38283106825841173 -5.8109992313047769 0.045147671110498777 0.14882096382916643 -0.19199739472355759 0.039127170756046326
ur,tetrapga,13.071349705,0.40210395,0.295542234,0.013836099,34.145492,41.875369,4.2681865,1,0,0,3.049665878,0.165944319,1,0,0,0,0 0 0.050000000000000003,0 0 0.050000000000000003,0 0 0.050000000000000003,wrist_3_link,-1,0,0 0 0,0 0 0,,-0.029563066463732499 -1.5095843825029278 -0.065775371846696934 -1.6679126172772434 -0.049970727428683623 -0.093346554796666162,-0.037273398771151989 -0.024084426542675917 -0.0159949283909975 0.009820147486251327 0.030568835188869031 -0.0062578486355799661,-0.18686887755506557 -1.8102196211776982 -0.2254654993716633 -1.6436188557996676 0.086172782088344252 -0.13733226898143999,-0.14455259974434068 -0.031299565153570942 0.10340852924238088 0.18572001849650049 0.17344355138371434 0.094604394733684385,-0.042974920874971907 -1.5178900696827211 -0.069624177784539693 -1.6636413121948077 -0.039167523166604316 -0.095000038475094833,-0.63093037227821447 -0.40829239567483122 -0.19787635873710507 0.20615777821332751 0.50840876578809902 -0.069786476420336155,17.25585442414442 -135.61043386696275 -56.499732368665775 -4.0097537665438647 0.7965440813871314 -0.0047742149233181456,-0.35048526492920473 -0.95572550843098725 2.075414793041972 0.32001498478894064 -0.17702370195961237 0.019392112292933916
ur,tetrapga,13.113337567,0.40297222,0.283890118,0.014729241,34.075964,41.446978,4.2594955,1,0,0,3.018590385,0.077997366,1,0,0,0,0 0 0.050000000000000003,0 0 0.050000000000000003,0 0 0.050000000000000003,wrist_3_link,-1,0,0 0 0,0 0 0,,-0.032361035299792923 -1.5109138756513973 -0.066603307088297814 -1.6671585075776907 -0.047775204777033661 -0.093794686068510325,-0.059807417037751165 -0.034783737395596301 -0.021575078582128163 0.015847909301433719 0.047138478726958186 -0.0096025951803776263,-0.19287284856070702 -1.8114205792210698 -0.22099796168733005 -1.635767715731153 0.093416107198687912 -0.13329419586766716,-0.14140608101007046 -0.025895928669968225 0.10937791185254961 0.18821825690155758 0.17154218819954198 0.097727542128939443,-0.042710955376036641 -1.5171839960172244 -0.069127636442398305 -1.6633922468454692 -0.039172391856709253 -0.094725669830315398,-0.63037216108177829 -0.34775291877063763 -0.12673675074744339 0.25095788009749465 0.53737151438871744 -0.041038444814101793,7.3537966154557797 -145.03837817788371 -61.970366337414021 -3.8199169520663556 0.76189492960864169 -0.00025344373352948748,0.29566763345977165 -4.8606495977455779 0.44087980509630142 0.15417970771704859 -0.20094835829475244 0.029541760443891008
ur,tetrapga,13.154883369,0.404539488,0.298747943,0.014493544,34.204659,41.94622,4.275582375,1,0,0,3.022705631,0.146227162,1,0,0,0,0 0 0.050000000000000003,0 0 0.050000000000000003,0 0 0.050000000000000003,wrist_3_link,-1,0,0 0 0,0 0 0,,-0.034239219080390959 -1.5121268698068699 -0.067311828676914362 -1.6665556206062324 -0.046196116352312147 -0.094022553545191442,-0.036127613618149479 -0.02335287885977157 -0.013467817527557628 0.011753894271299737 0.030490237936460791 -0.0042566899312183534,-0.19868022351853554 -1.8123844432603877 -0.21633264911283392 -1.6279001499145991 0.10050039813320369 -0.12917116855917346,-0.13813255020262438 -0.020495740880791771 0.1151928138967693 0.19049011359530579 0.16945991941198715 0.10074043759832123,-0.047873519848013288 -1.5205108452288716 -0.070459079646387771 -1.6613958576023817 -0.034884681516186462 -0.095051274463947177,-0.64532055899708118 -0.41585615145589105 -0.16643040049868377 0.24954865538593399 0.53596379256534876 -0.04070057920397286,16.766274868038458 -131.53817595168289 -54.687418844688551 -3.8759246407682042 0.77016356385906382 -0.0046171274752685454,-0.34161425007596335 -0.70113760537878989 2.1740316568579487 0.31323437608534732 -0.17744559948550886 0.013213485450592088
ur,tetrapga,13.196941231,0.405323849,0.286221165,0.012954872,34.062016,41.507079,4.257752,1,0,0,2.986355313,0.056941546,1,0,0,0,0 0 0.050000000000000003,0 0 0.050000000000000003,0 0 0.050000000000000003,wrist_3_link,-1,0,0 0 0,0 0 0,,-0.037108991072817572 -1.5134996340552542 -0.06800863999709128 -1.6656098680755 -0.043876203309689707 -0.094344205134198653,-0.059152126709459747 -0.034957133955395091 -0.018377616079383381 0.019232991387942829 0.048113166623293097 -0.0066586599842428183,-0.20441730186645568 -1.8131306317391305 -0.21136582889700758 -1.6198437753941766 0.10757966805680932 -0.12487152180785833,-0.13465933793676249 -0.014980503106400752 0.1209797815222967 0.19258423214166182 0.16715088701017222 0.10370906562251288,-0.047633040354666034 -1.5198515262656564 -0.070000550520032193 -1.6611464160925424 -0.034872907880221161 -0.09478486474370823,-0.64272311178132513 -0.3557858279492217 -0.095836337286583487 0.29455584329980411 0.56344181658961601 -0.01089061807941508,6.7618623205532824 -140.35215897788433 -59.246426645549995 -3.5513257775623885 0.71339241186209945 0.0016087791130148356,0.25902141435867065 -4.2751076983449821 0.67222239421383279 0.14783975470618316 -0.20653719122468317 0.02046429651784365
ur,tetrapga,13.238548794,0.407002039,0.300117135,0.015152625,39.655453,47.390765,4.956931625,1,0,0,2.954680471,0.127552221,1,0,0,0,0 0 0.050000000000000003,0 0 0.050000000000000003,0 0 0.050000000000000003,wrist_3_link,-1,0,0 0 0,0 0 0,,-0.038925729990292181 -1.5146732961493892 -0.068592493623401404 -1.6649150110002817 -0.042305133682882037 -0.094475210640821511,-0.037129455756238182 -0.024072253422171497 -0.011814173121804902 0.014364120204302777 0.032232831708051912 -0.0025434156077708738,-0.20994597604071946 -1.8136396795045326 -0.20621486739911538 -1.6117912938032515 0.11448347337396418 -0.1204967868769338,-0.13106860613265556 -0.0094819477138691922 0.12659960679396626 0.1944495008447629 0.16467017927169605 0.10656242175878602,-0.050705380384907982 -1.5215524630033619 -0.070403224614767029 -1.6596013511008882 -0.032151088329832128 -0.094704192721834918,-0.65614595266692621 -0.37443678334651515 -0.09433603986156798 0.31090171482361795 0.57248450013178087 0.00040731201895308385,11.206006026195894 -135.17685424666999 -56.6569778974931 -3.6610209366673079 0.72969524242120576 -0.0011053550461895272,-0.32652035778872346 -0.4440870482912942 2.2728937981750903 0.30119786414434202 -0.18320404776423516 0.0079210604312436317
ur,tetrapga,13.286037306,0.407842809,0.287212539,0.016144689,34.154507,41.901637,4.269313375,1,0,0,2.952546298,0.082439619,1,0,0,0,0 0 0.050000000000000003,0 0 0.050000000000000003,0 0 0.050000000000000003,wrist_3_link,-1,0,0 0 0,0 0 0,,-0.042136445334184321 -1.5162693875840099 -0.069233345896236975 -1.6636537213621607 -0.03961751493061446 -0.094673993378988699,-0.054862966705040532 -0.03445007003707664 -0.014351528667104013 0.024343122551295299 0.048578405591802598 -0.0012380902699710183,-0.2160693183410968 -1.813940071120697 -0.20005318090493135 -1.6025115815113129 0.1222315913692238 -0.11536101305789755,-0.12678639324692265 -0.003161964846717766 0.13287769232490157 0.19632434639060559 0.161603898214113 0.10971402063768859,-0.051686884742326779 -1.521638967672323 -0.070186235138779224 -1.6588417497708519 -0.031136557967613766 -0.094477716035948678,-0.65824840181804278 -0.34100692490857354 -0.045994359245665833 0.34822416602961448 0.59346978410206197 0.026422166284346845,6.2493031531306613 -138.60253289406168 -57.926327707279732 -3.3799183495823639 0.68109951073765718 0.0033160710081491917,0.28995896621424322 -0.69602332155955082 2.4217034171441583 0.34984866230388434 -0.22191920830508138 0.1136394458318648
ur,tetrapga,13.328018527,0.409523958,0.3032418,0.015325405,39.465183,46.916187,4.933147875,1,0,0,2.914735561,0.109713442,1,0,0,0,0 0 0.050000000000000003,0 0 0.050000000000000003,0 0 0.050000000000000003,wrist_3_link,-1,0,0 0 0,0 0 0,,-0.04398544170787811 -1.5174638940770231 -0.069719853065776174 -1.6628270666642353 -0.037969279357681747 -0.094712223470723139,-0.035818321989136863 -0.023102364923550799 -0.0093468365402505794 0.015976007321855008 0.031859327772731733 -0.00073789082425186809,-0.22130967275968341 -1.8139549469227503 -0.19436056851645403 -1.5942388899475797 0.12895538603738735 -0.11069830345381876,-0.12284129030148144 0.0024578721652503996 0.13829975735450292 0.19775370200945355 0.1586882816235701 0.11240377248532794,-0.05511950060182523 -1.5235188874085945 -0.070453110591637114 -1.6569391346436331 -0.028039843018225825 -0.094240222064108425,-0.66974851461667584 -0.36546223757126062 -0.047934339265590903 0.36236868765477931 0.60061328182001961 0.037015133424071915,10.86424471952559 -132.19919472315524 -54.940531473230351 -3.4991799498834495 0.70020553198748792 -3.7493376434730163e-05,-0.29703912940638588 -0.32865398704325344 2.2988107177840789 0.28937277363002067 -0.18120816378062443 0.0023409803610832114
ur,tetrapga,13.375039248,0.411301296,0.28810275,0.051098457,34.116613,41.55037,4.264576625,1,0,0,2.915765648,0.089066324,1,0,0,0,0 0 0.050000000000000003,0 0 0.050000000000000003,0 0 0.050000000000000003,wrist_3_link,-1,0,0 0 0,0 0 0,,-0.046364526061649376 -1.5186639665692383 -0.070065044091967843 -1.6616931469782961 -0.035870856639065578 -0.094706042060574966,-0.050080347378696627 -0.02616307473455325 -0.0065936786207460201 0.026809705982315177 0.046416295789817874 0.0018473143838492021,-0.22697851177064429 -1.8136908152759759 -0.18771773997999139 -1.5849076967986506 0.13633590358238587 -0.10534430876987796,-0.1182495180160992 0.0087812739376698281 0.14422201769927198 0.19909796710196512 0.15519888781880248 0.11530558698468125,-0.056092406860386343 -1.5237911370814365 -0.070292973016100019 -1.6561411006819062 -0.027003815493424954 -0.093979948634016236,-0.66879990975755388 -0.33746437190710254 -0.004237193225698644 0.39688033804937284 0.61894247675604452 0.061647943344354111,5.6985714371902958 -134.52384982779421 -55.406018943861518 -3.1217343342557879 0.63455893599175817 0.0053033270157179903,-4.4358987179621465 -2.4027425403191955 2.3218877695522337 2.8615135965092122 1.8404577796095154 0.45277212685738277
ur,tetrapga,13.416693443,0.413233394,0.303190469,0.012805073,39.628846,47.265581,4.95360575,1,0,0,2.874096301,0.105551626,1,0,0,0,0 0 0.050000000000000003,0 0 0.050000000000000003,0 0 0.050000000000000003,wrist_3_link,-1,0,0 0 0,0 0 0,,-0.048163143073046595 -1.5195891113687292 -0.070292181457009342 -1.6607447577421701 -0.034228050505081931 -0.094627573245737687,-0.034887319540746919 -0.01799185136322071 -0.0044139080043859779 0.018330382751917593 0.031775131923450065 0.0015214400020906425,-0.23181676268763088 -1.8132080245834261 -0.18160346451193127 -1.5765936389090907 0.14273280450164194 -0.10048957176511993,-0.11403311825880824 0.014402083188805167 0.14932866619993734 0.20006039681397628 0.15191436070088493 0.11777557778900634,-0.059542793570743213 -1.5256453092351689 -0.07034383528282423 -1.6540110115759363 -0.023809646153239758 -0.093566783275719781,-0.67908837115629272 -0.36308528049522243 -0.0063826950159887345 0.41012566281730284 0.62502902527751913 0.071883950006104383,10.341147067102272 -127.73569425262706 -52.574751559565073 -3.2903038340749862 0.66128301652987709 0.0010711684081699318,-0.15716726155017113 -1.1185346261963787 1.9207609810993347 0.24296263373435067 -0.17405414454561452 -0.0046673766847220577
ur,tetrapga,13.464071974,0.414893873,0.285917095,0.009836123,34.061079,41.488232,4.257634875,1,0,0,2.87412545,0.080005801,1,0,0,0,0 0 0.050000000000000003,0 0 0.050000000000000003,0 0 0.050000000000000003,wrist_3_link,-1,0,0 0 0,0 0 0,,-0.050740565946180934 -1.5207260146119868 -0.070422662781536971 -1.6593373617215814 -0.03190013843969982 -0.09447594537503666,-0.052843734398232617 -0.024947299797535002 -0.0023886389543316595 0.031437423473908183 0.049642638597305999 0.0049259009275687375,-0.23710265342820772 -1.8123739330402797 -0.17439413926201544 -1.5670942550181024 0.1498375704298951 -0.094845280874316484,-0.10907252928874829 0.020809445558770706 0.15496978322019134 0.20089237490045009 0.14796285361616532 0.1204668447661032,-0.060545967937042811 -1.5258996418102964 -0.070112095929403345 -1.6531316137260337 -0.022726894509854583 -0.093252555379490162,-0.67553629182625119 -0.33924771471809445 0.033894050120216873 0.44282173605955244 0.64099998014694526 0.096101123787384335,5.1648763376571551 -128.98646107775062 -52.193264989856253 -2.8218018179847864 0.57991064978031215 0.0073029334409795022,-1.2166196282903172 -2.8732399959089889 1.3649545689332854 0.55082290807968093 0.19421194847125633 0.092614749090188297
ur,tetrapga,13.505654462,0.416885581,0.303602225,0.011612335,39.595096,46.966262,4.949387,1,0,0,2.828017746,0.091156109,1,0,0,0,0 0 0.050000000000000003,0 0 0.050000000000000003,0 0 0.050000000000000003,wrist_3_link,-1,0,0 0 0,0 0 0,,-0.052489132472595311 -1.5215987053668298 -0.070530185979452334 -1.6583083397121987 -0.030267742608963581 -0.09431177243473407,-0.035855963572400437 -0.018732398163860294 -0.0026284559965448358 0.021070326197278395 0.033505259968406642 0.0033691548735710346,-0.2415451751281073 -1.81139159060001 -0.16784984899259414 -1.5587295326171791 0.15591488328210862 -0.089788720553783341,-0.10457873942374202 0.026438829261323207 0.15976769632021295 0.20139092127988054 0.1443103611106239 0.12272263741612262,-0.064006167910557257 -1.527746546920173 -0.069957942585533742 -1.6507819644742343 -0.019443298423390012 -0.092667452481394907,-0.68430130708103609 -0.36526757425163198 0.032334416252524874 0.45547893408175744 0.64610120652026104 0.10623839940180962,9.6973393270770281 -121.85295189519884 -49.570037903017536 -3.0367021260436822 0.61352042977731858 0.0022343172081953546,-0.074938198665904565 -1.4574560555420248 1.7418502316590434 0.20743847045014263 -0.17510958296765722 -0.010391781132511824
ur,tetrapga,13.55272601,0.418417217,0.285865857,0.010221983,34.147998,41.66677,4.26849975,1,0,0,2.826626712,0.067656095,1,0,0,0,0 0 0.050000000000000003,0 0 0.050000000000000003,0 0 0.050000000000000003,wrist_3_link,-1,0,0 0 0,0 0 0,,-0.055059612890588909 -1.522770271116078 -0.070537251581590882 -1.6567435156636874 -0.027879730025972937 -0.094031763101796006,-0.054177451276486245 -0.026203784202233252 0.00025360173431297241 0.035639633856109292 0.052229933843712356 0.0077787023172225358,-0.24634516507591969 -1.8099970976909163 -0.16020497942813181 -1.5492415495561245 0.16260655482147282 -0.083954248634268827,-0.099339145496303252 0.032810261645438127 0.16501897277208749 0.20169282934560204 0.13997352277187727 0.12515341486664089,-0.064960233738849488 -1.5280088100190028 -0.069685259667612021 -1.6498690233260564 -0.018382097196137183 -0.092307106699281133,-0.67841812408742919 -0.34380028886127911 0.070292130984981605 0.48671469916631416 0.6599273300728381 0.13031265520389021,4.510154068565253 -122.2569353071641 -48.45588060757818 -2.4854145469324118 0.51777401595641137 0.0093329194865123255,-1.2413385865291957 -2.620105153003351 1.5166199646342307 0.57243104549252166 0.20425940549784372 0.10609102010886318
ur,tetrapga,13.594463355,0.420303938,0.30384218,0.012061188,39.533646,47.319302,4.94170575,1,0,0,2.777074764,0.075302783,1,0,0,0,0 0 0.050000000000000003,0 0 0.050000000000000003,0 0 0.050000000000000003,wrist_3_link,-1,0,0 0 0,0 0 0,,-0.056852102794576552 -1.5236830729937272 -0.070554972994589626 -1.655576631690314 -0.026162500539399954 -0.093773835648465309,-0.036764062300145305 -0.019523248747253436 -0.00076307482718669043 0.023899110213406804 0.03524524110345139 0.0052928193843094261,-0.25039205449780072 -1.8085099090973127 -0.15322326608413031 -1.5408219531956047 0.16836535155892488 -0.078687656334884656,-0.094562505126891572 0.038452202252401799 0.16950930641017803 0.20172676414951268 0.1359537421034876 0.12719727885024684,-0.068419551120901367 -1.5298783647149694 -0.06934273342224466 -1.647304967242373 -0.015014969540082074 -0.091550500516184269,-0.6857939198671732 -0.36887374184938942 0.069994287632367369 0.49886985157094577 0.66402871261245122 0.14041106654756016,8.9523498876216347 -114.99143759420551 -46.145120924327856 -2.7540881438602378 0.55985001106320342 0.0034153458139494016,-0.074118794367223018 -1.2089259211552417 1.8091781735928407 0.18927915812764695 -0.17986301484118883 -0.016329886186241538
ur,tetrapga,13.641887465,0.421710159,0.286606476,0.011161443,39.771909,47.563102,4.971488625,1,0,0,2.739294807,0.052643472,1,0,0,0,0 0 0.050000000000000003,0 0 0.050000000000000003,0 0 0.050000000000000003,wrist_3_link,-1,0,0 0 0,0 0 0,,-0.059456210814823003 -1.5248940276955449 -0.070428359448609618 -1.6538300030997883 -0.023679887473234427 -0.093361212467563917,-0.054398154293081848 -0.026729723084041715 0.0031005231648747124 0.039176750600564761 0.053711049676895169 0.010550445137158641,-0.2547450917654891 -1.8065346402744464 -0.14506726795308147 -1.5312595362398538 0.17470076463346093 -0.072602898948726499,-0.088991661942682182 0.044846545329051295 0.17441533409342427 0.20149825620952683 0.13119381233744112 0.12938976879010888,-0.071645274407257015 -1.5317223001162115 -0.069009278826079642 -1.6448338950063621 -0.011830473113097935 -0.090781986497849937,-0.68331991168602424 -0.38625254912254281 0.075607611964579477 0.51279145984116048 0.66884085213047917 0.15264901127124286,8.767497825242371 -109.25256984073091 -43.355596320363603 -2.557111433816516 0.52492928439419173 0.0039467314240932416,-1.1716650954411421 -2.3226125985711406 1.6742164717270214 0.57248232098299923 0.19030795832992453 0.11655092765539621
ur,tetrapga,13.689525194,0.423672146,0.275686618,0.024549494,34.201811,41.618537,4.275226375,1,0,0,2.747137838,0.03793641,1,0,0,0,0 0 0.050000000000000003,0 0 0.050000000000000003,0 0 0.050000000000000003,wrist_3_link,-1,0,0 0 0,0 0 0,,-0.061579743439795734 -1.5259672559764772 -0.070311677731863809 -1.652302488549787 -0.021589050388092022 -0.092944844647247338,-0.066307546955577251 -0.028150944404934552 0.0088794900921308172 0.049543410865102479 0.065701384760366008 0.01383640645682262,-0.25884823171048099 -1.804245756174615 -0.13664542989215109 -1.5216717598353484 0.18083269327954754 -0.06638941468602598,-0.083248638369720226 0.051243842657150325 0.17912626449643831 0.20098267700307007 0.12621363887130507 0.13145030926800946,-0.072016583891446606 -1.531698583792884 -0.068705633493613041 -1.6441955642995414 -0.011259009799258122 -0.090424689614843262,-0.67550948957209922 -0.35672580524958158 0.1193555839820111 0.54657850328313462 0.68134411110980719 0.17984076377599098,3.5382836418506471 -109.93042333678588 -41.881983827812633 -1.9290357973911396 0.41398275709974586 0.012284985618978991,-4.2907659758591308 -5.9940253683635092 0.76575980885624517 1.3747716574807782 1.0763187221120631 0.27112227973762515
ur,tetrapga,13.731215716,0.42484458,0.298418705,0.00977637,39.505399,46.924916,4.938174875,1,0,0,2.694005391,0.03800193,1,0,0,0,0 0 0.050000000000000003,0 0 0.050000000000000003,0 0 0.050000000000000003,wrist_3_link,-1,0,0 0 0,0 0 0,,-0.063832117240881947 -1.5270427694768207 -0.070091723187390778 -1.6506705426017243 -0.019403729833442882 -0.092483317662145223,-0.046037242469491389 -0.024513208291692269 0.0031949609188112668 0.033369798856344862 0.044881402324627902 0.0094716120471097232,-0.26221209957542974 -1.8019931523449637 -0.12909485612290089 -1.5133062287828856 0.1860009748318005 -0.060873679760298234,-0.078107094437699823 0.056814363123871545 0.18306479927800087 0.20029654352073686 0.12169796302159687 0.13313483728358827,-0.075415016678047384 -1.533558989493818 -0.068069354326324133 -1.6413431711923594 -0.0078221946387558479 -0.089414742815657269,-0.68056877009179562 -0.37804497519277869 0.12285018820079648 0.55889226169085182 0.68412448402558335 0.19057549067354851,7.729256238094762 -102.70431070083492 -40.139007451722563 -2.2754034130303071 0.46845199681216948 0.0051880566345518433,0.087225541332941248 -1.8148792976553523 1.4664555652753677 0.093135044950940937 -0.20093007898421789 -0.029273923924506562
ur,tetrapga,13.778247403,0.425595246,0.291379893,0.013968585,39.683775,47.152896,4.960471875,1,0,0,2.652754293,0.013884533,1,0,0,0,0 0 0.050000000000000003,0 0 0.050000000000000003,0 0 0.050000000000000003,wrist_3_link,-1,0,0 0 0,0 0 0,,-0.06666698842685756 -1.5284863439326932 -0.069791721673782128 -1.6485480801323111 -0.016620951014186681 -0.091853493377325013,-0.05321118243549857 -0.030193150266676828 0.0052882068555674087 0.04317950027568343 0.054565480114141938 0.014356574356543916,-0.26574681360923696 -1.7991740419665203 -0.12038462889232998 -1.5039092304865354 0.1916015556961021 -0.054570051126116702,-0.072183710256710706 0.063059395390114736 0.1872954002403511 0.19926001455901349 0.11643483789270456 0.13489986554966016,-0.078635228973657351 -1.5354290200048142 -0.067457931670559093 -1.6385665251276333 -0.0045250573956504229 -0.088399023449445266,-0.6759024865033445 -0.39227403655900739 0.13025180359804026 0.57223420097666466 0.68710335804128575 0.20317588655145227,7.4418647828345534 -96.956185131326052 -37.411916868388545 -2.0809307748694481 0.43365550504437167 0.0057182798108454547,-0.43609490266618423 -1.0845748259562242 2.0952877925570021 0.4075831162117538 -0.0088046016820584327 0.1032760892272222
ur,tetrapga,13.825502434,0.427337639,0.279677099,0.027413085,34.125557,41.514596,4.265694625,1,0,0,2.662853523,0.003602255,1,0,0,0,0 0 0.050000000000000003,0 0 0.050000000000000003,0 0 0.050000000000000003,wrist_3_link,-1,0,0 0 0,0 0 0,,-0.068726795533332094 -1.5296686437490421 -0.069573745205528337 -1.6468663971922777 -0.014503487554524441 -0.091289640866113825,-0.064732164957021804 -0.030360482666210841 0.012638475324508437 0.054736469856344457 0.06679294796138803 0.018608636748338684,-0.26901477055544543 -1.796046878539463 -0.11143812018244195 -1.4945232949881624 0.19697533339522524 -0.048156335254282562,-0.066107564325645615 0.069284180938933432 0.1913130294947708 0.19793945933702434 0.11097434767483351 0.13652657710203409,-0.078995639984320076 -1.5354480944940323 -0.067135076961260864 -1.6378831954185433 -0.0039482438421252954 -0.087996661436910151,-0.6643285336007696 -0.36240787267854324 0.17259518332406792 0.60415826097441983 0.69575364616571567 0.23095885558607396,2.3800740395607498 -96.764069619135768 -34.943507034244575 -1.3418111690017769 0.3037370837246377 0.015322163497381282,-4.2295357253065049 -4.977484197063859 1.5519330440413341 1.5351327872576803 1.0922027444614706 0.36096520996403569
ur,tetrapga,13.867087617,0.428322485,0.300632887,0.010998876,39.537412,46.939521,4.9421765,1,0,0,2.605510737,0.002470117,1,0,0,0,0 0 0.050000000000000003,0 0 0.050000000000000003,0 0 0.050000000000000003,wrist_3_link,-1,0,0 0 0,0 0 0,,-0.070924921325775575 -1.5307978121255996 -0.069203499292630075 -1.6450609162285896 -0.012282520599865279 -0.090669057325122537,-0.044979464117194189 -0.025172068441182988 0.0065437356271547268 0.036948996138475652 0.045605698254676121 0.012735911631113844,-0.27165096422787982 -1.7930526155814102 -0.10341228765462637 -1.4863201505278565 0.20148790749065693 -0.042451249135452535,-0.060662913561528718 0.074714045524396921 0.1946505116748535 0.19654721573094985 0.10603294187097496 0.13783476633584765,-0.082315015684612081 -1.5373285497718043 -0.06622066075358736 -1.6347520773880526 -0.00045690318180376804 -0.086731137771667077,-0.66713197105171718 -0.38037826789041018 0.17894022285913502 0.61569356159872812 0.6968637815036518 0.24170284127006997,6.372544321984102 -89.637984985490064 -33.819199930032518 -1.773987265473691 0.37218030611400393 0.0069827537255871923,0.046651852544925987 -1.1656715294075184 1.6498314733147197 0.07314931541804981 -0.20282246404041082 -0.039338973650728803
ur,tetrapga,13.914122461,0.428830746,0.293300623,0.014608265,39.462054,47.050885,4.93275675,1,0,0,2.563382724,0.016862926,1,0,0,0,0 0 0.050000000000000003,0 0 0.050000000000000003,0 0 0.050000000000000003,wrist_3_link,-1,0,0 0 0,0 0 0,,-0.073719352128494342 -1.5322754109628556 -0.068683458657622279 -1.642697733550448 -0.0094332097918706295 -0.089831122144514872,-0.052504081368580847 -0.030535151350199727 0.009734278824205066 0.047892062681611683 0.055801765859326891 0.018456438901487744,-0.27435739634537309 -1.7893952003136304 -0.094172572873041885 -1.4771176102845553 0.20634087799789294 -0.035936139988804634,-0.054401378373077007 0.080793810063925831 0.1981966893265526 0.19471470375517724 0.10029838569915341 0.13917346571962341,-0.08545146190132949 -1.5391973823004901 -0.065336533996900786 -1.6317154255353965 0.0028822626328414295 -0.085472771827711388,-0.66067030104513025 -0.39151467948190594 0.18747827837040773 0.62788326101193936 0.6979053461083039 0.254170263351991,6.0894013712851853 -84.015655882398818 -31.222891258768314 -1.5935216518601507 0.33979459767970932 0.0074284245572089312,-0.41599853100314022 -0.76181988331882167 2.1912396867963366 0.39721484962410614 -0.0091203104289334647 0.10921062923065961
ur,tetrapga,13.961276383,0.430385242,0.282587788,0.029759416,39.834121,47.364053,4.979265125,1,0,0,2.531070893,0.026014844,1,0,0,0,0 0 0.050000000000000003,0 0 0.050000000000000003,0 0 0.050000000000000003,wrist_3_link,-1,0,0 0 0,0 0 0,,-0.075750920593385535 -1.5334690303232434 -0.068291931390866686 -1.6408337597362472 -0.0072687489854378383 -0.089108248480280872,-0.063618882375762895 -0.031178898848183936 0.017472862610090848 0.060327039955717372 0.068105447309795009 0.023599956913227815,-0.27677259690732825 -1.7854431795601853 -0.084747879734316647 -1.4679847181292256 0.21093190026620368 -0.029344902687707574,-0.048021099008559165 0.086815373436678334 0.20150299345292311 0.19260518028568469 0.094402884277673377 0.14036368486938547,-0.088256117990802879 -1.5409478230986418 -0.064477602139362461 -1.6288632150621798 0.0059358731912222216 -0.0842382479625291,-0.65372398366885121 -0.3978161342753545 0.19972265540039624 0.64147429334006034 0.69892048960521158 0.26792414552345134,5.6473322634611343 -78.855295086788473 -28.832177414145701 -1.4181590632504275 0.30577412419564648 0.0078787553572108315,-4.0685885422860224 -4.5598967158211963 2.0652526770230963 1.6665273177395648 1.1056049348117138 0.45102324382528991
ur,tetrapga,14.008718472,0.431171898,0.281410778,0.027383732,34.125857,41.909284,4.265732125,1,0,0,2.545212367,0.050301163,1,0,0,0,0 0 0.050000000000000003,0 0 0.050000000000000003,0 0 0.050000000000000003,wrist_3_link,-1,0,0 0 0,0 0 0,,-0.078265107408633447 -1.5348047529958624 -0.067643994816634093 -1.6384977355044781 -0.0046207836002141092 -0.088184828644488567,-0.070318377741877977 -0.034909848570405105 0.020850074345581018 0.067578802145422112 0.075145146221281281 0.027004201045329863,-0.27889663062177333 -1.7811823814550731 -0.075114307690883064 -1.4589028584858044 0.21526711207740024 -0.022660411147463557,-0.041505647024351659 0.092791154234121417 0.20457292066266061 0.19021041942749969 0.088332801183260326 0.14140609936937559,-0.088358988309716668 -1.5408050234079638 -0.064129477136703084 -1.62830763388162 0.0062768198030848455 -0.083833433592243087,-0.63729697955552578 -0.36609193769765269 0.24141516998523421 0.67160519541932273 0.70240940431579157 0.29726309739965284,0.96903728710123183 -77.550392386192968 -25.052770841422145 -0.5425207966475567 0.15272001310843944 0.019053016075100074,-3.673845017599433 -5.3092375109499699 1.6781012220824039 1.533488981710434 1.0310359385938321 0.43743633419947514
ur,tetrapga,14.050744772,0.431541507,0.301737091,0.01095233,39.743629,47.26936,4.967953625,1,0,0,2.487649821,0.051558133,1,0,0,0,0 0 0.050000000000000003,0 0 0.050000000000000003,0 0 0.050000000000000003,wrist_3_link,-1,0,0 0 0,0 0 0,,-0.080630355175392632 -1.5361115283494422 -0.067003296666043613 -1.636272257127527 -0.0021288173508176135 -0.087287121444712013,-0.048346766805760617 -0.029270667955130867 0.01186722704123744 0.045544199513090751 0.051171337393034873 0.018422317826412852,-0.28051835289223448 -1.7771728089705847 -0.066463592249879785 -1.4509575970157211 0.21886448959462773 -0.016700553636719285,-0.035659787183086322 0.098009011740750898 0.20707356655978945 0.18786350865544918 0.082847349286655131 0.14219842651945203,-0.091518679632942523 -1.5426662889714877 -0.062833748462460703 -1.6248419555316971 0.0097844920552728198 -0.082231674964543172,-0.63648124277726004 -0.37932994018611554 0.25177295160878066 0.68210430301689728 0.70113523501292596 0.3081475888114063,4.517443168960682 -70.546268087193809 -24.71067945110963 -1.0700982729691375 0.23652793259800836 0.009269453435297368,0.074767120553076438 -0.79948776345281658 1.6428495658743429 -1.1938353964069393e-05 -0.21466523944283988 -0.056899990296301439
ur,tetrapga,14.098125122,0.431611185,0.298902743,0.016889981,34.150108,41.901976,4.2687635,1,0,0,2.48096322,0.068754455,1,0,0,0,0 0 0.050000000000000003,0 0 0.050000000000000003,0 0 0.050000000000000003,wrist_3_link,-1,0,0 0 0,0 0 0,,-0.083389837283320709 -1.5377297044605878 -0.066223503352874358 -1.6335752404602901 0.00082959254857754568 -0.086164291502737703,-0.049473650394334628 -0.032134665114799663 0.014211384327650367 0.052521040998073018 0.055509444842927087 0.023495717182655161,-0.28205029136077442 -1.7723915405835879 -0.056590466059463884 -1.4421241377119771 0.22264109585341493 -0.0099448816344036052,-0.028992933264734542 0.10379895643687147 0.20964222109880112 0.18496688596939587 0.076550012774003612 0.14294286532179037,-0.092389700939059322 -1.5430573823294047 -0.062268186186593036 -1.6235683593642496 0.010910684256779914 -0.081532677721751684,-0.61693033107916473 -0.35742321375429698 0.28255496865260837 0.70502984538896341 0.70045526557182991 0.33316319646572468,-0.042635470262224473 -67.872313389950534 -19.963568332167448 -0.10297207224652749 0.069835302511740083 0.021381090939372852,-0.14414866820055749 0.47670996473152627 2.5334972082347917 0.3002386546741036 -0.10165618716307634 0.094546116431303062
ur,tetrapga,14.14012589,0.432858648,0.311801019,0.014956052,34.138316,41.797012,4.2672895,1,0,0,2.449650133,0.053927274,1,0,0,0,0 0 0.050000000000000003,0 0 0.050000000000000003,0 0 0.050000000000000003,wrist_3_link,-1,0,0 0 0,0 0 0,,-0.085070004882946193 -1.5388334512960582 -0.065730954043431891 -1.6317896900141009 0.0027166169531354463 -0.085361646012129949,-0.032568324145375506 -0.021279111484619598 0.0096210624282404081 0.034504820013381392 0.036475142288506651 0.015516691635404411,-0.2831428110962893 -1.7679256716195868 -0.047741497245363605 -1.4344131949367793 0.22573737382343037 -0.0039296624220804231,-0.023021791087365337 0.1088432646223465 0.21169402310129484 0.18218011561132474 0.070875264468607299 0.14347005770116036,-0.093574807411586525 -1.5437074276709506 -0.061530874239810442 -1.6218907261662237 0.012404627569037433 -0.080621382814192594,-0.60561932305457211 -0.34525136331910539 0.30858698615939961 0.72353732357942691 0.69887213111746305 0.35322238533334305,-0.71088299724998638 -63.825427330226113 -17.60195192756467 0.13124327776922717 0.024708305445646228 0.022926260611588197,-0.14535164093535968 0.71746339220499067 2.2434078621711819 0.10669729853270837 -0.17695225515108781 -0.047866752330008921
ur,tetrapga,14.182028246,0.43332238,0.303455905,0.011513208,34.081151,41.536077,4.260143875,1,0,0,2.407032596,0.047554827,1,0,0,0,0 0 0.050000000000000003,0 0 0.050000000000000003,0 0 0.050000000000000003,wrist_3_link,-1,0,0 0 0,0 0 0,,-0.087171493708845138 -1.5400156209311817 -0.064931436832727174 -1.6295191717954187 0.0050537277392216431 -0.08433101797241703,-0.043539379909543964 -0.025938368306837618 0.015980177909193996 0.046793646816158878 0.048312817574633897 0.02131596631672468,-0.28398176187423901 -1.7632609783616648 -0.038831858003623689 -1.4268411997626562 0.22858720551129941 0.0020909094369296779,-0.017013270289414784 0.11378746110661661 0.21352741360746957 0.17919797325960427 0.065134658154446912 0.14387107142373221,-0.095130810201828717 -1.544572688239882 -0.06059780910667234 -1.6197977309658831 0.014296901478596772 -0.079512469704001859,-0.59470746542872943 -0.33889549772352501 0.32916830642727612 0.73840226070359716 0.6959654884345402 0.37046634050760147,-0.84810302723252384 -59.151073698648133 -15.308614391797619 0.29246621667344441 -0.0064216273388185141 0.023385412062345942,0.038814456981469903 -0.30417496842528635 1.7269811701044091 -0.014925332155144133 -0.20366514658745416 -0.06581924414643936
ur,tetrapga,14.223668638,0.434408551,0.3080439,0.012897581,34.043605,41.55744,4.255450625,1,0,0,2.37113259,0.027749675,1,0,0,0,0 0 0.050000000000000003,0 0 0.050000000000000003,0 0 0.050000000000000003,wrist_3_link,-1,0,0 0 0,0 0 0,,-0.088860612119249588 -1.5410094950812201 -0.064247685782807942 -1.6275932346641304 0.0069831317361847087 -0.083416565913122839,-0.035184620308738333 -0.020975758519150539 0.014258812478320481 0.040121537589964562 0.040169145038939737 0.019128202559320684,-0.28456509162943516 -1.7584221273163574 -0.029906265593109577 -1.4194444435650957 0.23117941597857705 0.0080879001199264753,-0.010997210070893637 0.11860812542587237 0.21513567804070163 0.17603799628238287 0.059358716388799103 0.14414545930528197,-0.096661750905960714 -1.545463006257312 -0.059644301291954686 -1.6176831362297781 0.016180986908395457 -0.078373542273380309,-0.58325497329125309 -0.33398932728090169 0.34730577046204053 0.75154332757175424 0.6926212928136577 0.38637194407012154,-1.2788179160493449 -54.61374645827722 -12.90717108700272 0.49750101336942021 -0.045052135771872448 0.024464886352213285,-0.045715296093021607 0.21845436361218162 1.9346371862745286 0.039381125058753241 -0.18115007401040017 -0.059039988220945361
ur,tetrapga,14.265329559,0.435592933,0.309375709,0.012223734,34.09543,41.432563,4.26192875,1,0,0,2.342652188,0.014167673,1,0,0,0,0 0 0.050000000000000003,0 0 0.050000000000000003,0 0 0.050000000000000003,wrist_3_link,-1,0,0 0 0,0 0 0,,-0.090442383820414765 -1.5419154209259673 -0.063514371326965496 -1.6256799722377062 0.0088349218257802748 -0.082469276688190291,-0.031264569903964007 -0.018047592559417337 0.014591942535307783 0.037755982823427299 0.036523473937639481 0.018762746518957117,-0.28489717520137364 -1.7533820217129303 -0.020913729994074121 -1.4121797422861919 0.23353085823144648 0.014096695990758657,-0.0049389379010063407 0.123333625075346 0.21652952453151733 0.17268397227020474 0.053516024156405821 0.14429579233891315,-0.098125796315444769 -1.5463292759402858 -0.058665899442467431 -1.6155727643798858 0.018018244370780197 -0.077209282624822684,-0.57171612400591321 -0.33000779595485252 0.36417961015393208 0.76359873642100284 0.68878625556000428 0.40151585940567935,-1.6475591218035133 -50.029054957264904 -10.53015070187892 0.69205850496288446 -0.08197669575803207 0.025389680707957291,-0.025403795305294352 0.055934327483555535 1.8335600797692564 0.043037384041781479 -0.16751138975762103 -0.05791474421471321
ur,tetrapga,14.306867317,0.436789117,0.308513635,0.011307783,34.193767,41.757831,4.274220875,1,0,0,2.319675762,0.006640828,1,0,0,0,0 0 0.050000000000000003,0 0 0.050000000000000003,0 0 0.050000000000000003,wrist_3_link,-1,0,0 0 0,0 0 0,,-0.091970954333421256 -1.5427580411671964 -0.062720200568910103 -1.6237592249442159 0.010645575157643816 -0.081494251364004164,-0.031622871842133381 -0.017801698299936108 0.016362812694232343 0.039550248937869979 0.03733630987443453 0.020122235581642459,-0.28497628909471118 -1.7481629260528286 -0.011894454643873207 -1.4050795513911587 0.23563181657630772 0.020091387657479347,0.001134751028433197 0.1279430118235487 0.21770313212096337 0.16915190208293948 0.047634148727953553 0.14432176165323304,-0.099527401332445711 -1.5471587935103499 -0.05765259610967343 -1.613467809378426 0.019807061231026189 -0.076022509886786188,-0.55987825348847964 -0.32689187076316228 0.3800567378918418 0.77477316279759834 0.68439393590100439 0.41615713965858103,-1.9529345393086022 -45.301254310574777 -8.1342210682363749 0.87882642604971073 -0.11758778699117756 0.026163342285865514,0.013539978672099551 -0.1648203601653222 1.6961674371650304 0.017414967315744434 -0.16683118257310525 -0.062120798568230384
ur,tetrapga,14.34872856,0.437914537,0.30863801,0.010738294,34.066115,41.426983,4.258264375,1,0,0,2.301014666,0.004553915,1,0,0,0,0 0 0.050000000000000003,0 0 0.050000000000000003,0 0 0.050000000000000003,wrist_3_link,-1,0,0 0 0,0 0 0,,-0.093502740926688865 -1.5436039147872045 -0.061863500072061602 -1.6217730353140321 0.012480104066779752 -0.080465066746913755,-0.031660591093972054 -0.018033795067260421 0.017566110379667387 0.040887596933009064 0.037827431568884455 0.021236544204378503,-0.28480017604126678 -1.7427117202855329 -0.0027602055866116928 -1.3980763936851517 0.2375008921406212 0.026131239760312033,0.0072835424919275686 0.13248014095263164 0.21866596548963649 0.16540643702573837 0.041656770489966959 0.14422261550913651,-0.10089419419192802 -1.5479758144131834 -0.056596561959742525 -1.6113392013456087 0.0215781462892113 -0.074800014359525227,-0.54739038519695016 -0.32430753408470714 0.39518576746801404 0.78515262754369419 0.67932045753072479 0.43047174597057591,-2.2666036100333358 -40.414856202073096 -5.6679438183038284 1.0702059135390969 -0.15409269724993963 0.026940821262588378,0.035251932187350121 -0.26724029396609694 1.6107441422920203 -0.0016342575781891355 -0.16592567354833676 -0.065565588734727953
ur,tetrapga,14.390252091,0.438979892,0.309017743,0.010479255,34.259359,41.695314,4.282419875,1,0,0,2.285319307,0.003829838,1,0,0,0,0 0 0.050000000000000003,0 0 0.050000000000000003,0 0 0.050000000000000003,wrist_3_link,-1,0,0 0 0,0 0 0,,-0.094993209236313617 -1.5444456607772405 -0.060977494717622684 -1.6197738494384513 0.014290363505628682 -0.079407149434621946,-0.031408775560780575 -0.018295235231146265 0.018598452877049233 0.042040026479768552 0.038093026409927198 0.022316304648255795,-0.28437072139752956 -1.7371191706849858 0.0063356086738618434 -1.3912883968618042 0.23910678934010504 0.03211567776327276,0.013404456842254634 0.13686858776711727 0.21940159618989455 0.16151100756550327 0.035685655860016798 0.14399997042287013,-0.10221804819616041 -1.5487857372747529 -0.055509040408307661 -1.6091986004040963 0.023322844852413212 -0.073548043704164637,-0.53429331145587811 -0.32187496045956476 0.40974849183556261 0.79474062472478924 0.67357374562024441 0.44444227476611126,-2.5884376600365195 -35.442163593806271 -3.1723351783579954 1.2627846237423646 -0.19089589812255817 0.027699203751362825,0.041063709624381772 -0.26183220173879818 1.5718881950825505 -0.016040881137996621 -0.16505185800543387 -0.068899386373772131
ur,tetrapga,14.432052803,0.440014227,0.309613785,0.010427329,34.123996,41.529456,4.2654995,1,0,0,2.273087596,0.00506972,1,0,0,0,0 0 0.050000000000000003,0 0 0.050000000000000003,0 0 0.050000000000000003,wrist_3_link,-1,0,0 0 0,0 0 0,,-0.09645525283081903 -1.5452914026120799 -0.060050901415974245 -1.6177391189017862 0.01609418219767678 -0.078306958431668114,-0.030793669887789157 -0.018298213010668023 0.01949129887987202 0.042769307672870988 0.037934478230949559 0.023195409937345413,-0.28368133460868594 -1.7313076707004755 0.015518369652707024 -1.3846221667384657 0.24047222550419353 0.038128119828978228,0.01958216454930237 0.14116884025726503 0.21992029939297103 0.1574127502214781 0.029639913861964098 0.14365090727039281,-0.1035010622004052 -1.5495930920178207 -0.054388437785430281 -1.6070399979535477 0.025045512702375317 -0.072262240894418517,-0.52055146201728064 -0.31931525974050212 0.42394164146565261 0.80360771371172279 0.66712489837691114 0.4581575223847546,-2.9132995168952851 -30.405218510845305 -0.65044653970538313 1.4568559910266738 -0.22800218086825902 0.028455659278999287,0.035773103692861241 -0.18444581973017193 1.5640993026837577 -0.025495264788332861 -0.16335660787892436 -0.071610846155465424
ur,tetrapga,14.473683851,0.440833277,0.310628138,0.010381822,34.118739,41.509482,4.264842375,1,0,0,2.262892741,0.008433999,1,0,0,0,0 0 0.050000000000000003,0 0 0.050000000000000003,0 0 0.050000000000000003,wrist_3_link,-1,0,0 0 0,0 0 0,,-0.097945344763690045 -1.5461708204869207 -0.059043025442622431 -1.6155881330107342 0.017961206311486618 -0.077119781256131587,-0.029546691236484419 -0.017838981978751667 0.019997564911156344 0.042556537855693875 0.03695403304028258 0.023554005703855876,-0.28273785496358267 -1.7253436204476356 0.024680782977999943 -1.3781568582013781 0.24158034627495503 0.044099062603332316,0.025744769245028339 0.14532987174566087 0.22021482614392154 0.153159410032191 0.023591485394146055 0.14317889963913544,-0.10477214303919137 -1.5504133685018981 -0.053213917901587915 -1.6048213226741814 0.02678233631622387 -0.070918994669518648,-0.50611744521939173 -0.31642653141090887 0.4377267143682152 0.81159285163869443 0.65987210176692335 0.47150205106831067,-3.2392962180989402 -25.348029519412382 1.8767553624414397 1.6509640030220738 -0.26510619313222222 0.029210652485368315,0.028811873585311787 -0.10597922396755166 1.5572732621530747 -0.02917995084226277 -0.15911486502901795 -0.072715137320756185
ur,tetrapga,14.515265058,0.441743422,0.311246977,0.010206995,34.061887,41.397169,4.257735875,1,0,0,2.255984136,0.010314533,1,0,0,0,0 0 0.050000000000000003,0 0 0.050000000000000003,0 0 0.050000000000000003,wrist_3_link,-1,0,0 0 0,0 0 0,,-0.099340438322427657 -1.5470078887805703 -0.058033665547816846 -1.6134961336081219 0.01973786664309081 -0.075941670791178473,-0.028833474532170389 -0.017646712146062799 0.020856610082100178 0.043070066425467943 0.036621769704064451 0.024303947396638246,-0.28153930566036661 -1.7192163938631801 0.033839854431792674 -1.3718795180292889 0.24243535507300129 0.050040671047538197,0.03190401265445468 0.14936015273570732 0.22028717794513294 0.14874490733148724 0.017530630353407694 0.14258391266845213,-0.10598547342353518 -1.5512169860542309 -0.052014210631252597 -1.6026077010903361 0.028475959558785114 -0.069553761459539051,-0.49114784339142142 -0.31329467680572332 0.45119763703684235 0.81887838201973728 0.65198226047622088 0.48457140922093866,-3.5535422063649911 -20.271614408091772 4.3986374743128174 1.8424810110792751 -0.30177576909900777 0.029923629342508633,0.028088388299693179 -0.068116246664430946 1.5310491887229034 -0.038801094441623718 -0.15658033347148859 -0.075029060954932447
ur,tetrapga,14.556759088,0.442648826,0.311762118,0.009963876,34.239555,41.861428,4.279944375,1,0,0,2.252396492,0.012543618,1,0,0,0,0 0 0.050000000000000003,0 0 0.050000000000000003,0 0 0.050000000000000003,wrist_3_link,-1,0,0 0 0,0 0 0,,-0.10068159579213558 -1.5478272928795074 -0.05700143099949171 -1.6114110190581987 0.021472989876080539 -0.074745583020700876,-0.02825691296937145 -0.017561954330220581 0.021845543874720801 0.043839062207982914 0.036486787705077448 0.025214875833114072,-0.2800879841088752 -1.7129376322875423 0.042978127793104844 -1.3658016751742776 0.24303706734672978 0.055942612402841929,0.038048452310004047 0.15325237020233762 0.22013803239679317 0.14417899996469044 0.011470317325459223 0.14186754660350237,-0.107138756110853 -1.5520015827902931 -0.050793077841886025 -1.6004056080450644 0.030122285972966529 -0.068170782190667176,-0.4756526881525569 -0.30993041551854905 0.46434287186357648 0.82546900398429846 0.64347640723433663 0.49736125636647277,-3.8597977267458297 -15.182040087344516 6.9146341220855909 2.0318947723652663 -0.33808464237466956 0.030603884930596216,0.030088632457477615 -0.050944303041433159 1.4945814600947074 -0.050803015697965748 -0.15449364187886516 -0.077840566803587308
ur,tetrapga,14.598724665,0.443522962,0.312334699,0.009718609,34.049516,41.632419,4.2561895,1,0,0,2.252641602,0.017003799,1,0,0,0,0 0 0.050000000000000003,0 0 0.050000000000000003,0 0 0.050000000000000003,wrist_3_link,-1,0,0 0 0,0 0 0,,-0.10200017583513891 -1.5486488422522655 -0.055920836153982321 -1.6092819388255934 0.023208181635180007 -0.07350176100119396,-0.027785729204434843 -0.017592782464015726 0.022890693494213913 0.044772410344812788 0.036494676702042955 0.026224386418801884,-0.27836099416126775 -1.70642607773665 0.052209252256523168 -1.3598507831263082 0.2433897216747401 0.061878796561751138,0.044254788578079102 0.15705286213430111 0.21976218500696665 0.13940322835994437 0.0053363549865001626 0.14101902889876061,-0.10824559942011128 -1.5527759127115313 -0.049539410070083306 -1.5981928754842154 0.03173944364326009 -0.066756861186764799,-0.45951668115095845 -0.30633752385233326 0.47719336617948083 0.83136224423369587 0.63427623017972823 0.50992630134036843,-4.1578112629022348 -10.042582786866717 9.4452403589314624 2.2207786987106073 -0.37432448553603376 0.031260263860305504,0.031640839684712319 -0.030463243513622729 1.4577913837611618 -0.063980659647313587 -0.15281398774617827 -0.080956234459904408
ur,tetrapga,14.640436852,0.444313491,0.313077912,0.00951244,34.11092,41.519365,4.263865,1,0,0,2.255271048,0.02131351,1,0,0,0,0 0 0.050000000000000003,0 0 0.050000000000000003,0 0 0.050000000000000003,wrist_3_link,-1,0,0 0 0,0 0 0,,-0.1032852502532757 -1.5494684234728195 -0.054799664320991634 -1.6071241409492016 0.0249301040659624 -0.072218120645216516,-0.027066346717685919 -0.01750417280010353 0.023766291409444605 0.045360977710907552 0.036199086445368116 0.027052841115967955,-0.27638660305164847 -1.6997986954132509 0.061364324595288407 -1.3541376250874353 0.24348519027427973 0.067741280374730165,0.050409752635730255 0.16069079908873665 0.21916451340513374 0.13450429681411721 -0.0007577664589340585 0.14005275019453134,-0.1093077948995252 -1.5535419824830656 -0.048252205440469972 -1.5959667161680384 0.033330016199435417 -0.065310213166089176,-0.4427962579847371 -0.30247679889671164 0.48966646948249815 0.83647400625600199 0.62440529324370919 0.52215971883500745,-4.4536368709714775 -4.894019466492491 11.971206082609267 2.4083583995828488 -0.41032840416958416 0.031897706084143516,0.03047623315870851 0.0032398513203588664 1.4268660265052233 -0.074613360559851571 -0.15028782826188802 -0.083512269130096684
ur,tetrapga,14.682060676,0.44491177,0.31423922,0.009332112,34.029418,41.431225,4.25367725,1,0,0,2.259767763,0.026916055,1,0,0,0,0 0 0.050000000000000003,0 0 0.050000000000000003,0 0 0.050000000000000003,wrist_3_link,-1,0,0 0 0,0 0 0,,-0.10457936603136772 -1.5503148310279551 -0.053596287002757377 -1.6048613570050234 0.026697490796824409 -0.070847539289753625,-0.025651459802456523 -0.016964839255880229 0.024023983223067726 0.044763391973984344 0.034961827928807448 0.027178716053626307,-0.27416086384144822 -1.6930370465453832 0.070470519893577638 -1.3486433152986896 0.24332725328845148 0.073548637996256175,0.056531907129286588 0.1641783305051914 0.21834578878341127 0.12947027747954251 -0.0068286719812196747 0.13896720803826043,-0.1103471903128726 -1.5543146092323412 -0.046910911381627167 -1.593688659960919 0.034924073015221282 -0.063807137451854901,-0.42545123105156746 -0.29827530962919269 0.50166685510714515 0.84067207837845359 0.6137899397708344 0.53396734711013627,-4.748980080533717 0.24701824842679293 14.493755135210666 2.5957572238697439 -0.44625796489708436 0.032542067419204887,0.027118938433488893 0.041101395589066669 1.3998167966923347 -0.077723802920445451 -0.14489718220650616 -0.083899039173331857
ur,tetrapga,14.723585812,0.445613427,0.315051169,0.009105491,34.077122,41.535667,4.25964025,1,0,0,2.267018986,0.029965585,1,0,0,0,0 0 0.050000000000000003,0 0 0.050000000000000003,0 0 0.050000000000000003,wrist_3_link,-1,0,0 0 0,0 0 0,,-0.10577650974559573 -1.5511181855837286 -0.052405860732064422 -1.6026740217392967 0.028367532597549802 -0.069498190488009023,-0.024746019757638744 -0.016731315948759096 0.024755779771626019 0.045043178447849511 0.034416358222812277 0.027834349434118801,-0.27168699094447596 -1.6861497978769364 0.079516579703053619 -1.3433737327638744 0.24291823652510122 0.079294709483405237,0.062613967109350577 0.1675117711745053 0.21730833998036744 0.12430911476578931 -0.012867483054361625 0.13776440977491697,-0.11132292618896458 -1.5550670700682501 -0.045551925148553163 -1.5914281591856683 0.036466613947045659 -0.06228908434514531,-0.40763452002795247 -0.29383408253958737 0.51330761359099442 0.84414770814344453 0.60260139264972068 0.54544745314924326,-5.0314931121328073 5.3803313822492411 16.995034719476291 2.7791477264723485 -0.48148681068419069 0.033134317381966032,0.025688701625199428 0.068642347985587548 1.3658236051026051 -0.086728101806329505 -0.14155159331338041 -0.085921484205897514
ur,tetrapga,14.765212317,0.446340318,0.315768568,0.008852533,34.007375,41.315592,4.250921875,1,0,0,2.277268704,0.032743255,1,0,0,0,0 0 0.050000000000000003,0 0 0.050000000000000003,0 0 0.050000000000000003,wrist_3_link,-1,0,0 0 0,0 0 0,,-0.10691513320723639 -1.5519019425375884 -0.051199276967885919 -1.6005036528123067 0.029989408605231558 -0.068136497760328582,-0.023980639467034166 -0.016598772159808282 0.025672474023034096 0.045633115536940355 0.034089724804068577 0.028696944786979661,-0.26895423048841832 -1.6791099109904357 0.088536898558460378 -1.3383091874331576 0.24225703771029669 0.085002198171046983,0.068679338811591717 0.17070352618575205 0.21604802229892545 0.1190018220499639 -0.018895862527025839 0.13643958608907836,-0.11223362964020593 -1.5557977751485814 -0.044178765285538851 -1.5891904934801462 0.037954767414753607 -0.060759741340680698,-0.38932499282080013 -0.28915860571531649 0.52460447164418367 0.84692656494570584 0.59084451739064414 0.55663121405997862,-5.3041102209546231 10.511237306739879 19.482900179309027 2.959821697775781 -0.51622950756196517 0.033691635079989499,0.024879147244860178 0.090492425053525949 1.3278798992242571 -0.097951631848445686 -0.13882453733378952 -0.088582860480386216
ur,tetrapga,14.80661545,0.44697414,0.316497561,0.008576449,34.140163,41.735459,4.267520375,1,0,0,2.289164476,0.035144734,1,0,0,0,0 0 0.050000000000000003,0 0 0.050000000000000003,0 0 0.050000000000000003,wrist_3_link,-1,0,0 0 0,0 0 0,,-0.1080216365061329 -1.5526844124186541 -0.049946704552476955 -1.5982977396985933 0.031601754528169067 -0.066728965540866172,-0.023309369265531399 -0.01653649498903827 0.026679829104231292 0.046390523536418288 0.033894855730379897 0.029667048738874772,-0.26598643284509332 -1.6719791527320655 0.097452252804051467 -1.3334936149229766 0.24135110804863327 0.090621921820002366,0.074675022908079425 0.17372589386172343 0.21457674391947854 0.11359638747493148 -0.02485956237297288 0.13500473528622259,-0.11309196026736093 -1.556514978245565 -0.04277894941163779 -1.5869528067874175 0.039406291737600144 -0.059204966698558702,-0.37054089930274969 -0.28423555774720261 0.53547318845081326 0.84891372528930731 0.57850384579923508 0.56742334280331463,-5.5669068095663405 15.621487094966177 21.945906317504125 3.1367653569575169 -0.55029468151724736 0.03420799893982391,0.024507769194144657 0.1084732593390072 1.286467306034865 -0.11058270619469113 -0.13642842601676364 -0.09157616485973108
ur,tetrapga,14.84845408,0.447607747,0.317370192,0.008307519,34.055039,41.660769,4.256879875,1,0,0,2.303917731,0.037779398,1,0,0,0,0 0 0.050000000000000003,0 0 0.050000000000000003,0 0 0.050000000000000003,wrist_3_link,-1,0,0 0 0,0 0 0,,-0.1090863447332758 -1.553460182181325 -0.048656775801525415 -1.5960727618546084 0.033191598163066875 -0.06528510021321357,-0.02241735403247461 -0.016341552277805631 0.027487830481186418 0.046775100979137646 0.033405487900809133 0.030420314152956464,-0.26273613474115415 -1.6646495474862408 0.10639492789928763 -1.3288573013773197 0.24018563560578557 0.096237956356886589,0.08069026317993272 0.17662243963940408 0.21287078444761159 0.10801205999537322 -0.030845838816990288 0.1334373920432827,-0.11389861174750482 -1.557219978615116 -0.041350240468879577 -1.5847117101470847 0.040823162111079878 -0.057621854325610726,-0.3511824059248333 -0.27904980020993769 0.54595276724461073 0.85013427178721113 0.56552714512310143 0.57789739131184736,-5.8226896978585412 20.737756100214195 24.408636744106822 3.3129430672020597 -0.58419795273238695 0.034715691137750783,0.023148811533019398 0.12760132127823454 1.2461278745665254 -0.12083896146032203 -0.13314343038258869 -0.093899859845947731
ur,tetrapga,14.890210536,0.448062717,0.31849396,0.008029777,34.19564,41.82984,4.274455,1,0,0,2.319433105,0.040303823,1,0,0,0,0 0 0.050000000000000003,0 0 0.050000000000000003,0 0 0.050000000000000003,wrist_3_link,-1,0,0 0 0,0 0 0,,-0.11014354188202846 -1.5542556566803984 -0.047281798249457968 -1.5937506489043276 0.034812527833957184 -0.06375235799205832,-0.020950193207646552 -0.015711191088140983 0.027590681459739475 0.045939422515158937 0.032048061758298503 0.030385793705317,-0.25924230519805519 -1.6572168638082065 0.11524431179891732 -1.324465490697107 0.23877370105619941 0.10177514383208387,0.086644213754055982 0.17935211699817538 0.21095009092394371 0.10232279701374926 -0.036772747541674589 0.13175684741653654,-0.11467108468450442 -1.5579261665466373 -0.039868667975421448 -1.5824276528263761 0.042232814130429668 -0.05598375270095942,-0.33125098373048445 -0.27354361236053937 0.55591892298434487 0.85044083743936116 0.55187114475379506 0.58791918224809936,-6.0755833288112857 25.833198345365108 26.863267779514537 3.488623768371367 -0.61795120796210945 0.035231110010628668,0.021842424242720426 0.13708942230096 1.2044665853082392 -0.12375840255754156 -0.12713878621194397 -0.093791983887470565
ur,tetrapga,14.932111045,0.448661207,0.319416044,0.007737243,34.073153,41.733562,4.259144125,1,0,0,2.337304228,0.03942076,1,0,0,0,0 0 0.050000000000000003,0 0 0.050000000000000003,0 0 0.050000000000000003,wrist_3_link,-1,0,0 0 0,0 0 0,,-0.11110615221035713 -1.5550063204110298 -0.045932009770338324 -1.5915171225736073 0.036333422878308645 -0.062252298741821289,-0.019905371855222023 -0.015395686711243899 0.028218461184941129 0.046005652803872567 0.03133439151785803 0.030941344550352773,-0.25548766083829194 -1.6496474072708618 0.12403905726288829 -1.3202996438883752 0.23710925568997099 0.10725847921415259,0.09256314709549758 0.18192628642716649 0.20880564906649357 0.096504118619725521 -0.042664932326413336 0.12995524812592446,-0.11537533888376253 -1.5586087494277125 -0.038376128968222192 -1.5801720599898652 0.043584538198728762 -0.054337024381598792,-0.31084005455348473 -0.26781324360902542 0.56552623809924785 0.85004096378929417 0.53767746180872689 0.59762516748806638,-6.3158148628112221 30.918600419492854 29.295605184330032 3.6602455671648189 -0.65098842392917711 0.035694292116957585,0.020608651910379194 0.14758349437306606 1.1605864723779291 -0.13232460420385905 -0.12311519302569707 -0.095505393459120569
ur,tetrapga,14.973945821,0.449282196,0.320280577,0.007449799,34.295194,41.923704,4.28689925,1,0,0,2.357039049,0.036713874,1,0,0,0,0 0 0.050000000000000003,0 0 0.050000000000000003,0 0 0.050000000000000003,wrist_3_link,-1,0,0 0 0,0 0 0,,-0.11200689696373357 -1.5557343359726432 -0.044572981838377129 -1.5893110314939558 0.037800396784840123 -0.060746460024579431,-0.018960260473221975 -0.015195138131436157 0.029041011932005173 0.046385565038991008 0.030816459067620917 0.031725940927179681,-0.25149274732217747 -1.6419857205300745 0.13272585915390891 -1.316385743722656 0.23520239759072756 0.11265551946639159,0.098411448638436719 0.18432869851475692 0.20644970533329041 0.09059157737193739 -0.048485457464069334 0.12804291098970988,-0.1160110324266925 -1.5592664807047081 -0.036876600560750941 -1.577950095864137 0.044876347156703515 -0.052685836285790537,-0.28998931287588436 -0.26186725056536464 0.57474435533024915 0.84893123473739718 0.52298495812423629 0.60698823967183513,-6.5466689542040077 35.977664802346538 31.700914389172112 3.8280954903626263 -0.68333828032522681 0.036116692430968454,0.018354585783413313 0.16317804951813741 1.117469910274167 -0.14274794027005555 -0.11971931017980353 -0.097925437716867236
ur,tetrapga,15.015941295,0.449716576,0.321287637,0.007111613,34.039411,41.805075,4.254926375,1,0,0,2.378098273,0.035226855,1,0,0,0,0 0 0.050000000000000003,0 0 0.050000000000000003,0 0 0.050000000000000003,wrist_3_link,-1,0,0 0 0,0 0 0,,-0.11290158464605067 -1.5564867800069007 -0.043112716552807753 -1.5869870585129264 0.039307870787653479 -0.059133807886352002,-0.017738253740307668 -0.014721288489271291 0.029400650877629449 0.046005275405551528 0.029813210376590769 0.031984339222773044,-0.24723780898697012 -1.6341971021267587 0.14134241297441169 -1.3127076363650978 0.23304475180118189 0.11799046419906518,0.10421475185633876 0.18656903943641215 0.20387115149732904 0.084559718272403966 -0.054258369466392127 0.12601083924389753,-0.11660514713899678 -1.559921604288427 -0.035327187696638965 -1.5756932936598158 0.046153359369607252 -0.050982767501654452,-0.26860482533521635 -0.25562174157612672 0.58343385752979082 0.84691044110539382 0.50765629968728421 0.61588182306179706,-6.7682611312961267 41.009248756004027 34.089093491389868 3.9938559309745911 -0.71525644464535953 0.036528010729610608,0.018154727517753599 0.15953806221023115 1.0667419922313854 -0.14925781962938345 -0.11466172215597226 -0.098721908829347171
ur,tetrapga,15.057853589,0.450260635,0.322194442,0.006778801,34.08327,41.585995,4.26040875,1,0,0,2.400937159,0.03010729,1,0,0,0,0 0 0.050000000000000003,0 0 0.050000000000000003,0 0 0.050000000000000003,wrist_3_link,-1,0,0 0 0,0 0 0,,-0.11370906125715599 -1.5571981744503016 -0.041676591980236606 -1.5847457138122716 0.040723278037096571 -0.057551504558129678,-0.016704024287281703 -0.014432608834272144 0.030109616622777439 0.046175660227628784 0.029156827523458044 0.03263847666849061,-0.24274982321625133 -1.6263337392175337 0.14982950561395569 -1.3092912743603504 0.23065125396820407 0.12322743540518251,0.10993342156734108 0.18863125857777355 0.20108698387174037 0.078450308627071363 -0.059942808041286308 0.1238723698111675,-0.11713155544495632 -1.5605531312497161 -0.033768288460440568 -1.5734662722449406 0.047373121689990527 -0.049271993689530072,-0.24680640586459515 -0.24915523504265286 0.59170017225798999 0.84415393639849823 0.49185037333570758 0.62439279255177649,-6.9794415128057974 46.001709140644849 36.443170805824742 4.1551862035310805 -0.74636553419822926 0.036893878449515652,0.016920303764550226 0.16124311519888579 1.0168201694282857 -0.15898189658491901 -0.11072444837404305 -0.10073949158642392
ur,tetrapga,15.099544191,0.450825548,0.32308413,0.00647184,34.211781,41.760136,4.276472625,1,0,0,2.425463367,0.023088801,1,0,0,0,0 0 0.050000000000000003,0 0 0.050000000000000003,0 0 0.050000000000000003,wrist_3_link,-1,0,0 0 0,0 0 0,,-0.1144518971367174 -1.5578842469181093 -0.040236593977760547 -1.5825403379381953 0.042080057469068434 -0.055968958437820321,-0.015626656532398482 -0.014167542728114955 0.030839310840494433 0.046368846358699235 0.028487780113618195 0.033335428928633164,-0.23804940381070408 -1.6184298572775426 0.15815162730541363 -1.3061487441949868 0.22803577132508709 0.12834553588302991,0.1155437291435054 0.19050806871486017 0.19811151936033311 0.0722915547296267 -0.065513859634988972 0.12163770622576682,-0.11758904813056689 -1.5611586309705046 -0.032206372642545111 -1.5712778799339109 0.048531644173604178 -0.047560501927646659,-0.22466522997031668 -0.24249273582215425 0.59950857207809016 0.84067814471781943 0.4756318242647109 0.63249676701016799,-7.1817909038819296 50.936263894997076 38.758957675260007 4.3124444292034854 -0.77670772355653028 0.037227549136167812,0.013836649197855877 0.17198680788351339 0.97077603828537917 -0.16848132924133097 -0.1068316738339945 -0.10288867708361238
ur,tetrapga,15.141372173,0.451362764,0.323987694,0.006129577,34.048679,41.554984,4.256084875,1,0,0,2.452357478,0.016351166,1,0,0,0,0 0 0.050000000000000003,0 0 0.050000000000000003,0 0 0.050000000000000003,wrist_3_link,-1,0,0 0 0,0 0 0,,-0.11514658248454793 -1.5585620506813076 -0.038758135232646429 -1.5803177410547442 0.043410403366030373 -0.054347401104728944,-0.014616859138802151 -0.013941068670895281 0.031698218048759857 0.046742643129011968 0.027936427485209223 0.03416305330548404,-0.23310017356580651 -1.6104249899444942 0.16637224847130616 -1.3032554769433948 0.22518012457842893 0.13338466049306896,0.12108866997973593 0.19221397852066624 0.19492281146848203 0.066037805343393222 -0.071012899253432668 0.11928996723727811,-0.11798480236602202 -1.5617451626808019 -0.030627493208009105 -1.5691063960603189 0.049642551242547746 -0.045832553560901365,-0.20212338231071564 -0.23560273186063391 0.60684509120421315 0.83642680425824145 0.45894093409493497 0.64017474441524969,-7.3712189428658483 55.822968391155797 41.038624046975727 4.4652047966762147 -0.80620971656374896 0.037520783940762525,0.011602408083035698 0.17452390532707796 0.91943655098634736 -0.17956056643561169 -0.10321080243481617 -0.10544136567014561
ur,tetrapga,15.183027074,0.451720309,0.324929351,0.005725462,34.040401,41.524034,4.255050125,1,0,0,2.480048531,0.010249157,1,0,0,0,0 0 0.050000000000000003,0 0 0.050000000000000003,0 0 0.050000000000000003,wrist_3_link,-1,0,0 0 0,0 0 0,,-0.11581365030818953 -1.5592527684534656 -0.037185932777491944 -1.5780007068282333 0.044758067176116356 -0.052628282549768611,-0.013213297785238311 -0.013285958519540723 0.031739364901663014 0.045854650577347278 0.026627129194257214 0.03407832066017874,-0.22794276253021567 -1.6023860450334984 0.17442213550086183 -1.3006355683245481 0.22210969896348726 0.13830318317094856,0.126521743896891 0.19373456263221392 0.1915480492936513 0.059742758617840175 -0.076392532988336884 0.11684884006388584,-0.11833285963541243 -1.5623264726334685 -0.028998342965756679 -1.5669035236353923 0.05073427873805017 -0.0440521335273686,-0.17920416229058983 -0.2284383832901708 0.61354625338029589 0.83125347611761624 0.44174619109301883 0.64728556600026965,-7.5518577510623697 60.637661618319356 43.287633814271075 4.6158171947892974 -0.83522449651908415 0.037820594705300525,0.012782322786392797 0.14694084292750631 0.85881925334733467 -0.18367045638933632 -0.097079649685525737 -0.10517904711930726
ur,tetrapga,15.224629293,0.45222205,0.325811182,0.005348634,33.98109,41.568834,4.24763625,1,0,0,2.510108648,0.001373289,1,0,0,0,0 0 0.050000000000000003,0 0 0.050000000000000003,0 0 0.050000000000000003,wrist_3_link,-1,0,0 0 0,0 0 0,,-0.11639299162274049 -1.5598978338051477 -0.035654559909946031 -1.5757866788112931 0.046006381532136632 -0.050956487325831329,-0.011993207988241552 -0.012854732683359208 0.032208314411690225 0.045620450223428338 0.025705314305210451 0.034481375550740961,-0.22256792521627788 -1.594297774031201 0.18231746267720841 -1.2982819625472484 0.21882161031491112 0.14311189437153204,0.13185403011524527 0.19507386483440051 0.18798256337789215 0.053395994729965979 -0.08166256114757145 0.11431032037637873,-0.1186107376914903 -1.562880907416043 -0.02736817431090274 -1.5647420913812424 0.051763821380124829 -0.0422724944563201,-0.15597650780319494 -0.22109427459066247 0.61978464087268736 0.82537623026731499 0.42418640563112198 0.65397699628799466,-7.7200741126340038 65.387564007183386 45.490326010869651 4.7610641367535331 -0.86325111547574451 0.038071556723145203,0.011748626958478781 0.13271480442108441 0.80229511635573658 -0.19133869280631188 -0.092255913616739349 -0.10642160392652045
ur,tetrapga,15.266265253,0.452780848,0.326690149,0.005018083,34.025382,41.42018,4.25317275,1,0,0,2.542875252,0.007795859,1,0,0,0,0 0 0.050000000000000003,0 0 0.050000000000000003,0 0 0.050000000000000003,wrist_3_link,-1,0,0 0 0,0 0 0,,-0.11690710671963755 -1.5605157957896665 -0.034125040136755144 -1.5736156148210614 0.047193915075507485 -0.049289754461051827,-0.010801444997865605 -0.012543868467413302 0.032846694216988249 0.045649754974792567 0.024917807351370506 0.035102920585628264,-0.21696867091672054 -1.5861509207500102 0.19006668349485076 -1.2961919250766609 0.21531359512533213 0.14781671647797434,0.13709141255811882 0.19623317616599734 0.18422276040235294 0.046991662116066528 -0.086827611181590977 0.11167151105100828,-0.11881834547323733 -1.5634070737847474 -0.025742085808739639 -1.5626283320296337 0.052729042664284492 -0.040498966296385955,-0.13242790846036953 -0.21359027273515577 0.62556517689037894 0.81881513394455663 0.40627180456047407 0.66026977029051448,-7.877060859213735 70.076855686051047 47.651253414818193 4.9016243053350301 -0.89040292010793087 0.038282627182269095,0.0076361825118738125 0.13696377859014319 0.75271248593320195 -0.20004146522660449 -0.087977446917662405 -0.10833764746763563
ur,tetrapga,15.307781793,0.453298466,0.327565372,0.004647035,34.220306,41.728587,4.27753825,1,0,0,2.577515146,0.016436194,1,0,0,0,0 0 0.050000000000000003,0 0 0.050000000000000003,0 0 0.050000000000000003,wrist_3_link,-1,0,0 0 0,0 0 0,,-0.11736742894394137 -1.561123278582019 -0.032559981151129819 -1.5714337643616239 0.048349777592821101 -0.047586283577901317,-0.009672829627720635 -0.012264068261631665 0.033649681425639844 0.045890177890873796 0.024256631377477401 0.035884219450704316,-0.21117049314301425 -1.5779831453825586 0.19763391261021129 -1.2943743450664946 0.21160388319338327 0.15239665521719484,0.1422097888777569 0.19720736894464305 0.18028693458311004 0.04056079707679671 -0.091862805774779635 0.10894481096605026,-0.1189616077437689 -1.5639122584082144 -0.024104290783890748 -1.5605389612803 0.05364343897671793 -0.038713891127545086,-0.10859006689821576 -0.20588527810290502 0.63084283700835064 0.8115108644192619 0.38800360602194395 0.66609172620184975,-8.0218999564341971 74.688988727549415 49.760012059901001 5.0365187154167739 -0.9164942465907564 0.038448059356999152,0.0045127642487159392 0.13151380191720818 0.69705520113267028 -0.210555343804117 -0.083989860455261578 -0.11074697436349368
ur,tetrapga,15.349606089,0.453840033,0.328424409,0.004244422,34.093812,41.421017,4.2617265,1,0,0,2.61500689,0.024171831,1,0,0,0,0 0 0.050000000000000003,0 0 0.050000000000000003,0 0 0.050000000000000003,wrist_3_link,-1,0,0 0 0,0 0 0,,-0.11776909323871979 -1.561714034319394 -0.030968926433940596 -1.5692571972181553 0.049464566657564026 -0.045857582451109873,-0.0084319960409602965 -0.011852472688711986 0.034215789242268486 0.04576356736837834 0.023380804539145976 0.036401413373722172,-0.20511674758864196 -1.5697177787462084 0.20508814988363364 -1.2928140711854272 0.20765782770090296 0.15689411214588031,0.14725600821690882 0.19800397751901785 0.17613744243445995 0.034044376082981331 -0.096813037797094881 0.10610402128717795,-0.11904039692736924 -1.5643968377863313 -0.022451782305820206 -1.5584705481215719 0.054508608595014031 -0.036913976940241074,-0.084380804516090271 -0.19796142781518711 0.63560328788886378 0.80344139095904776 0.36932572223498372 0.67146998113716583,-8.1535756103081773 79.238834925708119 51.83584131816378 5.1681261807834762 -0.94192520343464126 0.038597471817619362,0.0028135838675780178 0.11186324221762334 0.63666331972528667 -0.21912928364872641 -0.07927798250851481 -0.11234152109669537
ur,tetrapga,15.39112921,0.454369662,0.329228354,0.004035708,28.693234,36.19594,3.58665425,1,0,0,2.675831148,0.032707144,1,0,0,0,0 0 0.050000000000000003,0 0 0.050000000000000003,0 0 0.050000000000000003,wrist_3_link,-1,0,0 0 0,0 0 0,,-0.11810836640694361 -1.5622835380235163 -0.029361298101278951 -1.5670998501969537 0.050530614652798331 -0.044113935694929288,-0.0071134512708542225 -0.011355096245361589 0.03458013470568444 0.04534763204979729 0.022346736846375514 0.036704808853701365,-0.19890017574434474 -1.5614828093930371 0.21231329191893236 -1.2915352947110188 0.20353800840774039 0.16123975400528059,0.15215160914916223 0.19861030814191918 0.17183895109734243 0.027544698866054471 -0.10160028530373882 0.10319305578913497,-0.11963711303166727 -1.5657413206090913 -0.01695736700906416 -1.5520283091692404 0.057437684375904505 -0.031558508066670224,-0.074589513037881361 -0.16806035284334608 0.68680191209843688 0.80527986904563309 0.36613447261267584 0.66943360919904449,-9.6898144708576837 77.607020013382211 35.762718097356938 2.7248078658203161 -0.53909131325811133 0.0034223964271673283,0.0016479278781389439 0.084839788527460769 0.57446807356032537 -0.2259996215288993 -0.074066496633918177 -0.11327633917096591
ur,tetrapga,15.427428546,0.454715677,0.329837656,0.004319195,34.10853,41.818396,4.26356625,1,0,0,2.67758794,0.005201116,1,0,0,0,0 0 0.050000000000000003,0 0 0.050000000000000003,0 0 0.050000000000000003,wrist_3_link,-1,0,0 0 0,0 0 0,,-0.11836117387535562 -1.5627875480973514 -0.027879980526368878 -1.5651452451621439 0.051460937155659213 -0.04250622641187899,-0.0059935277121086752 -0.011449466589068896 0.036261125327505833 0.046740713573365955 0.022176956065597907 0.038505683114243121,-0.1933009808237745 -1.5542660852614556 0.21848054105936221 -1.2906388629866192 0.19977568528111125 0.16493830195040018,0.15633423577875108 0.19898904839095044 0.16793872955674971 0.021843913959761107 -0.10567683346810255 0.10057640378515241,-0.1193981008829791 -1.5656083972713528 -0.017217887916443041 -1.5522729546032914 0.057173225529420363 -0.031616561106561789,-0.04986967868385328 -0.16799536476529933 0.65009823141184175 0.78922782030290095 0.34048934545573228 0.67697576659091774,-8.1754627931303716 82.792322468301023 52.528528820226882 5.1447770336423115 -0.93826010334525956 0.038065118623414419,-0.010278494544081695 0.12801579356801085 0.53621658520116 -0.24187491837437847 -0.071992852424386911 -0.11882977072464485
ur,tetrapga,15.469322425,0.455318165,0.330635437,0.004434228,28.715576,36.118528,3.589447,1,0,0,2.758245098,0.037685709,1,0,0,0,0 0 0.050000000000000003,0 0 0.050000000000000003,0 0 0.050000000000000003,wrist_3_link,-1,0,0 0 0,0 0 0,,-0.11857914164749077 -1.5633163734461577 -0.026244402107132966 -1.5630286810588156 0.052432006259648556 -0.040736347191307323,-0.0045969662742994999 -0.010946789053312167 0.036608449395710216 0.046277970724042182 0.021091585528818346 0.038810635657313991,-0.18665242070406143 -1.5459235347765279 0.22541907877372463 -1.2898618252826139 0.19525216296572237 0.16908718291903313,0.16104459518333961 0.19925007543293638 0.16327639621621851 0.015249513568601917 -0.110250844820794 0.097475578927583323,-0.11971669375819127 -1.5666960618978336 -0.011610891364518698 -1.5459452582578082 0.059872612828399292 -0.02621709661121072,-0.039824109401988862 -0.13595807830848911 0.70087456899413136 0.79096204318907415 0.33742341237355988 0.67493306192132352,-10.099520761949504 80.506534604631725 36.799196549066757 2.786753835824495 -0.55104845634792843 0.0034908398986265511,-0.012794813390769377 0.10304350054775568 0.47477421996411806 -0.24831677775091521 -0.066665574857935894 -0.11976895552693634
ur,tetrapga,15.505536623,0.453640759,0.33761103,0.007867788,34.235779,41.694632,4.279472375,1,0,0,2.737274899,0.04010984,1,0,0,0,0 0 0.050000000000000003,0 0 0.050000000000000003,0 0 0.050000000000000003,wrist_3_link,-1,0,0 0 0,0 0 0,,-0.11887182668755357 -1.5641666065800957 -0.023689443690947939 -1.5598014979832255 0.053903367392298888 -0.038045374809155062,-0.0072466706429398526 -0.01836023674979349 0.065453552927995262 0.078976375645340782 0.03589951417480966 0.0658645599152793,-0.18074818570796022 -1.5387061004494413 0.2312569483962898 -1.2894129141156412 0.19118970902711194 0.17256760779635458,0.16501192647107588 0.1993232875040106 0.15911076306251681 0.0095418081441729589 -0.11408772149939446 0.094727405558131209,-0.1193666332655931 -1.566573630221854 -0.012374501037524074 -1.5467148213211579 0.059339598166862274 -0.026681246431534782,-0.0090466303402359314 -0.14278699785936605 0.65945831127978671 0.76981959992352267 0.30645100706504602 0.68124865983339,-8.0969241544892974 88.107392385144905 54.104134270603481 5.1453487351117966 -0.94120480715023169 0.036355821211360606,-0.20371811665279438 1.3224087639628124 0.7110867007540449 -0.44059615462265356 -0.11445480921101137 -0.20321877332182225
ur,tetrapga,15.547300975,0.453537394,0.331014532,0.005816398,28.541925,36.107258,3.567740625,1,0,0,2.826132189,0.027742738,1,0,0,0,0 0 0.050000000000000003,0 0 0.050000000000000003,0 0 0.050000000000000003,wrist_3_link,-1,0,0 0 0,0 0 0,,-0.11905346950369088 -1.5646448932385593 -0.021580524057053952 -1.5572942627287429 0.054996995931370397 -0.035914365686226309,-0.0035971558971027253 -0.0083135287732827353 0.043626507033980633 0.051129559185865037 0.022052759148199881 0.04363807940435787,-0.17376315181554569 -1.5303827445811919 0.23779918292521135 -1.2891519031826402 0.18633489166820669 0.17645635570591042,0.16946294665284084 0.19923192838218276 0.15415537210861829 0.0029576956373660091 -0.11837316748538115 0.091482671551567099,-0.11935147667921769 -1.5674359463388359 -0.0066897758824380456 -1.5405428000691064 0.061767666506256882 -0.021247760882415988,0.0018945732967562533 -0.10778951462024744 0.71059064439065445 0.77150265651123939 0.30350854242553449 0.6791856936430638,-10.700548301115012 85.036879674961256 38.577088390431165 2.9057357585425785 -0.57431584606722752 0.0036297935080221088,0.061436589384811668 -0.55098318514319544 0.014904363273686272 -0.32571828945492598 -0.059735261810459406 -0.13468538421788168
ur,tetrapga,15.583502481,0.451639082,0.340082803,0.008794114,28.73482,36.100492,3.5918525,1,0,0,2.894578983,0.059191823,1,0,0,0,0 0 0.050000000000000003,0 0 0.050000000000000003,0 0 0.050000000000000003,wrist_3_link,-1,0,0 0 0,0 0 0,,-0.1192334731587841 -1.5653771937424743 -0.018802738445716338 -1.5539564573778111 0.056431952873223411 -0.033066465871418621,-0.0044810284239382887 -0.01502813029809095 0.070970812259750077 0.081505872541501531 0.034909370221390637 0.069545268789559161,-0.16756019673403819 -1.5231740146482167 0.2433001372712289 -1.289148077964839 0.18198426843927398 0.17971628797627148,0.17321004350289188 0.19900027579044424 0.1497327340686965 -0.0027452661376949281 -0.12196316694102997 0.088607003620123789,-0.11866993055125519 -1.5667456700179108 -0.014031001363257578 -1.5481858855881339 0.058327716660842133 -0.027549301836312101,0.070442825941113882 -0.17105953442955299 0.59646713530734508 0.72132147370965405 0.2369704734523399 0.68964550438831496,-5.3811247304574179 109.28861940825237 78.960773799147276 7.981920797140174 -1.4218842696252576 0.069180914282290479,-0.18211421104422243 0.99641033539137425 0.39835732854701433 -0.49247040801401454 -0.10382946949023619 -0.21458072356574576
ur,tetrapga,15.619683304,0.451553078,0.331394187,0.006797132,28.560594,36.195338,3.57007425,1,0,0,2.894905986,0.012481954,1,0,0,0,0 0 0.050000000000000003,0 0 0.050000000000000003,0 0 0.050000000000000003,wrist_3_link,-1,0,0 0 0,0 0 0,,-0.11929259790354893 -1.5656726917315382 -0.016900372812373308 -1.5518159180548312 0.057296773969199563 -0.031195713715328824,-0.0010791647569668248 -0.0059709707112240743 0.046635740863622883 0.052082473370472192 0.020646977269914785 0.045838070476118195,-0.16122716146035609 -1.5159803417792665 0.24863589903155536 -1.2893503847305234 0.17750842291009356 0.18286931556705496,0.17684896129471239 0.19862731057253624 0.14519822038504004 -0.0084359064889381278 -0.12543209297244373 0.08567650644179356,-0.11787819691195442 -1.5678243448473028 -0.0085371687289144647 -1.5423730605799808 0.060194698485208822 -0.022047430421743917,0.09896670491259546 -0.13483435367400334 0.68672907929288896 0.72660312601912558 0.23337272804583581 0.68773392682102275,-12.741851629243826 108.65512124360981 50.816462697994268 3.8630099427791982 -0.7588245564413798 0.0055063592151604421,0.14814579796666294 -1.3397471896878415 -0.47433193114624572 -0.38063939721178031 -0.045193300438526762 -0.1414938186331085
ur,tetrapga,15.655983585,0.450102703,0.343237551,0.009263937,34.162918,41.643662,4.27036475,1,0,0,2.86858256,0.002813183,1,0,0,0,0 0 0.050000000000000003,0 0 0.050000000000000003,0 0 0.050000000000000003,wrist_3_link,-1,0,0 0 0,0 0 0,,-0.11930237432749383 -1.5662531281986811 -0.014278691153199028 -1.548769956220136 0.058504896439997262 -0.028513559805415256,1.7822634927454274e-05 -0.014311184113035525 0.075031269816254839 0.083743196945521653 0.033088598416358882 0.073773396351658735,-0.15474287821655178 -1.5087790532833576 0.25382237300248128 -1.2897600323381893 0.1728938836804195 0.18592520220486097,0.18039058129261201 0.19811113995392104 0.14053743781148656 -0.014131274739986906 -0.12878979158870676 0.082681642549456993,-0.11773568892199385 -1.5679942628068351 -0.006170151369999469 -1.5398957573213858 0.06106928775171469 -0.01978543213946846,0.10682458721628421 -0.11944078548037061 0.6547223213821598 0.70946888483408155 0.21493628613895688 0.68688287176389107,-9.2018033392843392 108.35769000431866 62.616145044896086 5.6495108676918528 -1.0424619319468122 0.035635402551637933,-0.2581649220288682 1.3214141418811778 0.38200399193703305 -0.51878045213379664 -0.095586092864252237 -0.22760507491271653
ur,tetrapga,15.69769812,0.45295764,0.333913759,0.014071956,28.637262,36.081795,3.57965775,1,0,0,2.923133513,0.098096111,1,0,0,0,0 0 0.050000000000000003,0 0 0.050000000000000003,0 0 0.050000000000000003,wrist_3_link,-1,0,0 0 0,0 0 0,,-0.11916637907506002 -1.5660641349304254 -0.0136322717433742 -1.5482157122758595 0.058591991020063065 -0.027908829755905872,0.0036520720817159059 0.0029892593469816094 0.00043432792471043781 0.00073265848469328233 -0.0028724615309319323 0.0036511705597362422,-0.14713545400105218 -1.5005303159970869 0.25957083099757533 -1.2904856232201212 0.16744365964123992 0.18930132897575591,0.18432172559053467 0.19734269592935397 0.1350486844201268 -0.020652305861739433 -0.13249268799755237 0.079175152676859498,-0.1167799049434622 -1.568589815811803 -0.000482341676037416 -1.5342036629083307 0.0627679707108241 -0.014308229094761461,0.11947299731645628 -0.074444125620996768 0.71097621174525671 0.71151180163189587 0.2123353698886763 0.68465038058837491,-13.126891152017508 103.40542539051343 46.335924650044007 3.4734242693975195 -0.68772016757482446 0.0042849778798776618,0.62242339741987962 -4.6437453513062792 -1.6483255833645813 -0.15981967958032328 0.047692832451772915 -0.011410450351355905
ur,tetrapga,15.733887956,0.453714141,0.334375368,0.005201123,28.552994,35.863626,3.56912425,1,0,0,2.994176023,0.077753157,1,0,0,0,0 0 0.050000000000000003,0 0 0.050000000000000003,0 0 0.050000000000000003,wrist_3_link,-1,0,0 0 0,0 0 0,,-0.11880149267868843 -1.5665674574086474 -0.012243069913816903 -1.5465371467999596 0.059045343363147082 -0.026227408413785326,0.0094360497941133499 -0.012842447925580636 0.036851110033884665 0.042460502452335562 0.011605874661004599 0.042441455476578849,-0.14040504687896102 -1.4934028963763368 0.26437035600064113 -1.2913350045482541 0.16259274745319599 0.19211079112965754,0.18760910662397992 0.19652457584548302 0.13017612249556923 -0.026283518965129576 -0.13556715743373687 0.076079199834968081,-0.11585098352239941 -1.5687789878756015 0.0054015873339884144 -1.5285199629779345 0.064450417848519431 -0.0088491837886372632,0.11611517763285015 -0.023646507974814102 0.73549112625322877 0.71046249129951766 0.21030589221191667 0.68238066326552482,-13.054449822847138 95.056308010766401 40.756485208206065 3.0120580144118034 -0.60245190362581036 0.0030505430631715879,-0.096666862003985443 0.15151165029965341 0.081278052849160787 -0.29126287819963181 -0.023362883843859095 -0.13094032345826889
ur,tetrapga,15.769854033,0.454227981,0.337270853,0.00550209,28.663403,36.215473,3.582925375,1,0,0,3.096769834,0.018782528,1,0,0,0,0 0 0.050000000000000003,0 0 0.050000000000000003,0 0 0.050000000000000003,wrist_3_link,-1,0,0 0 0,0 0 0,,-0.11848919154426443 -1.5670673123061969 -0.010687463650954585 -1.5447299558543139 0.05958940361266131 -0.024471415833596685,0.0080550163666718161 -0.011784633619956667 0.04398126326052159 0.049215923517308767 0.014984806069828631 0.047579040483224783,-0.1336004667430713 -1.4863513835449276 0.26896372508163213 -1.2923805299263753 0.15766392532039439 0.19479101788170705,0.19076021378162278 0.19557259794164436 0.12523580066870973 -0.03185076848605016 -0.13849277537141633 0.07295504101141749,-0.11496889893913795 -1.5685859138186025 0.011433446810644021 -1.5228484398181714 0.066117563245972163 -0.0034079869628934611,0.11026057290768197 0.02413425712488055 0.75398243458195069 0.70894039497036809 0.20839317468159144 0.68014960321797513,-12.110326884533864 86.750448359156792 36.793509797151422 2.6973744584558448 -0.54002772700758406 0.0026477290981722695,-0.25159675186148434 1.2502613934138935 0.46425410431994152 -0.30811703213657893 -0.038910470810463949 -0.1467583015006042
ur,tetrapga,15.806147975,0.453086465,0.344658753,0.008451359,28.697016,36.089693,3.587127,1,0,0,3.150110976,0.098876701,1,0,0,0,0 0 0.050000000000000003,0 0 0.050000000000000003,0 0 0.050000000000000003,wrist_3_link,-1,0,0 0 0,0 0 0,,-0.11800795468481637 -1.5677223091900538 -0.0081258537765120618 -1.5418848552344004 0.060451505934513663 -0.021726641745789078,0.013338761829977468 -0.014263427884949885 0.074381514560122736 0.078138039538405535 0.023498421742391133 0.075322595393069014,-0.12662112580454959 -1.4792728292064836 0.27341711632297017 -1.2936379587350433 0.15258591894718004 0.1973809398056785,0.19382043781061165 0.19447214218040057 0.12015550547059785 -0.037434475474847455 -0.14131128482644853 0.069756738926353409,-0.11635240937604191 -1.5687719437919021 -0.0034583364053719784 -1.5367871121203647 0.061441018196110322 -0.016217638928071113,0.2069431635968072 -0.13120432523103265 0.58343967139251052 0.63721788925446909 0.12368903269958251 0.68862535221474563,-3.7528903121798942 130.74913827652554 87.849499578032635 8.2980199828243961 -1.4832178215688474 0.066429230964587735,-0.51592165029944681 2.7889484178522252 0.83069802421581485 -0.46483673337388609 -0.070049543155761285 -0.23230963593471898
ur,tetrapga,15.84231204,0.45062459,0.354371536,0.01083966,28.705904,36.126672,3.588238,1,0,0,3.134108642,0.006810682,1,0,0,0,0 0 0.050000000000000003,0 0 0.050000000000000003,0 0 0.050000000000000003,wrist_3_link,-1,0,0 0 0,0 0 0,,-0.11739447766688679 -1.5683286470716966 -0.0047079736467576898 -1.5382858008241869 0.061531450983922438 -0.018261532675533362,0.016707573051668641 -0.010918277080248453 0.099334547640320056 0.099395009924199265 0.029601671359887078 0.095568011130177807,-0.11955848718676758 -1.4722618495115469 0.27766951962229092 -1.2950917633639603 0.14742679435133024 0.19984534447134533,0.1967478561765198 0.19323663606587896 0.11500259128613709 -0.042959136416379787 -0.14398361527090087 0.066526471941794132,-0.11556261956994762 -1.569233007282911 -4.1267740419390075e-05 -1.5333405436761167 0.062356662945075379 -0.012801032432843168,0.22898226211739611 -0.1130450264017922 0.58333823829228748 0.61815714350877604 0.10315149514411794 0.68256253033627423,-3.4695520088124692 131.81834773726735 86.871285719114269 8.0726365144573471 -1.4446773520956047 0.063168728943190575,-0.63000551214861389 3.2864700281916157 0.78058870672044023 -0.60702095555916458 -0.08691961665283543 -0.29475927023987225
ur,tetrapga,15.878508144,0.446831064,0.362870888,0.01303644,28.630921,35.971624,3.578865125,1,0,0,3.114048647,0.013076616,1,0,0,0,0 0 0.050000000000000003,0 0 0.050000000000000003,0 0 0.050000000000000003,wrist_3_link,-1,0,0 0 0,0 0 0,,-0.11667496164025153 -1.568746640835033 -0.0003947646330735295 -1.5339448866972221 0.062822673569441961 -0.014090420347006069,0.018277385465502179 -0.0037418953644196258 0.11776055785090264 0.11305603549012859 0.033376138098609918 0.10846391176400451,-0.11238582141088715 -1.465291900438447 0.2817375125403998 -1.2967461372771305 0.14216882430923058 0.20219420640389002,0.199553804397371 0.19186191362629371 0.1097584962639077 -0.04844487400147398 -0.146519986081834 0.063252202683322198,-0.11467669866987401 -1.5694912854326071 0.0042479927952431013 -1.5291759334764923 0.063478874452165795 -0.0086973544716946703,0.2497828712971889 -0.093080574696748505 0.58034467853957894 0.59611915259122616 0.082025110340479102 0.6741332344139247,-3.0144009602487944 132.10476618472987 85.7783761611134 7.852012860913403 -1.4057593689883283 0.060385974481486346,-0.61700297391951153 2.8950312740980735 0.38347540158221705 -0.73004063810822117 -0.090795556650562048 -0.33455934033513479
ur,tetrapga,15.914550218,0.449857138,0.334740855,0.040421586,28.561573,35.947209,3.570196625,1,0,0,3.106547679,0.115307754,1,0,0,0,0 0 0.050000000000000003,0 0 0.050000000000000003,0 0 0.050000000000000003,wrist_3_link,-1,0,0 0 0,0 0 0,,-0.11660051318368596 -1.5678912136165846 2.2722172603688304e-05 -1.5340614522056659 0.062626317643385498 -0.014089801807542645,-0.0013414913482832358 0.019434548215069469 -0.019648700851487271 -0.026387338179739858 -0.012556859830354703 -0.021602980346594403,-0.10514501967046223 -1.4584035183723234 0.28559809736757252 -1.2985899111157924 0.13684452159762006 0.20441460845153669,0.20222232466811085 0.19035664087288504 0.10445479360506033 -0.053859019245945314 -0.14890591468232922 0.059953230095347372,-0.11238659777044789 -1.5698438692815213 0.009634485717687831 -1.5243641682108633 0.064115201915805511 -0.0033229782145124936,0.28626261242826473 -0.044072981114288 0.67331161530559114 0.60147065820362666 0.079540932954965129 0.67179703214777209,-15.126488065965301 128.03494168934591 58.618845738450545 4.3924691504345041 -0.86102168905578769 0.0061581378848820888,1.8078526162900062 -13.339123287610164 -5.5787467152149173 -0.32188908575335518 0.14582360606762279 0.066226100131771659
ur,tetrapga,15.950564059,0.453178516,0.339297315,0.009968963,28.56851,35.925141,3.57106375,1,0,0,3.134766276,0.183793028,1,0,0,0,0 0 0.050000000000000003,0 0 0.050000000000000003,0 0 0.050000000000000003,wrist_3_link,-1,0,0 0 0,0 0 0,,-0.11639649974136008 -1.5678658670163135 -1.3032010108757462e-05 -1.5340331340058562 0.062479587206416692 -0.013911178649621587,0.0075857084818804228 -0.006797161700439534 0.0036893722705623969 0.0075408841871455277 -0.0014612173318079809 0.011272286268685483,-0.097816107729680343 -1.4515771554111809 0.28926331882615791 -1.3006262128234667 0.13144103395549414 0.20651384956262744,0.20476161997508691 0.18871760029956094 0.099077818887423494 -0.05921621177504869 -0.15114879146428903 0.056620608629950463,-0.11011038283185046 -1.5697017348143827 0.015297685800840091 -1.5195526671907251 0.064737699632264875 0.0020323349771321202,0.28452686732467908 0.017766808392331621 0.70790001039403228 0.60143762751726504 0.077812214557420045 0.66941414895557672,-16.081955508040714 118.07672513460336 50.624678152301847 3.7370577794051103 -0.74759303893759044 0.0039925716910960297,0.36528186801137963 -3.2897578246011108 -1.4759696897130616 -0.22270051268242241 0.047816877450046036 -0.034863577692313186
ur,tetrapga,15.986581469,0.45478716,0.343951106,0.004936387,28.854278,36.590997,3.60678475,1,0,0,3.197022047,0.177357214,1,0,0,0,0 0 0.050000000000000003,0 0 0.050000000000000003,0 0 0.050000000000000003,wrist_3_link,-1,0,0 0 0,0 0 0,,-0.11593838079654595 -1.5683964360914453 0.00094572340597783055 -1.5328196753682022 0.062714117950374237 -0.012599326573485682,0.013378630192593792 -0.014346899014581792 0.032016615082849254 0.037196785148026067 0.0076883056320542886 0.039618366695833823,-0.090397324693046233 -1.4448115659963459 0.29273389941356126 -1.3028546605030689 0.12595879404534219 0.20849264247396287,0.20717209459124492 0.18694458800726368 0.09362718548873393 -0.064516671780210061 -0.15324888893714514 0.053253729612871482,-0.107894485695221 -1.5690872446087547 0.021153617957175644 -1.514748240102223 0.065348046070926868 0.0073688664546612218,0.27698714207868214 0.076811275703508847 0.73199151954194408 0.60055338606276154 0.076293304832749903 0.66706643469113769,-15.066687860515414 107.88603547655589 45.599961649034753 3.3419184077775577 -0.67083953043982236 0.003393481425807106,-0.35813998956393789 1.6290076271452563 0.39205524177188344 -0.26713202817791171 -0.0092928837523089669 -0.12215818789766786
ur,tetrapga,16.023296507,0.4546241,0.344755258,0.009527216,29.899505,37.30824,3.737438125,1,0,0,3.295924549,0.104350228,1,0,0,0,0 0 0.050000000000000003,0 0 0.050000000000000003,0 0 0.050000000000000003,wrist_3_link,-1,0,0 0 0,0 0 0,,-0.11498244795565199 -1.5690649770721308 0.0030791338050219683 -1.5305475451054387 0.063101325012884221 -0.010117414521200376,0.027304670484130083 -0.014184143576742353 0.063738293013215319 0.06298786901333546 0.010239541422359952 0.068986781131251756,-0.082747941201470873 -1.437983152733652 0.29606833932809001 -1.3053216164239947 0.12029522782454689 0.21038435024038707,0.20949446042055322 0.18500075660955098 0.088000207309704884 -0.069856184797486079 -0.15524069978762267 0.04978911930684117,-0.10574109804796024 -1.5680376947528589 0.027175242031957363 -1.5099527181519523 0.065946795850927373 0.012686905356277022,0.26917345590759595 0.13119373198696824 0.75270300934771517 0.59944024378383542 0.07484372250006284 0.66475486270197492,-13.802052564496513 98.154328478401609 41.232422193204762 3.0009516053199108 -0.60237561434870734 0.003044101316366149,-0.64517207073657801 3.1439812702883501 0.74437526869197512 -0.40301911549977376 -0.022582131778619896 -0.21271010456030925
ur,tetrapga,16.060675878,0.452898036,0.348637176,0.009950926,29.117481,36.72536,3.639685125,1,0,0,3.416157181,0.030866848,1,0,0,0,0 0 0.050000000000000003,0 0 0.050000000000000003,0 0 0.050000000000000003,wrist_3_link,-1,0,0 0 0,0 0 0,,-0.1135782602034186 -1.5696090794890498 0.0063143025461624789 -1.5274318050879838 0.063570819493918337 -0.0066810326240625984,0.036167587507854398 -0.007357049172829748 0.088732687973180943 0.08031400535113932 0.011770288892782595 0.088470650149197805,-0.074875181136383251 -1.4311071085851208 0.29924958799015738 -1.3080333027735587 0.11445695416122613 0.21217902330963381,0.21171710065218999 0.18288163140143801 0.082202798034435448 -0.075221493668554101 -0.15711234597534907 0.046230641673870372,-0.11068072356890146 -1.5701814228542976 0.010721281802015033 -1.523300735957551 0.063503555969880568 -0.0013661403189775276,0.36219207931464314 -0.071542920655980141 0.55087240698156925 0.5163836413040962 -0.0084079405047218399 0.66436153813563381,-1.4789053473818878 148.71955317235094 93.505487376049842 8.2135875791987338 -1.471102648861784 0.059894605435536055,-0.72703404559644014 3.2838057188509993 0.54582438574844616 -0.53008989800218842 -0.023656330021850636 -0.27281348699771524
ur,tetrapga,16.097526782,0.450008815,0.353828899,0.011491456,31.42463,38.903927,3.92807875,1,0,0,3.384893642,0.015374257,1,0,0,0,0 0 0.050000000000000003,0 0 0.050000000000000003,0 0 0.050000000000000003,wrist_3_link,-1,0,0 0 0,0 0 0,,-0.11192219004498219 -1.5698404653372406 0.010340063900423255 -1.5238005169434037 0.064083141609790936 -0.0026668368817964923,0.041712959442826152 0.0023823116457719175 0.10838779869881925 0.092374696983853033 0.012723351938243721 0.10189706888716719,-0.067035018520820458 -1.424408355858545 0.30217255036529667 -1.3109016020580473 0.10863561753970821 0.21381758656721972,0.21376648997378758 0.18065560425380289 0.076424403535797839 -0.0804362516752163 -0.1588017123687038 0.042694238505493115,-0.10886021633562688 -1.5702355259548273 0.014718319354850896 -1.5198490158581255 0.063856805532277017 0.0025660278196415146,0.38274671366941382 -0.049382577198328642 0.54728193180345508 0.49393763565976445 -0.028292009689239762 0.65410808767975093,-1.0937775023423839 148.17093983861901 91.927254314613577 7.9619178311401946 -1.4264166382371397 0.056973790615766629,-0.71730183380282142 2.8084357494890355 0.11422956273243301 -0.64352152320861933 -0.01896246316783845 -0.31424671931780246
ur,tetrapga,16.13655427,0.446104535,0.357937804,0.013420411,31.387108,39.196484,3.9233885,1,0,0,3.353177859,0.025064433,1,0,0,0,0 0 0.050000000000000003,0 0 0.050000000000000003,0 0 0.050000000000000003,wrist_3_link,-1,0,0 0 0,0 0 0,,-0.11002527636520687 -1.5696590325527586 0.015230463384622479 -1.5196142426152548 0.064647260431767634 0.0019619009846999578,0.043940197095541277 0.014333104857672604 0.12205933806942611 0.098778633187480008 0.013002967556302916 0.10889610492650387,-0.058652406233471961 -1.4174061945200929 0.30503476100361043 -1.3141472142574693 0.10240582223314382 0.21541029812928475,0.21578148419574245 0.17815175125028834 0.070241951400628416 -0.085872984214910089 -0.16042065328034588 0.038921242428621723,-0.10680696007422484 -1.5698696367062934 0.019555579108774295 -1.5158697569959696 0.064253515625365035 0.0070959093972986472,0.40228953637275439 -0.026325519191838224 0.54063946551897701 0.46806070241064957 -0.049218100800324446 0.64175105157483614,-0.48806531008764154 146.99275327789672 90.275359334645756 7.7106441614174486 -1.3810013707718993 0.054402727474383045,-0.57275726835359819 1.3914793132407794 -0.68901740010318235 -0.75154303902854735 -0.0060086576181390683 -0.33587982518491444
ur,tetrapga,16.175874536,0.450132296,0.340745795,0.04825708,28.551256,36.310897,3.568907,1,0,0,3.347920534,0.150402152,1,0,0,0,0 0 0.050000000000000003,0 0 0.050000000000000003,0 0 0.050000000000000003,wrist_3_link,-1,0,0 0 0,0 0 0,,-0.11021214340932098 -1.5684146398519745 0.015219780649997634 -1.5202988682853158 0.064331191340799468 0.0013510820130709636,-0.0091404733880350725 0.016004465824374831 -0.025844646077045518 -0.028793610359171957 -0.0090713160439699556 -0.027586928390642213,-0.050130583752610577 -1.4104532779701957 0.30767324931748691 -1.3176299072713815 0.096068891864016445 0.21686553024612493,0.21764800642059337 0.17547892753236705 0.06395359279489081 -0.091255628173895306 -0.16187326012156969 0.03509414642477364,-0.10323914917341434 -1.5696209634351244 0.024645451510291572 -1.5120819786616351 0.063846190913989784 0.012211131192389738,0.44597636260131329 0.03108415889612149 0.63623405018965951 0.4734722917918151 -0.050915588921906917 0.63940272438638635,-16.589072428102185 140.54154182147653 63.657280404489427 4.7282924291366459 -0.92550038318051908 0.0066370038442789946,2.1125385948095641 -15.92483629923936 -7.0317971323636144 -0.45077541127557197 0.16478204901702043 0.084607767171207993
ur,tetrapga,16.212266277,0.453469181,0.340765256,0.014479173,28.594919,36.383183,3.574364875,1,0,0,3.373105341,0.218195918,1,0,0,0,0 0 0.050000000000000003,0 0 0.050000000000000003,0 0 0.050000000000000003,wrist_3_link,-1,0,0 0 0,0 0 0,,-0.10991635187713768 -1.5685255398693108 0.015232386908190204 -1.5202024734777335 0.064177679692669048 0.0016311838903330328,0.0097800219382206347 -0.008639217001785774 0.00078010741786232345 0.0043349822854296654 -0.0035589825117550082 0.0094923586225322699,-0.042180817814945218 -1.4041143321817726 0.30989398977775356 -1.3210401441065189 0.090156033625684237 0.21807790157846793,0.21922763852272761 0.1728727939464845 0.058085523884672079 -0.096147825339699053 -0.16305696392955921 0.031531740358498608,-0.099691149456107686 -1.568827111037048 0.030037095709865586 -1.508289768472987 0.063428499492113086 0.017307033955943681,0.44349996466333097 0.099231549759559751 0.67395552494675159 0.47402627358100136 -0.052211427734587992 0.63698784544424303,-17.689924365486597 129.32089975750262 55.082694678670393 4.0436398901015265 -0.80989234011006173 0.0044220431921986455,0.38214887929422048 -4.0354563245646204 -2.1718759353278614 -0.28826377287350624 0.071815185723252739 -0.029374430349700553
ur,tetrapga,16.248766095,0.455234412,0.342978357,0.006467356,28.816083,36.328745,3.602010375,1,0,0,3.433812052,0.203858598,1,0,0,0,0 0 0.050000000000000003,0 0 0.050000000000000003,0 0 0.050000000000000003,wrist_3_link,-1,0,0 0 0,0 0 0,,-0.10905949333860553 -1.5690801593348547 0.01624807033722302 -1.5190642321879997 0.064179967167641905 0.0030767740319300046,0.023676347665830669 -0.012271339806801684 0.032677474427787095 0.032762498833311775 0.00062194220677455213 0.040807723913668187,-0.03415232491202598 -1.3978541264463042 0.31190605315394732 -1.3246376950213434 0.084185188856969573 0.21916333445509995,0.22066780769295366 0.17013304080564878 0.052158554227286991 -0.10096372604869289 -0.16408813597748159 0.027941693414920643,-0.096214456534658946 -1.5675149883762647 0.035642259953035257 -1.5045002673589707 0.063002683296721124 0.022383963471232383,0.43458661518109287 0.16401533259790291 0.70064553039620869 0.47368763925203206 -0.053227024423995337 0.63461618941108766,-16.539087259621773 117.95688134478357 49.55001990833172 3.6131809446701122 -0.72658009322993822 0.0037748043026988717,-0.5428929064884187 2.1342273346281218 0.20699324494900395 -0.28487613029665226 0.021557489696988341 -0.12577356668628603
ur,tetrapga,16.285215116,0.45526713,0.339373114,0.008945369,28.639081,36.06814,3.579885125,1,0,0,3.52809832,0.123438042,1,0,0,0,0 0 0.050000000000000003,0 0 0.050000000000000003,0 0 0.050000000000000003,wrist_3_link,-1,0,0 0 0,0 0 0,,-0.10743749077883262 -1.5695453199958727 0.018405005936178637 -1.5171163195165689 0.064097587990286309 0.0056089406013360562,0.043552076754910206 -0.006609604367647192 0.061974026326790874 0.051486660173542517 -0.0026740879401141054 0.067034600744867306,-0.026085194597964097 -1.3917046885019408 0.31369875214518794 -1.3284039337352507 0.078187948710538649 0.22011622162749334,0.22196068175912106 0.1672732932867155 0.046203223478871423 -0.10567800422693198 -0.16496124197751399 0.024342122576224805,-0.092811262935951488 -1.5657261676650021 0.041431433754955033 -1.5007155353516255 0.06256932342235158 0.027442213693443324,0.42539919983843172 0.22360258890782139 0.72364672523997187 0.47309150091815283 -0.054169984296192915 0.63228127777636756,-15.114816204936185 107.10929149095311 44.720003565588883 3.2400405255337139 -0.6519367164070905 0.0033889116837994191,-0.75327573393121838 2.9519718154242582 0.2820157827279246 -0.39609824402668892 0.030037111062426902 -0.20664327590037246
ur,tetrapga,16.321392317,0.454140865,0.341618528,0.010257427,34.051602,41.453533,4.25645025,1,0,0,3.390816397,0.008715176,1,0,0,0,0 0 0.050000000000000003,0 0 0.050000000000000003,0 0 0.050000000000000003,wrist_3_link,-1,0,0 0 0,0 0 0,,-0.10533806957698984 -1.5697191989396748 0.021337982954732371 -1.5147373361977476 0.063924293379674257 0.0087501158918065914,0.058312415008543887 0.0024397291595790647 0.08691751468222976 0.065902627875621664 -0.0051647325832491642 0.086881821518389607,-0.018034247377545363 -1.3857063695738066 0.31526285468350157 -1.3323102374889599 0.072206779164535648 0.22093204343987546,0.22309924086183419 0.16431459663424219 0.040260930492150654 -0.11025932538909367 -0.16567254625610275 0.020757552824097532,-0.095352458401176038 -1.5666495194657206 0.036342453239349939 -1.504332293594794 0.062477566501513662 0.023096054575751826,0.46527598191182906 0.13414547957721443 0.61971811056327963 0.424267772486568 -0.096155237437406893 0.62498622289085859,-6.1637546173119873 129.05576354821051 68.353759030520266 5.405212413480565 -0.99948700697731618 0.027888948212763415,-0.8983256341027186 3.3849508864459494 0.22010598725263719 -0.49222773741985293 0.03850438306788817 -0.26784567285265126
ur,tetrapga,16.362917803,0.451464487,0.34340039,0.010961531,28.569281,36.27395,3.571160125,1,0,0,3.485068218,0.131367109,1,0,0,0,0 0 0.050000000000000003,0 0 0.050000000000000003,0 0 0.050000000000000003,wrist_3_link,-1,0,0 0 0,0 0 0,,-0.10244232605271891 -1.569421986152763 0.025654684098511397 -1.5115088589491061 0.063637463943611972 0.013033827310411951,0.063628711782823616 0.01714976627914272 0.10287035000947078 0.071862271506387715 -0.0066635961608947167 0.094936067102976987,-0.0087458599685274908 -1.3789561167482713 0.3167925282357078 -1.3369958665539259 0.065313455637612788 0.22170838360523534,0.22422717203986944 0.16077356997422501 0.033407826067617628 -0.11539280291843025 -0.16629784312843615 0.016631740128462923,-0.09145599387148487 -1.5651195315593252 0.041777176524443044 -1.5009203299997684 0.061692686301126023 0.028083045311484523,0.48705806621139597 0.19124848829942093 0.67934041063663775 0.42649544937820055 -0.098110025048455216 0.62337384196658729,-15.189882316860263 120.202658255237 52.565383681366761 3.8432051843212829 -0.7593872871127576 0.0049955794840974852,-0.68243352238101807 1.3762973499924556 -0.83623914371335673 -0.61384574481144227 0.060101289406077285 -0.29275177926443519
ur,tetrapga,16.399297272,0.447975283,0.3479647,0.012694409,34.07124,41.678793,4.258905,1,0,0,3.4003572,0.020906872,1,0,0,0,0 0 0.050000000000000003,0 0 0.050000000000000003,0 0 0.050000000000000003,wrist_3_link,-1,0,0 0 0,0 0 0,,-0.099552322702981574 -1.5686540946366623 0.030211534849549387 -1.5082857399715841 0.063319102670904057 0.017318208477994153,0.068496251010359763 0.030368068755658357 0.11738154680703328 0.077760450703234882 -0.007894837720803528 0.10279371303551929,-0.00057304829265490524 -1.3731656078388634 0.31789831874479846 -1.3412738527104302 0.059256245984404772 0.22224757701493467,0.22505714521377274 0.15754661036539588 0.027381061225959423 -0.11977591543549972 -0.16667752062938732 0.013010117909660467,-0.091388085058782126 -1.565726845564662 0.040749854371160771 -1.5015979747803829 0.06141870497614961 0.027552116908736168,0.51450915355638616 0.14499594166647706 0.59443733552056965 0.37563252566167171 -0.13589868873317859 0.60643625174960414,-6.367727973644369 132.9686849111346 68.885210772175498 5.3256501024342136 -0.98875554593629644 0.025414984951386308,-0.5734975936952651 0.095437891236542782 -1.5714216595492587 -0.71088692552530119 0.075931309156928251 -0.3170227677063977
ur,tetrapga,16.44108654,0.447853811,0.32568107,0.037570394,28.640341,36.079905,3.580042625,1,0,0,3.483741243,0.134418837,1,0,0,0,0 0 0.050000000000000003,0 0 0.050000000000000003,0 0 0.050000000000000003,wrist_3_link,-1,0,0 0 0,0 0 0,,-0.098116818095828687 -1.567242809339559 0.032994066719787246 -1.5067605785726337 0.063024253195527416 0.019427972154799088,0.02536439490138313 0.028799412564914178 0.049391855161561082 0.026289028939303995 -0.0061463025522368337 0.037245243629025412,0.0088486988723768378 -1.3666617227731137 0.31889754863568137 -1.3463820648570906 0.052285129878231709 0.22270424746498321,0.22582716740935632 0.15369921054398614 0.020438300543747866 -0.12467413816236214 -0.166919832399927 0.0088452031677155301,-0.087100634985064956 -1.5640891167097311 0.045974923108698579 -1.4985738180752675 0.060320377466857679 0.032387734423988589,0.53593125921464591 0.20471610686636893 0.65313359219222644 0.37801958813943198 -0.13729093866149125 0.60445218940655265,-15.673618653839016 123.40859960459916 53.739835733295571 3.9219676510086612 -0.7754670743680232 0.0050588943830891849,1.0447664253093194 -10.435329689978062 -5.6355590645548972 -0.71032029639354732 0.13724927306923007 -0.11517584550792748
ur,tetrapga,16.477268668,0.447136575,0.329823652,0.019914221,34.217912,41.900011,4.277239,1,0,0,3.437008925,0.046439654,1,0,0,0,0 0 0.050000000000000003,0 0 0.050000000000000003,0 0 0.050000000000000003,wrist_3_link,-1,0,0 0 0,0 0 0,,-0.096195559541961101 -1.5664752972773888 0.035696815807798793 -1.5050184768736925 0.062625033824925805 0.021966824420923375,0.047324768228557725 0.022355765899252693 0.069600408070072936 0.042740466065858809 -0.0098645683157901863 0.06210118812796183,0.017029235487019415 -1.3611626412574049 0.319528115329687 -1.3509679034228608 0.04624437761886576 0.22295902458022612,0.22633476207074638 0.15024939260553841 0.014415497784919355 -0.12879305006931582 -0.166962390051661 0.0052378697823475522,-0.087179596220128386 -1.5640634338222894 0.045339002917005697 -1.4991701028570072 0.0600888733674486 0.031877333006487249,0.55856263042307908 0.152346646408798 0.56289168234462594 0.32825557718410137 -0.17297903480539356 0.58750669800390876,-5.5124036854552898 136.60590168179041 70.972912794112958 5.4393846141566033 -1.007444567090324 0.026081037030977285,-0.0022605260091381751 -3.7315823820872538 -2.987133153093481 -0.61353501531175425 0.10728430408907741 -0.19160039541556984
ur,tetrapga,16.519251785,0.447942936,0.327673114,0.029575323,28.576257,36.154157,3.572032125,1,0,0,3.512686639,0.161631294,1,0,0,0,0 0 0.050000000000000003,0 0 0.050000000000000003,0 0 0.050000000000000003,wrist_3_link,-1,0,0 0 0,0 0 0,,-0.094664271806414277 -1.5656659220920837 0.037816496316184285 -1.5038095453989191 0.062221143115981148 0.023840006274056226,0.031530982496436911 0.015793499702461248 0.04190104548174451 0.023849515806131864 -0.0086583896103345458 0.037691664175366263,0.026540636598630745 -1.3549410555687216 0.31998649610917995 -1.35647284055494 0.039237085858565772 0.22309109099095967,0.22673791401280316 0.14611195328147611 0.007420295597131958 -0.13342555115938368 -0.16681764863751269 0.0010541913975840062,-0.082517113325322633 -1.5623538639617744 0.050334573633600006 -1.4965226410566768 0.058695241471778535 0.036561858322495547,0.58281036185071877 0.2136962325643649 0.62444633957428897 0.3309327250413106 -0.17420398695875816 0.58556566450103709,-15.999903947921908 126.74102067334773 55.219235566788598 4.0260800638518432 -0.79535035234830076 0.0052642373357465232,0.56272070753340131 -7.4580132128676269 -4.4362984117061046 -0.61241816986421327 0.12785431650095802 -0.11642822861239921
ur,tetrapga,16.555478226,0.447441908,0.328334095,0.016353264,28.630611,36.028891,3.578826375,1,0,0,3.600211213,0.072547589,1,0,0,0,0 0 0.050000000000000003,0 0 0.050000000000000003,0 0 0.050000000000000003,wrist_3_link,-1,0,0 0 0,0 0 0,,-0.092393352584729208 -1.5651921475085733 0.040334953569988251 -1.5022068421271197 0.061640839216116294 0.026417694437405995,0.053425676343572176 0.016751056487599735 0.063715333612761577 0.037912995702046662 -0.013770431598363615 0.060616583334075637,0.034758381209001002 -1.3497143435866243 0.32014596203599066 -1.3613767835547661 0.033198698290318199 0.22306395761937908,0.22692486676476784 0.14242867223407599 0.0013839449382828859 -0.13729232026664065 -0.16652568341871185 -0.0025512393069158394,-0.077900590503963793 -1.560139679191491 0.055575348466692071 -1.4938720262231346 0.057300654246824109 0.041228422637106799,0.57706535266985437 0.27677309628542857 0.65509685413650842 0.33132685419277003 -0.17432340311930308 0.58332053932640637,-16.074558892184161 115.35042600647679 48.295369540875441 3.4919844153664812 -0.70155943398322507 0.0039090115307166291,-0.26400085525722261 -2.3111170524753106 -2.4529896547654175 -0.55007570319685328 0.11222751928787034 -0.18694856925868919
ur,tetrapga,16.59160687,0.448218606,0.32529385,0.024871734,34.185151,41.731015,4.273143875,1,0,0,3.480338064,0.018076336,1,0,0,0,0 0 0.050000000000000003,0 0 0.050000000000000003,0 0 0.050000000000000003,wrist_3_link,-1,0,0 0 0,0 0 0,,-0.090905114126985168 -1.5645671154799032 0.04208022482693137 -1.5012651256947176 0.061190066459392962 0.028022724183088616,0.036698901832182829 0.017552285108428527 0.043300458940207856 0.022535831729350194 -0.011644558589109847 0.039138112034119578,0.042957996744074967 -1.3446364787300877 0.32008727889904826 -1.3664047712886827 0.027189923417896632 0.2229069304743192,0.22696251276502019 0.13865376146539032 -0.0046313088229748616 -0.14102483772117086 -0.16608101253117094 -0.0061400797456343317,-0.079555237807689902 -1.5607967843672055 0.053145046885883618 -1.4953976739227799 0.057517885378145249 0.039126441000872141,0.60595181347307314 0.1945766210614554 0.53965752988398785 0.27136275451826669 -0.21593437187041131 0.56260844884680417,-3.9146850753121072 134.24093423959357 69.541042800215479 5.2226324106596191 -0.96403802022127416 0.024878519402565993,0.24085148349536212 -5.5784216001266032 -3.7307600915167427 -0.55607115014936426 0.12687862814593132 -0.12080546154300009
ur,tetrapga,16.633412811,0.448092452,0.325044498,0.015630397,28.529361,36.120891,3.566170125,1,0,0,3.564390226,0.13746439,1,0,0,0,0 0 0.050000000000000003,0 0 0.050000000000000003,0 0 0.050000000000000003,wrist_3_link,-1,0,0 0 0,0 0 0,,-0.088347422549771251 -1.5639099224354285 0.04466485843740467 -1.4997885794360581 0.060418877529915975 0.030637544724215971,0.059071457654734483 0.020391098409954095 0.063780535802136995 0.034173112201489754 -0.01786085984730949 0.060152116303073336,0.052444101046160818 -1.3389333516455353 0.3197483672746167 -1.3723880173213046 0.020260774430277795 0.2225636294737956,0.22682035155937569 0.13416269971745085 -0.011579485437961869 -0.14518552500512233 -0.16537618062913612 -0.010281069882279063,-0.074490396714509743 -1.5587542215846162 0.057951957326471321 -1.4932051094309586 0.055779081071772221 0.043613471441482143,0.63310513664752033 0.25532034782365659 0.6008638050734626 0.27407056147765696 -0.21735053829662865 0.56087880507625043,-15.53193479488524 124.13443215579814 53.998593597061777 3.9212313429517067 -0.77378600470420644 0.0052349096079570773,-0.39434358816276927 -1.8478463408018797 -2.3445595327793001 -0.52338127964139858 0.12379033952716156 -0.18547700155878033
ur,tetrapga,16.669607346,0.446434731,0.328677687,0.014258244,34.237317,41.895398,4.279664625,1,0,0,3.485699545,0.005744315,1,0,0,0,0 0 0.050000000000000003,0 0 0.050000000000000003,0 0 0.050000000000000003,wrist_3_link,-1,0,0 0 0,0 0 0,,-0.085240428062833482 -1.5630142099619082 0.047847227410598617 -1.498021677672235 0.059492107439261234 0.033769838802912316,0.074629406363921139 0.031877364519285412 0.084003465496496912 0.043140064996665721 -0.022597942313864576 0.075730078131105549,0.060649067381555045 -1.3341493469132875 0.31922062713292104 -1.3777059842958288 0.01428861172655126 0.22212682463137051,0.22653624223361576 0.13017115209949523 -0.017578888264094539 -0.14864715590684943 -0.16460213623368242 -0.013853192997184283,-0.07463626868313239 -1.5592542624314956 0.056971082484805237 -1.4938576367070096 0.055617024924424066 0.0429989589269342,0.65364296319240212 0.20374416772081846 0.5089362645337836 0.21946960557339468 -0.25232116638658358 0.53841297559212076,-4.4236843204083982 136.50847460586655 68.917444220398707 5.0578675287553008 -0.93868821407712111 0.021655435244498929,-0.62917192749341666 -0.89602836740505154 -2.1387366693507488 -0.56375809520704934 0.13459312708531002 -0.23347856442013892
ur,tetrapga,16.711584547,0.446825781,0.323368843,0.03576035,28.586977,36.16113,3.573372125,1,0,0,3.554861721,0.136708458,1,0,0,0,0 0 0.050000000000000003,0 0 0.050000000000000003,0 0 0.050000000000000003,wrist_3_link,-1,0,0 0 0,0 0 0,,-0.083329945138541972 -1.5616837008736311 0.050170782754967863 -1.4970333926499402 0.0588097752289065 0.035638462218132071,0.03637336244692474 0.028868334477011898 0.045037398787455239 0.018238796104416331 -0.013713667727737676 0.035415986372584925,0.070148284201613675 -1.3287842941770589 0.31833710451591191 -1.3840271616930744 0.0074011742666526444 0.22145866829337291,0.22601961332509074 0.12542589907998089 -0.024511345203930973 -0.15249449929863584 -0.16351553994359849 -0.017977439020174395,-0.069201882939560297 -1.5571213349796447 0.061512665316362562 -1.4920802318693467 0.053591302472207863 0.047290876715090795,0.67929821794651135 0.26661593148134877 0.56769785394466588 0.2221756047078651 -0.25321530652702501 0.53648972351957425,-15.860475323272633 125.77426269574052 54.443300623284252 3.9470765435066344 -0.77977279944617728 0.0052112567260755999,0.61854739702050665 -9.0143367092314293 -5.3640525587562138 -0.66139490253681288 0.15989340266735041 -0.10941430115227035
ur,tetrapga,16.747814153,0.446266722,0.321672472,0.022902543,34.09407,41.5874,4.26175875,1,0,0,3.49545373,0.043071978,1,0,0,0,0 0 0.050000000000000003,0 0 0.050000000000000003,0 0 0.050000000000000003,wrist_3_link,-1,0,0 0 0,0 0 0,,-0.080759413963202173 -1.5607058749968421 0.052601182873259267 -1.4958795834960121 0.057910430837203562 0.037979751304612328,0.06304811388929181 0.029177577810121293 0.063676057115505405 0.028413514032290362 -0.022090924385225304 0.057201776752777864,0.078326335658760474 -1.3243158393920726 0.3173410950593103 -1.3896098724394585 0.001496537587239823 0.22074315687857843,0.22541230664845902 0.12123366440473518 -0.030467153675859678 -0.1556674796810823 -0.16241606118639834 -0.02151813744439773,-0.069433759677116888 -1.5571932813763631 0.060863833035302475 -1.4926174045060523 0.053471042993075465 0.04675124453524504,0.69336109678304458 0.21504045148503198 0.47586361756144507 0.17031289707836725 -0.28497795770378065 0.51449131567418527,-3.5599813698403739 137.39938400448412 69.082701200336714 4.9984406569366833 -0.92640728732520794 0.020918714901299242,-0.20607433902011962 -4.047280135753681 -3.4353815171994597 -0.5777870280917341 0.15480773463374931 -0.17641562214529927
ur,tetrapga,16.789505187,0.447072301,0.321271653,0.034940213,28.659531,36.40816,3.582441375,1,0,0,3.552761071,0.154419598,1,0,0,0,0 0 0.050000000000000003,0 0 0.050000000000000003,0 0 0.050000000000000003,wrist_3_link,-1,0,0 0 0,0 0 0,,-0.078777737581788354 -1.5596193545748422 0.05455423851925903 -1.4951293532652628 0.057139510063489544 0.039669298234362049,0.040332492709733964 0.022670356492690613 0.039092716601217999 0.014520327556558941 -0.016048650564632665 0.033808318005316043,0.087706275262689926 -1.3193638795033 0.31592866014624665 -1.3961729713027231 -0.0052452367042691867 0.21976153124174658,0.22452873772346291 0.11630283034352777 -0.037282765597751497 -0.15914604569469915 -0.16096743145293621 -0.025567619480039838,-0.063666013493559534 -1.5549640203953949 0.065145329287690221 -1.4912322035350123 0.051185869434053698 0.050851949152563233,0.72096827294466947 0.27865762262103366 0.53518703154846781 0.17315012138000496 -0.28564669487772099 0.51258807716477395,-15.862634216534913 126.40165641496759 54.682941173902776 3.9591708884939201 -0.78160386364562751 0.0052718573512238092,0.48910511949429747 -8.5894792521357886 -5.2410320090839662 -0.63400850214748061 0.16595126175762687 -0.10441847771312496
ur,tetrapga,16.826016806,0.446753731,0.317421581,0.022101847,34.003919,41.478991,4.250489875,1,0,0,3.502683439,0.066905279,1,0,0,0,0 0 0.050000000000000003,0 0 0.050000000000000003,0 0 0.050000000000000003,wrist_3_link,-1,0,0 0 0,0 0 0,,-0.075985896196784197 -1.5587951234957595 0.056735452369409557 -1.4942056817084051 0.056088155291929537 0.041906757913384163,0.068480572796186231 0.025506751315639262 0.057593048409295043 0.022811409216919761 -0.025795121368798753 0.054667257966559059,0.095887559906076753 -1.3151977024277643 0.3144590300224997 -1.4020368865667181 -0.011096797842992719 0.21876365064790174,0.223593015959095 0.11189447901569387 -0.043212796917321723 -0.16203784868424539 -0.15953937048299199 -0.029089294600050532,-0.063976917875029432 -1.5550629691914146 0.06449846080687173 -1.4917351413499107 0.051117458676675137 0.050302856659683551,0.73112962126780356 0.22707534427033677 0.44475874729023035 0.12297515897476782 -0.31494421078955936 0.49043789083873179,-3.0114952992879189 137.61604656851608 68.540570119829127 4.877530751380089 -0.90407701372076221 0.019447776862949302,-0.33313487695130561 -3.6499705633841586 -3.3152770813318 -0.53808120222220168 0.1648963719758143 -0.16855882275824285
ur,tetrapga,16.867557899,0.447627481,0.318857537,0.032425362,28.633688,36.142497,3.579211,1,0,0,3.550631337,0.159235032,1,0,0,0,0 0 0.050000000000000003,0 0 0.050000000000000003,0 0 0.050000000000000003,wrist_3_link,-1,0,0 0 0,0 0 0,,-0.073841194470821922 -1.5577805245944749 0.058543373678084348 -1.4936080127009961 0.055209529623417672 0.043535056689630799,0.043429059019744552 0.0227611691690436 0.037136956318621822 0.011593097558992205 -0.01821634360772929 0.03265590184458611,0.10515061394778893 -1.3106553405865211 0.31252463900901845 -1.4088334062015244 -0.017687433381647858 0.21747255659092604,0.22234519369900471 0.10678099231994148 -0.04990913696431086 -0.16514929921765234 -0.15773594172682687 -0.033064713217491118,-0.057899305693643571 -1.5527321245715617 0.068525851698599746 -1.4907282127115657 0.048594031034829732 0.054211274892202989,0.75970152267323277 0.29135557748159918 0.50342386146600238 0.12586607979311579 -0.31542845523067536 0.48855227906493004,-15.821650798046456 126.32373896665715 54.556815120203389 3.9442751203444195 -0.77847140786040969 0.0052730575696179555,0.28274771088752004 -7.5616844309624867 -4.8638043657325056 -0.59071062170187361 0.16715247587623594 -0.10080760024393953
ur,tetrapga,16.90379468,0.447252924,0.313526252,0.022451028,34.098711,41.693596,4.262338875,1,0,0,3.499424233,0.073639712,1,0,0,0,0 0 0.050000000000000003,0 0 0.050000000000000003,0 0 0.050000000000000003,wrist_3_link,-1,0,0 0 0,0 0 0,,-0.070869298055477467 -1.5568807745897513 0.060618070183851631 -1.4928825748252488 0.054018427708462345 0.045683417777946024,0.072821852323076822 0.027977472104937149 0.055277478033255889 0.017998248830196541 -0.029209481671363877 0.052478177851435874,0.11318553845655074 -1.3068680097193266 0.31061100344168296 -1.4148646501965418 -0.023372425763439283 0.21621202152163096,0.22109813883685869 0.10223909382573407 -0.055701198885093429 -0.16770568882311537 -0.15600962445385377 -0.03650254720371339,-0.058259970046329553 -1.5528705120017914 0.067890521582064434 -1.4911901908971434 0.048566617981055993 0.053673857801295258,0.76554147852887167 0.24199219735813871 0.41482008010484422 0.0769003589080067 -0.34245142382375521 0.46581393327759391,-2.3429758526555204 136.61406795603926 67.420459531077697 4.7141164004537126 -0.87326516726661962 0.017877730224966474,-0.4039994942930889 -3.6411100211144003 -3.3676542521054103 -0.51474983736443392 0.17638081808664197 -0.16178209709862301
ur,tetrapga,16.945562068,0.448089917,0.31643906,0.033920228,30.289107,38.167344,3.786138375,1,0,0,3.540523098,0.158221469,1,0,0,0,0 0 0.050000000000000003,0 0 0.050000000000000003,0 0 0.050000000000000003,wrist_3_link,-1,0,0 0 0,0 0 0,,-0.068607460819344643 -1.5557747752570843 0.062361207072508328 -1.4924311561373045 0.053043017501174974 0.047237636918220555,0.045681962569346889 0.024877832022970125 0.035957676964473877 0.0086522822530677012 -0.020134484623736997 0.031123019465666941,0.12238708252517118 -1.3027086205375844 0.30814616278896501 -1.4219276425061456 -0.029843990839115157 0.21460529740757139,0.21947843932748082 0.096914570131956784 -0.062314017929823051 -0.17046712942059455 -0.1538455496535869 -0.040427194140020765,-0.051899544980170818 -1.5504195691361808 0.071669817245126291 -1.4905515743429412 0.04582461723072212 0.057385327815794314,0.79505313326984206 0.30636785820130447 0.47241195788273249 0.079827069275290083 -0.34275009379173432 0.46393375181238206,-15.62322862520492 125.10348512988239 53.940549867555447 3.8933053242802629 -0.76810450019281729 0.0052309548074219465,0.27151337295208577 -7.9440800260599644 -5.088034126275744 -0.59182018057435926 0.17668821914605815 -0.096072783849166399
ur,tetrapga,16.983837153,0.447853053,0.309977857,0.024408312,36.189768,44.100622,4.523721,1,0,0,3.490611441,0.068491636,1,0,0,0,0 0 0.050000000000000003,0 0 0.050000000000000003,0 0 0.050000000000000003,wrist_3_link,-1,0,0 0 0,0 0 0,,-0.065482790088481027 -1.5547707025388933 0.064335740909596456 -1.4919017707983753 0.051726197623426381 0.049285212728417127,0.076605577135302888 0.030457705917790907 0.052741111430025293 0.013215362977875188 -0.032274441367629483 0.050016252366543897,0.13075649020938129 -1.2990938759692718 0.30564615684940299 -1.4284978807246955 -0.035691893025880619 0.21298973060870255,0.21782377566683558 0.091955453033486956 -0.068308704965504133 -0.17282128530647675 -0.151701263803834 -0.043985135475148845,-0.052310597122178691 -1.550532773433829 0.071077757877127459 -1.490977788225109 0.045830623673311179 0.056856609953285953,0.79757130151840416 0.25779530046349397 0.38437234997076053 0.031110543193665401 -0.36809796922038374 0.44016746014752839,-1.5497178301910122 134.74727871752475 65.897457051922729 4.5200154029121213 -0.83624484715840253 0.016221251334012823,-0.39550692207421889 -4.2123991033331549 -3.6612468445587751 -0.50910582674623583 0.19036567333408527 -0.1541842224807084
ur,tetrapga,17.028048493,0.448509742,0.300556593,0.130987075,30.501042,38.406004,3.81263025,1,0,0,3.533219902,0.142831556,1,0,0,0,0 0 0.050000000000000003,0 0 0.050000000000000003,0 0 0.050000000000000003,wrist_3_link,-1,0,0 0 0,0 0 0,,-0.062839373278316124 -1.5534861669363687 0.06615496228563307 -1.4915639520202981 0.050534755748152055 0.0509360793745171,0.089119003610273251 0.028080182286300472 0.043898892841424883 0.0095981354049627064 -0.042449784015868221 0.057819975802185092,0.14034086252311756 -1.2951566634322824 0.30247459491050815 -1.4361947961200552 -0.042340633520020793 0.21095513296425084,0.21571116630751477 0.086137774117663782 -0.075148297553683796 -0.17532787955701068 -0.14903627887852261 -0.04804531816966319,-0.045685663612033023 -1.5479577883453486 0.074602797016370084 -1.490705413460371 0.042884972212047519 0.060363054475750244,0.82811668876820821 0.32187313606006185 0.44062989240532813 0.034046845592233047 -0.36820643265795777 0.43830556530803633,-15.308141988808021 123.07285641195698 52.981406933622168 3.8172241624797669 -0.75263686584015077 0.0051601920418188583,28.918712395655291 2.4628506846383971 7.8276725740583117 1.6370032114245987 -5.2996106334015138 7.3352762142374388
ur,tetrapga,17.06655608,0.448164341,0.307361866,0.027852673,36.156845,43.921044,4.519605625,1,0,0,3.473314051,0.052253336,1,0,0,0,0 0 0.050000000000000003,0 0 0.050000000000000003,0 0 0.050000000000000003,wrist_3_link,-1,0,0 0 0,0 0 0,,-0.059531279312172676 -1.5523861242160273 0.068050949363502686 -1.4912242978340817 0.049094565982469168 0.052891441670207533,0.076890422458710458 0.032166258113479299 0.048457383804383226 0.0082331154246063406 -0.033712716430738809 0.045628248817927951,0.14860911177524622 -1.2919384672626419 0.29946741078580014 -1.4429852323313155 -0.048032345755778985 0.20903768491026842,0.21369671303762669 0.080997327022564319 -0.081025355052289152 -0.17732324387932655 -0.14655413221309424 -0.051535299211634224,-0.045991112744130196 -1.5479855393698503 0.07414428753082572 -1.4910847034046206 0.042854091553550577 0.059930818561028991,0.82716983974658143 0.27330211385470804 0.35217679261116752 -0.014980969674294249 -0.39195969296347177 0.41294631100626322,-0.60319157828681114 132.18787114019665 64.069221028747506 4.302064885994624 -0.7941966616136249 0.014517139653662451,-0.30114784033017372 -5.3444956204975824 -4.1779009609773823 -0.51891378105756303 0.20280818804324952 -0.1406674506614678
ur,tetrapga,17.110578287,0.4488502,0.296320866,0.123816728,30.356078,38.141214,3.79450975,1,0,0,3.509219359,0.135995328,1,0,0,0,0 0 0.050000000000000003,0 0 0.050000000000000003,0 0 0.050000000000000003,wrist_3_link,-1,0,0 0 0,0 0 0,,-0.056885210392021247 -1.5510659118648111 0.069710586038920247 -1.491058016494001 0.047860181208123805 0.054387320011931681,0.090796478053773833 0.029327725125784528 0.039371244183050526 0.0035753030784662406 -0.04479149405297949 0.053437226949471096,0.1579622535098347 -1.2885035556782176 0.2957543799882148 -1.4508376886266934 -0.054418268813326183 0.20668218469824606,0.2111967762768954 0.075042921940484286 -0.087645513841019776 -0.1793878655824426 -0.14353715140474682 -0.05546851987236099,-0.039119378036710291 -1.5452914042256216 0.07739998483543685 -1.4911811367667127 0.039719237219817474 0.063219746650188882,0.85896683842748833 0.33676689302858753 0.4069621630763916 -0.012054170261503348 -0.3918567917166379 0.4111160111449858,-14.893470627432093 120.39443446442911 51.753662782838532 3.7215124008958078 -0.73310069126903277 0.0050696475817557781,30.11767502390822 2.5195105150551171 6.685770607545976 0.35326130926569022 -5.7009665566535546 6.9337367893783721
ur,tetrapga,17.148787741,0.448460872,0.304332097,0.029227413,36.203067,43.933778,4.525383375,1,0,0,3.443830671,0.048171515,1,0,0,0,0 0 0.050000000000000003,0 0 0.050000000000000003,0 0 0.050000000000000003,wrist_3_link,-1,0,0 0 0,0 0 0,,-0.053499764885574279 -1.5499214420143972 0.071440461030007771 -1.4909172377713626 0.046339089060005514 0.056199064577248013,0.078737405255940959 0.033054795403756297 0.044473881440137246 0.0035894703646274125 -0.035597445942860857 0.042278613890910394,0.16598778726324481 -1.2857359586827781 0.29229717693251095 -1.4577231899498198 -0.059850266079531998 0.20449837457809214,0.20885830190877308 0.069812320319024693 -0.093300539346389447 -0.18099101866334763 -0.14076709534301529 -0.058830529481654882,-0.039473926474374976 -1.545305138722318 0.076970269357088006 -1.4915340980016047 0.039719553318856647 0.062786722143491486,0.85445562334591374 0.28766054971141741 0.31875580304571272 -0.060613841570902958 -0.41370122763185557 0.38466456622163059,0.34783044715828382 129.10931041172367 61.983051140410538 4.0679899837990767 -0.74891623368587723 0.012758808356342889,-0.3108622485698902 -5.7640659401395169 -4.3841119844669265 -0.5064266434574165 0.21157714243499015 -0.13032740953097743
ur,tetrapga,17.192819759,0.44906015,0.292052612,0.116130052,30.262786,38.322258,3.78284825,1,0,0,3.472722332,0.130133903,1,0,0,0,0 0 0.050000000000000003,0 0 0.050000000000000003,0 0 0.050000000000000003,wrist_3_link,-1,0,0 0 0,0 0 0,,-0.050750099849124576 -1.548562071178909 0.072986312935856876 -1.4909065440869931 0.045023995557297684 0.057603867946517326,0.094322309156987513 0.031248850429565232 0.036058665773956014 -0.0021346828408604296 -0.047809277621960786 0.05023424846483622,0.17512143193371002 -1.2827958917553455 0.28804750061387713 -1.4657292987433703 -0.065975164861597643 0.20182378825505001,0.20597140042049006 0.063718636416024238 -0.099705590923924961 -0.18261912067454844 -0.13740504287821692 -0.062641588252387956,-0.032374543779462139 -1.5425028056595371 0.079944989063818042 -1.4919957189898068 0.036412348773734067 0.06584966722450511,0.88742283686410428 0.35029163284760789 0.37183996334125441 -0.057702623525261537 -0.41340056814032278 0.38286813512670365,-14.418383501393377 117.23797806134357 50.321025884052872 3.6112499399503655 -0.71064462525415839 0.0049595569722494072,31.189396252344409 2.8399965285771032 5.6123662630906779 -0.93119244509853161 -6.0731818217323905 6.5032829088810757
ur,tetrapga,17.231212584,0.448558884,0.301315229,0.030591754,36.045399,43.842955,4.505674875,1,0,0,3.403682794,0.042835324,1,0,0,0,0 0 0.050000000000000003,0 0 0.050000000000000003,0 0 0.050000000000000003,wrist_3_link,-1,0,0 0 0,0 0 0,,-0.047234673850607811 -1.5473424354515364 0.074590286041597842 -1.4909550536426541 0.043402538930943972 0.059306512561578949,0.081783991685668952 0.034859829201853605 0.041534961107731361 -0.00082285446645145453 -0.037937997426594962 0.039732523909073982,0.1829782431938643 -1.2804524110501676 0.28411397938453126 -1.4727646877781504 -0.071191911027496099 0.19935595020806285,0.20328842598261171 0.058352691386057497 -0.10518711513414783 -0.18384583923217968 -0.1343291868724279 -0.06590640325848926,-0.032772328706087261 -1.5425118972290481 0.079543901013083507 -1.4923193819894127 0.036442301597563551 0.065421299812538622,0.8790350136184647 0.30134041581109738 0.28453293254694662 -0.1054994591477702 -0.433142781846934 0.35540123993707368,1.3111228639396373 125.40379295210639 59.583407810615256 3.8134466752612841 -0.69954938704941561 0.01093416241959359,-0.32689574116082554 -6.1814220229971397 -4.5887630786637033 -0.49418339562544134 0.22144781901013744 -0.12246449978326268
ur,tetrapga,17.275126534,0.449244183,0.308285957,0.039782044,36.149031,43.933527,4.518628875,1,0,0,3.409060717,0.127641697,1,0,0,0,0 0 0.050000000000000003,0 0 0.050000000000000003,0 0 0.050000000000000003,wrist_3_link,-1,0,0 0 0,0 0 0,,-0.044589185613915297 -1.5459831299641045 0.075965096277778796 -1.491086789070881 0.04211309363408209 0.060518220820316763,0.050592313192648244 0.028287919836137026 0.027144990175077269 -0.0027813626557669454 -0.024950695822690213 0.023033455909004831,0.19183468326934786 -1.2780256653526865 0.27935936673246098 -1.4808648974850265 -0.077010692605004774 0.19638099916714144,0.20003288807210953 0.052160970737168355 -0.1113324418531156 -0.18502752002650136 -0.13065117449480101 -0.069570924610892371,-0.031484259265567721 -1.5420172342738914 0.079675278219792922 -1.492826476458279 0.035693336339917753 0.065640359496726267,0.89956223680419434 0.27878491533560845 0.24009744679522188 -0.14042386601653067 -0.44804515948813356 0.33382489753732142,2.9304784564652895 128.49499596605537 61.694967457954149 3.9127635511121461 -0.70864195774116923 0.011031129506054432,0.24343596017106961 -9.6357435262880244 -5.9673065749840362 -0.59041366505425685 0.20429247534165995 -0.071100103037565532
ur,tetrapga,17.319157699,0.448282488,0.297533483,0.043674436,36.22068,44.213166,4.527585,1,0,0,3.392881369,0.093220173,1,0,0,0,0 0 0.050000000000000003,0 0 0.050000000000000003,0 0 0.050000000000000003,wrist_3_link,-1,0,0 0 0,0 0 0,,-0.040281370080585792 -1.5443994222143846 0.077728946884462621 -1.4913720794543173 0.040070151722314526 0.062406760668335018,0.07689279831920752 0.036507791772993611 0.035337244866042714 -0.0074347143916739019 -0.037521908608243372 0.03149348747462076,0.20056688049180013 -1.2758665912940992 0.2743241746589824 -1.4890335923006663 -0.082679178448562832 0.19323824791018721,0.19657162119107094 0.045901284833932764 -0.11735393678382816 -0.1859741659826793 -0.12679777800546777 -0.073166924300416533,-0.028550782979810445 -1.5410118270735726 0.080404422997283551 -1.4934508347011584 0.034213909892115285 0.066537179950541814,0.91650396165828885 0.27456264632066996 0.21278880564447203 -0.16894459310752127 -0.45847926737510691 0.31420248350139635,2.7329084626283837 127.91903605165295 60.799199561669589 3.8183262870611583 -0.69158439334295951 0.009832263138833534,-1.9985182093014089 -7.5098162646918354 -6.5511654388354827 -1.6439820354498806 0.28885373018258065 -0.96428307297054516
ur,tetrapga,17.363472408,0.449054927,0.30734963,0.041466449,30.268328,37.98806,3.783541,1,0,0,3.383261243,0.103544435,1,0,0,0,0 0 0.050000000000000003,0 0 0.050000000000000003,0 0 0.050000000000000003,wrist_3_link,-1,0,0 0 0,0 0 0,,-0.037736652242205911 -1.5430316109789111 0.078930867795280565 -1.4916387654764023 0.038798906939164352 0.063445211191118858,0.049052201167613475 0.027912134969883731 0.023927916642041427 -0.0051039530064979693 -0.024592324783188915 0.020064458099412007,0.2091970885532409 -1.2739729242675122 0.26899212389541755 -1.4972916382820372 -0.088209268476505648 0.18991720752506808,0.19289225614987754 0.039556265236435392 -0.12326532269040504 -0.18668541476174033 -0.12275840326680436 -0.076703265024995596,-0.020915924920802065 -1.5383129628705283 0.08253341221656342 -1.4947782301947501 0.030556512483584396 0.069038041183225915,0.95435725737604726 0.33735802538053838 0.26612365240998426 -0.16592443669895682 -0.45717467606636097 0.31260765408551322,-14.056115824719862 115.81383335305782 49.752714036696474 3.5652819494716836 -0.6990192698553428 0.0049826324426571859,0.25939128300004199 -10.193784145751124 -6.2199673660028338 -0.59428198339901428 0.20656619455779435 -0.061944180918288794
ur,tetrapga,17.401560636,0.450111596,0.306070925,0.039979507,36.143842,43.895555,4.51798025,1,0,0,3.331270371,0.079595279,1,0,0,0,0 0 0.050000000000000003,0 0 0.050000000000000003,0 0 0.050000000000000003,wrist_3_link,-1,0,0 0 0,0 0 0,,-0.035796664732292413 -1.542048868239734 0.079692339967922993 -1.4919604462498828 0.03779542937273557 0.064141362474021218,0.042655150536558398 0.022028315092960965 0.016963869924821594 -0.0070393231511326603 -0.021991194754038646 0.015220237910253448,0.21648129926543674 -1.272570656048313 0.26420240744820933 -1.504410673705926 -0.09281679160251248 0.18693894176227141,0.1895756512319613 0.034072052409226825 -0.12822146250404443 -0.18710285261835619 -0.11916232613576 -0.07967360835637935,-0.020915859630331893 -1.5377562539887775 0.082659084372185193 -1.4949964513135723 0.030413969072976346 0.068902115490333787,0.93005439952691837 0.30308269579419356 0.19327603499274748 -0.20338913640697942 -0.47025023189795462 0.28905170771377853,3.8534552021335244 120.79624590837645 56.47221459811874 3.4167020445036838 -0.61850888490074729 0.00790991773288547,0.20778488534702433 -9.7648305522607188 -5.9969260740949721 -0.56633896689982066 0.19535764616169615 -0.046986784563841866
ur,tetrapga,17.445536541,0.45135471,0.30148279,0.036581071,36.065487,44.178259,4.508185875,1,0,0,3.327992777,0.131580453,1,0,0,0,0 0 0.050000000000000003,0 0 0.050000000000000003,0 0 0.050000000000000003,wrist_3_link,-1,0,0 0 0,0 0 0,,-0.033425638530746843 -1.5411142057986107 0.080418585044060506 -1.492401943434386 0.036586935379557456 0.064939122392292353,0.048726912109013115 0.02017815088400534 0.015599400435587902 -0.009011013138713506 -0.024700986527477424 0.016225776704054725,0.22473071355573485 -1.271212070421879 0.25844061674664426 -1.5126452613471093 -0.097963284064733633 0.18336130002353429,0.18557239730845349 0.027711012034790018 -0.13379445680536065 -0.18736185415645151 -0.11487335828573342 -0.083020575225179333,-0.013167332872811192 -1.5348485959715279 0.084599655177252375 -1.496600053204731 0.026660896278769611 0.071201245502727467,0.96856584469008755 0.36345725215619495 0.24257135063339744 -0.20045023639483942 -0.46913409927584188 0.28739125154921003,-13.062910204456028 108.76124448999508 46.592189147625632 3.3274238253508885 -0.65135850246634586 0.0046993161657495975,-0.0010700431734562699 -8.56296443962583 -5.4871605821255116 -0.51433672155326349 0.19527171381099606 -0.050033205189492946
ur,tetrapga,17.48981457,0.450471941,0.288421542,0.030529647,36.288706,44.237788,4.53608825,1,0,0,3.268019653,0.036721216,1,0,0,0,0 0 0.050000000000000003,0 0 0.050000000000000003,0 0 0.050000000000000003,wrist_3_link,-1,0,0 0 0,0 0 0,,-0.029004115853865114 -1.5397589554092312 0.081533287815508532 -1.4932090219681649 0.034424618939377358 0.066393641783171101,0.082052376559000731 0.031819981483368252 0.023891017227902725 -0.016428318622951049 -0.040961102732684398 0.025750709679669633,0.23285484624966768 -1.2701273448553876 0.25239531641838675 -1.5209426012265326 -0.10295141667522695 0.17961240575012216,0.18135707755037975 0.021281558618569257 -0.1392378881298573 -0.18738146755551335 -0.11041311349585767 -0.086297953910137545,-0.013519986875907242 -1.5347132170201685 0.084392570047536891 -1.4968376387095153 0.026691215932011458 0.070875051030221264,0.945717185928864 0.32381983377637075 0.16576231889455312 -0.24163764038340588 -0.48144270963275337 0.25970092340899692,4.2821087311901085 113.88421565132698 52.288369322389514 3.0532964236051852 -0.54934512238718158 0.0055716398418210796,-0.34208898017421063 -4.7579637048047516 -4.5794470589531215 -1.2024038602412475 -0.052832679825222328 -0.35449180941424174
ur,tetrapga,17.534127444,0.450966131,0.301427754,0.038977178,36.145972,43.96795,4.5182465,1,0,0,3.25559395,0.102807827,1,0,0,0,0 0 0.050000000000000003,0 0 0.050000000000000003,0 0 0.050000000000000003,wrist_3_link,-1,0,0 0 0,0 0 0,,-0.026238692424931369 -1.5384693723263194 0.082433390178672378 -1.4937711565426324 0.033023781932475536 0.067257593834504553,0.053130327153637712 0.028076821308691598 0.019072288886527407 -0.010736421055197985 -0.027127085807933427 0.016697584051321445,0.24079447619102126 -1.2693272030132903 0.24610780241298599 -1.5292419839580031 -0.1077427255410372 0.17571739514158202,0.17695723862985344 0.014829387542315057 -0.1445106276634146 -0.18715941125687041 -0.10581398726976064 -0.089481612785123399,-0.012218149349406151 -1.5341296552853896 0.08441763161275942 -1.4974831652663094 0.025934830631750845 0.07096547514648463,0.95764878762664407 0.30770492348182499 0.12558143745684891 -0.27234595502948156 -0.4903335375615816 0.23739408926521466,6.1764963293216635 114.22428078918273 52.894898835069405 3.0284344601832935 -0.53364229405089314 0.0051218619127845911,0.027823310712392413 -9.3301734372025749 -5.8465767700730567 -0.52635960577117658 0.20679986308891074 -0.051493983006082544
ur,tetrapga,17.578168918,0.449655211,0.291848507,0.036102461,36.12915,43.935905,4.51614375,1,0,0,3.22166573,0.070694956,1,0,0,0,0 0 0.050000000000000003,0 0 0.050000000000000003,0 0 0.050000000000000003,wrist_3_link,-1,0,0 0 0,0 0 0,,-0.021794557085548918 -1.5368320730234817 0.083558553504776145 -1.4946981829937336 0.030828315070021393 0.068607834289917027,0.086868884228782528 0.038455119272124298 0.026158748797957172 -0.017723639113418885 -0.042899706121188132 0.026331662712663566,0.24848841352972287 -1.2688155098833609 0.23963122827751671 -1.5374755163152038 -0.11229992898292035 0.17170862089935385,0.17240910497646203 0.0084063569237070104 -0.14957155762936789 -0.1867000662322898 -0.1011160687316337 -0.092547162725609158,-0.0092616256875045575 -1.5330359488201819 0.084788930449477093 -1.4984688078338184 0.024416646572555566 0.071524598317422,0.96809094124662209 0.30561441678172818 0.10010473633866425 -0.29726671297463958 -0.49561578479131918 0.21724294990264589,5.9463831504812816 111.82895538255042 51.200207201452706 2.8877762977143955 -0.50753268346789859 0.0039192357316255935,-0.30572262218069568 -8.1481916924849429 -5.4153691499572005 -0.44352989661638276 0.24615450587463528 -0.081116420832103131
ur,tetrapga,17.622206463,0.449634756,0.292716303,0.050332751,36.334854,44.119928,4.54185675,1,0,0,3.187174077,0.07483109,1,0,0,0,0 0 0.050000000000000003,0 0 0.050000000000000003,0 0 0.050000000000000003,wrist_3_link,-1,0,0 0 0,0 0 0,,-0.018853641658284195 -1.5352952376227404 0.084474398920243873 -1.4954120017126136 0.029314768448156715 0.069420734628366537,0.061866544284841708 0.032270909684692588 0.016331027512668315 -0.018279039984632806 -0.033484222956220736 0.015501485734129671,0.25597762131233043 -1.2685868017066995 0.23293641831936721 -1.5456828706041157 -0.1166471985291304 0.16756743125518081,0.16769123099197922 0.0019806563532176603 -0.15444727834531136 -0.18600411147379395 -0.096299379497977261 -0.095511113087649785,-0.0062696914032958316 -1.5317266172495152 0.08523535732256815 -1.499498603845409 0.022867292086602747 0.07206247288555151,0.97349278369981795 0.30487199649323765 0.075461579713456961 -0.31977488402412307 -0.49980192796917416 0.19872580158215375,6.9976049099892261 109.27486565855604 49.872119988097467 2.7455012960754872 -0.47709639947472643 0.00322057663070437,6.0296961565933671 -8.2253348908425323 -6.4111924030707996 -2.8186340740567175 -1.2961584400333948 0.13523098370743014
ur,tetrapga,17.666399804,0.450452258,0.300838465,0.042751255,41.978513,49.672405,5.247314125,1,0,0,3.135660761,0.086095428,1,0,0,0,0 0 0.050000000000000003,0 0 0.050000000000000003,0 0 0.050000000000000003,wrist_3_link,-1,0,0 0 0,0 0 0,,-0.01660736102917593 -1.5341110260967863 0.085065303692898483 -1.4960650006493137 0.028129076499223436 0.06995265201021357,0.043495118513656429 0.023719670763106493 0.011854231659062627 -0.012592609784904209 -0.02294418218232637 0.010283814561305225,0.26328076875330336 -1.268641700652851 0.2260062706830723 -1.5538832274479317 -0.12079410004633284 0.16328267460986687,0.16279036086108437 -0.0044639039819338502 -0.15914891183661581 -0.18506935791212017 -0.091353394180033104 -0.098380756745736583,-0.00087199132351833096 -1.5296613500611007 0.08588423178646469 -1.5012720659426613 0.020176816358789745 0.073049659035708453,0.99776468578094091 0.33267117502902965 0.086423483914243635 -0.32898286203449978 -0.5007402288710221 0.18933017112392758,-1.7311269895066896 102.17388491531148 45.108743910621179 2.7768673819613165 -0.5104326930194234 0.0032935484189142994,0.17450750275042282 -10.746298510513043 -6.4126882653367829 -0.55426772442569927 0.2016650996297713 -0.031746490812935235
ur,tetrapga,17.716143008,0.451035058,0.282515559,0.028097148,36.09971,44.103854,4.51246375,1,0,0,3.109166708,0.066349364,1,0,0,0,0 0 0.050000000000000003,0 0 0.050000000000000003,0 0 0.050000000000000003,wrist_3_link,-1,0,0 0 0,0 0 0,,-0.013693566630615253 -1.5328889329725821 0.085578697626720532 -1.4969790620858536 0.026606553756765787 0.070581398730117595,0.073932900010981781 0.026958349517460102 0.0094157908524503016 -0.024170600286448869 -0.038382957973599419 0.014991473022132757,0.27123731325481315 -1.269043907139759 0.21796289063593993 -1.5630572437479358 -0.12519726862426864 0.15831120141921076,0.15708088792556602 -0.011704232354962974 -0.16420499893039267 -0.18373636099151169 -0.085661413443914203 -0.10148167731140677,0.00058925271133454873 -1.5287223414197086 0.086082955067801392 -1.501975542289995 0.019348317312186961 0.073152684470287832,0.98400396105016774 0.31910001214162559 0.043936295151097857 -0.35624728446720505 -0.50542096819885085 0.16714444842185139,7.5266509840852898 101.77782758165786 45.359662397253729 2.3544595349165554 -0.40422941421089531 0.00096019759980455182,1.2109063839437972 -6.6180307323502348 -4.214572187011413 -0.4266917749082495 0.10635947007737201 -0.0014286394294344973
ur,tetrapga,17.760321023,0.45132782,0.276633277,0.119731421,42.009569,50.152795,5.251196125,1,0,0,3.057925753,0.077759386,1,0,0,0,0 0 0.050000000000000003,0 0 0.050000000000000003,0 0 0.050000000000000003,wrist_3_link,-1,0,0 0 0,0 0 0,,-0.010986377811840422 -1.5317758083678124 0.086011794784227102 -1.4978543759673368 0.025206393273458499 0.071126421261774458,0.083653291430519292 0.029619379959026651 0.0065617219441454671 -0.030662127298144978 -0.046282743844430277 0.017499823912245152,0.27806172884458286 -1.269702658630278 0.21061344936245108 -1.57114359701173 -0.1288680377741484 0.15376929496681202,0.15184433850703327 -0.018114593108481687 -0.16848020974109559 -0.18230556797156572 -0.080504102651726792 -0.10411804691076035,0.0057591602706585435 -1.5267344068069901 0.086469777981697582 -1.5038753816957373 0.016765371477247056 0.073899400500129955,1.0079770205142364 0.34391275595930754 0.050576634603977419 -0.36626644109313378 -0.50593319236552947 0.15666023329823259,-1.0904150861808031 94.712345948097081 41.283287403199246 2.4760917772126616 -0.45126851545156721 0.0020957684799867752,24.256887289293285 -0.40018548140960775 -3.6721115067896335 -6.7049595827165831 -5.1821117331718014 1.9445952636592949
ur,tetrapga,17.810550066,0.450636926,0.283559585,0.03125038,36.181327,43.918265,4.522665875,1,0,0,3.026778039,0.038441573,1,0,0,0,0 0 0.050000000000000003,0 0 0.050000000000000003,0 0 0.050000000000000003,wrist_3_link,-1,0,0 0 0,0 0 0,,-0.0070653949375105544 -1.530289427131192 0.086512113029352092 -1.4991461821843739 0.023217681557226366 0.071867412513400952,0.076980445084838034 0.031900615491558322 0.0095217872865545946 -0.027290329832604428 -0.039763308145278231 0.013040583211748903,0.28553541124810833 -1.2707949369974392 0.20203397372544868 -1.580254007293846 -0.13276220230861602 0.14846710549846912,0.14570800160276198 -0.025370808275861179 -0.17308865255220218 -0.18039997835902641 -0.074534281958493556 -0.10697769618763503,0.0072653397358827271 -1.5258690898637184 0.086548436029489445 -1.504659661167969 0.015923860886236742 0.073942760668286533,0.9898071945383512 0.33035343179220522 0.0071863212482052487 -0.39360993738532774 -0.50845824847914844 0.13241927234109796,8.6647273681273074 93.515342614100149 40.792389643137511 1.9528032504035109 -0.32438382512473746 -0.0011900904954992384,0.31096095625311015 -6.9908533036632434 -4.6875570620368876 -0.39651807762857061 0.16649239049911557 -0.031694853260034961
ur,tetrapga,17.85453701,0.450683821,0.29625032,0.04139053,41.956434,49.690851,5.24455425,1,0,0,2.970556642,0.057164401,1,0,0,0,0 0 0.050000000000000003,0 0 0.050000000000000003,0 0 0.050000000000000003,wrist_3_link,-1,0,0 0 0,0 0 0,,-0.0044485422270486089 -1.5290494843062381 0.086928443507505337 -1.5000656686400986 0.021864861042346376 0.072310018842196552,0.05035882596046698 0.026436785730848383 0.0093710923338186734 -0.017663946750520281 -0.026187550162988311 0.0085558810342067412,0.29182361218036224 -1.2720500243784005 0.19433575349289633 -1.5881480769355361 -0.13592418653822466 0.14370868824341984,0.14018076820376316 -0.031689322006405986 -0.1768988106064828 -0.17849072772377667 -0.069222649924215715 -0.10935881911818961,0.012430079836690087 -1.5238395741672834 0.08673247453904509 -1.5067388128076158 0.013345190021892904 0.074506149313700143,1.0116513695985936 0.35307682109857724 0.011129584320930992 -0.4034562468738887 -0.50799014637452056 0.12144676435523384,0.43643581856841784 86.400693611760289 37.191132146254645 2.123216620463408 -0.37986553068721413 0.00079723123154337152,-0.0047543073158973215 -10.350232949892415 -6.2085795088642612 -0.49757354678604315 0.20551233734500585 -0.026366243865624028
ur,tetrapga,17.904328809,0.449392915,0.284344357,0.035220316,36.27261,43.987993,4.53407625,1,0,0,2.937669637,0.019301716,1,0,0,0,0 0 0.050000000000000003,0 0 0.050000000000000003,0 0 0.050000000000000003,wrist_3_link,-1,0,0 0 0,0 0 0,,-0.00036446862750663287 -1.5273540435480317 0.087347185269605068 -1.5015658432914438 0.019774741325582528 0.07293867460601762,0.076878270965254736 0.033987602951996078 0.0074534300557191832 -0.029905427634933517 -0.039652878539451174 0.010193529670212165,0.29864429094550815 -1.2738049590485663 0.18542557823593578 -1.5969761707804608 -0.13921948300037537 0.13819931086197398,0.1337585114240594 -0.03879203547200475 -0.18095207886229339 -0.17606275258682219 -0.063126500361470217 -0.11191243015596354,0.013959926477315625 -1.5228896357598636 0.08678769608388931 -1.5075874859705343 0.012494867293421693 0.074493610091625279,0.99089013191852215 0.33839665358198534 -0.03151672539723558 -0.42939475283660339 -0.50813731426606012 0.096399767277411702,9.9283425840515154 84.727615066109649 36.073493820599211 1.5444261731947981 -0.24244543755024206 -0.0032600829870892338,-0.095753046451449109 -8.3900062537932172 -5.2830474508313046 -0.36130171956301638 0.22130030196492356 -0.030618462044515127
ur,tetrapga,17.948424005,0.44920475,0.295425341,0.043111002,41.95651,49.695634,5.24456375,1,0,0,2.876147295,0.037266989,1,0,0,0,0 0 0.050000000000000003,0 0 0.050000000000000003,0 0 0.050000000000000003,wrist_3_link,-1,0,0 0 0,0 0 0,,0.0022389122620645298 -1.5260737315994179 0.087672350850648686 -1.5025744849789529 0.018427600313456107 0.073284451726748578,0.050162642458258994 0.026677361827979695 0.0072994552414031976 -0.019409479576169165 -0.02606920309439572 0.006684060982667793,0.30441437971032598 -1.2756532353953651 0.1773716759576211 -1.6046879526272178 -0.14188280745122006 0.13321702782637582,0.12793057009624181 -0.045030434615802778 -0.1843069792187651 -0.17367994272458578 -0.057662953909274624 -0.11404583180608276,0.019124405344700397 -1.5208169308060839 0.086772441789596713 -1.5098437744367201 0.0099253769651598961 0.074873440110131306,1.011841569770719 0.35859112647682767 -0.029552246629878393 -0.43869234879345037 -0.50658421045371793 0.085264951820608684,1.6285911315480615 77.687928813645399 32.929894750431849 1.7781879817482353 -0.31039593597467247 -0.00041626457652173092,0.035171352013357193 -11.0301176477833 -6.4666503168153326 -0.50064858544465096 0.20758071487404095 -0.020601388018604894
ur,tetrapga,17.99823257,0.447814466,0.283609297,0.034883846,36.264901,44.367752,4.533112625,1,0,0,2.847585086,0.006019189,1,0,0,0,0 0 0.050000000000000003,0 0 0.050000000000000003,0 0 0.050000000000000003,wrist_3_link,-1,0,0 0 0,0 0 0,,0.0061624367277361329 -1.5244292001449724 0.087914347938389342 -1.5041529476623448 0.016422504934731144 0.073749581410188433,0.078233783803956611 0.034445702154257893 0.0039561500660232826 -0.033366313737012834 -0.040378545550080504 0.0075551086806320425,0.31061936005088803 -1.2780702670943358 0.16810275554558723 -1.6132663739847799 -0.14459992059241988 0.12747956806150312,0.12119655097639338 -0.052009747661977336 -0.18782671378429722 -0.17073059480422234 -0.051429216250803954 -0.11630836108309257,0.020549756902998075 -1.5198790206920729 0.086775424669338935 -1.5107011256177785 0.0091373096346246477 0.074790629466762432,0.98829200068027145 0.34300560957786452 -0.070996273937585119 -0.46284558110630469 -0.50457892672427551 0.059889838038905505,11.081069823978771 75.711498697723101 31.269314097890216 1.1375030037148595 -0.16083058541269585 -0.0052693996130505827,0.42084607421804776 -8.2654858159285141 -5.2325769572047989 -0.40184425407369417 0.17318712403636383 -0.024516600309937076
ur,tetrapga,18.042732374,0.447128142,0.279270741,0.149730861,42.022822,49.953516,5.25285275,1,0,0,2.780022841,0.012714035,1,0,0,0,0 0 0.050000000000000003,0 0 0.050000000000000003,0 0 0.050000000000000003,wrist_3_link,-1,0,0 0 0,0 0 0,,0.008994161122694173 -1.5230514579963526 0.088127094700969383 -1.5053606666908901 0.014955898348036832 0.074021554189025743,0.08417787180489264 0.035332498056621968 -0.00053909886383618662 -0.040476386510166718 -0.04666449345483685 0.0078779428514766242,0.31587629674403656 -1.2805221646945015 0.15967914120748125 -1.6208009650003257 -0.14676370764950467 0.12226140716303392,0.11505164414124164 -0.058177041022933591 -0.19072539252095566 -0.16786895277578218 -0.045813569577204644 -0.11819547498562882,0.025733076016832963 -1.5177818903925935 0.086550026039034597 -1.5131373104568886 0.0065766291527651066 0.074987836520373552,1.0090272703634549 0.36127996192815681 -0.070414516980861735 -0.47141245391069864 -0.5019159667584483 0.048684483915851923,2.4203491698409021 68.622878706270768 28.539820898114382 1.4477840496980119 -0.24441587211161209 -0.0014484605867505474,23.255251857554796 -1.9497575623781813 -6.5843818015417241 -8.3849282307091926 -4.9321656835508065 0.74470911394641348
ur,tetrapga,18.092770228,0.445429964,0.284867407,0.03624085,36.18269,44.151592,4.52283625,1,0,0,2.755739576,0.013397439,1,0,0,0,0 0 0.050000000000000003,0 0 0.050000000000000003,0 0 0.050000000000000003,wrist_3_link,-1,0,0 0 0,0 0 0,,0.012911403077966836 -1.5213606360206815 0.088231150738423442 -1.5070651904555727 0.012967635790378407 0.074342915287692518,0.076645436044550194 0.034940132660081474 0.0011707562412094192 -0.035395537718181477 -0.039400412696481583 0.0045525365597185183,0.32145752626140606 -1.2836049732061416 0.15005989105875414 -1.6291151061692839 -0.14889727103479561 0.1162972307360256,0.10800522255913113 -0.065026137348221325 -0.19370359685704627 -0.16440159353787767 -0.039458152924566267 -0.12016381716466833,0.027171292541348535 -1.5168061096350454 0.086509148201863395 -1.5140485228895926 0.0057913597501176445 0.074850264407230999,0.98113163732085418 0.34564420470934681 -0.11018002388553379 -0.49340906211315716 -0.49759659926060429 0.023111062106155419,12.220792921147567 66.204441039871526 26.253239237146065 0.71909374140585025 -0.076953575771729454 -0.0072585986778090717,0.38478613666001138 -8.7512643857226067 -5.436127446544333 -0.3983504882435227 0.17648530520826355 -0.021145530718570171
ur,tetrapga,18.137023158,0.44451626,0.280763878,0.160852675,42.038336,50.166809,5.254792,1,0,0,2.682809107,0.011100244,1,0,0,0,0 0 0.050000000000000003,0 0 0.050000000000000003,0 0 0.050000000000000003,wrist_3_link,-1,0,0 0 0,0 0 0,,0.015686444116753361 -1.5199707705906247 0.088338043117643067 -1.508347657819419 0.011535847111082227 0.074506084946503806,0.083162984049646643 0.035890890751440897 -0.0035360672380993084 -0.043249285278186167 -0.045995424021192916 0.004497643625266297,0.32609705440345088 -1.2866150589018561 0.14143434273212416 -1.6363184880063539 -0.15051853381855623 0.11094367172069011,0.10165990290294806 -0.071000328157010364 -0.19608636492269793 -0.16112027194449688 -0.033811060273732749 -0.12176731994137351,0.032305816929142604 -1.5147029341395575 0.086076736734699524 -1.5166326538723163 0.0032763036087594417 0.0748600537683283,1.0007170715508136 0.36179259799307273 -0.11120439990909463 -0.50116841224056297 -0.4938972545090487 0.011979277689696709,3.5877286909551405 59.180060244640885 23.99663896317572 1.0896797527946362 -0.17229895564530681 -0.0025889247409750012,23.34045862880663 -2.1995167893073813 -7.425548161040922 -9.007749780686936 -4.9166348591921949 0.38542701156046633
ur,tetrapga,18.187264915,0.442534238,0.286005827,0.036927073,42.066958,49.89723,5.25836975,1,0,0,2.622793979,0.03190122,1,0,0,0,0 0 0.050000000000000003,0 0 0.050000000000000003,0 0 0.050000000000000003,wrist_3_link,-1,0,0 0 0,0 0 0,,0.01957171399387303 -1.5182588043392322 0.088290799543083623 -1.510172206692495 0.0095749198186621375 0.074682958634928256,0.076266419167508856 0.035325101930512567 -0.0018479598702447536 -0.03784057763457209 -0.038924319729505587 0.0017101153170102892,0.33102114330393784 -1.290350512051726 0.13152062705084361 -1.6443149400055874 -0.15205579353105814 0.10478339855299361,0.094335252163591204 -0.077679788612628337 -0.19850266288966284 -0.15715714699323077 -0.027381120671504715 -0.12342974063955697,0.037091209646104698 -1.512621247710368 0.085675997173719709 -1.5190968514067087 0.00093508436398992423 0.074807351274120165,0.99611482102301163 0.37133175612753294 -0.11928190934380974 -0.50991367553016276 -0.48948417212530038 -0.0010535903190726312,3.3952181353897348 53.737444639924078 21.085740582802082 0.87810304246081672 -0.1374156129507467 -0.0033767476337492218,0.38951111728994192 -9.0462930288549614 -5.5390610085646586 -0.38908022131818143 0.17560405998837325 -0.016979656187942282
ur,tetrapga,18.237237953,0.44119535,0.283267168,0.033201284,42.10597,49.925157,5.26324625,1,0,0,2.570067913,0.047583273,1,0,0,0,0 0 0.050000000000000003,0 0 0.050000000000000003,0 0 0.050000000000000003,wrist_3_link,-1,0,0 0 0,0 0 0,,0.022708002911994249 -1.5166995374222667 0.088257514539654885 -1.5117370320931198 0.0079680664037262185 0.074747546200157541,0.09487620391469298 0.039189388490864778 -0.0073110076662514347 -0.048235294201787335 -0.04801400419767049 0.001141442262514329,0.33555084499737287 -1.2943959736368671 0.12154719879774148 -1.6520649791858362 -0.15326412552851634 0.098577431134255419,0.086931760729634211 -0.084205608976408761 -0.20059833195276322 -0.15297189753152399 -0.020978029737947154 -0.12491473237622554,0.041413442149421997 -1.5106230036156081 0.085267803525808192 -1.5214135769144392 -0.0011810707372653904 0.074667100891602708,0.98975428436229562 0.37722707189604238 -0.13169662476891286 -0.51958504903724123 -0.48430008387591228 -0.015662390349704639,3.7387481948547832 48.413134952193175 18.523175351437988 0.6915090034467124 -0.10112890932552407 -0.0039077274713093697,2.3844365823223086 -8.1143176721006967 -4.980192596487484 -0.45549644422317215 0.080069879804408828 -0.003474320299574174
ur,tetrapga,18.2872612,0.43884599,0.286148138,0.032710763,41.909086,49.663461,5.23863575,1,0,0,2.519328535,0.074059589,1,0,0,0,0 0 0.050000000000000003,0 0 0.050000000000000003,0 0 0.050000000000000003,wrist_3_link,-1,0,0 0 0,0 0 0,,0.026592833119373389 -1.514960162239158 0.088057305635978203 -1.5136880842274514 0.0060238462039919173 0.074787791820857791,0.10422554943507167 0.042255057796639538 -0.0095440173014622719 -0.053498976767415982 -0.052040173428039696 0.00020286590310752048,0.33971182002285311 -1.2987689696274163 0.11146660387518856 -1.6596074324404584 -0.1541532806514388 0.092295150219412231,0.079412673936223643 -0.090611013065885745 -0.20238621783842545 -0.14854755913204773 -0.014573527806710413 -0.12623126124602985,0.045564546765354527 -1.5086637703350529 0.084794369659745947 -1.5237179321873242 -0.0032047310248576114 0.074446250663456295,0.98203211743559737 0.38044037197102443 -0.14635117502146694 -0.52946606084492964 -0.47811119597124746 -0.031377870879787058,4.1992068834404161 43.100702668903978 16.004000627932072 0.50414883658954668 -0.064053669225406895 -0.0044463256169267554,2.1072370172895205 -7.9349910672481201 -4.9066143779323284 -0.39867260285154771 0.10186253556957148 -0.0057364803328709968
ur,tetrapga,18.33702794,0.435648199,0.290451708,0.034069552,41.87882,49.568915,5.2348525,1,0,0,2.467624375,0.104013379,1,0,0,0,0 0 0.050000000000000003,0 0 0.050000000000000003,0 0 0.050000000000000003,wrist_3_link,-1,0,0 0 0,0 0 0,,0.031009512241557836 -1.5130000708727098 0.087762561287187471 -1.515936859985868 0.0038372339785145769 0.074785360791487468,0.10473315887424625 0.043960015852104899 -0.0098783357679556004 -0.054265249308039123 -0.051443366484506634 -0.0011994109710267546,0.34347574354981342 -1.3034341730487236 0.10135666252563341 -1.6668859517562238 -0.15472034422761027 0.085983966632688355,0.07183452963870858 -0.096848600950197788 -0.20385525169045796 -0.14392117437711463 -0.0082192471153881026 -0.12737094219814107,0.049706357734166158 -1.5066953332397148 0.084237377914674755 -1.5260850730907576 -0.0052104804682173806 0.074148188078311653,0.97257121226303123 0.3815640355013401 -0.16237995860118329 -0.53905112748002515 -0.47078009479811112 -0.047855016464863412,4.7453270405522847 37.745023308749232 13.476273175006103 0.31300858086862393 -0.025915095075032091 -0.0050017112749166162,0.24493788329053245 -8.7558346426030766 -5.1104328526059817 -0.19536602060998121 0.23444886907126561 0.0013592793650332169
ur,tetrapga,18.386699917,0.432470141,0.293773767,0.035250429,42.071828,50.010103,5.2589785,1,0,0,2.416129649,0.127074521,1,0,0,0,0 0 0.050000000000000003,0 0 0.050000000000000003,0 0 0.050000000000000003,wrist_3_link,-1,0,0 0 0,0 0 0,,0.035249432870212628 -1.5110526853736592 0.087443429352696139 -1.5181456688195876 0.0017473457258920268 0.074724099030185842,0.10380082705681197 0.045058181836804614 -0.01096435473649901 -0.055217274409901831 -0.050778067605193843 -0.0028183215187032812,0.34685422757458195 -1.3083965160670397 0.091200758403472568 -1.6739156551960639 -0.15497168232229003 0.079632472066802643,0.064183556208846013 -0.10293143195639706 -0.20501197318349956 -0.13908886260282027 -0.0019065997237380911 -0.12833816107656223,0.053786488899064643 -1.5047374923054684 0.083603709701534745 -1.5284859952353522 -0.007170562464590774 0.073773420317437707,0.96179530683055603 0.38089737605327512 -0.17939763566297462 -0.54822165773988518 -0.46244232412966241 -0.064843188720921513,5.3081756373598825 32.367538158462992 10.959600120245982 0.12318705815315178 0.012168263993537209 -0.0055348836931821679,0.24476936981989184 -9.1996893609621111 -5.2875642995234671 -0.19739995678173727 0.23513549656749788 0.0049660589226618868
ur,tetrapga,18.436816707,0.429265561,0.296097823,0.03639908,41.969568,49.878517,5.246196,1,0,0,2.366331014,0.147026303,1,0,0,0,0 0 0.050000000000000003,0 0 0.050000000000000003,0 0 0.050000000000000003,wrist_3_link,-1,0,0 0 0,0 0 0,,0.039374887740688959 -1.5090927347747876 0.087091432743365074 -1.5203500859074026 -0.00027853009734488457 0.074601767417233206,0.10267856421822316 0.045420310577253438 -0.012950595811717423 -0.056769135376533948 -0.050486408721039981 -0.0045800267043433615,0.3498758090381342 -1.3137057212881074 0.080903529402231819 -1.6807598053708341 -0.15490848901353538 0.073179735733945733,0.056385792186521677 -0.10891553414118893 -0.20586464442001773 -0.134005117557883 0.0044203452033153307 -0.12914072932340895,0.057782772573664688 -1.5027975929036184 0.082898310694425603 -1.5309071362489071 -0.009072927198271994 0.073322886634988094,0.94989800918202749 0.37858875938698422 -0.19716622417452831 -0.55688980284124734 -0.45317161185784727 -0.082202559761427596,5.8623519198472396 26.988773230597623 8.4562524200266864 -0.064499700014126971 0.04991476808828274 -0.0060468657674904672,1.8299141793654599 -9.0981340557273143 -5.4598620633005339 -0.39186506884288974 0.12632652330705163 -0.011511358582311004
ur,tetrapga,18.486800294,0.425882427,0.298797253,0.037248498,42.069547,49.970649,5.258693375,1,0,0,2.317670482,0.164669761,1,0,0,0,0 0 0.050000000000000003,0 0 0.050000000000000003,0 0 0.050000000000000003,wrist_3_link,-1,0,0 0 0,0 0 0,,0.043502827663065263 -1.5071131570648926 0.086662684924048161 -1.5226188983788258 -0.0022941367540521016 0.07440806506394658,0.10219687615360405 0.045842660850160546 -0.014718932792384929 -0.058105133004473564 -0.049928070048355512 -0.0064118626994152002,0.35249837071481332 -1.3192955171378136 0.070598986010161138 -1.6873269893203076 -0.15453095284004134 0.066708439138857017,0.04854064086265697 -0.1147221431421406 -0.20639998068528251 -0.12873626035324362 0.010675973027010642 -0.12976712346756983,0.061708212108444467 -1.5008769859011983 0.082116914354396317 -1.5333542041927624 -0.010922286192267037 0.072796120806192133,0.93692823054704077 0.37493726058444987 -0.21531123960088133 -0.56489093365829457 -0.44300708213469764 -0.09975755644441045,6.3901299415633606 21.599273218693479 5.9534167074093851 -0.25094542503786665 0.087308542904206671 -0.0065440098799587169,1.8136920997586969 -9.3804899476526771 -5.5872747394284943 -0.39077955541051779 0.12920824748079518 -0.012299207304181436
ur,tetrapga,18.536873209,0.422366812,0.301401231,0.038155723,42.085298,49.853521,5.26066225,1,0,0,2.270789329,0.180760848,1,0,0,0,0 0 0.050000000000000003,0 0 0.050000000000000003,0 0 0.050000000000000003,wrist_3_link,-1,0,0 0 0,0 0 0,,0.047608192349582613 -1.5051217293439352 0.0861598346856393 -1.5249394955555919 -0.0042853416451826155 0.074140996015354468,0.10110094384300014 0.046018441932525078 -0.016439575826516922 -0.059118995560816789 -0.049032763188696094 -0.0082681359762770273,0.35473094740321309 -1.325182098217764 0.06025709244574122 -1.6936370784028165 -0.15384084420719524 0.060198553650271672,0.040623597068985565 -0.12036921828721933 -0.20662077306817456 -0.12326910049683028 0.016876034520050699 -0.13021995338957731,0.065566095812451819 -1.4989770748462019 0.081258649773848252 -1.5358275182511083 -0.012718942879235813 0.072193216029901197,0.92286109554801943 0.37013712160329104 -0.23362433742908362 -0.57212391342629021 -0.43198661229595592 -0.11739045075688506,6.9059839535828615 16.196257286599629 3.4514597219763541 -0.43656032791417587 0.12451894810322209 -0.0070287338983001466,1.7897572040229761 -9.6899815464412313 -5.7233584879620594 -0.39093605033485801 0.13199640174930494 -0.012929575625122425
ur,tetrapga,18.586841862,0.418480615,0.304008089,0.038453715,42.063202,49.946944,5.25790025,1,0,0,2.225014107,0.197413762,1,0,0,0,0 0 0.050000000000000003,0 0 0.050000000000000003,0 0 0.050000000000000003,wrist_3_link,-1,0,0 0 0,0 0 0,,0.051866043122992783 -1.5030379612635738 0.085548313672232285 -1.5274178718678675 -0.0063338430449928311 0.073779661126009574,0.098920559856632326 0.045777692184490029 -0.017590883073632813 -0.058888061615488659 -0.04709664014666981 -0.009978034208138262,0.35656245562125399 -1.3313339031309872 0.049933572634023225 -1.6996566281820198 -0.15284460134217537 0.053683980862632867,0.032675672078143037 -0.12582718208725996 -0.20652681196126291 -0.11763514952115992 0.022984606968435545 -0.13049738405205691,0.069401643833405746 -1.4970777885629629 0.080316126722052045 -1.5383524786455427 -0.014483419103520721 0.071510033523615305,0.90757016047683625 0.36431349130512308 -0.25186738168094952 -0.57842150719668517 -0.42009390485206005 -0.13497422511476717,7.4143593484366352 10.773364056414973 0.94508832397786113 -0.62203182754590058 0.16163383953942242 -0.0075083715763509164,0.29730033052999261 -10.565945920978265 -5.7680572536211798 -0.19307555163140933 0.22946779398688477 0.021783670744156325
ur,tetrapga,18.636889556,0.414884671,0.305800719,0.040093663,42.109577,50.046385,5.263697125,1,0,0,2.181990995,0.208569077,1,0,0,0,0 0 0.050000000000000003,0 0 0.050000000000000003,0 0 0.050000000000000003,wrist_3_link,-1,0,0 0 0,0 0 0,,0.055795532010692338 -1.5010783489284054 0.084915729904321433 -1.5297676119993615 -0.0082091953071820913 0.07337086964338356,0.097002713215555689 0.0452868603215393 -0.019741874949607139 -0.060035614110749251 -0.046226236219046722 -0.011905596570753836,0.35799780268025688 -1.3377642137068904 0.039606280297157063 -1.7053992688018589 -0.15154303576219563 0.047149575373230446,0.024678204279772013 -0.13110862590634415 -0.20611900405984176 -0.11182448198192409 0.029012328710207751 -0.13060064727163237,0.073131098535900496 -1.495217634187302 0.079305626161991993 -1.5408772956595667 -0.016174660163795675 0.070755586117904973,0.89137284885136048 0.35753681559433204 -0.27005017545357568 -0.58387922243036483 -0.40747463613836082 -0.15245705886013405,7.9088717015288204 5.3652888481091336 -1.5379293474365454 -0.80432467311233291 0.19822231689025632 -0.0079562069302757752,1.7743822160228433 -10.367904864770935 -6.0140495137882795 -0.40063222981098079 0.13417925983774381 -0.014501490223892688
ur,tetrapga,18.687036284,0.411191659,0.308282158,0.040631971,42.0152,49.860145,5.2519,1,0,0,2.141729291,0.219340791,1,0,0,0,0 0 0.050000000000000003,0 0 0.050000000000000003,0 0 0.050000000000000003,wrist_3_link,-1,0,0 0 0,0 0 0,,0.059696667303731188 -1.4991310582480162 0.084193739776798282 -1.5321680735214098 -0.010052479233280943 0.072883486580520504,0.096345843752466215 0.045251085111866984 -0.021800479782813173 -0.0613040923198582 -0.045427211375800497 -0.013886732224844526,0.35903383672695749 -1.3444675475629573 0.029286881888252837 -1.7108576058818161 -0.1499388459383911 0.040601441426722569,0.016638353269138782 -0.13620735626497227 -0.20539703843270851 -0.10584481336112957 0.034949441475811055 -0.13052917955779494,0.076766956424827781 -1.4933960575400789 0.078223892690746977 -1.5434073829631525 -0.017797292726100838 0.06992934915652646,0.87430822455599388 0.3499915882126976 -0.2879702388684362 -0.58842411450380039 -0.39414723184303807 -0.16977651293173734,8.3692500007058346 -0.048287854553207721 -4.0160431902683706 -0.98470454544599828 0.23428572937300485 -0.0083849695404882227,1.7703254424302486 -10.560073776231548 -6.0947956233461014 -0.39810628594386799 0.13479392002968282 -0.015131971105461162
ur,tetrapga,18.736996661,0.407399499,0.310704377,0.041407434,41.894057,49.920592,5.236757125,1,0,0,2.103651951,0.228813058,1,0,0,0,0 0 0.050000000000000003,0 0 0.050000000000000003,0 0 0.050000000000000003,wrist_3_link,-1,0,0 0 0,0 0 0,,0.063568046857651744 -1.4971891148932115 0.083387662291880729 -1.5346166414683295 -0.011861484140995537 0.072317338405630122,0.094936151558507334 0.04507130557446351 -0.023591446348504751 -0.062076694046175232 -0.044237358236483407 -0.015792486143880784,0.35966465143882398 -1.351395276851141 0.019049594410540532 -1.7159937781468435 -0.14804733929207842 0.034085548931630662,0.0086124802737794007 -0.14108787217100199 -0.20436786669377527 -0.099741727251891399 0.040751014798020235 -0.13028441438493762,0.080317715137959989 -1.4916102079275553 0.077070737696416439 -1.5459456607408903 -0.019354517360753699 0.069031540567353861,0.85631078127700311 0.3417642510350728 -0.30551218207012187 -0.59199540887800528 -0.380147108201699 -0.18685074320699924,8.8184492960234895 -5.4608900412223882 -6.4861917654255876 -1.16382086877559 0.27006055248020888 -0.0088001178039979963,1.7288052188507663 -10.850847984548636 -6.2111150776395334 -0.39598135945016111 0.13735227799335092 -0.015224690433740307
ur,tetrapga,18.787012818,0.403302624,0.312909952,0.04084462,41.956714,49.858466,5.24458925,1,0,0,2.067551568,0.239583158,1,0,0,0,0 0 0.050000000000000003,0 0 0.050000000000000003,0 0 0.050000000000000003,wrist_3_link,-1,0,0 0 0,0 0 0,,0.067565497298748722 -1.4951729134050278 0.082455727626293218 -1.5372178983936922 -0.013705709851277897 0.071640546252938711,0.092409076830663878 0.04444498627413767 -0.024750033577487549 -0.061460916242943739 -0.042052637899595596 -0.017360888380893225,0.35989434551557498 -1.3585698613751909 0.0088600749089659987 -1.7208268580606938 -0.14586645583368935 0.027578952199964157,0.00057230298714951102 -0.14576792488669826 -0.20303024068100692 -0.093497593654815137 0.046434445547397438 -0.12986665853101739,0.083827679919633927 -1.4898379167386229 0.075836553623255171 -1.5485195639788889 -0.020865881645233002 0.068054886121061142,0.83725241880551393 0.33287095017572188 -0.32255395026133898 -0.59448048931043473 -0.36544577817019464 -0.20361323760556777,9.260401031455789 -10.877723286835995 -8.9536476890076031 -1.3424275263407757 0.30566221720813536 -0.0092121623719595841,0.3158735961338266 -11.71985432395104 -6.1266929955613705 -0.18412938175697491 0.21817207062866828 0.039407093487000111
ur,tetrapga,18.83697308,0.399544741,0.314560469,0.043146206,42.022958,49.777742,5.25286975,1,0,0,2.034269086,0.244954562,1,0,0,0,0 0 0.050000000000000003,0 0 0.050000000000000003,0 0 0.050000000000000003,wrist_3_link,-1,0,0 0 0,0 0 0,,0.071235933771075205 -1.4932950998295949 0.081521801534284538 -1.5396693674747162 -0.015377497466392297 0.070937420053887354,0.09008411541979329 0.043634107718299328 -0.026704406883213221 -0.062223017424949144 -0.040837707833019744 -0.019274189379388015,0.35972240393126587 -1.3659648411514276 -0.0012436575441359941 -1.7253396423941274 -0.14340756034194543 0.0211047762579828,-0.0074536942295907582 -0.1502307099264425 -0.20139016204111462 -0.087137924096957337 0.051976166759030669 -0.12927789696557426,0.087219187223795999 -1.4881155658207676 0.074544450738885798 -1.5510751281292234 -0.022295224650224564 0.067015060421985295,0.81743049997028105 0.32333084332169032 -0.33917686756146964 -0.59601417667704126 -0.35017989233900004 -0.2200574046228474,9.6890474298201923 -16.262319905137861 -11.391104242324683 -1.5174330270056997 0.34063722863294144 -0.0095900759007893736,1.6846656201201426 -11.508131014506944 -6.4719309121348942 -0.40394629324509879 0.13906090383650138 -0.016508448798020936
ur,tetrapga,18.886856042,0.395746587,0.316847297,0.043627434,42.021424,49.920541,5.252678,1,0,0,2.003562651,0.249238865,1,0,0,0,0 0 0.050000000000000003,0 0 0.050000000000000003,0 0 0.050000000000000003,wrist_3_link,-1,0,0 0 0,0 0 0,,0.074858738255260321 -1.4914433800571256 0.080500079563584057 -1.5421566763903014 -0.017002725371317549 0.070155567764550508,0.08895859916809043 0.043271683540670118 -0.028705702979712061 -0.063108980864637107 -0.039682793968210131 -0.021245320790947788,0.35915102498703888 -1.3735654221128921 -0.011242517115801961 -1.7295256457172428 -0.14067983399598227 0.014674204227094607,-0.01545160652526786 -0.15446914790308466 -0.19945303895511265 -0.080677659757812784 0.057363784970904115 -0.12852035319913804,0.090504238895130665 -1.4864414918534754 0.073191380331401129 -1.5536179422964591 -0.023647107772532136 0.065911097395447954,0.79689550403924403 0.31325344604538352 -0.35524720905412888 -0.59655340059311635 -0.33437600109900251 -0.23613623790049282,10.083809610619166 -21.624308367370187 -13.808314735910116 -1.6893872736730149 0.3748528181112647 -0.0099447967746090528,1.6696324578429085 -11.699605799640267 -6.5441151722304767 -0.4014230361490263 0.13937820025500969 -0.017044720813771619
ur,tetrapga,18.936879056,0.391924807,0.319003151,0.044255275,42.066681,50.116571,5.258335125,1,0,0,1.975658636,0.252752481,1,0,0,0,0 0 0.050000000000000003,0 0 0.050000000000000003,0 0 0.050000000000000003,wrist_3_link,-1,0,0 0 0,0 0 0,,0.078433246897273906 -1.4896117832215598 0.079395888279819887 -1.544676726666482 -0.018579725236677423 0.069295766297443911,0.087146531063998958 0.042756029875351952 -0.030385889477816438 -0.063472684616886502 -0.038188211844086148 -0.023067752792564792,0.35817801207215605 -1.3813940879433739 -0.021164983110576532 -1.7333972655209247 -0.13767843006989561 0.0082677490441430152,-0.023445754005776167 -0.15849559001590688 -0.19721385107610293 -0.074100387278157126 0.062610205529633103 -0.12759193338694025,0.093691052144554698 -1.4848125998271284 0.071776772113544149 -1.5561512405938238 -0.024924645113312046 0.064742656042558813,0.77557017759721769 0.30268311514328966 -0.37071691283206393 -0.59607529515744895 -0.31804788337896844 -0.25182608066807471,10.46559601308536 -26.965800730453012 -16.210206282310423 -1.8596407491667559 0.40868473712807951 -0.010287676189391757,1.6170329476781262 -11.96738194837144 -6.6382912573806152 -0.39829933337750845 0.14118050159092377 -0.016709996326397913
ur,tetrapga,18.987102653,0.387880071,0.320745654,0.042799534,42.101262,50.007765,5.26265775,1,0,0,1.950053457,0.257192013,1,0,0,0,0 0 0.050000000000000003,0 0 0.050000000000000003,0 0 0.050000000000000003,wrist_3_link,-1,0,0 0 0,0 0 0,,0.082101541048050161 -1.487725388904279 0.078156857399149002 -1.5473349868490145 -0.020167522120516628 0.068314844864280161,0.08431930257027484 0.041796445926103161 -0.031426508435404843 -0.062425930136127059 -0.035834550898983929 -0.024387654679640915,0.35679968086900893 -1.3894510025219584 -0.031007149717388174 -1.7369511701320304 -0.13440512917773906 0.0018865539767068703,-0.031434985357431076 -0.16230720025545764 -0.19467135681590378 -0.067409346527481442 0.067710112400315992 -0.12649156569621881,0.096820293726493228 -1.4832080069064077 0.070287750677703542 -1.5587030684881398 -0.026144693242092502 0.063499076085795719,0.75332743562272553 0.29159877869902739 -0.38550535381411533 -0.59448643097734366 -0.30116611827442891 -0.26707840155134727,10.83795768014749 -32.291629540960493 -18.600638402607721 -2.0287901789251874 0.44221926633218028 -0.010628134505047864,0.31934144071550463 -12.781284564353882 -6.4199301617577476 -0.17812203624635004 0.20259993366119033 0.056306468134209808
ur,tetrapga,19.037216107,0.384134655,0.322523143,0.043252707,42.143358,49.996365,5.26791975,1,0,0,1.926864965,0.256620406,1,0,0,0,0 0 0.050000000000000003,0 0 0.050000000000000003,0 0 0.050000000000000003,wrist_3_link,-1,0,0 0 0,0 0 0,,0.085510124015591271 -1.4859603139173017 0.076909637269639522 -1.5498718662809434 -0.021613181096003777 0.06731015443046541,0.082073220574850517 0.040990029080040971 -0.032949913465995767 -0.06239429532282053 -0.034126170118173711 -0.026049121239681193,0.35502558889594998 -1.397675160452251 -0.040693190734434954 -1.7401604064658933 -0.13088811288283111 -0.0044213928005693553,-0.039359267593639322 -0.16587470419327052 -0.19184546902922747 -0.060658046025347148 0.07262177777985819 -0.125227616888792,0.099836013913860919 -1.4816556306295714 0.068745910262465196 -1.5612304914439377 -0.027282575267175774 0.06219669786646962,0.73040785005723241 0.28005663464317221 -0.39966402292151737 -0.59190296068165005 -0.28384501950944896 -0.28189348581395257,11.191146251164255 -37.579682839832657 -20.96085511202606 -2.1943099234826127 0.47502830312802702 -0.010936915503297905,0.31902854726342866 -13.041730311646461 -6.4879060955717023 -0.17762772349215084 0.19821000847810666 0.060322415355813064
ur,tetrapga,19.087318997,0.380545304,0.324082942,0.046141963,42.014961,50.040681,5.251870125,1,0,0,1.906489578,0.25349532,1,0,0,0,0 0 0.050000000000000003,0 0 0.050000000000000003,0 0 0.050000000000000003,wrist_3_link,-1,0,0 0 0,0 0 0,,0.088771858002911624 -1.4842598201591284 0.075625936254972853 -1.5523609483249698 -0.022967253259710569 0.066260725063849293,0.079752265199556818 0.040035488479962709 -0.034673227637742679 -0.062904976058652418 -0.032737787241355364 -0.027933412135865723,0.35285628774778532 -1.4060703112197599 -0.050228502917863183 -1.7430291273533374 -0.12713040090842861 -0.01066058258605986,-0.047224091123187407 -0.1692013351998827 -0.18873705435930133 -0.053845790676998878 0.077346249752777707 -0.12380041794523654,0.10272492387671914 -1.4801622260866882 0.067160343347463708 -1.5637199653885618 -0.028332853978062178 0.060842612070620423,0.70686863495238117 0.26805649512018692 -0.41319668790509401 -0.58835748221977424 -0.26613866045066387 -0.2962615819947117,11.527404857790824 -42.813049387301604 -23.285860969897662 -2.3560885060025898 0.50709247267826352 -0.011217774175541137,1.5260347089679271 -12.766742920295655 -6.9212945014081129 -0.40458987482725206 0.14155140050833381 -0.018777809294078907
ur,tetrapga,19.137466444,0.376987299,0.32594108,0.046551796,36.106028,44.087815,4.5132535,1,0,0,1.949951274,0.249156246,1,0,0,0,0 0 0.050000000000000003,0 0 0.050000000000000003,0 0 0.050000000000000003,wrist_3_link,-1,0,0 0 0,0 0 0,,0.091977656430626289 -1.4825912839889313 0.07425932752422712 -1.554873504807198 -0.024265298925341572 0.065133855933310336,0.077879620669467992 0.039324188438191264 -0.036312611455520567 -0.063065524164524767 -0.031113899269556648 -0.029710380945620663,0.35029214796075292 -1.414633706227151 -0.059609363292386079 -1.745557326768844 -0.12313718195978653 -0.016829666135039292,-0.055027698446132423 -0.17228616309884059 -0.18534830320482129 -0.046977571108620116 0.08187956010573029 -0.12221070541770122,0.10248198534817751 -1.4793376317096061 0.067282201317314716 -1.5639371531558133 -0.028156279688424365 0.060390801257932877,0.6413369158661959 0.25489041935738743 -0.42845427698927108 -0.58005227403629855 -0.23215041253201632 -0.32467910109139264,18.644502079592453 -53.05387421023002 -32.201493878658532 -3.5766310572837958 0.77686840403919732 -0.022080467250686825,1.4680344764639699 -12.978678060799211 -6.9827693756970746 -0.39975221573877207 0.14245801949212478 -0.018213607939770782
ur,tetrapga,19.181657284,0.373819373,0.324469052,0.160589464,36.145903,44.267738,4.518237875,1,0,0,1.890905016,0.234575814,1,0,0,0,0 0 0.050000000000000003,0 0 0.050000000000000003,0 0 0.050000000000000003,wrist_3_link,-1,0,0 0 0,0 0 0,,0.094804997796688911 -1.4811121926981989 0.072973332958076731 -1.557137917455891 -0.025379189897192934 0.064062606699866728,0.069299248244505451 0.035892829331857917 -0.034039009150954813 -0.061194056719669418 -0.028766187573452912 -0.02988686273749739,0.34770967758358112 -1.4223034023622998 -0.06772987174910991 -1.7474989731303108 -0.11943372462157657 -0.022196849731239209,-0.061839644855255109 -0.17479842589205441 -0.18213694078808734 -0.040893835478390442 0.085705547842439195 -0.1206782538052739,0.10347589818328473 -1.4782692075017001 0.066584356260808331 -1.5651187485668439 -0.02841785112099484 0.059473892359156136,0.60405084225260042 0.24446309022500712 -0.44292637243663352 -0.57265167452583576 -0.20626454853039733 -0.34410146086487381,19.733290493163526 -61.458318939750313 -36.099690314684274 -3.8729823800128953 0.84029938760162493 -0.022629855218613801,12.877290245945005 -8.0636848777803607 -12.493576137119305 -8.9930099875446103 -1.9357050976543846 -2.6490028083986914
ur,tetrapga,19.226023957,0.370815678,0.319296956,0.045815138,36.253592,44.112433,4.531699,1,0,0,1.818577846,0.164464209,1,0,0,0,0 0 0.050000000000000003,0 0 0.050000000000000003,0 0 0.050000000000000003,wrist_3_link,-1,0,0 0 0,0 0 0,,0.097508581692055341 -1.4797000219095535 0.07165121327654235 -1.5593571569756441 -0.026413015390009117 0.062954638981381386,0.052471015906414786 0.028268601061875273 -0.025239014632721296 -0.042883984537377635 -0.020004951045994208 -0.02144473127846936,0.34481559505225978 -1.4301109449769871 -0.075735319721960681 -1.749177408713839 -0.11554908336919989 -0.027514555637946504,-0.068610367540537801 -0.17712378530255429 -0.17870548187624166 -0.034765485865425015 0.089381715390297906 -0.11901779747858751,0.10508001686033708 -1.4771121019824636 0.065491748310256809 -1.5667558902481722 -0.028893290261890105 0.05834316341539255,0.57347213068711933 0.23406409209848017 -0.45325457066690927 -0.56474220156416266 -0.1847321330211778 -0.35888779051445613,20.359672259820982 -68.008944547255965 -39.269825466588763 -4.1255164293500952 0.89123730495465014 -0.023611324379869448,-0.14589959851792855 -14.776121315982891 -6.8722706559910307 -0.25425758785786456 0.1623250343127367 0.066211456744397879
ur,tetrapga,19.270239185,0.369105711,0.316011623,0.079679568,36.195504,44.301235,4.524438,1,0,0,1.77639333,0.076995052,1,0,0,0,0 0 0.050000000000000003,0 0 0.050000000000000003,0 0 0.050000000000000003,wrist_3_link,-1,0,0 0 0,0 0 0,,0.09930232151626095 -1.4785116724569021 0.070733895638054614 -1.5609675263510454 -0.027057715798977259 0.062025219706406134,0.038947700363212628 0.028026736312029458 -0.021307361127790601 -0.038833465123049547 -0.013942215484579894 -0.024007013043033387,0.34163416836931554 -1.4379900911229293 -0.083557493241712619 -1.7505793216705741 -0.11151917808589529 -0.032738166846514177,-0.07528295869948147 -0.17924266688181517 -0.17508397275200857 -0.028646435920752947 0.092875436592661093 -0.11724361534630705,0.10656368809867806 -1.4760024147608886 0.064422161801707026 -1.5683182151995694 -0.029301374038050054 0.057212816040093553,0.54656487147425059 0.22618405820079662 -0.461332528238382 -0.55706337096915592 -0.16573387956337718 -0.37142194442818888,20.871703336753317 -74.122784091880163 -42.097706893902412 -4.3317292725936589 0.93302842336686975 -0.024018329190822443,4.3478503171689908 -9.5557514578176779 -9.1513209554511548 -4.4620557978068973 -0.38873279378879033 -1.7821264606579206
ur,tetrapga,19.314644778,0.367926562,0.315707027,0.045844214,36.088837,43.964167,4.511104625,1,0,0,1.762438074,0.017753802,1,0,0,0,0 0 0.050000000000000003,0 0 0.050000000000000003,0 0 0.050000000000000003,wrist_3_link,-1,0,0 0 0,0 0 0,,0.10073334472369083 -1.4773699191810916 0.069958612087443986 -1.5623507197506923 -0.027542514390563384 0.06114722446034386,0.027520872520992588 0.024088635059983633 -0.014014096606152602 -0.026664201187833369 -0.0093995864646421977 -0.016990260767843973,0.33814390432113905 -1.4459929921902113 -0.091247783919968253 -1.751714868935722 -0.10732032776460235 -0.037902696816682041,-0.0819020358471792 -0.18116915121725191 -0.17124933930452804 -0.022498148320208952 0.096208359392957951 -0.11534410869398225,0.10782418238295785 -1.474936928290338 0.063445859319796544 -1.5697297461931612 -0.029606442501575223 0.056117949172609372,0.52195825372207172 0.21865483545213299 -0.46806596009361157 -0.54940984822363115 -0.14806228906611618 -0.38275888918379908,21.269440771144559 -79.795204234620343 -44.856385332342199 -4.544457840324764 0.97581753022475182 -0.024816500703256056,-0.053476337343795421 -14.823731581685934 -6.8766321457578101 -0.35020031261228723 0.12936068691526259 0.052434010655332486
ur,tetrapga,19.358702581,0.366534768,0.319766335,0.103891356,36.38705,44.210552,4.54838125,1,0,0,1.764173014,0.013337561,1,0,0,0,0 0 0.050000000000000003,0 0 0.050000000000000003,0 0 0.050000000000000003,wrist_3_link,-1,0,0 0 0,0 0 0,,0.10228433595515896 -1.4761223721725778 0.069055310415058482 -1.5638978141224955 -0.028048895010311777 0.060130857596187727,0.03783946833207609 0.029554558555961022 -0.023560618769498862 -0.040805674430350852 -0.012652584873777002 -0.027287706309893849,0.33439241886419785 -1.4540133164626121 -0.098705336754806097 -1.7525717994447763 -0.10301203247434981 -0.042940886268792215,-0.088381123609437034 -0.18287918284644661 -0.16725447266195489 -0.016403817906007222 0.09933622471158271 -0.11334529591679861,0.10905020807114524 -1.473841661898101 0.062454783191027138 -1.571144296060079 -0.029875131859621804 0.054979800510271751,0.49949361638605178 0.210998541854934 -0.47447521304816798 -0.54131449201624027 -0.13093288953856461 -0.39307536150716516,21.108480702763309 -85.312892869341113 -47.163552935680471 -4.669189011200034 0.99907709001755496 -0.024518314304320298,6.665953923160771 -10.26569006974114 -10.759860989607461 -5.8179159282435648 -0.68623586299808181 -2.2041293819249717
ur,tetrapga,19.402988952,0.365338018,0.31754579,0.046827419,30.39295,38.435428,3.79911875,1,0,0,1.785985915,0.031638185,1,0,0,0,0 0 0.050000000000000003,0 0 0.050000000000000003,0 0 0.050000000000000003,wrist_3_link,-1,0,0 0 0,0 0 0,,0.10374275809708029 -1.4749540106866894 0.068144826191484834 -1.5653721694102178 -0.028497100544058702 0.05912672726872633,0.028210204360235587 0.023774447442082406 -0.017114539850135536 -0.028467907866536177 -0.0086801082461265017 -0.019432916341864059,0.33033586975284179 -1.4621466798097016 -0.10602008302656291 -1.7531628686314646 -0.09854656013099039 -0.047913975907327808,-0.094798712094890339 -0.18439440232538365 -0.16305351614331198 -0.010292379892995931 0.10229613894020259 -0.11122400010975821,0.11327952988325796 -1.4723794691133829 0.058423386086605758 -1.5754851633956029 -0.030904644021307031 0.051844205761403708,0.52866523324466197 0.18277409790631688 -0.50392464538150783 -0.54260842537116427 -0.12868902278252908 -0.39194934825455674,11.03464360359404 -83.868759774297914 -36.662844300131255 -2.7988624194022704 0.57664285949954142 -0.0024611744921601022,-0.0067610306323899749 -15.384353899474263 -7.0241128226735441 -0.34276027490705019 0.1277553204569486 0.059955722591112703
ur,tetrapga,19.441523253,0.364278648,0.31821535,0.046268117,36.181662,44.205417,4.52270775,1,0,0,1.784821545,0.013075837,1,0,0,0,0 0 0.050000000000000003,0 0 0.050000000000000003,0 0 0.050000000000000003,wrist_3_link,-1,0,0 0 0,0 0 0,,0.10502032529255312 -1.4739213062367815 0.06728282623022018 -1.5667088561633749 -0.028864101992869179 0.058175394732263158,0.028096211500008718 0.023861493751865834 -0.018516127812398277 -0.029259080746089551 -0.0080403833657441883 -0.02089031709217835,0.32657661719873698 -1.4692748713095367 -0.11223041450501334 -1.7534573144882009 -0.094557522942877614 -0.052162893602202942,-0.10030008997201161 -0.18554564644035779 -0.15925155336988292 -0.0049932973140355569 0.10471805216610813 -0.10928881948601001,0.11290969128055868 -1.4716915582772008 0.058952688084985806 -1.5753172486612246 -0.030733170868035932 0.05176259122918779,0.4699704679407507 0.18235367412386277 -0.48755226675917801 -0.52752986859590489 -0.10609973490903195 -0.40590113197570143,20.017361218156893 -90.067080958686887 -49.252137610866974 -4.7728380597061584 1.0127984235707201 -0.02503690834085661,-0.033325090746700425 -15.268478535030226 -6.9302141978065208 -0.32745257029546337 0.12358436150532981 0.064456927552527077
ur,tetrapga,19.485834306,0.363107433,0.333936816,0.277136024,30.374016,38.098103,3.796752,1,0,0,1.827095889,0.043469712,1,0,0,0,0 0 0.050000000000000003,0 0 0.050000000000000003,0 0 0.050000000000000003,wrist_3_link,-1,0,0 0 0,0 0 0,,0.10646338777691776 -1.4727349250661164 0.066241746542269664 -1.5682763228491554 -0.029253162983384241 0.057017498116082643,0.052712102366328187 0.037442692840803829 -0.041712841760814356 -0.063911960856927894 -0.016058180380776804 -0.046033058841067086,0.32199388195813039 -1.4775224075404316 -0.11918717424999382 -1.753544083894744 -0.089858927114818174 -0.056954461661625939,-0.10652533047125473 -0.18667621145589233 -0.15471640900331493 0.0010710746437728974 0.10732283989815583 -0.10696315337163592,0.11687213056680762 -1.4704770585295845 0.054800749467841622 -1.579548816955705 -0.03156414487544127 0.048525172547375657,0.49530492290462097 0.15181246650794594 -0.51899234272697092 -0.52894605342431034 -0.10387175515397673 -0.4046773449868184,11.278746798507772 -88.006748838378442 -38.429794130783741 -2.9190256242157124 0.5988499641094408 -0.0026435667470517663,18.995943269191912 -8.7074664277297416 -21.008382574580509 -15.519617317369921 -1.9398734618147699 -6.2057961638036119
ur,tetrapga,19.52403145,0.360711172,0.326459756,0.050758881,36.17832,44.003602,4.52229,1,0,0,1.813856892,0.006594553,1,0,0,0,0 0 0.050000000000000003,0 0 0.050000000000000003,0 0 0.050000000000000003,wrist_3_link,-1,0,0 0 0,0 0 0,,0.10848587219280635 -1.4714671023409078 0.064562101465216792 -1.5704181314116106 -0.029771029216861235 0.055449103746990136,0.047810231156859617 0.027901431621517113 -0.040527907813776201 -0.050035219506477865 -0.012025449300429581 -0.036602273799790683,0.31782389618459211 -1.4846688294429544 -0.12502003913345786 -1.7534038270921539 -0.085719155941807484 -0.061000498840725503,-0.11180040883922931 -0.18748423545100518 -0.15067148652885462 0.0062674311771457776 0.10941081176689453 -0.10487428981856471,0.11614299690034563 -1.4697179255575754 0.05569793620796834 -1.5790584052853416 -0.031289290613799287 0.048637844058801769,0.43299945160066522 0.15676935710068612 -0.49793617326079398 -0.50936640417563139 -0.077712949809194395 -0.41866177098795659,19.057025994989374 -96.416368281587808 -51.626789987658483 -4.848690077166756 1.0234875304864817 -0.024213966983295809,0.065617732413898011 -16.750430859074186 -7.33655474016021 -0.21895606144425983 0.1391436929312917 0.11290400718677063
ur,tetrapga,19.56810867,0.359442643,0.318915795,0.043587121,30.361009,38.427798,3.795126125,1,0,0,1.867421398,0.044279739,1,0,0,0,0 0 0.050000000000000003,0 0 0.050000000000000003,0 0 0.050000000000000003,wrist_3_link,-1,0,0 0 0,0 0 0,,0.11002651501649863 -1.4704988189162504 0.063240898830317693 -1.5720715865762649 -0.030124694059808485 0.054183150405250742,0.029231876172514545 0.020162381388132113 -0.024592744224742502 -0.031704049642181369 -0.0066237147280029419 -0.024577367895779103,0.31276388232701879 -1.4929496838079097 -0.13155562146140987 -1.7529961996387153 -0.080846860014310365 -0.06556823426210491,-0.1177770962289051 -0.18822444780344513 -0.14585365587118013 0.012220228728141949 0.11163606385686536 -0.10236971915019505,0.11977827532858593 -1.4687352244028706 0.051450394126157706 -1.5831448391475098 -0.031894732761629047 0.045298802793448473,0.45440981865221802 0.12283764046398896 -0.53094278172489529 -0.51080425454897704 -0.075680273643699517 -0.41738017158776231,11.722263223712448 -93.493530089360533 -40.741610514635511 -3.0796784428072468 0.62917882872846809 -0.0028512345871764249,-0.19007016697105428 -14.383749994199206 -6.3748498396784044 -0.25753214618453057 0.10777026541755674 0.075866820276033309
ur,tetrapga,19.606639933,0.356904091,0.327813705,0.049727418,30.351615,38.267351,3.793951875,1,0,0,1.924200459,0.016705114,1,0,0,0,0 0 0.050000000000000003,0 0 0.050000000000000003,0 0 0.050000000000000003,wrist_3_link,-1,0,0 0 0,0 0 0,,0.11213611133823981 -1.469298413991708 0.061289919493504597 -1.5743885402751605 -0.030596975395526884 0.052398399594727446,0.047366713271155672 0.02445933937581227 -0.044834756501938119 -0.051072491034835445 -0.010303358571433002 -0.039326807241610966,0.3081267685982873 -1.5002119265375384 -0.13709233403136084 -1.7524257970885035 -0.076510568590772418 -0.069469176609509006,-0.12290034807975508 -0.18870252818933311 -0.1415150812899886 0.017379622405378728 0.11341739320189463 -0.10009990739849994,0.1146905219123054 -1.4678538479226146 0.057594449122253623 -1.578107262933657 -0.03076122932113649 0.048844189595211605,0.31930132175819909 0.18057075863668592 -0.461933796406372 -0.46484033231206345 -0.020531740701200951 -0.44427624993948028,27.083653883515897 -119.25021834355798 -71.722761022757481 -7.2345125332235583 1.5437205437322197 -0.045930065263145511,0.0071685994637391559 -16.41004784902816 -7.0598918731980405 -0.18247421806245256 0.12757856934127432 0.12131941241413813
ur,tetrapga,19.645006917,0.355894593,0.319455247,0.041269966,30.265026,38.016364,3.78312825,1,0,0,1.911593877,0.04462805,1,0,0,0,0 0 0.050000000000000003,0 0 0.050000000000000003,0 0 0.050000000000000003,wrist_3_link,-1,0,0 0 0,0 0 0,,0.11344458377663851 -1.4685311996069128 0.060021726450157978 -1.5758530356136227 -0.030837260724644724 0.05120089530282048,0.027618264406378875 0.018597296118653742 -0.026170832174470193 -0.031414110190531516 -0.0049919794563147296 -0.026024279012322203,0.30331515284877764 -1.5074584983935135 -0.14243715264664319 -1.7516611813496232 -0.072127517378229686 -0.073265190634244096,-0.12790365775223017 -0.18902180142701758 -0.13708202812475279 0.022470134861740095 0.11503723055782414 -0.09776743572857205,0.11750398021378514 -1.4667152220307642 0.053444754489018011 -1.5818605994777875 -0.030904353616836456 0.045301513349681119,0.35168228768496701 0.1423282364812912 -0.51871182915445169 -0.46916706801631158 -0.017890536962495568 -0.44283453069131057,15.593748464346415 -118.15542871766084 -52.190710853253542 -3.9880418261296762 0.81757344120050901 -0.0041630491657409984,-0.29990053308949882 -13.619088721949993 -5.932419352473147 -0.21691264087803575 0.093989483575583677 0.080354834394682939
ur,tetrapga,19.683113524,0.354002194,0.330542899,0.050820734,30.274244,38.094467,3.7842805,1,0,0,1.929812677,0.043512392,1,0,0,0,0 0 0.050000000000000003,0 0 0.050000000000000003,0 0 0.050000000000000003,wrist_3_link,-1,0,0 0 0,0 0 0,,0.11520517123588016 -1.4674831269108548 0.05823102530631119 -1.577895973994982 -0.031155858606218459 0.049516941520128026,0.045634270105730873 0.02447863008287323 -0.047671195542159761 -0.05199223648790316 -0.0079786292859926108 -0.042828780791249445,0.29834808912367117 -1.5146650597570448 -0.14757528390653507 -1.750709399868313 -0.067715623925924714 -0.076945530819943417,-0.13277236349230384 -0.18918408650144852 -0.13257197643608046 0.027474471427964383 0.11649242364549095 -0.09538143434432643,0.12039365631833975 -1.4659810150137285 0.04911315242396052 -1.585609603978714 -0.031042354117513906 0.041768715886166548,0.36120951306932603 0.091775877129462113 -0.5414502581321865 -0.46862556261580418 -0.017250062584681109 -0.44159968293932161,13.355314567358704 -110.19958326522664 -47.166006993185334 -3.5169706955547637 0.7117398305353515 -0.0030366438118705733,0.056842363855935218 -16.770842300195 -7.0963256467607607 -0.1712168751992067 0.11922505913444326 0.13210485043498466
ur,tetrapga,19.721314182,0.355244854,0.31571499,0.02862719,30.351123,38.0833,3.793890375,1,0,0,1.978471808,0.069653353,1,0,0,0,0 0 0.050000000000000003,0 0 0.050000000000000003,0 0 0.050000000000000003,wrist_3_link,-1,0,0 0 0,0 0 0,,0.11536774357822331 -1.4670886815993771 0.05804400795706751 -1.5781739184343768 -0.031086763384882945 0.049139438590146481,-0.0052282746229642338 0.014291126102991344 0.0082415207309448624 0.0015393179039276377 0.0030205469159329127 -0.0029986517644139017,0.2931845286940255 -1.5218926614551709 -0.15255162572564465 -1.7495649335979504 -0.063240140258719005 -0.080542405057842825,-0.13754874616998897 -0.18919206554935927 -0.12794827145120832 0.032434270099622416 0.11779605401058749 -0.0929223056606404,0.12333463094377482 -1.4656283952239149 0.044635293623700473 -1.5893524114213236 -0.031171949436469528 0.038247180654909688,0.36762182817938444 0.044077473726712058 -0.55973235003250632 -0.4678509303262014 -0.016199414869452641 -0.44019190390710794,12.045157598866602 -102.15097892505889 -43.501140895499702 -3.2245046446189125 0.65132233791293903 -0.0027077949871393697,-0.75312896551838548 -9.4469727126725047 -4.2726985691822676 -0.29146155185026146 0.04386214011747569 0.0094312961314244603
ur,tetrapga,19.759495435,0.355628778,0.324516018,0.049694959,30.482239,38.287599,3.810279875,1,0,0,2.057438716,0.038585125,1,0,0,0,0 0 0.050000000000000003,0 0 0.050000000000000003,0 0 0.050000000000000003,wrist_3_link,-1,0,0 0 0,0 0 0,,0.11591041431267587 -1.4659999492678337 0.057382704797201298 -1.5791354351457954 -0.031042189146057605 0.048088792426133634,0.015662215357016757 0.029409386557969149 -0.019176728610985228 -0.026310889648223847 0.00091837820971663053 -0.028300408875660439,0.2878433194174394 -1.5291139454163127 -0.15734706151474367 -1.7482328945954799 -0.058720152913860672 -0.084042333741151123,-0.14221474193171629 -0.18904555566584269 -0.12322902441609619 0.037329461416102445 0.11894251831613829 -0.090399347582928419,0.12631928930844927 -1.4656260469317077 0.040026148657521368 -1.5930882324686222 -0.031293114746235411 0.034736975706616442,0.37308229558430622 0.00029353652589128587 -0.57614312077238794 -0.46697763091234124 -0.015145663720735374 -0.43877561853665553,10.917386372791391 -94.526215726693593 -40.126481320867086 -2.9601341276516928 0.59735242220236229 -0.0024568803844209719,0.11513694581265099 -16.399336590429812 -7.0458272920320155 -0.32415182532986364 0.091535153537620317 0.087263027808774041
ur,tetrapga,19.797891909,0.354553574,0.329718188,0.057811481,36.172434,43.884283,4.52155425,1,0,0,1.998460762,0.04989238,1,0,0,0,0 0 0.050000000000000003,0 0 0.050000000000000003,0 0 0.050000000000000003,wrist_3_link,-1,0,0 0 0,0 0 0,,0.11713839687318552 -1.464656855047451 0.05575236726951615 -1.5809696465268053 -0.031055879304187451 0.046245579006301323,0.031684496028730372 0.028753377636499912 -0.043758340355266767 -0.045624195793313144 -0.0004026178671716842 -0.045455236290425922,0.28229448211593733 -1.5363673152612396 -0.16198600076621517 -1.7467061412564087 -0.054133584529472416 -0.087463624002472387,-0.14679467007815253 -0.18874289976947381 -0.11838929956708298 0.042184493501367243 0.1199365489250821 -0.087798821899040841,0.12409667234411803 -1.4646863048370333 0.043715861292844743 -1.5905033660446408 -0.031030952923709727 0.036880177779771844,0.29597865666257983 0.05689326906827312 -0.52167458383425225 -0.43430331836588221 0.017943012687713009 -0.45138744708587991,17.157008162756846 -114.40943797768279 -59.077385564812502 -5.2036623068515446 1.0857897655873778 -0.023666086960200752,0.41371867077430124 -19.077788718447664 -7.9964217441118137 -0.27159310677961912 0.10876147196091068 0.1401056865273631
ur,tetrapga,19.841852402,0.35210522,0.330710517,0.056156842,36.263955,44.203887,4.532994375,1,0,0,2.034774161,0.035593589,1,0,0,0,0 0 0.050000000000000003,0 0 0.050000000000000003,0 0 0.050000000000000003,wrist_3_link,-1,0,0 0 0,0 0 0,,0.11910147328899073 -1.4634194626380035 0.052962151732806245 -1.5836897588675669 -0.031113848757672966 0.043598397860419455,0.041750107994517373 0.018467780168692431 -0.061927163643592568 -0.056148170135676384 -0.0010866154764444123 -0.054333139893215893,0.27572863198026798 -1.5446534857473619 -0.16706667255734964 -1.7447311245718153 -0.048839654189032709 -0.091256499076082909,-0.1518954821441249 -0.18820588136495886 -0.11273900465341462 0.047653081945726455 0.12087779049564291 -0.084746454707304242,0.12360043440355525 -1.4634776363599635 0.044285605949766313 -1.5903764728632925 -0.030730651215792326 0.036576622412632986,0.25017019837510701 0.071905922194371363 -0.50667507038239701 -0.4099888008986155 0.042718703112377521 -0.45783317593283251,17.927456229335625 -126.01579425061908 -64.164230696682296 -5.5436329297423885 1.1532769934082676 -0.023398423628329435,0.29745314305182546 -18.531757983418174 -7.5867822274949788 -0.16966311789110478 0.10302709124520959 0.16751999373516924
ur,tetrapga,19.88615323,0.348541782,0.313825171,0.160554965,36.195273,43.971985,4.524409125,1,0,0,2.061128277,0.014324276,1,0,0,0,0 0 0.050000000000000003,0 0 0.050000000000000003,0 0 0.050000000000000003,wrist_3_link,-1,0,0 0 0,0 0 0,,0.1215692842711692 -1.4626400421273877 0.049273509311215026 -1.5869463894533975 -0.031192647206293785 0.040476836468435466,0.034751042577013329 -0.0015660711716996498 -0.058129723788623133 -0.040418543417625644 0.0014582322098721674 -0.040956007057783086,0.26888860163920431 -1.5529753972308418 -0.17193292308785066 -1.7424998976572597 -0.043467596233406312 -0.0949412659136184,-0.15687669300068555 -0.18746001969604625 -0.10693430423036075 0.053059514095117846 0.12161269323061084 -0.081592936049512246,0.12429386967265502 -1.4625400135028939 0.042791073989365602 -1.5917614775138942 -0.030456708481080924 0.034845103604774469,0.21362629191159987 0.06485321759772994 -0.49856045514063374 -0.38750579444364586 0.063117591245266252 -0.46020322946996917,18.015314933213876 -131.71337875684532 -66.673269022174338 -5.7133503200577209 1.1858167988780688 -0.023787218691671577,-9.9968787105627825 -12.262540736759547 6.3560384774519036 8.9910780329637419 0.61076646474074892 4.4651070100961192
ur,tetrapga,19.930193063,0.348569405,0.312993238,0.032376059,30.232086,37.949298,3.77901075,1,0,0,2.116309225,0.067219854,1,0,0,0,0 0 0.050000000000000003,0 0 0.050000000000000003,0 0 0.050000000000000003,wrist_3_link,-1,0,0 0 0,0 0 0,,0.12250314846436454 -1.4626506761214397 0.047721546068545395 -1.588155086045842 -0.031142877741869069 0.039236680844698661,0.017382680949758544 0.0037554316498489273 -0.02754864512140599 -0.02312502384386704 0.00088704500004495453 -0.023927513614211741,0.26187372629580907 -1.5612110604030816 -0.17651333205391576 -1.7400468499263728 -0.038099622223673899 -0.098464218806991105,-0.16166535909152988 -0.18651621713104696 -0.10106143044154442 0.058322678398323037 0.12212993761901926 -0.078384556786471438,0.12607210982175332 -1.4624342180603978 0.038454333103073168 -1.5948787447002168 -0.029942632357350153 0.031175476931003959,0.22228001863728875 0.0132244303120162 -0.54209261078655435 -0.38965839829034604 0.064259515466346534 -0.45870333422131382,15.096427327172032 -125.16238503592497 -54.236880448787105 -4.053790553223835 0.81919590336253545 -0.0040697224460234886,-0.67592077116046312 -10.684099525966303 -4.3035843228221609 -0.11677692802732054 0.04522295583809921 0.073971735255668136
ur,tetrapga,19.968240481,0.34964134,0.316867489,0.03454222,30.409384,38.148497,3.801173,1,0,0,2.18662928,0.06925071,1,0,0,0,0 0 0.050000000000000003,0 0 0.050000000000000003,0 0 0.050000000000000003,wrist_3_link,-1,0,0 0 0,0 0 0,,0.1228923003721267 -1.4622845476026167 0.04700965475292055 -1.5888124192799982 -0.031024707601040105 0.038430095817886326,0.0082142103009140138 0.013947255420961221 -0.013637360881134928 -0.015067410630060223 0.0027074471810620481 -0.018819815013834704,0.25564623460004676 -1.5682894139601335 -0.18026070285951479 -1.737742841905545 -0.03344715228776577 -0.10139291239989656,-0.16566780025163663 -0.18553959822821883 -0.095911508629319714 0.062774666463476861 0.12240519955634971 -0.075556669659989806,0.12790188920807707 -1.4627638030782171 0.033928934096307775 -1.5979954291236977 -0.029422595857604966 0.027518503003882026,0.22872242329046816 -0.041198127227422325 -0.56567487584567389 -0.38958555293510111 0.065004562468148508 -0.45712174089024132,13.912459536868855 -115.9025339057164 -49.199692931646823 -3.6348326644030435 0.73401329948973759 -0.0032423296907408499,-0.54425291964719236 -11.398932458702802 -4.6528531468149197 -0.19050054290801199 0.044756532356792889 0.058180261667004629
