robot,backend,t,tracking_error,velocity_error,torque_ratio,solve_time_ms,cycle_time_ms,realtime_ratio,iterations,converged,failed,best_cost,final_stop,plant_mass_scale,plant_payload_mass,controller_payload_mass,model_payload,plant_payload_com,controller_payload_com,payload_com_attachment,external_force_body_name,external_force_start_s,external_force_duration_s,external_force,external_torque,failure_message,q,dq,q_ref,dq_ref,q_cmd,dq_cmd,u_cmd,effort
ur,tetrapga,0.000063588,2.220360685,0.875119584,1,43.763404,55.697031,5.4704255,1,0,0,0.182266747,85.470518909,1,5,0,0,0 0 0.050000000000000003,0 0 0.050000000000000003,0 0 0.050000000000000003,wrist_3_link,-1,0,0 0 0,0 0 0,,1.0208003578187081e-05 -0.00022214007248402503 0.00045783842831749602 -0.0012918716422606854 -0.00015633969337520143 7.2248120595619302e-07,0.0051040017890935409 -0.11107003624201252 0.228919214158748 -0.64593582113034265 -0.078169846687600714 0.00036124060297809652,9.57678271577675e-07 -1.5707916565297297 8.5952663686333965e-06 -1.5707862915561768 9.9478337422135163e-06 9.418072679425946e-06,0.01507054741778131 0.073453795285975315 0.13517857234405728 0.15782115103695571 0.15644378208253878 0.14811027395889315,0.00013145666377723051 -1.5701958872021879 0.0010974239133742891 -1.5695191138416527 0.0012632695338551984 0.0011937043435085325,0.017554108747711218 0.075487433682939586 0.13702630038691982 0.15897038225369933 0.156883588458645 0.14795919300198396,0 0 0 0 0 0,0 -330 0 -56 0 0
ur,tetrapga,0.055818893,2.210861304,0.884803401,1,46.377772,54.550455,5.7972215,1,0,0,0.250610393,84.520204654,1,5,0,0,0 0 0.050000000000000003,0 0 0.050000000000000003,0 0 0.050000000000000003,wrist_3_link,-1,0,0 0 0,0 0 0,,1.0208003578187081e-05 -0.00022214007248402503 0.00045783842831749602 -0.0012918716422606854 -0.00015633969337520143 7.2248120595619302e-07,0.0051040017890935409 -0.11107003624201252 0.228919214158748 -0.64593582113034265 -0.078169846687600714 0.00036124060297809652,0.0013234716010799121 -1.5663035244826853 0.0078995723611711959 -1.5617698429740832 0.0088114606499360183 0.0082335426334815345,0.032361207132959799 0.087483187950178398 0.14776446692726095 0.16546542316121832 0.15912647434693847 0.14679588013395825,0.00028182176538669301 -1.5695838754230167 0.0022009792684931375 -1.5682428118815195 0.0025200363370906161 0.0023767315696918865,0.020037050260079979 0.077514385012936227 0.13886022693520134 0.16010219798596845 0.15730505288512084 0.14779551543651032,0 0 0 0 0 0,0 -330 0 -56 0 0
ur,tetrapga,0.110468,1.839758474,10.564157912,1,39.691184,47.800506,4.961398,1,0,0,9.658169662,64.273116694,1,5,0,0,0 0 0.050000000000000003,0 0 0.050000000000000003,0 0 0.050000000000000003,wrist_3_link,-1,0,0 0 0,0 0 0,,0.003095895284167316 -0.019464339935005095 0.020876344661693285 -0.54895945975466065 -0.0035304642845435164 0.00014118322994691724,0.013114121843725325 -0.3022406963075423 0.18967013515449388 -10.38277082133593 0.04662322116644084 0.010559549900323279,0.0035535173383584623 -1.5611548731364899 0.016296264288953175 -1.5525417692419932 0.017559560004796474 0.016207158350704149,0.049235774849676645 0.10088061933728135 0.15941344805398944 0.17211417454562944 0.16088443876907585 0.14491893657399491,0.0004520473961765877 -1.5689556752445473 0.0033191503824900556 -1.5669575253448789 0.0037801013902431131 0.0035583990426445917,0.02251921486253947 0.07953451039413087 0.14068021782120868 0.16121651213405938 0.15770814619299214 0.14761925745163237,0 0 0 0 0 0,-21.267963306046909 -330 -137.47968086251231 54.615864709911875 3.2593215710281576 -0.026048200162804847
ur,tetrapga,0.158413832,1.637651163,6.736352943,1,37.35029,45.539492,4.66878625,1,0,0,3.453376932,52.839032081,1,5,0,0,0 0 0.050000000000000003,0 0 0.050000000000000003,0 0 0.050000000000000003,wrist_3_link,-1,0,0 0 0,0 0 0,,0.001936662458655133 -0.040081572904956571 0.027513361990149483 -0.92572939265316312 -0.0023388692203970885 0.00056705213288165605,-0.044088037527431574 -0.60827909624365639 0.12332603551928212 -6.5166362510852984 0.013983428652966857 0.017772856597922222,0.0062671448175556886 -1.5560427531232357 0.024172552587119162 -1.5441640493795348 0.025295810495269948 0.023106330779040968,0.063941255496614988 0.11231217535490441 0.16904136002130421 0.17724035261112336 0.16171193668039763 0.14279797042015299,0.00064212671257667553 -1.5683113418285439 0.0044518252364454721 -1.5656633945846601 0.0050433176123525396 0.0047386061861318923,0.025000445487090926 0.08154767135163625 0.14248613979288116 0.16231323984177232 0.15809284061284481 0.14743043594556476,0 0 0 0 0 0,11.693023074790084 -330 -130.7260072076061 33.743155153923908 7.0506447743041507 0.4539555693169488
ur,tetrapga,0.204029107,1.525018663,4.483211923,1,36.19426,43.956653,4.5242825,1,0,0,1.813196427,45.003914371,1,5,0,0,0 0 0.050000000000000003,0 0 0.050000000000000003,0 0 0.050000000000000003,wrist_3_link,-1,0,0 0 0,0 0 0,,-2.1716718351778378e-05 -0.074804874120424553 0.032003473769200111 -1.1547099026112337 -0.0022765219939546977 0.0012297265284853718,-0.040707585542444094 -0.95592972210382288 0.088420721371409758 -4.1629352791149961 0.0034617089428396596 0.02113847042931985,0.0095007359258963385 -1.5506773658721491 0.032082094409859548 -1.5359799068320954 0.032678423688376292 0.029566311486363506,0.077813735976264245 0.12288105764113803 0.1776628548943896 0.18149015182028053 0.16187736002913325 0.14037413282966238,0.00085205161459749404 -1.5676509314429155 0.0055988907491129449 -1.5643605606276489 0.0063095377059077702 0.0059172525619377199,0.027480585098295672 0.083553729825353723 0.14427786052191052 0.16339229750191842 0.15845910977664471 0.14722906852460016,0 0 0 0 0 0,20.370979010760895 -330 -129.26977973522818 18.555610046438233 13.41082440203828 2.3391923321883734
ur,tetrapga,0.248120869,1.439514141,3.188128819,1,36.162777,44.092437,4.520347125,1,0,0,1.744441132,38.23488696,1,5,0,0,0 0 0.050000000000000003,0 0 0.050000000000000003,0 0 0.050000000000000003,wrist_3_link,-1,0,0 0 0,0 0 0,,-0.001453088789068853 -0.12462814191323167 0.035321006866665734 -1.3009727457787221 -0.0022435329334119162 0.0020783754857875629,-0.025144986436363828 -1.290761285806479 0.066264012228244323 -2.6563691583966862 0.0074003595690772606 0.024533823260154148,0.013224820585737802 -1.5450397308046413 0.040089748851275142 -1.5278980156427495 0.039808782804322838 0.035697158005335947,0.091085906247081211 0.13278961240663717 0.18547732530146971 0.18500629105655667 0.16146102745097671 0.13766047076619511,0.0010818127461236773 -1.5669745014583667 0.0067602327843414804 -1.5630491651644753 0.0075786141680647011 0.0070942378755253005,0.029959476701484574 0.085552548177792606 0.14605524861180763 0.1644536027617485 0.15880692871946228 0.14701517350209686,0 0 0 0 0 0,20.833811283998333 -330 -129.16475121043806 7.4776706839556937 15.156210397582297 2.3205391662716366
ur,tetrapga,0.292286978,1.361188769,2.595548318,1,36.173422,43.828364,4.52167775,1,0,0,2.147048535,32.006268958,1,5,0,0,0 0 0.050000000000000003,0 0 0.050000000000000003,0 0 0.050000000000000003,wrist_3_link,-1,0,0 0 0,0 0 0,,-0.002234847022379141 -0.18549991827494586 0.037741057912427087 -1.3908858664569215 -0.001969143315232816 0.003011509023290801,-0.013858394791529914 -1.5915377110190285 0.052048359859654336 -1.7261112841724129 0.013938505718099639 0.027045531962776721,0.017538398230625182 -1.5389616767523704 0.04844470402077735 -1.5196601048320351 0.046920252665023393 0.041710432080318653,0.10421936827583278 0.14239069873880003 0.1927752365270366 0.18793651662368205 0.16047756914219408 0.13458272063744689,0.001331399495272944 -1.5662821103449853 0.0079357361585621795 -1.5617293505395555 0.0088503993018776966 0.0082694619816895097,0.032436963350965825 0.087543989201867164 0.14781817360591473 0.16549707452830287 0.15913627388110446 0.14678876989743175,0 0 0 0 0 0,20.191112687234835 -330 -128.63329715268799 1.0270017868078867 15.864038793847254 2.3064622156800407
ur,tetrapga,0.336196754,1.2776499,2.434484122,1,36.134305,43.824037,4.516788125,1,0,0,2.711810476,25.873999124,1,5,0,0,0 0 0.050000000000000003,0 0 0.050000000000000003,0 0 0.050000000000000003,wrist_3_link,-1,0,0 0 0,0 0 0,,-0.0026858186322014292 -0.25867551919543103 0.039655530515833461 -1.4493063622622935 -0.001452612370941601 0.0040109403070761399,-0.0091946058262033468 -1.8758562366101053 0.036331278080065553 -1.1283479697084844 0.0093744374913201246 0.019347378145084301,0.022397974195136356 -1.5325059885465462 0.057058817352682929 -1.5113547655322563 0.053935076160710575 0.047546324597688164,0.11709146603986581 0.15159414898193943 0.19948844466336668 0.19025528621728163 0.15894057472322509 0.13117253160494019,0.0016007999948207407 -1.5655738176687692 0.0091252846483387412 -1.560401259740992 0.010124745227543652 0.0094428248902007142,0.034912888158230571 0.089527916128670171 0.14956650599536334 0.1665226329736825 0.15944712310765022 0.14654987743491746,0 0 0 0 0 0,19.995818011388522 -330 -131.9530005826675 -7.6190863953515873 13.638876298010128 -0.057959605966338756
ur,tetrapga,0.380095344,1.180919125,2.513830888,1,36.041157,43.678826,4.505144625,1,0,0,3.402931676,19.633277249,1,5,0,0,0 0 0.050000000000000003,0 0 0.050000000000000003,0 0 0.050000000000000003,wrist_3_link,-1,0,0 0 0,0 0 0,,-0.0030865380524960264 -0.34807407955814279 0.041303138089321748 -1.4885124011777657 -0.00066642466717406826 0.0051275234789147405,-0.010049013863293843 -2.1718910491509731 0.035287219680124965 -0.70460142325151331 0.02421558846994204 0.029468047768877209,0.027816799918045684 -1.5256558180908364 0.065953245051704024 -1.5029628815179192 0.060868484559867604 0.053223508955503651,0.12975083452032921 0.16043488378271184 0.20564374686132281 0.19197501442769158 0.15685056872163239 0.12742101627705041,0.0018900011226905215 -1.5648496840880877 0.01032876099798145 -1.5590650363904335 0.011401503893658042 0.010614226771439817,0.037387094300156215 0.091504192635223566 0.15130011722697673 0.16753019954024084 0.15973945565289305 0.14629851654268455,0 0 0 0 0 0,24.26964601593242 -330 -127.01280963605325 -5.6943911184389435 16.313598898782061 2.2885634541215794
ur,tetrapga,0.423900127,1.077706782,2.714359446,1,36.111258,44.041055,4.51390725,1,0,0,4.208278486,13.893483996,1,5,0,0,0 0 0.050000000000000003,0 0 0.050000000000000003,0 0 0.050000000000000003,wrist_3_link,-1,0,0 0 0,0 0 0,,-0.0035870759161715652 -0.44541798859412673 0.042645045657463548 -1.5123171474904302 0.00022733844897747569 0.0062087733653594006,-0.014332533592347579 -2.4489513350425871 0.025128167063366985 -0.45985120610411206 0.017194429437056836 0.020926570223271969,0.033772971800442593 -1.5184416505722607 0.075085593594589939 -1.4945268388547113 0.067683626802364172 0.058717063541098256,0.14214994431741793 0.16887872358009018 0.21121709289548662 0.19308995358735573 0.15421870830265541 0.12334395482172503,0.0021989885025096366 -1.5641097713500853 0.0115460469272241 -1.5577208247328915 0.012680527088482052 0.011783567962024184,0.039859425027206637 0.093472682852204766 0.15301887971111716 0.16851969694569593 0.16001325217968787 0.14603470835152829,0 0 0 0 0 0,28.320854057523444 -330 -130.31860902434912 -11.937607328115519 13.80545786425464 -0.065185006272280077
ur,tetrapga,0.468017001,0.963432901,2.968718407,1,36.309698,44.235668,4.53871225,1,0,0,4.687755437,8.604852371,1,5,0,0,0 0 0.050000000000000003,0 0 0.050000000000000003,0 0 0.050000000000000003,wrist_3_link,-1,0,0 0 0,0 0 0,,-0.0043000636496916492 -0.55463848858828224 0.043849212018247347 -1.5274530836530089 0.0012465705519291075 0.0073186759013334152,-0.019872061543113769 -2.7355173648787146 0.022708840938733772 -0.292319450413564 0.01979844432621658 0.021574264482959765,0.04031490834595506 -1.5108109791038526 0.084516873239139478 -1.4859947508868789 0.074418780802490481 0.0640619867519409,0.15437756838923283 0.17698270683837392 0.21624236305595473 0.19360251309709012 0.15102307980753482 0.11890922293311584,-0.00095604579553898407 -1.0703630544945075 0.029044748854733869 -1.5407205517435107 0.0090463222499800218 0.011250256375308874,0.012428958984743325 -1.373125756421151 0.16881524293079109 0.23354238662566085 0.26040971593127482 0.21232222977561335,9.3976593523461744 -70.805044077590807 -19.396869787458211 -0.58932147921173239 0.21762070505322184 0.019151704033776373,35.170808884689947 -330 -129.52212800204657 -12.971850886863649 13.796390101599814 -0.067852128491715291
ur,tetrapga,0.512324677,0.831804675,3.272344596,1,30.202712,37.76046,3.775339,1,0,0,5.105468362,4.971110935,1,5,0,0,0 0 0.050000000000000003,0 0 0.050000000000000003,0 0 0.050000000000000003,wrist_3_link,-1,0,0 0 0,0 0 0,,-0.0052933439787334162 -0.68227380348789468 0.045030707203528787 -1.5372438598965794 0.0024210698250008737 0.0085114870434998928,-0.025302487571304391 -3.0530550227877957 0.026997321817728872 -0.16793517665949612 0.031715203623667421 0.030812073884608618,0.047421833326894175 -1.5027967298831553 0.094198715205617997 -1.4774166824455059 0.081029132141643312 0.069225927434708401,0.16637134440955226 0.18469979666258635 0.22068314639224976 0.19349867261371803 0.14727104956248857 0.11413221023483405,-0.00078045096170475188 -1.0815081226838417 0.030802137243602909 -1.5395314835539513 0.012380183558628032 0.013574403175349973,0.022566287270327431 -1.3926457341941585 0.22009508832392788 0.14887104608441645 0.41679105751659096 0.2904456745468873,7.304118229659526 -65.435166663800402 -20.827881019817408 -1.7021620816326055 0.41559833647080802 0.00098379401640664131,44.808272480339127 -330 -124.44536006928656 -8.9402805476402136 16.320222072521219 2.2703660643035555
ur,tetrapga,0.550150192,0.714641993,3.544624506,1,30.32633,37.934473,3.79079125,1,0,0,5.531570101,2.486374488,1,5,0,0,0 0 0.050000000000000003,0 0 0.050000000000000003,0 0 0.050000000000000003,wrist_3_link,-1,0,0 0 0,0 0 0,,-0.0062598912220276186 -0.79733977409221712 0.045977123548247449 -1.5421935105235467 0.0034407005762744809 0.0095044128645179974,-0.028486690019221245 -3.3253877858755954 0.021453328203588362 -0.11522325379330726 0.023826732085834305 0.023152841863459776,0.053904661405634935 -1.4956913123583204 0.10261004704136398 -1.4701070358358179 0.086532367623557691 0.073461909336102527,0.17636500892214813 0.19094029477942581 0.22398492817049731 0.19291882486442086 0.14364460959548037 0.10980495618699965,-0.00052089459871662396 -1.0926579540496402 0.032577843630171341 -1.5383193315687254 0.015683113781174953 0.01587585276583767,0.033060885611730831 -1.393243184619483 0.22238102644877566 0.15175194418381396 0.41292002476324507 0.28760542940958628,6.1525338154388205 -60.73800429335499 -21.021362729278476 -1.5123854069087586 0.30877690635515637 -1.0106677503340933e-05,50.533291570762913 -330 -128.05708113931598 -14.005777089931144 13.715568071176563 -0.073659000147813458
ur,tetrapga,0.58815796,0.612298392,2.767591884,1,36.066699,43.964855,4.508337375,1,0,0,4.603886871,0.026377343,1,5,0,0,0 0 0.050000000000000003,0 0 0.050000000000000003,0 0 0.050000000000000003,wrist_3_link,-1,0,0 0 0,0 0 0,,-0.0051184768152945995 -0.90041311542605651 0.029703768934445301 -1.5435683701512095 0.0069918384684868606 0.010059083506128044,0.093387798842940531 -2.4208738528803559 -0.63457471075883898 -0.023983971169610058 0.10768919587805324 0.012061833926436057,0.060794906381424138 -1.4883201953340892 0.11117897859853888 -1.4627929050220139 0.091916611308540536 0.077549155764458033,0.18616346751015783 0.19687738529587934 0.22684180444723528 0.19188071845140087 0.13961483647907735 0.10523234071321182,-0.0021097037130863288 -1.0122816565679382 0.031719704414996337 -1.5388130268200295 0.014512968563491567 0.015283138893982143,0.089055603413244644 -1.9680234041292577 0.072569209419601766 0.26646718083865123 0.39696110312795985 0.2894194160833341,12.464103674356277 21.219739760666428 30.1782093083423 3.1384355464358844 -0.54255248777135145 0.023759268144767285,-19.98921792622307 324.74631706242872 150 18.357960903656931 -17.427876548991591 -0.030800262046035698
ur,tetrapga,0.632196521,0.528716706,1.960843399,1,30.264493,38.139696,3.783061625,1,0,0,3.948868545,0.765434829,1,5,0,0,0 0 0.050000000000000003,0 0 0.050000000000000003,0 0 0.050000000000000003,wrist_3_link,-1,0,0 0 0,0 0 0,,0.00024469084429822686 -0.98841636536516186 0.006541727263460393 -1.5440125988089621 0.011872774254271195 0.011249488863502721,0.1266227197226476 -1.6484255552728697 -0.38081924965209646 0.0036830955658241861 0.11675336288959196 0.042162999744527134,0.06923744190745415 -1.4795062952391858 0.12123108513241634 -1.4543795423403778 0.097953643022466022 0.082061825512228931,0.19719241567476931 0.20332534838454902 0.22956669796345114 0.19010825670405343 0.13447148835409711 0.099661396953701131,0.0017537003617354885 -1.0031805637827784 0.008362533792195103 -1.5406815959526357 0.014934064350378489 0.013643311977691112,0.18862618967965769 -1.8455248022020729 0.22760081609183891 0.41637535704081396 0.38266126201341166 0.29922788927354887,28.935870017408881 24.78434279480793 51.354511346726568 5.5792745926293694 -0.94299363939332737 0.045964644458093805,-60.321240280833948 260.38676129016403 150 22.438655734703389 -10.728447110756562 4.5369752055795729
ur,tetrapga,0.670407005,0.481139456,1.393157199,0.886858889,30.402046,38.012207,3.80025575,1,0,0,3.042013422,0.641738382,1,5,0,0,0 0 0.050000000000000003,0 0 0.050000000000000003,0 0 0.050000000000000003,wrist_3_link,-1,0,0 0 0,0 0 0,,0.004252946228222353 -1.038886587862043 0.0012194723140888607 -1.5437734125260243 0.01547483163551037 0.012651226504044167,0.093833521752127932 -1.1346563649681483 -0.061302505137869071 0.0098985384801272766 0.076890751141527464 0.032707010203318405,0.076950291294752865 -1.4716364639675505 0.13003980395270937 -1.4471527671008615 0.10300007620250519 0.085773870977740405,0.20646336662000739 0.20853402310518848 0.2314160609510931 0.18807692332252485 0.12960550786448358 0.094598350243143309,0.0056685745844732224 -1.0493673534499135 0.0043803030683034049 -1.5402147439360609 0.018511330544052434 0.015056727136899078,0.17695354453135875 -1.3100956984838057 0.39510384427681811 0.44483357374541699 0.3795623635677583 0.30068757910686389,39.501343282100791 -37.687045461717759 17.056610581401255 2.7987541067527282 -0.36111072328319715 0.04184180839674554,-64.048449497828557 272.47962065648699 133.02883332538696 15.83966205627712 -15.170251717194731 -0.094081750406616038
ur,tetrapga,0.708492209,0.460573209,0.848730593,1,30.284379,37.889128,3.785547375,1,0,0,2.894482714,0.178690958,1,5,0,0,0 0 0.050000000000000003,0 0 0.050000000000000003,0 0 0.050000000000000003,wrist_3_link,-1,0,0 0 0,0 0 0,,0.0071932132250214697 -1.0639156872089213 -0.0085110802971667971 -1.5437639067067126 0.017819022335677864 0.013513424134468719,0.064600600021970878 -0.203769733118699 -0.4586289508751083 -0.0020400207094602614 0.051927285844913913 0.017941652959917283,0.084984861985345064 -1.4636013445685063 0.13888080846524806 -1.4400355785341263 0.10783798286354397 0.089277313728383739,0.21541320055388302 0.21335918131979681 0.23277864956470595 0.18559870729727279 0.1243917467761769 0.089347451800129235,0.007639538832818228 -1.0598332711281406 0.0080480712410540452 -1.5366199722139093 0.021513384053326149 0.017456509631728311,0.24637053104312567 -1.308239709778384 0.45847102159383002 0.44934646526895849 0.37525668865921424 0.2999728118536541,26.296360016855466 -30.132717271819473 -3.6716907598337372 -0.19993051905577808 0.064356739558470488 0.0029750559650208773,-71.026509836846131 330 150 18.029385169144007 -16.99012111673682 -0.050076158776757751
ur,tetrapga,0.746506705,0.463902248,0.387822648,0.660221787,30.226581,37.809164,3.778322625,1,0,0,2.839364575,0.910855811,1,5,0,0,0 0 0.050000000000000003,0 0 0.050000000000000003,0 0 0.050000000000000003,wrist_3_link,-1,0,0 0 0,0 0 0,,0.009341691564330748 -1.0630679279149322 -0.01638008135554736 -1.544136285396319 0.019166514265160674 0.013604683389858249,0.041406542763030608 0.19176470907881815 -0.021700190806752714 0.001890988363197377 0.011590405621547629 0.00036175216943287698,0.093338701738005986 -1.455404962342367 0.14774798780329745 -1.4330342610641478 0.112462152446255 0.09257107393107368,0.22404333032768081 0.2178019969154717 0.23365647183389085 0.18267684278694024 0.11883485314932449 0.083910230019732732,0.010056346095821065 -1.0701355558416838 0.01183428237358305 -1.5330266591074166 0.024503830427408026 0.019843763435572245,0.30210090787535465 -1.2877855891929075 0.47327639156612561 0.44916413831157259 0.37380579676023473 0.29840672548049185,18.315522513657083 -29.488058901092458 -6.3958319131777621 -0.47750852317415737 0.11599236805684254 0.0014685055731797365,-54.069216351330944 193.2934140558873 99.033268051530513 12.010249835897412 -11.329717553856447 0.0051172342713208252
ur,tetrapga,0.784385753,0.468410589,0.326698083,0.194205124,30.321611,37.939384,3.790201375,1,0,0,2.872343011,1.151111343,1,5,0,0,0 0 0.050000000000000003,0 0 0.050000000000000003,0 0 0.050000000000000003,wrist_3_link,-1,0,0 0 0,0 0 0,,0.0094046176944835944 -1.0555900548603812 -0.0097368351915675111 -1.5429449632012358 0.018849841053684601 0.013999987909436722,-0.02095568330664058 0.21109002375135991 0.21561568151038196 0.036226649845379336 -0.017732543816808274 0.010727905656273622,0.10198317493319299 -1.4470769575124693 0.15660763049599707 -1.4261767548660043 0.11685323741354854 0.095643934443514059,0.23232834232042382 0.22184993847499096 0.23404903210586353 0.17932391845309265 0.1129569989456201 0.07830519963944485,0.012821198701056392 -1.0802691563580453 0.01569021796660474 -1.5294390636147719 0.02748274777604166 0.022217922344889143,0.34560657565441577 -1.2667000645451725 0.48199194912771115 0.44844943658059888 0.37236466857920419 0.29676986366461217,12.02608411579903 -29.400085835214668 -6.9876694231490859 -0.52705556155627353 0.12253867480745534 0.0012114743724555479,-8.1664775872719559 -64.087690829200255 -24.68362260395174 -2.9591738273584269 2.7107682429387978 -0.032707560638201016
ur,tetrapga,0.822390616,0.471012733,0.315362128,0.371777927,30.476683,38.138695,3.809585375,1,0,0,2.979527707,1.022498879,1,5,0,0,0 0 0.050000000000000003,0 0 0.050000000000000003,0 0 0.050000000000000003,wrist_3_link,-1,0,0 0 0,0 0 0,,0.0086033433855316459 -1.0491143938797471 -0.00052463864778919751 -1.5406685765341581 0.018784359086685572 0.014971853460922228,-0.021218411042106564 0.16751004798586125 0.23816964075126701 0.059209677687022101 -0.0023982961397448401 0.025232472609959519,0.11096556431165923 -1.4385745318448744 0.16550242732746673 -1.4194324439852652 0.12102882518187891 0.098510189972749199,0.24031265617914011 0.22552355309506777 0.23395700243463638 0.17552166742476033 0.10672823905222381 0.072501699939974268,0.015854544878219953 -1.0902419322038281 0.019605081806692678 -1.5258574013130513 0.03044902325076158 0.02457852680318897,0.37916827214544524 -1.2465969807228481 0.48935798001099218 0.4477077877150839 0.37078443433999009 0.29507555728747858,7.1577149289254631 -29.144540775779646 -7.2260948707445714 -0.5446809361212126 0.12359624032335012 0.0011082521431940175,5.0716352127353517 -122.68671597963839 -52.923759228467233 -6.5068198363633201 5.8870167923292556 -0.078717671777191356
ur,tetrapga,0.860598111,0.471327156,0.323245377,0.454427756,30.348017,38.117826,3.793502125,1,0,0,3.162473611,0.668930122,1,5,0,0,0 0 0.050000000000000003,0 0 0.050000000000000003,0 0 0.050000000000000003,wrist_3_link,-1,0,0 0 0,0 0 0,,0.0081565955673509934 -1.0448562482086092 0.008993866333205711 -1.5377130180448459 0.019316428050577737 0.016408439680618132,-0.003798775320888511 0.079245538895987844 0.21677125558600152 0.070153737420750303 0.015185294794698307 0.03488798766585334,0.12029519874517808 -1.4298936195009295 0.17443174218243193 -1.4128061876006566 0.12498185233089217 0.10116606715176742,0.2479955411072241 0.22881814128699396 0.23337235635482087 0.17126216653003373 0.1001428531854973 0.066493920981410923,0.019092944668201266 -1.1000610463452323 0.023573471843153726 -1.5222816042283791 0.033401835897307226 0.026925325633532178,0.40479997374766424 -1.2273892676755125 0.49604875455763081 0.44697463558400707 0.36910158081820538 0.29334985379290085,3.4266533599267426 -28.674374656514811 -7.3190463105570469 -0.55250550481316818 0.12340861499774675 0.0010393445600212839,10.468250287308095 -149.96115939059382 -66.199457529250736 -8.191874520814963 7.3664116657634864 -0.10910955074633222
ur,tetrapga,0.898789579,0.468832459,0.365238891,0.468987591,36.303066,44.095655,4.53788325,1,0,0,2.878913009,0.167648711,1,5,0,0,0 0 0.050000000000000003,0 0 0.050000000000000003,0 0 0.050000000000000003,wrist_3_link,-1,0,0 0 0,0 0 0,,0.0085163439089652199 -1.0443357844284415 0.017006800990711755 -1.5345800246371208 0.020485340479702005 0.018095718702988105,0.019132521108915706 -0.018626171306119252 0.181282413593011 0.075599929546530151 0.032167306856215092 0.041862807118461839,0.12990749988978995 -1.4210982838118547 0.18332555571690631 -1.4063536183525183 0.12867576614759807 0.10358825064055793,0.25531824631746497 0.23170533565459422 0.23229402274920605 0.1665727792326982 0.093247962901682219 0.060323501947244278,0.01598340990206747 -1.0785163322869808 0.025530624631744617 -1.5245070923508428 0.030000187004017534 0.024881960408498598,0.27234570168552835 -0.78973961251799729 0.65506102685148482 0.49046526023839626 0.3820748519391145 0.2964297800298068,35.340953225899639 -116.48536910375734 -25.217233851886284 -1.0033844751262748 0.32875357247543885 0.021617519141628374,11.18379562747608 -154.76590504434353 -68.75866176691116 -8.5602174457480942 7.6384200553969919 -0.13076092418316421
ur,tetrapga,0.942959398,0.462714465,0.441323307,0.557640044,30.311103,37.939776,3.788887875,1,0,0,3.013018181,0.272761109,1,5,0,0,0 0 0.050000000000000003,0 0 0.050000000000000003,0 0 0.050000000000000003,wrist_3_link,-1,0,0 0 0,0 0 0,,0.010025165971076744 -1.0480700883949197 0.024706619614261363 -1.5307290253229187 0.022595131274607324 0.020347536654098778,0.044978325368320096 -0.13867299502599617 0.16723900942465378 0.10204257462608521 0.067428839604695784 0.061920873979991645,0.14136357344911712 -1.4107994664759598 0.19354722621822115 -1.3991255208311479 0.13261160333119426 0.10609157483144495,0.26332663353427938 0.23453034559877634 0.23043099024096975 0.16062021643282279 0.084900713564121599 0.052992775159369482,0.018665956022489272 -1.0850917522312431 0.03097668088300647 -1.5206032661850599 0.033026149677611243 0.027272344034845301,0.33531826505272516 -0.82192749303279222 0.68075703140773147 0.48797827072286631 0.37824533419921352 0.29879795329333803,30.477165936507241 -104.44805408553997 -37.360162254735073 -2.8086415216630849 0.58599558090640014 -0.00021859207753309766,22.1273358675694 -184.02121435865229 -47.972431745609768 4.7788103154716737 12.765478986267439 4.5585711976834347
ur,tetrapga,0.980969002,0.4557556,0.495281045,0.380192049,36.053375,43.77371,4.506671875,1,0,0,2.872858164,0.149927949,1,5,0,0,0 0 0.050000000000000003,0 0 0.050000000000000003,0 0 0.050000000000000003,wrist_3_link,-1,0,0 0 0,0 0 0,,0.012107435819504577 -1.0542710886672273 0.029694253752065271 -1.5275234437617731 0.024805948370771411 0.02234314432255672,0.061079516326408706 -0.18342602589509149 0.094047070044410833 0.071992615159433532 0.055897263099996063 0.046530266693353618,0.1514969419410773 -1.4018460462311326 0.20226685823897136 -1.3931249385785158 0.13569719497216687 0.1079833839636137,0.26980983567995448 0.23651375943912767 0.22829975221211832 0.15505212382053929 0.077411887631679235 0.046527621510215639,0.017662220499173445 -1.0750487602981078 0.035931254653322808 -1.5199855069497463 0.031985728516914502 0.027145381768777205,0.28444057227206521 -0.67091748110908156 0.69947341697336662 0.50973100295880081 0.3837099365903972 0.29220469875952398,48.332573053688563 -126.86092205068591 -29.604739926168023 -1.3592810151141561 0.39790408749116196 0.021019688407455089,4.4273322482213757 -125.46337601494997 -55.27978776365741 -6.973695615237375 6.1153597167288041 -0.1445943296939447
ur,tetrapga,1.02480996,0.453197217,0.467335423,0.160613023,36.025112,43.773673,4.503139,1,0,0,2.883748417,0.049568149,1,5,0,0,0 0 0.050000000000000003,0 0 0.050000000000000003,0 0 0.050000000000000003,wrist_3_link,-1,0,0 0 0,0 0 0,,0.01425096029183817 -1.0591805908339036 0.030410345050188806 -1.5261221411091122 0.026283656779220368 0.023308141651181051,0.038755011126061716 -0.073875662109650658 0.0099113122575860448 0.023335144424897866 0.02567146584027126 0.015976175117205442,0.16348089676654987 -1.391436275286233 0.21221096127884609 -1.386477123877103 0.13889563261649718 0.10985669464556043,0.27680389525276711 0.23828067702854921 0.22523695683633366 0.14812908870715299 0.06844119929456173 0.038902895592653336,0.018136509160352428 -1.0716864930399899 0.039018053955566213 -1.5188544998097115 0.032201317237766688 0.027523847307552293,0.2724898456058279 -0.57147718424804439 0.73090676297630064 0.52491552746468717 0.3833280737124064 0.2871356996966461,61.178346589871538 -137.06427525173686 -29.91348339972518 -1.2511701680551279 0.38992396500879695 0.024241564365670897,-9.8286395138916021 -53.002297587669091 -20.186446822604452 -2.4737790260769543 2.2555912921621655 -0.048563911763821466
ur,tetrapga,1.068662154,0.451011668,0.425187853,0.092536284,36.164364,43.930568,4.5205455,1,0,0,2.894749141,0.053176116,1,5,0,0,0 0 0.050000000000000003,0 0 0.050000000000000003,0 0 0.050000000000000003,wrist_3_link,-1,0,0 0 0,0 0 0,,0.016096320013410565 -1.0626271124241866 0.033531936437504975 -1.5238089192289421 0.028087353367224035 0.024714926059658943,0.037490271109890429 -0.050741336951073482 0.060705189572336088 0.043258127845307068 0.031660344315057688 0.024936871570699442,0.17576302741255093 -1.3809586918483463 0.22200913870901665 -1.3801427616466155 0.14169399958371062 0.11139238729769753,0.28326628729435477 0.23948381791509446 0.22152880383138368 0.14068090232180527 0.059131762296040044 0.03111010921522149,0.019366210047450552 -1.0711976324650028 0.042345420166843825 -1.5170491156659551 0.033180713569034737 0.028362529186649412,0.28122443257113228 -0.50510371661432352 0.75880312128852856 0.53532423167147369 0.37954728331742121 0.28039281288047446,68.320021422693003 -140.93963173215639 -32.146348135031346 -1.4659124688808745 0.43191378965673172 0.023236583757767399,-9.5514926670392839 -30.106607659541623 -13.880442635837113 -1.7497022579373152 1.4050853670648991 -0.3337953916887173
ur,tetrapga,1.1126657,0.452482579,0.390104694,0.194739406,30.202449,37.928417,3.775306125,1,0,0,2.960243074,0.128095808,1,5,0,0,0 0 0.050000000000000003,0 0 0.050000000000000003,0 0 0.050000000000000003,wrist_3_link,-1,0,0 0 0,0 0 0,,0.017299816443341869 -1.0628891480949205 0.036328886010728118 -1.5222584087830375 0.029022517888562423 0.025551897079965337,0.019055558064002963 0.024021959789114297 0.071851284367632676 0.032076382262918597 0.014582206133832548 0.016177151310072704,0.18836034554845535 -1.3704044800190103 0.2316635241020758 -1.3741261394235109 0.14408464208948313 0.11258647589331919,0.28919969277137869 0.24011840452387787 0.21716460315561825 0.13269586249060167 0.049474188975498212 0.023138072250286024,0.022461667622031164 -1.0755874693885081 0.048663192817856707 -1.5127564542651906 0.036188072250954315 0.030590539642150007,0.38693219682257657 -0.54872961543818133 0.7897215813766103 0.53658267509557922 0.37591983523994721 0.27850130693757452,53.465582900743186 -128.02637559340931 -46.590080816744511 -3.5252915595715737 0.73762801500614317 -0.00046312984482936321,-7.1903098535071024 -64.264004114494128 -25.941110993165324 -3.2027504746274644 2.9403473030614151 -0.049429593252092729
ur,tetrapga,1.150665023,0.455336513,0.368115966,0.227909778,36.05987,43.799472,4.50748375,1,0,0,2.975169468,0.061692561,1,5,0,0,0 0 0.050000000000000003,0 0 0.050000000000000003,0 0 0.050000000000000003,wrist_3_link,-1,0,0 0 0,0 0 0,,0.017915481498811444 -1.061186745675982 0.039386587240530034 -1.5209598549945145 0.029524800839027133 0.02614916742336475,0.012336107891262981 0.064945685711677525 0.087171518944931872 0.032195094225030745 0.0086594846026346855 0.013956550316389451,0.19943979026443015 -1.361277198518096 0.23983576481849161 -1.3692212369950105 0.14580234025069397 0.11333310295133549,0.29386823362268416 0.24020132253371221 0.21288202013198182 0.12540077180898238 0.040897376550786124 0.016142492447731249,0.02281731401519722 -1.0718610416377321 0.050350322124126608 -1.5125090162286026 0.035825158702980989 0.030522124828683703,0.32859243184698961 -0.43424176318584229 0.79067901186665424 0.54364230015623671 0.37109026974878367 0.26903391199079041,70.465767594072275 -145.82518499084 -34.833296235215222 -1.6703364465202666 0.47529375893593212 0.023137194412242986,-4.7483450547825612 -75.210226696784957 -31.200384058539242 -3.8306964327066453 3.5519773202140001 -0.04278202295726885
ur,tetrapga,1.19453151,0.459034894,0.347504766,0.343052906,30.224341,37.823542,3.778042625,1,0,0,3.225367143,13.210824337,1,5,0,0,0 0 0.050000000000000003,0 0 0.050000000000000003,0 0 0.050000000000000003,wrist_3_link,-1,0,0 0 0,0 0 0,,0.018499142379194474 -1.0580969560876521 0.043985540217976196 -1.5191390347633347 0.030108419939424411 0.026939026938724752,0.014685389978306457 0.058818240504494239 0.13966018995379087 0.070211104132380603 0.034760854587882813 0.032445137386297382,0.21243931974215027 -1.3507480184807819 0.24905514972718396 -1.3639131075833024 0.14737461984029385 0.11386199684517942,0.29872112384882132 0.23975793586218558 0.20735236258764783 0.116534006836297 0.030744190371252714 0.0079519566501865535,0.020136448697918443 -1.0602949996131115 0.0504700755882194 -1.5146970601609553 0.032997440180023478 0.02896319067623607,0.2046632898404962 -0.27475544068243568 0.81056692128040053 0.55524682529742742 0.36112753007488319 0.25302046718891463,105.41654920830651 -162.21724307033534 -22.187478371546483 0.15768383114172169 0.20816254893673536 0.044448232205397863,12.612580571289698 -113.20745912009079 -17.89545525602523 10.116334159303733 10.564555052827238 4.4102196214541394
ur,tetrapga,1.232430805,0.460505191,0.347214165,0.326917117,30.221047,37.8287,3.777630875,1,0,0,3.20240136,0.030475149,1,5,0,0,0 0 0.050000000000000003,0 0 0.050000000000000003,0 0 0.050000000000000003,wrist_3_link,-1,0,0 0 0,0 0 0,,0.019444421064780348 -1.0563436711365519 0.049283271402396515 -1.5167351107550606 0.031164794089699046 0.028046092361338617,0.027685674557545958 0.047964518476134137 0.12931354211412407 0.05670836066484445 0.023493887975655072 0.025837571962002467,0.22383254164553984 -1.3416761018105523 0.25681511503688026 -1.3596476823455583 0.14837034713514788 0.11402785049258773,0.3024418591186272 0.23890780417407834 0.20207547771301154 0.10850236541752493 0.021772354313280312 0.00078771843732007574,0.023082244146135363 -1.0629769350102474 0.057477788257263532 -1.5102340167848554 0.035817657438489518 0.030985227296708863,0.36822443102711505 -0.33524192464199815 0.87596408363051592 0.557880422012481 0.3525271573082554 0.25275457755909897,84.250283513149881 -143.76159650072282 -50.54405080750206 -3.8120943907158487 0.80409102486638706 0.00045453047782113192,1.217625753003432 -107.88264852392695 -47.292694453619703 -5.9128366245704456 5.3301731262945253 -0.080202531874952854
ur,tetrapga,1.27033118,0.463049842,0.356691854,0.309864413,30.443002,38.361546,3.80537525,1,0,0,3.226339215,0.067641349,1,5,0,0,0 0 0.050000000000000003,0 0 0.050000000000000003,0 0 0.050000000000000003,wrist_3_link,-1,0,0 0 0,0 0 0,,0.020468537282943181 -1.0543785328661708 0.053459022552827411 -1.5149344451664688 0.031864493970569223 0.028835398449075119,0.024372442387711427 0.053343448636962359 0.096653267168500284 0.039981572402442593 0.014189871978345854 0.017127732674747945,0.23535868930485904 -1.3326443709610087 0.26436662968403302 -1.355692855870569 0.14902281981874507 0.11392080168764272,0.30571727446103014 0.23762356620654834 0.19634183743859915 0.10013940515084963 0.012631865901164302 -0.0064476592189345316,0.027029499114950065 -1.0659132257321584 0.064459857544192811 -1.505793041365689 0.038626977508427772 0.03298997369739029,0.49340687110183779 -0.36703634023887788 0.87275866086616005 0.55512192739578681 0.35116500874228174 0.25059330008517838,65.40716380614839 -137.09508196864493 -52.205655659778301 -4.0198671639724441 0.83737670082646509 -0.0015575692607269034,-0.41017495409968774 -102.25525636998282 -44.512715021463066 -5.4853547544953472 5.0595300975251263 -0.053138832074864695
ur,tetrapga,1.308789821,0.46854204,0.37204593,0.255712171,30.27747,37.855815,3.78468375,1,0,0,3.286904259,0.145894383,1,5,0,0,0 0 0.050000000000000003,0 0 0.050000000000000003,0 0 0.050000000000000003,wrist_3_link,-1,0,0 0 0,0 0 0,,0.020881434160959798 -1.0512540654633642 0.055452098030820504 -1.5144485394531282 0.031704304258057391 0.028924642461232282,0.0014867016806351485 0.099724391650008307 0.053668474955294948 0.0098296733177785801 -0.0080645106882778431 0.00039038454110701913,0.24717268378319379 -1.323537857388744 0.27179842303401158 -1.3520100399307553 0.1493277564982739 0.1135306417800204,0.30857852342364428 0.23587624042876118 0.1900639645019272 0.091327975929697935 0.003201378716574943 -0.013851736772367437,0.031738928410002691 -1.0690743056967285 0.071351035695309678 -1.5013794180601008 0.041424105617585638 0.034975730065828471,0.58867866188157802 -0.39513499557126386 0.86139726888960855 0.55170291319852971 0.34964101364473299 0.24821954605477264,51.039047577447427 -131.59528119975008 -50.902037715861169 -3.9150416993377517 0.80911163859818247 -0.0017916438572894336,-4.3643004112838639 -84.385016574682595 -35.664030527814276 -4.2431217042394564 4.135507054785208 -0.00098164417972412821
ur,tetrapga,1.346740393,0.472515787,0.345896513,0.307199977,36.06706,43.778038,4.5083825,1,0,0,3.276771178,0.1399688,1,5,0,0,0 0 0.050000000000000003,0 0 0.050000000000000003,0 0 0.050000000000000003,wrist_3_link,-1,0,0 0 0,0 0 0,,0.02128172430449397 -1.0481754381744139 0.059391960858458187 -1.5128786591923249 0.032144506820642814 0.029485334018932802,0.016401103708926182 0.078873328781309898 0.10813740929266567 0.042177981919318576 0.011334039970816332 0.01523043431664251,0.25892966863011241 -1.3146258801283928 0.27888682721463648 -1.3487139747179981 0.14927047983572758 0.11286549829197697,0.31093891010824332 0.23371355766981203 0.1834225983891152 0.082325303822725904 -0.0062410490548074626 -0.021208984455778179,0.030064017910938993 -1.061376378484771 0.071964099140328752 -1.5027600332042752 0.039469585492784877 0.034067825208155468,0.4442114442113328 -0.34393831864995239 0.82407510793060235 0.5461256777422322 0.3356599092088316 0.2296616457218536,80.349210976506669 -148.68120605693574 -36.826084778872122 -1.8604970765923912 0.49974762876805012 0.021415382543576601,0.84398449366433681 -101.37599243826116 -44.203265169209232 -5.4699783690120967 5.0398666905956162 -0.047220133609165771
ur,tetrapga,1.390647852,0.474596856,0.33756208,0.338738975,30.384801,38.296291,3.798100125,1,0,0,3.353303723,0.183315768,1,5,0,0,0 0 0.050000000000000003,0 0 0.050000000000000003,0 0 0.050000000000000003,wrist_3_link,-1,0,0 0 0,0 0 0,,0.022736793712599512 -1.0459256256761051 0.065503483037375312 -1.5100162650000424 0.033360081744364042 0.030631204885773668,0.040467210322156888 0.049139810338421644 0.13158458099021436 0.060036602097520403 0.024550474992737919 0.023952530505708804,0.27263168734464521 -1.3044288253579637 0.28676195544324579 -1.3453345247258499 0.14875392562816422 0.11174647363895214,0.31308816645610693 0.23066897648561394 0.17519623469561574 0.071546602481273175 -0.017312407320058565 -0.029770618894864806,0.034587577908331807 -1.0644775423392168 0.078767846999021202 -1.4983974077376239 0.042105116851604819 0.035894789772265331,0.56544499967410122 -0.38764548180573233 0.85046848233655692 0.54532818333142608 0.32944141985249298 0.22837057051373316,64.955372169727454 -136.54368956247606 -50.610566783405972 -3.8526943080758724 0.79845114464854805 -0.00066845904542318663,1.3006396109613263 -111.78386173209765 -49.580524016310704 -6.2237265475641834 5.607461302729547 -0.07443537126043509
ur,tetrapga,1.429017053,0.474283298,0.340124822,0.349014553,36.093633,43.750341,4.511704125,1,0,0,3.369704663,0.082693949,1,5,0,0,0 0 0.050000000000000003,0 0 0.050000000000000003,0 0 0.050000000000000003,wrist_3_link,-1,0,0 0 0,0 0 0,,0.025111144052151178 -1.0451843422678306 0.071848445717413043 -1.5067379158166985 0.034991048153157192 0.032003474611702061,0.065088383557240226 0.017013067022435029 0.1423432345579963 0.072249029438495996 0.035272342481163697 0.030182219176568707,0.28467229523617626 -1.2956369796776279 0.29333861057320471 -1.3427749614299207 0.14790225668924475 0.11046013609058397,0.31444939944868799 0.22753356742449499 0.16754123835151249 0.061825441493208622 -0.02709625046764276 -0.037283813137829358,0.033579637913545332 -1.0576900415046151 0.081750849458737368 -1.49830508217464 0.041028776645532311 0.035591124350010064,0.46628461666297999 -0.35738740013643866 0.80533788756502966 0.53282245031514397 0.31008676789391254 0.20524901975329554,86.011402652213604 -150.18148183249821 -39.19022084949269 -2.1340170159942526 0.53848704265595937 0.018725813872254304,0.81997194826215036 -115.17480242364309 -51.572232461345067 -6.542873097588199 5.8102507933575964 -0.093789108706133106
ur,tetrapga,1.47283878,0.477158753,0.34893189,0.300614646,36.091213,43.869709,4.511401625,1,0,0,3.422286071,0.161386126,1,5,0,0,0 0 0.050000000000000003,0 0 0.050000000000000003,0 0 0.050000000000000003,wrist_3_link,-1,0,0 0 0,0 0 0,,0.02719945088751154 -1.0436268176828425 0.076026554528567547 -1.5048267453379127 0.035740346671064009 0.032742112873978754,0.036279440407231835 0.044047008661335076 0.084828593481615019 0.036117664436213344 0.012099577947899235 0.013461612718956715,0.29847534478054671 -1.2857542452981938 0.30047962276064688 -1.3403148054097969 0.14646816727067483 0.10863786795485263,0.31540788732970193 0.22341359228746754 0.15827969897822169 0.050399001195753593 -0.038370528868066675 -0.045886089981468176,0.038328453618350383 -1.0608908613191996 0.088378612940334583 -1.4940501405363451 0.043471125818221684 0.037221343595258548,0.59360196310063107 -0.40010247682307615 0.82847043519965169 0.53186770478684831 0.30529364658617131 0.20377740565606006,69.133047013961104 -138.97128375960082 -51.84877804171559 -3.9558946084655111 0.81871914674167756 -0.00076429825024303035,-3.6123593594452643 -99.202833224104324 -43.68096447911617 -5.3837049274798119 5.0108849991208047 -0.041718090411876574
ur,tetrapga,1.516780891,0.475161666,0.326692625,0.325534068,36.180507,43.938037,4.522563375,1,0,0,3.416327248,0.071771949,1,5,0,0,0 0 0.050000000000000003,0 0 0.050000000000000003,0 0 0.050000000000000003,wrist_3_link,-1,0,0 0 0,0 0 0,,0.029459190933990478 -1.042772318262299 0.081426287662756461 -1.5020813498720393 0.037006985710622206 0.033821574079311932,0.053778213187788824 0.02210788068682705 0.11071021863313091 0.054040048682465272 0.023573082433463673 0.021052556575334669,0.3088887482202457 -1.279299303108494 0.30382186993883592 -1.3409294590649883 0.1429331356472594 0.10525434454589129,0.10858413580032468 0.024108047261860055 -0.053496878021534369 -0.11335898966244384 -0.1434407077036858 -0.12330937223186063,0.0375561066294832 -1.0546143851469272 0.09077999106124339 -1.4945659053081211 0.04206940567634429 0.03664057751545402,0.457785544164096 -0.34784941952223292 0.73469259496223316 0.43747998700888407 0.22879373899029246 0.13988983477109773,79.370750224282347 -158.61964296163839 -45.801882672714328 -2.8389757786795657 0.64129536141457022 0.011980950599776377,-0.9777525745199398 -107.42624256725048 -47.963689403232763 -6.0160552713159632 5.4695311525092194 -0.065370870633330469
ur,tetrapga,1.560783362,0.469395682,0.357002476,0.338650508,36.081747,43.918236,4.510218375,1,0,0,3.379022873,0.170970661,1,5,0,0,0 0 0.050000000000000003,0 0 0.050000000000000003,0 0 0.050000000000000003,wrist_3_link,-1,0,0 0 0,0 0 0,,0.03130151685535372 -1.0409760705781972 0.085647141190591761 -1.5001776553435984 0.037661361688113147 0.034480874682360149,0.035461133095631168 0.0324371130177835 0.12346023539371195 0.06824967328797632 0.032254654392923278 0.024428117569726425,0.31352725034909623 -1.2783780600035366 0.301316885398416 -1.3460316956636222 0.13655726168907703 0.099798734119269233,0.10222956555463593 0.017762806606076754 -0.060345642805029881 -0.11852074810478057 -0.14632068386617267 -0.12463719250190466,0.042120592156035329 -1.0577677807137322 0.096782759579271002 -1.4910731758823119 0.043870331711378878 0.037749710524434182,0.57056069081901595 -0.39417444585062456 0.75034606475345134 0.43659117822615273 0.22511575437932338 0.13864162612252032,64.018326031646197 -147.18881589795581 -55.994265802965558 -4.2643604445403192 0.87819593922403993 -0.0012403988077742713,17.796315338140801 -111.75466758315906 -19.871877200298741 9.5768167997293858 9.8579570756295993 3.2247334431562962
ur,tetrapga,1.604773135,0.462259981,0.338224971,0.328157524,36.236335,44.127069,4.529541875,1,0,0,3.351743144,0.108818978,1,5,0,0,0 0 0.050000000000000003,0 0 0.050000000000000003,0 0 0.050000000000000003,wrist_3_link,-1,0,0 0 0,0 0 0,,0.033470447253091708 -1.0398058596164768 0.091118434983741947 -1.4975184879767118 0.038728668934711823 0.035423528209959913,0.051166116492537141 0.030383725656285006 0.1119413773043807 0.052128289843897183 0.019460327687695567 0.018256257136827082,0.31788292621487152 -1.277736311938757 0.29851330018905614 -1.3513558721916281 0.13006117107694459 0.094289180049103777,0.095787373212755503 0.011414035038966007 -0.067104323825255746 -0.12351542250526443 -0.14898947517952443 -0.12583334187553394,0.041304508653290099 -1.0514880229251196 0.099364839451862141 -1.4913796915342314 0.042622727446912541 0.037296463502231245,0.43862361859082277 -0.33765034500187874 0.67678027129445728 0.36451754941003589 0.16540339048339919 0.088730516879273996,78.155115599228111 -166.57895170925596 -50.466891322605235 -3.2567431586396487 0.71159188855788336 0.0095140323547952908,-1.0377796161128856 -108.29198286374776 -48.647307197751843 -6.0973372029093298 5.577320129176357 -0.05673860920974505
ur,tetrapga,1.648970607,0.457219169,0.314359692,0.30266569,36.053845,43.974368,4.506730625,1,0,0,3.317069041,0.18739388,1,5,0,0,0 0 0.050000000000000003,0 0 0.050000000000000003,0 0 0.050000000000000003,wrist_3_link,-1,0,0 0 0,0 0 0,,0.035185902003556507 -1.0377786727530536 0.095051777131510209 -1.4960105715800107 0.039045338205708303 0.035844660842898404,0.03078987620418432 0.054980092018907231 0.085330088810833177 0.030176378863940964 0.0042227193729204877 0.0080821194401676424,0.32197190221064897 -1.2773727844584064 0.29539916180759046 -1.3569226660681499 0.12342091114424461 0.088703556139356918,0.089231382011204813 0.0050369905080112692 -0.073798141793629674 -0.12836070642476455 -0.1514557695516468 -0.12690195328095635,0.045679694272494083 -1.0545878237148854 0.10487389391630757 -1.4884709871610349 0.043921488434212203 0.038000668967058185,0.54689820240049791 -0.38747509872073732 0.68863180805567747 0.3635880466495775 0.16234512341245796 0.088025683103367711,63.529460571093509 -154.65570901973095 -59.4831285067877 -4.5258199100530794 0.92968477234475588 -0.0015368820371781614,-3.3371841098605159 -99.879677846927734 -44.525691228940843 -5.4732752719892233 5.1696544422405992 -0.025076875506258034
ur,tetrapga,1.693031403,0.450735617,0.331079013,0.274182325,36.097436,44.071311,4.5121795,1,0,0,3.310720412,0.128680887,1,5,0,0,0 0 0.050000000000000003,0 0 0.050000000000000003,0 0 0.050000000000000003,wrist_3_link,-1,0,0 0 0,0 0 0,,0.037348948525434827 -1.0363315262748307 0.10050236379043599 -1.493676613263651 0.039755742718742583 0.036514681102741517,0.049657235183975551 0.037517068620066575 0.10196436905327155 0.038073419127261102 0.0069705760793640457 0.0088781973179179931,0.32575810749648265 -1.2772907567580978 0.29200244955117965 -1.3626814860704004 0.116697474337255 0.083091140232507285,0.082619241552400455 -0.0013115526470569453 -0.080366794964417218 -0.13301245295812841 -0.15369687175156499 -0.12783354055729351,0.044896382149038079 -1.0480922797788046 0.10769449880642104 -1.4886522559120201 0.042730046945312919 0.037620096895742222,0.42275759375920269 -0.32907559799331931 0.62579624413115842 0.30269303754036686 0.11142892110444061 0.045302732605296575,78.382672804274904 -174.31257817757862 -54.721102937268157 -3.6266499132178924 0.77563440670910999 0.0075904136956299753,-4.3617919364470481 -82.776601100552398 -41.127348729652738 -7.3122954751661382 3.2922171432546037 -0.94540059256097209
ur,tetrapga,1.737174676,0.446258938,0.322333847,0.309588296,36.219419,44.174506,4.527427375,1,0,0,3.278941597,0.197353087,1,5,0,0,0 0 0.050000000000000003,0 0 0.050000000000000003,0 0 0.050000000000000003,wrist_3_link,-1,0,0 0 0,0 0 0,,0.039002131954018457 -1.0342188715436442 0.10430186200627538 -1.4923787424980177 0.039876648235734433 0.03678424236180268,0.029627453711238722 0.055633129730344281 0.082385408636268684 0.026127025215948757 0.0005885995668846077 0.0052017063356592222,0.3292576836188752 -1.2774887590694581 0.28831159649486759 -1.3686525719378781 0.10986728411971072 0.077430023013308119,0.07592506698580237 -0.0076561037800148696 -0.086835354785385899 -0.13748838577279482 -0.15572168421324839 -0.12863228947372751,0.04912801374361786 -1.0511482142752806 0.11276611718723295 -1.4862386595930503 0.043602095512447994 0.037979471102869963,0.52895394932247264 -0.38199181205950483 0.63395229760148786 0.30169953987122278 0.10900607089188437 0.044921775890968033,64.167314311616309 -161.89437677331253 -62.83034461525434 -4.7775967868113769 0.97975130733263061 -0.0018195032150510413,-3.1132730508247732 -102.16413760729392 -45.842405315725728 -5.617487567767057 5.3429990916152121 -0.016209217320422908
ur,tetrapga,1.781416579,0.440564894,0.336123481,0.275498394,36.244073,43.897565,4.530509125,1,0,0,3.289467253,0.144162301,1,5,0,0,0 0 0.050000000000000003,0 0 0.050000000000000003,0 0 0.050000000000000003,wrist_3_link,-1,0,0 0 0,0 0 0,,0.041067652435655029 -1.0327379895242319 0.10947213291841149 -1.4903938821717428 0.040284114026438493 0.037210643888160831,0.047669341278957299 0.0370360533646657 0.096607172178695633 0.032443979993629045 0.0021942577889696229 0.0049470652040954077,0.33246716682830874 -1.2779677292562823 0.28432863251270646 -1.3748310458395723 0.10293708964230648 0.071723877465872179,0.06915294422405964 -0.01399179402305085 -0.093197815712493734 -0.14178349389897493 -0.15752725823872724 -0.12929711327724333,0.048380105209744229 -1.0445220886693145 0.11572513971972104 -1.4863805394801095 0.042419894703062538 0.037626076872918551,0.4102840150134725 -0.32237334619475899 0.57575183336235347 0.24196642528587659 0.059598741702411244 0.003877422175394666,78.814342301974122 -181.75933791123614 -59.154810466914959 -4.0354147728768117 0.84438966763649537 0.00500884594243342,-4.0022485372822416 -83.554432144500424 -41.324759071777294 -6.9691341336183541 3.5504050978982491 -0.78615051320888085
ur,tetrapga,1.825388097,0.436705273,0.330441,0.311568169,36.090803,43.94704,4.511350375,1,0,0,3.260242607,0.211639621,1,5,0,0,0 0 0.050000000000000003,0 0 0.050000000000000003,0 0 0.050000000000000003,wrist_3_link,-1,0,0 0 0,0 0 0,,0.042672683777863728 -1.0306448911591293 0.11310314772471573 -1.4892804616447697 0.040248065919530132 0.037351927988472984,0.028937485943492006 0.055310149955419829 0.079176963267929515 0.022569323437970679 -0.0024483934234706267 0.0027236444174078881,0.3353589158469244 -1.2787208788465509 0.28009386996505448 -1.3811557790187314 0.095975024969806824 0.066026434455280655,0.062366691156169433 -0.020258913225006347 -0.099394354031664328 -0.14585786014689109 -0.15909785053193498 -0.12982285750090514,0.052501879779741523 -1.0475492008519847 0.12037154933363468 -1.4844525582451273 0.042882510396161505 0.03765611480320754,0.51522182124966187 -0.37838902283377585 0.58080120173920569 0.24099765437277465 0.057826961637370423 0.0037547412861231584,65.162697259545098 -168.9266747608041 -66.039034414019497 -5.0178295352496756 1.0278567327422812 -0.0020766238141406938,-3.1511732480090586 -102.81749585405214 -46.368258951847906 -5.6696540089969858 5.4223065317689532 -0.0085488721875748297
ur,tetrapga,1.869426192,0.431967677,0.349807012,0.345003123,42.139982,49.914369,5.26749775,1,0,0,3.225593651,0.166077895,1,5,0,0,0 0 0.050000000000000003,0 0 0.050000000000000003,0 0 0.050000000000000003,wrist_3_link,-1,0,0 0 0,0 0 0,,0.044574592823952014 -1.0292068928577272 0.11784079208822767 -1.4876487619939418 0.04039965610538418 0.037566817160497826,0.046512952242107566 0.033306874396976376 0.097352960294895041 0.032351732819551858 0.0018795291475541325 0.0041920637081961495,0.33795487100370852 -1.2797505857258196 0.27558253273061911 -1.3876652837922836 0.088938156410847874 0.060300168607319328,0.055521699451798398 -0.026498747000554428 -0.10546605951457413 -0.14973913403255831 -0.16044540103516503 -0.13021423864720424,0.054517615385574855 -1.0459297930478297 0.12412272503445931 -1.4835339447069245 0.042553892267642446 0.03752073830190511,0.499694668097588 -0.37077114930118787 0.54798312652204961 0.21470805942582794 0.036511930521910013 -0.014131511328123892,65.871417206687667 -174.88987926355071 -63.809036532461043 -4.6593006211002033 0.9563836696708532 0.000154816419434363,-0.27514796749051129 -113.54198266231924 -51.750468491919207 -6.3815599469726294 6.0190558180222951 -0.013360313789377187
ur,tetrapga,1.919438367,0.428127104,0.371527781,0.329825857,41.981094,49.840936,5.24763675,1,0,0,3.229056558,0.222094207,1,5,0,0,0 0 0.050000000000000003,0 0 0.050000000000000003,0 0 0.050000000000000003,wrist_3_link,-1,0,0 0 0,0 0 0,,0.046466126189158824 -1.0268275246032574 0.12228766823798635 -1.486407271831635 0.040214314733696722 0.037593464882162635,0.03995976441673646 0.034855998617059229 0.12037566290200416 0.036815714014118137 -0.0015679126223367718 0.00063477967308282941,0.34053619953062103 -1.2812519679547283 0.27013903579686466 -1.3952592017011849 0.080881324146772321 0.053780133994157424,0.047698260831854064 -0.033531692177550872 -0.11218956238843382 -0.15389922910229695 -0.16170052698541529 -0.13049455897924719,0.056400861651499747 -1.0440814666541167 0.12786862165772903 -1.4827421466079733 0.042084166147959609 0.037282051015068124,0.48701482062861212 -0.36590508967878255 0.52558260279849223 0.1887662350160863 0.01439603297544912 -0.032108616487671215,67.134951025329187 -179.67421431025744 -66.058099283723848 -4.8457358242994149 0.99096614410246631 -0.00051723292319302578,10.550048048432672 -108.84253293425627 -47.74521786131362 -5.8586771543632494 5.4749052830139391 -0.00070798608777522531
ur,tetrapga,1.96937727,0.423827055,0.36395376,0.318968503,41.946779,49.909345,5.243347375,1,0,0,3.235359396,0.204188256,1,5,0,0,0 0 0.050000000000000003,0 0 0.050000000000000003,0 0 0.050000000000000003,wrist_3_link,-1,0,0 0 0,0 0 0,,0.048693415208835092 -1.0251808773083209 0.12730833572807648 -1.4849267821849941 0.04008373350269679 0.037607666927238513,0.049189177995371106 0.027174584933347953 0.10483680713370652 0.0308165681153411 -0.0032067814337642326 -0.00088018528806449339,0.34272222168722211 -1.2831004979382561 0.26437275236525892 -1.4030428991502837 0.072780987208325237 0.047260013684333725,0.039843313320816871 -0.040488114808438391 -0.11871115157373394 -0.15778428825472049 -0.16266040616092378 -0.13060035237611534,0.058305685237165804 -1.0422754521812441 0.1317332099140697 -1.481992998107531 0.041519996926573148 0.036962220650324881,0.47896064954152728 -0.36489160794702397 0.50058246734422673 0.1619134243371928 -0.0080076325088445921 -0.050154292848230683,67.539099510108699 -183.83447617146547 -68.104801634540863 -5.0135932171356066 1.0216902969774933 -0.0011623147296340355,4.9755264289918273 -105.25960612018025 -47.229494133851915 -5.8167133462611673 5.4858894638006888 0.00064299847335291815
ur,tetrapga,2.019389971,0.420098078,0.359307291,0.308301017,41.9209,49.569202,5.2401125,1,0,0,3.24779705,0.201908768,1,5,0,0,0 0 0.050000000000000003,0 0 0.050000000000000003,0 0 0.050000000000000003,wrist_3_link,-1,0,0 0 0,0 0 0,,0.050990705724780323 -1.0237867885021992 0.13165464058547519 -1.4837005731184094 0.039899481947476598 0.03756160941974953,0.045963726521574468 0.023504657515627692 0.092812249644186134 0.025620826417386732 -0.0047906138506804922 -0.0028196570690952982,0.34451747850668818 -1.2852980622845616 0.25827655637669583 -1.4110256895053566 0.064628001624783507 0.040729315368034223,0.031944157225459444 -0.047378605923799763 -0.12504025124066412 -0.1613998659309811 -0.1633270017942281 -0.13053224949494005,0.060244947936746902 -1.0405781865734638 0.13550890891439157 -1.4813434028414691 0.040870528833894977 0.036566575461662615,0.47100094720968383 -0.36561253899762253 0.47441766655881323 0.1345611273476971 -0.03054241848800459 -0.068186547627303973,67.732142892207904 -187.77648299441142 -70.070951252610939 -5.1754907340782861 1.0513086673653487 -0.0017990071771173536,4.548998868842034 -101.73933548437435 -44.682029817444118 -5.4297194025748468 5.1745688642932777 -0.010498474164080562
ur,tetrapga,2.069057204,0.417095638,0.360687826,0.301984484,42.07398,49.768751,5.2592475,1,0,0,3.268198081,0.216997258,1,5,0,0,0 0 0.050000000000000003,0 0 0.050000000000000003,0 0 0.050000000000000003,wrist_3_link,-1,0,0 0 0,0 0 0,,0.053160556251015262 -1.0224593096041847 0.13564025562571294 -1.4826596419706843 0.039628316499559037 0.037437454933492216,0.043729396148521116 0.023760420293854122 0.088927623057685201 0.022336223897610731 -0.0072146936470664129 -0.004799943269605856,0.34590877105131668 -1.2878194170453763 0.25191438439931291 -1.4191253970102431 0.05650561242990098 0.034251379019721494,0.024077623804820276 -0.054136365245671433 -0.13111611694892741 -0.16471255804615709 -0.16369682093368471 -0.13029279440741404,0.062178717540292736 -1.038978906393375 0.13912816600006239 -1.4808162707416022 0.040135672149899368 0.036095672801785564,0.46310844062234346 -0.36630488277885564 0.44830255098006389 0.10702398527134031 -0.053037950051452988 -0.086077815979305888,67.749222245839135 -191.85072748600075 -72.159401111309862 -5.3487670435137478 1.0833879234146095 -0.0024749986899719034,4.3577784118629665 -99.654879824799536 -43.66821351438449 -5.2917117547922317 5.0544715437195578 -0.011082392602261848
ur,tetrapga,2.118921255,0.414815011,0.364443434,0.301609544,42.086148,49.865509,5.2607685,1,0,0,3.299688026,0.240728113,1,5,0,0,0 0 0.050000000000000003,0 0 0.050000000000000003,0 0 0.050000000000000003,wrist_3_link,-1,0,0 0 0,0 0 0,,0.05524233088574243 -1.0210495677993139 0.13952770945860513 -1.4817413386155243 0.039249650524762786 0.037234331529208083,0.042186266117918134 0.026443155907810479 0.087942885317668418 0.019631414763605273 -0.0099804069639389155 -0.0067482972895966742,0.34691221043625142 -1.2906860768421182 0.24522885046230236 -1.4274156744706492 0.048339847955838691 0.027764008918552342,0.016168310023760221 -0.060826020143200057 -0.13699702790268747 -0.16775492986205454 -0.16377546012829181 -0.12988094233377795,0.064085807858567406 -1.0374276959476945 0.1426076148599888 -1.480412410130524 0.039311048487338393 0.035550155818477758,0.45514837273902986 -0.36639052535434785 0.42244537441134161 0.079390947444839072 -0.075389782034603392 -0.10377270814543013,67.613746084250295 -196.22619619426206 -74.405050262368221 -5.5345176280691595 1.1180960350626474 -0.0031747868011844614,4.407716793344548 -99.531149636732152 -43.704087466974556 -5.2883553609008231 5.0554880502176047 -0.011422539261999987
ur,tetrapga,2.168879555,0.413291874,0.36840464,0.304775939,42.071936,49.961942,5.258992,1,0,0,3.342273292,0.267524406,1,5,0,0,0 0 0.050000000000000003,0 0 0.050000000000000003,0 0 0.050000000000000003,wrist_3_link,-1,0,0 0 0,0 0 0,,0.057265051601893373 -1.019505548282605 0.14339363698825505 -1.4809288493579957 0.038756909096550871 0.03695348363494691,0.041119187349031569 0.029347582482893365 0.087222708434124191 0.016954496641353366 -0.012778524335314975 -0.0086714610377803675,0.34752196315904144 -1.2938900980986112 0.23824227745620699 -1.4358665549866567 0.040162042016029242 0.021289251203441807,0.0082428254945586133 -0.067423547968967462 -0.14266029079206868 -0.17051386578536162 -0.16356098993957435 -0.12929707806817847,0.065956557816837583 -1.0358761185096348 0.1459776175988774 -1.4801277598342379 0.038392627989008082 0.034931280791764246,0.44699237780483536 -0.36611993477657356 0.39668715085275674 0.051720012894231837 -0.097485706329178787 -0.12121337260384923,67.350422923277691 -200.89086235256028 -76.782494185360036 -5.7300104077184173 1.1548754009004614 -0.0038831003018762059,4.4726506433645454 -100.57605981292454 -44.343998697032589 -5.3597009499117121 5.125208671029938 -0.011845652945638108
ur,tetrapga,2.218933717,0.412491128,0.371894479,0.309535823,36.270794,44.017698,4.53384925,1,0,0,3.425218052,0.295194475,1,5,0,0,0 0 0.050000000000000003,0 0 0.050000000000000003,0 0 0.050000000000000003,wrist_3_link,-1,0,0 0 0,0 0 0,,0.059325017670855532 -1.0177902331548727 0.14739549753780276 -1.4801959836193523 0.038122500178343885 0.036575097376989142,0.041141674913699668 0.031706952714829206 0.085957062361292261 0.014161979850235366 -0.015679529028764738 -0.010397876566734068,0.3477359900482962 -1.2974279927490802 0.23096447487200686 -1.4444645374375245 0.031986625288825801 0.01483559516151332,0.00031140962315622894 -0.073919238214091992 -0.14809642999317124 -0.17298391361957846 -0.163053082692034 -0.12854149075951316,0.070176075201429419 -1.0392973609023157 0.14901843617827781 -1.479731626018242 0.037610609100292756 0.033960991335728857,0.52743967307397899 -0.42765529908511579 0.38010232242505093 0.049516726999486282 -0.09775236108941586 -0.12128618200442351,56.03956098850324 -188.63999472965239 -76.195531067661321 -5.7811950387798321 1.1801186017166629 -0.0033320277768969227,3.6747580134255031 -102.14682151889247 -46.187388436628282 -5.6155469430486846 5.4014326659397938 0.023131744207077531
ur,tetrapga,2.26301915,0.412520648,0.368003831,0.343808556,36.177063,44.076088,4.522132875,1,0,0,3.530614527,0.255901019,1,5,0,0,0 0 0.050000000000000003,0 0 0.050000000000000003,0 0 0.050000000000000003,wrist_3_link,-1,0,0 0 0,0 0 0,,0.061022446225917029 -1.0162675348901302 0.15062708137414998 -1.4796778469595593 0.037525081821551787 0.036222161160191904,0.035179759527829563 0.037463955681729173 0.06753921116557568 0.010597116295395991 -0.01251097876391993 -0.0068219508614875976,0.34759602050645805 -1.3008109741508891 0.2243338189649621 -1.4521339794790808 0.024812714142629977 0.0091860677834513897,-0.0066581761955302621 -0.079538131556378067 -0.15268068010642483 -0.17491283366756291 -0.16236431750166941 -0.12773577701335828,0.068617145774526295 -1.0304180232210376 0.15253965720380946 -1.479826911406191 0.036368583464832696 0.033790033747643194,0.37723563260663373 -0.32944691560183215 0.33961230344944249 -0.015271864661307973 -0.14990774951119659 -0.1626928125396484,71.941021762267752 -220.65273485303831 -81.869614312500161 -6.0713626146366995 1.1976225469544637 -0.0068026232640015262,-2.0492713661791981 -111.78818279345887 -51.571283330972335 -6.2646597214688882 6.059485763969974 0.020802360164481115
ur,tetrapga,2.307191051,0.413045827,0.379542224,0.385031905,36.153853,43.784452,4.519231625,1,0,0,3.553300013,0.318978733,1,5,0,0,0 0 0.050000000000000003,0 0 0.050000000000000003,0 0 0.050000000000000003,wrist_3_link,-1,0,0 0 0,0 0 0,,0.062768605749664183 -1.0147348966592113 0.15403436139930549 -1.479224104292018 0.036793585711139672 0.03574743656671589,0.039819171314000049 0.026367537870260693 0.089588318009489618 0.011205018993129714 -0.01856247790718232 -0.016146717970489548,0.34714808668554015 -1.304446792397685 0.21749178824213333 -1.4598986001342096 0.017660160234110735 0.0035639688064360345,-0.013618850817630356 -0.085065583555458374 -0.15707716599066956 -0.17661182711770379 -0.16144914555737699 -0.12679800958527043,0.072313262353114721 -1.0336360558757238 0.15514104889939639 -1.4799624671616511 0.035170429526491381 0.032493977904651833,0.46201457232355336 -0.40225408183577638 0.32517396194836651 -0.016944469432523881 -0.14976924229266475 -0.16200698037391978,61.448635809633963 -205.74351035175778 -83.159270514297546 -6.2908633981264206 1.2839889436245178 -0.0036681745464312177,17.135021333052748 -127.06052854701284 -40.946982078594942 -4.8744649265836415 4.503177923925719 -1.9147654181289937
ur,tetrapga,2.351066146,0.413167492,0.373183502,0.370293146,42.034638,50.054738,5.25432975,1,0,0,3.578075834,0.271859328,1,5,0,0,0 0 0.050000000000000003,0 0 0.050000000000000003,0 0 0.050000000000000003,wrist_3_link,-1,0,0 0 0,0 0 0,,0.064998059708306147 -1.0140359511624679 0.15770847684875744 -1.4787432059559096 0.035967763578400452 0.03513294898765737,0.053275711406158603 0.012947084603522509 0.071681984571134449 0.0093618199873814097 -0.016137844956645119 -0.011897247397996146,0.346399410186853 -1.3082975410057689 0.21050786031291924 -1.4676802182081905 0.010600552963273127 -0.0019765283783509699,-0.020503300004631943 -0.090448389616315586 -0.16124424043400865 -0.17806617834583621 -0.16031908200950509 -0.1257385824429402,0.074014199024107941 -1.0318943311739224 0.15813387260664602 -1.4800249403048209 0.03400069829822526 0.031721325114327036,0.44121716652442067 -0.39478768456404573 0.29387083998867247 -0.045911055575659047 -0.17113309265542248 -0.17904944513452237,61.415585780706884 -213.0606683804769 -83.759079344276685 -6.3192513328780606 1.2639011961443074 -0.0064835881085164035,-0.46019086633896222 -119.58446210367583 -55.543971861774821 -6.7421649891102788 6.5189014019816369 0.036261226104343791
ur,tetrapga,2.401218701,0.415280281,0.382103533,0.33608663,36.030308,43.644268,4.5037885,1,0,0,3.685319908,0.391822253,1,5,0,0,0 0 0.050000000000000003,0 0 0.050000000000000003,0 0 0.050000000000000003,wrist_3_link,-1,0,0 0 0,0 0 0,,0.066921563467391823 -1.012303354685355 0.16067210210194821 -1.4785828997115325 0.035069381928783928 0.034549893744653642,0.036023994049574362 0.032493386817093552 0.087185832123727672 0.0032755272806001749 -0.027872005669568718 -0.020766576167069908,0.3451746876091743 -1.312985208909105 0.20230674413068894 -1.4766464783182749 0.0025980434488672628 -0.0082490856995349714,-0.028327802852510426 -0.096462655742870315 -0.1657576170469654 -0.17944223589698324 -0.15876044409785986 -0.12437324903721589,0.078100091214450093 -1.0355916151253615 0.16030681783374864 -1.4804079417898708 0.032634778653773261 0.030291376103454719,0.51073652379276946 -0.46216049392988356 0.27161815338782708 -0.047875185631244328 -0.17073995555649965 -0.17874362635903943,51.744349337086582 -199.92057946469038 -81.506288254312636 -6.169084946398077 1.2589053189152133 -0.0038247072119941827,9.2155476364742412 -110.90858796687644 -48.296878652091209 -5.7303651344664104 5.4291412573179088 -0.043256865120582688
ur,tetrapga,2.444925949,0.417487713,0.378823965,0.360628314,41.877474,49.874016,5.23468425,1,0,0,3.730718423,0.349628833,1,5,0,0,0 0 0.050000000000000003,0 0 0.050000000000000003,0 0 0.050000000000000003,wrist_3_link,-1,0,0 0 0,0 0 0,,0.068667616562812797 -1.0109186713238945 0.16394569860175026 -1.4784288750181027 0.034040028618404612 0.033841956720882679,0.039221075703407118 0.031856897806796451 0.066718712916039757 0.0033639821192256842 -0.020541965689615308 -0.0136850916602589,0.34378838971810405 -1.3173135357919574 0.19498007153400843 -1.484510994062044 -0.0043070160703014551 -0.013656646226792525,-0.035099907893151955 -0.10157704836193451 -0.16946872936395885 -0.1803912401700056 -0.15717284880443669 -0.1230509080954269,0.079446983473815638 -1.0328834951506116 0.16317561507936718 -1.4805619236914167 0.031424207255785513 0.029593402615018444,0.46312636528436052 -0.4325144969521264 0.24488463170226432 -0.081093574310990471 -0.19523548614319844 -0.19820233034915855,54.839809329732901 -212.76928300080996 -84.358053256976078 -6.3871148134091262 1.2733154328185674 -0.0074277278878746977,-1.1575364921729374 -116.40528917144366 -54.094247072930898 -6.5364115790498545 6.3622733503938775 0.04190254268267779
ur,tetrapga,2.494894971,0.420441574,0.385048582,0.375400763,36.039556,43.7449,4.5049445,1,0,0,3.886157966,0.391387507,1,5,0,0,0 0 0.050000000000000003,0 0 0.050000000000000003,0 0 0.050000000000000003,wrist_3_link,-1,0,0 0 0,0 0 0,,0.070842944810992639 -1.0095413790746035 0.16764673374894989 -1.4783808805629033 0.032736598730442393 0.032903036309280639,0.049438329935205486 0.013701093897401689 0.08916777968304386 -0.00073870179955232802 -0.034327637860484379 -0.026491852136298667,0.34184231011851435 -1.3225322181034866 0.18641118941108734 -1.4935461944302775 -0.012110139269313496 -0.019764545795428849,-0.042779632162359547 -0.10727198904385658 -0.17345256462102163 -0.18118986800962422 -0.15510011584193106 -0.12139027823587496,0.083639493342009971 -1.0368825373404631 0.16494508161465593 -1.481226479207286 0.029867003726573017 0.028011432069278818,0.52406373352429203 -0.49988027373143562 0.22118331691109389 -0.083069439483665158 -0.1946504411515623 -0.19774631821745323,46.635845415676727 -199.43492242027307 -81.59527209819872 -6.1698635473828665 1.2591239139444457 -0.0038980557312064006,11.769392270337732 -123.73072483702799 -56.31011438528833 -6.7283804657472501 6.5114861395219279 0.057567092413457033
ur,tetrapga,2.538710511,0.422767388,0.372532834,0.375899472,36.095091,44.106126,4.511886375,1,0,0,4.004657977,0.27228604,1,5,0,0,0 0 0.050000000000000003,0 0 0.050000000000000003,0 0 0.050000000000000003,wrist_3_link,-1,0,0 0 0,0 0 0,,0.073158964611591965 -1.0091763297354752 0.17068428709674477 -1.4784032771434412 0.031561798686200036 0.032003715653192592,0.05219613591500414 0.0039016089382588534 0.0570660073774149 -0.00066025122596735251 -0.02233270037256066 -0.017384127054516155,0.33982151414082107 -1.3273392269768869 0.17873901758058866 -1.5014958128068918 -0.0188619939480398 -0.025049043930164022,-0.049451072803696254 -0.11212607689922981 -0.17671428631061206 -0.18163845850320873 -0.15306005826751948 -0.11980558100844038,0.081293273435156577 -1.025986135524023 0.16935776224129712 -1.4810412560961939 0.028736480733718886 0.028094129742926233,0.36175555729444991 -0.36958774825673785 0.19288473569959869 -0.1532972401037633 -0.24724005908345473 -0.23918051478868385,61.499287832761397 -240.17740616558604 -94.328188810440707 -7.2032264108058053 1.4007980390910459 -0.013151738119822145,-1.097258358341378 -120.81061072844113 -56.384920868672907 -6.7960182761980832 6.6243289891669903 0.053207635588051971
ur,tetrapga,2.58289132,0.425674749,0.371533318,0.344912705,36.24184,44.073165,4.53023,1,0,0,4.062589953,0.387553867,1,5,0,0,0 0 0.050000000000000003,0 0 0.050000000000000003,0 0 0.050000000000000003,wrist_3_link,-1,0,0 0 0,0 0 0,,0.075382603689843217 -1.0089635467169535 0.17307537746749285 -1.4785412865562892 0.030495815939855359 0.031176055643096792,0.047605490230504234 0.0077422046206633817 0.048995175909551443 -0.0023693398881290675 -0.021228942497902394 -0.01606853885141786,0.33748932987073549 -1.3323986506942536 0.17086307447795687 -1.5095263593921737 -0.025575059127720349 -0.030304650927365194,-0.056111797578189529 -0.11688312313423468 -0.17978047817363241 -0.18185270635889753 -0.15079620339434877 -0.11808816603291659,0.084717531163282581 -1.0295939855115168 0.17068824991204237 -1.482284258754331 0.026767458484128846 0.02619001293675173,0.42803221601575059 -0.45098124843673648 0.16631095884315569 -0.15537533226714267 -0.24612778119875522 -0.23801460077181272,53.664787590957495 -224.17012269467563 -91.982778933994595 -6.9416752888900692 1.4160811695183084 -0.0045906727569049333,-3.0730553170128019 -110.99276603484941 -51.73690580985658 -6.2353211899180678 6.0972987406612589 0.04938932885360714
ur,tetrapga,2.627067361,0.428318542,0.364125042,0.265614127,41.85924,49.508066,5.232405,1,0,0,4.116537983,0.340727358,1,5,0,0,0 0 0.050000000000000003,0 0 0.050000000000000003,0 0 0.050000000000000003,wrist_3_link,-1,0,0 0 0,0 0 0,,0.078037614235370548 -1.0093727722860943 0.17581624540610957 -1.478820186450077 0.029118410722722296 0.03005158469772214,0.058931743428332073 -0.0049255273347927637 0.041156120766283173 -0.0087058421754048539 -0.02626027185657117 -0.0200413727481079,0.33486476492427936 -1.3376645208164137 0.1628575359021788 -1.5175602298410216 -0.032182883289080824 -0.035481215868284462,-0.062698411589028585 -0.12149649571472873 -0.18261948667234457 -0.18182827649779146 -0.14832893073280193 -0.11625313574982882,0.086244000585734878 -1.0280402097028345 0.17307637720662958 -1.4828921106012998 0.025230105812349003 0.025127101033150627,0.3995560818037881 -0.43769093720919799 0.13826605263380201 -0.18423374037903956 -0.26563634142852571 -0.25353810548046318,53.885105531219494 -233.10347417546188 -94.310481262006434 -7.1861669586860479 1.4281543910799996 -0.0097612164085031997,-11.992086689998132 -69.158513576130645 -39.842119077432699 -6.0001343770045423 4.2479166707202367 0.22888864197553005
ur,tetrapga,2.676670266,0.433802818,0.380757417,0.327903777,36.118096,44.136846,4.514762,1,0,0,4.262424943,0.53514498,1,5,0,0,0 0 0.050000000000000003,0 0 0.050000000000000003,0 0 0.050000000000000003,wrist_3_link,-1,0,0 0 0,0 0 0,,0.080018444656837232 -1.0082938456480746 0.17793647540761318 -1.4791902748732708 0.027937766981260857 0.029200050136720994,0.034071958094345524 0.027249530894475644 0.068464672178286071 -0.014254128394054606 -0.040359598259334509 -0.030401939439154146,0.33157325525989578 -1.3438159766906552 0.15372560776539337 -1.5265729655748366 -0.039466857733256776 -0.041193791098642983,-0.069998358121239793 -0.12649986432204621 -0.18553324347674435 -0.181517315076274 -0.14532114266501178 -0.11405516710714435,0.089882531503146942 -1.0321608284779034 0.17394229156078242 -1.484381884176659 0.02311300112747898 0.023103865187576914,0.45481636467650877 -0.51507734688360307 0.10823929426910592 -0.18622169691989598 -0.26463808560875285 -0.25290448069671406,46.147344336441577 -218.29287823765443 -89.965106556515536 -6.7872280039538637 1.3845993503671405 -0.0046066952910470841,6.7596852933277773 -108.20824648877169 -48.045661016708891 -5.6911972347706978 5.3435980763118778 -0.064820054851075781
ur,tetrapga,2.720899574,0.439509256,0.385336936,0.35803657,36.126286,44.093237,4.51578575,1,0,0,4.436242677,0.526244839,1,5,0,0,0 0 0.050000000000000003,0 0 0.050000000000000003,0 0 0.050000000000000003,wrist_3_link,-1,0,0 0 0,0 0 0,,0.081598776635525255 -1.0070471306005417 0.18057101953435409 -1.4796322580460184 0.026484286287670421 0.028163533072440735,0.034865758556576289 0.030150390319622241 0.054899858835394846 -0.008082136676742813 -0.028838432366001369 -0.020036991668141893,0.32833504625977239 -1.3495066111077239 0.14546675125560177 -1.5345905229925723 -0.045831137374292917 -0.046192789265646364,-0.07641466535392924 -0.13079825827300712 -0.1878839474945907 -0.18098824493160612 -0.14243243007731474 -0.11197533497771858,0.093894632848610826 -1.0368378953591546 0.17456443572121033 -1.4858895058314672 0.021004212754361342 0.021084713888444438,0.50151266818298601 -0.58463336015640832 0.077768020053488859 -0.18845270685103427 -0.26359854663970456 -0.25239391239155951,38.912811977634227 -204.90011878582084 -84.590192450797687 -6.3837602841417711 1.3026860467676709 -0.0043221267043806527,-1.5956931419788702 -114.81739532348274 -53.705485478762284 -6.4402525391706149 6.3249686849308375 0.061591369973633903
ur,tetrapga,2.765082481,0.445684832,0.380025083,0.401697704,36.174427,43.8284,4.521803375,1,0,0,4.612476577,0.472380997,1,5,0,0,0 0 0.050000000000000003,0 0 0.050000000000000003,0 0 0.050000000000000003,wrist_3_link,-1,0,0 0 0,0 0 0,,0.083262628718272252 -1.0057526674948314 0.18318244201356146 -1.4801818215156171 0.024932540910675659 0.0270497158374025,0.037106046327502015 0.023296389692876847 0.06597937199651098 -0.021631370109863896 -0.045097416906453705 -0.035888287902842958,0.32481894924706844 -1.355377613258872 0.13711794460359572 -1.542571094161729 -0.052056967969550672 -0.05109225211061192,-0.082730072321169176 -0.13493400970394737 -0.18999688331278525 -0.18022416953454351 -0.13935719134198096 -0.10978744013626923,0.09119446434429565 -1.0244599485761086 0.17950020135710537 -1.4850962862839951 0.020466508862116768 0.021738036152972987,0.32697919510676465 -0.3955833936394717 0.078345311214937929 -0.25757782630663101 -0.31273349630021646 -0.2911473387438101,53.819331047361111 -259.32441176470724 -105.55020607220652 -8.1774385346202596 1.5853565457236263 -0.017311256279871047,14.44330231897186 -132.56024239362432 -50.332625890445115 -11.610095412752344 2.0461860301793493 -3.9854368116255401
ur,tetrapga,2.808976144,0.451390704,0.374496771,0.385755425,36.143529,43.833039,4.517941125,1,0,0,4.693948165,0.543494023,1,5,0,0,0 0 0.050000000000000003,0 0 0.050000000000000003,0 0 0.050000000000000003,wrist_3_link,-1,0,0 0 0,0 0 0,,0.085238541886986985 -1.0052811564053297 0.18572593863586662 -1.4809340140822271 0.023143620396171675 0.025692313165466055,0.047079649038588106 0.0046602441420050007 0.047163711853202755 -0.0147875265211692 -0.034244897871309049 -0.026279734246416456,0.32105173782294089 -1.361387598075557 0.1287365120170107 -1.5504608949292189 -0.058103465771605453 -0.055861568993374515,-0.088904592959670181 -0.13888186376950629 -0.1918611060482272 -0.17923366204460039 -0.1361195640541657 -0.10750742547358924,0.094228970817874819 -1.0283460965755913 0.1798323165582198 -1.4871763514126675 0.017978567493532709 0.019422423689512011,0.37931330919739598 -0.48576849993534066 0.041514400139304165 -0.2600081410840368 -0.31099267107300754 -0.28945155793262206,47.825029639997098 -242.05183031911463 -100.33171793560925 -7.5586597691080115 1.5410870412991109 -0.0054228236430805127,-0.079256557981693732 -123.29291358889077 -57.863313817222547 -6.9037766587553051 6.8032540877280638 0.080658077041768195
ur,tetrapga,2.852954151,0.456121044,0.359842285,0.394374654,41.915058,49.848766,5.23938225,1,0,0,4.772549504,0.446193079,1,5,0,0,0 0 0.050000000000000003,0 0 0.050000000000000003,0 0 0.050000000000000003,wrist_3_link,-1,0,0 0 0,0 0 0,,0.087781851713256087 -1.0061038065096635 0.18788171740171272 -1.4819118399949089 0.021199506529105943 0.024112529019060473,0.061607317397130872 -0.029014867750217027 0.035049247672462848 -0.019761569968992251 -0.036571068555650031 -0.030740479212093171,0.31700778417457987 -1.3675793085135897 0.12026210161853221 -1.5583172064718047 -0.064015148987304038 -0.060537395985311007,-0.094985258458869959 -0.14267242775062186 -0.19349242353440915 -0.17801191740670727 -0.13269859972761472 -0.10511940183139917,0.095414060016741409 -1.0265590801096784 0.18197682679469662 -1.4881562879278309 0.016166621262914037 0.018173338161615763,0.34960862187765973 -0.47169450632113857 0.016520003200445749 -0.28700804620038012 -0.32714762368899775 -0.3027014825354204,47.677019924075864 -251.6592691689533 -103.97714623481815 -7.9720388851283053 1.5805394122485767 -0.012253150822381048,0.1034262107841073 -125.83284045362598 -59.156198101920609 -7.0365545020358695 6.9582094774036349 0.09433926013311833
ur,tetrapga,2.902879493,0.463596764,0.370070777,0.328084167,36.038751,43.815485,4.504843875,1,0,0,4.951101599,0.669522851,1,5,0,0,0 0 0.050000000000000003,0 0 0.050000000000000003,0 0 0.050000000000000003,wrist_3_link,-1,0,0 0 0,0 0 0,,0.089871207544205106 -1.0058040632327445 0.18920664352617317 -1.4826969572187112 0.019860886295580069 0.023077252409976698,0.034768802019308778 0.014975576466519024 0.048587191830019687 -0.028103282351849286 -0.047736748210670671 -0.036913114249923613,0.31209607165457609 -1.3748054976968622 0.11056162248291423 -1.5671642290957637 -0.070538943152005359 -0.065715329781995707,-0.10175226780826019 -0.14677062749027478 -0.19505569189000371 -0.17634967750774216 -0.12860721272373088 -0.10228637100766695,0.098559215490781019 -1.0310259668446429 0.18181091022594603 -1.490469117468125 0.013561058318032674 0.015758517702146101,0.39314443425495177 -0.5583608418705639 -0.020739571093823558 -0.28910369253676244 -0.3256953681101703 -0.3018525574337077,41.507009408908303 -235.29135041717234 -97.709242600962867 -7.3545851432948073 1.499356415322477 -0.005328184763907352,4.7262133502497932 -108.26777497623425 -48.840711753682285 -5.7781660753371398 5.3824429835673513 -0.079542571793801642
ur,tetrapga,2.946775609,0.471030962,0.372118104,0.319345172,36.145194,43.79184,4.51814925,1,0,0,5.14954257,0.6801706,1,5,0,0,0 0 0.050000000000000003,0 0 0.050000000000000003,0 0 0.050000000000000003,wrist_3_link,-1,0,0 0 0,0 0 0,,0.091460908114057646 -1.0050186719586802 0.19118094428036836 -1.4836729969828208 0.01808393055109268 0.021751188228828659,0.03365184999508599 0.017836969336739623 0.043945788535055201 -0.027310846298011449 -0.043727759698708478 -0.0337475675517728,0.3075012798836339 -1.3813238381360271 0.10197398610196545 -1.5748687869860574 -0.076102073661981989 -0.070148702945158611,-0.10757598059505749 -0.15018971723500046 -0.19617539303342987 -0.17464929783668368 -0.1248338824693549 -0.099691572096554742,0.10200468124007808 -1.0361217079872833 0.18136561791886743 -1.4927992177561704 0.010967190319193699 0.013349201364926786,0.43068321866213377 -0.63696764283004292 -0.055661538384824974 -0.2912625360056742 -0.32423349985487193 -0.30116454215241434,35.613538674735473 -220.10154913117134 -91.362136686621952 -6.8751413842712292 1.4020921077775768 -0.0049053327912753335,3.2916919444902533 -105.38390692405301 -45.741463665232232 -9.7754513970130574 2.6341574142833153 -2.4247579562116641
ur,tetrapga,2.990666486,0.479055824,0.381533474,0.350152222,36.071386,44.04452,4.50892325,1,0,0,5.363763212,0.659872936,1,5,0,0,0 0 0.050000000000000003,0 0 0.050000000000000003,0 0 0.050000000000000003,wrist_3_link,-1,0,0 0 0,0 0 0,,0.092891894314156634 -1.004099402365827 0.19302141060381661 -1.4846080535801864 0.016406222657456334 0.020519919676374725,0.030326924746875324 0.02449741463727571 0.039968263934828531 -0.017556152755973019 -0.033304929775942731 -0.023825470083319058,0.30265414467256735 -1.3879876091468055 0.093343479435965326 -1.5824929499917657 -0.081495437148061789 -0.074465591812751586,-0.11327498148139148 -0.1534324390350929 -0.19705579897130346 -0.17272870524906594 -0.12090263453383145 -0.09700310388418977,0.099635998529455747 -1.0234804096988059 0.18691253938054642 -1.4915260526403609 0.010778018568498587 0.014272170060863901,0.27346887042238799 -0.42123082332181899 -0.035124024191698036 -0.35280634510972514 -0.36359181710843269 -0.33280440909896813,47.118631694289355 -280.41426349848115 -116.79464988365416 -9.1430310270586155 1.7646614605022748 -0.021713753209384224,-2.279470661825826 -111.83388469726378 -52.522833286087575 -6.2572766614421198 6.170557459926659 0.073398270617921924
ur,tetrapga,3.034781857,0.486581266,0.357284175,0.441729402,30.35861,38.349397,3.79482625,1,0,0,5.463524189,0.726523934,1,5,0,0,0 0 0.050000000000000003,0 0 0.050000000000000003,0 0 0.050000000000000003,wrist_3_link,-1,0,0 0 0,0 0 0,,0.094630540159347687 -1.0037943061942629 0.19500016304704215 -1.4860145901330233 0.014152228732313171 0.018788009675891656,0.042187390604519627 -0.0065693177180134073 0.043727478360417509 -0.044244435416626822 -0.061581944000714831 -0.050244431698116168,0.29753301738748922 -1.3948249188528321 0.084635205969240554 -1.5900663338198546 -0.086739116810815906 -0.078683628324485097,-0.1188724640269619 -0.15651115328171361 -0.19769926813960872 -0.17057946760546164 -0.11679804526040512 -0.094209405248846204,0.10213686774351456 -1.027655181186385 0.18626604662849533 -1.4943687328796216 0.0078847939989596331 0.011626377617252387,0.31261367813744145 -0.5218454439878748 -0.080813758098632837 -0.35533925349451445 -0.36165889832249831 -0.33072965707705076,42.51621530249723 -261.5415466038109 -109.21224312418956 -8.2120101094285545 1.6724785955995398 -0.0062505762042992016,15.546876676956458 -145.77070258445292 -59.361584185300103 -14.99941299816237 1.5966468793256574 -4.7229054955840759
ur,tetrapga,3.073196195,0.49220137,0.348260152,0.401531091,30.297613,37.937922,3.787201625,1,0,0,5.580479152,0.674150428,1,5,0,0,0 0 0.050000000000000003,0 0 0.050000000000000003,0 0 0.050000000000000003,wrist_3_link,-1,0,0 0 0,0 0 0,,0.096488986965448706 -1.0046253363449045 0.19626463147562626 -1.4874209126044493 0.012097728841601881 0.017138522536977674,0.053198091825041927 -0.032382964469619122 0.022169955202400161 -0.033622829005034945 -0.046500233142897654 -0.038472463026280171,0.29287478806665862 -1.4008862540338241 0.077033158742837254 -1.5965802263801643 -0.091155231978821152 -0.082254721505252384,-0.12363552731243441 -0.15904212109414451 -0.19806230159172139 -0.16853207648094443 -0.11310389214552073 -0.091704626195576261,0.10491129257035207 -1.0325668212312153 0.18529243014156371 -1.4972291018976105 0.0050063710645248151 0.0089862809380560887,0.34680812973477848 -0.61395401364426594 -0.12170422495870435 -0.35755035083553521 -0.35980869393448134 -0.33001768652514862,37.111984834818564 -244.24531755032419 -101.8132218947174 -7.6501909554449421 1.5585954719535016 -0.0057372842971380074,1.2271251766263731 -127.84464763916276 -60.229663612521449 -7.0911016726895468 7.0797253613907625 0.11819709244208809
ur,tetrapga,3.111204069,0.498671896,0.369479429,0.271650347,30.221012,37.827533,3.7776265,1,0,0,5.744868318,0.803805977,1,5,0,0,0 0 0.050000000000000003,0 0 0.050000000000000003,0 0 0.050000000000000003,wrist_3_link,-1,0,0 0 0,0 0 0,,0.098141389658374475 -1.0050100636603432 0.1967778660837057 -1.4883250231419323 0.010922751896694298 0.016185802470860058,0.032871551184015232 0.010348510697534145 0.01896438839084108 -0.017965764877482648 -0.025679753557945474 -0.019432309382530166,0.28808777172697719 -1.4069764908913867 0.069501270094763826 -1.6029447580010132 -0.095382932914689106 -0.085692108261488181,-0.12824273486709389 -0.16140701478832034 -0.19824083239148549 -0.16634780901912491 -0.10934349501806877 -0.089162604995316044,0.10792648076621207 -1.0381476059440944 0.18402056023030264 -1.5001054023963878 0.0021422486858027985 0.006352286414939819,0.37690355086258792 -0.69759709715035889 -0.15898590299988247 -0.35954178593411301 -0.35802112447038115 -0.3292549170151452,32.300757006436811 -227.84285776382325 -94.835833385305449 -7.1217310615720066 1.4513983034150517 -0.005218646193753786,-8.2739753001884537 -86.891522774054465 -40.747552032791759 -4.8630367162086259 4.8010803061395286 0.060408106424858943
ur,tetrapga,3.149096187,0.506061938,0.368797115,0.344657972,30.452026,38.443071,3.80650325,1,0,0,5.954136035,0.822535886,1,5,0,0,0 0 0.050000000000000003,0 0 0.050000000000000003,0 0 0.050000000000000003,wrist_3_link,-1,0,0 0 0,0 0 0,,0.099326771673980935 -1.0045882548211034 0.19790870289589046 -1.4895509648770326 0.0092279634222947951 0.014887036497086564,0.032170795115670441 0.014062780993668682 0.031614329760437924 -0.030731164684793311 -0.043925614474633154 -0.033106842140383633,0.28314305772126719 -1.413135010662381 0.061988954528845078 -1.6092043295792144 -0.099453577792732228 -0.08902168848599197,-0.13272810122879822 -0.16362506235538268 -0.19824019649521288 -0.16401584084239734 -0.10549470215421716 -0.086567440893607767,0.11115475545415389 -1.0443332760330817 0.18247750377510139 -1.5029956938911866 -0.00070775801064698672 0.0037249237364664657,0.40354296881952284 -0.77320769685298141 -0.19288749755684864 -0.36129622141435613 -0.35626186659039955 -0.32843096647817926,27.987445960286571 -212.28100288275999 -88.208301557037288 -6.6196530034166514 1.3494931912894994 -0.0047253956210817488,-1.7140892510108188 -109.89061336802934 -51.698695797313462 -6.0887933619324031 6.0895331923041702 0.102088384616561
ur,tetrapga,3.187643973,0.513188904,0.355546927,0.390323342,36.139241,43.999643,4.517405125,1,0,0,6.009980226,0.702638581,1,5,0,0,0 0 0.050000000000000003,0 0 0.050000000000000003,0 0 0.050000000000000003,wrist_3_link,-1,0,0 0 0,0 0 0,,0.10072477533220521 -1.004485539363724 0.19921977507705496 -1.4912238269562323 0.0069629006095464794 0.013135697524112191,0.039515486608722138 -0.0055286803342412521 0.027529294490105206 -0.040530600903672748 -0.053893032546779331 -0.042129246669877697,0.27794055686771935 -1.4194835669280288 0.054350174515531313 -1.6154785585874696 -0.10344312709990075 -0.092306820731952691,-0.13717723839647603 -0.1657367796059713 -0.19805698139154707 -0.16148823170603396 -0.10148168068370256 -0.083867330994026518,0.10792915195243379 -1.0283776536671312 0.18970949187454136 -1.5004508834817412 2.5773042206417816e-05 0.0055937805905445772,0.24867763632017678 -0.49603021395583691 -0.14239616427044827 -0.41764527453622047 -0.38773029692250427 -0.35457157080259899,37.490653757551826 -286.02537817210128 -121.39588664365033 -9.5597408323774715 1.8460099688449412 -0.023491023069680098,1.3464217317929865 -124.23504990760102 -58.548501242014595 -6.8481466398088742 6.8893172231511741 0.12959501447657473
ur,tetrapga,3.231720775,0.520080348,0.333893582,0.403817005,30.273408,38.01907,3.784176,1,0,0,6.14490453,0.842911268,1,5,0,0,0 0 0.050000000000000003,0 0 0.050000000000000003,0 0 0.050000000000000003,wrist_3_link,-1,0,0 0 0,0 0 0,,0.10271538905406088 -1.0056507920086999 0.20020574217675274 -1.4934534539299902 0.0041521290374970585 0.010879940703979766,0.049826644155706236 -0.04135173256976292 0.010131130930030475 -0.046460676436650153 -0.055449325165795191 -0.045969166050869495,0.27178472591131347 -1.4268386555825412 0.045629148952433148 -1.6225293344975042 -0.10781290294836539 -0.095934088760389724,-0.14211954562039208 -0.16797057163155588 -0.19762264719900183 -0.15841007316972611 -0.096778607338432937 -0.080708837627816776,0.11011686561078189 -1.0331721994580467 0.18815797547573845 -1.5038117203651868 -0.003062783765683386 0.0027771434820446344,0.2734715444416676 -0.59931811680156688 -0.1939460413886413 -0.42011543878040725 -0.38608027339966278 -0.35209002347203538,34.525648043557325 -266.44879168209604 -111.84633463044779 -8.3979590740115189 1.7075761841281514 -0.0066040656941105244,1.3538001776387887 -128.425283084699 -60.572550701794853 -7.0605828667703463 7.1179231593516112 0.14132923791643037
ur,tetrapga,3.269824604,0.524388956,0.314966505,0.402436889,30.306046,38.236664,3.78825575,1,0,0,6.28810721,0.697139193,1,5,0,0,0 0 0.050000000000000003,0 0 0.050000000000000003,0 0 0.050000000000000003,wrist_3_link,-1,0,0 0 0,0 0 0,,0.10496731493733059 -1.0082094079328503 0.20042743922482192 -1.4957728867952418 0.0014516141388723053 0.0086177974042896,0.060518492355497597 -0.079382322100202546 -0.008533981659173101 -0.052364163990347969 -0.056757444599609859 -0.049677391735452714,0.26629008670895815 -1.4332732415857727 0.038109224105810795 -1.6285121149246804 -0.11142157254842222 -0.098956438688688364,-0.14626387265476629 -0.16974464695911323 -0.19705473801400619 -0.15559094487321498 -0.0926199141222349 -0.077919955536253943,0.11248463690108375 -1.0387296947205316 0.18626179689108296 -1.507189270574218 -0.0061336474779142853 -3.3559191661496415e-05,0.29597874843588579 -0.6946868007477337 -0.23702881462021189 -0.42220460447863517 -0.38386863644229974 -0.35134821912280895,30.80543384710802 -248.07035282582666 -103.71746436185718 -7.7770966368525052 1.5822246229251768 -0.0059687204308889021,0.99867048784420831 -127.94721953750559 -60.365533382302488 -7.0096705722753541 7.0978337599504684 0.15275652337762846
ur,tetrapga,3.30812741,0.5304726,0.345294231,0.230306487,30.452626,38.353551,3.80657825,1,0,0,6.483940146,0.847981734,1,5,0,0,0 0 0.050000000000000003,0 0 0.050000000000000003,0 0 0.050000000000000003,wrist_3_link,-1,0,0 0 0,0 0 0,,0.10670215038950404 -1.0098840590680678 0.19994948638430526 -1.4969031541494051 0.00038168647029968093 0.0076390813951024298,0.035942863652384353 -0.019145281995118783 -0.0023094251841434682 -0.023569877059589853 -0.024096028956592012 -0.020770631435911974,0.26060994414290461 -1.4398067318757655 0.030575261978863781 -1.6344151056345488 -0.11488780368940052 -0.10188646837397826,-0.15030677153536007 -0.17137995566393552 -0.1963050373137526 -0.15261281633611939 -0.088357833102998551 -0.075064516771895629,0.11501707012110667 -1.0449782792079358 0.18405655265243728 -1.5105809101351988 -0.0091869433458814879 -0.0028373714500650889,0.31656639593793912 -0.78107484902723567 -0.27567059594522697 -0.42397831206561787 -0.38168289413326661 -0.35049718479206721,27.349198799100606 -230.5936061351716 -96.185782641767616 -7.2063838365596471 1.4666017186364586 -0.0053825566728217724,-10.92022272974765 -73.584984981708658 -34.545973003231438 -4.1064115604385734 4.0541805043332735 0.064821174064499942
ur,tetrapga,3.346550262,0.537900911,0.350575792,0.32102043,30.349,37.96863,3.793625,1,0,0,6.726883024,0.884628483,1,5,0,0,0 0 0.050000000000000003,0 0 0.050000000000000003,0 0 0.050000000000000003,wrist_3_link,-1,0,0 0 0,0 0 0,,0.10791737237279728 -1.0102189243972159 0.20039587537066655 -1.498446237556589 -0.0013918521903901776 0.0062256191374103157,0.029222097589420258 -0.0017354196394253974 0.015618431972877087 -0.037485141768244239 -0.045029109822659674 -0.035014686745293525,0.2547588432276951 -1.4464207511262213 0.02304997701646069 -1.640219256016421 -0.11819938270604037 -0.10471483039480102,-0.15423538391886565 -0.17287017386255518 -0.19537400999190502 -0.14948351255295605 -0.084005202837803786 -0.072150285715243762,0.11770023253543507 -1.0518483570599202 0.18157150118389548 -1.5139853592184678 -0.012223673864315159 -0.0056340005338512437,0.33540754522612393 -0.85876151959974534 -0.31064649968224245 -0.42557950235160946 -0.37961222544157497 -0.34959928796488748,24.100960719591338 -213.99514915398197 -89.061812960187581 -6.6673626274011468 1.3572298864487848 -0.004849071924126952,-3.2098070592053887 -102.20541116117965 -48.15306452147729 -5.6374165775960137 5.6513828798454933 0.10814227227434525
ur,tetrapga,3.384590075,0.545113308,0.339314913,0.377021735,30.290264,37.87932,3.786283,1,0,0,7.008329906,0.763294778,1,5,0,0,0 0 0.050000000000000003,0 0 0.050000000000000003,0 0 0.050000000000000003,wrist_3_link,-1,0,0 0 0,0 0 0,,0.10907307485909797 -1.010584977231592 0.2010605995570067 -1.500405249027059 -0.0037074161363494025 0.0044161569706829126,0.033187221848567039 -0.01588344318398351 0.013110113178674164 -0.049114826414339431 -0.057310029722928001 -0.045178847009579776,0.24881980918798166 -1.4530223962577766 0.015638300848956427 -1.6458444859047694 -0.12131182784885215 -0.10740379387150471,-0.15799673011010398 -0.17419637377898675 -0.19427698891039785 -0.14624904507238429 -0.079624890343911223 -0.069218463754127241,0.12052139491645429 -1.0592745832137749 0.17883541572693917 -1.5174000884745724 -0.015243730718181572 -0.0084226117529096443,0.3526651582359745 -0.92828595829076976 -0.34204484959256692 -0.42689068059336133 -0.37754872841711012 -0.34861790476306875,21.067351599551479 -198.21430566824534 -82.28185657629956 -6.1537876276328936 1.2529814580714613 -0.0043349684238429206,0.63418249841055285 -119.86220540464637 -56.553260245797333 -6.568340437270308 6.6338282791945762 0.13910305892560512
ur,tetrapga,3.422532323,0.551205654,0.318807327,0.404663128,30.333059,38.109244,3.791632375,1,0,0,7.3283961,0.509160635,1,5,0,0,0 0 0.050000000000000003,0 0 0.050000000000000003,0 0 0.050000000000000003,wrist_3_link,-1,0,0 0 0,0 0 0,,0.11050947747705102 -1.0118710931112127 0.20140721502994718 -1.5028040565910399 -0.0064279431954223261 0.002242936654083828,0.040585826860596343 -0.047310739948222276 -0.0012969287279625459 -0.057851177631437017 -0.062903552437137925 -0.051580578907393475,0.24275593051770769 -1.459654543648103 0.0082904800883748849 -1.6513302143354791 -0.12424904740141485 -0.10997392574563936,-0.16161875758385502 -0.17537051641603843 -0.19301051351415952 -0.14289139674989107 -0.075190464001486948 -0.066250469695629352,0.12346851259939524 -1.0671944192253218 0.17587358920018492 -1.5208244215699227 -0.018248516594617625 -0.011203408130769567,0.36840957097619209 -0.98998719050231909 -0.37026248331731088 -0.42809116049907553 -0.37563985623831564 -0.3476410496132587,18.18362530440956 -183.1551386679557 -75.829638737049137 -5.6656241871046049 1.1536848925588257 -0.0038628123895822928,2.3522196505374495 -128.59121178464375 -60.699469138316317 -7.015411368365676 7.1168208813078948 0.15864688582940722
ur,tetrapga,3.460708331,0.556051041,0.298586222,0.412495895,36.10677,43.791377,4.51334625,1,0,0,6.803935367,0.151502006,1,5,0,0,0 0 0.050000000000000003,0 0 0.050000000000000003,0 0 0.050000000000000003,wrist_3_link,-1,0,0 0 0,0 0 0,,0.1121932640222747 -1.0144174856555905 0.20112178187623866 -1.5054133767993956 -0.0092117166112518217 -5.8106069880518285e-05,0.049794725392006425 -0.085934474351322024 -0.020496965868748752 -0.06557599812449974 -0.066026478489629781 -0.05661217870587866,0.23651852353335662 -1.4663696481039099 0.0009491697802825902 -1.656718699735368 -0.12703338042570339 -0.11244543897141032,-0.16512978653405169 -0.17640136938965292 -0.19156422634268291 -0.13938437023535263 -0.070668041944250568 -0.063222737949243865,0.11955898579231308 -1.0458394440466097 0.18621315967851954 -1.5169327726853912 -0.016870254066776884 -0.0085387393115972307,0.21602739884113675 -0.62919829363052049 -0.28560378943035958 -0.47678616324564749 -0.39255867432007951 -0.36353946689034933,23.815677718018293 -277.28297228287198 -119.94874014157872 -9.5100798564383737 1.8333827226799602 -0.024360403686565432,2.7925300868078011 -131.07995779423345 -61.874384269793723 -7.1174211571451451 7.2583227354050628 0.17409417387844428
ur,tetrapga,3.504575789,0.559408529,0.282329122,0.48270299,30.291365,38.042594,3.786420625,1,0,0,7.014429383,0.760537096,1,5,0,0,0 0 0.050000000000000003,0 0 0.050000000000000003,0 0 0.050000000000000003,wrist_3_link,-1,0,0 0 0,0 0 0,,0.11464869163232048 -1.019358444491121 0.19979611443255357 -1.5088236531524648 -0.012581186231553791 -0.0029704651999679869,0.059523836332952253 -0.13369879265181664 -0.038135175827030666 -0.093499407217272637 -0.088666773556250564 -0.077841230964295835,0.22918923706948729 -1.474130537164261 -0.0074140115032738114 -1.6627419574636788 -0.13001818130766168 -0.11514167908342517,-0.16899589389237252 -0.17739876750794553 -0.1896916227793814 -0.13520027196453782 -0.065403090915486378 -0.059695689504703935,0.12132746994281778 -1.0516700056678749 0.18349116941540705 -1.5207611758419095 -0.020014447655833999 -0.011428021421405718,0.22107573246945603 -0.72883204551947323 -0.34028683985788422 -0.4786023702189377 -0.39306568997194935 -0.36120195420738654,22.483300977333677 -257.549438578945 -108.63355147722496 -8.1365505024055942 1.6468261594051454 -0.0065537711548261796,14.143671239594028 -159.29198682447804 -68.703418886025815 -18.681819865973011 0.82649110034255102 -5.3898566213097219
ur,tetrapga,3.542691433,0.561123606,0.275631703,0.373807242,30.346897,38.167897,3.793362125,1,0,0,7.221647732,0.491865284,1,5,0,0,0 0 0.050000000000000003,0 0 0.050000000000000003,0 0 0.050000000000000003,wrist_3_link,-1,0,0 0 0,0 0 0,,0.11700707865617994 -1.0248928404480593 0.19795689421447552 -1.5118146219394872 -0.01537396997673344 -0.0054680322296062475,0.065619593277922286 -0.16243837776182665 -0.062845230429142612 -0.07203123506925467 -0.061159141453737416 -0.058232569459857504,0.22268622432646212 -1.4809060977954551 -0.01461030753315567 -1.667823829209877 -0.13242301231617207 -0.11735798781660657,-0.1722062132867834 -0.17810244481224816 -0.18788383814907272 -0.13143550833787834 -0.060775176986452406 -0.056592486557184678,0.1231456472480293 -1.0582408842257427 0.18042934702018726 -1.5246033190210384 -0.023135593113238026 -0.014310037588439753,0.22729310684119039 -0.82139180516310994 -0.38281133012859936 -0.48037624721192679 -0.39022559508820365 -0.36033545183959426,21.081198082246729 -238.5604732131662 -99.958747984827426 -7.4723878380008992 1.5146798349725514 -0.0057967492435490597,-0.028556810775057784 -118.8932270230016 -56.071086306328993 -6.4082418375755879 6.5770861954146582 0.17930190532163692
ur,tetrapga,3.580935858,0.56491508,0.306036267,0.136415608,30.437112,38.378207,3.804639,1,0,0,7.476774423,0.645538983,1,5,0,0,0 0 0.050000000000000003,0 0 0.050000000000000003,0 0 0.050000000000000003,wrist_3_link,-1,0,0 0 0,0 0 0,,0.11901130105225277 -1.0292122817453282 0.19576050138687473 -1.5133642622694254 -0.016315772112130006 -0.0065662543780006695,0.038639048008734161 -0.065805125306996351 -0.035013299259450854 -0.028509012122468615 -0.017780186536894189 -0.020034269204907144,0.21604095180611979 -1.4877285946625558 -0.02175847320323019 -1.672776410401422 -0.13465781741852739 -0.11946226028466246,-0.17528585702192856 -0.17865593369302027 -0.18590331104470043 -0.12754167056298318 -0.056087497698062747 -0.053445546319383294,0.12501998200247483 -1.065477242361843 0.17706734722445097 -1.5284577109151183 -0.026234706593083558 -0.017184154758782363,0.23431278799543673 -0.90457675244220415 -0.42033350519315804 -0.48190733658079327 -0.38747159789339136 -0.35934807725316592,19.440919452926138 -220.40887016041495 -92.047629627011986 -6.8734312087599303 1.393836849530588 -0.0051696129705718474,-15.242899855988185 -43.750734846519663 -20.462341171861453 -2.4245274137128945 2.369381403668676 0.063145901217676936
ur,tetrapga,3.619394215,0.571596681,0.322552882,0.259248067,30.382204,38.162088,3.7977755,1,0,0,7.776664893,0.690179604,1,5,0,0,0 0 0.050000000000000003,0 0 0.050000000000000003,0 0 0.050000000000000003,wrist_3_link,-1,0,0 0 0,0 0 0,,0.1201480493234806 -1.0307323324604007 0.1952062541913788 -1.5151154975169594 -0.017941169016494504 -0.0079490204975803565,0.025911434407290483 -0.024797890684349747 -0.0052197878487296569 -0.043439848834459352 -0.043502340797876717 -0.035326490562742237,0.20924251650899539 -1.4946076408592197 -0.028867050003033929 -1.6776043407147145 -0.13672357158382067 -0.12145633842288371,-0.17823758956455074 -0.1790582776482888 -0.18374572487712931 -0.12351294695175315 -0.051334541739660115 -0.050250174618801213,0.12695407201986156 -1.0733061923687304 0.17343762407584273 -1.5323221237700557 -0.029312194622222287 -0.020049375795595209,0.24178324667362483 -0.97866693072462996 -0.45383124521714302 -0.48319818898050393 -0.38479979310551765 -0.3582640241781555,17.684827689397011 -203.14938155863828 -84.573429556715467 -6.3081775259910104 1.2796139343377984 -0.0045968518552638726,-6.4398157919392816 -82.457786929381655 -38.887209977644716 -4.5161183983973388 4.5249430135184099 0.10947823983926952
ur,tetrapga,3.657663803,0.578606699,0.319638399,0.342747213,30.213694,37.823271,3.77671175,1,0,0,8.113128973,0.561560277,1,5,0,0,0 0 0.050000000000000003,0 0 0.050000000000000003,0 0 0.050000000000000003,wrist_3_link,-1,0,0 0 0,0 0 0,,0.1210632965953254 -1.0316311182162174 0.19521478567193579 -1.5174037617698972 -0.0203419697835442 -0.0098353443714523561,0.022808758368509898 -0.024741409389705142 -0.0012636006730902605 -0.055056014670711813 -0.057747992296818457 -0.045433409303347362,0.20236756835878589 -1.5014653388594745 -0.035855240591710184 -1.6822526885931528 -0.13859708222030931 -0.1233180994905657,-0.18102830241565027 -0.17930511628493348 -0.18143599644411221 -0.11939593503384303 -0.04657157852566423 -0.047042574499563762,0.12894896987631238 -1.0816588223479169 0.16956993381406021 -1.5361946493735401 -0.032368715573539514 -0.022905035280186704,0.2493832561092352 -1.0441505101825295 -0.48362182335298776 -0.48426398316843744 -0.38222024347608435 -0.35710586302270297,15.836001595370604 -186.69765342450322 -77.465276038313164 -5.7705137893479019 1.1707839221019929 -0.0040596289617500754,-0.80661322986122741 -108.83249909987899 -51.412081985219743 -5.9348537794867298 5.9793038263223011 0.1400798219985866
ur,tetrapga,3.695576157,0.584809666,0.300555348,0.387750425,30.286878,37.899722,3.78585975,1,0,0,8.480767642,0.273437401,1,5,0,0,0 0 0.050000000000000003,0 0 0.050000000000000003,0 0 0.050000000000000003,wrist_3_link,-1,0,0 0 0,0 0 0,,0.12196106328487641 -1.0330908008507222 0.1950110953421377 -1.5200141560842508 -0.023051964022526912 -0.011973554605229936,0.026145596170185401 -0.05231359922480916 -0.014494049354626656 -0.065473803354649418 -0.065374398548463358 -0.052903887535505748,0.19545425795514446 -1.5082654673728135 -0.04268803723641279 -1.6867003391665556 -0.14027283492086254 -0.12504096288074074,-0.18364693472534588 -0.17939877323542222 -0.1789903526279594 -0.11521560304008968 -0.041825747856960603 -0.043840201865359939,0.13100366207410219 -1.0904699325406195 0.16549231586449367 -1.5400733672635833 -0.035404931736935 -0.025750626019068475,0.25685299499891678 -1.1014945872882194 -0.50992435553733106 -0.48510784345261548 -0.37973653099404048 -0.35589619808203532,13.928965849542596 -170.97132818444891 -70.683895761535226 -5.2574277649790737 1.0667585618828921 -0.0035523463315154766,2.2214221195446271 -123.10605176744593 -58.162563752741676 -6.6806691805268201 6.7643020154549021 0.16280534876851505
ur,tetrapga,3.733569718,0.589366155,0.278161909,0.40238268,30.304061,38.366022,3.788007625,1,0,0,8.846397635,0.146259502,1,5,0,0,0 0 0.050000000000000003,0 0 0.050000000000000003,0 0 0.050000000000000003,wrist_3_link,-1,0,0 0 0,0 0 0,,0.12308379950448795 -1.0359486723509581 0.19410942631165221 -1.5230531607464055 -0.026031139252723108 -0.014404976066941588,0.03199370124351477 -0.092666547349173831 -0.036188452420568035 -0.073167851847299362 -0.067484332645861025 -0.057307922554206504,0.18842933794598515 -1.5150808678786587 -0.049439509196515179 -1.6909966648827228 -0.14177124123180565 -0.12664529167707905,-0.18612359407318552 -0.17934224708058932 -0.17638495210472807 -0.11092933302680547 -0.037047919798904573 -0.040609035432477923,0.12320119382970171 -1.0373904618464027 0.19303010256883316 -1.5352001543722402 -0.028270649100452856 -0.010558591318392027,0.014674290651721253 -0.18022368693058755 -0.1349154678523829 -1.5183742032293293 -0.27993873096621852 0.48079809356869513,17.674211276011334 -330 -150 -14.614415899767357 2.7691244561213275 -0.046432281551758742,3.3346864324040553 -127.82049558590188 -60.357402057006425 -6.9046560506585593 7.0173633491988454 0.17627276832943295
ur,tetrapga,3.772007429,0.592500768,0.262933296,0.39995556,30.263322,38.224448,3.78291525,1,0,0,8.726869826,0.099321954,1,5,0,0,0 0 0.050000000000000003,0 0 0.050000000000000003,0 0 0.050000000000000003,wrist_3_link,-1,0,0 0 0,0 0 0,,0.12439078870516644 -1.0402196681742173 0.19243040620948071 -1.5262450903492886 -0.028961795891295838 -0.016893289894142776,0.038890639182740015 -0.1357710699162189 -0.059610878778868871 -0.080248388848228602 -0.068442681752275206 -0.061037761507109475,0.18122944736280464 -1.5219708293551817 -0.056166208725338632 -1.6951756828907705 -0.1431021051647598 -0.12814306779542048,-0.1884771838727618 -0.17913227479251945 -0.17359461317643918 -0.10649896447603112 -0.032197581445610308 -0.037320565883217305,0.12450709786731658 -1.0420095132950453 0.19107100909969366 -1.5373773186497526 -0.031224876300203593 -0.013851934188572263,0.014538645268766266 -0.22373064010350319 -0.16992463872338179 -1.39152853755801 -0.28288505111346945 0.38016946319631406,13.919816951645842 -330 -150 -14.30506182786397 2.7081059284085853 -0.0453573748324307,3.3942947496235547 -127.15572781238552 -59.9933340116512 -6.8286873307833957 6.9774460722122313 0.18777048168857391
ur,tetrapga,3.810299657,0.593542479,0.257297507,0.381996396,30.271845,38.107128,3.783980625,1,0,0,8.588368672,0.107481185,1,5,0,0,0 0 0.050000000000000003,0 0 0.050000000000000003,0 0 0.050000000000000003,wrist_3_link,-1,0,0 0 0,0 0 0,,0.12601508180239401 -1.0462962294316709 0.18978597545011944 -1.5297749198476445 -0.031983536742147489 -0.019573735462271803,0.045183631506025987 -0.17593843879107399 -0.081904914843310805 -0.084732801002945987 -0.066962792421881273 -0.06271504939976244,0.17396979379027322 -1.5288237671340565 -0.062757889432452876 -1.6991678323382435 -0.14424232337903911 -0.12950916127730308,-0.19066826524984359 -0.17877084101577273 -0.17066341842316851 -0.10199627632681482 -0.027354556299537428 -0.034027847393633591,0.12611564287262214 -1.0484151889348519 0.18817225657147815 -1.5400207762433848 -0.034249695805545502 -0.017228992015850153,0.012570133778517414 -0.26486993789762014 -0.20171485983016046 -1.2807320494675349 -0.28326988292475125 0.29309293080270615,9.7931540026629911 -330 -150 -14.035911486834365 2.6533686458986603 -0.044519062368261669,2.5318003241296765 -121.58224710935428 -57.299459395959957 -6.4910357997268875 6.663298053664704 0.1930366301508073
ur,tetrapga,3.848477982,0.600401043,0.376886766,0.109442303,30.229287,38.038319,3.778660875,1,0,0,8.519392401,0.977186982,1,5,0,0,0 0 0.050000000000000003,0 0 0.050000000000000003,0 0 0.050000000000000003,wrist_3_link,-1,0,0 0 0,0 0 0,,0.12724699827357375 -1.0483348385785383 0.18805930721573877 -1.5317777014149296 -0.030736633166391053 -0.017328388336145764,0.019094484874167018 0.044151952602179738 0.0092272807310470398 -0.039384296769607099 0.034007995055585133 0.068720102071289119,0.16665114652536278 -1.5356396616348886 -0.069215396966770967 -1.7029748450514932 -0.14519440570105321 -0.13074539583942027,-0.19269877507783287 -0.17825986907976876 -0.16759369393644682 -0.097423435338276132 -0.022520554490427298 -0.030731168103739232,0.1260390546796934 -1.0510660303521864 0.18410362784121823 -1.5449516172797615 -0.037007053816826271 -0.018887867036166576,-0.009573524116092226 -0.33135517716680629 -0.5085785912824925 -0.61635512954708727 -0.34466975141009609 -0.20735937753955291,13.8345840445592 -330 -150 -9.936234637627658 1.9945058514568483 -0.0088807652836130034,-27.505762107713963 34.078187453585997 16.416345424306542 2.0796229309416958 -2.1262867537872054 -0.20853181585207281
ur,tetrapga,3.886586312,0.613573767,0.459485004,0.170603699,30.511617,38.322387,3.813952125,1,0,0,8.508078003,1.840734951,1,5,0,0,0 0 0.050000000000000003,0 0 0.050000000000000003,0 0 0.050000000000000003,wrist_3_link,-1,0,0 0 0,0 0 0,,0.12744630446988178 -1.0442559442500494 0.19022533269493813 -1.5333163704761206 -0.03094938517616818 -0.016072819349846203,-0.0051609624483116177 0.14888840353064869 0.085478900124914228 -0.031746176137365127 -0.017356622966926975 0.022543229240518235,0.15927155410505064 -1.5424207588054752 -0.075541447705735662 -1.706599268053359 -0.14596068167226248 -0.13185363184739626,-0.19457086869883583 -0.17760066272195627 -0.16438629414276859 -0.092780807022221454 -0.017695606692556234 -0.027429658465197113,0.1257636710406447 -1.0549629171484565 0.17959708586780365 -1.5485637126655312 -0.039862442623574676 -0.021855659904483214,-0.034422954881087674 -0.48711084953375694 -0.56331774667682266 -0.45151192322120476 -0.35692360084355007 -0.37097410853957979,16.754808690752171 -330 -138.288486248884 -9.895937909887909 1.987759111012209 -0.0088593235233954144,-11.418390925515268 -54.017460753195337 -25.590554825071081 -2.9339290336620252 2.7656865147076033 -0.068192799115973202
ur,tetrapga,3.925005467,0.628354535,0.463001544,0.35763696,30.313492,38.015179,3.7891865,1,0,0,8.526278464,2.328155707,1,5,0,0,0 0 0.050000000000000003,0 0 0.050000000000000003,0 0 0.050000000000000003,wrist_3_link,-1,0,0 0 0,0 0 0,,0.12711241043581187 -1.0383776847386161 0.19392113582978171 -1.5348488553110047 -0.032719800189810105 -0.016332864142946244,-0.0108640056438559 0.15336223813426264 0.097288731447836729 -0.033638977420485362 -0.045761108719700259 -0.009098501578099891,0.15176256976433442 -1.5492288602884328 -0.081792646980770101 -1.7100727275785113 -0.1465471746181802 -0.13284338355645545,-0.19630060532964363 -0.17678616449307116 -0.1610113047329457 -0.088026414691592586 -0.012837111443752248 -0.024093086729404082,0.1253004402416763 -1.0604036253079714 0.17562272656834207 -1.5527944848941841 -0.042623976826341815 -0.024715628380451628,-0.057903849871050253 -0.6800885199393647 -0.49679491243269741 -0.52884652858162307 -0.34519177534589229 -0.35749605949605179,19.123473320429156 -321.49434355625476 -129.03914084545571 -9.6138314244658609 1.932756298089497 -0.0080454344263726479,0.21553724281693576 -113.07033476018478 -53.645543945419718 -6.2601608547965952 6.0353306360248098 0.028028514827312279
ur,tetrapga,3.963092124,0.641578083,0.417610757,0.430566843,36.108292,43.845411,4.5135365,1,0,0,8.575079443,2.559690159,1,5,0,0,0 0 0.050000000000000003,0 0 0.050000000000000003,0 0 0.050000000000000003,wrist_3_link,-1,0,0 0 0,0 0 0,,0.12660636215176188 -1.0332225127635948 0.19652995467207443 -1.5371054590672053 -0.034991971801506316 -0.017054841361118733,-0.015483132014970343 0.12518394819307418 0.060367362495382305 -0.057224186621834268 -0.056687675967143886 -0.018609218145746235,0.14425597730811063 -1.5559443330720775 -0.087859139530459318 -1.7133345143236767 -0.14694454678785768 -0.13369793172127389,-0.19785811503123182 -0.17583120873203351 -0.1575289548641581 -0.083245112356988421 -0.0080319630992833849 -0.0207801698223124,0.12473377298808154 -1.0669044339080942 0.17130472262904334 -1.5570312524128793 -0.045367105115239566 -0.027564339498632379,-0.070833406699345389 -0.81260107501536383 -0.53975049241234097 -0.52959593983690079 -0.34289103611221894 -0.35608888977259384,20.883986973809357 -295.82504553260083 -123.93241136606326 -9.2094667373203727 1.8530816292594638 -0.0073952541771324003,4.2958108571815501 -136.54513003573811 -64.585026470734078 -7.4210887007038764 7.3062039954791231 0.05693815310048933
ur,tetrapga,4.007041957,0.654149749,0.349017982,0.457263295,36.058357,43.930575,4.507294625,1,0,0,8.73143528,2.53898623,1,5,0,0,0 0 0.050000000000000003,0 0 0.050000000000000003,0 0 0.050000000000000003,wrist_3_link,-1,0,0 0 0,0 0 0,,0.125893275608085 -1.0292134516681515 0.19780325233083182 -1.5400674322836307 -0.0378804119838482 -0.018576261796728302,-0.016116010246082602 0.064046065027693624 0.012910639410433977 -0.062537864514502078 -0.058496105342276075 -0.033293919352679474,0.13552418269483407 -1.5636446001343305 -0.094691233558669527 -1.7168704694338441 -0.14717607023585827 -0.13452715125876433,-0.19945963199527836 -0.17454829016705511 -0.15334638357520253 -0.077650373689084812 -0.0025082596434881105 -0.016954485922102112,0.12410449031050737 -1.0743252403345045 0.16658821342083738 -1.561282131027526 -0.048089954083229351 -0.0304011850894579,-0.078660334696771791 -0.92760080330127759 -0.5895636510257446 -0.53135982683082794 -0.34035612099872314 -0.35460569885319004,21.636587124585439 -273.52686533179303 -114.86212020023228 -8.5468717343249683 1.7216623780581988 -0.006985515801431294,6.6825413163991243 -145.41989781636039 -68.589494242719297 -7.8825174144249104 7.7781982943663905 0.10201684412434275
ur,tetrapga,4.051034538,0.662903278,0.290703344,0.541710164,36.164349,43.821955,4.520543625,1,0,0,8.941343299,2.291989043,1,5,0,0,0 0 0.050000000000000003,0 0 0.050000000000000003,0 0 0.050000000000000003,wrist_3_link,-1,0,0 0 0,0 0 0,,0.12513495659669252 -1.0282878573680267 0.19721012088035264 -1.5437959727507247 -0.041036552205675952 -0.020806033005807665,-0.014672822741900824 -0.012971133526182534 -0.030828521605880059 -0.10159516269928415 -0.080165203003382923 -0.062720031130956755,0.12671804559458369 -1.5712916560949488 -0.10134211036252186 -1.7201619316902355 -0.14716534381906385 -0.1351888037730414,-0.20085153213433191 -0.17307191288093227 -0.14898925466871113 -0.07197490486567687 0.002990084624016673 -0.013126257999946525,0.12344001077439098 -1.0825708316582237 0.16150221556824182 -1.5655456077330487 -0.050792855714091978 -0.033226196754796516,-0.083059942014547361 -1.0306989154648845 -0.63574973157444614 -0.53293458819035122 -0.33786270385782852 -0.35312645816732702,21.743489738500042 -252.69932776930239 -105.82431511118615 -7.8675420188612346 1.5863638335785153 -0.0063200767109462871,4.333947761467698 -169.8238958458378 -81.256524638058181 -22.395791250568436 2.0099355005660868 -5.5741712235747656
ur,tetrapga,4.094947731,0.668342791,0.239220657,0.411519351,36.053789,43.661448,4.506723625,1,0,0,9.198254435,1.955186274,1,5,0,0,0 0 0.050000000000000003,0 0 0.050000000000000003,0 0 0.050000000000000003,wrist_3_link,-1,0,0 0 0,0 0 0,,0.12451503911766887 -1.0304221951399732 0.19505206094315414 -1.5475456024396832 -0.043829682443670422 -0.023131346490853147,-0.010447273863595914 -0.075784365660412703 -0.063088683219318112 -0.075016519746083685 -0.049901279217363474 -0.045008256054119684,0.11787137909754804 -1.5788559659208992 -0.10778619606829766 -1.72319695037381 -0.1469142308274449 -0.13568140918028829,-0.20202927023116052 -0.17140867596490275 -0.14447596298153409 -0.066242737232037205 0.0084395255944861546 -0.0093104338169541102,0.1227597816901584 -1.0915565599097923 0.15608306084401652 -1.5698191856417705 -0.053476402139653649 -0.036039483712939267,-0.085028635529072416 -1.1232160314460651 -0.67739434052816117 -0.53419723859021706 -0.33544330319520849 -0.35166086976784394,21.375958617103663 -233.01486406899099 -97.232644345245959 -7.2194012923555242 1.4569222036749574 -0.005666499023430238,5.8651677650029796 -131.52099992391777 -61.727902650637702 -7.018279635757608 6.9881589317903803 0.13839787927177838
ur,tetrapga,4.138684443,0.67100392,0.219324103,0.379988691,36.091216,43.742871,4.511402,1,0,0,9.279048543,1.530385815,1,5,0,0,0 0 0.050000000000000003,0 0 0.050000000000000003,0 0 0.050000000000000003,wrist_3_link,-1,0,0 0 0,0 0 0,,0.12400074141859153 -1.0349564811200762 0.19164798934705596 -1.5515060305879977 -0.046510413234587877 -0.025625117591496358,-0.0085993155984127653 -0.12662885961168183 -0.089913306628934375 -0.079605914069379391 -0.047559106635258294 -0.048492562657541094,0.10901347519697684 -1.5863132005409226 -0.11400393045166653 -1.7259682629919562 -0.14642726238270137 -0.13600567613908385,-0.20299138001088685 -0.16956636934548655 -0.13982415113511726 -0.060475319487944768 0.01382017806888643 -0.0055196750557556665,0.12277654850677377 -1.0691426090769869 0.1697448340947334 -1.5648176844259125 -0.052436975742704089 -0.0335013199106396,-0.075464130950149047 -0.73576107025659387 -0.51508637510035338 -0.51938453887856695 -0.30544600694791507 -0.33362740730272333,13.255041392164776 -324.63766509022537 -142.26690671386316 -11.14505352697844 2.1653244446074322 -0.024933683354086546,4.5243841228582369 -121.76883212859866 -56.998303673211922 -6.436064340453413 6.4429261772613557 0.14932100354521083
ur,tetrapga,4.182504805,0.670995898,0.234817854,0.470719211,36.14344,43.939515,4.51793,1,0,0,9.392987153,1.444870384,1,5,0,0,0 0 0.050000000000000003,0 0 0.050000000000000003,0 0 0.050000000000000003,wrist_3_link,-1,0,0 0 0,0 0 0,,0.12350731778736988 -1.041733419343116 0.18704795738540889 -1.5558447007472502 -0.049261237207208326 -0.028376981434181364,-0.0091089411879732816 -0.16931627558859341 -0.11112988717339024 -0.11289129331811726 -0.072259922866871384 -0.071976837047483005,0.10010106045849991 -1.5936998675860765 -0.1200262014315817 -1.7284907771631615 -0.14570453033176484 -0.13616458293816547,-0.20374377425206197 -0.16753729905541451 -0.13501307063119999 -0.054646789778165596 0.019156102969390673 -0.0017356593398306036,0.12193931948769317 -1.0760494365504389 0.16507130732810196 -1.5689713949047093 -0.054928328034105495 -0.036170689352985314,-0.1046536273850751 -0.86335343418150257 -0.58419084582893044 -0.51921380984960075 -0.31141903642517521 -0.3336711802932138,13.764471873904903 -300.91977403446117 -127.70323417245962 -9.4976795286158495 1.8942963042274041 -0.0082888306341642789,0.096053740024444778 -151.10744977178183 -70.607881650452896 -20.752108573076839 0.45453686491232759 -5.473362265814842
ur,tetrapga,4.226547591,0.669789929,0.219897002,0.317803717,36.120909,44.11115,4.515113625,1,0,0,9.564672486,1.120669094,1,5,0,0,0 0 0.050000000000000003,0 0 0.050000000000000003,0 0 0.050000000000000003,wrist_3_link,-1,0,0 0 0,0 0 0,,0.12303881884109608 -1.0496679013971097 0.18192762519435712 -1.5599970843606008 -0.051762107991165748 -0.031013785745148206,-0.0072373138786292635 -0.19480274341739284 -0.12444580663614153 -0.083274448595649087 -0.043487295905130431 -0.051028893058750135,0.091114882274711012 -1.6010304251912995 -0.12586339674353236 -1.7307677821342722 -0.14474389240266572 -0.13615760337776525,-0.20428635962115127 -0.16531602646440799 -0.13003257241042498 -0.048746555791277554 0.024455547834178321 0.0020491754199998594,0.12093007904269966 -1.0839005087827152 0.1599632600635478 -1.5731436315376688 -0.057392364433877074 -0.038829306467563725,-0.12615505562418849 -0.98138402903452115 -0.6385059080692701 -0.5215295791199458 -0.30800454997144727 -0.33232713932230157,16.395659114847419 -277.63999849189378 -116.95104225140494 -8.6885232632455871 1.740051940990107 -0.0073081382708450092,2.2112927307014161 -102.45952308227515 -47.670557618543057 -5.314402925556351 5.3606741294148037 0.15748140595704285
ur,tetrapga,4.270727381,0.672990234,0.261784889,0.108069059,36.371314,44.210488,4.54641425,1,0,0,9.78816562,1.492246397,1,5,0,0,0 0 0.050000000000000003,0 0 0.050000000000000003,0 0 0.050000000000000003,wrist_3_link,-1,0,0 0 0,0 0 0,,0.12357470342519609 -1.0546849218897303 0.17868339980607933 -1.5615438389404981 -0.052162197835900995 -0.031879446797644324,0.016507368055233358 -0.062182481990520351 -0.040829859743124544 -0.027093562389447681 -0.011280857803471402 -0.016474976296348528,0.0820814912024284 -1.6082815125543233 -0.13149527425994414 -1.7327900141733095 -0.14354733470078412 -0.13598361650850935,-0.20461543925923872 -0.16290778265981437 -0.12489745160538625 -0.042794071355784308 0.029699404507641098 0.0058229692173476285,0.11979665604316155 -1.0926015099157818 0.15447291270373545 -1.5773310669457408 -0.059828694771257851 -0.041476379088301665,-0.14167787494226355 -1.0876251416333382 -0.68629341997654281 -0.523429426009004 -0.3045412921725974 -0.33088407759224275,18.004752746032725 -255.53108525445444 -107.16509412288308 -7.9513447094814333 1.5952353302193929 -0.0065146473681628701,-11.038087419977956 -35.458087864764821 -16.21035889336838 -1.8791585325407141 1.6218738354841093 0.052299145320489515
ur,tetrapga,4.315038836,0.679243458,0.285132516,0.368943236,36.092677,43.738621,4.511584625,1,0,0,10.013970762,1.583506615,1,5,0,0,0 0 0.050000000000000003,0 0 0.050000000000000003,0 0 0.050000000000000003,wrist_3_link,-1,0,0 0 0,0 0 0,,0.12359536900426409 -1.0563234700365201 0.17743085292482116 -1.5638180007625633 -0.053848717733583303 -0.03344652827311323,-0.0089621274988088296 -0.020258195152622477 -0.018255132508341685 -0.070794720698590857 -0.057214666056033536 -0.049151328630677081,0.073011363339692284 -1.6154433906136685 -0.13691308574408523 -1.7345535211950689 -0.14211625462365915 -0.13564222711350321,-0.20472921891832421 -0.1603146093814336 -0.11961420984180308 -0.036798391405368211 0.034878373575678044 0.0095807528521412999,0.12075111990353979 -1.0795175410796065 0.16132894411917975 -1.5745461957658109 -0.058961323530006798 -0.039588321606675025,-0.11811157752162851 -0.63188138793194504 -0.57786733688731795 -0.49645773895734463 -0.26532715969827747 -0.26585849074594692,7.4751230698980979 -330 -150 -11.812839361733324 2.299470290671775 -0.024491248424886321,-9.1418188524787638 -115.41675833247336 -55.341485466413474 -18.921025430481677 -0.87105081671275286 -5.230086224320317
ur,tetrapga,4.358847108,0.685472078,0.258368168,0.327495663,36.124076,44.143606,4.5155095,1,0,0,10.097351564,1.685238973,1,5,0,0,0 0 0.050000000000000003,0 0 0.050000000000000003,0 0 0.050000000000000003,wrist_3_link,-1,0,0 0 0,0 0 0,,0.12275887609389016 -1.0574968572076588 0.176443688782848 -1.5664260518569908 -0.0560077754314365 -0.035298375111923623,-0.021270041139155545 -0.031821446396549637 -0.024938515168757287 -0.051092565223047955 -0.04081537695970397 -0.035851165462972095,0.064043950209880171 -1.6224072005221333 -0.14203649546678832 -1.7360354384821657 -0.14047771674355633 -0.1351416940362769,-0.20462921908168735 -0.1575794272959074 -0.11426739194084401 -0.030854253370629196 0.039911527789265301 0.013264835235321558,0.11943403374916335 -1.0859529224040458 0.15669876806685543 -1.578516473581703 -0.061097841790342958 -0.042026154216187113,-0.16463576929705498 -0.80442266555490549 -0.57877200654054106 -0.49628472698651238 -0.26706478254202037 -0.30472907618901129,10.161367880583798 -322.29557378558923 -132.96085630657771 -9.7724574120648082 1.939688285890186 -0.0089200388908010075,1.2779222846645553 -104.85116931622815 -49.124349489146539 -5.6433034858428073 5.4154523868804745 0.11056319091441935
ur,tetrapga,4.403064995,0.689863265,0.226088948,0.198662424,36.226961,44.235302,4.528370125,1,0,0,10.219121294,1.544633095,1,5,0,0,0 0 0.050000000000000003,0 0 0.050000000000000003,0 0 0.050000000000000003,wrist_3_link,-1,0,0 0 0,0 0 0,,0.1214835056763139 -1.0600094578274499 0.17463750470451977 -1.5695592285367281 -0.05846804880142354 -0.037467679699933323,-0.02328471701629263 -0.065670423094742789 -0.052081057958837981 -0.042958279030379437 -0.026453187685928678 -0.025437440506115881,0.055001842781872701 -1.6293108725463001 -0.14696766928756216 -1.7372669364265465 -0.13860233692167084 -0.13447358364691095,-0.20431471428197187 -0.15464956686003883 -0.10875338618369391 -0.024846459149889182 0.04489635848087558 0.016947887405070926,0.11785638509951478 -1.0934543990349062 0.15166196317480027 -1.5825020547609463 -0.063206766939261819 -0.044454929540556853,-0.19720608120607161 -0.93768457885753431 -0.62960061150689528 -0.49819764740542166 -0.26361564361485751 -0.30359691554621765,14.619745943858916 -295.67207398718824 -124.40481549952865 -9.2198774191716844 1.8382253624475287 -0.0077773454174115044,8.6411889170916538 -56.076524422227521 -29.799363657901836 3.5905800657747022 7.6957045349380593 3.900481676583567
ur,tetrapga,4.447398757,0.696118864,0.273889117,0.235042569,36.221301,43.903722,4.527662625,1,0,0,10.393884,1.773621604,1,5,0,0,0 0 0.050000000000000003,0 0 0.050000000000000003,0 0 0.050000000000000003,wrist_3_link,-1,0,0 0 0,0 0 0,,0.12129831139787665 -1.0614133654067781 0.17322981688066719 -1.5708914896310637 -0.05922350110164569 -0.038199431426113747,0.0020193730336061041 -0.011198769817877438 -0.017285252070350466 -0.024571661008016103 -0.016228434330520146 -0.014105065715930121,0.045954755824629899 -1.636098870020823 -0.15166451069580902 -1.7382349440705238 -0.13650302735126954 -0.13364109465895815,-0.20378489449959242 -0.15154547166764357 -0.10311433433512814 -0.018823450334365579 0.049790477489828101 0.020600626735450222,0.11609004643805292 -1.1018908857202807 0.14621483667875229 -1.5865054420110078 -0.065287057672894749 -0.046872349777427484,-0.2207923326827323 -1.0545608356718099 -0.68089081200599555 -0.5004234062577011 -0.26003634170411621 -0.30217752960882854,17.506279697508909 -271.578777419316 -114.14745316312218 -8.4621988907170618 1.6915659334667215 -0.0071144836665952265,-3.3101861467189337 -75.716696516835327 -35.256385308221866 -4.1473246390251006 3.7344126999092424 0.044116835799968612
ur,tetrapga,4.491373321,0.702551826,0.276189159,0.432964803,36.098552,43.76205,4.512319,1,0,0,10.608095723,1.730045865,1,5,0,0,0 0 0.050000000000000003,0 0 0.050000000000000003,0 0 0.050000000000000003,wrist_3_link,-1,0,0 0 0,0 0 0,,0.12080514206628164 -1.0620010108448112 0.1722609518706841 -1.5730756523418084 -0.060841101268811489 -0.039597504277642775,-0.017160513471803546 -0.016875902594881816 -0.023559049469925875 -0.068867838531609493 -0.051161784368999125 -0.044289729200265922,0.037008830979187182 -1.6426923656135868 -0.15607405601194849 -1.7389314917401433 -0.13420877990338448 -0.13265632053536772,-0.2030483380427007 -0.14830592741710091 -0.097419236007234691 -0.012858343507449474 0.054534962602437648 0.024180146870592025,0.11418724544499517 -1.1111597978565078 0.14039664206544294 -1.5905243415888568 -0.067338567152696441 -0.049277401997794471,-0.23785012413221771 -1.1586140170283792 -0.72727432666366998 -0.50236244723110846 -0.25643868497521116 -0.30063152754587347,19.248960142254063 -248.92803740769006 -104.22901236433788 -7.719253424840117 1.5466027389044699 -0.006353807323867389,-6.9008355379487512 -134.93057884240079 -64.944720521500471 -19.439159860918153 0.90132201960581426 -4.7802315142767924
ur,tetrapga,4.535207183,0.707457121,0.238004158,0.350945927,36.231093,43.990325,4.528886625,1,0,0,10.665391883,1.491455448,1,5,0,0,0 0 0.050000000000000003,0 0 0.050000000000000003,0 0 0.050000000000000003,wrist_3_link,-1,0,0 0 0,0 0 0,,0.11967123889104007 -1.0635748852033526 0.17075340395893399 -1.5756530480280388 -0.062695726619318104 -0.04126854363300269,-0.026039926027411439 -0.050266441509380214 -0.041622011173263834 -0.051292215138723736 -0.033641071595493233 -0.032352001804092999,0.028128328974025542 -1.6491195756482684 -0.16021818183980663 -1.7393651080197596 -0.1317167581192292 -0.13151906592565082,-0.20210632726022204 -0.14492185915807443 -0.091649218089083259 -0.0069297987544990683 0.05914818997294026 0.027700984301904569,0.11546471179416087 -1.0928375607663354 0.15065921435635254 -1.5865229861007217 -0.066662223885797511 -0.047267778574298362,-0.18306629673209285 -0.68377740455065505 -0.61447608197949144 -0.42928641153424568 -0.20563462497377971 -0.24935071986247312,5.3392492983285553 -330 -150 -11.695998186653952 2.2797547962498399 -0.023017309468601404,3.5633215934507234 -112.65057152137251 -52.64188900519764 -6.0597589702474579 5.7519666235836695 0.099596988734717229
ur,tetrapga,4.579264842,0.710086689,0.221119551,0.35903403,36.089392,44.116954,4.511174,1,0,0,10.715096826,1.503384196,1,5,0,0,0 0 0.050000000000000003,0 0 0.050000000000000003,0 0 0.050000000000000003,wrist_3_link,-1,0,0 0 0,0 0 0,,0.11818789025111005 -1.0668970851973212 0.16825428248712493 -1.5786734999071559 -0.064688177711737363 -0.043190005907730367,-0.032153537294441564 -0.096215183124927717 -0.068305180899529888 -0.060927161560542648 -0.035146544822157101 -0.037387396847572502,0.019248664801570978 -1.655426780553761 -0.16412668603506272 -1.7395396151968812 -0.12901094147479569 -0.13022160657236112,-0.2009520206143233 -0.14136917098885068 -0.08576386843548478 -0.00099701722617882437 0.063661280490291405 0.031188333126159255,0.11354825218509239 -1.0997175874230547 0.14581030360708724 -1.5902029717793311 -0.068321461164650626 -0.049387136341564886,-0.23955745113356 -0.86000333208990987 -0.60611384365816101 -0.45999820982617834 -0.20740465985663867 -0.26491972090831511,7.9684291285898796 -320.13633818265265 -131.75385797004392 -9.7208973925587969 1.9178234398110772 -0.0089801240164568349,5.1136029303301029 -115.47950037006831 -53.855104489988207 -6.154992994944223 5.904285411591303 0.11505865135873705
ur,tetrapga,4.62348344,0.709833224,0.203987038,0.14603642,36.064332,43.844217,4.5080415,1,0,0,10.799038552,1.216303029,1,5,0,0,0 0 0.050000000000000003,0 0 0.050000000000000003,0 0 0.050000000000000003,wrist_3_link,-1,0,0 0 0,0 0 0,,0.11644323521841536 -1.0725150299499115 0.16441835800820989 -1.5821254067339321 -0.066726152390024024 -0.045325809801014659,-0.029613467340638508 -0.13593545529556769 -0.096708180520478096 -0.042989501843615885 -0.013861046136010042 -0.023881317644484552,0.010392284518045145 -1.6615963606650226 -0.16778698610820406 -1.7394526770564691 -0.12609819212804585 -0.12876613831347508,-0.19958616635376636 -0.13765564953667558 -0.079778467866998895 0.0049227105498068947 0.068059392243601441 0.034632617352460759,0.11131282672528707 -1.1076662404142525 0.14056072441401044 -1.5939006544219081 -0.069949938833048883 -0.051495677610300182,-0.27942818247566442 -0.99358162389972271 -0.65619739913460062 -0.46221033032211228 -0.203559708549782 -0.26356765859191167,13.447470997249702 -292.78855256716997 -123.15777192828462 -9.1081243171513862 1.8087243878859725 -0.0077477471541672243,11.099660184549236 -28.020229392759575 -15.42004483570804 8.178039537217046 6.9751360889766829 4.1418303328181452
ur,tetrapga,4.667425551,0.712592541,0.246233022,0.163718053,36.089841,44.057915,4.511230125,1,0,0,10.927489569,1.504602156,1,5,0,0,0 0 0.050000000000000003,0 0 0.050000000000000003,0 0 0.050000000000000003,wrist_3_link,-1,0,0 0 0,0 0 0,,0.11632922266493413 -1.0760567208253509 0.16169468126571118 -1.5833949933463398 -0.067052044970102698 -0.045996199409663839,0.0056927900055824196 -0.046407094107652869 -0.038768045708687471 -0.022887582960889871 -0.008572552528151027 -0.012915968716215538,0.0016556051175108115 -1.6675615519627303 -0.17116064145475582 -1.7391078828071327 -0.12301399003165789 -0.1271701845266453,-0.19802512207018824 -0.13382344960634876 -0.073760579879580263 0.010762593962424211 0.07229300580583034 0.037996151640364607,0.10884381293805288 -1.1165466000604318 0.13490353318276266 -1.5976181562590865 -0.071547290129859539 -0.053591304450067136,-0.3086267234042735 -1.1100449557724092 -0.70714890390597174 -0.46468772964731803 -0.19966891210133125 -0.26195335497086941,17.065215774380317 -268.09904525306234 -112.65457342910898 -8.3353153367950892 1.66105619998837 -0.0070762531943865479,-6.3835375934004333 -53.608679684676645 -24.557707987077833 -2.8756968961470193 2.4422473949657899 0.040854012804061313
ur,tetrapga,4.711551446,0.717056883,0.244751563,0.26737764,36.005572,43.983713,4.5006965,1,0,0,11.002707657,1.535131209,1,5,0,0,0 0 0.050000000000000003,0 0 0.050000000000000003,0 0 0.050000000000000003,wrist_3_link,-1,0,0 0 0,0 0 0,,0.11579061230682341 -1.0776052619766379 0.16018744248155342 -1.585258711632463 -0.068185789445155492 -0.047156756354562381,-0.018463235528399152 -0.029055145310103891 -0.029048390674587667 -0.036161609845001282 -0.022461543351106356 -0.022647607889067858,-0.0070441266266649859 -1.6733791950909154 -0.17428091131747026 -1.7385045171586895 -0.11973283041542128 -0.12542020462307851,-0.19625544442497916 -0.12983790122751554 -0.067655546259407812 0.016575614158946362 0.076400568008890307 0.041310580574782971,0.11047989975603723 -1.1023052818491359 0.14287943341187562 -1.5956110556307719 -0.07093125703151415 -0.051070363074231642,-0.22966410830011436 -0.65366885382514361 -0.58325680253530177 -0.5215777106246644 -0.13308965550083068 -0.08704158398961144,0.74698131189725459 -330 -150 -11.943858828213408 2.3281177543897891 -0.021720016002879226,-1.9494255282920108 -86.328827965330674 -40.106645990668255 -4.6380643126540235 4.2156471211400515 0.07015377521693722
ur,tetrapga,4.755600021,0.720448827,0.249599996,0.45305008,36.125497,43.964158,4.515687125,1,0,0,10.997145128,1.610740148,1,5,0,0,0 0 0.050000000000000003,0 0 0.050000000000000003,0 0 0.050000000000000003,wrist_3_link,-1,0,0 0 0,0 0 0,,0.11422001788575949 -1.0795553686985291 0.15846068341279654 -1.5877625496678558 -0.069812197103907708 -0.048733685929464386,-0.039887232228772065 -0.055432634677458847 -0.044449176159108955 -0.072708319458150247 -0.046855900393053977 -0.044979763895529781,-0.01564632439333322 -1.679008310386243 -0.17712581677805964 -1.7376476586389686 -0.11627992508137439 -0.12352888249383136,-0.19428935002687964 -0.12572725926689682 -0.061507475837283297 0.022318963642952949 0.080351160149529172 0.044552371469617609,0.10809056765597995 -1.1089958701925888 0.13815129401805001 -1.5988915673071218 -0.072089699157928705 -0.052868465920214554,-0.29866651250716003 -0.83632354293161293 -0.59101742422819947 -0.4100639595437453 -0.14480526580181993 -0.22476285574786414,5.0555163478299745 -330 -136.11659609744001 -9.704564079715448 1.9055704601221981 -0.0090789383202179701,-8.2380267071131357 -143.4959417917762 -67.957512016995565 -18.55595283474122 1.9678539112110798 -4.1037789978163346
ur,tetrapga,4.799639237,0.721874173,0.220139686,0.33851648,36.145763,43.882652,4.518220375,1,0,0,11.008455626,1.457974487,1,5,0,0,0 0 0.050000000000000003,0 0 0.050000000000000003,0 0 0.050000000000000003,wrist_3_link,-1,0,0 0 0,0 0 0,,0.112137515791847 -1.0829674669476617 0.15594797538692737 -1.5904885250501344 -0.07143917604796618 -0.05040500858447769,-0.044612147879889895 -0.095453104219405532 -0.066991233257927593 -0.054861808518150541 -0.028147178026956109 -0.032351119921285025,-0.024155779010790707 -1.6844524117223407 -0.17969836000226716 -1.7365395341122163 -0.11265719299673706 -0.12149674778830005,-0.19212708407011797 -0.12149088719777215 -0.055315303397639244 0.027993553716184252 0.084145465293038457 0.047723112634200676,0.10530650135068155 -1.1168190909542259 0.13302740666353283 -1.6022085401116259 -0.073218341252203181 -0.05465295439482977,-0.34800828816229928 -0.97790259520464329 -0.64048591931464927 -0.41462160056301262 -0.14108026178431007 -0.2230610593269016,12.021697102454976 -302.00572057281636 -127.07360227964666 -9.3841840038542319 1.8559839056138074 -0.0081332874719930691,5.3328358634187794 -109.34165568946173 -50.777471945416096 -5.8139713439632033 5.4790865623822356 0.099592653511109575
ur,tetrapga,4.843592274,0.725028364,0.244219176,0.196759264,36.034414,43.994659,4.50430175,1,0,0,11.065497037,1.744721353,1,5,0,0,0 0 0.050000000000000003,0 0 0.050000000000000003,0 0 0.050000000000000003,wrist_3_link,-1,0,0 0 0,0 0 0,,0.11156936537909633 -1.0852392123259276 0.15402678514369122 -1.5919424498291743 -0.071725438622525353 -0.050642918271573661,-0.0022841867704907048 -0.0260830914707341 -0.026030957508317541 -0.026766378636462702 -0.0070001485091910351 -0.0043440051053310535,-0.032549379093874987 -1.6896971641293002 -0.18199312660300707 -1.7351860338587295 -0.10887845291421971 -0.11933096946893271,-0.18977594633740408 -0.11714202210644385 -0.049098250523345426 0.033581721744603971 0.087771785276036768 0.050813990250152957,0.10223449212339249 -1.125620672796704 0.12747770538059433 -1.6055474470347888 -0.074317131921346452 -0.05642468032535139,-0.38400115341113239 -1.1001977303097488 -0.69371266036731161 -0.41736336539535729 -0.13734883364290834 -0.2214657413152025,16.70089388945545 -276.27145476045536 -116.25199988718153 -8.5903666545359005 1.7067261563615372 -0.0074267218445563899,-3.7699080033950167 -64.259189085217258 -29.513889669562786 -3.4226213512683898 2.9486510175356102 0.01419988281877238
ur,tetrapga,4.887658573,0.728980149,0.253555925,0.403550514,36.427716,44.405299,4.5534645,1,0,0,11.136551192,1.757543682,1,5,0,0,0 0 0.050000000000000003,0 0 0.050000000000000003,0 0 0.050000000000000003,wrist_3_link,-1,0,0 0 0,0 0 0,,0.11060834260891268 -1.0863285140304462 0.15278894032407975 -1.5939379421047983 -0.072667638887911112 -0.051460643737111428,-0.03006061300051259 -0.025168566005941705 -0.027167726822144092 -0.059556608165077407 -0.031801761418728466 -0.028715920808373978,-0.040856662412277436 -1.6947609820371419 -0.18401882707993386 -1.7335842864658182 -0.1049336144893798 -0.11702492057078649,-0.18722819495209339 -0.11266640755854923 -0.042836406028694714 0.039100864829748103 0.091241077052603647 0.053835526252539977,0.10416727061240486 -1.1111650534487743 0.13553615869533914 -1.6037793698430725 -0.074018039883999964 -0.053994241967362924,-0.28176834421846547 -0.64880750439990742 -0.57464551962474153 -0.50458440915988167 -0.065706809921398823 -0.0064474920164390159,-1.1037791963390866 -330 -150 -11.923544804350723 2.3344631390070516 -0.018837127258156099,-12.573956239764357 -127.04911726839327 -60.532577036889734 -16.528560524755449 2.1768193918543091 -3.5238201741987467
ur,tetrapga,4.932145542,0.731669566,0.223709277,0.325321374,38.100933,45.884506,4.762616625,1,0,0,11.081843777,1.77597666,1,5,0,0,0 0 0.050000000000000003,0 0 0.050000000000000003,0 0 0.050000000000000003,wrist_3_link,-1,0,0 0 0,0 0 0,,0.10872791569560784 -1.0881710481693485 0.1511765293134214 -1.5961670607945528 -0.073797452075193073 -0.052558713767334848,-0.042994343753708628 -0.05445609432713143 -0.043101713035296918 -0.044481023436297631 -0.019845354578686383 -0.021263331060326549,-0.049125137271749726 -1.6996705890769639 -0.18578347474908669 -1.7317225715968578 -0.10079988566356754 -0.11456360100288912,-0.18446595400818869 -0.1080365419848752 -0.036494080665374372 0.044580053658143839 0.094569322361643268 0.056803981122844474,0.10131100236799048 -1.117750302033935 0.13065346047862192 -1.6064611992186568 -0.07468488646326478 -0.055468038180905462,-0.35703353055179654 -0.82315607314508554 -0.6103372770896518 -0.33522867194804001 -0.083355822408102187 -0.18422452669281708,3.8759138390453334 -330 -137.40326626734549 -9.6807603654764947 1.8939943417189489 -0.009157120981409755,3.936981147572908 -105.16447483892807 -48.798206129435584 -5.6148333865176028 5.1683080246376392 0.065474132468025914
ur,tetrapga,4.978110543,0.732023899,0.208762895,0.145712121,36.197348,44.33061,4.5246685,1,0,0,11.052950791,1.618181109,1,5,0,0,0 0 0.050000000000000003,0 0 0.050000000000000003,0 0 0.050000000000000003,wrist_3_link,-1,0,0 0 0,0 0 0,,0.10619405797656387 -1.0918542260748323 0.14851132049576268 -1.598809449996633 -0.075008430444593807 -0.053895949090163285,-0.047463070341958548 -0.092931809237675966 -0.069362654801625651 -0.043639922778811992 -0.0063748233754029326 -0.0060168289980571249,-0.057534756884339656 -1.7045244100379005 -0.18731005946093487 -1.7295453493758202 -0.096377573263393426 -0.11188382824688017,-0.18141507715026958 -0.10314153257327657 -0.029928330608632168 0.05013519124373101 0.097819075833186553 0.059781051066272135,0.098000405667080848 -1.1256026446248726 0.12562648108106644 -1.6093439251954478 -0.075293771665902787 -0.056909728618075382,-0.41382458761370511 -0.98154282386720004 -0.628372424694434 -0.36034074709885849 -0.076110650329751464 -0.18021130464623983,11.622872892090363 -306.45725623482082 -127.32812954155348 -9.3920949561460887 1.8527231095105869 -0.0082804046765504527,14.565469984653987 -43.066611918505259 -21.856818221884737 0.45349385803729092 5.9268293503490952 4.9386730822757841
ur,tetrapga,5.022549907,0.734172126,0.249325987,0.306997197,36.231874,44.326539,4.52898425,1,0,0,11.054873403,1.897955905,1,5,0,0,0 0 0.050000000000000003,0 0 0.050000000000000003,0 0 0.050000000000000003,wrist_3_link,-1,0,0 0 0,0 0 0,,0.10549624380445201 -1.0941534328311373 0.14657557774596022 -1.6002530718469965 -0.075126807007122307 -0.053954998645098222,-0.0097697044113322432 -0.028666262562822047 -0.031216210862020782 -0.044538729795141493 -0.014403420651423377 -0.012311891633641079,-0.065527719291491968 -1.7090009055509028 -0.18849892900223753 -1.7272000739508377 -0.091964218965327402 -0.10916491417875709,-0.17827916128873617 -0.098307731147257146 -0.023577088687833793 0.055395530814570146 0.10077346839833118 0.062569002477191313,0.094366483344796206 -1.1344674520315992 0.12019165860330903 -1.6122487292626548 -0.075873604950939103 -0.058338617559378483,-0.45424029028558022 -1.108100925840815 -0.67935280971967582 -0.36310050840087971 -0.072479160629540032 -0.17861111766288798,16.983197079716923 -279.61984858022436 -117.53455391175834 -8.6688215245103741 1.7191409351321247 -0.0075145953807622991,-16.484536358882451 -92.982329667131125 -46.049579486660207 -12.725677045679731 1.4935709131055717 -2.9448290912669819
ur,tetrapga,5.066991704,0.736976241,0.243825497,0.392285382,36.118078,44.294993,4.51475975,1,0,0,11.09498746,1.926613244,1,5,0,0,0 0 0.050000000000000003,0 0 0.050000000000000003,0 0 0.050000000000000003,wrist_3_link,-1,0,0 0 0,0 0 0,,0.10425065367115491 -1.0953819120945369 0.14518513028854665 -1.6019997095213345 -0.075743654728312348 -0.0545176554348085,-0.035830014675184499 -0.02817982978203535 -0.029437927842798618 -0.051296231593669056 -0.021726813430734026 -0.021300178483207866,-0.073377754613491067 -1.7132607220671563 -0.18940568216545486 -1.7246234383381609 -0.087423499816212849 -0.10632397818008492,-0.17496396473698278 -0.093380415136685754 -0.017230840795986503 0.060540002779552578 0.1035392553447004 0.065265151952303285,0.090496376573527437 -1.1442184090052339 0.11436658851887339 -1.6151746734406316 -0.076424599360529574 -0.059754204079369586,-0.48376334640859553 -1.2188696217043455 -0.72813376055445544 -0.36574302224708266 -0.068874301198809482 -0.17694831499888777,20.427632252232574 -254.9431961108418 -106.88316228745758 -7.8832918639102232 1.5704614421458734 -0.0067664566136569002,-14.633736778366483 -124.64685738525259 -58.84280734456371 -14.856149092804117 3.00472309178204 -2.8526981722499158
ur,tetrapga,5.111364139,0.738472758,0.237940785,0.442779658,36.588695,47.228098,4.573586875,1,0,0,10.934783675,1.745076657,1,5,0,0,0 0 0.050000000000000003,0 0 0.050000000000000003,0 0 0.050000000000000003,wrist_3_link,-1,0,0 0 0,0 0 0,,0.10204522762864454 -1.0973454158438307 0.14350103235715503 -1.6039675439827596 -0.076515672382379663 -0.055363014323916097,-0.055966352272029715 -0.060124217775023532 -0.04548822024388223 -0.0583036527238079 -0.023860154436239425 -0.027250119641773068,-0.081064660283690693 -1.7172934754723617 -0.19002991808631908 -1.7218254375336621 -0.08277149471617537 -0.10337002714939116,-0.17147944934255477 -0.088374084190556951 -0.010908386543134632 0.065553250115741132 0.10610833912609371 0.067862340557706985,0.093466833785774028 -1.1266585804940545 0.12411906764704442 -1.6114235294126336 -0.076506868838205663 -0.058582544183151758,-0.35049603941399471 -0.73458350869030498 -0.60184284887122419 -0.23155258761724179 -0.004591620843881157 -0.12799187268861509,-0.58157499821121661 -330 -148.6117598969324 -11.226121250583478 2.2116581499337862 -0.014934709886812328,-12.208089917821894 -142.39202458900945 -66.416948743697048 -15.630322114634509 3.7878621135595836 -2.8087213577757097
ur,tetrapga,5.158669624,0.737330646,0.247870506,0.452632184,36.096868,43.981567,4.5121085,1,0,0,10.847389885,1.779435346,1,5,0,0,0 0 0.050000000000000003,0 0 0.050000000000000003,0 0 0.050000000000000003,wrist_3_link,-1,0,0 0 0,0 0 0,,0.098884952617186536 -1.1014520789844424 0.14063210491850522 -1.6064316669286558 -0.077369437653355091 -0.056512565467655422,-0.071299034046444734 -0.1110035448541518 -0.072394537412293153 -0.065501223540495784 -0.023999823482216971 -0.032311684950532799,-0.089085038243852069 -1.7213460716944793 -0.19038698394331557 -1.7186007900311027 -0.077691426455839124 -0.1000963744351957,-0.1675775188719851 -0.082948639028407586 -0.0041928842689596115 0.070754301634262204 0.10863131334793806 0.070523675581952369,0.090008423847503669 -1.1340268117110579 0.11950016448256345 -1.6137471865003667 -0.076536990662243454 -0.059590999334450806,-0.43230124228379557 -0.92102890212542687 -0.57736289556011977 -0.29045713596663503 -0.0037652280047238071 -0.12605689391238112,4.3065372151152523 -318.11106338520665 -130.35067740743932 -9.6012110300789875 1.871095661708251 -0.0091544641612016364,-8.2635243072513731 -145.42879326699131 -67.894827571793314 -8.7911157720627671 6.2685666477639472 -0.48559723483691641
ur,tetrapga,5.202728611,0.733812373,0.250214377,0.30897048,36.067708,44.108974,4.5084635,1,0,0,10.773298165,1.539269523,1,5,0,0,0 0 0.050000000000000003,0 0 0.050000000000000003,0 0 0.050000000000000003,wrist_3_link,-1,0,0 0 0,0 0 0,,0.095647083710192024 -1.1072191963105165 0.13692021955525968 -1.6088112859614414 -0.078007446932259236 -0.057628642305830216,-0.065807882153025923 -0.14917954359781377 -0.095158710912068234 -0.048740983604628745 -0.0080503729550588359 -0.021581503149830074,-0.096385144286326691 -1.7248879868977696 -0.19043450599343689 -1.7153792979881277 -0.072857240746525775 -0.096936462062988213,-0.16377448603643058 -0.0778204547371978 0.0020298311581275403 0.075457951577538027 0.11077714806167668 0.072899667920033343,0.086094542558477399 -1.1424844004700738 0.11448246331183848 -1.6160947496775377 -0.076541138284007076 -0.06058636271240575,-0.48923516112828341 -1.0571985948769909 -0.62721264634062157 -0.2934453971463693 -0.00051845272045315501 -0.12442042224436782,12.349987049363659 -289.48796586750495 -121.83925836737421 -8.9622608844591749 1.7648266622211044 -0.0078646704740026052,6.6159406440746125 -100.86162445534683 -46.345572037456975 -5.293092477609207 4.8573575966298677 0.066470501661314074
ur,tetrapga,5.246947471,0.732855819,0.242800793,0.246316581,36.000827,43.653313,4.500103375,1,0,0,10.740526899,1.8493101,1,5,0,0,0 0 0.050000000000000003,0 0 0.050000000000000003,0 0 0.050000000000000003,wrist_3_link,-1,0,0 0 0,0 0 0,,0.094907479117988386 -1.1111857470098061 0.13402288021696029 -1.6095795913319422 -0.077751412984403218 -0.05798972752013274,-0.0069700298218887471 -0.052072843707968032 -0.039544544805504178 -0.027057898223317015 -0.0031924451043871677 -0.014171199868302009,-0.10353974055524347 -1.7282140955247547 -0.19020738047586455 -1.7119408822648783 -0.067914882037175689 -0.093662078308661384,-0.15979867948858065 -0.07260750625944945 0.008235683445464324 0.080035700536881541 0.11272981722145239 0.075182011711543636,0.081851006357677794 -1.1518821875043694 0.10905348004498523 -1.6184681087148491 -0.076517995710478598 -0.061567996424425203,-0.53044202509995064 -1.1747233792869614 -0.67862290835665651 -0.29666987966391417 0.0028928216910589994 -0.12270421400243196,17.65908616619317 -263.8693636547078 -110.94685309705586 -8.1709754103374657 1.6190731250699597 -0.0071789328060724968,-21.576980324470981 -79.673398338975858 -36.947487108169298 -10.562609668353616 1.7789518406235061 -1.9968316103112755
ur,tetrapga,5.290678959,0.733830479,0.223922279,0.239076989,36.026567,44.076558,4.503320875,1,0,0,10.717386492,1.913332994,1,5,0,0,0 0 0.050000000000000003,0 0 0.050000000000000003,0 0 0.050000000000000003,wrist_3_link,-1,0,0 0 0,0 0 0,,0.093639862432442295 -1.1130514466900365 0.13257170771930987 -1.6105945514049254 -0.077929565962955388 -0.058540515431637415,-0.034148258734143205 -0.035642735906439439 -0.028126732335105025 -0.019580135653362793 -0.0038301120286080834 -0.010667598822470141,-0.11043921964571575 -1.7312755179433865 -0.1897138636877235 -1.7083444823042326 -0.062946469913807188 -0.09032678055317786,-0.15571482661387698 -0.067393279033899869 0.014326185082555154 0.084415853106025632 0.11446026807161822 0.07733598011110307,0.084702386764525128 -1.1381140020569345 0.11630323341204875 -1.6157704022151154 -0.076713444630427507 -0.060643797610669875,-0.38038095381686537 -0.70589811996644669 -0.56367005876234988 -0.15488401940353416 0.063792025786183745 -0.073692710329819999,-4.9283348055017449 -330 -148.42670753821878 -11.129597353895939 2.1899967556273805 -0.013184741955155382,-1.1299142405947578 -78.25149888444048 -35.861548325218678 -4.1730506821522795 3.5442317056645436 0.033208142729250767
ur,tetrapga,5.334838387,0.73387669,0.221309746,0.295278409,36.203715,44.255102,4.525464375,1,0,0,10.568297936,1.94920587,1,5,0,0,0 0 0.050000000000000003,0 0 0.050000000000000003,0 0 0.050000000000000003,wrist_3_link,-1,0,0 0 0,0 0 0,,0.091130505512196938 -1.1152599207832374 0.1310611636745336 -1.6119263543061726 -0.078275984106179586 -0.059241606804500448,-0.058898760199096047 -0.059881730582314399 -0.040147688123952315 -0.027089602341224043 -0.0051453194454973627 -0.013653654816077148,-0.11722170982942338 -1.7341343305373109 -0.18894643993858345 -1.7045218983738522 -0.057857151168817296 -0.086865597254857263,-0.15144274179409414 -0.062075332346571553 0.020420814203514628 0.088684271708437054 0.11600271990043692 0.079404511304133049,0.080912009784506508 -1.1453038844650754 0.11206066777684986 -1.617530013131681 -0.076163164583572918 -0.061210635676494929,-0.47379712250232719 -0.89873530101762122 -0.5303207043998599 -0.21995136457069614 0.068785005856822873 -0.070854758228131351,2.09336126654458 -318.91332161035132 -130.38479564864647 -9.5861986407727375 1.8611343852388964 -0.0092658840629069282,3.7881557855438928 -96.222273322597175 -44.291761315109397 -5.1426876480900319 4.5327033973618711 0.04204198942296955
ur,tetrapga,5.37916273,0.731485729,0.222832576,0.141742298,36.069337,43.729165,4.508667125,1,0,0,10.446898387,1.797442698,1,5,0,0,0 0 0.050000000000000003,0 0 0.050000000000000003,0 0 0.050000000000000003,wrist_3_link,-1,0,0 0 0,0 0 0,,0.087638561185368932 -1.1191978066998904 0.12862553275860772 -1.613586360972443 -0.078596080206766575 -0.060055105585918298,-0.065299317933494555 -0.096271930952784884 -0.067258742599668866 -0.017610415371892459 0.0056955806280215831 -0.0078954288847121155,-0.1238365976537215 -1.7367666096734133 -0.1879068955929511 -1.7004990588259596 -0.052684953704785695 -0.083302054845192902,-0.14701007129985111 -0.05669098045023608 0.026474049405896986 0.092806455895611192 0.11734173172738134 0.081370875953467342,0.076610674178977337 -1.1535990360556381 0.10741781208055823 -1.6193146787365575 -0.075592818715877544 -0.061765191096502282,-0.53766695069114701 -1.0368939488203421 -0.58035696203645504 -0.2230832006095646 0.071293233461921554 -0.069319427500919018,11.368524641069634 -289.95481024594073 -122.1424462944689 -8.9696965043526475 1.7611149465788047 -0.0079699709641791894,19.327652676317143 -39.485833307878238 -21.261344747546616 4.0457701960503982 4.4338702621361392 1.8951325444837579
ur,tetrapga,5.422959522,0.731130753,0.2299695,0.179031966,36.037354,43.919552,4.50466925,1,0,0,10.363888105,2.054089818,1,5,0,0,0 0 0.050000000000000003,0 0 0.050000000000000003,0 0 0.050000000000000003,wrist_3_link,-1,0,0 0 0,0 0 0,,0.086568304374137484 -1.1216428476266445 0.126721905724798 -1.6140597013901117 -0.078335899171306553 -0.060258633192366962,-0.011197819543329613 -0.031886939189026915 -0.027037741494541502 -0.0080303127714899739 0.0036638396706869911 -0.0039141319552525623,-0.13017674022254747 -1.7391322598972014 -0.18661772193323761 -1.6963482475835079 -0.047520579684315598 -0.079697734196465878,-0.14249309870228016 -0.051331556009055368 0.032384226848708557 0.096714361713021058 0.1184571798670282 0.083203600729699803,0.071946258525232121 -1.1628447253943508 0.10235781579682342 -1.6211268412484237 -0.075000169919356333 -0.062307333600554578,-0.58305195671815147 -1.1557111673390805 -0.63249953546685167 -0.22652031398327316 0.074081099565150896 -0.067767813006536601,17.451675906872719 -264.21472699862613 -111.20646057023592 -8.1804330437317692 1.6180852227730149 -0.0072883610978230042,-3.260422633029691 -59.080548721532068 -26.664659531037785 -3.1364152114365424 2.478035069989204 0.012756041726575518
ur,tetrapga,5.466971083,0.731502157,0.220550912,0.259256535,36.169518,43.936172,4.52118975,1,0,0,10.315601677,2.070960909,1,5,0,0,0 0 0.050000000000000003,0 0 0.050000000000000003,0 0 0.050000000000000003,wrist_3_link,-1,0,0 0 0,0 0 0,,0.084933886755948707 -1.1231215086892588 0.12562221668900483 -1.6147855291652979 -0.078257886117256412 -0.060584544771544784,-0.042203698648084861 -0.033640871298395596 -0.024712755690517518 -0.014459197120097377 0.0017135050292703686 -0.0063576287672136344,-0.1363457705162216 -1.7412723167051363 -0.18506317749635764 -1.6920084008029947 -0.042286262488669568 -0.075997341432149104,-0.13782214207418167 -0.045913324724712004 0.038244501706400633 0.10047060780841384 0.11936875174844179 0.08493295894995323,0.067022995436876967 -1.1729268840411804 0.096925568831078501 -1.6229626003905195 -0.074385569481541403 -0.062837630827134852,-0.61540788604439467 -1.2602698308536882 -0.6790308707181153 -0.22946989276197574 0.076825054726866446 -0.066287153322535125,21.311343660215179 -240.09830119315541 -100.5999243039784 -7.3978730399945611 1.4722023067555223 -0.006454929025125942,0.7667243685399967 -84.827238702283466 -38.888480241455625 -4.5514708291484567 3.8522314354998741 0.019729889662784217
ur,tetrapga,5.510985279,0.73013271,0.231283845,0.419662867,36.05066,43.952429,4.5063325,1,0,0,10.158877913,1.867390415,1,5,0,0,0 0 0.050000000000000003,0 0 0.050000000000000003,0 0 0.050000000000000003,wrist_3_link,-1,0,0 0 0,0 0 0,,0.081926112616803853 -1.1256128559129766 0.12411457795690382 -1.6158317770880348 -0.078184766041421494 -0.061013194197329076,-0.072610950686428574 -0.071716962323858796 -0.039368261400189175 -0.030700826245996883 0.0015763855043205738 -0.012012249359981556,-0.14230676848614746 -1.7431734208744509 -0.18325247811370124 -1.6875068245218925 -0.037016148396831372 -0.072223121325942302,-0.13302428569984237 -0.040468876032608792 0.044018377695412482 0.10405068503644214 0.12006938280132444 0.08654794095703959,0.070897635215280752 -1.1558273165585098 0.10704087687681146 -1.6205106011824859 -0.075048500117192191 -0.061955151123241591,-0.44711485144495733 -0.8196808226789194 -0.43489956464746266 -0.13917655540108453 0.15458345553615804 -0.0037173263762040019,-2.4195535132834891 -323.64013835088053 -138.35036968441926 -10.230542793527357 2.0333214292808162 -0.0084514339678538122,-16.124499682702435 -138.48874599612191 -62.213443651319608 -11.540035611513304 5.7064996237907053 -1.060596140088748
ur,tetrapga,5.55509011,0.726506761,0.248302218,0.304713026,36.139688,44.050935,4.517461,1,0,0,9.979397435,1.856977612,1,5,0,0,0 0 0.050000000000000003,0 0 0.050000000000000003,0 0 0.050000000000000003,wrist_3_link,-1,0,0 0 0,0 0 0,,0.078237038205411572 -1.1297743732162286 0.12176169212903595 -1.617047647829841 -0.07800071183247223 -0.061458403195890944,-0.077912846115765502 -0.11200158180709718 -0.065162711295865539 -0.025796641713267884 0.0069421513880388325 -0.008618747772187239,-0.14806552051377209 -1.744837618074111 -0.18118518925589294 -1.6828419071992067 -0.031708928475486307 -0.068372389927045196,-0.12809524467400865 -0.034994015333301993 0.049709540828771208 0.10745628282605259 0.1205590049252931 0.088049692677551791,0.066629051529176295 -1.1635093980627769 0.10305165301975167 -1.6215948843082715 -0.073894619181806301 -0.062032797241421189,-0.53435108178648094 -0.96098790740727613 -0.49923306893344271 -0.13576984501999229 0.14427390599717871 -0.0097394845216217437,4.2168413894610914 -297.38241740999223 -126.38456340260473 -9.2497200483727404 1.7940221104907037 -0.0087300363170525769,6.8722518976102265 -99.670521615304096 -45.706953917916053 -5.3177969539392507 4.6792592705277514 0.026390477921140132
ur,tetrapga,5.59923719,0.720038913,0.27060373,0.0748809,36.062613,43.975052,4.507826625,1,0,0,9.840137646,1.591088786,1,5,0,0,0 0 0.050000000000000003,0 0 0.050000000000000003,0 0 0.050000000000000003,wrist_3_link,-1,0,0 0 0,0 0 0,,0.07396640055418853 -1.1361596300236507 0.11822724835475992 -1.6185074883589636 -0.077639015125047409 -0.061935531887198324,-0.075647017178463172 -0.15070042460799155 -0.088576391924356929 -0.018842760110747644 0.018623699456332469 -0.0020317927920204468,-0.15360950606859328 -1.7462612950296834 -0.17886678188675359 -1.678026210912555 -0.026379707808366244 -0.064454247930321895,-0.12304573466765152 -0.029501472314359282 0.055303846436984695 0.11067818447273618 0.12083564923872085 0.089434449467757096,0.061869921371858996 -1.1721876238752136 0.098608840228407768 -1.6227127387716491 -0.072723853602841934 -0.062097877325532819,-0.59566939068808544 -1.0855059459284675 -0.55593168571895646 -0.13996626221900674 0.14638448644448862 -0.0081687302631254285,12.958311065065619 -271.42647584150484 -114.7787713166843 -8.4292725513489675 1.6558431469833641 -0.0077421037332196492,24.710696935731846 -18.764811899923188 -8.3055262698275101 3.5225396421710684 3.1394883250627004 1.7926433818224865
ur,tetrapga,5.643296838,0.716796409,0.240044648,0.127261302,36.01866,43.932416,4.5023325,1,0,0,9.735494979,1.84438457,1,5,0,0,0 0 0.050000000000000003,0 0 0.050000000000000003,0 0 0.050000000000000003,wrist_3_link,-1,0,0 0 0,0 0 0,,0.072958580077837329 -1.1402841180944727 0.11582472408644834 -1.6190268115905602 -0.076960231497795115 -0.06194311306047872,-0.007609998227098372 -0.060106599298621721 -0.033818055378280927 -0.0086080694302388041 0.011361867018016197 -0.00012700578914025273,-0.15891781670893254 -1.7474402439822645 -0.17630911132277516 -1.6730824286948822 -0.021053561493318561 -0.060485545401386634,-0.11789672979516277 -0.024014201045130475 0.060777705899134088 0.11370283673473279 0.12089869027346645 0.090696875098154758,0.056765532493061432 -1.1817457304341974 0.093769315343948278 -1.6238606221764234 -0.071531459295338121 -0.062150347255256332,-0.63882673087311925 -1.1954910392468208 -0.60552069735840386 -0.14371987989356366 0.14908807751192019 -0.0065924609646111718,18.579466675755732 -247.08912848135492 -103.9361221416352 -7.6343418589632064 1.5117029851707171 -0.0068402890761543956,-5.7656538414024112 -41.996229635671625 -18.46860240911974 -2.1281524983905911 1.5059281195181882 0.0013563697232967797
ur,tetrapga,5.687297069,0.715109648,0.223675711,0.220006584,36.19584,43.897972,4.52448,1,0,0,9.661452817,1.872662275,1,5,0,0,0 0 0.050000000000000003,0 0 0.050000000000000003,0 0 0.050000000000000003,wrist_3_link,-1,0,0 0 0,0 0 0,,0.071243489356339201 -1.1426551556963616 0.11472231286231051 -1.619524101617029 -0.076442211335183877 -0.061973771064592557,-0.045019065937756349 -0.047249766829027144 -0.022373491153267425 -0.0096981287481411518 0.009746763840235725 -0.00060079915259238714,-0.16399027225254789 -1.7483763258705236 -0.17351673226917386 -1.6680165815588741 -0.015736498221772168 -0.056469333793445084,-0.11265155649355373 -0.018535512408037021 0.066128014972904575 0.1165290342936324 0.12074942103533365 0.091837062299437527,0.051418220780412138 -1.1920786132028296 0.088584183048670662 -1.6250345524398835 -0.070316249980977144 -0.062190469622670282,-0.66919208510458517 -1.2923380654529055 -0.6487216237106681 -0.14697573722930798 0.15193995336906463 -0.0050490156759155497,21.981231180239305 -224.12077851805685 -93.789662921546778 -6.886336801250394 1.3724386633837329 -0.0060172918104500284,-0.65263254172651841 -72.541463897852736 -33.000987559102214 -3.8498376189681949 3.1407413154497306 0.0021438565830749212
ur,tetrapga,5.7312935,0.712129223,0.232149726,0.39881277,36.123318,43.986331,4.51541475,1,0,0,9.406731034,1.686511506,1,5,0,0,0 0 0.050000000000000003,0 0 0.050000000000000003,0 0 0.050000000000000003,wrist_3_link,-1,0,0 0 0,0 0 0,,0.067936899287068489 -1.1455626645708104 0.11349299055907422 -1.6201398992252039 -0.075887597123539638 -0.062018687254657125,-0.080188924483436147 -0.077407887460525598 -0.030668535225090898 -0.017153322936490689 0.014663014109440611 -0.0012231298867462271,-0.16882937677113249 -1.749071444316262 -0.1704918913732163 -1.6628311773386153 -0.01043111728451547 -0.052405978197173811,-0.10730995388608951 -0.013065226317680903 0.071354831964329554 0.11915697633522279 0.12038862551278048 0.09285554558494602,0.055805155298829803 -1.1755345915918256 0.097897961153278479 -1.6230085692990246 -0.071294209210577247 -0.061637858330435821,-0.48443965237552494 -0.83960794781265058 -0.39286824972472845 -0.052785160458530621 0.22598368724711521 0.058323153653898549,-2.7123570034394007 -305.37397677775158 -129.40989673056782 -9.4365767215523917 1.8864837177422011 -0.0048214752976990013,-18.7476000552995 -131.60821415412283 -57.469613912798025 -8.7623100228584008 6.4149728376094401 -0.10247869996833003
ur,tetrapga,5.775375117,0.707158524,0.260067927,0.286581566,36.12568,43.80268,4.51571,1,0,0,9.212018113,1.745644791,1,5,0,0,0 0 0.050000000000000003,0 0 0.050000000000000003,0 0 0.050000000000000003,wrist_3_link,-1,0,0 0 0,0 0 0,,0.06386395951623737 -1.1498578507251811 0.11152908414836299 -1.6208524834735771 -0.075236410865418213 -0.062063910698336777,-0.08553338528616368 -0.11259355884353563 -0.056370891792777655 -0.015904739680726566 0.015694907061930424 -0.00087692686549510179,-0.1734401310532323 -1.7495268352283802 -0.16723340708287254 -1.6575242161111134 -0.0051360418373084492 -0.048292520653658022,-0.10186711342962024 -0.0075990494688987394 0.076461582783324863 0.12158791291219764 0.11981583078195278 0.093753017408621339,0.051216989949946362 -1.1833170606938146 0.094288275892122075 -1.6233954360998197 -0.069573440132555661 -0.061226401082177098,-0.57390972912214155 -0.97317249743557221 -0.45150070104503565 -0.048475577247784389 0.21511552928967048 0.051415296157754087,4.5119970744957527 -278.74661817099548 -118.35711722464404 -8.6310514538980208 1.6705920831909993 -0.0081789018012688539,6.6795284750889152 -93.993921215181217 -42.987234893812911 -5.0274264661657071 4.3323445767901489 0.0025405836953922289
ur,tetrapga,5.819267538,0.699834653,0.299759862,0.283198962,36.262499,44.262556,4.532812375,1,0,0,9.055093676,1.47271377,1,5,0,0,0 0 0.050000000000000003,0 0 0.050000000000000003,0 0 0.050000000000000003,wrist_3_link,-1,0,0 0 0,0 0 0,,0.059325035748127003 -1.1559741642323729 0.10859754271106194 -1.6217075817428934 -0.074418338756656807 -0.062107261888338809,-0.095332567429108159 -0.15747896764474995 -0.080864136720140242 -0.019366571247109679 0.019988363669805428 -0.00084417754065545724,-0.17779083819287858 -1.7497413064553193 -0.16376820782557888 -1.6521380378289061 0.00010662220234262654 -0.044160114730808643,-0.096363550815379548 -0.0021776327254073458 0.081410359063857005 0.12380422482561235 0.11903651146419603 0.094523443085578557,0.046141398265707408 -1.1920295089716078 0.090254822332095835 -1.6238166113004588 -0.067840677900367033 -0.060803349646550695,-0.63483802104158071 -1.0894198944110922 -0.5044717384037638 -0.052764127228311662 0.21661467356055075 0.052864569578714951,13.290323251922311 -253.84171696945944 -107.29492479511657 -7.8611023199135772 1.5436726733519537 -0.007261866635180499,7.5074554254536849 -93.142421589699552 -42.479844369040677 -4.9528657409991865 4.2878200463355256 0.0024383246431369798
ur,tetrapga,5.863609274,0.695053184,0.237832238,0.227493736,36.241902,44.107858,4.53023775,1,0,0,8.930255138,1.678398783,1,5,0,0,0 0 0.050000000000000003,0 0 0.050000000000000003,0 0 0.050000000000000003,wrist_3_link,-1,0,0 0 0,0 0 0,,0.058030654779921122 -1.160377072206674 0.10619363176415028 -1.6220082107003102 -0.073491899695484406 -0.061935017521811409,-0.019088913882192214 -0.066943568755442537 -0.027562640765803406 -0.0034438868994078171 0.023479050216216671 0.0063429189751289146,-0.18193903291228611 -1.7497169489523883 -0.16005014181508592 -1.6466025709665746 0.0053635691800122441 -0.039953841846261565,-0.090724956832589687 0.0032709511400401251 0.086265443344303652 0.12583338020948467 0.11803897602562835 0.095176178434209946,0.040735014823947327 -1.2015589050898625 0.085852578645506633 -1.62426054784034 -0.06609021079571728 -0.060365810476015178,-0.67618699073172184 -1.1915383744687902 -0.55057050422413312 -0.055609294633546053 0.21882778261819119 0.054675536442354192,18.746583330220108 -230.52926344671948 -96.89211225802606 -7.100015057915245 1.4068280341822799 -0.0063281789725874137,-26.30744370744867 -75.07293300076617 -30.132264573454563 -3.3648845183624871 4.8134550527798297 0.81433144841282967
ur,tetrapga,5.907788482,0.69190918,0.229506931,0.207651526,36.061188,43.84613,4.5076485,1,0,0,8.833281544,1.682832336,1,5,0,0,0 0 0.050000000000000003,0 0 0.050000000000000003,0 0 0.050000000000000003,wrist_3_link,-1,0,0 0 0,0 0 0,,0.056058853028852926 -1.162950948320066 0.10519962655247531 -1.6221247492549715 -0.072642933077044239 -0.061691310129815866,-0.04786937162470066 -0.051319615391436986 -0.020380016678717187 -0.002311434951453196 0.016171445911365417 0.0047189824070292333,-0.18582175236891349 -1.7494531576937129 -0.15613491071929797 -1.6410025997821507 0.010552643433090576 -0.035736989594756928,-0.085034952818734674 0.008664538392211478 0.090952144631403442 0.12764269432088693 0.1168367822103642 0.095700388681577084,0.044489111121981548 -1.1885402223786219 0.09298695038066998 -1.6229604038937873 -0.067099739584192006 -0.060125651185101381,-0.48884534242059818 -0.78600405137129059 -0.31765409342170997 0.02897184974262746 0.28339521022253417 0.11285920409698158,-6.0484635280374199 -300.7658965785493 -126.48454004350964 -9.1029398242514006 1.8221950098669257 -0.0022072217355529225,-0.33889655797642604 -68.525003417090375 -31.045552232924422 -3.6365051938728357 2.9005525611868848 -0.014268476613764847
ur,tetrapga,5.951731162,0.687708538,0.241616009,0.257612591,30.339114,38.397008,3.79238925,1,0,0,8.609108545,1.658551159,1,5,0,0,0 0 0.050000000000000003,0 0 0.050000000000000003,0 0 0.050000000000000003,wrist_3_link,-1,0,0 0 0,0 0 0,,0.05271640956842763 -1.1659036237159894 0.10420662734865048 -1.6222211733885255 -0.071701245442422901 -0.061386918266185232,-0.074970868114045658 -0.074579991814125349 -0.030010696619551441 -0.0030596850817033033 0.019826527317235953 0.0059254488165940717,-0.18943286960390043 -1.7489552889082445 -0.15203863919115618 -1.6353579888926713 0.015656748604797602 -0.031522497777243814,-0.079310633404854849 0.013987976049401428 0.095458615763740387 0.1292296889429575 0.11543689525900355 0.096096440955122847,0.039811201794111344 -1.1958935473082624 0.089996491047091273 -1.6227057748214841 -0.064894683795687927 -0.059268482524285994,-0.58510615785205178 -0.9195077083691352 -0.37406748282892416 0.031769902046969396 0.27567313976194852 0.10714164697213691,3.3050779047556738 -274.22282557634787 -116.52716420645064 -8.4845921269669606 1.6398860660720445 -0.0081018653316288491,4.1687374937593233 -84.657568429717685 -38.641888638875002 -4.5504966221606082 3.7883104513426815 -0.018331594848788768
ur,tetrapga,5.990235787,0.68209735,0.272605878,0.282808513,30.211999,37.851969,3.776499875,1,0,0,8.415747076,1.52028938,1,5,0,0,0 0 0.050000000000000003,0 0 0.050000000000000003,0 0 0.050000000000000003,wrist_3_link,-1,0,0 0 0,0 0 0,,0.048804157491616651 -1.1698288555502481 0.10273964402349434 -1.6223577267446232 -0.070682526863645997 -0.061064209895766178,-0.095568947434778354 -0.11388461333149556 -0.04936228448347893 -0.0049424767809160683 0.025075962988845579 0.0070922368920788223,-0.19238934144796921 -1.7483275076019773 -0.14828915281369981 -1.6303581331503618 0.020075294907321076 -0.027817333327460961,-0.074246822978694865 0.018613662508988819 0.099275644760636564 0.13044438409091685 0.1140448133872905 0.096340464004824544,0.034625382925490396 -1.2041680406912194 0.086583746040128057 -1.6224867898995405 -0.062683791579533368 -0.058401834705846666,-0.64859485044589482 -1.034653765033724 -0.42685319200198785 0.027314383252037007 0.27640269321825939 0.1083265416751297,12.745087244331279 -249.85831387651265 -105.75376805044687 -7.740165887515281 1.5185326706562086 -0.0072342931344054687,6.7632856104452799 -92.770300968134507 -42.421276918510557 -5.0006374994891303 4.2322253190505421 -0.022112583434562794
ur,tetrapga,6.02815293,0.67784948,0.241450856,0.139237771,30.222596,38.093746,3.7778245,1,0,0,8.250000657,1.681322825,1,5,0,0,0 0 0.050000000000000003,0 0 0.050000000000000003,0 0 0.050000000000000003,wrist_3_link,-1,0,0 0 0,0 0 0,,0.047131665401959642 -1.1729040660764747 0.10126185577945304 -1.6223728734501397 -0.069812954753890863 -0.060773979724267707,-0.019127576712439403 -0.052756066883125084 -0.02385398890394512 0.00098213016433285213 0.018457327203959501 0.0065790876696293433,-0.19510940451605627 -1.7475359980692224 -0.14445560043674038 -1.6253919348543857 0.024371196267409016 -0.024161312179901723,-0.069221113772901174 0.02312881225844397 0.1029103553950249 0.13147880995376826 0.11252482459579879 0.096486607376508979,0.029106721604881168 -1.2132504384776901 0.082802420139091115 -1.6222910874558956 -0.060463432345143932 -0.05752427555155943,-0.69020015694443038 -1.1356418154729258 -0.47292580376120302 0.024404073464706983 0.27758607049761885 0.10969045865611787,18.47874936281238 -227.14245951345129 -95.592374563438128 -7.0004749315259076 1.3868059238171884 -0.0063094762015487114,-3.0627351177561195 -45.948464590973344 -20.279902220350891 -2.3626465411616664 1.703858044103356 -0.019543726042698495
ur,tetrapga,6.066314348,0.674734061,0.226995912,0.21936857,30.354893,38.180305,3.794361625,1,0,0,8.110347249,1.711453716,1,5,0,0,0 0 0.050000000000000003,0 0 0.050000000000000003,0 0 0.050000000000000003,wrist_3_link,-1,0,0 0 0,0 0 0,,0.045428845607504355 -1.1748182874658277 0.10075558256293847 -1.6221550012062993 -0.068844368603420816 -0.060344629267566952,-0.056531665387549591 -0.050390977986645401 -0.013805380366617284 0.00556274354428128 0.024147989295437534 0.010925905111330379,-0.19765390760082813 -1.7465673581930421 -0.14046062153923303 -1.6203572408936087 0.028633767035915605 -0.020477939590903584,-0.064128168023177043 0.027628858290334641 0.10644065096217559 0.13235691379776865 0.11084756316667313 0.096539319117679434,0.023366926738100341 -1.2230442415923315 0.078706813542961621 -1.622131479755663 -0.058215455010770634 -0.056632024658755165,-0.71815090894998213 -1.2248544886507222 -0.51240446456011934 0.019954897922430378 0.28112474618034389 0.11154625524488319,21.528500052847303 -206.49823688994826 -86.443379794755828 -6.3356515478649538 1.2646912675262052 -0.0055955146839288053,-0.096746294484177042 -72.311154020417234 -32.905285458848823 -3.8833382810962576 3.0707299363989762 -0.033566098871631311
ur,tetrapga,6.104595054,0.670392846,0.241944892,0.269233694,30.253201,38.005032,3.781650125,1,0,0,7.99301621,1.59842942,1,5,0,0,0 0 0.050000000000000003,0 0 0.050000000000000003,0 0 0.050000000000000003,wrist_3_link,-1,0,0 0 0,0 0 0,,0.042331071783250671 -1.1773019181132753 0.10021240963374473 -1.6218261374574054 -0.067636342893370005 -0.059767829893735157,-0.087099685670243329 -0.074572272860809127 -0.022042886382831053 0.006965960006733345 0.030002076998696968 0.013870498369763652,-0.20001049687106115 -1.7454240738560294 -0.13632031932461119 -1.6152762956587565 0.032842546517741752 -0.016782850372691893,-0.058988592560636322 0.032094295687621385 0.10984973713423726 0.13307271898017933 0.1090185471763722 0.09649712111999928,0.017483787789532163 -1.2334595057331454 0.074334751061818194 -1.6219960000396461 -0.055955685524340604 -0.05573222705834284,-0.73606891917340078 -1.3025371169222824 -0.54696145018685982 0.016938899895486154 0.28259876518743438 0.11248959369589061,23.077490218613487 -186.24833041735639 -77.583758355289234 -5.680888669066908 1.1397675154228741 -0.004889979730632486,4.3603871765662348 -88.155347888400684 -40.385054134905033 -4.7977143376911044 3.9411333846388317 -0.042983539684769312
ur,tetrapga,6.142678345,0.664411965,0.2772303,0.292156167,30.250481,37.908587,3.781310125,1,0,0,7.895767094,1.370824673,1,5,0,0,0 0 0.050000000000000003,0 0 0.050000000000000003,0 0 0.050000000000000003,wrist_3_link,-1,0,0 0 0,0 0 0,,0.038379776538264972 -1.1809079532662805 0.099188825669665484 -1.6214881588081587 -0.066251306327374318 -0.059114943133798815,-0.10880681368841313 -0.11414657878228163 -0.040540549786940994 0.0066592015863846882 0.036438640155619935 0.016152456613030476,-0.20215919400440979 -1.7441180528313442 -0.13207443316023887 -1.6101975014002066 0.036957404646060947 -0.013110220177662257,-0.053849426504156646 0.036484265153586777 0.11310656343879358 0.13362022269456725 0.10705565143115024 0.096360780188023173,0.01151036127871673 -1.2444129055446238 0.069725598491577556 -1.621881066630126 -0.053684925698438385 -0.054825492545170419,-0.74735486445430777 -1.3698040757553525 -0.57659771132401216 0.01437061158337791 0.28397255762145901 0.11335670779090382,23.419017472363542 -166.95788712849702 -69.187248328907657 -5.0597202954235136 1.0198048373227628 -0.0042321793353438143,7.181921683281189 -95.536633749955399 -43.82342511218576 -5.2199395572961294 4.3539926177296024 -0.050182159183933095
ur,tetrapga,6.180686563,0.656105365,0.322469055,0.292070286,30.325959,37.97473,3.790744875,1,0,0,7.816867972,1.047856058,1,5,0,0,0 0 0.050000000000000003,0 0 0.050000000000000003,0 0 0.050000000000000003,wrist_3_link,-1,0,0 0 0,0 0 0,,0.033638367316265981 -1.1863062994332176 0.09731221600892255 -1.6211797086183877 -0.064583383872067468 -0.058367795531686119,-0.12125300083927137 -0.1586638249573907 -0.063287940105057297 0.0051059971556332243 0.042249912444145735 0.017625800263537793,-0.20410809381811815 -1.7426489708445967 -0.12771584889770674 -1.6051110494614882 0.040986946838125711 -0.009451788092005536,-0.048698850468048498 0.040809446878262864 0.11621994360313617 0.13400254327740208 0.10495655002788638 0.096131076188659875,0.0054835684917785375 -1.2558264497800011 0.064914742587211041 -1.6217816157519973 -0.051407657293287119 -0.053913945115470596,-0.75402564896965285 -1.4273221287427171 -0.60181062808974617 0.012435295159464822 0.28478613002758885 0.11395832235682832,22.992676389552269 -148.47343720081943 -61.189855017483971 -4.4658250178660586 0.90349235677521988 -0.0036203803103053104,8.3791968045607348 -95.666710905651598 -43.810542843129895 -5.2193670901187943 4.3727746442822593 -0.05474269171017454
ur,tetrapga,6.218752213,0.646110985,0.370065485,0.282104478,30.380903,38.18288,3.797612875,1,0,0,7.755149964,0.672469787,1,5,0,0,0 0 0.050000000000000003,0 0 0.050000000000000003,0 0 0.050000000000000003,wrist_3_link,-1,0,0 0 0,0 0 0,,0.028653059528648172 -1.1930787930922222 0.094717008729475388 -1.620935893921073 -0.06278331074280101 -0.057596592090742353,-0.13119506932592614 -0.20237270774724828 -0.085720552355690288 0.0034608438438301194 0.047679792884185598 0.018931228484955213,-0.20586339011655461 -1.74101403532517 -0.1232347332768798 -1.6000054770690564 0.044939986755928425 -0.0057983574408903291,-0.043523343723319209 0.045081032329875488 0.11919787611164168 0.13422090066588233 0.10271662699411256 0.09580756032085215,-0.00056783331628567062 -1.2676261068435297 0.059933300055182256 -1.6216747983899744 -0.049133697797600295 -0.052997673661972722,-0.7571017766104049 -1.4755862322616218 -0.6231339565475309 0.013356105646224291 0.2843725163445337 0.11454882533158434,22.095816025471855 -130.67240240843736 -53.517510182424076 -3.8898841357599463 0.78967601953781696 -0.0029447334738791041,8.8884998028454163 -92.68008523358003 -42.315671638780941 -5.0394225815298341 4.2220762351898742 -0.058726067754832911
ur,tetrapga,6.257002187,0.633816891,0.413637206,0.260362666,30.304717,38.264587,3.788089625,1,0,0,7.709775176,0.243825194,1,5,0,0,0 0 0.050000000000000003,0 0 0.050000000000000003,0 0 0.050000000000000003,wrist_3_link,-1,0,0 0 0,0 0 0,,0.023203536640529408 -1.2017462007856901 0.091168541437545575 -1.6207546149990508 -0.060731714976040803 -0.056758635157874084,-0.13527189330780551 -0.24057944923766952 -0.10590181033313238 0.0016343432286831652 0.05169074309474142 0.019628972612399799,-0.20742848480252887 -1.7392086190000222 -0.11862048022981951 -1.5948699778720725 0.048823678598387654 -0.0021414335598239189,-0.038309961272366688 0.049308783455669115 0.12204611481404963 0.1342744019067347 0.10032989124391513 0.095388632357736786,-0.0066472184816047724 -1.2797524330820997 0.054823880185154647 -1.6215969489894031 -0.046823817754072725 -0.052063023661667734,-0.76112458945694073 -1.5169026827604291 -0.63941629094528918 0.010002213017482737 0.28911214594338958 0.1169184939183226,20.322672735694439 -115.06281908327246 -46.818847638046151 -3.4001257531855869 0.69288000219917367 -0.002540576903801323,8.4244548360406881 -85.9196796928818 -39.032969547151993 -4.6406891890392217 3.8664846082516675 -0.060765231386881169
ur,tetrapga,6.295358721,0.620486291,0.452523216,0.241519158,30.231167,37.961387,3.778895875,1,0,0,7.504846619,0.196802425,1,5,0,0,0 0 0.050000000000000003,0 0 0.050000000000000003,0 0 0.050000000000000003,wrist_3_link,-1,0,0 0 0,0 0 0,,0.017772817763715927 -1.2112893715713704 0.087149104722911805 -1.6206286035235529 -0.058636890941412272 -0.05592434339173908,-0.14021324006628305 -0.27337097655316622 -0.12260822498747669 0.00030448445404799619 0.055180143455443385 0.020412879356775895,-0.20879751882088854 -1.7372370915988977 -0.1138867947818207 -1.5897213149949194 0.052623940367659605 0.0015077842061845385,-0.033073675464301337 0.053479490767495086 0.12475450730835157 0.13416117241595987 0.097802616823556565 0.094874526823137337,0.015153892651063478 -1.2152388470217523 0.086797243073194641 -1.6186301704665491 -0.055380428439209393 -0.053866703811721095,-0.32736563908155614 -0.49368443129773049 -0.04398270621464502 0.24980413212548339 0.4070578127753598 0.25720494750224787,-18.075817370125858 -291.42008207181954 -116.69739329741857 -7.7498779702728884 1.6166657546287975 0.014815528209824064,8.0213951621960469 -79.70132226212263 -36.012382195157812 -4.2751733462873744 3.5404619802659454 -0.063085516505850592
ur,tetrapga,6.33338949,0.605315637,0.48280448,0.217512979,30.334273,38.375895,3.791784125,1,0,0,6.987481399,0.220440175,1,5,0,0,0 0 0.050000000000000003,0 0 0.050000000000000003,0 0 0.050000000000000003,wrist_3_link,-1,0,0 0 0,0 0 0,,0.01201254921707808 -1.2223982659445389 0.082351279092313864 -1.6205480264079573 -0.056349605986779829 -0.055037468439376624,-0.14086532648768824 -0.29791856344412537 -0.13537835564199038 -0.00075970887324212076 0.05714766717165707 0.020710724779707684,-0.20995654422431143 -1.7351257243612368 -0.10909357476161846 -1.5846238097153111 0.056293744808589723 0.0051047759383740727,-0.02787804589157199 0.057542968884461081 0.12729125585398884 0.13388422289323709 0.095167528758534736 0.094272372218883016,0.0090840453484806946 -1.2265838036442638 0.082080504612693811 -1.6184570032680246 -0.053077984635828156 -0.052923461771964858,-0.3660629835746731 -0.52319221246560976 -0.033846809952506995 0.26137789249158605 0.40895266886895887 0.26425083342647088,-26.749278929652228 -274.55223806737888 -108.8605866114078 -7.0572421835360633 1.4574815747237806 0.016420842943077611,7.0459965542425689 -71.779282994049026 -32.191782221586834 -3.8118013519797387 3.1217479422903551 -0.063879646579707128
ur,tetrapga,6.371828595,0.589800942,0.509050604,0.199867205,30.267272,37.866942,3.783409,1,0,0,6.522397757,0.176122398,1,5,0,0,0 0 0.050000000000000003,0 0 0.050000000000000003,0 0 0.050000000000000003,wrist_3_link,-1,0,0 0 0,0 0 0,,0.006371224793648802 -1.2337845258670623 0.07740896638997885 -1.6204951058098551 -0.054089740879189649 -0.054164556856063237,-0.14388949329642675 -0.31836092690548257 -0.14516442111485706 -0.0014950078077373172 0.059191623570096191 0.021337175086601545,-0.21092722489563873 -1.732836103782085 -0.1041537753527933 -1.5794854590455116 0.059898664824668602 0.0087153368995432096,-0.022627296373203116 0.06157367567446579 0.12970242642161969 0.13343816260599892 0.092376629389146508 0.093570861544177,0.0034247191631016373 -1.238103987702325 0.077154288035723481 -1.6183098874617736 -0.050807164002036748 -0.051994371326925533,-0.36831320381839561 -0.53993272940784176 -0.031834794281921458 0.27315229351018933 0.41032210964411275 0.27127319114221332,-24.801486346357063 -259.08910883488682 -101.69958874219263 -6.4764868215847446 1.3448070772407805 0.017865455716516588,6.4804479905817196 -65.956177611634303 -29.372164540821757 -3.4699062843110369 2.8160280927092884 -0.065731716224291858
ur,tetrapga,6.409763556,0.583016292,0.285733241,0.362334792,30.331083,38.050069,3.791385375,1,0,0,6.246854159,0.733635213,1,5,0,0,0 0 0.050000000000000003,0 0 0.050000000000000003,0 0 0.050000000000000003,wrist_3_link,-1,0,0 0 0,0 0 0,,0.0088493532401314953 -1.2391911121442591 0.07366708060599117 -1.6206620940723504 -0.053079108182343071 -0.053987320206612094,0.13759200137639632 0.004279581515966361 -0.016387630731973989 0.0021513711341652761 0.0095156066327703147 0.0012061574955860243,-0.21168737687421674 -1.7304261024299834 -0.099190800537434648 -1.574434419716731 0.063348785292991983 0.012250373104563235,-0.017450507624063728 0.065472610072519824 0.13192913260028005 0.13283486060933111 0.089500021143146452 0.092787679346457347,-0.00048118329292398936 -1.2434072321872827 0.076593323076548148 -1.6161478250221892 -0.047512615811542293 -0.049822181745826644,-0.48823780700320329 -0.66290556061971484 -0.070120619896917175 0.27025780494806156 0.41181852381180717 0.27152369763736128,-2.6496770900905222 -234.67361719387671 -99.711872401009643 -7.1925261382056203 1.3771221183257898 -0.0068872790005192882,-33.678268003786542 111.34691067429594 54.350218809881255 6.6697113603404432 -6.7829318935912113 7.0355034310409792e-05
ur,tetrapga,6.447913073,0.58403121,0.184775255,0.04504858,30.256625,38.012086,3.782078125,1,0,0,6.006899181,1.301131302,1,5,0,0,0 0 0.050000000000000003,0 0 0.050000000000000003,0 0 0.050000000000000003,wrist_3_link,-1,0,0 0 0,0 0 0,,0.01082756170171118 -1.2369241477015072 0.075092839300928832 -1.6201712520468337 -0.052777838432276632 -0.053695111365206792,0.01379976818947716 0.10759918856792552 0.069042319818482051 0.016726703620766378 0.00044671155932967548 0.0078282505357038859,-0.21225394544819179 -1.7278548686711415 -0.094117516110218902 -1.5693809908086793 0.066706090503779916 0.01577371930568398,-0.012253986268200302 0.069311005506721285 0.13401323987770217 0.13206559317430289 0.086488132695751313 0.091909793653404986,-0.0049268517783394332 -1.2495113605543759 0.07564987240259996 -1.6140111478236006 -0.044238542424315505 -0.047658787746160773,-0.55570856067693053 -0.76301604588665262 -0.11793133424352376 0.26708464982359559 0.40925917340334822 0.27042424995823355,8.9894145801867218 -215.66698104832261 -91.654980954201648 -6.673281965436666 1.303843343830563 -0.006443544379899727,-14.866031297741635 1.1043120928898134 1.7068966294879147 0.31798938231622742 -0.85965972671166924 -0.022774683676573204
ur,tetrapga,6.486034149,0.585605969,0.178238839,0.217540096,30.259266,38.082263,3.78240825,1,0,0,5.795074046,1.568058058,1,5,0,0,0 0 0.050000000000000003,0 0 0.050000000000000003,0 0 0.050000000000000003,wrist_3_link,-1,0,0 0 0,0 0 0,,0.0092682934205664917 -1.2327696955086513 0.078300063032136782 -1.6193241066967268 -0.052607992116548596 -0.053198111725248722,-0.061456852464004223 0.10699289626623895 0.082932669513518506 0.02129308052584853 0.0021929751492471383 0.012222732569731986,-0.21262232109991738 -1.7251409148575556 -0.088971589514606347 -1.564363732236157 0.069943904287900038 0.019259274565067527,-0.0070753259261145431 0.073060354383598952 0.1359384258482233 0.13113508376130434 0.083362938963754532 0.090942977524012911,-0.0096701173570873187 -1.256317211460062 0.07436861682111548 -1.6119005466320202 -0.040978355550241652 -0.045502337099487693,-0.59290819734348554 -0.85073136321076881 -0.16015694768555988 0.26382514894753323 0.40752335925923133 0.26955633083413466,15.255758294342701 -198.5121919742605 -83.830061647688638 -6.1254908042124789 1.213095718216241 -0.0057032338185089137,0.98733416501150728 -71.276766410101118 -32.631014361805569 -3.8534160073904786 3.1095123740603299 -0.037804049296667586
ur,tetrapga,6.524207989,0.585220743,0.166002248,0.284270929,30.289804,38.206981,3.7862255,1,0,0,5.607173451,1.642249192,1,5,0,0,0 0 0.050000000000000003,0 0 0.050000000000000003,0 0 0.050000000000000003,wrist_3_link,-1,0,0 0 0,0 0 0,,0.0063138971851853789 -1.2297715070697381 0.081372281301456115 -1.6180095834053745 -0.05178878769039684 -0.052243311332838736,-0.081825498745262723 0.068694627733551533 0.074006831165916873 0.033314327120955667 0.021578590677675681 0.024585512339533981,-0.21279371812433873 -1.7222816795037856 -0.083748033372478201 -1.559378148606275 0.073064668495842686 0.022711024133640147,-0.0019079320679653048 0.076725177220361346 0.13770688178243573 0.13004238782342312 0.08012148213107885 0.089886008192375924,-0.014568699262043867 -1.2637461634733256 0.072794359973804956 -1.6098144279114186 -0.037729141966872708 -0.043351910584192632,-0.6123227381195685 -0.92861900165793698 -0.19678210591381554 0.2607648400751974 0.40615169792111805 0.26880331441188238,18.350522893873112 -182.59046735516924 -76.680650055555191 -5.6120949855278068 1.121050796972991 -0.0050507977562492075,6.1372827922625746 -92.282556285084866 -42.640639372230169 -5.1477361177903731 4.2324517825178134 -0.076356977483527544
ur,tetrapga,6.562483519,0.582498301,0.186934702,0.310819194,30.236194,38.248703,3.77952425,1,0,0,5.441974106,1.580398696,1,5,0,0,0 0 0.050000000000000003,0 0 0.050000000000000003,0 0 0.050000000000000003,wrist_3_link,-1,0,0 0 0,0 0 0,,0.0025477055417821278 -1.2285016310972856 0.083935738617851238 -1.6162943092112518 -0.050270496826570997 -0.050856287075734988,-0.093579079052505829 0.011995595129285897 0.049386747353802538 0.038930126501779003 0.037085837841036882 0.032469139392264978,-0.21276794827706988 -1.7192761441289501 -0.07844587155894342 -1.5544242326047073 0.076067424829024011 0.026129768453078864,0.003250277946809287 0.08030630939393428 0.13931829867607015 0.12878650161869049 0.076762890733622288 0.088737995977554079,-0.01953960359566306 -1.2717300519694537 0.070964088885481183 -1.6077509429707588 -0.034489496545775544 -0.041206995595173899,-0.6213630417023992 -0.99798606201600371 -0.22878388604047151 0.25793561758245959 0.40495567763714574 0.26811437362734125,19.560447454064892 -167.66225689638554 -70.097553206617533 -5.1331113765117715 1.0311027471864578 -0.0044884336090084808,8.5180165387471014 -100.63454278611607 -46.622879048871482 -5.6788968200316958 4.6795257614715098 -0.10084080503213499
ur,tetrapga,6.600834144,0.577269095,0.231604199,0.313062895,36.311563,44.232845,4.538945375,1,0,0,5.298266106,1.431431096,1,5,0,0,0 0 0.050000000000000003,0 0 0.050000000000000003,0 0 0.050000000000000003,wrist_3_link,-1,0,0 0 0,0 0 0,,-0.0013864939593492564 -1.2294072079370357 0.085410505976280124 -1.6145161562022052 -0.048332504756433414 -0.049300349529749293,-0.10305963890229483 -0.046572597805837425 0.02212143676454582 0.042393137552768481 0.050264632863039622 0.038566480753230256,-0.21254462567707352 -1.7161290891131447 -0.07307458395289898 -1.5495118684473017 0.078945119465523461 0.029509469356940217,0.0083911297254361354 0.083797367487901481 0.14076898274442171 0.12736874380152499 0.073292861342284729 0.08750021407777353,-0.024535361070162395 -1.2802078562470316 0.068908810177066473 -1.6057082490873149 -0.031258817867170774 -0.039067305247958969,-0.6244696843124169 -1.0597255346972347 -0.25690983855183924 0.2553367354304894 0.40383483482559585 0.26746129340186625,19.656592639648409 -153.57344067546461 -63.965694991381667 -4.6833096408751773 0.94415965209745289 -0.0039924491582633377,9.192876670697899 -101.31594309201137 -46.959434231606735 -5.7558990215457015 4.7130728635167571 -0.11966841461216404
ur,tetrapga,6.645138296,0.56791412,0.288556859,0.384695256,36.08913,43.810286,4.51114125,1,0,0,5.177594216,1.148949368,1,5,0,0,0 0 0.050000000000000003,0 0 0.050000000000000003,0 0 0.050000000000000003,wrist_3_link,-1,0,0 0 0,0 0 0,,-0.0064634549862798698 -1.2332441685500546 0.085844703633974534 -1.6122822410868518 -0.045472617725067471 -0.047204281168629139,-0.11228903699052532 -0.11677128336783141 0.00019325044487247291 0.060080295959621874 0.079180509748061317 0.056458800497612135,-0.21204202123215776 -1.7123294469882466 -0.066804552522164329 -1.5439087634679074 0.082101209135731087 0.033352456602811519,0.014290025087032414 0.087705241496940298 0.14223895748417459 0.12553453268162307 0.069159061536478245 0.085962752448958166,-0.029529795965553871 -1.2891238889415859 0.066655426728481765 -1.6036845949474776 -0.028036846247597631 -0.0369326523696209,-0.62430436192393424 -1.1145040868192817 -0.28167293107308905 0.25295676747966922 0.40274645244664276 0.26683160979225873,19.100737917338744 -140.20816872598178 -58.201032823073035 -4.2582730704916809 0.86049615833354731 -0.0035449169642577166,-14.127434465043322 -126.94943460856757 -48.438198244709952 2.054615908089545 10.664611427478818 4.1676166052717178
ur,tetrapga,6.68905188,0.556230847,0.338645208,0.24312705,36.164231,43.944135,4.520528875,1,0,0,5.057478511,0.847837181,1,5,0,0,0 0 0.050000000000000003,0 0 0.050000000000000003,0 0 0.050000000000000003,wrist_3_link,-1,0,0 0 0,0 0 0,,-0.011385880115910798 -1.2392635234038636 0.084987150269241571 -1.6102226694793738 -0.042458072281184964 -0.04514032992459012,-0.095427494531441601 -0.1514841496654728 -0.037952659774842488 0.037319333085809453 0.062172703421163288 0.039938198848210496,-0.2112869954968655 -1.7083954446672476 -0.06053035454023821 -1.5384397693418572 0.085045947157901952 0.037091875390235923,0.020088236578438664 0.091441860279848949 0.14347654312028554 0.12351155484354556 0.064935727379774461 0.084326903395876895,-0.024106214072118697 -1.2703711449148245 0.074972221963341121 -1.6045445455443743 -0.031959086311412067 -0.038705069750981355,-0.45604700392329528 -0.77217984276248131 -0.10613331694006752 0.30113583363141788 0.41104661912240387 0.29142767451551871,0.99066088506862116 -196.64922416512815 -78.00918979982967 -5.196101781586786 1.0862016616227537 0.0089043915994785408,6.548866494255293 -79.338659336413002 -36.469057506016497 -4.4974453561080736 3.5759548937394925 -0.12345286291714785
ur,tetrapga,6.733071066,0.542842269,0.374374685,0.211911929,36.10113,44.027758,4.51264125,1,0,0,4.916997109,0.611474343,1,5,0,0,0 0 0.050000000000000003,0 0 0.050000000000000003,0 0 0.050000000000000003,wrist_3_link,-1,0,0 0 0,0 0 0,,-0.01615472416352037 -1.2468328264790007 0.083270651553740971 -1.6082284854145625 -0.039288486671778367 -0.04305615997404505,-0.094223374184172412 -0.18248849509025955 -0.054706232381617058 0.036196701676321941 0.065348329885608167 0.040501024218922585,-0.21027580483405867 -1.704290389373821 -0.054191373107198321 -1.5330512254932209 0.087808991864417943 0.040765768250312584,0.025845188219393959 0.095046321179280358 0.14449647628955195 0.12128214807898521 0.06058318479079073 0.08257728773465918,-0.02825055843787859 -1.2772333065376236 0.07389189824522685 -1.6020997627828699 -0.028738475577605112 -0.036429773025176228,-0.51804304571998627 -0.85777020284987537 -0.13504046476428355 0.30559784518805566 0.40257634172586931 0.28441209072564078,8.1174482773284033 -178.23392331197715 -75.152842876860745 -5.4283920177013503 1.0596427851089425 -0.0049706468320540355,4.9785939079996098 -69.466352394320893 -31.786789420004254 -3.934177186009947 3.0623180136533605 -0.12501148767523773
ur,tetrapga,6.777192294,0.527770304,0.392806492,0.114256056,35.993143,43.628525,4.499142875,1,0,0,4.802552147,0.343397575,1,5,0,0,0 0 0.050000000000000003,0 0 0.050000000000000003,0 0 0.050000000000000003,wrist_3_link,-1,0,0 0 0,0 0 0,,-0.021058801920572284 -1.2558553127484497 0.080839582081626671 -1.6062332988627437 -0.035934071511320331 -0.040902663269798342,-0.072055122924047338 -0.18661924729179813 -0.076271777704363969 0.018355977180174139 0.04749846719045598 0.025974282215994134,-0.20900931425174596 -1.7000198054491229 -0.047797551016775734 -1.5277530686927012 0.090383671658883932 0.044368499761480898,0.031553510980561333 0.098513045362570009 0.14529602390629789 0.11884856850468027 0.056107970329067808 0.080715417048438237,-0.027982203680322358 -1.2719302532239745 0.077056645227489784 -1.6015181315101263 -0.029087579928077374 -0.036237865474452048,-0.4159404376371153 -0.67324294761722325 -0.038636866992121724 0.33104991408508988 0.40608670204816827 0.30354408412940448,-2.671232288106518 -200.26236354228431 -79.140606950910268 -5.2034316425354694 1.0797220043662208 0.0099643004907373454,27.873734481001023 24.394753232433686 1.8111131312939506 -6.3983391590090832 -5.2678922184364225 -3.6682087263105103
ur,tetrapga,6.820886803,0.51857642,0.277180997,0.029753793,36.078367,43.946261,4.509795875,1,0,0,4.651506465,0.474919528,1,5,0,0,0 0 0.050000000000000003,0 0 0.050000000000000003,0 0 0.050000000000000003,wrist_3_link,-1,0,0 0 0,0 0 0,,-0.021611860121256102 -1.260793058946438 0.078732068850709672 -1.6056722994854076 -0.034492744817347341 -0.04014485932988536,-0.0048493868882309764 -0.071497514565264084 -0.025791021865337684 0.012459869855430726 0.025473913908673762 0.014613391628920808,-0.2075083125067565 -1.6956430138289529 -0.041435631981206276 -1.5226162090433326 0.092736548227791746 0.047853127975799589,0.037139139165954987 0.10179805286475971 0.14586727806500288 0.11624590388079348 0.051572050706972045 0.078767033201557493,-0.03183418675572719 -1.2780247610196522 0.076523744245743139 -1.5988785257001377 -0.025855805000838734 -0.033825274752603773,-0.48149788442560426 -0.76181347445970915 -0.066612622718330142 0.32995072624857474 0.40397186590482981 0.30157384023103434,7.1533791562212734 -181.59568444781354 -76.683077950722037 -5.5568835551730427 1.0868714719428785 -0.0050765746676874716,-9.1979739999787569 -9.8187518282466044 -3.6008443123969869 -0.35209135546301695 -0.088253236493962106 -0.043970659181098881
ur,tetrapga,6.864922002,0.510862691,0.244610628,0.125039885,36.219533,43.93036,4.527441625,1,0,0,4.530894754,0.485031325,1,5,0,0,0 0 0.050000000000000003,0 0 0.050000000000000003,0 0 0.050000000000000003,wrist_3_link,-1,0,0 0 0,0 0 0,,-0.023404576178701939 -1.263485794383097 0.078745790219298339 -1.6042628673084776 -0.032772583738691935 -0.038873332717259401,-0.043007552676100194 -0.044857498957454833 0.0053094498525851092 0.02811927569444778 0.032121822251235103 0.024808536317754284,-0.20575029178798018 -1.691090223999745 -0.035003741255488385 -1.5175585380112209 0.094905085905993183 0.051276526458336413,0.042694076230229958 0.10495559447928024 0.14622043760088563 0.11343304963283767 0.046903376330706771 0.076700599036440234,-0.035953431391382608 -1.284698418152687 0.075722628995159399 -1.5962737312821744 -0.022628093544841014 -0.031411853097162115,-0.51490557945692739 -0.83420714162935194 -0.10013940632296754 0.32559930224539624 0.40346393199971514 0.30167770693020746,12.752808606081139 -166.29496143190315 -70.250296905559281 -5.1381504710911194 1.0201240738194362 -0.0046940761361871234,-2.5350761526138399 -41.263162020069103 -18.650839704179759 -2.2506589729318875 1.618800304060926 -0.076102821537574528
ur,tetrapga,6.908956384,0.505391832,0.187525613,0.205165858,36.122098,43.873919,4.51526225,1,0,0,4.43732159,0.551565152,1,5,0,0,0 0 0.050000000000000003,0 0 0.050000000000000003,0 0 0.050000000000000003,wrist_3_link,-1,0,0 0 0,0 0 0,,-0.024723725416274489 -1.2639995974007503 0.079603953229676921 -1.6030749147520433 -0.03162686116875385 -0.037893866251343999,-0.037126522646201907 0.0016737922077400044 0.041233422327292601 0.046533441716514246 0.040922846973511118 0.036316072866065655,-0.20374945299129885 -1.686401931166958 -0.028561341684190396 -1.5126289403146762 0.096865987548679547 0.054606640327541922,0.048168156555030199 0.10795570649291661 0.14634999453058078 0.11043394202141098 0.042144508809296592 0.074533446929197431,-0.040200033039007162 -1.2918768467841892 0.07468434227935411 -1.5936999055396717 -0.019404834742726588 -0.028999955952646369,-0.53082520595306915 -0.89730357893778345 -0.12978583947566152 0.32172821781284255 0.40290735026430341 0.30148714306446833,15.227338860925748 -152.24197171100735 -63.988790893206115 -4.6920546599332091 0.93948175780057752 -0.0041354000421217219,-20.717285630478727 -67.704733240349015 -20.123277361150542 7.0885310959893104 8.0637186900058992 4.7725695944746604
ur,tetrapga,6.952938202,0.499659313,0.206337077,0.195098031,36.223913,44.017285,4.527989125,1,0,0,4.370916623,0.484579248,1,5,0,0,0 0 0.050000000000000003,0 0 0.050000000000000003,0 0 0.050000000000000003,wrist_3_link,-1,0,0 0 0,0 0 0,,-0.027093491993973644 -1.2640707116839047 0.08134721349164345 -1.6013081506675158 -0.030124777519105739 -0.036494399514350635,-0.050977820033138763 0.0013605376785736688 0.035554319836525759 0.034459009116245581 0.028410481148554035 0.027101141937765839,-0.20151227218960252 -1.6815908836567015 -0.022125846417513306 -1.5078410621618994 0.098613526772215493 0.057835355740515716,0.05354896604793332 0.11079164383303268 0.14625631211783263 0.10725703585551531 0.037308832143566006 0.072270921583894504,-0.044497124239763645 -1.2994992029589658 0.07344045519818046 -1.5911530830836085 -0.016187480571857656 -0.026591264298830252,-0.53713640009456087 -0.95279452184707181 -0.15548588514670675 0.31835280700790153 0.40216927135861663 0.30108645672701451,15.967144533772851 -139.02998865237419 -58.179214921487244 -4.2699718643965685 0.8593250573234873 -0.0036363615908787737,1.5895820146739084 -63.272118447805042 -29.264704689770326 -3.553631407668945 2.8464050632237843 -0.083640777342480987
ur,tetrapga,6.997054073,0.492352708,0.237517757,0.230551226,41.873501,49.555484,5.234187625,1,0,0,4.102092472,0.307173177,1,5,0,0,0 0 0.050000000000000003,0 0 0.050000000000000003,0 0 0.050000000000000003,wrist_3_link,-1,0,0 0 0,0 0 0,,-0.030276488129760377 -1.2651224604444609 0.08298726315020713 -1.5991646308894916 -0.028193139932369795 -0.034752271598291411,-0.066073523770393799 -0.031509881971188591 0.025546564242493811 0.040950296001473478 0.03848072418277123 0.033918248214007123,-0.19903256197934432 -1.6766434861255499 -0.015679803839876542 -1.5031828801351015 0.10015105510886546 0.060971829542390242,0.058853044870857935 0.11347167406155052 0.14593878225365775 0.10389322218261272 0.032383392025123761 0.069905890220110872,-0.044673619857622526 -1.2974446239277597 0.075142669107298179 -1.5904684448338482 -0.016000411135907465 -0.026147766420032255,-0.4664568306699628 -0.81745082467752117 -0.085561009861118809 0.33594065015390295 0.39856053450977791 0.31046871295791034,9.1215088855378212 -155.9731141137581 -62.613486973582148 -4.3015656171433587 0.89111460472614779 0.0039424518975365794,4.2798439975360338 -74.35860524722284 -34.582683835548323 -4.2455155747902609 3.4555457975875967 -0.10490549273472993
ur,tetrapga,7.046680853,0.481577545,0.298390259,0.303554164,41.873452,49.885386,5.2341815,1,0,0,3.900884669,0.265806349,1,5,0,0,0 0 0.050000000000000003,0 0 0.050000000000000003,0 0 0.050000000000000003,wrist_3_link,-1,0,0 0 0,0 0 0,,-0.034494214239370935 -1.2683380739461723 0.084132505594845267 -1.5964273493710215 -0.025457484750363076 -0.032429000346314435,-0.097666154320541446 -0.094874739345600978 0.022490837612807731 0.068521081544524187 0.070914462775929291 0.05907063852184645,-0.19596623509479524 -1.6709415405168908 -0.0084516477915637517 -1.4981251068144437 0.10161899935076825 0.064372744622447908,0.064700824124668446 0.11628564925553919 0.14531488052114111 0.099903478153306066 0.026762742265046491 0.067134535851654048,-0.04559380681582715 -1.2960627566773057 0.077102249789221436 -1.589156327941619 -0.015221121495096987 -0.025183462921910465,-0.43312979534594032 -0.73684628061786461 -0.035984804995438699 0.35023037831533921 0.39294475555304759 0.31682649746154173,7.302139219166115 -162.85030967604553 -65.831715033590967 -4.5406214997203946 0.92908260007189036 0.0030986946972358879,-4.1790129660156481 -100.1728742038913 -45.371927170691777 -5.3202398187140716 4.5033726274100658 0.019561842568549537
ur,tetrapga,7.096647972,0.468393216,0.316116986,0.176207646,41.96346,49.632979,5.2454325,1,0,0,3.706746934,0.162169913,1,5,0,0,0 0 0.050000000000000003,0 0 0.050000000000000003,0 0 0.050000000000000003,wrist_3_link,-1,0,0 0 0,0 0 0,,-0.038816413796215893 -1.2737819370801164 0.084021618209706231 -1.5938268510675591 -0.022513023354823473 -0.030090740211872833,-0.063079016681525629 -0.11064233536928123 -0.013897184708484275 0.042943475780301846 0.052400169669596611 0.040026694605318235,-0.19258901768192579 -1.6650648414530707 -0.0012122854625156009 -1.4932380182775997 0.10281329891403562 0.067655159768491333,0.070453457754935916 0.1189000695600772 0.14440284748978996 0.095673830300078616 0.021029226538621926 0.064229691405100139,-0.047135778861833566 -1.2959688639966374 0.078812669570239691 -1.5874406924901776 -0.013953607476108283 -0.023835814933874114,-0.40454003761365309 -0.6845390273286367 -0.0024277905128665921 0.36040827911578888 0.3863111854900404 0.32180841381586794,6.3727317523029949 -164.46500211895665 -66.295990395463377 -4.5508488851933011 0.93080505726824314 0.0036139459137339977,2.3091450932286079 -57.306213982322333 -26.431146923699828 -3.3043641267186104 2.5781342485690288 -0.1157823145300938
ur,tetrapga,7.146384318,0.45686278,0.289765861,0.122543933,36.217639,44.126752,4.527204875,1,0,0,3.628682533,0.16630214,1,5,0,0,0 0 0.050000000000000003,0 0 0.050000000000000003,0 0 0.050000000000000003,wrist_3_link,-1,0,0 0 0,0 0 0,,-0.041055398026245346 -1.2784693265263176 0.083247353796654114 -1.5921808184311923 -0.020421346833102219 -0.028529863885312295,-0.03813191979791368 -0.086469485420851894 -0.0091775484875614693 0.036644268421601602 0.043832064250976931 0.033892610096695842,-0.18894547032570175 -1.6590910640291465 0.0059413803292892361 -1.4885884885465821 0.1037159754041207 0.070775522771198363,0.076036581268026343 0.12128051861665018 0.14321413999991142 0.091260093456047575 0.01525985689241656 0.061228621923301675,-0.050614839281623039 -1.3019790378184435 0.078603123327216348 -1.5845776803178768 -0.010875667010788591 -0.021270105157970176,-0.4348825524736844 -0.75127172772576989 -0.02619328037791803 0.35787652153760563 0.38474255816496161 0.32071372198799231,11.174667287578503 -149.44046307350553 -62.928104773231425 -4.5998877414675814 0.91464816518269232 -0.0040127217952685779,-3.6075794406635566 -40.439497965925511 -17.976086688101589 -2.1314217905328405 1.6739114518033311 -0.023017993699191663
ur,tetrapga,7.190621695,0.448070591,0.262177857,0.131600409,36.048759,43.90277,4.506094875,1,0,0,3.550395349,0.095479022,1,5,0,0,0 0 0.050000000000000003,0 0 0.050000000000000003,0 0 0.050000000000000003,wrist_3_link,-1,0,0 0 0,0 0 0,,-0.042424464356402215 -1.2813206145641067 0.083014398637569126 -1.5909263546234558 -0.018952546051515907 -0.027377519331362808,-0.027085196029361512 -0.051934739686261215 -0.0024597408324784488 0.024481038278258642 0.027965715149292945 0.022275667185053333,-0.18547431710330956 -1.6536826176185913 0.012249054296049789 -1.4846412805863671 0.10427671692240578 0.073423424454609726,0.080876160755622831 0.12320895477453775 0.14192335105476259 0.087170544630861352 0.010085681715845226 0.058471157515486927,-0.049112661017035916 -1.2959994223070468 0.081406840233868599 -1.5847140546178595 -0.011961301664843306 -0.021671414552623627,-0.32412614975291126 -0.5436995144714587 0.074759906434482548 0.37974535660081438 0.36910060828861779 0.33154971150535795,2.049642521628261 -173.5871524005787 -66.712620284923361 -4.2571266977906195 0.90406230383962449 0.012577380632877616,-2.0937033709296315 -42.776409459374918 -19.740061329338175 -2.3655657376648378 1.8576137362346934 -0.068383935822211583
ur,tetrapga,7.234618753,0.440028184,0.240052311,0.220310636,36.195218,44.063131,4.52440225,1,0,0,3.447400722,0.104447685,1,5,0,0,0 0 0.050000000000000003,0 0 0.050000000000000003,0 0 0.050000000000000003,wrist_3_link,-1,0,0 0 0,0 0 0,,-0.043897914835548217 -1.2831417854898424 0.083557158168337226 -1.5894040441032842 -0.017472018460409251 -0.026075536230409483,-0.040355616660692553 -0.037126303512501957 0.028023038523784561 0.053325561162790802 0.047812110764436269 0.043481315586059686,-0.18181237436884598 -1.6482228658649596 0.018461057641542104 -1.4808982078863124 0.10460666361594963 0.07593419880278339,0.085565945471406071 0.12494832141583172 0.14042360401451323 0.082956667044673305 0.0049084032119656364 0.055649739763718099,-0.04878657849004274 -1.2930765849315757 0.083574351029647054 -1.5839144199642594 -0.011863383694311511 -0.021181058350747017,-0.28516132046883347 -0.43824762914140047 0.13654397856801895 0.39307867453902112 0.3566595460393458 0.33655213009619178,0.97616956875539529 -183.58537389960057 -71.311921722433212 -4.6174479056167144 0.96553291023283838 0.011189716609856536,-17.259875586935323 -72.702509748864941 -21.932822179450795 7.4673779383465444 8.1894699448180717 5.0602607468132845
ur,tetrapga,7.278782422,0.431424722,0.248567874,0.119401433,36.081946,43.863728,4.51024325,1,0,0,3.305664033,0.080508523,1,5,0,0,0 0 0.050000000000000003,0 0 0.050000000000000003,0 0 0.050000000000000003,wrist_3_link,-1,0,0 0 0,0 0 0,,-0.046186185916005033 -1.2849184190533522 0.084646818184329786 -1.5874274735032079 -0.015714807345064755 -0.024428778021061352,-0.041129031080462577 -0.034718148886734065 0.015879082592790857 0.034064650873730271 0.0299811688754557 0.028825696941759616,-0.17793188241059904 -1.6426694630279099 0.024625490103272651 -1.4773305374972361 0.10470824273689752 0.078327957376126217,0.09014438606895081 0.12651320811582556 0.13870387824829464 0.078586254707720557 -0.00031141025980383684 0.052741868042694595,-0.04959157057138372 -1.2920990306491031 0.085441588215238562 -1.5824810867103682 -0.011023747075223082 -0.020092781329519298,-0.26314854604497867 -0.38769108207990943 0.16637545103126761 0.39873250292068962 0.34566855555813158 0.339017107048111,1.7195552646960648 -185.89398381235705 -71.954471484798205 -4.6451862214478172 0.97568014098851241 0.011934028459300333,8.240726603970387 -32.289401290849128 -17.910214900225583 -3.8877056728024399 0.60320841730866803 -0.90138656378353943
ur,tetrapga,7.322722771,0.424705799,0.214554921,0.14516137,36.045878,43.762916,4.50573475,1,0,0,3.161403338,0.165227485,1,5,0,0,0 0 0.050000000000000003,0 0 0.050000000000000003,0 0 0.050000000000000003,wrist_3_link,-1,0,0 0 0,0 0 0,,-0.047076636168459939 -1.2854906204588867 0.085459360443257734 -1.5862726755525547 -0.014763349465786986 -0.02347897556290264,-0.016551732787149935 -0.00045059162686175171 0.022307556907586085 0.023050794952121676 0.017222591149781388 0.018351913433218084,-0.17387326086960253 -1.637079547767043 0.030678734308767816 -1.4739754158126319 0.10458017894367445 0.080580566939672457,0.094566264858273491 0.1278884402640755 0.13678234491343505 0.074104717320133615 -0.005519279535950561 0.049776818819585213,-0.052037772587125178 -1.2958522912326724 0.08659324043308203 -1.5793099365155598 -0.0082720040793273671 -0.017391257367624521,-0.30577525196768207 -0.46915757294617388 0.14395652723043414 0.39639377435103845 0.34396787448696431 0.33769049523684691,9.6499435312657234 -169.24216693944004 -71.428739368761626 -5.2244952603857229 1.0357650814640265 -0.0045741082916612519,-1.7829701074319644 -46.629943132739754 -21.774205484520508 -2.5892422013830583 2.1336146617126488 -0.056377678257305774
ur,tetrapga,7.366584738,0.419263996,0.186048546,0.136309014,36.058772,43.772899,4.5073465,1,0,0,3.048290679,0.228064646,1,5,0,0,0 0 0.050000000000000003,0 0 0.050000000000000003,0 0 0.050000000000000003,wrist_3_link,-1,0,0 0 0,0 0 0,,-0.047508911861355828 -1.2847725264260814 0.086845492435554367 -1.5851762909918956 -0.014071782466430134 -0.022642092758032171,-0.011028692154567256 0.025388321473956622 0.040136907491577563 0.031669108168575377 0.019115056123068318 0.023630344056872466,-0.16963110131632567 -1.6314433320722224 0.036632429663655736 -1.4708254588121259 0.10422395670773366 0.082697716371116142,0.098842685387465934 0.12907895278757944 0.13465766950789834 0.069505345540095714 -0.010723911068610882 0.046749068468296302,-0.054623850355351368 -1.3001369241582754 0.087499161863622971 -1.5761704448599223 -0.005531952643057593 -0.014698109903415926,-0.32325972102827416 -0.53557911570037675 0.11324017881761815 0.39243645695469864 0.34250642953372168 0.33664343302607436,13.053600261305792 -156.17729265854518 -66.187403110838758 -4.8852532095817862 0.9787382882703286 -0.0043510697714943475,-5.2663272582436491 -44.981974575282948 -16.607707484259379 2.2854440211367546 3.9817385778884535 2.130433012518651
ur,tetrapga,7.410454794,0.4142318,0.181643455,0.176512723,36.064254,43.769774,4.50803175,1,0,0,2.965297388,0.247644114,1,5,0,0,0 0 0.050000000000000003,0 0 0.050000000000000003,0 0 0.050000000000000003,wrist_3_link,-1,0,0 0 0,0 0 0,,-0.048108232248059851 -1.2833812061998842 0.088712896357824977 -1.5839789782828619 -0.013443599320705052 -0.021764943959795131,-0.014203580284234267 0.038899010742009507 0.043603973363332355 0.024058141484140087 0.010626109674854032 0.016978137132428229,-0.16520363671949184 -1.6257578626764819 0.042489533007101531 -1.4678793472012726 0.10363933954986927 0.084680991470875849,0.10297772987178368 0.13008629063621219 0.13232926563066433 0.064786240061639161 -0.015927237007719853 0.043656396996505899,-0.057252211666118179 -1.3048903359435666 0.088182667299511255 -1.5730610818616473 -0.0028029547024120646 -0.012013855861320685,-0.32854516384585097 -0.59417647316139655 0.085438179486035687 0.38867037478437344 0.34112474258069103 0.33553175526190504,14.160039801198963 -144.23922055058341 -60.955327174837635 -4.5116523298582543 0.90903360364478658 -0.0038918743290995944,-0.37140095457135658 -56.240264481907616 -26.47690840985382 -3.1520423714428034 2.6864656846601207 -0.052334785223116853
ur,tetrapga,7.454319537,0.40792597,0.20283547,0.214116322,36.2207,44.303435,4.5275875,1,0,0,2.895053976,0.178714443,1,5,0,0,0 0 0.050000000000000003,0 0 0.050000000000000003,0 0 0.050000000000000003,wrist_3_link,-1,0,0 0 0,0 0 0,,-0.04949216830448603 -1.2825143089582731 0.091075095815265419 -1.5820186710239408 -0.012239181354301461 -0.020267953595570005,-0.030383979747440362 0.017476725670339366 0.046977038094388371 0.038303298155311243 0.023086799455261584 0.029209559983135826,-0.16059853723846712 -1.6200329388855921 0.048239400102135607 -1.4651430612749152 0.10282676604397326 0.086527030513190578,0.10696561161092687 0.13090911637953134 0.12980119935226839 0.059955864022629216 -0.021119357361339887 0.040503400363607014,-0.05529220376077422 -1.2970883051126387 0.090883173375143095 -1.5743715405478147 -0.0049607902896842693 -0.013435140079773165,-0.24000172193401381 -0.42324783271484212 0.15678647721934419 0.39604198687241465 0.32003471733406164 0.33822058108402275,7.0196937959009782 -168.12796894247498 -64.17902581441345 -4.1278011924905114 0.88402137469848685 0.012502825890598469,2.2149314785096408 -67.85672375411832 -32.117448334786218 -3.9285958551045042 3.3134430094343692 -0.090313462614453499
ur,tetrapga,7.498701137,0.399777083,0.248219138,0.282890874,36.140983,43.904812,4.517622875,1,0,0,2.782805561,0.120028284,1,5,0,0,0 0 0.050000000000000003,0 0 0.050000000000000003,0 0 0.050000000000000003,wrist_3_link,-1,0,0 0 0,0 0 0,,-0.051509883520080631 -1.2828561334484387 0.093419598795958597 -1.5794600047960703 -0.010478741033228552 -0.018243573880140845,-0.046973837255570347 -0.024057184749167709 0.053109383628054257 0.072612929367883119 0.052987739880615378 0.05769946726138804,-0.1557645259248176 -1.6142079881429638 0.053939727234414488 -1.462592557430364 0.10177321993105957 0.088252766472344354,0.11084679442800334 0.13155318633989208 0.12704358467797719 0.054962103207821189 -0.026353414324181867 0.037255287343061647,-0.055057151045086697 -1.2928493919023238 0.093679265497933262 -1.5737342648381027 -0.0052974105868909237 -0.013142886320511381,-0.20701342558240898 -0.35964657772311504 0.1909849265478018 0.39768847922997708 0.30279438432068589 0.33705883243070295,6.7213303360963899 -173.27867658213884 -66.730913072634692 -4.3587754680653577 0.91895032055431869 0.010735524882726307,-8.4830583236054906 -93.353988294460578 -31.769792641615936 6.6492813180529993 9.0066943376543485 5.2558263332708464
ur,tetrapga,7.542686358,0.390214477,0.266800999,0.226232113,36.108801,43.944103,4.513600125,1,0,0,2.639172301,0.072327415,1,5,0,0,0 0 0.050000000000000003,0 0 0.050000000000000003,0 0 0.050000000000000003,wrist_3_link,-1,0,0 0 0,0 0 0,,-0.053713811547551289 -1.2845608024016861 0.095175244309923385 -1.5768385973126549 -0.0085061094986023447 -0.016099985058634896,-0.042975646373183241 -0.046042613841062868 0.026280159277207851 0.049804441635062091 0.039506643051162936 0.041489875734993478,-0.15080717796250331 -1.6084109941270412 0.059464090419254732 -1.4602856974122194 0.10050046568783864 0.089819660294669174,0.11453656634316446 0.13200391895564875 0.12411631263432102 0.049914736873245782 -0.031513229904672493 0.033982507977298675,-0.055857998087077705 -1.2914202191426685 0.096032483634862331 -1.5721325405152744 -0.004604184998568352 -0.011946781687537232,-0.18406459884483933 -0.33939024883293678 0.20065359136674987 0.39423632001303999 0.28719688052228531 0.33433175025448847,7.2612918943621665 -171.05319058462464 -65.418549344552616 -4.2432222164640425 0.8985499286238352 0.011521534851892862,3.5322698474397498 -71.309477779194822 -33.934817018949389 -4.248165626091577 3.5320265148951355 -0.12827651541498142
ur,tetrapga,7.586705597,0.382673655,0.218425077,0.091540479,30.491029,38.50965,3.811378625,1,0,0,2.505717745,0.152467066,1,5,0,0,0 0 0.050000000000000003,0 0 0.050000000000000003,0 0 0.050000000000000003,wrist_3_link,-1,0,0 0 0,0 0 0,,-0.054235789819055219 -1.2853864013368628 0.095872936063525496 -1.5756888173156387 -0.0076453614303988822 -0.01513813983464761,-0.004700887261515756 -0.0054668185548992776 0.0192187061860104 0.024142422184953927 0.015900371695889714 0.019651337939595517,-0.14568702413560997 -1.6025937884596593 0.064859635995979895 -1.4582013352406809 0.099000264286821432 0.091242539353087307,0.11806893483804198 0.1322677124765432 0.12099734967312169 0.044773172174011132 -0.036641287888680957 0.030657604412521532,-0.057503843347033692 -1.2947134731174248 0.097499634202560637 -1.5689974713170434 -0.0023199832703842461 -0.0092830493578093531,-0.20573065749449831 -0.41165674684453585 0.18339382096228879 0.39188364977887613 0.28552521602301323 0.33296654121598485,11.567193455503643 -156.29554726175388 -65.739092762424391 -4.8374910801663464 0.96835462212602674 -0.0039677474992456021,-0.57950898158750874 -30.208358183445853 -13.635070566911395 -0.56776355115016486 1.7251595064450935 0.53121494654973134
ur,tetrapga,7.625323764,0.377293423,0.194079789,0.143969364,30.26899,38.175662,3.78362375,1,0,0,2.404594809,0.217041969,1,5,0,0,0 0 0.050000000000000003,0 0 0.050000000000000003,0 0 0.050000000000000003,wrist_3_link,-1,0,0 0 0,0 0 0,,-0.054271706879025813 -1.2849689223240497 0.096839958359541151 -1.5749089103155942 -0.0072276598021996192 -0.01453261336688976,-0.0021404238316349955 0.023410369951868851 0.031038035310657304 0.019165477124056789 0.0080928139622967969 0.014109251442197279,-0.14106977743559254 -1.59748389963342 0.069477004941833148 -1.456560497709066 0.097498952974745978 0.09236953646664274,0.12103283600365268 0.13234477246872797 0.11810854105170945 0.040194159805553027 -0.041104156396344252 0.027702925751736548,-0.059204822631164666 -1.2984799143250494 0.098753767053721256 -1.5658928614843353 -4.666408926155656e-05 -0.0066291140787587289,-0.21262241051637218 -0.47080515095308745 0.15676660639507756 0.38807622908852235 0.2841648976403362 0.33174190988132801,13.067982640136131 -144.78264323750059 -61.345237944337043 -4.550083537315496 0.91660262564036332 -0.0038663982707534349,-2.6933151427431028 -45.301922031309005 -21.595404607761907 -2.5589114759932272 2.2034071030028546 -0.043247933647151626
ur,tetrapga,7.663596503,0.372364052,0.185685958,0.162528767,30.256708,38.076395,3.7820885,1,0,0,2.328464483,0.256362401,1,5,0,0,0 0 0.050000000000000003,0 0 0.050000000000000003,0 0 0.050000000000000003,wrist_3_link,-1,0,0 0 0,0 0 0,,-0.054546680351224945 -1.2838100182320082 0.098466948071292068 -1.5738706794127171 -0.0067897694548060984 -0.013766979847579498,-0.0097805215665426708 0.038632995397594384 0.046233970979502645 0.02586660104709573 0.0090724163918181628 0.018480631506902448,-0.13638333299561073 -1.5924195122495037 0.073940357239593399 -1.4551099260115012 0.095841757435776956 0.093373252017420097,0.12384314204473748 0.1322788778007275 0.11510816807759197 0.035598547704768668 -0.045488203358923625 0.024742662686400754,-0.060905604154005297 -1.3026660955033529 0.099810077546490267 -1.5628175768463581 0.0022158485595642151 -0.0039853770646619182,-0.21259769035507861 -0.52327264728794309 0.13203881159612615 0.38441057974712944 0.28281408110322148 0.33046712676210138,13.249058417086962 -134.23461775152276 -56.82267083242219 -4.2244485416924888 0.85393606771009889 -0.0034983780803024478,-1.6308130573769688 -50.948048107199611 -24.379315101281918 -2.9334575840302932 2.5184003116293088 -0.056851112183824881
ur,tetrapga,7.701763528,0.36671514,0.20535458,0.208070966,30.273065,38.158641,3.784133125,1,0,0,2.27635277,0.230796093,1,5,0,0,0 0 0.050000000000000003,0 0 0.050000000000000003,0 0 0.050000000000000003,wrist_3_link,-1,0,0 0 0,0 0 0,,-0.055352739274236125 -1.2828096617082385 0.10067986316472274 -1.5721907024645256 -0.0059812619059685093 -0.012491738809475947,-0.024442713791826672 0.025907321545130372 0.057656750821317382 0.04300217327572177 0.020163895138108595 0.032580163155912591,-0.13160516334508923 -1.5873743156595621 0.078274473080533924 -1.4538395269481275 0.094022866315337003 0.094260802808861288,0.12651740941683853 0.13207234051394928 0.11198307725313485 0.030963757753139413 -0.049816222361733054 0.021761493739165274,-0.062579700588918999 -1.3072282627018657 0.10068923611162188 -1.5597697950139777 0.0044673774305680541 -0.0013519843833373602,-0.2092620543642123 -0.57027089981409951 0.10989482064145187 0.38097272904756541 0.28144110887547991 0.32917408516556973,12.78061008775096 -124.31859657354984 -52.571693902148702 -3.91377968720994 0.79272942822644521 -0.0031470543882018993,1.2538000381380812 -65.005971325522296 -31.210644841783676 -3.8668122493263581 3.2754829461079478 -0.10065160165232712
ur,tetrapga,7.739997456,0.359954137,0.232429245,0.23394896,36.041371,44.005806,4.505171375,1,0,0,2.141948434,0.1479909,1,5,0,0,0 0 0.050000000000000003,0 0 0.050000000000000003,0 0 0.050000000000000003,wrist_3_link,-1,0,0 0 0,0 0 0,,-0.056607305120685299 -1.2824675083744692 0.10314209533196636 -1.5699620418788109 -0.0047937233692209947 -0.010753069606823647,-0.032644198741685344 0.0015351893966958712 0.056126202291813518 0.053242458021439114 0.028936249385500275 0.041874134029965961,-0.12671876927338271 -1.5823308675887873 0.082494105671435267 -1.4527451714968682 0.092036089171481997 0.09503531391888366,0.12906575943413817 0.13172478876109744 0.10872268112579825 0.026274145275212303 -0.054102561884902582 0.01874865578190088,-0.060765536108413787 -1.2980452342614175 0.103276658857897 -1.5618696326902533 0.0018219044731403425 -0.0034713513121477271,-0.14650415670145536 -0.39966859040627006 0.17012414201285933 0.37453571951762754 0.24813468030835162 0.32264696036659724,10.932785413233464 -148.10911377601121 -55.961335814471781 -3.6258360029625374 0.77800282979563007 0.011319013281186445,3.0109563426486829 -72.922549826837894 -35.092343980954467 -4.409257717436958 3.7135828045515584 -0.12949281806220903
ur,tetrapga,7.784070954,0.350762784,0.260559919,0.239221738,30.242597,37.850591,3.780324625,1,0,0,2.068848288,0.17170322,1,5,0,0,0 0 0.050000000000000003,0 0 0.050000000000000003,0 0 0.050000000000000003,wrist_3_link,-1,0,0 0 0,0 0 0,,-0.058250487758177719 -1.28333739965857 0.10559949622840029 -1.5671608708968383 -0.0031429252773825045 -0.0085028793552956415,-0.034299004730538325 -0.028963293664598811 0.043999205892042523 0.056311201605557047 0.034609722952082971 0.045870141446920774,-0.12096863494842704 -1.5765372761789833 0.087200226693057756 -1.4517072443207704 0.089543934295855818 0.095784561514774214,0.13183845894330096 0.13115011718515787 0.10480762984369629 0.02081718831760879 -0.058975551539557414 0.015246342891457522,-0.06198096274895161 -1.3017154073772945 0.1045416431410575 -1.5588881667747254 0.0037958116305714406 -0.0009024486324279127,-0.15192833006722778 -0.45877163948462552 0.15812303539506242 0.37268323944096837 0.24673839467888728 0.32111283496497683,12.181379657053389 -135.26005843957716 -56.720630138622944 -4.1961793076712759 0.84669940968904023 -0.0031707481979577701,3.5721375340329473 -74.399912506544752 -35.88326074430131 -4.5406260297204426 3.8176488280387888 -0.14185121114166499
ur,tetrapga,7.822012536,0.341418757,0.287679868,0.235232722,30.416625,38.475948,3.802078125,1,0,0,2.020619167,0.069021402,1,5,0,0,0 0 0.050000000000000003,0 0 0.050000000000000003,0 0 0.050000000000000003,wrist_3_link,-1,0,0 0 0,0 0 0,,-0.059833171841249401 -1.285349786084405 0.10743229476851604 -1.5644184290470962 -0.001386207540068417 -0.0062419192585613167,-0.034977407015445564 -0.058103794876379546 0.03249948860507762 0.05922344898432616 0.03988445077289398 0.049651501550366156,-0.11592349382604335 -1.5715730039780473 0.09111075750503797 -1.4510071436361198 0.087227745951670238 0.096305474815251368,0.13408181390918236 0.13050680070002416 0.10130690440255445 0.016081596482685753 -0.063106440692102916 0.012209197260923448,-0.063188278827440339 -1.3057708852482373 0.10563761598519478 -1.5559348926044871 0.0057593149503200203 0.001657099135614494,-0.15091450981109197 -0.50693473386784382 0.13699660551715973 0.36915927127978904 0.24543791496857242 0.31994347100530079,12.129722158567521 -125.2009828948411 -53.030325919686078 -3.9515826558524707 0.7996844690783218 -0.0031490774202874786,3.5025235849757337 -72.947033837825984 -35.284908253849665 -4.5024566538986619 3.7622438980296238 -0.15349407670850512
ur,tetrapga,7.860567905,0.334020168,0.230336366,0.144756065,36.036113,43.899324,4.504514125,1,0,0,1.85021109,0.036837038,1,5,0,0,0 0 0.050000000000000003,0 0 0.050000000000000003,0 0 0.050000000000000003,wrist_3_link,-1,0,0 0 0,0 0 0,,-0.060142997271554956 -1.2865297561029569 0.10799531163659783 -1.5633133116471079 -0.00066411812602034357 -0.0052951458682718271,-0.00043644490790410034 -0.014991544935133171 0.015450041662678309 0.022033701429133565 0.013265847690386405 0.01851640515689788,-0.1107121843641556 -1.5665561158704855 0.094946180530218457 -1.4504803725004385 0.08471478513506972 0.096716414745908322,0.1362234543583733 0.12971303699039138 0.097629950276737959 0.01123922910840979 -0.067237956025703746 0.0091048763739316699,-0.06242274853773308 -1.2991466315483611 0.1081955942545543 -1.5567955158620261 0.004209027547602771 0.00064403537742708638,-0.094638811029429837 -0.37453885909549556 0.17239130545725007 0.35357328297140272 0.20767864193161673 0.30788234296946904,11.365985592859445 -140.77567757325068 -52.43129143223171 -3.3596560709279726 0.7213961271427799 0.01186493233050199,-2.6382651071281202 -44.637195487184727 -21.713409696541817 -2.6368286206152334 2.2949632775772004 -0.056818218761135242
ur,tetrapga,7.904572263,0.325618357,0.25907668,0.228311565,30.373366,38.230934,3.79667075,1,0,0,1.786804762,0.155627607,1,5,0,0,0 0 0.050000000000000003,0 0 0.050000000000000003,0 0 0.050000000000000003,wrist_3_link,-1,0,0 0 0,0 0 0,,-0.06063938559637435 -1.2873985340357295 0.10942435382982171 -1.5615177578031332 0.00034396164153843852 -0.0038201015988483006,-0.017609401691826138 -0.02572089433443292 0.045697498261196151 0.06208440234716818 0.035256768419425114 0.050315092613310006,-0.10466708972937507 -1.5608712121162438 0.099147405098505267 -1.4501079557551202 0.081653854117813743 0.097038770156882781,0.1384955830765873 0.12863576282948755 0.093291076165489609 0.0056824197037763065 -0.071865256140479269 0.0055432063417740728,-0.063189548039303087 -1.302586547067963 0.10950258319070399 -1.5539819315360908 0.0058601561528201836 0.0030964169283370755,-0.09584993769625097 -0.42998943995022626 0.16337361701871131 0.35169804074191569 0.20639107565217651 0.30654769386374864,11.997438837281299 -128.55475112251017 -53.844083016481775 -3.9923753536287507 0.80759883475610439 -0.0028790526421463201,-5.6419479553226779 -75.342816324137857 -23.956693651412195 6.8763797838701066 6.9012484397428224 5.0264573248593853
ur,tetrapga,7.942903414,0.317470295,0.259494974,0.206764436,30.482392,38.142032,3.810299,1,0,0,1.747966727,0.094553647,1,5,0,0,0 0 0.050000000000000003,0 0 0.050000000000000003,0 0 0.050000000000000003,wrist_3_link,-1,0,0 0 0,0 0 0,,-0.061498835250527496 -1.2886044534641161 0.1110795391661789 -1.559407129905247 0.0015109705222353862 -0.0020830208849391863,-0.019655209963062303 -0.030717162434549 0.03392504386575261 0.04585864001230737 0.02581032446742814 0.037975910518761119,-0.099322910135830847 -1.5559608328446728 0.10264898873571941 -1.4499832434046063 0.078823246892546758 0.09719157104766657,0.14032343010741272 0.12754971282765526 0.089392548314566667 0.00082209585245952182 -0.075813801451230331 0.0024277051793347927,-0.063930698286395624 -1.306384029293336 0.11065472465005095 -1.5511947426363277 0.0075013240721464687 0.0055386385903965947,-0.092643780886567717 -0.47468527817162348 0.14401768241836937 0.34839861247037296 0.20514598991578561 0.30527770775743984,11.578679029176536 -119.16112019405489 -50.524529027753843 -3.7739753855764264 0.76494166807681674 -0.0029187232730985974,1.2787317914780374 -63.616964209729304 -31.014665439620728 -3.9144431425120274 3.3430399138517135 -0.11727889129379676
ur,tetrapga,7.981146844,0.310883894,0.220566705,0.150890058,30.361248,38.31238,3.795156,1,0,0,1.732167344,0.068502946,1,5,0,0,0 0 0.050000000000000003,0 0 0.050000000000000003,0 0 0.050000000000000003,wrist_3_link,-1,0,0 0 0,0 0 0,,-0.061703741518386583 -1.2890036945899885 0.11201965846407301 -1.5583629580532554 0.0020111597169210076 -0.0012222877367118736,-0.0019180296856946936 0.0021754152868601129 0.02715827591954131 0.023663709288741761 0.0096391407647050571 0.018948414588464375,-0.093923849454069994 -1.5511057802171564 0.10599159229627426 -1.4500447400743841 0.075849826393797753 0.097224827288680205,0.1420051523642466 0.12633035824214095 0.085396816168966758 -0.0040398180792858111 -0.079671924825501159 -0.00068980612099759481,-0.0646337688112682 -1.3104973077318096 0.11165813629957123 -1.5484329546029325 0.0091321421757242695 0.0079700841636357895,-0.087883815609072602 -0.51415980480920231 0.12542645619003515 0.34522350417441039 0.20385226294722517 0.30393069665489925,10.831906592553301 -110.49454990554339 -46.918505834278548 -3.5116880662744618 0.71264249057591456 -0.0026618675885942645,-2.4369012505520686 -46.085645798404585 -22.633508730543781 -2.7684270975305481 2.4384895622334417 -0.058187982058855781
ur,tetrapga,8.019548918,0.304117066,0.234484163,0.193968469,36.237329,44.319177,4.529666125,1,0,0,1.538686488,0.003374408,1,5,0,0,0 0 0.050000000000000003,0 0 0.050000000000000003,0 0 0.050000000000000003,wrist_3_link,-1,0,0 0 0,0 0 0,,-0.062080356498891084 -1.2891574079819272 0.11368856615164336 -1.5567615935036896 0.0026985585917033293 7.1044580870075123e-05,-0.011351952893912392 -0.002084651508062712 0.041459702551319047 0.038200616132014642 0.015761421449480197 0.030718274016615324,-0.088440433099526247 -1.5462801066351919 0.10919232189388095 -1.4502937430534131 0.072717249714163656 0.097138123246838223,0.14354987713992448 0.12497077411375311 0.081282105860695716 -0.0089291306224451375 -0.083459435974432145 -0.0038266120536215062,-0.063740344261813769 -1.3026813367768013 0.11401077247786093 -1.5500168217889594 0.0071705619313811872 0.0063108426251919109,-0.047910200841765324 -0.35674736499163351 0.16717765653170419 0.32255653304395226 0.1569014434584235 0.28628478161737236,14.024447033554573 -130.59145661953207 -48.888545083723315 -3.2018627400639854 0.6821900855829125 0.0099830532474159892,0.079714019799325797 -59.346100041031605 -29.095270358957407 -3.6375527483278347 3.1614160892155745 -0.094794402840073566
ur,tetrapga,8.063968957,0.295635534,0.253335569,0.217485617,30.279949,38.187477,3.784993625,1,0,0,1.50188589,0.136726511,1,5,0,0,0 0 0.050000000000000003,0 0 0.050000000000000003,0 0 0.050000000000000003,wrist_3_link,-1,0,0 0 0,0 0 0,,-0.062775600123369552 -1.2898120907432582 0.11580950460825255 -1.5545450149016433 0.0036803490628563979 0.0018796072694796586,-0.015060032125979615 -0.018280655123006688 0.041408055979881335 0.045219296479039307 0.020408234134999061 0.037152891089416856,-0.082027564896358984 -1.5407668794443232 0.11269492583791885 -1.4508160304060567 0.068914750862237001 0.096887474253702241,0.14515516544885121 0.12323107230943683 0.076400338811668494 -0.014586365843872375 -0.087726012617548102 -0.0074592114478982102,-0.064045654346037845 -1.3059274040005913 0.11528742054646243 -1.5474550051471505 0.0084203710570376986 0.0085938907475898701,-0.038159079432651816 -0.40574253917097214 0.15960923208183742 0.32025252984425234 0.15623963938415034 0.2853982373276065,12.887548750178841 -119.67663545012351 -50.103457295239025 -3.7386714112162651 0.76112657364884995 -0.0025394101051618287,1.6110743931444631 -66.525192625306772 -32.62284262283481 -4.116640021816238 3.5683297723091396 -0.11480173768175028
ur,tetrapga,8.102248917,0.287338187,0.273864457,0.226158608,30.356842,38.048296,3.79460525,1,0,0,1.487847671,0.047144939,1,5,0,0,0 0 0.050000000000000003,0 0 0.050000000000000003,0 0 0.050000000000000003,wrist_3_link,-1,0,0 0 0,0 0 0,,-0.063512380513938191 -1.2912278061637525 0.11767338602129657 -1.5522301989910845 0.0047824077280915374 0.0038046033845876423,-0.015981797600301578 -0.040206784670595325 0.036192355233345193 0.050221678384958883 0.024980749110371989 0.042295411836896224,-0.076447098585402967 -1.5360805951077416 0.11553737778785457 -1.4514676398062423 0.065487899447590897 0.09654200687643677,0.14638118233794215 0.12158987173335592 0.072093246332398359 -0.019456793864336408 -0.091299102281586747 -0.010590109955882032,-0.06428078137298375 -1.3094925161805129 0.11642812569481908 -1.5449170702754906 0.0096606754502525129 0.010865897408807525,-0.029386197272879375 -0.44562315868739999 0.1426163670512309 0.31726730857561014 0.15505154782893832 0.28401805468006852,11.472583965551852 -111.11047834418144 -47.146474734558751 -3.5377261683138581 0.71964945307394457 -0.0026021836073630814,2.2237049079754456 -69.037783281066368 -33.923791207674583 -4.3176295473613209 3.7241915876114451 -0.13072783025641144
ur,tetrapga,8.140395573,0.280784939,0.227434271,0.152605173,36.078068,43.858188,4.5097585,1,0,0,1.336945715,0.002352013,1,5,0,0,0 0 0.050000000000000003,0 0 0.050000000000000003,0 0 0.050000000000000003,wrist_3_link,-1,0,0 0 0,0 0 0,,-0.06352798654090587 -1.2918824192963345 0.1184515814217867 -1.5512737584661378 0.005179986011922798 0.0046192052194185098,0.0033928193074038958 -0.0046183629378100267 0.021636092899526709 0.020664598986643756 0.0071566695245021995 0.017174736690343136,-0.070842161442254928 -1.5314755957719042 0.11820423195638856 -1.4523022692759477 0.061938817009458622 0.096078557188135391,0.14745704579648863 0.11982540953798908 0.067713711094772325 -0.024300032208488108 -0.094759539463715847 -0.013707543221062319,-0.063904089097622449 -1.3032428486283845 0.11876820381775088 -1.5457784204975025 0.008288120289521415 0.0098507145676181903,3.9197962974427125e-05 -0.31941467934367646 0.16605789418432337 0.28963695897304953 0.10848044414276323 0.26352901770207737,15.671894616448707 -126.43211577540356 -47.145658752450665 -3.1084863371446576 0.65841431681190254 0.0094888517055402161,-2.5321698667975738 -46.047099898464694 -22.890775907309944 -2.8090109709155513 2.5242922968650614 -0.052716120826120871
ur,tetrapga,8.184355242,0.273291258,0.258070076,0.226668258,30.306483,38.226825,3.788310375,1,0,0,1.308464786,0.129478309,1,5,0,0,0 0 0.050000000000000003,0 0 0.050000000000000003,0 0 0.050000000000000003,wrist_3_link,-1,0,0 0 0,0 0 0,,-0.063633260144849338 -1.2922697293231522 0.12011918305690834 -1.5496376876949201 0.005751143732292241 0.0059765238819153568,-0.0057959935277059919 -0.014300089237001299 0.048723623205579034 0.054312982441788851 0.020677150825945942 0.044942184861056306,-0.064336025235628327 -1.5262556485765431 0.12106811557370417 -1.4534928227859336 0.057687899624882258 0.095397131783807015,0.1485152505368382 0.11763474392819577 0.062564539825593249 -0.029861518469126051 -0.098617615491706542 -0.017293215470638629,-0.06377531274938586 -1.306169082582177 0.12004714686130402 -1.5434782465396575 0.0091498741603832558 0.011951196703545119,0.016099384077254267 -0.3657713123226532 0.15988199219746818 0.28753446953968587 0.10772598319627333 0.26256887800479689,13.548793137376666 -116.07965106739103 -48.564243101620221 -3.6366778623171632 0.74298734651467568 -0.002360493721522988,-1.2165592627648607 -74.800525181492048 -25.091421603379274 5.2526260723279847 5.7041256522996431 4.4608847425764395
ur,tetrapga,8.222681583,0.26627775,0.256078193,0.214621941,30.391252,38.179128,3.7989065,1,0,0,1.302420607,0.064359492,1,5,0,0,0 0 0.050000000000000003,0 0 0.050000000000000003,0 0 0.050000000000000003,wrist_3_link,-1,0,0 0 0,0 0 0,,-0.063901643875500291 -1.2930072663365404 0.12181461439546064 -1.5478673006039041 0.006381603546428815 0.0074593897629753455,-0.0062528411607179748 -0.020699417751041203 0.037873726366965926 0.041077133925657899 0.014934059039675943 0.034588751547443522,-0.058628878585560533 -1.521785932977384 0.12337858761624226 -1.4547298529029002 0.053845692919220089 0.094674581543658765,0.14927844849297295 0.11558953995537098 0.057991217802207715 -0.034686803543219014 -0.10186320096983036 -0.020410259336108794,-0.063550275924300875 -1.3093982010333018 0.12119963831715622 -1.5412006185574381 0.010002999908925714 0.014040489673093747,0.028131943683301651 -0.4036318744891893 0.14407554373484915 0.28471622258648821 0.10664746790635085 0.26117023220750957,11.560169963662116 -108.02543701185112 -45.873726621484309 -3.4523725856727965 0.70378660119588787 -0.0024578702566738567,1.1381363764180037 -65.039661106286076 -32.193291126441011 -4.0661081492798985 3.5794251132610313 -0.10686344301818096
ur,tetrapga,8.260957282,0.260451266,0.223186434,0.161252537,30.245761,38.136643,3.780720125,1,0,0,1.320040814,0.021153095,1,5,0,0,0 0 0.050000000000000003,0 0 0.050000000000000003,0 0 0.050000000000000003,wrist_3_link,-1,0,0 0 0,0 0 0,,-0.063817615382197421 -1.2931749679999627 0.12290348690061932 -1.5469057584251598 0.0066182213247282561 0.0082654790066990086,0.0039849758033561992 0.0078436522570714713 0.028438815614405668 0.019848495438455769 0.0030250340463340805 0.016094629862183914,-0.052902926483216775 -1.5174027262551699 0.12550966134927191 -1.4561493063067481 0.049886589693956228 0.0938339679538122,0.14989191400218133 0.11342345446660883 0.053350899758167342 -0.039478093519039553 -0.10499040228356345 -0.023511741217375086,-0.063252296722161594 -1.312896810613178 0.12222694162845951 -1.538945346454814 0.010847461186291847 0.016118592179276456,0.037249740815087931 -0.43731826558312026 0.12842702566623543 0.28192173763707618 0.10556440900930981 0.25977142428676908,10.015228712063921 -100.53370142659548 -42.849522170471381 -3.2288966014933309 0.65758584784934615 -0.0022728658882863241,-2.2526777676718552 -48.33281531218563 -24.187880543184349 -2.9748580550658517 2.7075195613112921 -0.049432011027629841
ur,tetrapga,8.299191494,0.254748699,0.236076364,0.20029775,30.225529,37.855089,3.778191125,1,0,0,1.30101938,0.061869425,1,5,0,0,0 0 0.050000000000000003,0 0 0.050000000000000003,0 0 0.050000000000000003,wrist_3_link,-1,0,0 0 0,0 0 0,,-0.063775124782638526 -1.2930872853803734 0.12455359895014023 -1.5455769977927845 0.0068824278550708258 0.0093690114761760725,1.3953455938861569e-05 0.003597652868629818 0.040965206551519071 0.031730540756013129 0.0057829393249379012 0.026218465338248294,-0.047162581882222741 -1.513109367548594 0.12745978662602739 -1.4577496992047885 0.045814516833111857 0.092876009995236097,0.15035596041032748 0.11113860062468726 0.048647626078052633 -0.044231185152871479 -0.10799641466800823 -0.026595646981502855,-0.063355350735527519 -1.2941017623814175 0.12608642599546693 -1.5438686633959438 0.00687815966926954 0.011041563709424079,0.052471755888876426 -0.12680962513050234 0.19160338066583782 0.21354179960507591 -0.00053352322516070187 0.20906902915600087,27.10077136169933 -145.42563399034924 -50.440178838348743 -3.1394272535318759 0.67062593280140692 0.016364097441032864,-0.036053594510349285 -60.343104761199356 -30.044662507553539 -3.7555893382832437 3.3698835528710163 -0.080930262143560583
ur,tetrapga,8.337144708,0.248730961,0.251815933,0.222878182,30.345338,38.016467,3.79316725,1,0,0,1.212906202,0.029239422,1,5,0,0,0 0 0.050000000000000003,0 0 0.050000000000000003,0 0 0.050000000000000003,wrist_3_link,-1,0,0 0 0,0 0 0,,-0.063801028633196116 -1.2933770584722983 0.12636260804263291 -1.5439746647804866 0.0072348647600887859 0.010719798882259523,-0.00031061408043039863 -0.011200898342539295 0.043667191065767198 0.039763542731734935 0.0089307842945561319 0.03371762668271077,-0.041449679099698156 -1.5089362030189959 0.12921653020027041 -1.4595173571089091 0.041660977795534258 0.091808789239929189,0.15066932061291219 0.10875308478900246 0.043916601192259555 -0.04891138318462665 -0.11086011786848188 -0.029640091981448038,-0.062601918918904681 -1.295568319406611 0.12762991672088853 -1.5421866672298643 0.0068912189870493513 0.012724392124417628,0.094178977077854303 -0.18331962814917374 0.19293634067769994 0.21024952075993131 0.0016324147224763622 0.21035355187419358,21.191474626689477 -133.62405523891709 -55.15628860707433 -4.149565994220902 0.85775281521223135 -0.0024251789546476952,1.2965803752395573 -67.210698658644105 -33.431727239858446 -4.2219176706221333 3.7578203881195265 -0.10421835996777773
ur,tetrapga,8.375228563,0.242113265,0.267312936,0.232466252,30.253882,38.129088,3.78173525,1,0,0,1.151508143,0.019897877,1,5,0,0,0 0 0.050000000000000003,0 0 0.050000000000000003,0 0 0.050000000000000003,wrist_3_link,-1,0,0 0 0,0 0 0,,-0.063792850080488323 -1.2943338836387583 0.12819463177413795 -1.5420941934307926 0.0077079501059733203 0.012337818961870355,0.0014295417959614373 -0.030901368797111292 0.0394117503903363 0.04407923117192928 0.011851146851155412 0.038389388715718668,-0.035707964339228772 -1.5048418795775895 0.13079772633521217 -1.4614688391490154 0.037386240900758275 0.090622114465354717,0.15083615853936527 0.10624410583924337 0.039111829802000078 -0.053564375967553916 -0.11360964452417679 -0.032675463913453238,-0.061630082196192801 -1.2973992808476977 0.12903835215652257 -1.5405242435675732 0.0068949736524984576 0.014393210184136611,0.12147959033898459 -0.22887018013583951 0.17605442945425478 0.20780295778638369 0.0004693331811383187 0.20860225746487274,16.79650590810121 -125.2495664701448 -52.94784925752792 -3.996231205937403 0.81930729697292237 -0.002828280459522341,1.8612797107996926 -70.015951808108184 -34.869937867546696 -4.4345989467847176 3.9290060860252822 -0.11869771729679002
ur,tetrapga,8.413421597,0.238608212,0.187544142,0.087894132,30.317394,38.293264,3.78967425,1,0,0,1.114942534,0.102629201,1,5,0,0,0 0 0.050000000000000003,0 0 0.050000000000000003,0 0 0.050000000000000003,wrist_3_link,-1,0,0 0 0,0 0 0,,-0.063252138357627802 -1.293492285874033 0.12844211829066851 -1.5423563876731436 0.00736941295856229 0.012108414691642602,0.014017487499383099 0.052904169812793576 0.016148363006403769 -0.010634561728083875 -0.012940083004111829 -0.010835926357666736,-0.029946240902115753 -1.5008339539529085 0.13219866066660646 -1.463602966903095 0.03299652272675669 0.089316360222237504,0.15085500135381261 0.10361448304001959 0.034240510583031784 -0.058181846205959599 -0.11623874872452317 -0.035697134945275551,-0.060511322806909726 -1.2995606606996883 0.13030118818529951 -1.5388822822021571 0.0068897473093084919 0.016048206703753919,0.13984492366038478 -0.27017248149882878 0.15785450359711672 0.20524517067701503 -0.00065329289874566706 0.20687456495216366,13.863595336420637 -117.56020540884697 -50.007320523702091 -3.7738387008115275 0.77096075648129103 -0.0027085535047203357,-7.010909623041357 -25.060665080563012 -13.184119728088092 -1.4838329046460785 1.5260048940221456 0.034181966275077968
ur,tetrapga,8.451807638,0.236286464,0.199521691,0.168900889,30.436459,38.475577,3.804557375,1,0,0,1.105612338,0.140713272,1,5,0,0,0 0 0.050000000000000003,0 0 0.050000000000000003,0 0 0.050000000000000003,wrist_3_link,-1,0,0 0 0,0 0 0,,-0.062821578040670525 -1.2911701839855905 0.13003526601708404 -1.5421273671228262 0.0068410101733567307 0.012250542726530166,0.0073240168242902663 0.069725834443937387 0.049602989083375043 0.0082770458128453295 -0.01423848267167404 0.0048102599402141547,-0.024157544127054648 -1.4969091218570607 0.13341827331722439 -1.4659245441935915 0.028485980913162276 0.087888201398480623,0.15072427197515803 0.10085973031354391 0.029296478752504646 -0.062768043499581622 -0.11874825150524601 -0.038708721087402705,-0.059287945290287379 -1.3020242566214919 0.13142535354248466 -1.5372610221352048 0.0068765491673030655 0.017690472180813155,0.15292218957779311 -0.30794949022543533 0.14052066964814458 0.20265750836903951 -0.0016497677506782781 0.20528318463240433,11.77965157203359 -110.28305289864878 -47.061870315618947 -3.5517352069575967 0.72416411344379106 -0.002518063599758022,-2.4768462582855477 -50.23290309728327 -25.335133353889773 -3.0513776639427306 2.8980780748686783 -0.014628941745879587
ur,tetrapga,8.490365179,0.23384938,0.213610047,0.219898183,30.276297,37.990657,3.784537125,1,0,0,1.122042655,0.117608221,1,5,0,0,0 0 0.050000000000000003,0 0 0.050000000000000003,0 0 0.050000000000000003,wrist_3_link,-1,0,0 0 0,0 0 0,,-0.062505909675351912 -1.2888633440948609 0.13232000026013938 -1.5413757565238222 0.006333895994477666 0.012847106459286847,0.0077089396172656637 0.062381787849786013 0.062032466718214614 0.020146722927708638 -0.01333709014083764 0.01569904213654898,-0.01835094012420109 -1.4930753367962981 0.13445142946586561 -1.4684325749558702 0.023860945852537962 0.086337820128546683,0.15044218813295482 0.097982571195012858 0.024287092777617418 -0.067314299596211519 -0.12113153171466572 -0.041705406913266047,-0.057985341964752204 -1.3047629274420562 0.1324205104604691 -1.5356599692237352 0.0068558104595756288 0.019320620040487048,0.16282541569189715 -0.34233385257055526 0.12439461474805581 0.20013161393370105 -0.0025923384659295376 0.20376848245923682,10.197528279277133 -103.37646436377513 -44.219200078128083 -3.338832382877599 0.6800085969494527 -0.0023170826187148491,0.40193957426487259 -66.033930029564544 -32.984727518176953 -4.0473632018019998 3.7659501030516456 -0.048555717753934857
ur,tetrapga,8.528451286,0.231100579,0.225339864,0.249377802,30.214472,37.825199,3.776809,1,0,0,1.162555228,0.04583662,1,5,0,0,0 0 0.050000000000000003,0 0 0.050000000000000003,0 0 0.050000000000000003,wrist_3_link,-1,0,0 0 0,0 0 0,,-0.062091591597651943 -1.2869920803131325 0.13489163777196087 -1.5402631722901861 0.0058590787862175297 0.013786949880125387,0.011413496099833288 0.041282441580213575 0.061014957919359875 0.02703976541548023 -0.011046802979016015 0.022961277615463314,-0.01262884026762341 -1.4893993628816007 0.13528160106012824 -1.4710808118889294 0.019204880545839818 0.084693537122627269,0.15001561265819244 0.095035093631853876 0.019301616256160285 -0.071740341942953784 -0.12334733839490014 -0.044634856761249612,-0.056619557437301293 -1.3077505880166429 0.13329702224018283 -1.5340785914014503 0.0068279815683079973 0.020939237723714473,0.17072306593136347 -0.37345757182333444 0.10956397246421834 0.19767222778560226 -0.003478611408453887 0.20232721040342833,8.9148042892743433 -96.818643368531326 -41.498791945722459 -3.1361703531380196 0.6383666029264855 -0.0021177871689825808,1.983848487876628 -75.098940230361222 -37.406670278717968 -4.6317893006189479 4.2694319833649814 -0.07115135308153242
ur,tetrapga,8.566361078,0.227636968,0.23669346,0.260711342,30.313991,38.226539,3.789248875,1,0,0,1.170623927,0.066917564,1,5,0,0,0 0 0.050000000000000003,0 0 0.050000000000000003,0 0 0.050000000000000003,wrist_3_link,-1,0,0 0 0,0 0 0,,-0.061513462103719822 -1.2861238279392002 0.13718472475731086 -1.538992849496815 0.005493843696052182 0.01491906470028689,0.016825339283059387 0.014791954399815356 0.053777839746022377 0.031195635843327234 -0.0084309197589245554 0.028141434510205551,-0.0069521279307363923 -1.4858538172576574 0.13591875092248734 -1.473882900678013 0.01448920170625889 0.082946683242378028,0.14944552612455572 0.092000021276138863 0.0143075475033832 -0.076077094974931342 -0.12541345541035737 -0.047517921635076107,-0.060673865606473899 -1.2868180693990827 0.13839939782050606 -1.5380458157410486 0.0046724502018346747 0.016074364547479843,0.10494956215574026 -0.086780182485324472 0.15183413289939918 0.11837921947081648 -0.10267418677718844 0.14441248089911909,34.75229069380628 -146.68708962396988 -54.001008970303879 -3.7164093906745919 0.75373365084432031 0.0085063460242898251,2.5073109700924192 -78.468355822525155 -39.106701326186453 -4.8757563359104097 4.4663821728637902 -0.087205770874170696
ur,tetrapga,8.604653017,0.223444196,0.248629527,0.25974453,30.227989,38.059199,3.778498625,1,0,0,1.101883049,0.002434386,1,5,0,0,0 0 0.050000000000000003,0 0 0.050000000000000003,0 0 0.050000000000000003,wrist_3_link,-1,0,0 0 0,0 0 0,,-0.060707037192913073 -1.2862359226855971 0.13921766970271829 -1.5375711712848128 0.0052096463962698226 0.016241203411213885,0.022218281183300687 -0.012994302074674622 0.042709613762114594 0.032984374288444189 -0.0056904877613773658 0.031268752050490005,-0.0012429331523489183 -1.4823912445403904 0.13636959874513258 -1.4768787261339713 0.0096492115727612321 0.081071941955026386,0.14872300059522436 0.088834824136496987 0.0092363275411808995 -0.080382886977102622 -0.12735640657229616 -0.050394177897541768,-0.059745572744250595 -1.2870756807543626 0.14026779686574053 -1.5367656243781724 0.0042710051446138604 0.01730122422559743,0.12018305608281005 -0.10496975859570749 0.13126589537778074 0.10069336333003923 -0.11733015645699529 0.1325026017979431,36.048682938310165 -140.7535651069785 -52.062477704915999 -3.6380196438546308 0.73230791973963982 0.0070442749544216733,2.3497270356618856 -77.986560973807173 -38.961679455649232 -4.8859806906812082 4.4561348894285935 -0.096847220352138663
ur,tetrapga,8.642791137,0.21870633,0.260741299,0.252931647,30.364524,38.174526,3.7955655,1,0,0,1.040499129,0.000474106,1,5,0,0,0 0 0.050000000000000003,0 0 0.050000000000000003,0 0 0.050000000000000003,wrist_3_link,-1,0,0 0 0,0 0 0,,-0.059739239449899978 -1.2873099286310314 0.14078725567700234 -1.5361471603385026 0.0050222971985399729 0.017615315437306465,0.02729570544585911 -0.037569880407625107 0.032686951528161333 0.034254821749657806 -0.0035213391635469725 0.03375111538168768,0.0044130414436936169 -1.4790649026205787 0.13662518995192371 -1.4800248995361849 0.004757500500273096 0.079095982414024449,0.14785762067260422 0.085586013001700989 0.0041639925915577707 -0.084591865135118918 -0.12914509658536491 -0.053220449459677063,-0.058281903655831233 -1.2883116889677 0.1412935339484582 -1.5359704585007361 0.0033309179343797447 0.018352716361342836,0.18295863605242046 -0.15450102666717533 0.12821713533970933 0.099395734679555342 -0.11751090127926449 0.13143651696817565,25.693544357825367 -131.10292809486631 -54.276224870300034 -4.1174556850394231 0.85816306043799795 -0.0023321335277229679,1.8773790623851028 -75.665214446836217 -37.939747028541717 -4.7873613862548154 4.3481462875095609 -0.10446360018057277
ur,tetrapga,8.681059147,0.216713618,0.211364424,0.076646557,30.3412,38.300992,3.79265,1,0,0,1.006067213,0.106621002,1,5,0,0,0 0 0.050000000000000003,0 0 0.050000000000000003,0 0 0.050000000000000003,wrist_3_link,-1,0,0 0 0,0 0 0,,-0.059206867554596525 -1.2867839670591603 0.14083243087000327 -1.5364421824205183 0.0047902636557942734 0.017350806291504303,0.0028672920827667869 0.049447539644618177 0.010771746650496168 -0.011975883166337985 -0.008361246845708251 -0.012964676234371491,0.010052326291146396 -1.4758535649484879 0.13668688625016587 -1.4833415294889531 -0.00021658954548566296 0.077005731178994993,0.14684400144022766 0.082232719359733752 -0.00094181798082617577 -0.088730548868800579 -0.13079050652280064 -0.056015215539263342,-0.056507526603097477 -1.2898892405146334 0.14219871704641579 -1.5351952546499854 0.002389310543769107 0.019395521215732774,0.22179713159171954 -0.19719394336668156 0.113147887244699 0.096900481343833236 -0.11770092382632971 0.13035060679874233,19.139047622081772 -123.39991837996824 -52.145551094559046 -3.9566159217639552 0.8161505069815258 -0.0026078192119015266,-8.2331035796813694 -20.748782344719075 -11.496983476804587 -1.3241356707931118 1.3467458201172064 0.04088238422851731
ur,tetrapga,8.719459242,0.216765692,0.225871321,0.159342336,30.316147,38.059517,3.789518375,1,0,0,0.999696637,0.179022137,1,5,0,0,0 0 0.050000000000000003,0 0 0.050000000000000003,0 0 0.050000000000000003,wrist_3_link,-1,0,0 0 0,0 0 0,,-0.059086334291959274 -1.2843144654723504 0.14229711268378681 -1.536376751657863 0.0042959260205637419 0.017296063989475446,0.00053647635052270074 0.078319747709932094 0.049607658786994732 0.0046040100639948402 -0.014377829782820192 5.0798563829522598e-05,0.015669296268820604 -1.4727618830811382 0.13655216715709279 -1.4868270958602547 -0.0052682193646090619 0.074801596125175687,0.14568163988961932 0.078777112568145125 -0.0060761505040512979 -0.092793488911076985 -0.13228888203848768 -0.058775645375114802,-0.054535156571407895 -1.2917816501563504 0.14297260628685471 -1.5344405794683762 0.0014464394226088636 0.020429685400414475,0.24654625396119823 -0.23655120521461931 0.096736155054866158 0.09433439770115562 -0.11785889014503043 0.12927052308521245,14.965404172415743 -116.15426991028339 -49.453413580926565 -3.7461878887836706 0.76817853371030931 -0.0025278722978971132,-3.4129464330570727 -46.485466282497327 -23.901350449849815 -2.9046650267619043 2.7623707740187422 0.0001828639852092806
ur,tetrapga,8.757620105,0.217325621,0.232068381,0.220338742,30.296157,38.367259,3.787019625,1,0,0,1.019250449,0.187663619,1,5,0,0,0 0 0.050000000000000003,0 0 0.050000000000000003,0 0 0.050000000000000003,wrist_3_link,-1,0,0 0 0,0 0 0,,-0.058878860833797453 -1.2814955103260317 0.14453898272068505 -1.5359643709358202 0.0035163535878313338 0.017582851209170233,0.0059463293037719887 0.078819443447445139 0.062857970205448879 0.011603256343296326 -0.021119794961386801 0.0078171802908278409,0.02120431650641583 -1.469822588491231 0.13622284611350774 -1.490443726447779 -0.010342447003860097 0.072507055196018855,0.14438354967218517 0.075256369485950492 -0.011183925472727438 -0.096737086151787513 -0.13362424868799547 -0.061472717081582438,-0.052430270518281315 -1.2939638898740555 0.14361845743315624 -1.5337058637421226 0.00050230190844192935 0.0214553049270352,0.26311075664082273 -0.27277996471314747 0.08073139328769012 0.091839465781692886 -0.11801718927086678 0.12820244082759036,12.173754258614817 -109.24290420217733 -46.713904280623701 -3.5354919486305021 0.72240806992742213 -0.0023751663672521291,-0.080429670480668847 -65.492833262502245 -33.050811282020732 -4.046274460276436 3.8194285417323028 -0.024171726991767173
ur,tetrapga,8.796083467,0.217901561,0.233024885,0.257535553,30.314947,37.992637,3.789368375,1,0,0,1.065202037,0.141590216,1,5,0,0,0 0 0.050000000000000003,0 0 0.050000000000000003,0 0 0.050000000000000003,wrist_3_link,-1,0,0 0 0,0 0 0,,-0.058383820427400576 -1.2788769835067992 0.14708783622771499 -1.5353495005416213 0.0025342531896970209 0.018110180595458766,0.014760267028866412 0.061469971993082032 0.061724666514418831 0.015126835844593229 -0.023808633089181491 0.013052223440114868,0.026730340025807035 -1.46699757166512 0.13569365580247178 -1.4942394173004776 -0.015505458752818585 0.070091109197617713,0.14293225188694339 0.071623795238667257 -0.016332214996819205 -0.10061245118404578 -0.13481321041356961 -0.064142102083788927,-0.050231493824601514 -1.2964109612593855 0.14414337663599563 -1.5329903301506707 -0.0004431631615220607 0.022472493730956691,0.27484708670997532 -0.3058839231662408 0.065614900354925704 0.089441698931494118 -0.11818313374549876 0.12714860049018639,10.186915521489144 -102.65981364814088 -44.033664775817059 -3.331934336756607 0.67935415402217025 -0.0022004841225173955,1.8028165526231987 -77.035989491761029 -38.630332996693596 -4.7457531937043314 4.4639198185100417 -0.040560712385037334
ur,tetrapga,8.834169348,0.217885585,0.232863615,0.273435353,30.413683,38.404174,3.801710375,1,0,0,1.1356994,0.049620655,1,5,0,0,0 0 0.050000000000000003,0 0 0.050000000000000003,0 0 0.050000000000000003,wrist_3_link,-1,0,0 0 0,0 0 0,,-0.057541446526865284 -1.277217122157404 0.14932942244137842 -1.5346689775314799 0.0015303474420142625 0.018781028072459342,0.024775458601505689 0.035971338488181778 0.05339686627216457 0.016692557283383078 -0.024500094606478416 0.016741636050990109,0.03214444932366723 -1.4643394805994188 0.13497462914063713 -1.4981427777620682 -0.020659865441020664 0.067598672428282214,0.14135523058676541 0.067947386469367224 -0.021424623581851196 -0.10434688941053705 -0.13583343826560668 -0.066734324899895822,-0.04796227633227107 -1.2990983586945799 0.14455594482878234 -1.5322931456620787 -0.001390036093570472 0.023481369067558593,0.28365218654130536 -0.33592467939929149 0.051571024098336707 0.087148061073994643 -0.11835911650605142 0.1261094170752376,8.6775222550806888 -96.396475048632354 -41.447388627134636 -3.1370637489811561 0.63877497421231 -0.002020017168720435,2.4458982170678212 -81.887966145563041 -41.015302991704743 -5.0541151940242344 4.7429987842384991 -0.052043485136998413
ur,tetrapga,8.872645585,0.217263045,0.234769795,0.275089868,30.364553,38.329155,3.795569125,1,0,0,1.191483029,0.081617113,1,5,0,0,0 0 0.050000000000000003,0 0 0.050000000000000003,0 0 0.050000000000000003,wrist_3_link,-1,0,0 0 0,0 0 0,,-0.056307350646716908 -1.2765018846695069 0.15126605296892975 -1.5339356196878653 0.0004906706542244266 0.019582728444729566,0.03387703684527734 0.007323031566764236 0.040871731733860731 0.016798066979934762 -0.023650050364375268 0.01901521852086939,0.037550374055003402 -1.4617978065943227 0.13405148296103697 -1.5022285044011132 -0.025903488360766707 0.064981465706582253,0.13962217260144452 0.064156639624565942 -0.026558365748535415 -0.10801121293660805 -0.13670380995468351 -0.069299203511158231,-0.055096245183287568 -1.2770137665117718 0.15188972300789144 -1.5339891811578277 -0.0012222885262842429 0.020052418788182529,0.15138818292866729 -0.063985230283106001 0.077958754870212574 -0.0066951837452883557 -0.21411989756358366 0.05871129293162046,42.390561550104252 -150.76689122250639 -59.386674444569785 -4.4658296137159983 0.86549867437796035 -0.00076477032291616203,2.312404905980884 -82.274488364304489 -41.26348026758933 -5.1001840514718424 4.7771652459426566 -0.059066222955372893
ur,tetrapga,8.911076395,0.216045558,0.23921299,0.269130005,30.256916,37.951605,3.7821145,1,0,0,1.114328956,0.032391079,1,5,0,0,0 0 0.050000000000000003,0 0 0.050000000000000003,0 0 0.050000000000000003,wrist_3_link,-1,0,0 0 0,0 0 0,,-0.054801473826818513 -1.2768304946323337 0.15268144366833644 -1.5332320101628765 -0.00048245682009299192 0.02042727339387105,0.042053284400171566 -0.018660553906763962 0.02920855828351215 0.016627853247016103 -0.022856500266859123 0.020767949580954931,0.042880681748258563 -1.4594061476037001 0.13293254614067651 -1.5064479871040888 -0.031171234584678503 0.062269914790715843,0.13775250208768861 0.060297196755639763 -0.031669692641993923 -0.11155813594145322 -0.13741087624003795 -0.071804582490962846,-0.053453017589392408 -1.277477465301232 0.15313296775227669 -1.5334301283340142 -0.0022976506727679256 0.020796548217900428,0.16855702967826283 -0.080871333612276455 0.056440510492531168 -0.02476477139222304 -0.2268992315843667 0.046159353003672361,43.697708548170418 -145.57201340325815 -57.775134078851671 -4.4082789599886993 0.8501734758653422 -0.0021680087979903018,1.7766266683148899 -80.264857201797895 -40.369500749184112 -5.0075602719880408 4.6819859560494539 -0.064435413240431672
ur,tetrapga,8.949125707,0.214299664,0.245101302,0.257741551,36.271092,44.051673,4.5338865,1,0,0,1.065462247,0.001432586,1,5,0,0,0 0 0.050000000000000003,0 0 0.050000000000000003,0 0 0.050000000000000003,wrist_3_link,-1,0,0 0 0,0 0 0,,-0.05296666013648494 -1.2780908602915195 0.15371792466357578 -1.5325205346313049 -0.001455598824818405 0.021350321397803726,0.048134668790526296 -0.041342176524730642 0.017983517372587798 0.015920947702378268 -0.021630110009494441 0.021639025679946512,0.048084711601409036 -1.457185666219774 0.1316315923300678 -1.5107576804901548 -0.03641038871856745 0.059491524238575892,0.13576664254373205 0.056407772872316499 -0.036708819461991712 -0.11495437885398661 -0.13794991966957446 -0.07422719423338367,-0.051514285916618649 -1.2786822681093204 0.15375838027287633 -1.5332528292256493 -0.0037394410492143657 0.021387832781820475,0.21194411829000331 -0.11226316411805758 0.041616758118761046 -0.034687217873714801 -0.23285203755265005 0.039299746746049802,37.024709002279707 -138.86030669400685 -56.691113232165371 -4.3539192290218791 0.87294553525798768 -0.0030504545191431193,1.0060192259704479 -76.55713047862082 -38.661232650679779 -4.8145947113998773 4.4934553563100312 -0.067050988174294446
ur,tetrapga,8.993281864,0.215872751,0.242517864,0.082551036,30.22831,37.903503,3.77853875,1,0,0,1.048912575,0.158162288,1,5,0,0,0 0 0.050000000000000003,0 0 0.050000000000000003,0 0 0.050000000000000003,wrist_3_link,-1,0,0 0 0,0 0 0,,-0.052534314584265648 -1.2773770624163938 0.15375223096348886 -1.5328613232459471 -0.0015675935561969699 0.021007636807440774,-0.0077864068170964054 0.056002283040278225 0.019178619592104925 -0.0066457646462366668 -0.0042262671627237274 -0.0097032766607617893,0.054025757277853061 -1.4547960322916631 0.12988215973679806 -1.515917945433499 -0.042511875803208317 0.05615322203382643,0.13329645157865197 0.051813913376170889 -0.042522958447842783 -0.11874642320195331 -0.13837328687419442 -0.076963471567443736,-0.049308846135722513 -1.2799345703171563 0.15398797435993997 -1.5335458264406727 -0.0055986571962449664 0.02169567498822992,0.27567997261201715 -0.15653777597948429 0.02869926088295402 -0.036624651877934046 -0.23240201837882504 0.03848027580118038,26.276028536686596 -131.00728423387989 -54.979896531991471 -4.1913427473820244 0.87428012193017413 -0.0025603124765141141,-8.4141351128933195 -21.781026515789563 -12.382655381022914 -1.5177520847501 1.4383454940225646 0.030851682215562448
ur,tetrapga,9.0312871,0.219688944,0.257068936,0.174998037,30.314544,38.212319,3.789318,1,0,0,1.057793845,0.24908961,1,5,0,0,0 0 0.050000000000000003,0 0 0.050000000000000003,0 0 0.050000000000000003,wrist_3_link,-1,0,0 0 0,0 0 0,,-0.05255830277234616 -1.2745984218423154 0.15544571976195523 -1.5328076143206575 -0.0021780860241124109 0.020937877578576777,-0.0025344792557529723 0.086488341773332408 0.053512783257058369 0.0032017013367575502 -0.016719456774305839 -0.0014364348494124888,0.059049061994096985 -1.452903012973473 0.12817152457597866 -1.5204908246923317 -0.047774900037462931 0.053184528785199817,0.13103015513039468 0.047795347316788049 -0.047492188583844519 -0.1218774551281584 -0.13856279488638487 -0.079251470162428991,-0.046783268440783204 -1.2815180912792661 0.15409207807516337 -1.5338559363670843 -0.0074543847698248129 0.021997194764174523,0.3156972118674134 -0.19794012026370966 0.013012964402925806 -0.038763740801434451 -0.23196594669748077 0.037689971993075493,19.521999196198806 -123.55355792981851 -52.410096602275623 -3.9813622757832454 0.82222890314435138 -0.0025650803449975947,-3.090513304594964 -50.669728758485689 -26.24970550888645 -3.2302381357385457 3.0404397039926723 0.0047422127379519452
ur,tetrapga,9.069597256,0.224057132,0.258342628,0.237971664,30.335033,38.14862,3.791879125,1,0,0,1.094285238,0.268819807,1,5,0,0,0 0 0.050000000000000003,0 0 0.050000000000000003,0 0 0.050000000000000003,wrist_3_link,-1,0,0 0 0,0 0 0,,-0.052345109941916004 -1.2714840157292737 0.15772299059638339 -1.5326025624041772 -0.0031696192019844511 0.021055355345558784,0.0074813817569996969 0.085750739367304013 0.063196878371512527 0.0061157815649729597 -0.026556316600548382 0.0033763680869095458,0.064023026805548167 -1.4511504646239608 0.12625674478572319 -1.5252183852799195 -0.053084299639756381 0.050105249076844043,0.1286166484683903 0.043688178041311074 -0.052462950499799495 -0.12490533388881167 -0.13858938872368304 -0.081492729787906365,-0.044049987285090936 -1.283409914902317 0.15406845940624234 -1.5341828414539262 -0.009306736358256535 0.022292393861595945,0.34166014446153387 -0.23647795288138035 -0.0029523336151295043 -0.040863135855239333 -0.23154394855396521 0.036899887177677747,15.129029220585744 -116.38418434127153 -49.6720095734849 -3.7643665688753143 0.7725429190192562 -0.0024540684695765484,0.30434148512074444 -70.352871729551225 -35.695749574336674 -4.3809079044585815 4.1397656442179303 -0.010511986187751177
ur,tetrapga,9.107817158,0.228371066,0.246994192,0.273861453,30.906842,39.349183,3.86335525,1,0,0,1.157183146,0.230778377,1,5,0,0,0 0 0.050000000000000003,0 0 0.050000000000000003,0 0 0.050000000000000003,wrist_3_link,-1,0,0 0 0,0 0 0,,-0.051703486954674804 -1.2685712489990739 0.16009679665743107 -1.5324511687249909 -0.0045702795601816242 0.021244460208900532,0.019500481438497114 0.067977401113462788 0.056480798392950178 0.0034127947532047319 -0.034184668826440938 0.0045830543667869303,0.068890705133818203 -1.4495598504915139 0.12415753502723338 -1.5300478850573973 -0.058379052264195319 0.046948942816634448,0.12608199160789588 0.039538300141895771 -0.057378392634438433 -0.12779413075823176 -0.13845094798558877 -0.083661496139928182,-0.041176231413746725 -1.285585801795136 0.15392127513198642 -1.5345258959758197 -0.011155866192674195 0.022581319686804834,0.35921948391802666 -0.2719858616023863 -0.018398034281990733 -0.042881815236684856 -0.23114122930220751 0.036115728151111311,12.138739666376287 -109.52029812003637 -46.930683317012317 -3.5515408785759375 0.7259136688827873 -0.0022995395889824741,2.0272172275774949 -81.579026781827451 -41.079217965681778 -5.0175732379966576 4.7751621342297881 -0.014458642220141371
ur,tetrapga,9.14726581,0.232062412,0.234713558,0.287693707,30.359963,38.237902,3.794995375,1,0,0,1.25079456,0.138061329,1,5,0,0,0 0 0.050000000000000003,0 0 0.050000000000000003,0 0 0.050000000000000003,wrist_3_link,-1,0,0 0 0,0 0 0,,-0.050530233323548092 -1.2665618244804355 0.16208328394042951 -1.532410679979344 -0.0062068872911069549 0.021473942412486416,0.032289195990559794 0.040778920154996866 0.043102195544913499 0.00054442487642499893 -0.037514730209296951 0.005314879778190576,0.073810727846074314 -1.4480854388179911 0.12179479391311616 -1.5351456835590249 -0.063835101128429633 0.043605642223115818,0.12333548883598057 0.035204431948679546 -0.062400651723455484 -0.13063389483135457 -0.13813495608033652 -0.085827425857743264,-0.038202887738544515 -1.2880211861564124 0.15365755335721942 -1.5348843438891746 -0.013001931735691068 0.022864040298838106,0.37166795940027619 -0.30442304515955143 -0.032965221845873027 -0.044805989169370161 -0.23075819287710916 0.035340076504158803,9.9914738300243595 -102.97160410190092 -44.250287931843125 -3.346004869346114 0.68205981493004142 -0.00212708693070565,2.4128128897968679 -85.861467198263199 -43.154056087002573 -5.2607457928143049 5.0224050411549435 -0.016801116674272976
ur,tetrapga,9.18557812,0.234875018,0.225746633,0.288495826,36.25804,44.120248,4.532255,1,0,0,1.197501471,0.010011413,1,5,0,0,0 0 0.050000000000000003,0 0 0.050000000000000003,0 0 0.050000000000000003,wrist_3_link,-1,0,0 0 0,0 0 0,,-0.048969741394886572 -1.2656701599978157 0.16346236535601424 -1.5324718813542055 -0.0078502328067960644 0.021712957113981364,0.044601235012550464 0.012849448382091755 0.029101493717780733 -0.002115074149967013 -0.039660614018919592 0.0058853277039968158,0.078482905696403218 -1.4468180308814984 0.11931151909501211 -1.5402011429262408 -0.069118795361895594 0.040278258577256247,0.12054389351841835 0.030950456696688812 -0.067223114881703697 -0.13325043527991792 -0.13765966395810886 -0.087858373663943112,-0.041346671296818127 -1.2783092028285035 0.15835429876306906 -1.5344268457903758 -0.012603889155675998 0.022284277968883208,0.27995540873717645 -0.18294121892367984 -0.025707574193472461 -0.093591646085698046 -0.27222586055405407 -0.00052759219081607855,28.707781833398538 -130.8942461259835 -55.719616444672823 -4.3741604343566207 0.84892101639378059 -0.006486618394707884,2.2103639734468175 -86.054134293402058 -43.274373829727097 -5.2731942964246628 5.0468796187659315 -0.018561252349201141
ur,tetrapga,9.229772063,0.237180756,0.21668718,0.280786771,30.248419,37.975793,3.781052375,1,0,0,1.273568141,0.079559247,1,5,0,0,0 0 0.050000000000000003,0 0 0.050000000000000003,0 0 0.050000000000000003,wrist_3_link,-1,0,0 0 0,0 0 0,,-0.046597801978873622 -1.2658767090658671 0.16445072006926637 -1.5326594542660286 -0.0098562268451673467 0.022015318335388518,0.057695355753523719 -0.019543978705176018 0.015878814189157528 -0.0071339186787788885 -0.051871835010083314 0.0080370279866348749,0.083736355866526058 -1.4455595483232175 0.11621907834959506 -1.5461534882126367 -0.075186664701197614 0.036345337159439627,0.11717514325956771 0.025993909889290089 -0.072711653432410928 -0.13609134831850198 -0.13690544341783981 -0.090109725849815414,-0.038703412560638625 -1.2800855737606252 0.15801199075006953 -1.5352000904773369 -0.014748050399821194 0.022282863428581465,0.33040734202243738 -0.22204636651520052 -0.042788501624942091 -0.096655585870140268 -0.26802015551814934 -0.00017681753771764299,21.919340714680263 -123.42217975018784 -52.357305745445444 -3.9930501466022736 0.83102114685782202 -0.0025271616869271341,14.416681539742655 -92.587808069395578 -42.118015631693311 -6.2803830292778002 1.1110955910979818 0.5472487160231907
ur,tetrapga,9.267847364,0.238598453,0.222150856,0.263129927,36.202824,44.036437,4.525353,1,0,0,1.246952115,0.026525531,1,5,0,0,0 0 0.050000000000000003,0 0 0.050000000000000003,0 0 0.050000000000000003,wrist_3_link,-1,0,0 0 0,0 0 0,,-0.04425717627224654 -1.266997706053453 0.16478283434786389 -1.5328910873472865 -0.011531664719229914 0.022272845818003942,0.06041504240016185 -0.038447530915027971 0.00064732669823305074 -0.006257797985052215 -0.037564370993132715 0.0060038814059322695,0.088140569526175383 -1.444651735261913 0.1133616480652796 -1.5513793011854746 -0.080384166037870325 0.032878750186357102,0.11414817210950064 0.021685782110698555 -0.077370809071252225 -0.13838319849421715 -0.13607905375027868 -0.091968790099212938,-0.03923438517924123 -1.27485786654269 0.16096505819125534 -1.535146214814068 -0.015549224902242448 0.022024601259642364,0.28073865465016884 -0.16452832945638018 -0.05404429471392036 -0.13757823771953598 -0.30117091783961186 -0.031656670456292571,32.487616917388962 -136.15287792227181 -58.337113588624263 -4.6288382763695539 0.90072769015970511 -0.0080150879252731035,0.184706690938782 -77.941086383775655 -39.469488976175285 -4.8219759825187793 4.6102015720192036 -0.018768742842560471
ur,tetrapga,9.311987778,0.241841128,0.2274594,0.170513287,30.250232,38.270497,3.781279,1,0,0,1.310947239,0.107043651,1,5,0,0,0 0 0.050000000000000003,0 0 0.050000000000000003,0 0 0.050000000000000003,wrist_3_link,-1,0,0 0 0,0 0 0,,-0.042585316761871904 -1.2678457563019028 0.16475154442727841 -1.5331630341947506 -0.012458573595623346 0.022302065930074028,0.028169165657865189 -0.0017858425674575837 0.0088632411079365807 -0.010335948897242455 -0.032948283534408727 -0.00019031423669589243,0.093099115294607002 -1.4438054428666638 0.1098288302150279 -1.5575428983154265 -0.086365911716398597 0.028773375562192918,0.11049847480027224 0.016653374381293069 -0.082684786615566219 -0.14085577308285083 -0.13491713645222525 -0.094028185641509929,-0.036539551245519421 -1.2765015459246305 0.16038510232529013 -1.5362658902567798 -0.017941234332684474 0.021769694188507469,0.3368542417152261 -0.20545992274255528 -0.072494483245652275 -0.13995943033898658 -0.29900117880525323 -0.031863383891862079,24.108692971945175 -128.68012445379662 -54.543165151514977 -4.1588350465378108 0.86639221999527416 -0.0026635604100737707,6.9192792729946007 -54.268718561865171 -25.576993053569254 -5.7397924230863282 -1.4658550571048181 -0.0018337801438264023
ur,tetrapga,9.350360067,0.245848803,0.235229655,0.20851258,30.267833,38.280598,3.783479125,1,0,0,1.389911673,0.087898585,1,5,0,0,0 0 0.050000000000000003,0 0 0.050000000000000003,0 0 0.050000000000000003,wrist_3_link,-1,0,0 0 0,0 0 0,,-0.041332517295685642 -1.2676386707557805 0.16529740495350759 -1.5334580081716469 -0.013671207032557432 0.022296202796217288,0.03126965013581938 0.01110621829954749 0.016930084493077115 -0.0063791113621625584 -0.029055092591061604 -0.0001360890680624048,0.097276381863782985 -1.4432508169695224 0.1065687117293688 -1.562986444013557 -0.091520739242765811 0.025132334013286562,0.1072063891451541 0.012250257180049294 -0.087222538569373134 -0.14284132891109627 -0.13372997821464983 -0.095732929823509089,-0.033555601996562982 -1.2784627838633631 0.1596760825784331 -1.5373976423192508 -0.020333373262495135 0.021508805711722645,0.37299365611955465 -0.24515474234157897 -0.088627468357129938 -0.14146900780886343 -0.29901736622633279 -0.032611059598103218,18.086230240758915 -121.14250401769786 -51.571141349907016 -3.9107475534460034 0.80645683408422253 -0.0024957489109962315,-2.2806886956270773 -60.699627398496887 -31.276887035162758 -3.84595486278522 3.6429944999766839 0.00055482615254476286
ur,tetrapga,9.388735868,0.251014833,0.250314401,0.183381035,36.0541,43.801901,4.5067625,1,0,0,1.405584063,0.078490357,1,5,0,0,0 0 0.050000000000000003,0 0 0.050000000000000003,0 0 0.050000000000000003,wrist_3_link,-1,0,0 0 0,0 0 0,,-0.040367410381496098 -1.2666875633827921 0.16613485997937313 -1.5337015400078315 -0.014699732710236961 0.022221850298948298,0.019176148130970811 0.037169044197466326 0.027958038313928613 -0.0045870209943585493 -0.024652355459710288 -0.0020042555135391213,0.101325610225961 -1.4428655533824364 0.10313569047789743 -1.5685037194670886 -0.096627332976440689 0.021427090305204972,0.10380619952905652 0.0078249366943263007 -0.091679454534424845 -0.14467190392085763 -0.13237895205793132 -0.097356515638236621,-0.034674549121618006 -1.2736622964748405 0.16227056170938772 -1.5370253056804695 -0.020182159131277636 0.021332903067809363,0.28586963342644156 -0.13589035647038195 -0.079363696189424238 -0.18446431461604523 -0.33320076811394861 -0.066553117190764066,34.524437324406108 -144.835613058782 -62.919043406937227 -5.0463497370996588 0.97532065272561885 -0.010303639815768605,-3.6805252231884538 -52.709119599784572 -27.507155176721312 -3.405174499522218 3.1906564592693236 0.0064928386653591019
ur,tetrapga,9.432608042,0.257567116,0.245321737,0.237894375,30.303451,38.200249,3.787931375,1,0,0,1.477602453,0.175002179,1,5,0,0,0 0 0.050000000000000003,0 0 0.050000000000000003,0 0 0.050000000000000003,wrist_3_link,-1,0,0 0 0,0 0 0,,-0.039160591727700512 -1.2649816803306779 0.16747784842567306 -1.5341409770134304 -0.016401959056669149 0.022073895979129003,0.027663093900432253 0.040684408391153337 0.03141217690349371 -0.008739856305799671 -0.036198832525087987 -0.0030884717743465983,0.1057922269327692 -1.4426336258203063 0.099003638471005365 -1.5748932192959733 -0.10239760877804957 0.017116961926091048,0.099790973580618988 0.0027446854434663736 -0.096668982340806855 -0.14657150470279978 -0.13063522987055937 -0.09911097606503827,-0.031919686749232491 -1.2751044437819947 0.16145948626087117 -1.5385207756356756 -0.022822137191806612 0.020799771342368129,0.34435779654818977 -0.18026841339427169 -0.10138443106457057 -0.186933744400751 -0.32999725756612203 -0.066641465680154319,25.806013722616367 -136.9664156337893 -58.164067314227182 -4.4336714899508056 0.92387800299498224 -0.0029676373628877962,-0.68378663695230557 -69.864747080418965 -35.68415619397274 -4.3607409405312865 4.1487844561342726 0.0094871352182366309
ur,tetrapga,9.470898966,0.26292301,0.233867477,0.264747531,30.307247,38.035333,3.788405875,1,0,0,1.563640904,0.124732949,1,5,0,0,0 0 0.050000000000000003,0 0 0.050000000000000003,0 0 0.050000000000000003,wrist_3_link,-1,0,0 0 0,0 0 0,,-0.037586645572913129 -1.2637225744007732 0.16859350209820115 -1.5347283936012657 -0.018355965968169692 0.021895454352598542,0.039190259413365729 0.026385996040838081 0.024149735277021429 -0.012919169069259153 -0.042837225626455436 -0.0039247548640992435,0.10954446910920371 -1.4426136456812777 0.095220287745970578 -1.5805345599050005 -0.10736782776499512 0.013294052601362039,0.096178527236925188 -0.0017027896946939284 -0.10092628529201653 -0.14805856071544951 -0.12894112862840082 -0.10055190454142136,-0.028862508554907188 -1.2768954923576945 0.16050591526978941 -1.5400288851988717 -0.025460336021130597 0.020262569005319218,0.38214727429066292 -0.2238810719624782 -0.11919637388522156 -0.18851369539952284 -0.32977485366549814 -0.067150292131113773,19.506403099373784 -128.82173681840746 -54.835111294388525 -4.1545485760600132 0.85667879453989715 -0.0027317497051664828,0.5460429334781054 -78.306885682119173 -39.712129660624328 -4.8247506000370777 4.6217050442386522 0.011893339624002408
ur,tetrapga,9.509044646,0.268919939,0.250685069,0.220215849,36.04123,43.937513,4.50515375,1,0,0,1.585841957,0.091619158,1,5,0,0,0 0 0.050000000000000003,0 0 0.050000000000000003,0 0 0.050000000000000003,wrist_3_link,-1,0,0 0 0,0 0 0,,-0.03651846063180867 -1.2626394055956838 0.16940963292810793 -1.5350857719504081 -0.019474988454749556 0.02173032555400416,0.022422515511372604 0.033466801714686197 0.023530775226923987 -0.0077209493287817661 -0.026189747098853459 -0.0040356061004814155,0.11314308379853023 -1.4427632377625224 0.091291000662871408 -1.5862080605744819 -0.11225167058549711 0.0094324062230030058,0.092483112651207011 -0.0061413761433779688 -0.10507230019675554 -0.14937949792259925 -0.12709540971917943 -0.10190215182134095,-0.030355278101078277 -1.2707605234088084 0.16404797089835077 -1.5394183965614512 -0.025357984783960969 0.020178471217410669,0.29190081153495606 -0.12413430401489271 -0.11372540007473669 -0.23263349835141017 -0.36129031825261193 -0.10224700778137701,35.574661929862209 -152.35923299756939 -67.134267299572016 -5.4315249444645346 1.0468370336278947 -0.012623727094116896,-1.8966445110648067 -64.25962580848136 -33.03237735997061 -4.0617016330443221 3.8032086517115999 0.012532044457415736
ur,tetrapga,9.553049675,0.275881982,0.221547554,0.275796765,30.310013,37.975749,3.788751625,1,0,0,1.663615651,0.170909616,1,5,0,0,0 0 0.050000000000000003,0 0 0.050000000000000003,0 0 0.050000000000000003,wrist_3_link,-1,0,0 0 0,0 0 0,,-0.035102786186201503 -1.261238130921378 0.17038592558572369 -1.535805315494438 -0.02134948897829617 0.021412430422827488,0.037681903166652458 0.027553240709204268 0.019063500680307974 -0.026447338838479773 -0.058471292055909896 -0.010558208857666403,0.11711691240493559 -1.4431462380822004 0.086564282126449607 -1.5928114032860277 -0.11779415267530009 0.0049158648030143623,0.088104598121001548 -0.011265992910799251 -0.10973137299944447 -0.15070199122321976 -0.12477241358883226 -0.10335239425879296,-0.027546839551308835 -1.2721312160601237 0.16293363499636138 -1.5413012743721424 -0.028217118215593567 0.019362028775546963,0.35105481872118 -0.17133658141440186 -0.13929198774867335 -0.23535972633639785 -0.35739167895407459 -0.1020553052329634,26.983248367561586 -144.14222538302948 -61.336546931873038 -4.6723320859225588 0.97319695245841897 -0.0032443376220454381,13.772825485619876 -82.861714682964703 -41.369514797995066 -9.9052164621343763 -0.87251522415147775 -1.0550724852881501
ur,tetrapga,9.591120941,0.28128062,0.224449025,0.267740364,36.142278,43.85788,4.51778475,1,0,0,1.717523069,0.11641591,1,5,0,0,0 0 0.050000000000000003,0 0 0.050000000000000003,0 0 0.050000000000000003,wrist_3_link,-1,0,0 0 0,0 0 0,,-0.033400815620634343 -1.2605394147629987 0.1709234756675829 -1.5366495038945962 -0.023297820823919096 0.021063736999166877,0.044453938338988398 0.012059946873344756 0.010226436365389996 -0.019960713174736747 -0.044856316073828527 -0.0081335983353736461,0.1203975073001745 -1.4436595330420574 0.082311733991022179 -1.5985677709379666 -0.12250347439925555 0.00095873946571001093,0.084220569412794766 -0.015698376749051828 -0.11365028481264312 -0.15167026535427949 -0.12259726211257371 -0.10451281055634319,-0.02814905717657629 -1.2672006161980316 0.16579769469808386 -1.5411528581342635 -0.028814090550053326 0.019157028530091557,0.29059630117441282 -0.10816259830880534 -0.14135757923603026 -0.27218362511177568 -0.38207762878712437 -0.13198179465817045,37.479699776084445 -160.27659768216427 -71.063236056253288 -5.7655522114283375 1.1169991983571135 -0.013939538940222212,0.48973700483449534 -79.283121701669188 -40.161054623580412 -4.8535493012759616 4.6638306494801398 0.024878823429816066
ur,tetrapga,9.635061292,0.28842319,0.228983625,0.235409429,30.307311,38.278549,3.788413875,1,0,0,1.784960558,0.195373069,1,5,0,0,0 0 0.050000000000000003,0 0 0.050000000000000003,0 0 0.050000000000000003,wrist_3_link,-1,0,0 0 0,0 0 0,,-0.031993685385026761 -1.259728244943682 0.17145629677700261 -1.5373018101468348 -0.024704784490909713 0.020738011521400455,0.027422075451713726 0.026759715449194046 0.014206930795176372 -0.025822388763013279 -0.048119003783826712 -0.012277220440428994,0.12399778215078329 -1.4444615968613266 0.077220951555262776 -1.6052530751755241 -0.12783188813945989 -0.0036610265777206065,0.079631956837117907 -0.020806753586274915 -0.11803846921923859 -0.15258297643757293 -0.1198988330818455 -0.10574177746022735,-0.025341662586776878 -1.2684708510682678 0.16444173236151161 -1.5433511014355745 -0.03184579437222352 0.018102035171925681,0.35092432372492643 -0.15877935877954469 -0.16949529207153244 -0.27478041266388958 -0.37896297777127408 -0.13187416977073441,28.415863839915723 -151.72482961594943 -64.604467508147252 -4.9161515727650915 1.0230525773289441 -0.003501730521245128,10.014683624431655 -66.997929932270381 -35.311414309921588 -10.459987639495012 -2.120446386350828 -1.6147773847254427
ur,tetrapga,9.673415101,0.294794939,0.237357432,0.243725264,30.375594,38.448844,3.79694925,1,0,0,1.867085596,0.189340468,1,5,0,0,0 0 0.050000000000000003,0 0 0.050000000000000003,0 0 0.050000000000000003,wrist_3_link,-1,0,0 0 0,0 0 0,,-0.030705220037278613 -1.2587459964521306 0.17197998718438698 -1.5381279189812451 -0.026384422755792961 0.02032083586266396,0.033165103171267217 0.025732948729959324 0.014143422764138745 -0.019034470557375414 -0.039458495347838678 -0.0097350306684014249,0.12697372211434937 -1.4453449471637367 0.07262225648927445 -1.611117563784114 -0.13238266720539152 -0.0077356139032334027,0.075538164669078631 -0.02525432123514789 -0.12174589358943558 -0.15319879116245771 -0.11738140062928148 -0.10671658634242163,-0.022217058140297331 -1.2701442149976214 0.16291824012361647 -1.5455606837220952 -0.034872655944060943 0.01704458797869492,0.3905755558099433 -0.20917049116920317 -0.19043652973689326 -0.27619778581509397 -0.37835769647967799 -0.13218089915384526,21.822696696194875 -142.5298031592215 -60.653407807433027 -4.5848630974490518 0.94491597275923556 -0.0031458356099995886,-0.70662233250357076 -71.702820360867008 -36.558789617128809 -4.4358342020868804 4.2236410731806089 0.029993159398912894
ur,tetrapga,9.711964918,0.301929254,0.256873405,0.209403612,36.018809,43.729324,4.502351125,1,0,0,1.946854939,0.195704011,1,5,0,0,0 0 0.050000000000000003,0 0 0.050000000000000003,0 0 0.050000000000000003,wrist_3_link,-1,0,0 0 0,0 0 0,,-0.029677111881879836 -1.2575063676461153 0.17265096630804952 -1.538747803270311 -0.027671475055805084 0.019960784320742636,0.020930886266407527 0.039473622393960732 0.022008206117676354 -0.012924219010009921 -0.029557191521776695 -0.0081618381204004147,0.12980511558502728 -1.4464044228180459 0.067859064598110336 -1.6170325352367501 -0.13685652083761959 -0.011866911586005337,0.071344215250927073 -0.029709326458442445 -0.12535254446210051 -0.1536467112731518 -0.11470145664825925 -0.1076033059170165,-0.023585512296386318 -1.2647042178169048 0.16635471821299702 -1.5446769021647644 -0.034493256754437651 0.01718212876427349,0.29519658933778326 -0.1098658118795454 -0.17873562535449589 -0.31533233357015722 -0.40264890681307941 -0.16506967318066137,37.402498404610569 -166.93102361633677 -74.995837084501503 -6.1310588405271584 1.1798882715496033 -0.01642891553616678,-2.6596607405047763 -60.800914628281134 -31.410541871837381 -3.8587776164904426 3.5963745771065376 0.025369800044302337
ur,tetrapga,9.755764497,0.310049707,0.24426396,0.252589832,30.282617,38.043424,3.785327125,1,0,0,2.023776776,0.252853251,1,5,0,0,0 0 0.050000000000000003,0 0 0.050000000000000003,0 0 0.050000000000000003,wrist_3_link,-1,0,0 0 0,0 0 0,,-0.028358762712574748 -1.2557567307729549 0.17346082020222647 -1.539820932369566 -0.029724048349600494 0.019352815537818497,0.030786383244989453 0.038738216721497978 0.018258722626300336 -0.022185206102925095 -0.043076516459455379 -0.012699372124199974,0.13282394963599084 -1.4478161031203409 0.062281641294744387 -1.6237695732833977 -0.14181048747987657 -0.016599894351815803,0.066487632446707759 -0.034746785654485281 -0.12929959402373004 -0.15394636170577122 -0.11147787504079167 -0.10849630649382273,-0.020754653241540306 -1.2660081240805778 0.16466920184988018 -1.547221481877884 -0.037680119166394833 0.015864025824064317,0.35385738185575122 -0.16298828295912582 -0.21068954538960449 -0.31807246413995688 -0.39835780149464756 -0.16476286752614658,28.821790830358498 -158.02861375521385 -67.440629020609052 -5.1263799408333712 1.0656902868363525 -0.0037728509956871563,-0.274695164131046 -74.503586470710616 -37.888474870904361 -4.579675079383378 4.367685058336626 0.039097615940427488
ur,tetrapga,9.793902626,0.316335696,0.22621543,0.273032556,30.205378,37.84403,3.77567225,1,0,0,2.113199982,0.217042597,1,5,0,0,0 0 0.050000000000000003,0 0 0.050000000000000003,0 0 0.050000000000000003,wrist_3_link,-1,0,0 0 0,0 0 0,,-0.026640429648673074 -1.2545365205570183 0.17387270447340974 -1.5411732619983218 -0.032085561214335284 0.018623803721771821,0.04309933306486663 0.023523975344268189 0.00719706752463742 -0.029880506093832002 -0.05145898084811517 -0.01603351885223624,0.1352778094337323 -1.4492245147313816 0.05728702567366456 -1.629642842071924 -0.14600607125101797 -0.020750955871497508,0.062183849138378849 -0.039107266124612385 -0.13260156399707182 -0.15402516791908619 -0.10851928394786575 -0.10917371941049563,-0.01761192628069309 -1.2677388664742928 0.16280346806571722 -1.5497771464763186 -0.040861757702275139 0.014544841268154619,0.39284087010590202 -0.21634279921438257 -0.2332167230203713 -0.3194580748043333 -0.3977048169850384 -0.16489806948871222,22.366053044420724 -148.28744997945893 -63.109723971060482 -4.7630571380667792 0.98064855450211663 -0.0033333166776968312,0.57765841724345535 -81.023248818276443 -40.954883338265176 -4.9055653249833995 4.7330042483044821 0.049253834850560452
ur,tetrapga,9.831833386,0.323420128,0.252766511,0.217676076,36.21927,44.324114,4.52740875,1,0,0,2.196593269,0.215923466,1,5,0,0,0 0 0.050000000000000003,0 0 0.050000000000000003,0 0 0.050000000000000003,wrist_3_link,-1,0,0 0 0,0 0 0,,-0.025476164508313266 -1.2535834673913118 0.17427454815617499 -1.541914250394707 -0.033373025017743078 0.018181598175193679,0.02426565851179174 0.030770949951907274 0.014687025766444596 -0.016120217994317801 -0.029858335450903127 -0.010148824602461923,0.13755427429904826 -1.4507896907171678 0.052197088922897331 -1.6354839532520027 -0.1500643131584746 -0.024903301372354952,0.057838293124738913 -0.043415738750412214 -0.13575723504168832 -0.1539348503905022 -0.10543976929536059 -0.10975415090816006,-0.019186108676209766 -1.2615853806350321 0.16678280037357943 -1.5487083548322496 -0.040464576516346475 0.014776642872151146,0.29474208978667649 -0.11552671277874525 -0.21952596717083467 -0.35783204959210235 -0.41839814454217072 -0.19832210619037566,37.490047331786954 -174.06134482009514 -78.981747908072094 -6.4854681254468982 1.2466545973782217 -0.018501049179170385,-2.5294004894589222 -63.449243035974177 -32.651411369360289 -3.9997034918087593 3.7089313450894252 0.031458230061865322
ur,tetrapga,9.876237137,0.331565124,0.215720083,0.298733392,30.264897,37.991103,3.783112125,1,0,0,2.280213371,0.271244364,1,5,0,0,0 0 0.050000000000000003,0 0 0.050000000000000003,0 0 0.050000000000000003,wrist_3_link,-1,0,0 0 0,0 0 0,,-0.023997475448564641 -1.2521428760618951 0.17471526496519155 -1.54327036819212 -0.035570850651345506 0.017389703629708365,0.038989278334033088 0.030988600889250987 0.0045159104894358908 -0.047429508259542563 -0.06996494122117633 -0.026149348365482432,0.14000814815929932 -1.4528287485001141 0.046089977603812685 -1.642312990627453 -0.15466310054601756 -0.029789715179066652,0.052673792994055099 -0.048417995644949363 -0.13928415129347846 -0.15361492966036461 -0.10166522551137069 -0.11031448955705901,-0.016372052702157622 -1.2629574477404668 0.16474274774458944 -1.5515939205548508 -0.043774833743883579 0.013194045718345497,0.35175699675651795 -0.17150838817933828 -0.25500657862374743 -0.36069571532515304 -0.41378215344213776 -0.19782464422570614,29.299614351158379 -164.74324323131901 -70.4176694396198 -5.3453664689173674 1.1096514246784126 -0.0040449968921421851,13.870656358003885 -83.210409581397471 -44.810008727314198 -13.556728492229013 -1.9758718796912689 -2.5900069271254225
ur,tetrapga,9.914302725,0.337742246,0.219051062,0.272235997,42.398916,50.573831,5.2998645,1,0,0,2.346959458,0.237558529,1,5,0,0,0 0 0.050000000000000003,0 0 0.050000000000000003,0 0 0.050000000000000003,wrist_3_link,-1,0,0 0 0,0 0 0,,-0.02225160351423925 -1.251310445455617 0.17471009041480151 -1.5447977759275586 -0.037881160589088914 0.016526947130878229,0.04571415025026241 0.014891058171086264 -0.0027563495138335937 -0.035920435988055527 -0.053197396241816998 -0.020124378745662568,0.14192793900914205 -1.4547527819956088 0.040732868396455707 -1.6481522488839175 -0.15846917124999599 -0.033996385689586038,0.048184582786024686 -0.052665842826558611 -0.14216015802392604 -0.15315659079041707 -0.098287615602340908 -0.11069183621850207,-0.015139974270621526 -1.2613707966952155 0.16512728977908259 -1.5529090134665178 -0.045667540713012086 0.01233314728402164,0.33774576681956298 -0.16563744074514389 -0.26341170413248116 -0.37676613356124977 -0.42076565722839709 -0.21176547343213015,30.945595385917436 -169.02287725841961 -74.579327833722701 -5.8948507992360106 1.1707688499297051 -0.011439220344487832,0.38752452202827214 -80.899206299251091 -40.835399522798525 -4.8665618644627102 4.6975904125140033 0.061895506302462877
ur,tetrapga,9.964965479,0.347350642,0.22480553,0.249271601,30.377783,38.878705,3.797222875,1,0,0,2.497788779,0.287668461,1,5,0,0,0 0 0.050000000000000003,0 0 0.050000000000000003,0 0 0.050000000000000003,wrist_3_link,-1,0,0 0 0,0 0 0,,-0.020767443389484531 -1.2503211988605523 0.17492490270912531 -1.5459611617435569 -0.039604687910405251 0.015817369004803114,0.030804762242368857 0.031976673230457497 0.0030034444899792808 -0.043406619665986197 -0.061323204773806345 -0.025967263927061959,0.14421606686000876 -1.4575628690177727 0.033438118272350062 -1.6558907258529567 -0.16333076464539842 -0.039614018036008766,0.042128416352971439 -0.058254098032570027 -0.14577093011495909 -0.15228307549937101 -0.093595300141612658 -0.11104560178165815,-0.012102353689525686 -1.263147789550976 0.16277987964685353 -1.5559378521042597 -0.049018480894166341 0.010640098889694248,0.37970257263697987 -0.22212410697005747 -0.29342626652863091 -0.37860482971774995 -0.41886752264428212 -0.21163104929092399,24.48631871475299 -159.04700147471624 -67.903525562652192 -5.1258413088137855 1.0560247327439223 -0.003797291411863247,7.6375704927960015 -70.370119796779363 -37.390740161288022 -5.6871928815899082 2.6221084694780501 -0.57388442175532361
ur,tetrapga,10.003917538,0.354594092,0.238526375,0.251207354,36.184444,44.070968,4.5230555,1,0,0,2.60581305,0.262075455,1,5,0,0,0 0 0.050000000000000003,0 0 0.050000000000000003,0 0 0.050000000000000003,wrist_3_link,-1,0,0 0 0,0 0 0,,-0.019482826574039078 -1.2492151501829889 0.17506350834833803 -1.5472683512812824 -0.041497760729150283 0.015021107181803014,0.032486059012370838 0.027784803250467872 0.0045525457381380236 -0.030295784975167949 -0.044217211029963448 -0.018550844638599451,0.14576540075188471 -1.4599147366634491 0.027708841081866012 -1.661805982340723 -0.16690375644314667 -0.043942841261529711,0.037414480140160106 -0.062494348771001906 -0.14837443735508582 -0.1514072063234716 -0.089839496871923261 -0.11120172362405438,-0.013495036519854807 -1.2571329198582808 0.1667163817655879 -1.5549184485450853 -0.048726216991268702 0.010872837535174772,0.2871942014909471 -0.11893124891230528 -0.27566402900098624 -0.41441835653928938 -0.43351202245129894 -0.24472068757173229,37.646590277225272 -186.41036973724601 -85.445952608767314 -7.0321896320932025 1.3551394909150969 -0.021000689787543464,-0.61404949256447594 -74.27307870525965 -37.681103060604528 -4.5280096168771706 4.2891333353825871 0.057187685358226048
ur,tetrapga,10.048074947,0.362951652,0.240757961,0.244098958,34.389599,42.308109,4.298699875,1,0,0,2.692974054,0.329016578,1,5,0,0,0 0 0.050000000000000003,0 0 0.050000000000000003,0 0 0.050000000000000003,wrist_3_link,-1,0,0 0 0,0 0 0,,-0.018087345497458697 -1.2480464428649252 0.17519665579439558 -1.5486691696957069 -0.043486896755184579 0.014158369907786048,0.031607520726211168 0.027217347262466274 0.0041237921785793373 -0.029771135053094051 -0.042594351555789889 -0.01853243062114307,0.14729854038587611 -1.4627792813127674 0.02109521519565935 -1.6684659190322813 -0.17077409245807851 -0.048854906994781663,0.032016115638811203 -0.067236045044086756 -0.15114005157658117 -0.15020021697923452 -0.085431608010560364 -0.11125637469972299,-0.010769262993979374 -1.2585760140753717 0.16418544462200721 -1.5582569727165956 -0.052157862470745081 0.0089201228104086264,0.34072169073442915 -0.18038677713637052 -0.31636714294758672 -0.41731552143878636 -0.42895568493454767 -0.24408934059576817,29.936360750111803 -176.32465958374326 -75.507052422649252 -5.7184105793545257 1.1834936910846334 -0.0044966114598116481,-0.94928095562734427 -72.062829864124069 -36.614843717567283 -4.4074354332960866 4.1535517149634416 0.057183405937553999
ur,tetrapga,10.090503861,0.370024294,0.222906615,0.266756601,41.891285,49.861446,5.236410625,1,0,0,2.789197021,0.296269172,1,5,0,0,0 0 0.050000000000000003,0 0 0.050000000000000003,0 0 0.050000000000000003,wrist_3_link,-1,0,0 0 0,0 0 0,,-0.016215638221972688 -1.2470664095189601 0.17493838998453004 -1.5506680377877744 -0.046154817129809976 0.012952579006189246,0.041247185710013651 0.015056488622241853 -0.0075427808444725819 -0.039118291483082879 -0.051315379400578919 -0.02347909161389956,0.14854603363425789 -1.4657274408779646 0.014629495284660952 -1.6748103586127217 -0.17430643013344135 -0.053574328755931586,0.026780345400840962 -0.071721271154699617 -0.15360757719456825 -0.14882710169856686 -0.081051350349964663 -0.1111860704537997,-0.0095333934431449663 -1.2570957229044399 0.1642869397916277 -1.5598162602129522 -0.054120978819369295 0.0078665332278834311,0.32468291972909202 -0.1746387460214148 -0.32334264637627486 -0.43206515357023045 -0.43298471048224896 -0.25771295393379356,31.467068043851402 -181.12720566377322 -80.378702455691155 -6.359561073753536 1.2615305045207954 -0.013034525412718342,-0.001968834674819675 -79.351514807134663 -40.013490214916374 -4.7599896596757389 4.5513597632602654 0.072296449580168343
ur,tetrapga,10.140486267,0.379924498,0.230182162,0.252886086,30.241772,38.190575,3.7802215,1,0,0,2.945844443,0.370456327,1,5,0,0,0 0 0.050000000000000003,0 0 0.050000000000000003,0 0 0.050000000000000003,wrist_3_link,-1,0,0 0 0,0 0 0,,-0.014830080942269577 -1.245834217120301 0.17508417355508435 -1.5520485201868586 -0.047977096606096822 0.012050997435590268,0.030351108762376764 0.036925310221708557 -0.0015197558560820124 -0.04928667231559513 -0.063372040991087578 -0.031621238566773145,0.14972932887541329 -1.4694423260161287 0.0068841537224018602 -1.6822032043807289 -0.17822502359173475 -0.059126437208295274,0.020559250071988677 -0.076908353468198326 -0.15627080715662012 -0.14694292416451352 -0.075716808064853383 -0.11094853099777413,-0.0066180393315610347 -1.2589896933343547 0.16142854942985269 -1.5632877722792156 -0.057567250502729692 0.00580755173163028,0.36441926394799151 -0.23674630373933644 -0.35729879522187558 -0.43393900828292692 -0.43078396042004968 -0.25737268703164384,25.341032602791145 -170.24700327421527 -72.723895473524124 -5.4773051526615735 1.1257753162941453 -0.0041949586323334898,5.881866205680609 -73.382981360449776 -37.932912871213944 -4.6814426390328663 4.0227797049305423 -0.066954802702010596
ur,tetrapga,10.178795848,0.387204147,0.242421254,0.256441365,42.052515,49.936863,5.256564375,1,0,0,3.02515726,0.354866694,1,5,0,0,0 0 0.050000000000000003,0 0 0.050000000000000003,0 0 0.050000000000000003,wrist_3_link,-1,0,0 0 0,0 0 0,,-0.013587258935944865 -1.2445629965582827 0.17508607786210895 -1.5535880163122551 -0.049968415572923655 0.011057061960665155,0.029006024798681883 0.02914050942724614 0.00094908467208461842 -0.033496807863581946 -0.043518157876744512 -0.021697094708462521,0.15042505689508864 -1.472463569284125 0.00086135534660276207 -1.6878016861283631 -0.18104537413368865 -0.063371483722475849,0.015757730404759942 -0.080808080569567731 -0.15813048107705954 -0.14530496985307581 -0.071505917651615625 -0.11065307648618282,-0.0057049208503691801 -1.2570709654631274 0.16198550082996083 -1.5644639661455404 -0.059137831973446464 0.0049354121294793067,0.33192792278597671 -0.21099329034885328 -0.35717883849449111 -0.45014160725813585 -0.43378627539603554 -0.27306464492621157,29.09327067558695 -179.6690086751166 -80.156745142959011 -6.3528078614703194 1.2543940460645826 -0.013694850431177772,-0.37225402083595327 -76.13578633317411 -38.466204676258371 -4.6110717379051493 4.3261982105282897 0.066874495362075237
ur,tetrapga,10.228807531,0.396621353,0.218576325,0.289506317,41.835864,49.996001,5.229483,1,0,0,3.179254636,0.378163339,1,5,0,0,0 0 0.050000000000000003,0 0 0.050000000000000003,0 0 0.050000000000000003,wrist_3_link,-1,0,0 0 0,0 0 0,,-0.012031758372742288 -1.2431339347550996 0.17495791030474828 -1.5556021005303817 -0.052479920567025398 0.0097556475907569981,0.039094675434019559 0.030956638228896955 -0.012765386040619664 -0.062467186289269547 -0.075532282062457892 -0.039908682500749249,0.15105564719975009 -1.4766300798844281 -0.00710283812701119 -1.6950100707209073 -0.18448095271918494 -0.06889278232734386,0.0094539613846357524 -0.085792747752669207 -0.16031696677859583 -0.14291595826764519 -0.065857226759083967 -0.11011935119235892,-0.0047786738769078612 -1.2551325961842179 0.1622863520178397 -1.5659746446090448 -0.060950036038992093 0.0038400857528067336,0.3134945442568246 -0.19323604976220021 -0.36778139760225048 -0.4657681084117582 -0.43458523964386148 -0.28754815524899957,31.119173379588482 -188.15726740732475 -84.022141778409079 -6.6471171451311246 1.320465198629531 -0.013854211255782824,8.186109050031547 -85.132975402024385 -43.425947612012692 -5.270090437734325 4.6635101508996257 -0.050529711467561356
ur,tetrapga,10.278876041,0.405038767,0.215862292,0.245746498,41.907177,49.997384,5.238397125,1,0,0,3.33069201,0.348937745,1,5,0,0,0 0 0.050000000000000003,0 0 0.050000000000000003,0 0 0.050000000000000003,wrist_3_link,-1,0,0 0 0,0 0 0,,-0.010059480219310104 -1.2422143029505748 0.17426831015568142 -1.5580558199284817 -0.055361502940646942 0.0081977955056948045,0.040209688484251514 0.012879413775218118 -0.017915886558289885 -0.05169401783644182 -0.058599192582993884 -0.033049865532792273,0.15137032959342592 -1.4810478628499966 -0.015178680325798154 -1.7020999093276383 -0.18763334279239932 -0.074389419634620396,0.0031117064627493854 -0.090654654383727148 -0.16222799186298154 -0.14024293677362196 -0.060039599710672173 -0.10941737288862986,-0.00369493835535475 -1.2533933742032983 0.16222777355367143 -1.5678353075888003 -0.063024703266459731 0.0025217946035213249,0.30049213839420907 -0.18629391593640254 -0.38175849982858445 -0.48004614373702903 -0.43397506275674014 -0.30096482343842818,32.102641372187072 -194.54066754037345 -86.941347360058344 -6.8804548294879151 1.3663066256389456 -0.014538866302590081,2.1852126110309094 -72.485441388623258 -36.861974668003427 -4.4193195411471606 4.0710584881148577 0.02859820130309032
ur,tetrapga,10.328946103,0.413612397,0.222443435,0.224687541,41.901989,49.608257,5.237748625,1,0,0,3.486170438,0.365543835,1,5,0,0,0 0 0.050000000000000003,0 0 0.050000000000000003,0 0 0.050000000000000003,wrist_3_link,-1,0,0 0 0,0 0 0,,-0.0082449228422394657 -1.2416762755336876 0.17352696421625136 -1.5601887490208683 -0.057755352761735657 0.0068296879391375074,0.034834975101809725 0.013211062460598286 -0.016022377217176181 -0.046424680382869524 -0.050988848956766794 -0.030336612926345062,0.151366880458433 -1.4857058308327207 -0.023343408447115431 -1.7090491608000102 -0.19049068443745582 -0.079846889531952972,-0.0032522376297902593 -0.095379858567134018 -0.16385676659616233 -0.13729225108557419 -0.054069676436072453 -0.10854814710273761,-0.0025207084153172779 -1.2519259008709993 0.16188282538820753 -1.5698695693182527 -0.065166367310710988 0.001089536038369707,0.28896575771983135 -0.18272516688795598 -0.39621822888861002 -0.49323767142942487 -0.43237520880403452 -0.31365398738195793,32.711849361382903 -200.26753148994086 -89.573884842751355 -7.088231015857076 1.4073910990875396 -0.015101564536548821,0.42484999025496251 -66.176940002681476 -33.703131210755714 -4.0093877340677864 3.7870662471309373 0.074970245374432309
ur,tetrapga,10.37863024,0.422722102,0.229937844,0.223340099,30.23878,38.103372,3.7798475,1,0,0,3.659357325,0.408098412,1,5,0,0,0 0 0.050000000000000003,0 0 0.050000000000000003,0 0 0.050000000000000003,wrist_3_link,-1,0,0 0 0,0 0 0,,-0.0067817359730534474 -1.2409412939644489 0.17301246463977343 -1.5620313757522746 -0.059799225550912639 0.0056146685171596343,0.029453622988549998 0.020816464878304061 -0.012523438118564909 -0.046671782526808883 -0.05091107953697134 -0.031290985456477127,0.15104816258428616 -1.4905582231712327 -0.031518790222650854 -1.7157920672409992 -0.19302701084022592 -0.085215172747617113,-0.0095786234610517849 -0.099925335912947097 -0.16519025959736824 -0.13409425808776942 -0.048006066554090135 -0.10752107623461316,8.7199898565744859e-05 -1.2539559956716568 0.15839079057203578 -1.5738319574170261 -0.068604285312426877 -0.0014146873386468228,0.32598853923537785 -0.25376185008218755 -0.43650435202146765 -0.49529851234667444 -0.42973975021448663 -0.3130279221270662,26.93488783566379 -188.0035419506205 -80.358506408088019 -6.0371051416170793 1.2368928934859242 -0.0048328442609864679,1.3094988864713777 -64.816726160946928 -33.50101478432407 -4.1024896682829421 3.5875652164037177 -0.014268365729221522
ur,tetrapga,10.416808423,0.42999673,0.246942707,0.236007482,42.000348,49.799984,5.2500435,1,0,0,3.740690251,0.42392951,1,5,0,0,0 0 0.050000000000000003,0 0 0.050000000000000003,0 0 0.050000000000000003,wrist_3_link,-1,0,0 0 0,0 0 0,,-0.005771450062838291 -1.2401187458125007 0.17274240525287021 -1.5634171062398825 -0.061339846505977243 0.004675622352452208,0.023949105786563705 0.023315128204524263 -0.0037255765446630074 -0.031957819941452532 -0.036304267113490891 -0.02186926709521576,0.15058963421571145 -1.4944382095248701 -0.037841860423508948 -1.7208616937236658 -0.19476940996239486 -0.089303257611773351,-0.014441620480797997 -0.10331629559693098 -0.16602157689689639 -0.13145707922067804 -0.043258940103963785 -0.10662110011160272,0.00099013029206695188 -1.2523380464093787 0.15850694104032376 -1.575293050935002 -0.07020743692801043 -0.0025110414024671042,0.29594911048152694 -0.23017040031386082 -0.43396915024007493 -0.50810078903272216 -0.42740766464949598 -0.32736643582437991,29.642788715526514 -197.57400622770086 -88.527930762000025 -7.0088393866491607 1.3836462762966943 -0.015638349248832208,-1.4694205792141037 -70.028274001423597 -35.401122267901883 -4.2629230239799654 3.8830857737512332 0.067545697027807883
ur,tetrapga,10.466680676,0.439454853,0.230911153,0.287449955,30.214219,37.90581,3.776777375,1,0,0,3.942355244,0.484824597,1,5,0,0,0 0 0.050000000000000003,0 0 0.050000000000000003,0 0 0.050000000000000003,wrist_3_link,-1,0,0 0 0,0 0 0,,-0.0044887426621457033 -1.2387151422829232 0.17239704453410171 -1.5655248376534943 -0.063644215923855718 0.0032285519613223178,0.032922188074890377 0.034938745596915476 -0.018868096949735274 -0.068913807303420505 -0.073612522121870541 -0.046928492696158459,0.14971108949140821 -1.4996984737802856 -0.046143648258868186 -1.7273271667339021 -0.19677003822553674 -0.094588460693242865,-0.020788407041523377 -0.1076063642269868 -0.16685213843641622 -0.12778105211044552 -0.036952005671768082 -0.10530144595191523,0.003608233260047335 -1.2547393273401533 0.15471250036512244 -1.5793730921335871 -0.073604294166889447 -0.0051244077551821426,0.32726287099754786 -0.30016011634680967 -0.47430508440016478 -0.51000514982314138 -0.42460715485987699 -0.32667079408937982,24.87985137830583 -185.18132234980251 -79.180324215133339 -5.9353918270460122 1.2121720537379796 -0.0047712377702590677,6.9627470227431081 -84.013005296968004 -43.117493319893697 -5.244287336787238 4.5579842458947155 -0.066306850390906114
ur,tetrapga,10.50466153,0.44578872,0.230848926,0.268891948,36.149286,43.878491,4.51866075,1,0,0,4.060123409,0.428124974,1,5,0,0,0 0 0.050000000000000003,0 0 0.050000000000000003,0 0 0.050000000000000003,wrist_3_link,-1,0,0 0 0,0 0 0,,-0.0031538131486372931 -1.2377504718566796 0.17168717587809734 -1.5676991424869458 -0.065920154318808044 0.0017545015967361795,0.03183142632791891 0.016913673757335927 -0.018024775668242666 -0.04775745969715639 -0.049038726383687503 -0.032177734280589565,0.14882989112316794 -1.5038457146459134 -0.052489672827649637 -1.732124429368761 -0.19808108261649632 -0.098567047184901932,-0.025611969235624803 -0.11076329455296911 -0.16728927325531751 -0.12480915781321149 -0.032074978973149287 -0.10418781412641255,0.0021065078011000523 -1.247566884378521 0.15974190720161491 -1.5778013299706988 -0.073100694736449992 -0.0045393475597743458,0.23491221817437882 -0.16524809751309802 -0.43224136499937599 -0.53315158255406669 -0.41730881170015616 -0.35679931006892052,34.724914921039677 -222.49988545598978 -103.91865539788476 -8.5432433720819425 1.651396759440902 -0.0272881466785862,0.30665673985563729 -80.760546215850809 -40.333792269213745 -4.7565690893443389 4.4556663167838906 0.099141049168354201
ur,tetrapga,10.54860739,0.453233731,0.2330471,0.247959175,30.293546,38.074949,3.78669325,1,0,0,4.160523577,0.525111316,1,5,0,0,0 0 0.050000000000000003,0 0 0.050000000000000003,0 0 0.050000000000000003,wrist_3_link,-1,0,0 0 0,0 0 0,,-0.0017711869129271411 -1.2370998244931188 0.17085025652470209 -1.5698104391283483 -0.068035398713510359 0.0003189327458669515,0.029530311208414525 0.012385802422675049 -0.017213377805164923 -0.042198349314515875 -0.041998953575811446 -0.028734177651674433,0.14758201213635036 -1.5087913433413866 -0.059848632880440095 -1.7375304250275028 -0.19936533389616243 -0.10311525898092566,-0.031176146640269738 -0.11429250629428105 -0.16758299950965522 -0.12118841479114595 -0.0263596718973775 -0.10278309502963238,0.0042786639421617811 -1.2495165402094677 0.15583766497146234 -1.5820904131982849 -0.076406344297455783 -0.0073862214872439658,0.27151951763271609 -0.24370697886832843 -0.4880302787690699 -0.53613540344826982 -0.41320619512572343 -0.35585924093370247,29.635272491103894 -209.68290998983542 -90.14261644919381 -6.7779906201410425 1.3860132913937449 -0.005826585249393966,-0.84997853692242398 -74.185275743187049 -37.19387624141973 -4.4166520078351823 4.0613117106473169 0.088651750062932244
ur,tetrapga,10.586747215,0.458608786,0.214646287,0.269974332,30.480918,38.605391,3.81011475,1,0,0,4.267182546,0.50108739,1,5,0,0,0 0 0.050000000000000003,0 0 0.050000000000000003,0 0 0.050000000000000003,wrist_3_link,-1,0,0 0 0,0 0 0,,-0.00026235883551398523 -1.2367408542479923 0.16956853705551064 -1.5723633731410676 -0.070505548251683689 -0.001399876346769806,0.037994161641058309 7.0403420068537487e-05 -0.033403384325275565 -0.056643129997683089 -0.053155364724297445 -0.037816388429223136,0.14630117906148513 -1.5132070669955331 -0.06624209717364056 -1.7420901005316454 -0.20027516944391963 -0.10701052443467933,-0.035985533758745573 -0.11724451049773427 -0.16765274941001795 -0.11789095886390359 -0.021342524269035969 -0.10146384388024719,0.0066667197960868108 -1.2520980010523606 0.15165008286655488 -1.5863894304309132 -0.079694710910716976 -0.010226656207048934,0.29852221001443402 -0.32267980775340965 -0.52345746229573575 -0.53739498793714013 -0.4110630279102877 -0.35506604273246978,25.159948646453138 -195.22229082620669 -83.0156953297396 -6.1972855537940967 1.26148706286489 -0.0049023775125485204,0.41919526976653287 -81.433071870570529 -40.496149769258977 -4.7252686184756385 4.4605898168670706 0.11652985666446547
ur,tetrapga,10.625431578,0.465407424,0.247129829,0.191672648,30.238322,38.28196,3.77979025,1,0,0,4.413713509,0.566264532,1,5,0,0,0 0 0.050000000000000003,0 0 0.050000000000000003,0 0 0.050000000000000003,wrist_3_link,-1,0,0 0 0,0 0 0,,0.00079248995441664333 -1.2365036197670185 0.16888928245820428 -1.573752355652464 -0.071750529087442061 -0.0023720885192320797,0.022068722157798017 0.01602790951932926 -0.0085419146272053791 -0.030448933164233343 -0.028771252472717061 -0.0220070725372295,0.14481511818896103 -1.5177987670833994 -0.072726168047048803 -1.7465836249668409 -0.20100157719489173 -0.11090819121830646,-0.040840226365596387 -0.12013009412578078 -0.16754717587287271 -0.11440251277681285 -0.016205462562704952 -0.1000316758692172,0.00922495441369609 -1.2552618245022047 0.14721686428652908 -1.5906950796370114 -0.082965426843990608 -0.013060686988367296,0.3198094371650968 -0.39547287946441217 -0.55417232958275142 -0.53824209116581356 -0.40887410173790778 -0.354277508347145,21.607387296810813 -181.19073581806489 -76.906281566721745 -5.722396279734264 1.1610811612185241 -0.004412001657066668,-4.1495005919693444 -56.420934081727864 -28.750897128056977 -3.477280501995665 3.0243031492622379 0.068260292170771564
ur,tetrapga,10.663783375,0.472004953,0.241342311,0.246595419,30.44008,38.45055,3.80501,1,0,0,4.590784341,0.554060735,1,5,0,0,0 0 0.050000000000000003,0 0 0.050000000000000003,0 0 0.050000000000000003,wrist_3_link,-1,0,0 0 0,0 0 0,,0.0017898766513042856 -1.2355298718776124 0.16818579100825148 -1.5757998964042876 -0.073673227148422143 -0.0038324164102738149,0.026266249738446362 0.024952667248040621 -0.017713664607321218 -0.050484446826626755 -0.047406651539873931 -0.03608366348852763,0.14315696459525545 -1.5224590606703547 -0.079147087785977635 -1.7509026069176108 -0.20152473673329369 -0.11471587705447338,-0.045625527582006845 -0.12287994990452303 -0.1672668887944852 -0.11080427806363836 -0.01107009293183467 -0.098519282954636772,0.011922173765739159 -1.2589545942756235 0.1425611665600528 -1.5950058226444477 -0.086218488349600192 -0.01588834607423073,0.33718252896932049 -0.46159116991124011 -0.58198222288906276 -0.53887881633310619 -0.40666729827990145 -0.35348104641527889,18.645966966660737 -167.82435360681785 -71.14961509157969 -5.2786991130285834 1.0680452937165157 -0.0039873076390878745,-0.58272572123151534 -74.116078758139338 -36.989312894111436 -4.3378624599545219 4.016863168238217 0.11134115785375975
ur,tetrapga,10.702308492,0.477617744,0.224904356,0.276997465,36.232127,44.097334,4.529015875,1,0,0,4.599952365,0.439687888,1,5,0,0,0 0 0.050000000000000003,0 0 0.050000000000000003,0 0 0.050000000000000003,wrist_3_link,-1,0,0 0 0,0 0 0,,0.0030651723200079313 -1.2346948117258811 0.16692779491510959 -1.5785545080353354 -0.076194186613851411 -0.0057723562207987883,0.033870978191447736 0.011796766388123599 -0.034605667243381766 -0.064688063253871206 -0.057629375106487475 -0.045225878689367401,0.14130715101114599 -1.5272444076366103 -0.08558281358440567 -1.7550995318763258 -0.20185124389791681 -0.11848060686069055,-0.050400294236725346 -0.12552813594756287 -0.16680912342794821 -0.1070531235608872 -0.0058745566672246258 -0.096908370442624667,0.0092768577925674781 -1.2488047285882189 0.15071323019557881 -1.5912143171356545 -0.084296288090554727 -0.013902003298477541,0.22291314869371004 -0.24750067255027128 -0.50391632129006469 -0.55428694467215489 -0.3862611311429679 -0.38396834921152262,29.509282669338774 -223.39426969376603 -104.86526577450668 -8.5956409570608088 1.6599414819679139 -0.02784324312725428,1.0803395510817317 -84.030130296241623 -41.549619808976672 -4.7966913768095765 4.5524384939058109 0.13934604311218379
ur,tetrapga,10.746473453,0.482743019,0.203198259,0.283798277,30.324441,38.003615,3.790555125,1,0,0,4.723638395,0.5696982,1,5,0,0,0 0 0.050000000000000003,0 0 0.050000000000000003,0 0 0.050000000000000003,wrist_3_link,-1,0,0 0 0,0 0 0,,0.0048205159587984816 -1.2346782732022263 0.16473922486119158 -1.5820612775973795 -0.079250720057425242 -0.00819591606932666,0.041363845012426251 -0.015296131178375871 -0.054591064500857399 -0.072507665283651282 -0.06020425854751258 -0.049393361498262095,0.13896116172838499 -1.5328527799706464 -0.092934399825250924 -1.7597295842920846 -0.20197845846882548 -0.12271775271724686,-0.055828705644823576 -0.128419697666981 -0.16606708873015399 -0.10258898302500737 0.00011982925411264661 -0.094950074197920759,0.011261083161080243 -1.2514191603740512 0.14621606414741833 -1.5956665903196885 -0.087358575801889937 -0.016968298320738352,0.24804322604606413 -0.32680144734597738 -0.56215575955982189 -0.55655211820602846 -0.38280326895625222 -0.38329870812377609,26.402325120441429 -209.87229620177746 -90.290252385293641 -6.758677277493863 1.37220746733947 -0.0059222694877149751,1.3618491961504304 -86.482122409046497 -42.569741611336894 -4.8741078794082568 4.657149627089666 0.15214942144715238
ur,tetrapga,10.784548792,0.485465025,0.185434206,0.280407818,30.309183,38.048414,3.788647875,1,0,0,4.848458713,0.443855457,1,5,0,0,0 0 0.050000000000000003,0 0 0.050000000000000003,0 0 0.050000000000000003,wrist_3_link,-1,0,0 0 0,0 0 0,,0.0067643630946619326 -1.2357511573214557 0.16191874972051429 -1.5856462653533978 -0.082224295912765644 -0.010627980565173072,0.049435569262158509 -0.043717327950250448 -0.07472965705038101 -0.080098183022101074 -0.06259254056000127 -0.053410110950174727,0.13674706656757388 -1.5377878264603457 -0.099242285766937416 -1.7635602248193907 -0.20187507569871627 -0.12629934800738621,-0.06046490337679921 -0.13078586406570006 -0.16524131319467597 -0.098604056355321698 0.005314179244417544 -0.093167515148376581,0.013402639745801335 -1.2546705795447117 0.14142956334314744 -1.6001286754348867 -0.090401781001061887 -0.02002622387514099,0.26770962807210485 -0.40642487044950903 -0.5983226040736237 -0.55777860960155612 -0.38041795493584385 -0.3822525246415045,23.086486303490997 -194.75623775421312 -82.727009384299109 -6.1490466949636406 1.2448473549702324 -0.0049285524001584343,1.1622122453616512 -85.727825091630621 -42.061172726678706 -4.7708690490399022 4.5895903642273197 0.16455178629339429
ur,tetrapga,10.822781916,0.490372897,0.220747074,0.14853745,30.261918,37.82698,3.78273975,1,0,0,5.010195203,0.500902518,1,5,0,0,0 0 0.050000000000000003,0 0 0.050000000000000003,0 0 0.050000000000000003,wrist_3_link,-1,0,0 0 0,0 0 0,,0.008062112679876306 -1.2370352443210964 0.16022281585413481 -1.5872057442861949 -0.083241125798062837 -0.01168642783524153,0.02620392347387461 -0.019514330382639656 -0.030546063905983672 -0.032282346626600525 -0.021612699479723729 -0.022498936828403072,0.13434702203502152 -1.5428316811174898 -0.10554137109002991 -1.767251707442216 -0.20157188038457163 -0.12982583623242991,-0.06507511235856081 -0.13304114913460333 -0.16423916132235652 -0.094479626429989333 0.010548835031029921 -0.091291083593971298,0.015676700918022177 -1.2585060065706966 0.1363956462222583 -1.6045971411507636 -0.093425211688109355 -0.023075918772859347,0.28427270150957373 -0.47942585236502955 -0.62924964365090319 -0.55857618468639669 -0.37794614092028422 -0.38122369255596916,20.247485467789346 -180.09516518265752 -76.276316266828218 -5.6503643833847228 1.1413926895415547 -0.0043996857028969962,-6.4932275131878825 -43.528655236193117 -22.280617429338122 -2.6895740936797665 2.1775714390728069 0.070032039605489871
ur,tetrapga,10.860714445,0.495631879,0.228418901,0.215702462,30.367863,38.266192,3.795982875,1,0,0,5.202044258,0.488435313,1,5,0,0,0 0 0.050000000000000003,0 0 0.050000000000000003,0 0 0.050000000000000003,wrist_3_link,-1,0,0 0 0,0 0 0,,0.0091101105590947612 -1.2371377368665559 0.15880447247682442 -1.5893388466968787 -0.084900861945564135 -0.013221646915967018,0.026064993529742234 0.002098099620829953 -0.033281941021532466 -0.052480070686569825 -0.04150220983163351 -0.03804257080728557,0.13179257467208166 -1.5479187821213278 -0.11174981867273259 -1.7707560776745379 -0.20107302024347637 -0.13325209325234738,-0.069600160282226639 -0.13515682005767229 -0.16307416225788454 -0.090269740853832978 0.015755361526414144 -0.089345109012433796,0.01806516743448322 -1.2628689826538766 0.13114006684810159 -1.6090698225532223 -0.096429416894754094 -0.026117254303403371,0.29858557282572856 -0.54537082347255117 -0.65697137168306219 -0.55912265638718961 -0.37555729667213139 -0.38019208140344074,17.733818221893806 -166.14309108205887 -70.224859774910101 -5.185681664955208 1.0452431178438961 -0.0039465022144636614,-2.0405984719054402 -65.103105300115203 -32.355369320212162 -3.7663625362047242 3.3832210265504159 0.11755120431351429
ur,tetrapga,10.899057482,0.500463356,0.222600013,0.257239,36.092598,43.919928,4.51157475,1,0,0,5.094133289,0.367718436,1,5,0,0,0 0 0.050000000000000003,0 0 0.050000000000000003,0 0 0.050000000000000003,wrist_3_link,-1,0,0 0 0,0 0 0,,0.010228068973802077 -1.2370037594228525 0.15710452047185181 -1.5920541196759228 -0.087086528102897187 -0.015188701975622335,0.030983928621277333 -0.0029672456315805139 -0.047038646533140022 -0.068176021532508943 -0.053600753367134372 -0.049117381831469548,0.12903705246496963 -1.5531401026003127 -0.1179772529508416 -1.7741338646573577 -0.20036788560320462 -0.13663880386257291,-0.074120489136839857 -0.13716971511478998 -0.16172445807215954 -0.085899064003515019 0.021025744873314517 -0.0872941854393781,0.015651903716720608 -1.2523271181234292 0.13967313617660887 -1.6050461167239929 -0.094476414305974948 -0.023890695855871981,0.18817431820629382 -0.29884279217062204 -0.55615666037771394 -0.5605369417174777 -0.33982104881443387 -0.40472728458761015,26.175754644400904 -228.65821364036918 -107.46022218680454 -8.7638585509824836 1.6946356603295194 -0.028244995479704018,0.45128989237370121 -78.567866222033445 -38.585849961732492 -4.4140257978460795 4.1167866439844829 0.15144182416408114
ur,tetrapga,10.943055765,0.504492953,0.219237787,0.392317847,30.278579,38.26328,3.784822375,1,0,0,5.228385918,0.607210883,1,5,0,0,0 0 0.050000000000000003,0 0 0.050000000000000003,0 0 0.050000000000000003,wrist_3_link,-1,0,0 0 0,0 0 0,,0.011837896717178579 -1.2375478022371749 0.15431185270189271 -1.5958756416250051 -0.090073738165691281 -0.017923252885001191,0.039907334109258598 -0.022687602541566387 -0.07696702317810529 -0.10912411028409502 -0.084772877171341549 -0.076898411352530976,0.12566305702151412 -1.5592232871789444 -0.12505494382116708 -1.7778004509983827 -0.1993096954239699 -0.14042597775353291,-0.079235645852180708 -0.13932098961094799 -0.15996367359503483 -0.080746512002122198 0.027075361766577419 -0.084838823838246327,0.017276750815289069 -1.2553803885189994 0.13473615827220087 -1.6095422055918731 -0.097181477016661938 -0.027127937999064537,0.20313014484328468 -0.38166091406419217 -0.61714912298554148 -0.56204988240752152 -0.33816226268875715 -0.40468127632827366,24.392506616014735 -214.24682690364693 -92.15765232870794 -6.8670021624632769 1.3836221681320069 -0.0061570150614878938,11.907868252104549 -102.45990269885624 -58.847677091800676 -20.251886357165858 -1.6944731358371996 -5.9199454261343902
ur,tetrapga,10.981387766,0.506816454,0.194487772,0.271861527,30.243747,37.904511,3.780468375,1,0,0,5.36434035,0.468166005,1,5,0,0,0 0 0.050000000000000003,0 0 0.050000000000000003,0 0 0.050000000000000003,wrist_3_link,-1,0,0 0 0,0 0 0,,0.013457135351023702 -1.238991157521625 0.15120802069295539 -1.5994012234472821 -0.092707779730241052 -0.020408826403267015,0.043523152954101536 -0.054780735307351669 -0.085610710106089588 -0.083733578830416142 -0.058622505312687437 -0.057959569409125049,0.12254146645779873 -1.5645973909491084 -0.13115429786091873 -1.7808077271193952 -0.19817089585405578 -0.1436356091565508,-0.08362479846748945 -0.14105480552978167 -0.15824619264650713 -0.076142928705165008 0.032341057222554759 -0.082612675639411201,0.019007185040261096 -1.2590944708677481 0.12949750312238273 -1.6140491482002868 -0.099863228276210803 -0.030354353655794159,0.21632853564373009 -0.46426240821153636 -0.65485877866181053 -0.56340659997420295 -0.33524833129649034 -0.40332796552040684,22.078366178705767 -198.21886223133987 -84.095518105510337 -6.2256241548014266 1.253701063083986 -0.0050929323719267382,1.3560382760342833 -83.868289130012272 -40.779229121847948 -4.5846739048492964 4.3449385866261139 0.17859605249120847
ur,tetrapga,11.019361258,0.510711633,0.218963155,0.131374539,30.337984,38.162039,3.792248,1,0,0,5.533830681,0.516651747,1,5,0,0,0 0 0.050000000000000003,0 0 0.050000000000000003,0 0 0.050000000000000003,wrist_3_link,-1,0,0 0 0,0 0 0,,0.014715740864087645 -1.2407584435345071 0.14905917842821867 -1.6011340137875265 -0.093655718462578114 -0.021617280061480858,0.024219155250574116 -0.027725074688113173 -0.036620268336148162 -0.032236582156975925 -0.017298830185732045 -0.023086555582843008,0.11928442259990504 -1.5699842754917799 -0.13712850486720174 -1.783610950738489 -0.19684390491167236 -0.1467295886042041,-0.087906960609958965 -0.14264147837458604 -0.15637763592250642 -0.071481840868494712 0.037547136568920871 -0.080329198247131181,0.020837156732681147 -1.2634116987112454 0.12400297419785211 -1.6185630778701263 -0.10252138554805919 -0.033570004403209203,0.22877071907473295 -0.5396555950550852 -0.68684300050086899 -0.56427998265242141 -0.33229908283393139 -0.40198235185608466,19.845743904442944 -182.70179128817264 -77.219883022026181 -5.6969985780537016 1.1460914742072763 -0.0045198854095101484,-6.8408723360555541 -38.898877349626673 -19.706180832025268 -2.3661470784045378 1.7820977207585713 0.071912208938144317
ur,tetrapga,11.057619214,0.515552621,0.230776439,0.20240929,30.269818,38.065928,3.78372725,1,0,0,5.738779974,0.492611086,1,5,0,0,0 0 0.050000000000000003,0 0 0.050000000000000003,0 0 0.050000000000000003,wrist_3_link,-1,0,0 0 0,0 0 0,,0.015589575613411295 -1.2411253422659245 0.14742907105187794 -1.6032279430354111 -0.095068461399192825 -0.02318572829168964,0.02190032201071378 -0.0051893426715592045 -0.040035335332966882 -0.053084680827836253 -0.036381899160952746 -0.040028352447819937,0.11583986898836619 -1.5754699006105723 -0.1430725227769305 -1.7862543233851329 -0.19530734293675436 -0.14975758345745302,-0.092150870444856564 -0.14410645402693067 -0.15432827624917342 -0.06668920118961319 0.042776095007842997 -0.077951682446291928,0.022760519461862232 -1.2682714779483997 0.11828098659603459 -1.6230813669639845 -0.10515786257699711 -0.036774903774148923,0.24046235045810355 -0.60748373609996487 -0.71530820677262852 -0.56486560639786731 -0.32961382813865792 -0.40066600029937072,17.700663179691492 -167.94984267093275 -70.790064835852021 -5.2052868263460361 1.0457173615576298 -0.0040344134307553486,-2.2710753256367013 -61.712181420097295 -30.361393573116231 -3.5079231780337068 3.0482353211739905 0.12371226771872301
ur,tetrapga,11.095781279,0.519750796,0.228822886,0.248209095,30.228324,37.879939,3.7785405,1,0,0,5.973965657,0.357733267,1,5,0,0,0 0 0.050000000000000003,0 0 0.050000000000000003,0 0 0.050000000000000003,wrist_3_link,-1,0,0 0 0,0 0 0,,0.01650641764616528 -1.2412372588535818 0.14541576691252633 -1.6060379200659916 -0.097064983980490571 -0.025312506215098968,0.023917122978159174 -0.0094444398056405376 -0.053402139685633121 -0.068057698449530815 -0.047095928031740827 -0.051192025379511071,0.11224360066214666 -1.5809950349626516 -0.14892037221026061 -1.7887066316855988 -0.1935757324629386 -0.15268593087075005,-0.096309917978768547 -0.14543250037849603 -0.15211883939605012 -0.061816622640331574 0.047970161659499772 -0.075504985489509568,0.024770071487840325 -1.273616193679042 0.11235635335996684 -1.6276024280657886 -0.10777357675994166 -0.039969323712775368,0.25123601255772915 -0.66810079778596787 -0.74063891105390556 -0.5652121073911035 -0.32701847238948734 -0.399356071260211,15.617921679093897 -153.87726758444563 -64.671606521460177 -4.7375511999070561 0.95011893898727384 -0.0035811138208837368,0.58695981015675613 -76.552841621393782 -37.231364260381326 -4.2363546024025709 3.8513213936442412 0.1578453949959453
ur,tetrapga,11.133751924,0.52294861,0.219204054,0.271095156,36.355843,44.304595,4.544480375,1,0,0,5.574046809,0.125684408,1,5,0,0,0 0 0.050000000000000003,0 0 0.050000000000000003,0 0 0.050000000000000003,wrist_3_link,-1,0,0 0 0,0 0 0,,0.017523930464676464 -1.2418556331762705 0.14284978042946314 -1.6092416447196445 -0.099297758472530223 -0.027715565450311824,0.028942837105441679 -0.030520233196562753 -0.073498751211066193 -0.080268239120521431 -0.053208859874346467 -0.059441905970036894,0.10850930505432853 -1.586540105573454 -0.15465211845274643 -1.7909604299524227 -0.19165657974223826 -0.15550553267762313,-0.10037072558622678 -0.14661627874951158 -0.14975845100238719 -0.056882078147189173 0.053110980271142527 -0.07299791615407189,0.02229931612914993 -1.2607533272790874 0.12271319696619259 -1.6228026766317549 -0.10569488215425818 -0.037169835167031706,0.14406039876667573 -0.37718239715673046 -0.61126361933801576 -0.54761976471257412 -0.26992891701348887 -0.41595061265196709,21.14448420633671 -227.77034114568022 -106.91175080056249 -8.6395026367288192 1.6729562214764784 -0.027241964493342971,2.0661764699714666 -84.169566546276656 -40.664273388972333 -4.573244284590146 4.2486674572120933 0.18313556502002371
ur,tetrapga,11.178129698,0.52481472,0.23042863,0.401652018,30.229264,37.94834,3.778658,1,0,0,5.738409471,0.589181798,1,5,0,0,0 0 0.050000000000000003,0 0 0.050000000000000003,0 0 0.050000000000000003,wrist_3_link,-1,0,0 0 0,0 0 0,,0.019007332202945842 -1.2438727910724179 0.13879788965067355 -1.6135171770195555 -0.10212223313108146 -0.030864724569561745,0.036927329695471592 -0.059799788267085749 -0.10659973377513506 -0.11785909208670697 -0.078275138939325306 -0.085828245382111701,0.10395162807064461 -1.5930741570808293 -0.16123316525681522 -1.7933548783112176 -0.18916706195705069 -0.15867837112529426,-0.10501395493429935 -0.14782648050496885 -0.1467974666370358 -0.051012096255423217 0.059077451286654051 -0.069978504802016464,0.023460935091021498 -1.2644441370011879 0.11732901052764416 -1.6271823967217978 -0.10786525577480112 -0.040507925121685634,0.14523691634602159 -0.46136996640364342 -0.67308861646661344 -0.54754588849556007 -0.27134545489219164 -0.41731581188474332,21.16975658581617 -212.51654908674405 -91.330102553988027 -6.7570488786155067 1.3464969990086084 -0.0062102696069119001,10.793519556107512 -106.16306409313074 -60.247802736626397 -20.23765582125543 -1.1403443609378883 -6.2023434600924219
ur,tetrapga,11.216148695,0.525106908,0.203919888,0.255448327,30.304965,38.222594,3.788120625,1,0,0,5.894862365,0.375467176,1,5,0,0,0 0 0.050000000000000003,0 0 0.050000000000000003,0 0 0.050000000000000003,wrist_3_link,-1,0,0 0 0,0 0 0,,0.020475815899523291 -1.2467266569375017 0.13461089281922009 -1.6173278166471394 -0.10450510283133881 -0.033626658595372422,0.040237921529273322 -0.094202970269084654 -0.11492442327531878 -0.090859455814089718 -0.051997662912774349 -0.06439945899807642,0.099884963044370473 -1.5987116690793406 -0.16676328053489681 -1.7951973748109553 -0.18682449695118364 -0.16128851167969349,-0.10889956891240606 -0.14871323062583233 -0.14408968829338772 -0.045900723159837571 0.064146843650260785 -0.06731742704501488,0.024658398337677263 -1.2687995181525542 0.11164055520490068 -1.6315743379452443 -0.11000433269789711 -0.043831225802285045,0.14971745194404606 -0.54444139506187239 -0.71112222699099381 -0.549073530171029 -0.26743336771132464 -0.41546715262792921,20.173620931559782 -195.76471224453968 -82.883288408253392 -6.098699743698635 1.2193170979946122 -0.0050899570620259547,1.4689590338232819 -79.985520539475147 -38.317249003046811 -4.2286539406486554 3.9424411519688363 0.19848844905592955
ur,tetrapga,11.25444293,0.527312187,0.209885435,0.082641246,30.30726,38.068232,3.7884075,1,0,0,6.089415728,0.405990376,1,5,0,0,0 0 0.050000000000000003,0 0 0.050000000000000003,0 0 0.050000000000000003,wrist_3_link,-1,0,0 0 0,0 0 0,,0.021717771893323554 -1.2497584861244038 0.13163460134490629 -1.6191205157591066 -0.10513286069226507 -0.034881091456083778,0.024840924097538773 -0.053293411101069846 -0.052660562875787867 -0.032500681167591187 -0.009937802586493405 -0.023243384854973247,0.095641228701256895 -1.6044213803943468 -0.17222635308764073 -1.7968553815987462 -0.18427098757214819 -0.16381398603791236,-0.11272337598524243 -0.1494651945758089 -0.14120510040180528 -0.040680753808446664 0.069207732475325814 -0.064569923880665833,0.02591128233102228 -1.2737569636940651 0.10569690641723026 -1.6359739617500497 -0.11211589003653882 -0.047140109003594902,0.15666642932563141 -0.61973073794903188 -0.74309543005056633 -0.55011610054763249 -0.26403382517344048 -0.41372062791655856,18.769565640507256 -179.63431575770377 -75.686651635071058 -5.5499106233140223 1.1103855364973017 -0.0044891492296146949,-8.7243889889182356 -24.668338721137843 -12.396186832630463 -1.460689164858195 0.81957281249529501 0.072635429972280008
ur,tetrapga,11.29260814,0.531054574,0.231476988,0.167222501,30.233399,38.320724,3.779174875,1,0,0,6.316038379,0.369390835,1,5,0,0,0 0 0.050000000000000003,0 0 0.050000000000000003,0 0 0.050000000000000003,wrist_3_link,-1,0,0 0 0,0 0 0,,0.022477811687125142 -1.2508423471100469 0.12954061144561665 -1.6211739450216314 -0.10620616712638892 -0.036481576689950154,0.017312229981184053 -0.020607456001480902 -0.050180721579695123 -0.051883014943809994 -0.028170693042851792 -0.040883351610681941,0.091267874574317412 -1.6101377941192163 -0.17755815268014341 -1.79830763267255 -0.18153420747646362 -0.16622502118742333,-0.11644094024866027 -0.15007259077893273 -0.13817566739690659 -0.035412041373204119 0.074200912064688762 -0.061766722647965393,0.027228057017501469 -1.279252856401059 0.099528585256944579 -1.640379478530603 -0.11420155031013079 -0.050435104170389662,0.16465276596740328 -0.68703663363441581 -0.77117947662747521 -0.55085272251612594 -0.26079669204222083 -0.41198462360217025,17.070039841424066 -164.22568103873681 -68.938304567841016 -5.0367342737962222 1.0075511768711078 -0.0039730052847444294,-3.4121090851033813 -51.744042092812379 -25.083375145537218 -2.8531364399223094 2.3078842175038687 0.12648857807948843
ur,tetrapga,11.331005589,0.534548519,0.237098739,0.223600678,30.324999,38.033975,3.790624875,1,0,0,6.575633618,0.212160131,1,5,0,0,0 0 0.050000000000000003,0 0 0.050000000000000003,0 0 0.050000000000000003,wrist_3_link,-1,0,0 0 0,0 0 0,,0.023100526663836232 -1.25141927033672 0.12720649454942115 -1.623900613634391 -0.10782108676017796 -0.038661363247512029,0.015302544142364012 -0.019295846570864035 -0.060383501559851289 -0.065992310376623592 -0.038156059831719644 -0.052492150926298289,0.08672658719507699 -1.6159096297455158 -0.1828027780704557 -1.7995646041897884 -0.17858953134598007 -0.16854154548354719,-0.12008355827415208 -0.15053967677491534 -0.13497468011238942 -0.030049733036410904 0.079167910726609142 -0.058883211741724811,0.028609793642700679 -1.2852269503896285 0.093163072486008108 -1.644786993854106 -0.11626053318619946 -0.053715801059041224,0.17277300830740572 -0.74681179383132434 -0.79582842795882502 -0.55110254038487982 -0.25746201735180696 -0.41019733883427112,15.24704140076113 -149.52967866600952 -62.529675715801893 -4.5484610777660421 0.90913186817637337 -0.0034836091662821421,0.1934489542670832 -69.941055653135663 -33.540101726345597 -3.7764616048807511 3.2904081581237108 0.16192016129619446
ur,tetrapga,11.369136609,0.537194518,0.232914691,0.253349931,36.143868,43.846875,4.5179835,1,0,0,5.972220647,0.052497254,1,5,0,0,0 0 0.050000000000000003,0 0 0.050000000000000003,0 0 0.050000000000000003,wrist_3_link,-1,0,0 0 0,0 0 0,,0.023709049835930855 -1.2523612825730694 0.12439986107499018 -1.6270005598674537 -0.10965471920237613 -0.041128586160516546,0.017524529793291693 -0.038789337547879638 -0.079699286662424151 -0.077748582231193381 -0.043363561307782177 -0.061036939560017954,0.082080300705418885 -1.6216564207183419 -0.18788651765886169 -1.8006080102486348 -0.17547770729487411 -0.17073126179575021,-0.12360065110246916 -0.1508598022801961 -0.13164663810319713 -0.024668864267612514 0.084038870860079745 -0.055959145878078848,0.026789321727049197 -1.2722119123726583 0.10366268823064048 -1.6399903354019032 -0.11441590595747778 -0.050743535634617726,0.078777979197869941 -0.42728830010377522 -0.6399950335704947 -0.51223305093164029 -0.18236278442214648 -0.41527804489954689,17.274074003356915 -229.91628773375032 -107.47948593714125 -8.5806262988084132 1.6646211626628187 -0.02594561925290069,2.188867999701344 -79.749931160248707 -38.002489680136648 -4.2388203712780523 3.8045089921421607 0.18807126270738195
ur,tetrapga,11.413050265,0.538310363,0.252646385,0.397423599,30.272826,38.017542,3.78410325,1,0,0,6.144339758,0.606602282,1,5,0,0,0 0 0.050000000000000003,0 0 0.050000000000000003,0 0 0.050000000000000003,wrist_3_link,-1,0,0 0 0,0 0 0,,0.024606153397283507 -1.2547542393247324 0.12006080760131116 -1.6311404004600991 -0.11196509883757534 -0.044363543216863401,0.023151950796833923 -0.068670334111438136 -0.11333827586198061 -0.113936061373044 -0.06451435041943096 -0.088165683394725136,0.076565910968691045 -1.6282861064924838 -0.19358018317072542 -1.801554116290297 -0.17166556648245154 -0.17311339124215663,-0.12752304306708603 -0.15105020021207 -0.12763333291846571 -0.018410098240666986 0.08956554412368771 -0.052519817608201083,0.027317230520767576 -1.276330367583983 0.098039516257216131 -1.6440729331103889 -0.11591193855518826 -0.05408928167134746,0.066029079945988944 -0.51487071510571991 -0.70304421151620722 -0.51048794685194676 -0.18708188873720874 -0.41832854638590816,19.054701426633102 -213.60876877830032 -91.691268166442171 -6.7329654595812185 1.3265558689013159 -0.0063814155052426599,8.4138619383760158 -105.62871676253053 -59.613539885790487 -19.561876749932708 -0.41155372882661823 -6.36980708954421
ur,tetrapga,11.451166107,0.537983727,0.226537916,0.242179644,30.334296,38.17285,3.791787,1,0,0,6.310914513,0.357825316,1,5,0,0,0 0 0.050000000000000003,0 0 0.050000000000000003,0 0 0.050000000000000003,wrist_3_link,-1,0,0 0 0,0 0 0,,0.025528702427269276 -1.2579699555276997 0.11560085421619616 -1.6348372840519687 -0.1138914374219316 -0.047200602238520864,0.026805422599952552 -0.10461324241770495 -0.12256755378283525 -0.088362972141121043 -0.041171443687999153 -0.066151196276763038,0.071642222509843298 -1.6340441614303061 -0.19837617370642485 -1.8021515257205734 -0.16816152586583147 -0.17505736994749166,-0.130812805429317 -0.15106018613192532 -0.12399660533708878 -0.012930070574013052 0.094284594365850474 -0.049474861862079986,0.027815283948444784 -1.2811309752069324 0.092104923485752582 -1.6481703429225536 -0.1173671076754105 -0.057414858789360576,0.062297159190842034 -0.60013976655880907 -0.74197181127110512 -0.51233945981182127 -0.18197395405117961 -0.41580743154633076,19.313868650085997 -195.98504484682454 -82.810815247666994 -6.0567586066917602 1.2030826498367428 -0.0051923176606657826,2.0670391835068784 -77.045158856085436 -36.32694653717374 -3.9710877420857287 3.5799279765886638 0.20387376212391928
ur,tetrapga,11.489441686,0.53935043,0.218281822,0.064598153,30.234245,38.076771,3.779280625,1,0,0,6.514777725,0.363754121,1,5,0,0,0 0 0.050000000000000003,0 0 0.050000000000000003,0 0 0.050000000000000003,wrist_3_link,-1,0,0 0 0,0 0 0,,0.026514419459741222 -1.2613616509459751 0.11237649115916572 -1.6365588941758178 -0.11423716091152868 -0.048462942945769957,0.021584925472205328 -0.061867249246765746 -0.058364018992692543 -0.031025169937739357 -0.0039429606902777088 -0.02316071947343706,0.066573822530154703 -1.6398239489095165 -0.20305008777106098 -1.8025404902846214 -0.16446327897967039 -0.17689167680321219,-0.13400573573208607 -0.15092462141632923 -0.12020462740849018 -0.0073883477818922271 0.098945041934634714 -0.046363804232983252,0.028330571685231846 -1.2865449438220598 0.085910781255740226 -1.652277151637279 -0.11879101859799168 -0.060722193642695391,0.064457268549405949 -0.67690207629540755 -0.77457769180113201 -0.51367531535760125 -0.1781175535481731 -0.41363503174009586,18.636424412152401 -179.1380029011155 -75.259842231580194 -5.486446622568022 1.0929118732901029 -0.0045665687660669564,-8.6087638361511836 -20.19611724956485 -9.6897230208324459 -1.1019812941240161 0.38960003871429194 0.072398965655750658
ur,tetrapga,11.527585838,0.542400583,0.239218721,0.150430897,30.237537,38.265099,3.779692125,1,0,0,6.750831951,0.301519885,1,5,0,0,0 0 0.050000000000000003,0 0 0.050000000000000003,0 0 0.050000000000000003,wrist_3_link,-1,0,0 0 0,0 0 0,,0.027031853733997555 -1.2627665545815163 0.11007989172895698 -1.6384831594637514 -0.11495248650728919 -0.050063032511330291,0.010036238727549406 -0.029396314545638205 -0.055736404825928461 -0.048633257739149817 -0.019052419388632474 -0.040882357027290081,0.061403397455347765 -1.6455759529345013 -0.20756094695415295 -1.8027164485567677 -0.1606018407587943 -0.1786002433680664,-0.13707439184111778 -0.15064414826352648 -0.11628940722755295 -0.0018325749369431992 0.10350622561369699 -0.043212674137267579,0.028885122957149782 -1.2925057007775433 0.079490745349837341 -1.6563909792752192 -0.12018289630345233 -0.064011194248183412,0.069365210440765435 -0.74525061883994215 -0.80281440128744808 -0.51455268075944471 -0.17411340140810377 -0.41134325075924716,17.28043063875748 -162.9928656516164 -68.160278962660044 -4.9496125923985037 0.98741228311295182 -0.0040044931947183808,-3.2821555135194558 -47.669275140725404 -22.564634522216124 -2.5285406620050708 1.8851660428231583 0.1264864462925317
ur,tetrapga,11.5659229,0.545257769,0.245969894,0.207400405,36.250687,43.999006,4.531335875,1,0,0,6.260298965,0.11560172,1,5,0,0,0 0 0.050000000000000003,0 0 0.050000000000000003,0 0 0.050000000000000003,wrist_3_link,-1,0,0 0 0,0 0 0,,0.027260716526233152 -1.2636955063809772 0.1075329989809742 -1.6410245242432591 -0.1161004399177395 -0.0522434056731962,0.0046734317655106458 -0.028577695962172512 -0.066030654936369018 -0.061599033677521266 -0.02690029780208035 -0.052508275603135326,0.056091111189667614 -1.6513434674174459 -0.21194157418249787 -1.8026792189300469 -0.15654725294707497 -0.18019540290701766,-0.14004163294346861 -0.15021593453662066 -0.11222080578159467 0.0037789515770272515 0.10800165101178696 -0.039997041429024091,0.028081798725050726 -1.2815579648719011 0.088426191620029543 -1.6524062903017596 -0.11888096449254615 -0.061368372733382075,0.0011339064741314048 -0.43228130546408461 -0.63592116860738046 -0.46253047004211156 -0.092495073563832089 -0.40528013503644239,15.460167575707777 -239.97402031736783 -111.49060147310236 -8.7896412653612046 1.7081710907946217 -0.025081925493629087,0.45902633821592076 -66.072096239417988 -31.11006078492801 -3.4705006224385215 2.8743153104257999 0.16196303510145071
ur,tetrapga,11.609994518,0.547540297,0.242058459,0.228250754,30.355227,38.059931,3.794403375,1,0,0,6.411672585,0.722360355,1,5,0,0,0 0 0.050000000000000003,0 0 0.050000000000000003,0 0 0.050000000000000003,wrist_3_link,-1,0,0 0 0,0 0 0,,0.027404890269118951 -1.2653032961168491 0.1040073277532713 -1.6443300605530364 -0.11758672770398851 -0.055062526988571524,0.0050167410502346228 -0.052062228035153743 -0.084386597878951683 -0.068741955949561992 -0.027910993344841328 -0.05746461018002734,0.049846766700176487 -1.6579495979666932 -0.21678134062859972 -1.8023700217169469 -0.15167566450337649 -0.18187564266606351,-0.1433041593356785 -0.14954247871488602 -0.10738286196438719 0.010256764316330992 0.11305300529047037 -0.036243541970132374,0.027896536968799089 -1.2857742757545654 0.082816192540759781 -1.6560849853356965 -0.11966292170035916 -0.064636621690345092,-0.023133685977230256 -0.52715000421701241 -0.70146098534407053 -0.4600500314691352 -0.097827676796680113 -0.4086771580702861,18.834682350963231 -222.43290134655149 -95.388314962438443 -6.9698923442879908 1.3634480029696849 -0.0067673504945848732,2.0715003333805981 -73.079681192370117 -34.237613162380967 -3.8001324271763224 3.2262787769462022 0.1770981721492717
ur,tetrapga,11.648156943,0.547771223,0.241469468,0.232051681,30.364598,38.386453,3.79557475,1,0,0,6.560885069,0.495512405,1,5,0,0,0 0 0.050000000000000003,0 0 0.050000000000000003,0 0 0.050000000000000003,wrist_3_link,-1,0,0 0 0,0 0 0,,0.027588075397566202 -1.2678675944880249 0.099933471163455148 -1.6477076099140509 -0.11900709205365252 -0.057891775156211404,0.0076574574062825262 -0.083171434295222002 -0.1066965008857385 -0.0760996841057833 -0.027814426681649355 -0.062132497099019052,0.044326142305936733 -1.6636428518099049 -0.22079721585266013 -1.8018712855798298 -0.14727952924592611 -0.18319601552621445,-0.14599777474789258 -0.14880296475239616 -0.10305892140421979 0.015882872363778128 0.11732090511355953 -0.032947076304976619,0.027638083083368126 -1.2907174139095132 0.076873061689775785 -1.6597801977346269 -0.12040938774723339 -0.067883500519869022,-0.032311691824390615 -0.61815256045609401 -0.74332691291527542 -0.46232056217125655 -0.093429538714743035 -0.40614290100948192,20.213267889206413 -203.93179064168902 -86.105605171654958 -6.2765544642361082 1.2420744351571522 -0.0055760929192212325,2.6204478840824237 -74.715979776600761 -34.807752143722269 -3.8214975914070237 3.2833005578420114 0.1914500950617537
ur,tetrapga,11.686655335,0.549844721,0.236070695,0.083171733,30.368982,38.234015,3.79612275,1,0,0,6.749876351,0.499424945,1,5,0,0,0 0 0.050000000000000003,0 0 0.050000000000000003,0 0 0.050000000000000003,wrist_3_link,-1,0,0 0 0,0 0 0,,0.028106675093382938 -1.2704105086140314 0.097308182583253036 -1.6491180493817332 -0.1191221142429762 -0.059032981115100427,0.01415676282261343 -0.050096313341456943 -0.052351684912063975 -0.028759020325859926 -0.00083847753522780881 -0.023716101805331284,0.038655178571608363 -1.669354814472624 -0.22467888319140539 -1.8011504026988063 -0.14268165962654436 -0.18439975515828888,-0.14858866617397073 -0.1479102394860336 -0.098574380679363457 0.021568311410464457 0.12152148617912276 -0.029580870598352352,0.027372336288607683 -1.2963159940300062 0.070653718146185929 -1.6634883608678317 -0.12111660609696637 -0.071107768263482293,-0.033223305490575797 -0.70008280614922658 -0.77785349949100624 -0.46393940395558336 -0.088523576572086399 -0.40331651527064899,19.888739453980634 -186.04017356878285 -78.039826490761811 -5.6712112034861661 1.1281780778061266 -0.0048554147460684498,-6.5630922231097344 -27.02586634319232 -12.475759924508168 -1.4056037059153823 0.61947424369745363 0.073907576189412794
ur,tetrapga,11.724986447,0.552678998,0.250018174,0.157980981,30.220635,38.243967,3.777579375,1,0,0,6.972212851,0.415836505,1,5,0,0,0 0 0.050000000000000003,0 0 0.050000000000000003,0 0 0.050000000000000003,wrist_3_link,-1,0,0 0 0,0 0 0,,0.028263407338088801 -1.271671531475604 0.095009827435698774 -1.650961014989361 -0.11955472178674866 -0.060708436163892987,0.00045754075683845756 -0.027672550372828331 -0.054258068349103017 -0.043650167293321732 -0.010632124511394203 -0.039885995243292789,0.032912222371752051 -1.6750050107713679 -0.22836987794550398 -1.8002151008187146 -0.13794518920171098 -0.18546877706198467,-0.15103958174911689 -0.14687547336012241 -0.093991101121139981 0.027233061776508145 0.12559445936769761 -0.026191328493938976,0.027135867675352802 -1.3024962596994945 0.064193637987418561 -1.6672049121532229 -0.12179630081580434 -0.074312835262879684,-0.029583651367928957 -0.77289842814784704 -0.8081001595567322 -0.46511506729655022 -0.085113047004143724 -0.40101091089235175,18.814578357744466 -169.15653129001166 -70.62004179196208 -5.1140596060693042 1.0198120145949232 -0.004299419910957291,-1.8751970054610894 -51.034519674107287 -23.69714714133255 -2.6524635341329486 1.911820699249688 0.12327628094584497
ur,tetrapga,11.763303916,0.55533015,0.253311595,0.205858133,36.184619,43.887648,4.523077375,1,0,0,6.511724274,0.211486658,1,5,0,0,0 0 0.050000000000000003,0 0 0.050000000000000003,0 0 0.050000000000000003,wrist_3_link,-1,0,0 0 0,0 0 0,,0.028036494707543057 -1.2726545672537548 0.092516245036992295 -1.6531853050699954 -0.12021775538712939 -0.062781868092046014,-0.0068336173522470312 -0.034001363744095243 -0.069026948193251725 -0.056216027519315814 -0.015455140518516271 -0.051798966308574348,0.027079912915616105 -1.6806107744192822 -0.23188177766095716 -1.7990631269604187 -0.13305652921080555 -0.18640688053750176,-0.15335881454452563 -0.14569615010645956 -0.08929570902661739 0.032894031948325915 0.12955235435283047 -0.022767832083114843,0.026991994199565036 -1.2912581627917548 0.07331326839272137 -1.6633992659127355 -0.12098804822955167 -0.071626313123797997,-0.0742859113408956 -0.46052627412216773 -0.63050420979091171 -0.400792740952087 0.0022968804147029745 -0.38505894877573327,13.395952078977418 -244.9664804839486 -112.86847996149058 -8.7650560423104569 1.7083234344320528 -0.023071468912230685,1.3678264692338615 -66.588901766901472 -30.878719981942083 -3.4348177822403159 2.7414534216652839 0.15969557004098078
ur,tetrapga,11.807257808,0.55681597,0.274356991,0.369396736,30.226618,37.896682,3.77832725,1,0,0,6.643833361,0.75082119,1,5,0,0,0 0 0.050000000000000003,0 0 0.050000000000000003,0 0 0.050000000000000003,wrist_3_link,-1,0,0 0 0,0 0 0,,0.0275793484005682 -1.2746634283839799 0.088693142737798103 -1.6563166901510396 -0.12111964359219078 -0.0656682227474462,-0.010264825109341328 -0.057480708772357378 -0.10081932456675477 -0.088444901283665583 -0.027439183718905948 -0.081140669028463897,0.020283686716088867 -1.6869817488045655 -0.23568586118811333 -1.797474753968767 -0.12726504127498875 -0.18732058474212718,-0.15585514184242882 -0.14416586375458634 -0.083775108800603501 0.039378101733584754 0.13394681150502272 -0.018800978682444926,0.026117118933271777 -1.295737520824364 0.067739887875482033 -1.666574132630857 -0.12103286001303745 -0.074743032347513061,-0.1093935240589103 -0.5601776136606017 -0.69707132228908608 -0.39721276323493365 -0.0056891861580842702 -0.38983947805447616,18.471825166134266 -226.4920524701339 -97.007492700019725 -7.0498312199876265 1.3696605980097263 -0.0070229466615831428,1.5149724539555507 -98.876515000610198 -55.409510362763598 -16.634714338004414 1.5969255360338082 -6.2383680597540945
ur,tetrapga,11.845221689,0.556734847,0.254301606,0.221029306,30.297681,38.268804,3.787210125,1,0,0,6.77520316,0.527427335,1,5,0,0,0 0 0.050000000000000003,0 0 0.050000000000000003,0 0 0.050000000000000003,wrist_3_link,-1,0,0 0 0,0 0 0,,0.027161833156734583 -1.2774680696735867 0.084646128275270627 -1.6592198942921996 -0.12185999423418536 -0.068290474695286263,-0.0066110880558932616 -0.092688106193197506 -0.11161886940849458 -0.069708561060930083 -0.013952137106668613 -0.061146920238946897,0.014328193223939054 -1.6924273194073869 -0.2387739923248027 -1.795873726883189 -0.12210993251590212 -0.18796880134553398,-0.15786773469942311 -0.14269245249940171 -0.078896022410491165 0.044963871756230241 0.13761237513355434 -0.015343580898715866,0.025125064829539287 -1.3009721383492552 0.06182389969445691 -1.6697689315027131 -0.12103123192487904 -0.07783195049697203,-0.12407482194706571 -0.65468893720086319 -0.74003595947711887 -0.399809335040957 0.0001043398838739204 -0.38644412554016905,20.659559028989964 -207.25290688895137 -87.379286556884097 -6.344850920860992 1.2525611741299199 -0.0057534714815241274,3.1049232935142186 -72.262985044958441 -33.154395856356842 -3.6194548825696984 2.9928591192984584 0.18838938921857107
ur,tetrapga,11.883562478,0.557795639,0.246027146,0.067390191,30.285582,38.2008,3.78569775,1,0,0,6.947666781,0.521812353,1,5,0,0,0 0 0.050000000000000003,0 0 0.050000000000000003,0 0 0.050000000000000003,wrist_3_link,-1,0,0 0 0,0 0 0,,0.027435170127176396 -1.2804985712838723 0.081675336527034639 -1.6605949412825611 -0.12169635035267043 -0.069473827984268197,0.010378428152132453 -0.056834223284145176 -0.054987499913784724 -0.024939095857674759 0.0058154206021877623 -0.021859127840486478,0.0082386409926901681 -1.6978674722697884 -0.24170286909804314 -1.7940419386471356 -0.11676481250047362 -0.18848972293575628,-0.15976310453922538 -0.14106278628471353 -0.0738689266264939 0.050585313389723274 0.14118766890675244 -0.011825463546916354,0.024106205437285946 -1.3068842225988617 0.055624320769247337 -1.6729759082452067 -0.12098905883310404 -0.080894244861161646,-0.12747798811266281 -0.73951538602979716 -0.77566982542436436 -0.4014670076190609 0.0051639859692532604 -0.38322045087946444,20.801916990353416 -188.94723645539349 -79.113139435288815 -5.7296698975881402 1.1390534014915445 -0.0050198440817429378,-6.738524074884225 -22.2387628770839 -9.7285038591147668 -1.0489180028898772 0.2225333004327581 0.068212137031963493
ur,tetrapga,11.921870275,0.560266267,0.25663619,0.141731826,30.30242,38.018889,3.7878025,1,0,0,7.155279543,0.438365385,1,5,0,0,0 0 0.050000000000000003,0 0 0.050000000000000003,0 0 0.050000000000000003,wrist_3_link,-1,0,0 0 0,0 0 0,,0.02730732924581418 -1.2819463268494913 0.079435449153737542 -1.6620967641301072 -0.12171053609404504 -0.070972877300634007,-0.0076709866869758446 -0.034031416971536735 -0.056407641510420672 -0.038086001665712507 -0.0008908096405743143 -0.038281511623637257,0.0020844223808681116 -1.703237836536478 -0.24443488998768687 -1.7919969460548015 -0.11128988920752525 -0.188875020098451,-0.16151717830635257 -0.13929352411509999 -0.068750818758297375 0.056176337320837155 0.14462874186043334 -0.0082866871386179358,0.023107960993973102 -1.3133975390623742 0.049176846451927249 -1.6761927723663026 -0.12092012883646744 -0.083935690862438669,-0.12498021141356888 -0.81486600715731605 -0.80690334732481261 -0.40287672023358262 0.0085059812244883369 -0.38075072450266051,19.907324521619628 -171.6495115231744 -71.510175939218072 -5.1630574809492034 1.030164374752176 -0.0044642491408898206,-1.9307662467424791 -46.771502492537365 -21.202371334097705 -2.3375247053054409 1.5341841515886472 0.11834135937468204
ur,tetrapga,11.959958555,0.562312917,0.25973762,0.190729974,36.169329,43.964978,4.521166125,1,0,0,6.694983444,0.232043612,1,5,0,0,0 0 0.050000000000000003,0 0 0.050000000000000003,0 0 0.050000000000000003,wrist_3_link,-1,0,0 0 0,0 0 0,,0.026642646203466222 -1.283213316142481 0.076827198723921367 -1.6640679202445852 -0.12188263233262578 -0.073007736973015519,-0.01829933484957437 -0.039399043890418491 -0.069111310036531703 -0.048056545189488792 -0.0032528330362413403 -0.048982206851773888,-0.0040984784625545129 -1.7085075854515919 -0.24695514520267151 -1.7897519033758744 -0.1057181913687059 -0.18912330632669422,-0.16312096405297027 -0.13739593613669418 -0.063572215559271075 0.061704312846688446 0.14791628113381183 -0.0047475202382735102,0.023678468911693007 -1.3022719939793042 0.058079449535340187 -1.6727421496450736 -0.12060450359231946 -0.08130984022873633,-0.1497041638780634 -0.49617152171869344 -0.61580616040291636 -0.32685977000200245 0.099554489850850747 -0.35505077604766988,11.308573380153128 -246.6132556627262 -112.6122354857614 -8.600283882529336 1.6811013861154813 -0.020544761792142818,1.4913046585772918 -62.791011400270691 -28.609496163074397 -3.1630895472944758 2.3859416691286128 0.15100807446427211
ur,tetrapga,12.004001049,0.563545463,0.260101634,0.205882699,30.347105,38.069549,3.793388125,1,0,0,6.812459585,0.759060879,1,5,0,0,0 0 0.050000000000000003,0 0 0.050000000000000003,0 0 0.050000000000000003,wrist_3_link,-1,0,0 0 0,0 0 0,,0.02558280560238951 -1.2853986957754799 0.073162858839587314 -1.6666347189691999 -0.12209683421017227 -0.07563034717419409,-0.020736988835923568 -0.066140014828939553 -0.088621898043697023 -0.05386777676313835 -0.0018477399656723922 -0.05344597745434735,-0.011320382067988449 -1.7145074416606632 -0.24962123784082721 -1.7868943442525291 -0.099122962937263137 -0.18924187319478478,-0.16479890555889529 -0.13503139873723793 -0.057478597056160527 0.068050557583294674 0.15154656725497839 -0.00063307929185909076,0.022119740692847539 -1.3070599202107229 0.052624798119093347 -1.6753160481397171 -0.11989019481351192 -0.084198098130272667,-0.19500593278789996 -0.59897937926330358 -0.68247903330993231 -0.32222997616928517 0.089244077592825072 -0.36140356117996741,18.181053280100635 -227.40304833380497 -97.269311801798267 -7.0299368611624251 1.3580420418236343 -0.0071893869241258842,2.8760145345431312 -67.941290740034674 -30.849558436739045 -3.3933573857166266 2.6412899817554774 0.16466010474800896
ur,tetrapga,12.042168085,0.562803197,0.266364356,0.207856002,30.289485,37.963924,3.786185625,1,0,0,6.933482387,0.513531442,1,5,0,0,0 0 0.050000000000000003,0 0 0.050000000000000003,0 0 0.050000000000000003,wrist_3_link,-1,0,0 0 0,0 0 0,,0.024521344214423462 -1.2885820161568959 0.068945447140350308 -1.6692651100154732 -0.12223957449992341 -0.078256231586668432,-0.020963334939476816 -0.098729505089746122 -0.11108455479508506 -0.05986929924595507 0.00032469505954155751 -0.057665252190892746,-0.017635520511235413 -1.7196197280795871 -0.25171285527133042 -1.7841928385302515 -0.093281296990727222 -0.18919773150600314,-0.16609806165851343 -0.13283630083942458 -0.052111889558170671 0.073504037303019465 0.15454005186790362 0.0029483533592198907,0.020405119446131555 -1.3126214363834263 0.046828287784774075 -1.6779094985365233 -0.11911143500508078 -0.087045603547589001,-0.21449256127171454 -0.6956781219238457 -0.72521139806898582 -0.32467396393961018 0.09730045629577419 -0.35630950065246758,21.021324440703093 -207.64386288580738 -87.364735393046743 -6.317275950680818 1.2459251344202609 -0.0057685756570039284,3.3266535823120478 -68.592480705557136 -30.950294792362087 -3.3641554640798859 2.6483147604674002 0.17764418139560689
ur,tetrapga,12.080203361,0.563616659,0.258487673,0.060482621,30.324421,38.26833,3.790552625,1,0,0,7.091803367,0.504121857,1,5,0,0,0 0 0.050000000000000003,0 0 0.050000000000000003,0 0 0.050000000000000003,wrist_3_link,-1,0,0 0 0,0 0 0,,0.024534462062686044 -1.2915805382943615 0.066155664969494821 -1.6703392469036888 -0.12177971008790724 -0.079268455322974135,0.0056214461728715569 -0.061345285119355969 -0.056639718631102794 -0.021567901894481954 0.011730228028878149 -0.020730953365229524,-0.023975436760382954 -1.7246284786135708 -0.2535920499061291 -1.7812944971069107 -0.08734887538032314 -0.1890175251294211,-0.1672480887443317 -0.13051564740640484 -0.046689411485312131 0.078890254205959645 0.15737878219073459 0.0065291028115452236,0.018658492158921555 -1.3188667496146227 0.040741404826336841 -1.6805155773816212 -0.1183061448907004 -0.089870256362817508,-0.21886180215240508 -0.78174260749396274 -0.76213546418287326 -0.32668197495659179 0.10075449346779417 -0.35374756521365647,21.708981554614684 -189.55274857201744 -79.243755363232651 -5.7230897017476137 1.1380762976417458 -0.005184914614498575,-6.443326803502103 -19.959265046385553 -8.1769678568974484 -0.82771119434437423 -0.023665443122439456 0.064707247624710362
ur,tetrapga,12.118577368,0.565492583,0.263712685,0.134677442,30.483668,38.495536,3.8104585,1,0,0,7.288123177,0.40856568,1,5,0,0,0 0 0.050000000000000003,0 0 0.050000000000000003,0 0 0.050000000000000003,wrist_3_link,-1,0,0 0 0,0 0 0,,0.024097078477468246 -1.2933027068729306 0.063837406184380982 -1.6716039244067771 -0.12139655279140632 -0.080700094313056928,-0.016312846532931698 -0.03897329166979558 -0.05611537434357243 -0.031014016830449194 0.0086897406982039752 -0.035518079614511859,-0.030413321215832428 -1.7295898381910133 -0.2552776137212453 -1.7781637588500734 -0.081257050052041813 -0.18869751433484486,-0.16826069078877365 -0.12804144071043347 -0.041148523107752064 0.084269885371088871 0.16009343372595919 0.010150667917778826,0.016926839019408859 -1.3257251638372205 0.034402383312974398 -1.6831374045092025 -0.11747095079817207 -0.092671867220102108,-0.21699003369024245 -0.85838023141911535 -0.79365278354852453 -0.32865051026703074 0.10449249073628705 -0.35086732047066838,20.751865144744336 -171.75543350875154 -71.388236313793215 -5.1398755390737652 1.027240114890279 -0.0045522027684197731,-1.5706301173842405 -44.443555728437786 -19.637759712513827 -2.138120460733262 1.2774119668024184 0.10978637187602658
ur,tetrapga,12.157158823,0.567043529,0.265128852,0.179563457,36.14217,43.860438,4.51777125,1,0,0,6.812951151,0.178017054,1,5,0,0,0 0 0.050000000000000003,0 0 0.050000000000000003,0 0 0.050000000000000003,wrist_3_link,-1,0,0 0 0,0 0 0,,0.022949051934506769 -1.2948615864952677 0.061204098319566559 -1.6732257452487833 -0.12104890534414756 -0.082624359767057162,-0.028962135880043972 -0.04732918035942392 -0.068967653826865316 -0.038612862848924297 0.0092351945081510373 -0.044890620943019037,-0.036922282531866933 -1.7344797421262859 -0.2567566523095533 -1.7748091344826835 -0.075030237383635165 -0.18823554385451405,-0.16912800725915747 -0.1254212511432922 -0.035511879728634045 0.089617764161998043 0.16266837129857467 0.013797902355926655,0.018144663416432252 -1.3145622930483829 0.043083065950983233 -1.6801190109735726 -0.11768693701335957 -0.090175411795182389,-0.22442695319127309 -0.53415396206456356 -0.59065940535001504 -0.24264057148214971 0.19667049681015192 -0.31624526935539077,9.32127599965788 -245.27462002156744 -110.89756618741936 -8.311320254727999 1.6299529643309305 -0.017565234554983974,1.6919301304643852 -59.255940671516328 -26.476883275143877 -2.9110049252612953 2.0616455489061707 0.1383785723448625
ur,tetrapga,12.201087783,0.567632078,0.282972752,0.338813566,30.427711,38.147156,3.803463875,1,0,0,6.920165971,0.691221403,1,5,0,0,0 0 0.050000000000000003,0 0 0.050000000000000003,0 0 0.050000000000000003,wrist_3_link,-1,0,0 0 0,0 0 0,,0.021298851430181807 -1.297411520299206 0.057562952093095997 -1.6753166018006083 -0.1206003000663599 -0.085078000489714464,-0.040840671260806871 -0.072905068165296461 -0.098285473810481971 -0.060500760845929119 0.011036512455666142 -0.071310278440742919,-0.044370242522567188 -1.7399209575037948 -0.25817434412836704 -1.7707400314558162 -0.067823455810813255 -0.18753813008857234,-0.16993007773702073 -0.12227867918944177 -0.029020419840446933 0.095625504762079747 0.16540790518584816 0.017954297018950755,0.015915622324527139 -1.3196666065571172 0.037837978883620726 -1.6820099570125751 -0.11620815276342807 -0.092763074198011136,-0.2788968321137168 -0.63857841538898574 -0.65627343060942256 -0.23682931453499001 0.18489464582656034 -0.32379078200864109,17.956972700540835 -225.25391914425069 -96.197708921914227 -6.9126087835538161 1.3297127630078507 -0.0072265539999010033,-4.7727562922080295 -95.078495049029698 -50.822034927020965 -12.312387777014919 3.9779468776625038 -5.4519512272985935
ur,tetrapga,12.23930331,0.56663122,0.278606432,0.198265252,30.241916,38.154616,3.7802395,1,0,0,7.03348902,0.441834982,1,5,0,0,0 0 0.050000000000000003,0 0 0.050000000000000003,0 0 0.050000000000000003,wrist_3_link,-1,0,0 0 0,0 0 0,,0.019690048160706682 -1.3007843351213484 0.053581630315033817 -1.6773378863249662 -0.12010149735923127 -0.087381515220476672,-0.035060148933034697 -0.10711143027919127 -0.11080195729293149 -0.049235848917697542 0.014943537820625765 -0.053714351948220482,-0.050874933486437235 -1.7445394733389659 -0.2591745277862374 -1.7669870146589728 -0.061459501794357531 -0.18678290416051746,-0.17046613500605193 -0.11940938775430136 -0.023315464179176175 0.10077532782789039 0.16762147800471833 0.021569975061680399,0.013506622919963854 -1.3255463678563997 0.032252078842899774 -1.6839249406849262 -0.11466373141349706 -0.095304896531437949,-0.30139162119598839 -0.73550938920754849 -0.69887505227922775 -0.23983401870357626 0.19309928332649812 -0.31806077333339966,21.3880336018109 -205.32354065083189 -86.228421129597692 -6.2120830086016241 1.2250726285932911 -0.0057847497262586327,3.6107119603965003 -65.427533110902004 -29.006999627626371 -3.1413615423471128 2.3482095562930851 0.16543493614074123
ur,tetrapga,12.277523405,0.566559321,0.271501562,0.047690381,36.078725,43.938746,4.509840625,1,0,0,6.86639356,0.404064962,1,5,0,0,0 0 0.050000000000000003,0 0 0.050000000000000003,0 0 0.050000000000000003,wrist_3_link,-1,0,0 0 0,0 0 0,,0.019417129177274874 -1.304241395075564 0.050545921808643424 -1.6782844832068935 -0.11932096391636238 -0.088384018178124676,0.001614720695071153 -0.067048333596239018 -0.057535408447804928 -0.016820247785407035 0.018002591552764 -0.018192714611158706,-0.057398001877673209 -1.7490464998232313 -0.25995583588197535 -1.7630381615534023 -0.055013239816176215 -0.18588943959005877,-0.17085092362514789 -0.11641610731774631 -0.017561621898800433 0.10584896903540641 0.16967473061102414 0.025182908027967212,0.014209921048614547 -1.3188678055323741 0.037133729649350418 -1.6824436183325524 -0.11482563678828744 -0.094102621700299705,-0.2818662706375516 -0.49732823172786988 -0.53377511650985066 -0.16776647338546197 0.27098295740167555 -0.2825594624054083,7.6644704604280243 -257.9278034797934 -116.14111784950359 -8.6026752955443602 1.6802045902610163 -0.017026477784471875,-6.5170500915778433 -15.737825874242844 -5.7230089189749265 -0.50148131799323892 -0.36028040983217124 0.056885827182583171
ur,tetrapga,12.321564071,0.568197223,0.271109081,0.119765652,30.307508,38.183281,3.7884385,1,0,0,6.925328181,0.748899779,1,5,0,0,0 0 0.050000000000000003,0 0 0.050000000000000003,0 0 0.050000000000000003,wrist_3_link,-1,0,0 0 0,0 0 0,,0.018545296287109436 -1.306435630792119 0.047990089385319797 -1.679326620030879 -0.11844471299506605 -0.08981330396329501,-0.022608006967026376 -0.044590630423082624 -0.053393372632763579 -0.021685641876262682 0.017865429220706695 -0.029951691923604837,-0.064928744386929083 -1.7540948682924913 -0.2605822954954688 -1.7582495974864161 -0.047492205881289155 -0.18468882602082345,-0.17110575897451763 -0.11281678445746769 -0.010878726702419069 0.11159323932597315 0.17183842006699113 0.029338326574081832,0.011441772492955686 -1.3237414992461445 0.032320759413646621 -1.6837643366829871 -0.11271557868653072 -0.09639503561639659,-0.34639046509430682 -0.60979943765013889 -0.60223756142017726 -0.16549296885946568 0.26390136054098168 -0.28684065872771913,18.537004154997721 -237.01911325209275 -101.30490461667819 -7.2818785098882728 1.3996806766169794 -0.0077000670887345793,-1.6510707535304334 -39.522665023719128 -16.865720960542035 -1.8022702975322318 0.90181730675439553 0.092635399601761037
ur,tetrapga,12.359845647,0.569094965,0.271316115,0.162240664,30.245814,37.970728,3.78072675,1,0,0,6.997694379,0.646711763,1,5,0,0,0 0 0.050000000000000003,0 0 0.050000000000000003,0 0 0.050000000000000003,wrist_3_link,-1,0,0 0 0,0 0 0,,0.016921067967776409 -1.3083261709978176 0.045402813663876218 -1.6805091772772203 -0.11755826311431543 -0.091547705667601384,-0.037067580903866748 -0.054544718719317299 -0.065617116477699924 -0.026975382089881539 0.020907143317522001 -0.038148318694691201,-0.071480520396648248 -1.7583517164686062 -0.26088690849853657 -1.7538835813763904 -0.04088084371716362 -0.18349672861747507,-0.17116263299681703 -0.10956035266177706 -0.0050299462834646402 0.11649175337623445 0.17354072799849424 0.032940329127716154,0.0084751102138083817 -1.3294374682546688 0.027128148480355302 -1.6851183790808897 -0.1105680674877058 -0.098657991847292043,-0.37120468053036249 -0.71258384949437903 -0.64969264861861786 -0.16965847479296137 0.26858299767450589 -0.28315844807754004,22.896286838554694 -216.47850291616388 -91.084429848600649 -6.5679407537387267 1.2942851233912303 -0.0063816289917979713,1.4325673627592224 -53.539419177574928 -23.341652992382038 -2.5454480902199066 1.6390760692202093 0.11761116850647113
ur,tetrapga,12.397904437,0.571109228,0.278643267,0.085580649,30.240803,37.903009,3.780100375,1,0,0,7.10914178,0.656016417,1,5,0,0,0 0 0.050000000000000003,0 0 0.050000000000000003,0 0 0.050000000000000003,wrist_3_link,-1,0,0 0 0,0 0 0,,0.016264943841130031 -1.309813722314519 0.043742246970690922 -1.6810340916601119 -0.11678029890899268 -0.092362409090011963,-0.01217379946550603 -0.026782432594737303 -0.032588310169510484 -0.01060104460715088 0.018077696408366341 -0.01767152774659778,-0.077993424388335883 -1.7624580138612964 -0.2609671907925758 -1.7493588325345695 -0.034246529083626895 -0.18217510466039721,-0.17106696138616556 -0.10620782283312988 0.000815786772610951 0.12126927501453477 0.17506650421904785 0.036509098912701453,0.0054570968289964893 -1.335868325325765 0.021622465785602344 -1.686497210650225 -0.10839150943206441 -0.10089567730312071,-0.37762356873843594 -0.80444485731586068 -0.68882661880132279 -0.17275712122206244 0.27221385477656568 -0.27999960119419198,23.667955773943721 -197.08701958632449 -82.262777191396921 -5.9249405624566798 1.1805694846095103 -0.0055671173072111349,-3.8308550003831385 -28.241614046487484 -11.506409258732674 -1.1961108276145751 0.26951694340360177 0.054975477859841249
ur,tetrapga,12.435896122,0.573468506,0.272777061,0.149817213,30.288473,38.175364,3.786059125,1,0,0,7.257120864,0.558187889,1,5,0,0,0 0 0.050000000000000003,0 0 0.050000000000000003,0 0 0.050000000000000003,wrist_3_link,-1,0,0 0 0,0 0 0,,0.014987458283531454 -1.3106276781567063 0.042255536882153215 -1.6816258044710823 -0.11579967085689563 -0.093536765040129186,-0.036585487221672944 -0.021688933386448121 -0.038406457346692194 -0.014670977329356934 0.023970329156453182 -0.029021424662127329,-0.084488331743367506 -1.7664276833671404 -0.26082493807886098 -1.7446625413843404 -0.027569174773571143 -0.18072062411448497,-0.17081981621412065 -0.10274951040124787 0.0066766149757788926 0.12594150916591154 0.17642207849589944 0.040056519011027775,0.0024485739698173249 -1.3429590180317867 0.015856561383466094 -1.6878835349919381 -0.10617985967753005 -0.10309828307868651,-0.37643725303434505 -0.88692431168156982 -0.72135433222423395 -0.17369371776927855 0.27660031713818634 -0.27561464116133516,22.777929855643038 -178.76140871311873 -74.118626958756764 -5.3190826940589329 1.0666850616469867 -0.0047576618688114324,0.52899443380755429 -49.439680350326853 -21.417905542240248 -2.3592593141020188 1.381967407217644 0.089519986742658375
ur,tetrapga,12.474159552,0.575107834,0.26928432,0.187508788,30.230689,37.894314,3.778836125,1,0,0,7.442256724,0.329384805,1,5,0,0,0 0 0.050000000000000003,0 0 0.050000000000000003,0 0 0.050000000000000003,wrist_3_link,-1,0,0 0 0,0 0 0,,0.012998020389398726 -1.3117466667480042 0.040368494139384134 -1.6823544573388118 -0.11462320706973415 -0.095018420554615235,-0.052328432311667616 -0.041076281347833914 -0.055859704300067189 -0.0191270116859114 0.030589832809968454 -0.036953018245893136,-0.091017279710564225 -1.7702908390584586 -0.26045620828454158 -1.7397551880342346 -0.020795259855089773 -0.17911985407656808,-0.17041761893117993 -0.099156514272516566 0.01259951676198634 0.13054449692573067 0.1776165357133494 0.043611233814361702,-0.00051040750374810252 -1.3506286403619754 0.0098551569799795492 -1.6892775225375611 -0.10395931642046186 -0.10528422262040404,-0.37079187004419395 -0.95995078551926238 -0.75134619279502779 -0.17488534231003133 0.278035155499673 -0.27373716163557538,21.499568839829962 -162.22393098069961 -67.010161867838775 -4.7980911157270638 0.96528945405361732 -0.004374148915710036,3.3265376524105008 -61.877899899787735 -27.148018414712723 -3.020991522017539 2.0307153269449429 0.11371216997568467
ur,tetrapga,12.512150853,0.575143694,0.273654271,0.202628518,36.066783,44.001206,4.508347875,1,0,0,6.793760283,0.009816041,1,5,0,0,0 0 0.050000000000000003,0 0 0.050000000000000003,0 0 0.050000000000000003,wrist_3_link,-1,0,0 0 0,0 0 0,,0.010502558713557302 -1.313943753367899 0.03764817134340169 -1.6832676995949534 -0.11316829512595017 -0.096780855327973953,-0.06033956235053399 -0.073320428407493005 -0.078063228911971982 -0.023180713779565154 0.036682657435361317 -0.041777901547726537,-0.097481669832551229 -1.773988470512802 -0.25986558825800204 -1.7347104999007621 -0.014027555997861641 -0.17739628753384987,-0.16986607142656007 -0.095482834554266788 0.018494820077747554 0.13500810174767733 0.17863144458711622 0.047119877593094647,0.0021692655736459234 -1.3372366395453312 0.01952892675551951 -1.6868595009177181 -0.10563618858012573 -0.10283771696452555,-0.35381084683159236 -0.61942933217211649 -0.52842749695099389 -0.073679680986176638 0.36618577331811047 -0.22589460825251223,6.5483041315013644 -234.60497146575645 -103.67628161341511 -7.4615399748170157 1.4793046354295032 -0.010873050866203167,4.6678596549509699 -66.867410816857046 -29.33823101040565 -3.2574348749849378 2.2796656285233894 0.12847437607845791
ur,tetrapga,12.556227564,0.573355036,0.290150289,0.19023998,30.304426,38.297601,3.78805325,1,0,0,6.887980866,0.563399026,1,5,0,0,0 0 0.050000000000000003,0 0 0.050000000000000003,0 0 0.050000000000000003,wrist_3_link,-1,0,0 0 0,0 0 0,,0.007492328746781198 -1.317997972025897 0.033599363842096497 -1.6844439694178788 -0.11130014760107038 -0.098889265406780696,-0.059308546425648916 -0.11330016074653405 -0.10161610996983182 -0.026118322252545401 0.041364985647637201 -0.042734670581964923,-0.10495126897077761 -1.7781007736401264 -0.25889945230045891 -1.7286481665261395 -0.006132011287778215 -0.17523021736830638,-0.16903627614416364 -0.091092044084561383 0.025345323405731379 0.14004746511239891 0.17959367362303222 0.051160858654180477,-0.001168643887803386 -1.3430080215532139 0.014814997620840736 -1.6873731803044794 -0.10283498038336442 -0.10472892798075492,-0.4176982756054215 -0.72204674810816849 -0.58982646301445141 -0.064528372898712619 0.35038464877823894 -0.23664873648911386,17.891390076062123 -214.02497914529567 -91.07442600577582 -6.4802463425666117 1.2427934907270564 -0.0070008113112738062,4.2779464105032865 -62.779193529493568 -27.216525423521567 -2.9783797582731495 2.0442248486478434 0.13149171938579229
ur,tetrapga,12.594589744,0.569733764,0.311952577,0.176116762,36.187423,43.98563,4.523427875,1,0,0,6.707281522,0.232126137,1,5,0,0,0 0 0.050000000000000003,0 0 0.050000000000000003,0 0 0.050000000000000003,wrist_3_link,-1,0,0 0 0,0 0 0,,0.0046666315049362604 -1.3231768386746112 0.029015338089870113 -1.6856449131190341 -0.10939319062097994 -0.1009116801600691,-0.059373108648396407 -0.14899585089867709 -0.12288362365120976 -0.028974299141562441 0.045902776299204216 -0.044395384036080787,-0.11141932963062122 -1.7815201916648895 -0.25781272494660629 -1.7231935603152424 0.00077058919576557163 -0.17320058184577733,-0.16814832310416467 -0.087161632156350061 0.031310833760166322 0.14430659146128813 0.1802417263444992 0.054648753545845176,-0.0014825786452413231 -1.3375432968233065 0.018261675080481467 -1.6864973810904877 -0.10274051202866527 -0.1043422761108394,-0.40417635318809897 -0.55667033723567227 -0.45697925744904744 0.0012989778818356806 0.42181349627990139 -0.19037018478364576,6.1701419393996115 -247.82773532215438 -108.62389202883068 -7.708292460537308 1.5211245336781629 -0.0093604908228279906,3.7451793345869522 -58.118531622316368 -24.825715024473283 -2.6655438499983575 1.7743986893071337 0.13668298036085957
ur,tetrapga,12.638650556,0.56813348,0.299248537,0.02332019,30.27818,37.962117,3.7847725,1,0,0,6.733891875,0.586330129,1,5,0,0,0 0 0.050000000000000003,0 0 0.050000000000000003,0 0 0.050000000000000003,wrist_3_link,-1,0,0 0 0,0 0 0,,0.0041526925725521267 -1.328081942442779 0.025403277510717664 -1.6861623246568438 -0.10788208764984358 -0.10164964562472369,-0.0029722672332888811 -0.083128225698156311 -0.06055097260463696 -0.0078863524097253293 0.028135494737634822 -0.012067485504928662,-0.11880217614723314 -1.7852589616878731 -0.25628225763756318 -1.7167302627736536 0.0087246254751904007 -0.17070512861631493,-0.16693868055275315 -0.082526814015113886 0.038158474622820064 0.14904663061415868 0.18076731173392532 0.05861739849250195,-0.0052632918517378641 -1.3428820824850707 0.014118204821318037 -1.6864796399828599 -0.099405584201080741 -0.10588418518935461,-0.47281894727419649 -0.66766020628195921 -0.51822644298523102 0.0020584136766983135 0.4169827905396033 -0.19286231454462155,18.958794093573246 -226.4722174766618 -96.32478179498392 -6.8809888055195607 1.325179193588502 -0.0073518304808665967,-7.6956626438040967 -3.1676086571633277 0.93149645065049924 0.35634243365620932 -1.1696381900734991 0.038109233225924299
ur,tetrapga,12.676713717,0.568039742,0.284337406,0.084646217,30.227804,37.988946,3.7784755,1,0,0,6.776382731,0.567712481,1,5,0,0,0 0 0.050000000000000003,0 0 0.050000000000000003,0 0 0.050000000000000003,wrist_3_link,-1,0,0 0 0,0 0 0,,0.0027819097768119277 -1.3307889644941442 0.023080947902975591 -1.6864453329885181 -0.10632274924671459 -0.10262058683831608,-0.033920367770413178 -0.060041431914013281 -0.052017901582191974 -0.0062815889039029666 0.034155541277919289 -0.02140869370431003,-0.12513388227063843 -1.7883223775743755 -0.25471739123687148 -1.7109813186205103 0.015610800943310072 -0.1684092801978429,-0.16573093881057799 -0.078422922744282253 0.044064227035014655 0.15300597870169638 0.18103231265831102 0.062010511335711144,-0.0092303517978680229 -1.3490143310887559 0.0096177709221138014 -1.6864933508991351 -0.096033373921513593 -0.10738979891926903,-0.49611228972839894 -0.76684307402205032 -0.56284689799033172 -0.0018730893111876062 0.4216430970374313 -0.18832539596952264,23.249056791984678 -206.57790436485368 -86.570221755297894 -6.2141272418152216 1.2297686660368043 -0.0060864267652618416,-2.5126542408735428 -27.933251522949831 -10.706142131442874 -1.0467932317387749 0.14094333921639191 0.066371025457641508
ur,tetrapga,12.714791867,0.569760259,0.28724773,0.048353527,30.363248,38.074839,3.795406,1,0,0,6.858167047,0.612558406,1,5,0,0,0 0 0.050000000000000003,0 0 0.050000000000000003,0 0 0.050000000000000003,wrist_3_link,-1,0,0 0 0,0 0 0,,0.0018597545384948727 -1.3321257082211111 0.021838603496743599 -1.6864688731846049 -0.1051554858722277 -0.10315594176196022,-0.022562265292006591 -0.017006231593249842 -0.02005400153999496 0.00097423892929170402 0.026400843778472551 -0.012048319630470896,-0.13141922126419991 -1.7912289927951561 -0.25292725013953038 -1.7050817778121168 0.022506434633109303 -0.16598396854016612,-0.16437245412895146 -0.074228289186292082 0.04995741274309351 0.15683690317320348 0.18112157566036743 0.065369323657934797,-0.013227157012266597 -1.3558503024132817 0.0048169032818649593 -1.6865323536042569 -0.092642894571808243 -0.10887300597013183,-0.50012648065758714 -0.85513977250648376 -0.60064748524714995 -0.0050717351333631651 0.42413510159294909 -0.18560872999042494,23.864447947773272 -188.377165653985 -78.355867452707201 -5.6243673456206009 1.1256087929110548 -0.0054005539099369806,-5.0199328757105892 -15.956664071718478 -5.1314752122198257 -0.39668335300393665 -0.49310886884143201 0.037750995009787403
ur,tetrapga,12.75296075,0.572012288,0.272705998,0.127590774,30.216324,38.188141,3.7770405,1,0,0,6.976109362,0.538247636,1,5,0,0,0 0 0.050000000000000003,0 0 0.050000000000000003,0 0 0.050000000000000003,wrist_3_link,-1,0,0 0 0,0 0 0,,-5.2688850822200638e-05 -1.3325594534967005 0.021043537821726504 -1.6863196146156314 -0.1036049737575208 -0.10395087817683284,-0.052782375631711349 -0.009600671974329544 -0.019388036152536144 0.0038097559873932611 0.037563041107334279 -0.019629870354241807,-0.13766475952220469 -1.7939805886093716 -0.25090801252718992 -1.6990243351036181 0.029418539758605762 -0.16342524846797327,-0.16286069264318254 -0.069937724007733654 0.055844136677348791 0.16054247665604912 0.18103426039781453 0.068697641992054886,-0.0171972515469472 -1.3633166959105241 -0.00024437198799529252 -1.686591008375552 -0.089239670598346199 -0.11033722738530108,-0.49678764569284095 -0.93394254409605981 -0.63319843894857608 -0.0075282434050361266 0.42572817956253661 -0.18323552552873251,22.816933201857282 -170.71337828661325 -70.600380624751239 -5.0550403169714837 1.01738347679059 -0.004766762744406028,0.30033000575845037 -42.104955481060642 -17.439289576765432 -1.8927234829416193 0.88189567984932182 0.060563934738411263
ur,tetrapga,12.791246735,0.573472783,0.266294583,0.173871173,36.093348,43.744589,4.5116685,1,0,0,6.543266873,0.323850168,1,5,0,0,0 0 0.050000000000000003,0 0 0.050000000000000003,0 0 0.050000000000000003,wrist_3_link,-1,0,0 0 0,0 0 0,,-0.0028144482266277194 -1.3333271942411156 0.019974767990808922 -1.6861231068660227 -0.10170104150673215 -0.10494625348662523,-0.071832878331975825 -0.030752149431906631 -0.034246696057758846 0.0040548527144256778 0.048426944255259494 -0.024808923637863571,-0.14386861967602174 -1.7965745106671767 -0.2486573385618959 -1.6928088680811835 0.036345100807133442 -0.1607318386715498,-0.16119431187893807 -0.065551195780111288 0.061722711981250691 0.16412025485727466 0.18076876426300117 0.071994732301043321,-0.013685905158145432 -1.353178535818762 0.0065463496048586735 -1.6856649266840313 -0.091503706055679035 -0.10870645134250201,-0.46026982334862943 -0.60739552133813257 -0.4151255646765401 0.086418168597925268 0.49599384104740762 -0.13319278763364489,5.6118937981536252 -235.40623456606053 -102.22771667730527 -7.1133366505156985 1.4219408545604604 -0.0061611481859276864,3.5752327842266496 -57.377487246380952 -24.559179879834154 -2.7522290674605756 1.6804855208609411 0.076201779436530614
ur,tetrapga,12.835087185,0.573065627,0.266588419,0.290807559,30.348063,38.347715,3.793507875,1,0,0,6.576139862,0.706043471,1,5,0,0,0 0 0.050000000000000003,0 0 0.050000000000000003,0 0 0.050000000000000003,wrist_3_link,-1,0,0 0 0,0 0 0,,-0.0066943786388639079 -1.3356742814856344 0.017803651747431731 -1.6859209044539134 -0.098987758252723379 -0.1063083866328101,-0.093624067428973196 -0.07366456394512727 -0.06058303559718474 0.0062067294849521819 0.075982159619610745 -0.037884630694640709,-0.15089032160063987 -1.799336442902721 -0.24580452917137657 -1.6855271215421084 0.04425947913808103 -0.15749377331576941,-0.15910306657617657 -0.060431234899229393 0.068414710976812704 0.16804105566727631 0.18024604527709212 0.075715717203971772,-0.01790352710501459 -1.3588781597921851 0.0027515922269199015 -1.6849115704961704 -0.087636878216035871 -0.10984528904806398,-0.52746565778752708 -0.71277467514826021 -0.4746141873503687 0.094071324986059829 0.48351607139528641 -0.14245863751153598,19.034259101058581 -214.20970890646453 -90.952093469031183 -6.4590931819976625 1.2443043976065806 -0.0070554156497738161,-13.376358717426854 -94.109526898735567 -43.62113383308462 -3.1054395982082497 8.6473098868562488 -2.8478028695001854
ur,tetrapga,12.873532797,0.570971026,0.296186586,0.182491835,30.259244,38.143327,3.7824055,1,0,0,6.626785053,0.452184569,1,5,0,0,0 0 0.050000000000000003,0 0 0.050000000000000003,0 0 0.050000000000000003,wrist_3_link,-1,0,0 0 0,0 0 0,,-0.010218857096125905 -1.3391841370890898 0.015066519950236246 -1.6858205768177688 -0.096418792956009705 -0.10753044503645465,-0.079798467008830448 -0.1106545014094099 -0.081827466179858005 0.00020835362604869749 0.063105999552547212 -0.02849662379673553,-0.15696929226463668 -1.8015721293387259 -0.24306212931589571 -1.6790031568087707 0.051177223152185203 -0.15452093098628539,-0.15710963126025623 -0.0558603694550261 0.074242267290394959 0.1713205908701026 0.17959582735711827 0.078927960219397728,-0.02228819754041992 -1.3653273384995579 -0.0013819864344565198 -1.6842053168670392 -0.083732303409855102 -0.11094707235230719,-0.54834671885454922 -0.80646901689196793 -0.51696684778007496 0.088183505144815932 0.48823444221248741 -0.13782683734668835,22.798791957177432 -194.88101987501523 -81.471623286585739 -5.8394066559987063 1.1595952540380556 -0.0058460455063573651,4.7932946192350983 -60.222305640103514 -25.622387020906125 -2.8529490651453671 1.8112026762713924 0.087478662191472267
ur,tetrapga,12.911786872,0.569824479,0.309397024,0.043197797,36.079196,43.948642,4.5098995,1,0,0,6.399162195,0.370750423,1,5,0,0,0 0 0.050000000000000003,0 0 0.050000000000000003,0 0 0.050000000000000003,wrist_3_link,-1,0,0 0 0,0 0 0,,-0.011336547460182188 -1.3427120212754042 0.012624273669323302 -1.6857681445049262 -0.09472941927740669 -0.10797924076926764,-0.012798332323571469 -0.072371449649663952 -0.048936811400910267 0.001706750254851257 0.035233825894460655 -0.007386555639899324,-0.16293909781651603 -1.8036208861507961 -0.24011184109958092 -1.6723894322250199 0.058032290867326808 -0.15144127223658577,-0.15497956485741574 -0.051241284069088941 0.079996995134643992 0.17443286250268769 0.17877146634909954 0.082074278498238146,-0.020756152378527869 -1.3586562257279051 0.002853889707666285 -1.6836631206860653 -0.084844189735106157 -0.11015909731324405,-0.49310394199279295 -0.57972906928821955 -0.34604149627489944 0.16540215074138526 0.54841524678553832 -0.087044556215224375,3.2879109488807181 -237.45811385071636 -102.32452951024047 -6.9721748706391695 1.3905760510691456 -0.0040408997269302275,-4.8473448693666157 -14.2552729708068 -4.0099475131105109 -0.22114482915367262 -0.61123157218801794 0.023350212912845336
ur,tetrapga,12.955836684,0.569524314,0.290366187,0.098559054,30.329651,38.076844,3.791206375,1,0,0,6.391364652,0.659419297,1,5,0,0,0 0 0.050000000000000003,0 0 0.050000000000000003,0 0 0.050000000000000003,wrist_3_link,-1,0,0 0 0,0 0 0,,-0.013264888920091816 -1.3455514175328007 0.010637174039884595 -1.685369974890472 -0.092483047258172676 -0.10858721912244661,-0.044228610625327895 -0.061421289700199729 -0.043123054661911416 0.0082290652708002527 0.046780550953233635 -0.012774534402681455,-0.1697086495807997 -1.8057594023077899 -0.2364431327834792 -1.6646302090623033 0.065882281356628963 -0.14774728984771923,-0.15234758554249375 -0.045839808175384106 0.086562337010860871 0.17782585873001194 0.17760394767582641 0.085632238888704609,-0.025297759666681539 -1.3641576626445169 -0.00038301016071548653 -1.6823098378770267 -0.080525815537047463 -0.11089838627531558,-0.567982781011382 -0.68800009148290608 -0.40485088401049696 0.16913626959137179 0.54000860416073493 -0.092496343405756049,18.792277817991941 -216.11761188820861 -91.797286001585448 -6.5204034318906814 1.2558368388035182 -0.007153793569911286,-0.92487132487977419 -32.524487753121321 -12.597015838765566 -1.2887097341936169 0.34421851159947892 0.039546387824231033
ur,tetrapga,12.994029494,0.568322987,0.287900887,0.131402014,30.322064,38.093572,3.790258,1,0,0,6.4042399,0.532477862,1,5,0,0,0 0 0.050000000000000003,0 0 0.050000000000000003,0 0 0.050000000000000003,wrist_3_link,-1,0,0 0 0,0 0 0,,-0.016147882216431861 -1.3483191286163181 0.0087144419729614092 -1.6848047620810325 -0.089928389032352229 -0.10933248225999755,-0.064533237090887402 -0.075159436515756115 -0.051452424754279254 0.011344395015865096 0.057579877953094785 -0.016393202703316505,-0.17548117371040622 -1.8074196309913124 -0.23302931589023237 -1.6577850812012926 0.072643106737529758 -0.14441879518097106,-0.14991210204445313 -0.041089521965507234 0.092195518780516073 0.18059884840583837 0.17640358387307406 0.088657908999429602,-0.030013309917643203 -1.3704189093886705 -0.0039695257376949431 -1.6810017149019452 -0.076179693523160452 -0.1116056326318291,-0.58972565136238098 -0.78297631992563521 -0.44855284758520741 0.16349129034674587 0.54347708113927373 -0.088491017711005926,23.075724318612728 -196.87189296522209 -82.361657998903979 -5.9045151936723155 1.1728157821238694 -0.0059744991071069104,1.5449887437463303 -43.362664768836112 -17.635595672649657 -1.9122921625903473 0.90834669349192154 0.05045204697435679
ur,tetrapga,13.032224399,0.568607537,0.299257444,0.055191744,36.170636,43.898323,4.5213295,1,0,0,6.268590436,0.508494567,1,5,0,0,0 0 0.050000000000000003,0 0 0.050000000000000003,0 0 0.050000000000000003,wrist_3_link,-1,0,0 0 0,0 0 0,,-0.017405976080227866 -1.3503875240903245 0.0073296496807109691 -1.6844370593841094 -0.0883172455820114 -0.1096090171374096,-0.025349937704529858 -0.041369846645501064 -0.027604796473105948 0.0090792484699620483 0.036619108262585902 -0.0055873971414695835,-0.18115829536980241 -1.8088973889702626 -0.2294012880963105 -1.6508367067941927 0.079355135797427076 -0.14097564189944725,-0.14733573839217068 -0.036281006722900036 0.097768366443406529 0.18321201228750766 0.17502960275116844 0.091626137597922874,-0.027967263012980921 -1.3648980950843641 -0.000597489052854395 -1.6808368693813478 -0.07749261536664323 -0.11093622059891298,-0.53234343675175977 -0.56202003156155178 -0.28481307827668867 0.23530267944071198 0.5945876879445362 -0.041154575860111856,3.5586312153908359 -236.98778969276046 -101.21151797655983 -6.7890648336442281 1.3624139133293085 -0.0016907887752137525,-3.7268198543983573 -18.213275422900551 -5.8207193982331358 -0.44873225850369636 -0.3999522416090997 0.017670069276874756
ur,tetrapga,13.076222331,0.568964669,0.255968499,0.197333778,30.21179,37.925261,3.77647375,1,0,0,6.227888756,0.69249738,1,5,0,0,0 0 0.050000000000000003,0 0 0.050000000000000003,0 0 0.050000000000000003,wrist_3_link,-1,0,0 0 0,0 0 0,,-0.019937769679054522 -1.3521801358375467 0.0062027309500517032 -1.6835593645450029 -0.085774240511926031 -0.11004896132598348,-0.076573605047011273 -0.04381282396307646 -0.024044820583158637 0.031772713677237004 0.08045599387021149 -0.014354261066258492,-0.18757236014893178 -1.8103706120315914 -0.22495992898707584 -1.6427131790355696 0.087017396889097709 -0.13687040414326487,-0.14419588613425255 -0.030675447124556946 0.10410582168291173 0.18602025839056771 0.17323344492113393 0.094970764205174737,-0.032807121884024078 -1.3702620771365899 -0.0033321290890876874 -1.6789294169799112 -0.072793981433114746 -0.11130412914277125,-0.60512329387648123 -0.67065799498143752 -0.34194920476054935 0.23841950941034842 0.58743515639275878 -0.046031179555692185,19.359365041207408 -215.26784646397803 -91.308098588553179 -6.4878777259034379 1.2538589100424122 -0.007105123677452722,-21.016200888340435 -65.120146722091704 -27.202408899673024 3.0210875251659672 9.2730876287777448 -1.3875301052219413
ur,tetrapga,13.114223223,0.568278706,0.279013041,0.14240672,30.232548,38.24006,3.7790685,1,0,0,6.212672502,0.592830551,1,5,0,0,0 0 0.050000000000000003,0 0 0.050000000000000003,0 0 0.050000000000000003,wrist_3_link,-1,0,0 0 0,0 0 0,,-0.023111320676736099 -1.3541665724326022 0.0050317713502687992 -1.6825817770815219 -0.083094152004442132 -0.1105210242558365,-0.074239117537998431 -0.059515299368776385 -0.035644184045858354 0.021827961209745658 0.063798799748297108 -0.011011449916287842,-0.19299805553937727 -1.8114434633664209 -0.22090103515596987 -1.635600996725342 0.093568015836568014 -0.13320761407899975,-0.14133794901584079 -0.025781344606513355 0.10950284613857042 0.18826877448302234 0.17149987593676261 0.097792583257152219,-0.037800083605331838 -1.3763847198229007 -0.0064143613951740987 -1.6770628397942426 -0.06807659206675315 -0.11164122056259096,-0.6242611501595563 -0.76549057424208156 -0.38539823849218918 0.23331010743933661 0.58977958549689702 -0.042179039050870719,23.391682485287454 -196.23016176005692 -82.033624265375607 -5.8834233153764632 1.1709804713321026 -0.0059425744861756882,2.4854199176441796 -46.994217743334957 -19.332636264010013 -2.1502243896311484 1.1003921989464516 0.033734298859656064
ur,tetrapga,13.152561174,0.568537126,0.299823991,0.073847216,36.114366,43.967614,4.51429575,1,0,0,6.129354112,0.561047583,1,5,0,0,0 0 0.050000000000000003,0 0 0.050000000000000003,0 0 0.050000000000000003,wrist_3_link,-1,0,0 0 0,0 0 0,,-0.02466199131676396 -1.3559530543364098 0.003963307196040277 -1.6819586536845965 -0.081289585535981326 -0.11068380990376071,-0.027876967572825609 -0.034819596693677651 -0.020481658080532993 0.01351077313140857 0.038189186244210471 -0.0025642203487982675,-0.19835923543228853 -1.8123364961369854 -0.21659977488952661 -1.6283423639412877 0.1001067378221755 -0.12940491442976673,-0.13831967849147309 -0.020798891575807447 0.11487030973592398 0.19036843154029504 0.16958154058585692 0.10057411378774238,-0.035712659535103462 -1.3706322701224503 -0.0030693331103366201 -1.6771002034763329 -0.069611165808248665 -0.11112903700984206,-0.56035133950192462 -0.55807918985301586 -0.23057591057180626 0.30133974152217402 0.63412203375505971 0.0041540926134022819,3.321836829961331 -233.15976251933907 -98.537499872001348 -6.491451747802607 1.3120586907852672 0.00087025150130109943,-2.3574259113740936 -24.369581273258518 -8.6905488365748784 -0.79237469447798503 -0.057449605334596754 0.008184380431231375
ur,tetrapga,13.196637234,0.56870011,0.281883042,0.117538384,30.375604,38.257607,3.7969505,1,0,0,6.063819472,0.664322096,1,5,0,0,0 0 0.050000000000000003,0 0 0.050000000000000003,0 0 0.050000000000000003,wrist_3_link,-1,0,0 0 0,0 0 0,,-0.027252869159373454 -1.3576533766781473 0.0031234433430480423 -1.6808145230493361 -0.078652554965348592 -0.11088623370705167,-0.057126217520824363 -0.040458941777637411 -0.020659119730741082 0.023573381032572619 0.055200037416940559 -0.0042427949140470952,-0.20437636192930944 -1.8131260716271935 -0.21140260008699652 -1.6199023182364805 0.10752885204214434 -0.12490304583703468,-0.13468501044931125 -0.015020529009250374 0.12093832850797651 0.19256984521019282 0.16716829640946021 0.1036879091115748,-0.04076535705113131 -1.3759553745531312 -0.0053514763427934715 -1.6746659187751054 -0.064596309753020109 -0.11113352754193181,-0.63173576974846002 -0.66554436333873257 -0.28536806328269909 0.30430742128979721 0.62698866651880625 -0.00059200181453770637,19.388829685928016 -211.49457789443781 -89.596263172934897 -6.3649833818279404 1.2327513298956241 -0.0069607851378278417,0.77287980083883667 -38.787666606780476 -15.484216864077325 -1.6711460693632034 0.68771176115495791 0.013021890019672355
ur,tetrapga,13.234997428,0.567350066,0.281869565,0.140647365,36.152526,44.147,4.51906575,1,0,0,6.027392713,0.560754921,1,5,0,0,0 0 0.050000000000000003,0 0 0.050000000000000003,0 0 0.050000000000000003,wrist_3_link,-1,0,0 0 0,0 0 0,,-0.030691865876517555 -1.3598752349965735 0.0020999956560539363 -1.6794198466157253 -0.075553616416045993 -0.11112468658862172,-0.07652091355575899 -0.0634482222985637 -0.031666367077215103 0.029550814763223254 0.069534536441045708 -0.005243401553275958,-0.20947994838152822 -1.8136051695196875 -0.20666362496629981 -1.612481587238574 0.11389827949092651 -0.12087480264560538,-0.13138101689493997 -0.0099527744048411061 0.12612417798235945 0.19429837107962103 0.16488947066251339 0.10632218874034924,-0.045958803455739501 -1.3820233942890972 -0.0079768765655027253 -1.6722768357623443 -0.059566907720542635 -0.11111121529423473,-0.64932938082100278 -0.7586587764993693 -0.32827518706424935 0.29865721023148195 0.62880691367492214 0.0027583456588147833,23.201328553947654 -192.85574155069907 -80.596957785907549 -5.7849239270570028 1.1531392556289146 -0.0058913529307093532,2.5898238281972112 -46.413630514837678 -19.036163595013466 -2.1367304933737614 1.0796832672310757 0.015918493160029357
ur,tetrapga,13.279244713,0.567518245,0.303574231,0.072359039,36.051115,43.740894,4.506389375,1,0,0,5.972036541,0.514481273,1,5,0,0,0 0 0.050000000000000003,0 0 0.050000000000000003,0 0 0.050000000000000003,wrist_3_link,-1,0,0 0 0,0 0 0,,-0.032369070022695783 -1.3618638535821055 0.0010764825740009316 -1.6785499140237914 -0.073484064801078344 -0.11114182187814352,-0.028543985238610479 -0.034167076579976044 -0.017099089279599241 0.016677910538293973 0.038951822769955485 0.00012853825022952765,-0.21520598724797727 -1.8139155137065692 -0.2009527482251226 -1.6038442820573091 0.12113233785167918 -0.11610474985647741,-0.12741075144088809 -0.0040685448712990766 0.13198891877430599 0.19607289431614924 0.16205767413305969 0.10927023471776928,-0.043821791861355333 -1.3764348606604684 -0.0048792159507137596 -1.6724879558174672 -0.061178629111721186 -0.11072420944820788,-0.58230618038969995 -0.56148274536016751 -0.17867744898315419 0.36568830126826335 0.66842297344378199 0.050273299595996003,2.8160195175373985 -226.26437277555536 -94.453879678953996 -6.0857759208162276 1.2403593697141768 0.0037012359603897666,-2.2317889938058784 -23.878482880835691 -8.4273649774142321 -0.75403259007089218 -0.057920912910844891 -0.00014206370562419579
ur,tetrapga,13.32309151,0.566848284,0.255944681,0.193140072,30.279927,38.238211,3.784990875,1,0,0,5.886860227,0.582747526,1,5,0,0,0 0 0.050000000000000003,0 0 0.050000000000000003,0 0 0.050000000000000003,wrist_3_link,-1,0,0 0 0,0 0 0,,-0.035351498323695468 -1.3637939184665291 0.00038936092107885164 -1.6769664964371891 -0.070399333731716918 -0.11113851715073281,-0.080813875399425444 -0.049143338263272954 -0.012790615044132541 0.050899351818036724 0.092466139388012014 0.00021802435002611994,-0.22070327139094692 -1.8139654285113893 -0.19504042270580557 -1.5952128412473316 0.12817265789275933 -0.11125135337868501,-0.12331192658805128 0.0017969253539906736 0.13766985063779169 0.19759710682090531 0.15904030608215297 0.11209287464410661,-0.049035454420870823 -1.3817648775828761 -0.0067182780244250491 -1.6695394891350901 -0.05588612817192419 -0.11035630616528708,-0.65178211006192532 -0.66633027005277667 -0.22993283882670737 0.36856925211530955 0.66162844728224279 0.045972567713441645,19.058646412646244 -204.82077118886187 -86.623862907927361 -6.1501277184514764 1.1935301049128093 -0.0066881044034561056,-22.847932307603543 -63.736223797513048 -23.54439977776418 6.8264904175130141 10.651057274498513 0.044410740729432518
ur,tetrapga,13.361431365,0.565309871,0.285142518,0.134057864,36.105189,43.785993,4.513148625,1,0,0,5.834442136,0.499122269,1,5,0,0,0 0 0.050000000000000003,0 0 0.050000000000000003,0 0 0.050000000000000003,wrist_3_link,-1,0,0 0 0,0 0 0,,-0.038681909308800666 -1.3659689057615152 -0.00036082490886902576 -1.6753601248330539 -0.067329861917637637 -0.11113019063050177,-0.077760060237254153 -0.063625667311971348 -0.025534337142665398 0.036520590917146462 0.072828596147977862 0.00019383295808389158,-0.22536020165987411 -1.8137978380367987 -0.18966876540837188 -1.5876145683225187 0.13421691888780513 -0.10690775453041136,-0.11959690504617945 0.0069485817483975545 0.14252495536726809 0.19873696037640523 0.15623275056360952 0.11447803969333298,-0.054375842131900644 -1.3878151130331247 -0.0088889951812887533 -1.6666370911736887 -0.050583653130538642 -0.10996348339913645,-0.6677077226464071 -0.75642976230048298 -0.27141587908931575 0.36284963156103361 0.66296729136746579 0.049089793250692793,22.66000986365475 -186.89953996325653 -78.052950760425517 -5.6047274326171888 1.1189003829369817 -0.005715993513259088,2.3790409052533334 -44.239095165555227 -18.016131781679775 -2.032268661820126 0.98988742712194266 -0.0008427350432214098
ur,tetrapga,13.405314519,0.565096307,0.306526499,0.067978023,36.192216,43.944084,4.524027,1,0,0,5.7837497,0.457611732,1,5,0,0,0 0 0.050000000000000003,0 0 0.050000000000000003,0 0 0.050000000000000003,wrist_3_link,-1,0,0 0 0,0 0 0,,-0.040436030875221275 -1.3679835153721336 -0.001229767530791124 -1.6742976043464579 -0.065163781578809227 -0.111007590769631,-0.02887316059585477 -0.034177062863995897 -0.014089202985810342 0.020033593520066343 0.040288463007467114 0.0028760369283232453,-0.230512548045473 -1.813363159792696 -0.18329481304517423 -1.5788687521353875 0.14099896377957472 -0.10182595330947564,-0.11519857367890893 0.012865188516055781 0.14794704588205684 0.19981887962275671 0.15282941246489801 0.11711037384296925,-0.052194173099175241 -1.3824284298250038 -0.0060724652053596442 -1.6670444894778456 -0.052297523558321443 -0.10970789704954217,-0.59860920383562499 -0.56621461830654018 -0.12667359840563966 0.42788222847142743 0.69710318014119688 0.097198478096125904,2.3180686156414048 -217.5622718993979 -89.596172229548912 -5.6303937642707877 1.1584800364760675 0.0065398936442210981,-2.2763042024532751 -22.432747541801291 -7.7368338650191895 -0.66832268539019424 -0.1016621948281653 -0.0086173137571279312
ur,tetrapga,13.449328634,0.563986966,0.256451861,0.199058373,36.30961,44.425116,4.53870125,1,0,0,5.682783631,0.505502005,1,5,0,0,0 0 0.050000000000000003,0 0 0.050000000000000003,0 0 0.050000000000000003,wrist_3_link,-1,0,0 0 0,0 0 0,,-0.043485875780100325 -1.36994919691636 -0.001670743241256944 -1.6724075596725938 -0.061924868745445227 -0.11076984454336228,-0.083241987523163599 -0.050253994868529099 -0.0059542359064477177 0.060500917274238133 0.09770874515528008 0.0073610819621424111,-0.23548302435084476 -1.8126660264466172 -0.17666613732288547 -1.5700544261793088 0.14764683379583959 -0.09661530704337043,-0.11063464323995026 0.018814462041488064 0.15323393002682742 0.20066354534368638 0.14921674349705938 0.1196430454796712,-0.057516875791678419 -1.3877669240504737 -0.0074652343234145064 -1.6636020287436777 -0.046773171251285578 -0.10896362610473659,-0.6654174659467369 -0.66738694369344187 -0.17413425699753421 0.43033253496394763 0.69062299397661886 0.093027341841630085,18.537085415618868 -196.50733217401623 -82.968371233282568 -5.8885996932135454 1.1451060048599881 -0.0063871465163429378,-23.589983186110061 -62.090253072497035 -21.229008963272825 8.6986610490694147 11.147268883235654 0.7724516321205499
ur,tetrapga,13.493863388,0.561746301,0.291805417,0.123825801,41.906617,49.892565,5.238327125,1,0,0,5.53583559,0.395921289,1,5,0,0,0 0 0.050000000000000003,0 0 0.050000000000000003,0 0 0.050000000000000003,wrist_3_link,-1,0,0 0 0,0 0 0,,-0.047349651949544803 -1.37252548224125 -0.0022716931202560872 -1.6702317276025747 -0.058249074283134007 -0.1104923689924842,-0.074218332955116276 -0.063302916243711357 -0.019898667254804516 0.041121972182683472 0.072500722357909109 0.0053710025740180186,-0.2403044801071916 -1.8116939208376828 -0.16972576038693141 -1.561103461647585 0.15420708822474288 -0.091232049499653231,-0.10586603730742809 0.02484237792768134 0.15842209531413201 0.20127161080883552 0.14536329391011193 0.12209321874328978,-0.060148783070005457 -1.3891265031371536 -0.0073004451718672366 -1.661641393574012 -0.04401089765974292 -0.10841708856153499,-0.64677387689543453 -0.64629881650550813 -0.14172810658579904 0.4522761929434565 0.70396538538594799 0.11608551344801171,12.631018117388997 -197.205017322298 -81.336171780096578 -5.4247051686235475 1.1029874973100069 0.0012079536333860306,1.8975852879033539 -40.86251435934355 -16.455155816423712 -1.8489385969724026 0.85604166556598216 -0.016772265080589932
ur,tetrapga,13.543821898,0.561162951,0.265803196,0.120385754,36.053532,43.886272,4.5066915,1,0,0,5.492154168,0.476091299,1,5,0,0,0 0 0.050000000000000003,0 0 0.050000000000000003,0 0 0.050000000000000003,wrist_3_link,-1,0,0 0 0,0 0 0,,-0.049432841636528738 -1.374656710641631 -0.0028881364886050877 -1.6686424122988817 -0.055523440927699889 -0.11012941942315276,-0.077527018924536423 -0.04429581574667283 -0.00053451208025927515 0.055345885743734322 0.084807371757910394 0.011825367645621138,-0.24545616732321965 -1.8102838804311201 -0.16166997646802236 -1.5510372936027759 0.1613564850242962 -0.085066630220379205,-0.10034243777259895 0.03160548598863603 0.16404063160880916 0.2016571345117471 0.14081006358056974 0.12470374158414928,-0.0655686296792235 -1.3950068113439762 -0.008742735723725914 -1.6580446968472815 -0.038393290073201851 -0.10748344983954364,-0.67754054819013421 -0.73509489998510114 -0.18031490691284191 0.44960579823601138 0.70226016501548583 0.11669994555461893,20.179162330309904 -178.7466805257086 -74.734730551473092 -5.3398745273883854 1.0580709108860644 -0.0055107286696556125,-3.5949512195287525 -39.727298787131076 -16.082170181557558 -1.6742955259715018 0.51660191688911539 -0.023866811621701345
ur,tetrapga,13.587772719,0.560094714,0.294000311,0.102753916,36.116729,43.972902,4.514591125,1,0,0,5.469870915,0.381347984,1,5,0,0,0 0 0.050000000000000003,0 0 0.050000000000000003,0 0 0.050000000000000003,wrist_3_link,-1,0,0 0 0,0 0 0,,-0.052234763514658805 -1.3764185306762244 -0.003075636544403832 -1.6667769001484007 -0.052648777206982987 -0.10972792777282979,-0.053660581638796258 -0.038508502127811838 -0.0063296706978690264 0.035716286109414873 0.05603034754908922 0.0077605712936066234,-0.24975678091272435 -1.8087641558422392 -0.15435502132827661 -1.5421716680282227 0.16745354041550795 -0.07953761639790298,-0.095336297981730808 0.037548513639228655 0.16880021691088593 0.20173612930298637 0.13660894467356685 0.12687678332874974,-0.063820543822915507 -1.3902150257919113 -0.0062933468006286623 -1.6583150703479839 -0.039697343411798328 -0.1072838791440528,-0.61492031583780371 -0.56284766061151981 -0.048038149887427425 0.51199312896158156 0.7280286549653805 0.16522984447550407,2.3774463798798777 -204.33443285180144 -82.376468380436123 -4.9928454600805239 1.0439297344473 0.010299258572901442,0.42042407999781517 -33.908792362958593 -13.228756886347323 -1.4034772514796714 0.55089738199976068 -0.023992341949650609
ur,tetrapga,13.63184739,0.558982891,0.295585696,0.098968258,42.059465,50.170289,5.257433125,1,0,0,5.341692785,0.407693652,1,5,0,0,0 0 0.050000000000000003,0 0 0.050000000000000003,0 0 0.050000000000000003,wrist_3_link,-1,0,0 0 0,0 0 0,,-0.054921853828933664 -1.378158490625119 -0.0032166381497475637 -1.6648933161096116 -0.049807606666633933 -0.10927837216757259,-0.052697550349358559 -0.037392537205795648 -0.0048449797152394355 0.036291228870665423 0.055469619095487185 0.008745177802266281,-0.25384562035084951 -1.8069781173675941 -0.14681329414187502 -1.5332829663984195 0.17337841868478712 -0.07389971560080999,-0.090183475313645678 0.043494660301288589 0.17339444362266634 0.20157034677868071 0.13221826610155504 0.1289372616391507,-0.066749704096402948 -1.3917843356044239 -0.0057894911284741427 -1.6556829102334043 -0.036374179023929525 -0.10635377111725106,-0.64427740594112126 -0.57297043519018542 -0.033178736245934697 0.53461052704536682 0.73139180751867761 0.17859413786678258,9.2374333088303846 -198.39811490182237 -81.711249323787058 -5.3411702941195438 1.0712178728699839 0.0024238824495731283,0.22758604917612502 -32.659525138649769 -12.659268855966451 -1.3327860299095846 0.50309569025601775 -0.027009370581822623
ur,tetrapga,13.682122989,0.555973459,0.302043347,0.060053918,42.093872,49.878822,5.261734,1,0,0,5.215320363,0.345963236,1,5,0,0,0 0 0.050000000000000003,0 0 0.050000000000000003,0 0 0.050000000000000003,wrist_3_link,-1,0,0 0 0,0 0 0,,-0.059059594197297033 -1.3809543201573624 -0.0034235633772006372 -1.6620427855981785 -0.045618013013312975 -0.10855777247331817,-0.045773266890159293 -0.047928030152367421 -0.0096881938108061821 0.039180624867818079 0.059531221695135465 0.012929561295892683,-0.25822866855361454 -1.8046214026373597 -0.13796870727541027 -1.5231598451692543 0.17989551989098504 -0.067361288900641692,-0.084150415432510547 0.050251848675746301 0.17840883266527824 0.20108159141471274 0.12700024260687112 0.13113957037565607,-0.070026916087190194 -1.3937193793150722 -0.0053376349500115963 -1.652856911834754 -0.032783714749212586 -0.10533079146181412,-0.65000366527790887 -0.58034843504959732 -0.017463382363390133 0.55201115448449445 0.7377157457489476 0.19674954495539282,10.203129495489797 -193.21254949553423 -79.092888311940328 -5.1652276859172614 1.0464295332635773 0.0030748773492988365,0.072029082877293149 -19.817792959551298 -6.5056932185120893 -0.69119603353738057 -0.032335322633400665 -0.036228696901815738
ur,tetrapga,13.732100114,0.555555524,0.279853834,0.084063345,41.880007,49.621505,5.235000875,1,0,0,5.10903397,0.393518043,1,5,0,0,0 0 0.050000000000000003,0 0 0.050000000000000003,0 0 0.050000000000000003,wrist_3_link,-1,0,0 0 0,0 0 0,,-0.060837900431257037 -1.3826024509561337 -0.0036069911907556959 -1.660409350635895 -0.043203900102065061 -0.10802034074605661,-0.052288638094101815 -0.030939684789599454 0.0072381367618571018 0.05008683261296 0.067731490943594375 0.016840965203751619,-0.26228112860654396 -1.8019428537261721 -0.12893291786907662 -1.5131290943980742 0.18610856122804365 -0.06075592030795076,-0.077996894279302439 0.056932202824637894 0.18314644940547462 0.20027961689065296 0.12160062329233035 0.13316935745761735,-0.072939374975478713 -1.395582726826937 -0.0048843969874295921 -1.6501746481585344 -0.029442784252933042 -0.10428640697469149,-0.65124127434580947 -0.58034494157331995 0.0025645060130700791 0.57130810919112984 0.74327552874240588 0.21459801025941619,10.300729400239096 -189.22923249700935 -77.167780996336276 -5.019255289606952 1.0203602931932656 0.0035855377516242209,-4.9259126430729907 -27.740903872790113 -9.9384507821428816 -0.77116244476201246 0.2727868027310052 0.026838839039982076
ur,tetrapga,13.781825156,0.55505393,0.268259279,0.102843621,41.93401,49.692834,5.24175125,1,0,0,5.012395387,0.406683009,1,5,0,0,0 0 0.050000000000000003,0 0 0.050000000000000003,0 0 0.050000000000000003,wrist_3_link,-1,0,0 0 0,0 0 0,,-0.063154003774334291 -1.3837367307650392 -0.0032191547500344656 -1.6583455703942558 -0.04049015240352008 -0.10732762443093857,-0.064009782272244631 -0.025566861913895827 0.016179017798962414 0.058807260384880169 0.074956751650060924 0.02018704612274384,-0.26600425402094552 -1.7989475845433684 -0.11971397290788591 -1.5031964882688322 0.19201740214466906 -0.054087182902585525,-0.071727956437709156 0.063532539342260469 0.18760783357835606 0.19916980415686786 0.11602735486645843 0.13502819938902511,-0.075701971263772164 -1.3972449530497 -0.0042776420457463389 -1.6474881370699626 -0.026220065484810151 -0.10318704786177348,-0.65113776661881739 -0.57798252330974165 0.023799831417108772 0.59116378378380041 0.74809141904432341 0.23245908529985498,10.297264431390813 -185.57446799851218 -75.393753951759322 -4.8843216613092233 0.99611880044277679 0.0040867672476917923,-4.1895544566916101 -33.938394988736036 -12.882181572049781 -1.1414827787566537 0.59203409592700496 0.024205135481366824
ur,tetrapga,13.831621246,0.554121096,0.267834993,0.112716096,42.046301,49.905664,5.255787625,1,0,0,4.918053551,0.391245384,1,5,0,0,0 0 0.050000000000000003,0 0 0.050000000000000003,0 0 0.050000000000000003,wrist_3_link,-1,0,0 0 0,0 0 0,,-0.065896701268945576 -1.3848001710043656 -0.0025760128803718222 -1.6559695251148046 -0.037505119577646108 -0.10650733055116617,-0.067853395019164681 -0.026482939604018079 0.018675677707026914 0.062484948478107996 0.077493642228432441 0.02246088584281937,-0.26941683747388423 -1.7956204877538289 -0.11026597134056511 -1.4933127237492991 0.1976521655127898 -0.047320342345750707,-0.06531203701417887 0.070086102555356355 0.19181584881544206 0.19774808977492545 0.11025510628531107 0.1367263458045771,-0.07844506556022296 -1.3987395505584257 -0.0034927735885599102 -1.6447218904263079 -0.023025502719474573 -0.10201457760182679,-0.64933391801696927 -0.5757474548901379 0.044929513257183182 0.61084037921519285 0.75201256739273104 0.25032385733271256,10.133631653761777 -181.7703544877273 -73.541470140365163 -4.740076120056834 0.96977201012587344 0.0046392713450553805,-2.9748029624596484 -37.196311735270683 -14.453304167680185 -1.3737835179572357 0.78944719263314056 0.018865020942968158
ur,tetrapga,13.88163051,0.552597077,0.273106364,0.112035595,42.127979,49.919872,5.265997375,1,0,0,4.821645521,0.357030016,1,5,0,0,0 0 0.050000000000000003,0 0 0.050000000000000003,0 0 0.050000000000000003,wrist_3_link,-1,0,0 0 0,0 0 0,,-0.068870173189579262 -1.3860582384966076 -0.0018596544840666089 -1.6533371960628982 -0.03426109609754302 -0.10555035190526493,-0.068382521052635759 -0.030529466557783731 0.018043095560096915 0.063258616050644617 0.076986752917658705 0.023977537767956941,-0.27251919628104815 -1.791952327086487 -0.10057331485563231 -1.483465661903608 0.20301717533374133 -0.040443588999279946,-0.058738286564311001 0.076601211945770353 0.19577312666010538 0.1960097457259454 0.10427597748474444 0.13826473851550963,-0.081219400255501881 -1.4001640524648413 -0.0025595292944575144 -1.641835613375382 -0.019795165580658552 -0.10075278239474549,-0.64603155620919639 -0.57437123577084337 0.065618215392508727 0.6300250617769998 0.75493014641013645 0.26822202846449772,9.8652715460242781 -177.5343624495153 -71.495692860397469 -4.5796740019043671 0.94011406508512285 0.0052354211024049982,-0.88947567938686234 -36.971746406295097 -14.812118445714201 -1.6250503194150951 0.67511123660126771 -0.055236508338140311
ur,tetrapga,13.931676916,0.550974593,0.276801276,0.110134405,42.114643,50.082882,5.264330375,1,0,0,4.723364204,0.32373813,1,5,0,0,0 0 0.050000000000000003,0 0 0.050000000000000003,0 0 0.050000000000000003,wrist_3_link,-1,0,0 0 0,0 0 0,,-0.071628166160771972 -1.3874273746979457 -0.0012243521593645616 -1.6508078450527088 -0.031183051439697157 -0.10458288764335928,-0.065873178612637223 -0.033761654707859884 0.017998800636964862 0.065315087729717017 0.078398105748011843 0.025976963606190739,-0.27529165746433543 -1.787957138396592 -0.090682225681346817 -1.4737060591943099 0.20808247287230475 -0.033488948874917879,-0.052037758261259219 0.083044562504582226 0.1994569516843254 0.1939610931060313 0.098120248453713865 0.13963441734732132,-0.083953080233720251 -1.4015664147460742 -0.0015362290396983042 -1.6388886482683198 -0.016586494932088393 -0.099420724801668955,-0.64145431227514116 -0.57332958702240866 0.086186484357090226 0.64876197525007351 0.75697454741134784 0.28620149860141797,9.5047486915068635 -172.98099646979122 -69.325865245494697 -4.4100366181171022 0.90792603152149487 0.0058190524010285584,-2.6862326572925213 -36.344353696109465 -14.043683454725828 -1.3390054067795063 0.79203679323705956 0.018779725405437375
ur,tetrapga,13.98187278,0.549032229,0.279512925,0.105963632,41.983889,49.809031,5.247986125,1,0,0,4.623596328,0.289752401,1,5,0,0,0 0 0.050000000000000003,0 0 0.050000000000000003,0 0 0.050000000000000003,wrist_3_link,-1,0,0 0 0,0 0 0,,-0.07436557388445271 -1.388929856692209 -0.00057459962141252264 -1.6481875695240187 -0.028051914037050676 -0.10353219345821699,-0.065805632344258375 -0.036026001322002607 0.019061262712040259 0.067793316504557458 0.079651676705120064 0.02811255484677945,-0.27773267692949832 -1.7836282418268496 -0.080583506806105057 -1.4640280201427192 0.21284933549962673 -0.026449007939781562,-0.045203882215939385 0.089420340278655058 0.20286766605795123 0.19159889434227434 0.091784140527020275 0.14083543145401495,-0.086644674149087955 -1.4029832401362055 -0.00044204484080010602 -1.6358779248695412 -0.013388459635370558 -0.09801554842946722,-0.63608667505343641 -0.57201357441153189 0.10672314377553503 0.66694767319909465 0.75807788411765697 0.3041385380345713,9.1617798803943593 -168.23478901134411 -67.08611240168625 -4.236941103742403 0.87510155307342252 0.0063858439264877376,-2.8872944812262062 -34.967998576663376 -13.380841520866968 -1.2620811376455094 0.73750663096255664 0.019733293357745652
ur,tetrapga,14.031781892,0.546580523,0.282400332,0.101014382,41.998065,49.712,5.249758125,1,0,0,4.521952526,0.254979923,1,5,0,0,0 0 0.050000000000000003,0 0 0.050000000000000003,0 0 0.050000000000000003,wrist_3_link,-1,0,0 0 0,0 0 0,,-0.077234843408306511 -1.3905659107054005 0.00017835774504347516 -1.6453307892000071 -0.024721128945173414 -0.10233774492330988,-0.066200284896729578 -0.036647974046653597 0.0205960621431826 0.068731333873629938 0.078486957391699613 0.029595248954686949,-0.2798170319983585 -1.77900913087553 -0.070379915668280862 -1.4545303852491684 0.21726985170406327 -0.019393840666668632,-0.03830576529995023 0.09566384035411564 0.20597091268493095 0.1889485294061812 0.085334589190702817 0.14185622863519265,-0.089330557213333356 -1.404438136697318 0.00073148774404228597 -1.6327662898872157 -0.010157138684359739 -0.096520587772560618,-0.62981349034349376 -0.56991708594813317 0.12730477097370529 0.68436835245113237 0.75808287855608403 0.32194479454008013,8.8395744385773938 -163.3520132640856 -64.78926110241747 -4.0604596852836945 0.84190106074595983 0.0069615153407729573,-1.3177989901158185 -33.334746162739975 -13.177118398340504 -1.4538297127010082 0.55544389471226907 -0.068502273570743455
ur,tetrapga,14.08159119,0.544216787,0.283075949,0.101114614,42.003237,49.879273,5.250404625,1,0,0,4.420748794,0.226513264,1,5,0,0,0 0 0.050000000000000003,0 0 0.050000000000000003,0 0 0.050000000000000003,wrist_3_link,-1,0,0 0 0,0 0 0,,-0.079912844905912314 -1.3921059552319381 0.00096259345046101319 -1.6425774856068185 -0.021592781692055307 -0.10114586882320092,-0.064337663448848018 -0.035953972741886886 0.022949025432909907 0.071083902313297864 0.079260560099607025 0.031663021620543193,-0.28155160681943525 -1.7740911559059778 -0.060049562609293498 -1.4451910156569363 0.22135712975657729 -0.012306316940330495,-0.031328115793920905 0.10179010658167455 0.20877627051473624 0.18600765179572426 0.078760571320591694 0.14270106904408217,-0.091955849672347711 -1.4058900016388951 0.0019736905239066782 -1.6296102701518067 -0.0069591677885305521 -0.094959893002499199,-0.62248073948125016 -0.56687389181254577 0.14805387816447749 0.70111131016374872 0.75712658878042904 0.33963143308581567,8.4824402207550378 -158.44263276297946 -62.491080173643915 -3.8846501258340869 0.80834531361202433 0.0075090088379797439,-2.9383865109816156 -33.367822648644506 -12.63423827545442 -1.1789284777887588 0.70020465831168721 0.020856371038860289
ur,tetrapga,14.131571222,0.541651215,0.283968758,0.100688864,41.974342,50.110345,5.24679275,1,0,0,4.320694351,0.19566296,1,5,0,0,0 0 0.050000000000000003,0 0 0.050000000000000003,0 0 0.050000000000000003,wrist_3_link,-1,0,0 0 0,0 0 0,,-0.082591727648831034 -1.3936236207426282 0.0018609022811320057 -1.6397211757128041 -0.0184381365809555 -0.099867565270779224,-0.064479937600922729 -0.035656696109652226 0.025623195338736911 0.073664125166290742 0.079937810205036638 0.033855116584487373,-0.28294064501397864 -1.7688524275875559 -0.049550762139356663 -1.4359741899156326 0.22512608469115059 -0.0051565889635163155,-0.024242355287020744 0.1078228557971689 0.21129341752996841 0.18276425779596198 0.072037765333395884 0.14337282964427486,-0.09452924094747181 -1.4073275630830837 0.0032959981382223568 -1.626401117123409 -0.0037876563545414573 -0.09332954400113963,-0.61431447699857178 -0.56302716102363837 0.1688135223814286 0.71711666008089781 0.75516899112038716 0.35716179905042023,8.1546621096793608 -153.48882043265201 -60.181640593932215 -3.7096628412764003 0.77503661243210431 0.0080399724386683857,-2.8974598097618127 -33.227325028323321 -12.571826087940805 -1.1768138634542993 0.71587846283436818 0.021645296638070022
ur,tetrapga,14.18178285,0.53887644,0.285483989,0.100386491,41.876518,49.661277,5.23456475,1,0,0,4.222171905,0.161633323,1,5,0,0,0 0 0.050000000000000003,0 0 0.050000000000000003,0 0 0.050000000000000003,wrist_3_link,-1,0,0 0 0,0 0 0,,-0.08527282789595772 -1.3951238777147881 0.0028699682162578268 -1.6367642387674395 -0.015260947953110849 -0.098502810207370256,-0.064089918083810191 -0.035398384954732451 0.027959495913546437 0.075690080528193024 0.080018764453433547 0.035838933045261687,-0.2839775825512596 -1.763288897829574 -0.038884255536326816 -1.426885176442759 0.22857121757513377 0.0020556042948537516,-0.017048596631817653 0.1137587730891927 0.21351730229557964 0.17921601852066532 0.065168493610056388 0.1438690872420996,-0.097056370424204383 -1.4087446572896287 0.0047053681304689114 -1.6231333603775542 -0.00063859059515862342 -0.091626748123528376,-0.60516290823125818 -0.55850762669615983 0.18948501259615605 0.7323221941702992 0.75218279770950069 0.37451661526865421,7.8280989208737539 -148.47518661077663 -57.847674635722633 -3.5334861479290947 0.74148764179096616 0.0085689036734375688,-2.7786450782140832 -33.127542028196331 -12.545822437474046 -1.1827066606856533 0.73618824608688271 0.021044106574862553
ur,tetrapga,14.231541251,0.535647121,0.288188617,0.098053866,36.068972,43.912519,4.5086215,1,0,0,4.176785036,0.124091577,1,5,0,0,0 0 0.050000000000000003,0 0 0.050000000000000003,0 0 0.050000000000000003,wrist_3_link,-1,0,0 0 0,0 0 0,,-0.088060226356718549 -1.396681103941896 0.0040348157878639414 -1.6335753906116022 -0.011926216166421384 -0.09698514428302267,-0.063845192062338962 -0.035221080485520494 0.029759772449711595 0.076103696320006645 0.07815071734245703 0.037089101820369244,-0.28464717408815632 -1.7574848241014824 -0.028211478650320958 -1.4180609972564735 0.23164239806192191 0.0092228537773693196,-0.0098552189079828371 0.11950872797246845 0.21541562559243743 0.17541883403691413 0.058259309962480715 0.14418339578195194,-0.09706156857925724 -1.4065682055840354 0.0063982800653076752 -1.6222476184130528 -0.0003085013818432368 -0.091032419191128616,-0.56291318148940861 -0.48191846259353621 0.25352367751962868 0.76334715997194136 0.74674235753402218 0.40919215732963388,0.42164424266805334 -152.88212619713079 -55.303802036522626 -2.7218009911297356 0.62028694056440803 0.022160957335766597,-1.1792767133603093 -32.357775862348717 -12.898951554751125 -1.4604457213263231 0.62333310796145991 -0.086487851419150275
ur,tetrapga,14.275552927,0.53306518,0.30410992,0.09400068,42.024955,49.97696,5.253119375,1,0,0,4.069491074,0.108560376,1,5,0,0,0 0 0.050000000000000003,0 0 0.050000000000000003,0 0 0.050000000000000003,wrist_3_link,-1,0,0 0 0,0 0 0,,-0.09028798285063501 -1.3979345980547959 0.0050221248765616308 -1.630993654899715 -0.0092847466086354545 -0.09572622229211554,-0.0429944616840379 -0.025056692472463532 0.018657050555843151 0.049821306270038432 0.051105752467112825 0.024334961002584362,-0.28494004280146251 -1.7521152829727586 -0.018698478651583327 -1.4104186762758304 0.23407060043239525 0.015571982750857423,-0.0034469324719238708 0.12447775070221734 0.21683846025454528 0.1718319148740054 0.052073315379281421 0.14431367035722054,-0.09996807928317214 -1.408411780730684 0.0081729835507751737 -1.6182446895844029 0.0033804616706786389 -0.088842685846845099,-0.57499492850614542 -0.50025075128094898 0.26484412657939582 0.7736840806735934 0.74163468007018085 0.42040077168401135,6.0344384548900099 -143.872903079531 -55.343908336692159 -3.2895002725263005 0.69055224989212294 0.0099213009639260458,0.27462909009562964 -31.020224411206073 -12.585435106298252 -1.3716654249665226 0.77096431171845747 -0.075131795611298458
ur,tetrapga,14.325668515,0.529760497,0.296426451,0.064965897,36.124262,43.963255,4.51553275,1,0,0,4.012981408,0.067590679,1,5,0,0,0 0 0.050000000000000003,0 0 0.050000000000000003,0 0 0.050000000000000003,wrist_3_link,-1,0,0 0 0,0 0 0,,-0.092832461416371068 -1.3993819300583026 0.0062927856589475003 -1.6278294398845272 -0.0061346996441095569 -0.094130745379700606,-0.039805999441673214 -0.023639973742311107 0.024346046957656017 0.058362771102392672 0.056700208409686037 0.031406950836708816,-0.28492903112458989 -1.7457381242358507 -0.0077969823449613573 -1.4019148333571898 0.23650222763463194 0.02280457716810989,0.0038932663827925111 0.12999450397713502 0.21816296730365323 0.16749253338680878 0.044955250225270797 0.14429279828979524,-0.10069151184066544 -1.4074978519252523 0.0096849043528544412 -1.6166890202492941 0.0044927431031807708 -0.087907052462126947,-0.53640845461039599 -0.45012637767548391 0.30650313912296023 0.7935077290884528 0.73373607882087366 0.4474592722646033,-0.41643854964925886 -145.08231046369994 -51.080713057125053 -2.3511474112840665 0.55112536174265148 0.024339452131423286,-0.89176957830051151 -21.438746140748663 -7.8739481483891716 -0.83152410564980528 0.34372996462238858 -0.046752361764390571
ur,tetrapga,14.36972738,0.528109906,0.282132273,0.230907246,42.095052,49.840396,5.2618815,1,0,0,3.911180174,0.069986531,1,5,0,0,0 0 0.050000000000000003,0 0 0.050000000000000003,0 0 0.050000000000000003,wrist_3_link,-1,0,0 0 0,0 0 0,,-0.094281129035203512 -1.3999807764403043 0.0073443351519228168 -1.6256897118325147 -0.0041056953667778298 -0.092988660717234065,-0.041108374821116074 -0.014394897305501898 0.034213711321155735 0.071534344369116792 0.065796511054072138 0.037556419112584019,-0.28461476391829843 -1.7399062924550059 0.0018358131128875903 -1.394623424560441 0.23834399852720783 0.029158780146406413,0.010376606223576749 0.13471366636979715 0.21906536918834504 0.16345864194934537 0.038641886281331118 0.14412549050105861,-0.10348171109982818 -1.409386778142919 0.011625646463232575 -1.6125313707327389 0.0081684098935526465 -0.085522145435098576,-0.54910412349253179 -0.47102671259845424 0.31573711000384641 0.8009814183786973 0.72816435513686295 0.45691603339454939,5.4675195855699901 -136.05285747038511 -51.719207058903102 -3.0278313850167349 0.63887657741346215 0.010501014230205904,-13.698821382541666 -35.310462272253972 -4.584908195290879 12.930805789821534 8.0243195249592159 4.3171501874691387
ur,tetrapga,14.419637855,0.525351317,0.285278253,0.079113428,42.01486,49.741852,5.2518575,1,0,0,3.821830644,0.039182104,1,5,0,0,0 0 0.050000000000000003,0 0 0.050000000000000003,0 0 0.050000000000000003,wrist_3_link,-1,0,0 0 0,0 0 0,,-0.096443900718704914 -1.400624594415995 0.0090429185097534934 -1.6226423307496356 -0.0013546908266305429 -0.091353020213876979,-0.04036008698050636 -0.010529043743546962 0.036061629227043632 0.062812951641112849 0.055653878114601762 0.034907761505574161,-0.28391304752475871 -1.7330524356213912 0.012788861910694557 -1.3865841226773898 0.24009307888616468 0.036343965153825236,0.017746048531898206 0.13990423410337763 0.21978953423911293 0.15864819608420661 0.031438717603743567 0.14376765489536794,-0.10605587261360963 -1.4110326229267245 0.013563386814709193 -1.6086018903429935 0.011562851152818637 -0.08323260874002418,-0.5417053287026643 -0.47955058430618425 0.32292896148889794 0.80715526187147701 0.72190565802960216 0.4684087215040536,6.0959336363647614 -129.9148045455168 -49.020492715280042 -2.8508299544406324 0.6117258359474359 0.011084725335201854,-1.2497248335926088 -26.107431167675713 -10.00101989807326 -1.0153031985737471 0.61067135427024155 -0.028826339365991771
ur,tetrapga,14.469452372,0.523294304,0.278385396,0.101629406,41.991317,49.942637,5.248914625,1,0,0,3.742316779,0.017692198,1,5,0,0,0 0 0.050000000000000003,0 0 0.050000000000000003,0 0 0.050000000000000003,wrist_3_link,-1,0,0 0 0,0 0 0,,-0.098148778498378511 -1.400845113265895 0.010682603645919152 -1.6200237954345909 0.0009096886790968834 -0.089906153801896274,-0.05037459818459681 -0.012253069078607428 0.047556079212306812 0.079207840261050141 0.068635062488546422 0.044307870658751462,-0.28284546753870154 -1.7259576983955511 0.023748989645389469 -1.378805880574155 0.24147921645144413 0.043493090171230882,0.025118104407647446 0.14491261306236328 0.22019502727621115 0.15359941592852863 0.024207286785823526 0.14323253291650787,-0.10832268274401399 -1.4123473116271277 0.015511653071074535 -1.6049438780974821 0.01461763830852985 -0.081055338705068758,-0.53045063120392744 -0.48269707309940191 0.3335586328264315 0.81418809927027702 0.71476242410442803 0.4807083858901291,6.061730617573021 -124.36594464134429 -46.548497000557191 -2.6837925083492942 0.57977029864753471 0.01132368152122493,-2.9858438509141934 -33.537703824570599 -12.609751984802031 -1.1118821099589695 0.91302878026534628 0.06428585359697081
ur,tetrapga,14.519469637,0.52012275,0.284330397,0.108576821,36.095427,43.97436,4.511928375,1,0,0,3.728680687,0.031777282,1,5,0,0,0 0 0.050000000000000003,0 0 0.050000000000000003,0 0 0.050000000000000003,wrist_3_link,-1,0,0 0 0,0 0 0,,-0.10032233838128812 -1.4013292874180481 0.012666561452590593 -1.6167992935447106 0.0036486015673594038 -0.088105384444807838,-0.05577080050758719 -0.01890497165018307 0.050506860498192328 0.086845395617018331 0.074423091942137101 0.049279092454471839,-0.28140385340729313 -1.7185875551548173 0.034766059470814632 -1.3712550652049176 0.24250777394291365 0.050640035916905961,0.032526811546567919 0.14976051629190795 0.22028213633171487 0.14828946774541207 0.016916969542197992 0.14251689230061682,-0.10822146029307915 -1.4102763340791764 0.017071099955100789 -1.6042277638138527 0.014741412576833871 -0.080522921404984751,-0.48737005320471771 -0.42975497389760531 0.37274952503656567 0.83047876813992816 0.70103793102951639 0.50718069541279154,-0.0086696761251392473 -125.5113713422039 -41.656938171131713 -1.6780020411630456 0.42356802052281506 0.026500446026718624,-2.2009288066221302 -35.830350924237791 -13.876622430727146 -1.3454429429748416 1.0599357045147784 0.040826232645542859
ur,tetrapga,14.563537521,0.516610011,0.291476663,0.198569136,36.297929,44.000408,4.537241125,1,0,0,3.656426757,0.100253304,1,5,0,0,0 0 0.050000000000000003,0 0 0.050000000000000003,0 0 0.050000000000000003,wrist_3_link,-1,0,0 0 0,0 0 0,,-0.10243670479926398 -1.4020531765610069 0.014501982575662733 -1.6136667104278142 0.0062979223931395149 -0.086329261010680072,-0.049222086152264186 -0.021125124249566907 0.044705928174705645 0.086254315442544957 0.073084593088232896 0.049037507475977425,-0.27982667514576631 -1.7118967070550741 0.044470168208403729 -1.3648269436057885 0.24311146064562175 0.056903817952840698,0.039051620427160767 0.15387560834499736 0.22009264636677131 0.14341821700600757 0.010479663380635254 0.1417389189846904,-0.10905544591126837 -1.4094210885226279 0.018989408115358836 -1.6022174359073715 0.016022999612207482 -0.079217796160958559,-0.46579608908770348 -0.40704197747906062 0.40035857543615305 0.84122566029994883 0.68791719148677877 0.52603721794352998,-0.76992002098733181 -121.81487776555689 -39.583185726319407 -1.4995536966108898 0.38541272315756542 0.027215409232398471,-9.3477017128404896 -40.449774574899493 -7.9410135258232586 11.119871591528863 7.2634184438539613 4.2563294269180005
ur,tetrapga,14.607641814,0.512843173,0.303979642,0.102351138,36.156808,44.017996,4.519601,1,0,0,3.556518911,0.123244289,1,5,0,0,0 0 0.050000000000000003,0 0 0.050000000000000003,0 0 0.050000000000000003,wrist_3_link,-1,0,0 0 0,0 0 0,,-0.1044848660386118 -1.4029812015953331 0.016261113316711862 -1.6105296953930059 0.0089410012213940009 -0.084514524759302254,-0.040001574234385856 -0.018664516143446802 0.033904860008133808 0.060652512351727444 0.051060184681212935 0.035123446824606164,-0.27796049444825777 -1.7050220889748147 0.054168425993518621 -1.3586123120967388 0.24343149584553017 0.063135413196578644,0.045571953208120582 0.15784240759782689 0.21965318196533259 0.13836849066819354 0.0040330732072870424 0.14082272944153637,-0.11034782962869732 -1.4093642050315793 0.020974914028987414 -1.599592274905395 0.017882031788140022 -0.077535025583010342,-0.44720981153108863 -0.39538274500481629 0.41870696807532165 0.84766190830190846 0.67500451424181285 0.54139224370849781,-1.0798960969559452 -116.95318524085418 -36.957725988429225 -1.268732533296244 0.34457735674223711 0.028731851273964375,0.7429550772679363 -33.775875463349621 -14.504693784323571 -1.6873202084825607 1.1389863431170504 -0.1084759965301032
ur,tetrapga,14.651735038,0.510466109,0.302152939,0.087626513,36.204798,43.9826,4.52559975,1,0,0,3.467411162,0.089869628,1,5,0,0,0 0 0.050000000000000003,0 0 0.050000000000000003,0 0 0.050000000000000003,wrist_3_link,-1,0,0 0 0,0 0 0,,-0.1057182877111013 -1.4034139541749877 0.017636977814475433 -1.6082649405841418 0.010774173946275689 -0.083141724215006332,-0.02437156321778915 -0.0039432505394270279 0.029486803668711908 0.044122179489552028 0.03491732788064545 0.026589986575318511,-0.27580766293093195 -1.6979777427547982 0.063839369957122249 -1.3526255996598968 0.24346731166647878 0.069322033744647946,0.052073724719149402 0.16165169604247148 0.21896421980321507 0.13315201547524178 -0.0024069579963668605 0.13977004107023797,-0.11146792443814979 -1.4094599290464438 0.02279139091251519 -1.5971034245477465 0.01963112776745627 -0.075895665786565814,-0.4293585234370263 -0.38385630461003095 0.43568077582612807 0.85314818222909428 0.66287840894325312 0.55533883108956039,-1.5155028090760325 -112.79202328907567 -34.66321208046422 -1.0660749058171393 0.30688729784810004 0.029979078334070253,-0.32718378335044918 -28.916749389561119 -12.212032974653027 -1.3072539282420621 0.93801869199184651 -0.082021414720060193
ur,tetrapga,14.695829865,0.508220265,0.28741429,0.140398924,36.082495,43.867357,4.510311875,1,0,0,3.389515315,0.064057672,1,5,0,0,0 0 0.050000000000000003,0 0 0.050000000000000003,0 0 0.050000000000000003,wrist_3_link,-1,0,0 0 0,0 0 0,,-0.10684119874289312 -1.4034438069195876 0.019256524705278642 -1.6059688188564127 0.01251220534901378 -0.081716935252578796,-0.027212413492868282 0.00092599885101035586 0.041980707667016018 0.062904336943344005 0.046944004322509877 0.038974971865345931,-0.27336855612131117 -1.6907687035430388 0.073474791682302587 -1.3468722752693847 0.24321942398169608 0.07545946401218058,0.05855175877833823 0.16529997767658561 0.21802617129504254 0.12777401251428205 -0.0088333863198503497 0.13858159104738504,-0.11246447787107924 -1.4094330208105319 0.024641835973810408 -1.5946729664653745 0.021278364169991321 -0.074259640523431619,-0.41373968627258184 -0.37264416554703794 0.45223484660326507 0.85789454588881808 0.65083734967563778 0.56833259553470894,-1.4065753611248368 -108.95351277794582 -32.939855360631341 -0.96357242013546829 0.28467484326845516 0.029860925994176456,-6.1300674828024171 -29.073996959346005 -5.5304346203011505 7.8623397306346305 4.7134205032175984 3.2864326486579216
ur,tetrapga,14.73979375,0.505956952,0.291892976,0.095539681,36.103822,43.937249,4.51297775,1,0,0,3.316720665,0.051852367,1,5,0,0,0 0 0.050000000000000003,0 0 0.050000000000000003,0 0 0.050000000000000003,wrist_3_link,-1,0,0 0 0,0 0 0,,-0.10800198396239788 -1.4032470392434793 0.021053523082773341 -1.6036648723534641 0.014172470462019212 -0.080277944576726629,-0.02370179723714182 0.0094062526907773263 0.038428951278875668 0.044994592507204646 0.031332115835087562 0.027850435580742024,-0.27065296917979703 -1.6834245292241812 0.083034980198746486 -1.3413755317467837 0.24269062611331957 0.08152354488639367,0.064979692865920077 0.16877255970718658 0.21684378467423276 0.12225820015620327 -0.015218132214216451 0.13726268246875784,-0.11341418693682244 -1.4092429997798093 0.026577954950372427 -1.5922759495382177 0.022834123552492692 -0.072623483118858204,-0.39761964027310837 -0.36287126362401367 0.46628452161109268 0.86162138651838505 0.63858841419523504 0.58066378306123023,-1.3742799588041397 -105.19603336462718 -30.873896239624642 -0.78849474371440609 0.25443143168216314 0.031098719173727911,0.07203346899615326 -31.528094685128963 -13.616333784725796 -1.4861874652224287 1.1375616262661836 -0.085955395752336017
ur,tetrapga,14.783826506,0.503358897,0.285813242,0.122839994,36.27186,44.344004,4.5339825,1,0,0,3.243620337,0.050157615,1,5,0,0,0 0 0.050000000000000003,0 0 0.050000000000000003,0 0 0.050000000000000003,wrist_3_link,-1,0,0 0 0,0 0 0,,-0.10922908882968334 -1.4029551750348666 0.023062491802150874 -1.6011575530799116 0.015924321240443857 -0.078691172918915975,-0.027723132371251284 0.005599408251770144 0.047708723160482025 0.065199457533605357 0.04559116743016646 0.041607448130889804,-0.26765067452404967 -1.6759195321468097 0.092552618323611224 -1.336116501898952 0.24188030070296249 0.087536076936635496,0.071379832199681068 0.17208132377240837 0.21541335030177911 0.11658688586041319 -0.021581472332885824 0.13580888209317935,-0.11437198938733041 -1.4089464348439575 0.028652794124663504 -1.5898028113769724 0.024384855986882725 -0.070918781760861638,-0.38129400689100268 -0.35591845183924109 0.47907139047574387 0.86424256782064224 0.62570426611895991 0.59231833433248815,-1.1751541691573468 -100.91060669117995 -28.986853432484278 -0.68139158036004788 0.23109639296485568 0.030856879039688149,-4.0559149275690629 -33.560800294900218 -8.2448219434125747 6.8790396669282927 4.5763254480720974 3.1835948516894632
ur,tetrapga,14.828269715,0.500819361,0.293635293,0.104806446,36.059866,43.947067,4.50748325,1,0,0,3.171569602,0.048154673,1,5,0,0,0 0 0.050000000000000003,0 0 0.050000000000000003,0 0 0.050000000000000003,wrist_3_link,-1,0,0 0 0,0 0 0,,-0.11034556762510668 -1.4026651697240293 0.025001074755437246 -1.5987922365267409 0.017535188974254465 -0.077166172273985284,-0.022462739864481222 0.0095218290968125379 0.040129711079586974 0.046050300946657234 0.030589584118171025 0.029511946381314592,-0.26433560713752563 -1.6682007212476935 0.10208959783796863 -1.3310648418822473 0.24077916680371364 0.093536782605861443,0.07779414041840968 0.17524503503229552 0.2137212102783235 0.1107210415740305 -0.027963363156869706 0.1342081798144821,-0.11526800871735024 -1.4086078004578213 0.030744832685297749 -1.5873700977041285 0.025858653685179714 -0.069213372367538703,-0.36365381083211801 -0.35024978285939645 0.489737304118678 0.86592831912058998 0.61232893423496693 0.60363810727525014,-1.2023300117266063 -96.448817446806032 -26.599165490902152 -0.48239255481775345 0.19557606449692383 0.032120509171975543,0.54988757297803659 -34.586127068190763 -15.231107819619993 -1.6969329482108151 1.3575745128121355 -0.091135707281665645
ur,tetrapga,14.872287805,0.497972058,0.290585894,0.123838777,36.19822,44.225777,4.5247775,1,0,0,3.098800077,0.046405916,1,5,0,0,0 0 0.050000000000000003,0 0 0.050000000000000003,0 0 0.050000000000000003,wrist_3_link,-1,0,0 0 0,0 0 0,,-0.11144764605775574 -1.4023901518026924 0.02703848141543402 -1.5962890032032788 0.019206172673078437 -0.075520961608506715,-0.024800094271050562 0.0045636564830651193 0.048057649119924765 0.065222161543870047 0.043753647610059364 0.043198270429184199,-0.26077237732964775 -1.6604210676354698 0.11145582460862727 -1.3263214316682681 0.23941004294559318 0.099407078925255354,0.084095085696869562 0.17820040711523916 0.21180106608197841 0.10477851164683 -0.034235093572989685 0.13249230771955545,-0.11612534444128172 -1.4082640292041679 0.03289307185050503 -1.5848963105519234 0.027318632661248642 -0.067452125535670704,-0.34593966204689491 -0.3456316410111594 0.50017687716696269 0.86665502854649246 0.59827746521483482 0.61438020875020427,-1.0616998007899383 -91.676827946745192 -24.514051949458796 -0.3609486303420506 0.16905702309823029 0.031861463285181586,-3.770508682868126 -33.470301252602439 -8.152147241102611 6.9349715275156996 4.5004862161885768 3.3177063980769219
ur,tetrapga,14.916590889,0.495120879,0.292291058,0.12112725,36.261993,44.078595,4.532749125,1,0,0,3.02806007,0.042055519,1,5,0,0,0 0 0.050000000000000003,0 0 0.050000000000000003,0 0 0.050000000000000003,wrist_3_link,-1,0,0 0 0,0 0 0,,-0.11245816030756589 -1.4021380834082109 0.029019612063639941 -1.5938814500809766 0.020775244480086538 -0.073910223623800245,-0.023781872123082373 0.004729948924383452 0.048985542020083331 0.065538580487349896 0.042889183417405774 0.044158239920481845,-0.25690730606385132 -1.652463713183377 0.12079196300213646 -1.3218142426704831 0.23775455023867481 0.10523625107925132,0.090377604843024095 0.18099225276514927 0.20962519237293609 0.098671785379025476 -0.040489345802511643 0.13063593142942839,-0.11691272030030558 -1.407925645146884 0.035034650809356305 -1.582456644865839 0.02871614833367974 -0.065683124872981211,-0.32762100590062393 -0.34057360847295581 0.50978862011026238 0.86652945173836704 0.58365123535146335 0.62475622694738442,-0.95809151859101949 -86.98259989459828 -22.279652747932747 -0.20395687090050529 0.13849988061443425 0.032305059875686132,-3.5683587054510326 -33.104904882817209 -8.0940879867810054 6.7831259878566925 4.3644276126398793 3.3161874621852121
ur,tetrapga,14.960742794,0.492202729,0.297125397,0.105017324,36.489715,45.675384,4.561214375,1,0,0,2.9594143,0.036423682,1,5,0,0,0 0 0.050000000000000003,0 0 0.050000000000000003,0 0 0.050000000000000003,wrist_3_link,-1,0,0 0 0,0 0 0,,-0.11341835786890314 -1.4018550827726539 0.031025811393715689 -1.5915029492614834 0.022280561519431592 -0.07229390412947552,-0.019495902194484903 0.0098760458555061225 0.041751426358934203 0.046342782520070694 0.028487006952089777 0.031278580958729291,-0.25277994506207263 -1.644414551264695 0.12999501419869364 -1.3175942264395393 0.23583048057707287 0.11096088872682441,0.096572699884437493 0.18358876685858583 0.20721628819379584 0.09246827238101335 -0.046655677389434227 0.12865859569350704,-0.11763512928468932 -1.4075691310593883 0.037178413295025498 -1.5800554398740414 0.030046396219948045 -0.063910657651110814,-0.30869878259332179 -0.33484588914550456 0.51852278097357873 0.86554465890846277 0.5685051691615195 0.63473211306624533,-0.89799903381851021 -82.458477233744219 -19.889778225176258 -0.0087811269569657568 0.1032515250386063 0.033496746738025801,0.42201180269410088 -34.655716771691004 -15.514601835314167 -1.7505150531678737 1.4468674505762849 -0.096570541660554454
ur,tetrapga,15.00654896,0.488796144,0.294668563,0.095564038,36.288731,44.289349,4.536091375,1,0,0,2.891923764,0.039190119,1,5,0,0,0 0 0.050000000000000003,0 0 0.050000000000000003,0 0 0.050000000000000003,wrist_3_link,-1,0,0 0 0,0 0 0,,-0.11442357971276235 -1.4015275551052073 0.033288423457046044 -1.588829434029474 0.02392809493011782 -0.070445968132905656,-0.022581277804917234 0.0047979833008537079 0.05394887550193328 0.067546243587754531 0.041903728863639654 0.047612612840416471,-0.24821056542117317 -1.6359471454255765 0.13942478365182862 -1.3135082261668096 0.23354833458884711 0.11680474407772806,0.10292300187087458 0.18608301973349708 0.20446629293457111 0.08591679395030781 -0.052973707176372786 0.12647499665524095,-0.11834421172842047 -1.4071808189541857 0.039455789329694922 -1.577534309523672 0.031405465585897401 -0.062024350973058626,-0.28935716018180102 -0.3290594845969928 0.52779637679984692 0.86351593929485948 0.55227750789407271 0.64424524684653917,-0.62706312632157513 -77.732448345663883 -17.947311235784639 0.091898143563264423 0.080412157764955638 0.033006876912482136,-1.7316147150786492 -31.53613255559867 -11.324347597805087 -0.18732695099515695 1.6261534694973747 0.58335580320530767
ur,tetrapga,15.050958592,0.485678194,0.296663798,0.117528945,36.071616,43.847037,4.508952,1,0,0,2.825849218,0.032046292,1,5,0,0,0 0 0.050000000000000003,0 0 0.050000000000000003,0 0 0.050000000000000003,wrist_3_link,-1,0,0 0 0,0 0 0,,-0.1152844705968656 -1.4011774790891494 0.035371107258324638 -1.5864519854872299 0.025340879332064137 -0.068777898405277524,-0.020067910174442784 0.0071324174225841884 0.051270274609339729 0.064664199322342825 0.03877815350621075 0.045750119276918751,-0.24350458984881654 -1.6276332257904633 0.14844137972181828 -1.3098356753904017 0.23106135608580208 0.12237209541266214,0.10899790361144267 0.18830402953770531 0.20155935776998055 0.079461215049468736 -0.059013246675605362 0.12423166991451325,-0.1189695999043123 -1.4067613549298359 0.041700143838859949 -1.5751075657452289 0.032658930905523409 -0.060174231862688256,-0.2694073459436459 -0.32277573882656807 0.53583694690249795 0.8606977254198116 0.53571980908583683 0.65336160679889632,-0.4553490873676731 -73.217198646159503 -15.740394911048929 0.24870779643427809 0.04988010449214525 0.033511790979963631,-2.7974384977054569 -33.800767497965353 -8.5412735154854147 6.5816208997621288 4.2088062413767489 3.4470355192532907
ur,tetrapga,15.094880087,0.482500376,0.299929134,0.108293679,38.991335,47.158225,4.873916875,1,0,0,2.762378184,0.024030888,1,5,0,0,0 0 0.050000000000000003,0 0 0.050000000000000003,0 0 0.050000000000000003,wrist_3_link,-1,0,0 0 0,0 0 0,,-0.11609017486400573 -1.4008001085255202 0.037471726997918141 -1.5841029967956379 0.026693970758736623 -0.067102947003510424,-0.016502792102170663 0.011917380246087912 0.043722045756829322 0.045789474324745484 0.025517464731512694 0.032413319879450404,-0.23858685790547279 -1.6193179382516547 0.15722681371304528 -1.306487535604649 0.2283398918749488 0.12777760916652126,0.11492012430112117 0.1903068176650487 0.19845451202831885 0.072984385106513783 -0.064894945244839949 0.12189297155522104,-0.1195234575905717 -1.4063108000040394 0.043929381287890361 -1.5727487015983825 0.033827161633262881 -0.058342642174954384,-0.24919627741907913 -0.31625853469793652 0.54293073558577842 0.85707246170236595 0.51883885177561129 0.6619934090125783,-0.27958968370094794 -68.836967317234624 -13.443655835298049 0.43231360643308281 0.016383305388987079 0.034607498199667984,0.44443527469491073 -35.640184344608315 -16.244051877130033 -1.854844172011326 1.5892235145473492 -0.10007258435987865
ur,tetrapga,15.142111934,0.478774391,0.299887495,0.097394343,36.160677,43.978171,4.520084625,1,0,0,2.70129947,0.029718156,1,5,0,0,0 0 0.050000000000000003,0 0 0.050000000000000003,0 0 0.050000000000000003,wrist_3_link,-1,0,0 0 0,0 0 0,,-0.11692758655508574 -1.4003916679982578 0.039848011891896275 -1.5814336706000145 0.028192952329037718 -0.065164939340636219,-0.018506841665017228 0.0064620553447990448 0.056444580322377154 0.067322117623684993 0.038123616511217193 0.049892144581798574,-0.23301056090745109 -1.6102827869716525 0.16651642323869736 -1.3032066658917956 0.22512755634697368 0.13347289085476524,0.12118594744131791 0.19224254022545595 0.19486460237387265 0.065926573144057296 -0.071109298532854859 0.11924750553100934,-0.12005072395337796 -1.4058293560838835 0.046293988751987786 -1.5702723636828559 0.035015612040471177 -0.056391644181377057,-0.22815023638641507 -0.30976526021817652 0.55066152234351085 0.8523528048594321 0.50069438379757236 0.67026832382172108,0.074765964523482609 -64.161016498040865 -11.576355473578364 0.52228204708879478 -0.0047621327434277383 0.033984671310087325,-1.3605534401958721 -32.140133123708438 -11.766786569118182 -0.27364255455449893 1.6851739715311425 0.60967237989986245
ur,tetrapga,15.186207457,0.475250044,0.301749035,0.11291318,36.390852,44.742607,4.5488565,1,0,0,2.640628665,0.021843847,1,5,0,0,0 0 0.050000000000000003,0 0 0.050000000000000003,0 0 0.050000000000000003,wrist_3_link,-1,0,0 0 0,0 0 0,,-0.11766219072152465 -1.3999451399860832 0.042118474402507031 -1.5789742201503569 0.029517392808150758 -0.063352343734833755,-0.016071551365995796 0.0089577290050879832 0.052815187912691082 0.063254950078076841 0.034505030849679243 0.047074883768928953,-0.22753972118060958 -1.6017697217361004 0.17503090938727969 -1.3004463317279396 0.22186609473688079 0.13867450438449061,0.12693276388000846 0.19384329804609085 0.19128231093121525 0.059259578305466132 -0.076799121648062504 0.11665829296385515,-0.12051102220047305 -1.4053094768113512 0.048660911931235097 -1.5678496619011066 0.036125603271476257 -0.054449005870663321,-0.20682060853659931 -0.30277859698415366 0.55683504528931294 0.84670375334578596 0.48238760658689195 0.67787351181498101,0.34843063608779934 -59.803670501942946 -9.4659933692818257 0.66863530871026233 -0.033486584592526292 0.034420130727606371,-2.0109065701692543 -34.460350618875964 -9.0255299754578004 6.3231380960014576 4.0337840230568176 3.5626387732358467
ur,tetrapga,15.231068555,0.471793127,0.303662551,0.119811553,36.128757,44.019009,4.516094625,1,0,0,2.584157773,0.01579887,1,5,0,0,0 0 0.050000000000000003,0 0 0.050000000000000003,0 0 0.050000000000000003,wrist_3_link,-1,0,0 0 0,0 0 0,,-0.11830470890504211 -1.399503263095579 0.044303878477129875 -1.5766347760213619 0.03073577884276988 -0.061597459417956753,-0.01493527063632857 0.0090275732378943922 0.054147012583758689 0.064455240515593815 0.03413892118641839 0.048819117641019871,-0.22171625209505197 -1.5930410244682616 0.18352610196396044 -1.2979413095860692 0.21829316689969192 0.14384667626574921,0.13267064425861394 0.19526503928531008 0.18741350914605426 0.052408768385753944 -0.08246867190806223 0.113908576499072,-0.12089004440642961 -1.4047724331144464 0.050984164801900302 -1.5655191445808987 0.037140371661835002 -0.052542407166976945,-0.18527235703844536 -0.29575789509173356 0.56272120023515237 0.84038429824610317 0.46371007593460767 0.68510318510899793,0.6855959965238454 -55.447825978256432 -7.4677349792375072 0.79719827556421596 -0.059534629566355024 0.034594921447226978,-1.9333029248163029 -34.403383246789417 -8.6811867028809218 6.7094469708981705 4.1064606003622401 3.7989984090508528
ur,tetrapga,15.275160511,0.468058815,0.305131381,0.115795633,36.215165,44.026868,4.526895625,1,0,0,2.529599592,0.011656969,1,5,0,0,0 0 0.050000000000000003,0 0 0.050000000000000003,0 0 0.050000000000000003,wrist_3_link,-1,0,0 0 0,0 0 0,,-0.11892758049322945 -1.3990213253754646 0.046649819085075678 -1.5741574714823063 0.031981657900928141 -0.059707297150976266,-0.01364331692037864 0.0098007133628438999 0.054924549498545638 0.064076755273352548 0.032721735778313873 0.049369477025971803,-0.21574428672516568 -1.5844043733266748 0.19170171743536216 -1.2957800331796188 0.21453639501163457 0.14880750354877995,0.13819698024616178 0.19645723046981084 0.18339504378108246 0.045617320799360664 -0.087916321293767974 0.11109523405181185,-0.1212171324100661 -1.4042037433322698 0.053360171765725217 -1.563173598762325 0.038118288680645665 -0.050591848613782617,-0.16353999528058749 -0.28835801081392254 0.56789747834126025 0.83308865938806842 0.44465923769197691 0.69162544359272238,1.055788905852701 -51.263997947016222 -5.5564976875272176 0.91912211232118191 -0.084151768786202175 0.034767738839540929,-1.6386636961356089 -34.527339648437191 -8.9096955718249546 6.4845554754911063 3.9952408709107914 3.7803785274567616
ur,tetrapga,15.319295345,0.464442354,0.30531934,0.115692195,36.268401,44.100702,4.533550125,1,0,0,2.478574962,0.006732435,1,5,0,0,0 0 0.050000000000000003,0 0 0.050000000000000003,0 0 0.050000000000000003,wrist_3_link,-1,0,0 0 0,0 0 0,,-0.11946762898150017 -1.3985242298180594 0.048915574923610823 -1.5718235558148053 0.033107971411090023 -0.057897796521304043,-0.011392449065120522 0.014830597273316036 0.047310879733295168 0.045545710800711937 0.021057878100838562 0.035017674509657926,-0.2095250835836473 -1.5757112053677238 0.19970319842908901 -1.2939176504029828 0.21053829019046005 0.15364655533745172,0.14361016902731244 0.19744521362737974 0.17916293735854705 0.038770407155430973 -0.093238024593105179 0.10817207774869192,-0.12147623981461264 -1.4036081229370865 0.055713910175007333 -1.5608985296367697 0.039015706462956441 -0.048663376059598612,-0.14173238997919957 -0.28051704519005355 0.57200460407321818 0.82500595683861433 0.42532205227805786 0.69768081371482715,1.4686438244764306 -47.274215376520552 -3.4965630807591044 1.0769582269656992 -0.11337813771623645 0.035693760701015063,0.39658615028622535 -37.000423521293669 -17.35382921571977 -2.0258797748811048 1.8105473746192473 -0.10810018905078778
ur,tetrapga,15.363469585,0.460757034,0.306353589,0.1169846,36.079086,43.872023,4.50988575,1,0,0,2.430536064,0.003911392,1,5,0,0,0 0 0.050000000000000003,0 0 0.050000000000000003,0 0 0.050000000000000003,wrist_3_link,-1,0,0 0 0,0 0 0,,-0.11995013665734282 -1.3979987781632357 0.051207239913938433 -1.5694934176683408 0.034188447312885666 -0.056060033391995112,-0.010305695996763918 0.015433683028506723 0.048190877278631319 0.045642539643102213 0.020200278562157819 0.035716582242983776,-0.20306383024140795 -1.5669711823870132 0.20752024121211748 -1.2923571151831628 0.20630446499907709 0.15835842816425189,0.14890342741011575 0.19822690925747266 0.17472188897919086 0.031877277569457511 -0.098425772691999064 0.10514203739207142,-0.12167024940230495 -1.4029851212154587 0.058068699237877219 -1.5586665011239411 0.039847069549731884 -0.046735855281003831,-0.11963264586915787 -0.27270883312024424 0.57601552436975823 0.81618406631975127 0.4056240828233621 0.70323118074897095,1.9324338942032044 -43.287005389827144 -1.6821854908352663 1.1893272277790905 -0.13643883014577723 0.03580019797777869,0.37162383371116903 -37.21199913698365 -17.547689932528584 -2.0579988451399913 1.8502900824330624 -0.11025330988442761
ur,tetrapga,15.407411711,0.45680824,0.309435768,0.106098662,36.089333,43.81648,4.511166625,1,0,0,2.384070295,0.003899163,1,5,0,0,0 0 0.050000000000000003,0 0 0.050000000000000003,0 0 0.050000000000000003,wrist_3_link,-1,0,0 0 0,0 0 0,,-0.12039753782588293 -1.3974205489168785 0.053659104238986045 -1.5670294567722469 0.035284388402845514 -0.054081531300350483,-0.0096068297792370212 0.012217733402703629 0.057180411709107745 0.062800700884600255 0.028372977522588633 0.051022697865954106,-0.19640737480607279 -1.5582473727754296 0.21509718504975864 -1.2911075971498887 0.20186868292843832 0.16291052415641627,0.15403918707874592 0.19879768716157398 0.17010570013329723 0.024989385843412835 -0.10344162791760257 0.10202750241563299,-0.12181088783014681 -1.402321280016638 0.060502622227149958 -1.5563966276429824 0.04064985499782664 -0.044744187832480443,-0.097124277045736118 -0.26480561878773251 0.57984006118689857 0.80641891326044912 0.38551575274074723 0.70806318234951038,2.4132720840178408 -39.362074377178601 -0.16393575245982106 1.2531565646455252 -0.15243409072490058 0.035097941143259773,-0.77450228853615499 -35.012558373126922 -9.631334702724871 5.8615668148395343 3.7013147000714071 3.7466081674876648
ur,tetrapga,15.451337345,0.453050299,0.30834951,0.120947715,36.111982,44.145416,4.51399775,1,0,0,2.3406775,0.001462114,1,5,0,0,0 0 0.050000000000000003,0 0 0.050000000000000003,0 0 0.050000000000000003,wrist_3_link,-1,0,0 0 0,0 0 0,,-0.12076570249601573 -1.3968178443146764 0.056010492741220864 -1.5647453144282186 0.036246450716216121 -0.052216967378633697,-0.0080621734849221378 0.017185531098405909 0.049159146492248174 0.044604745661756498 0.017846748751034612 0.036081762000523911,-0.18953081236394359 -1.5495063160176243 0.22246430665207395 -1.2901615632542613 0.19721757247195412 0.16732198874855564,0.15903806018634101 0.19916116431774791 0.16529878671526435 0.018082014642882428 -0.10830471854344868 0.098817216477402436,-0.12188645306158699 -1.4016207986984512 0.06291279401760097 -1.5542041458068094 0.041369710564574613 -0.042780971922573394,-0.07476973733671427 -0.25640456656631949 0.58202956677926387 0.7958531537237975 0.36519471348017596 0.71245071044607367,2.9648094482228866 -35.69719818341671 1.7062746728781235 1.3922308907081478 -0.17848494920419056 0.035913028632822912,0.39310545443163392 -38.071410914524677 -18.142157268159394 -2.1406094478306841 1.955617682840213 -0.11138134707825031
ur,tetrapga,15.495553159,0.449078333,0.31245046,0.107781066,36.069627,43.922828,4.508703375,1,0,0,2.299302074,0.002937259,1,5,0,0,0 0 0.050000000000000003,0 0 0.050000000000000003,0 0 0.050000000000000003,wrist_3_link,-1,0,0 0 0,0 0 0,,-0.12108738111898343 -1.3961606244524096 0.058488083615802364 -1.5623585630592867 0.037206583199724572 -0.050232764258329399,-0.0067343447354771 0.013743839104730277 0.057838408678496163 0.061286010665748014 0.025258511725674011 0.051607399677220653,-0.18239017234665603 -1.5406960160383962 0.22966267015534186 -1.2895160308347795 0.19232348195125459 0.17161808378530038,0.16392807710603255 0.19931723215646052 0.16027146613162371 0.011115666245260461 -0.11304103102903568 0.095491169743912113,-0.12190104626600015 -1.4008770405354789 0.065376544034467104 -1.5520055600568825 0.042043783605235946 -0.040777047109560982,-0.051766146979389048 -0.24829111998208891 0.58451315229081746 0.78447429710315475 0.34445459041138149 0.7162276226610107,3.5166133560781816 -31.955966792490557 3.1324805069380375 1.4478106594634463 -0.19297314302825011 0.035154988728157845,-0.22342040450826062 -35.567751641998257 -9.9437727117725672 5.7628447963597864 3.6169714866339007 3.8727392894784174
ur,tetrapga,15.539548361,0.445220564,0.313827591,0.108015192,36.114531,43.900612,4.514316375,1,0,0,2.260367272,0.00220675,1,5,0,0,0 0 0.050000000000000003,0 0 0.050000000000000003,0 0 0.050000000000000003,wrist_3_link,-1,0,0 0 0,0 0 0,,-0.12133365462921741 -1.3955060558655323 0.060891712653165432 -1.560090756457833 0.038070833092193467 -0.048312882339343576,-0.0053343637003307205 0.014547764780615124 0.05855337928155202 0.060741483038179833 0.023767474074918669 0.052106513309369204,-0.17507377271580016 -1.5319274379550967 0.23660046003134785 -1.2891795698119919 0.18724955759779852 0.17574476621086191,0.16864697315410451 0.19926312857252354 0.15508726157290306 0.0041796998267256361 -0.11758918152738974 0.092090960506072655,-0.12184743874705968 -1.4001097243654026 0.06782202676235706 -1.549869441427933 0.042645332756884771 -0.038788850402661126,-0.02876103744055147 -0.2397720205946729 0.58598730236553531 0.77233960373255517 0.32350305103870547 0.71951429025752911,4.120070978991027 -28.408148303298759 4.6712358718536962 1.5345196644265062 -0.21134396261049843 0.035112917599128803,0.042191151612428257 -35.645013463284158 -10.238382826584285 5.4567867227715396 3.491905442493163 3.8136048605015134
ur,tetrapga,15.583525094,0.44139538,0.31167591,0.126236324,36.219485,44.232201,4.527435625,1,0,0,2.223985748,0.001800221,1,5,0,0,0 0 0.050000000000000003,0 0 0.050000000000000003,0 0 0.050000000000000003,wrist_3_link,-1,0,0 0 0,0 0 0,,-0.1215218162248341 -1.3948054928587055 0.063303279382066771 -1.5578793866833993 0.038862019802773679 -0.046409168593312351,-0.0045651852181581559 0.019355910130505378 0.050500332600366502 0.043218410982258398 0.014510915286777414 0.036839252408682945,-0.16755627990923219 -1.5231695146571165 0.24330352314590101 -1.2891481400837934 0.18198151046124256 0.17971829162593275,0.1732123512235591 0.1990000868406949 0.14972993534558585 -0.0027488261291948716 -0.12196537250660014 0.088605189482300464,-0.12173269503822982 -1.3993049982543511 0.070252734529655594 -1.5477987920922112 0.043172598370138038 -0.036820454276006803,-0.0060084440406762054 -0.23092370527443279 0.58626018221311282 0.75945274546788455 0.30236526130012464 0.72231940277012674,4.8298195379227202 -25.05992910975764 6.3733808588505205 1.656813872332046 -0.23461236062396057 0.035817850916847846,0.37339142311577689 -39.150418351937333 -18.935448547447351 -2.2549934468761421 2.0993262838215259 -0.11371490806681095
ur,tetrapga,15.627831193,0.437351273,0.316517405,0.109459161,36.072412,44.210459,4.5090515,1,0,0,2.189179532,0.005090835,1,5,0,0,0 0 0.050000000000000003,0 0 0.050000000000000003,0 0 0.050000000000000003,wrist_3_link,-1,0,0 0 0,0 0 0,,-0.12165480990745862 -1.3940464508627111 0.065854835048902924 -1.5555569337771014 0.039648199007461651 -0.04437130091424453,-0.0024482232157140215 0.016254219830116275 0.059233567192457377 0.059014164557219716 0.020553091988674214 0.052568463668570167,-0.15978293421462353 -1.5143623652402429 0.24981473885200592 -1.2894243337844873 0.17648329753265182 0.18356468063120776,0.1776535336455165 0.19852382261719373 0.14416164219674588 -0.0097156793386227094 -0.12619655878624253 0.085008979809905974,-0.12155332064718755 -1.3984536441832611 0.072748967892806465 -1.5457119041438787 0.043657274264766927 -0.034800184802027914,0.017553978204202906 -0.22223995308209948 0.58689788796308506 0.74574484887100012 0.28085944700333787 0.7244615991523955,5.4907986745493762 -21.679725979281145 7.5970589794397352 1.6946184798301105 -0.24568374597206671 0.034958770651276019,0.61427478739733488 -36.121523225168858 -10.671931969507654 5.1809536174641835 3.3540806905522942 3.8627552444073672
ur,tetrapga,15.672115082,0.433476509,0.317700056,0.110006187,36.288951,44.363252,4.536118875,1,0,0,2.156639279,0.005769509,1,5,0,0,0 0 0.050000000000000003,0 0 0.050000000000000003,0 0 0.050000000000000003,wrist_3_link,-1,0,0 0 0,0 0 0,,-0.12171750977159801 -1.3932828236765811 0.068315387086427648 -1.5533740945862271 0.040333895370997595 -0.04241900565870315,-0.00099773315099463693 0.017211727252996491 0.059667566044580456 0.058088797681303997 0.01888842473926141 0.052773161904653698,-0.1518204729422932 -1.5055854041223937 0.25607249408872373 -1.2900083635364179 0.17080456724661927 0.18724812271150104,0.18192859203817055 0.19783617836891232 0.13843142748992054 -0.016656426119300051 -0.13024169740073799 0.081333717244330944,-0.12130722980213514 -1.3975737514373072 0.075224059252432668 -1.5436926061846914 0.044068984423594415 -0.032800601176982462,0.041023175905764216 -0.21318968841668681 0.58648522036699502 0.73129914756089809 0.2591749507187695 0.72612425668303604,6.2265483594108844 -18.492799127603988 8.9405824126347433 1.7637186532130453 -0.26086406106190801 0.034821556483009566,0.87526937333223032 -36.302041832585928 -10.983808410724407 4.9132475023880033 3.2517512566161173 3.8220411366220617
ur,tetrapga,15.716554935,0.429488719,0.318932767,0.111319788,30.359217,38.490284,3.794902125,1,0,0,2.162959605,0.008490819,1,5,0,0,0 0 0.050000000000000003,0 0 0.050000000000000003,0 0 0.050000000000000003,wrist_3_link,-1,0,0 0 0,0 0 0,,-0.12172111656756276 -1.392434144466991 0.070893632021284861 -1.5511444241152499 0.040978467341324841 -0.040387247756786045,0.00038475995878380054 0.018168851742349654 0.059477899022378537 0.056728994212727403 0.017141828534687202 0.052549441193891856,-0.14364339802004059 -1.496812855232788 0.26209364352222286 -1.2909027672066744 0.16492995786624193 0.19077918924227247,0.18604907538652207 0.19693393955744479 0.13252239158475598 -0.023589838429212889 -0.13411083977452323 0.07756809357491784,-0.12122474456789914 -1.3939558155193414 0.075287074895244346 -1.5455424725520739 0.042721114334246989 -0.034542778295407056,0.062046499957953763 -0.19020888154381321 0.5491803592449358 0.7002439453970013 0.21783087411526825 0.73055868267237334,12.088351316246383 -16.501601551464798 24.325940592838457 3.9256392254384886 -0.61919403391399541 0.068116573125199406,1.2033475785220844 -36.735529909878096 -11.150201792091394 4.9212952840425714 3.2298540054045048 3.9277432795541927
ur,tetrapga,15.755117634,0.426175585,0.315659992,0.131463821,30.288627,38.049864,3.786078375,1,0,0,2.126072804,0.005858728,1,5,0,0,0 0 0.050000000000000003,0 0 0.050000000000000003,0 0 0.050000000000000003,wrist_3_link,-1,0,0 0 0,0 0 0,,-0.12166580319377156 -1.3917225447594126 0.073039648950716796 -1.5493209055166925 0.041465426737668495 -0.038692386217232526,0.00054941379887104289 0.02216386844372344 0.053790447121061999 0.042935143672500238 0.010578222278300884 0.039519735730705295,-0.13640220061136821 -1.4892364449763951 0.26710318105613928 -1.2919279367692647 0.1596961213951513 0.19370644110263496,0.18948324230043931 0.19597936424283982 0.12727155172452648 -0.029573516421036651 -0.13730987784808746 0.074240674766751946,-0.12034530895740489 -1.3955670209573159 0.080214442047926285 -1.5399122170779431 0.044439820393515565 -0.028715775921589956,0.10992945131178131 -0.20140067974680154 0.61592089408524309 0.70378193426633595 0.21483825740857213 0.72837529672713752,4.0279800539941295 -8.8922227520963535 0.51859886150143186 0.089263850614807072 0.0044152082456793418 0.0024386206971797417,0.21069169739200788 -39.996572742993521 -19.719573160330157 -2.3853776935820861 2.2523530545651624 -0.12196568868793634
ur,tetrapga,15.793239354,0.422755958,0.31660414,0.13078927,30.280222,37.989199,3.78502775,1,0,0,2.109872811,0.015567886,1,5,0,0,0 0 0.050000000000000003,0 0 0.050000000000000003,0 0 0.050000000000000003,wrist_3_link,-1,0,0 0 0,0 0 0,,-0.12156182189043603 -1.3909472034928501 0.075286558304233864 -1.5474403996418291 0.041928694811570084 -0.036914259952669073,0.0023189122279380558 0.022335557383750013 0.055822727359165498 0.04434268205869403 0.010050082038707355 0.041768216576187144,-0.12911616178117868 -1.4817858452143955 0.27185433072151155 -1.2931675165525449 0.15440370156157093 0.19647309546890662,0.19274592905503865 0.19487959005270003 0.12197308115319279 -0.035452776183434245 -0.14032438351157267 0.070899392097740183,-0.12078893984652167 -1.3923579483913557 0.079625148988996641 -1.5420737867225183 0.043363135432436035 -0.031073045489134258,0.096610255489295735 -0.1763431123132112 0.54232383559534736 0.67082661491384432 0.17930507760824413 0.73015180794185197,15.062997242244391 -11.279219668788219 26.632006631992827 4.0219964082200788 -0.64300391179565175 0.068126337147633151,0.048791830366781141 -39.574174709202453 -19.61839049441619 -2.3907214663804552 2.2533223379177514 -0.12888446710216783
ur,tetrapga,15.831298901,0.421137089,0.304772131,0.120859526,30.324335,38.050418,3.790541875,1,0,0,2.076388141,0.023353277,1,5,0,0,0 0 0.050000000000000003,0 0 0.050000000000000003,0 0 0.050000000000000003,wrist_3_link,-1,0,0 0 0,0 0 0,,-0.12140708560461685 -1.3896839616411225 0.076753445733360279 -1.5466460145424163 0.041905288714029598 -0.036137862397087737,0.0028796923511615028 0.039875647829923012 0.037742214976699176 0.016950799208575364 -0.0026098101974229519 0.016195474287110833,-0.12172047180017613 -1.4743921557039468 0.27639428010805406 -1.2946278849167769 0.14900811632626942 0.1991072341992137,0.19586937969267809 0.19362753413826864 0.11658117376981769 -0.041281112240446331 -0.14318432933455325 0.067514648521265763,-0.11954959302158953 -1.393830357041888 0.084517937351749201 -1.5366774428937877 0.044773697454485187 -0.025249998469163853,0.15491835311651667 -0.1840510813165307 0.61159854534407021 0.67454297859132306 0.17632025275614435 0.72788087749630059,4.6934716345702299 -4.4359902563311673 2.5644141048119256 0.22665415127795846 -0.019986376507550779 0.0027060661696341332,-0.55722165300790039 -36.717374910740546 -18.128928974126552 -2.0462003342008757 2.1290416998193962 -0.049911751784335934
ur,tetrapga,15.869414938,0.417328035,0.317975454,0.138765536,30.360553,38.119557,3.795069125,1,0,0,2.07419367,0.00432127,1,5,0,0,0 0 0.050000000000000003,0 0 0.050000000000000003,0 0 0.050000000000000003,wrist_3_link,-1,0,0 0 0,0 0 0,,-0.12112776654226481 -1.3887066599084985 0.079333142104892521 -1.5445714944605409 0.042278684580253065 -0.034050782875989401,0.0072392425373677422 0.024549747072759795 0.068691123661462503 0.054075213310438158 0.0095077524889732659 0.054169282673910836,-0.11419725996117117 -1.4670381759947164 0.28073342613697694 -1.2963118616468106 0.14349833011965896 0.20161528231532755,0.19886068721900826 0.19222022090682278 0.11108384139091144 -0.047071126820899353 -0.14589593431902814 0.064078513289359804,-0.12007707109120787 -1.389983333732884 0.083643431835883561 -1.5394357299068564 0.043414407256478021 -0.028212710934105337,0.13133693138211786 -0.15958422804819067 0.53878621637387991 0.64197056921055573 0.14196533452811996 0.72975899273550793,17.925370346494251 -7.4937564086004436 27.477696959001999 3.9460511009550667 -0.63744229676864994 0.06588151669254376,0.20830083676810318 -41.612381557900335 -20.814830387341999 -2.6074364987771332 2.4028889673077742 -0.16716233418347315
ur,tetrapga,15.907613094,0.415335029,0.308780687,0.132588166,30.286095,38.222392,3.785761875,1,0,0,2.044484091,0.018466445,1,5,0,0,0 0 0.050000000000000003,0 0 0.050000000000000003,0 0 0.050000000000000003,wrist_3_link,-1,0,0 0 0,0 0 0,,-0.12097603100090518 -1.387387911516895 0.081072808597255519 -1.5435636321823369 0.042299976447103788 -0.033070403950855788,0.0018906391344764985 0.040158171607090225 0.042871221343048063 0.021534406250579625 -0.0011799761333196746 0.020280248533066609,-0.10654611631199146 -1.4597250903473926 0.28486991771717485 -1.2982198840740815 0.13787594845345358 0.20399649224691502,0.2017185360156071 0.19065689710325517 0.10548176841144431 -0.052820901967335999 -0.14845761303889163 0.060591082791581104,-0.1184852548229483 -1.3912954260891088 0.088511185232694259 -1.5342716272055452 0.044528444731037974 -0.022392399100312096,0.19897703353244534 -0.16401154452810363 0.60846917460133776 0.64551283766388856 0.13925468431999402 0.72753897922415522,5.4929135334369743 -1.5344510185773421 3.8478047171076089 0.30655410408242922 -0.033190624773868312 0.0028647408471798455,-0.080171288174597066 -40.04755970921633 -19.88822490012069 -2.3024772756871243 2.3409194487691423 -0.062570138457544999
ur,tetrapga,15.945940428,0.411359253,0.323125844,0.146698723,30.261807,38.24388,3.782725875,1,0,0,2.036788504,0.013331445,1,5,0,0,0 0 0.050000000000000003,0 0 0.050000000000000003,0 0 0.050000000000000003,wrist_3_link,-1,0,0 0 0,0 0 0,,-0.12062791112263077 -1.3864164430049863 0.083771628150980507 -1.5414134466508316 0.042640572408957148 -0.030856674250485275,0.0097332369907487341 0.023693481873266694 0.070679071299450932 0.055314011571350553 0.008462052766882484 0.05692779799071436,-0.098762113653359906 -1.4524502206405265 0.2888036135211236 -1.3003540013899051 0.13213924381763481 0.20625106291599996,0.20444279310408303 0.18893553817516809 0.099772322443409528 -0.058531537458969302 -0.15086880239403813 0.057050413231453379,-0.11930607266103006 -1.3875955463304395 0.088004075719496838 -1.536535626742231 0.043472140440084517 -0.025042325978410718,0.16522980770008808 -0.14738791568165174 0.52905594606454176 0.60972748857507097 0.10394600389092129 0.72679353400931956,21.139453059063232 -3.1065926469463059 28.879700591820647 3.9288880091353722 -0.64308613026490991 0.064292004317751533,0.42588500578790445 -43.763337041904379 -22.004808413235537 -2.7752344068840102 2.5585568102520426 -0.17569794527081228
ur,tetrapga,15.984259592,0.409512163,0.309598178,0.136254673,30.352533,38.374582,3.794066625,1,0,0,2.010889957,0.017603946,1,5,0,0,0 0 0.050000000000000003,0 0 0.050000000000000003,0 0 0.050000000000000003,wrist_3_link,-1,0,0 0 0,0 0 0,,-0.12039822639867707 -1.3849705818223206 0.085515113754325897 -1.54050351823859 0.042557928068447153 -0.029923309785937005,0.0032372072291039144 0.041706651916516527 0.040197869314461773 0.017481985722481396 -0.0036831626338208094 0.017368624907942592,-0.090878177080690986 -1.4452457657930362 0.29251609815973129 -1.3027052552586136 0.12631446710605923 0.20836874072453596,0.20702063171094659 0.18706289819478014 0.093980683834476345 -0.06417679035669048 -0.15311785174675005 0.05347175493985197,-0.11735776932786852 -1.3887817686710906 0.09280370498010046 -1.5316297033894397 0.044284960048361563 -0.019245650502632862,0.24353791664519214 -0.14827779258138438 0.59995365757545271 0.61324041909891369 0.10160245103463049 0.72458443447223198,6.434558675908308 1.9914784128937679 5.4470206092260565 0.40945192327496371 -0.050598725183216273 0.0030738307193233045,-0.082576177495866432 -40.94026895927982 -20.438200924496414 -2.3610413693077135 2.4286008479426755 -0.053585846331024811
ur,tetrapga,16.022733949,0.405870682,0.322819684,0.149083805,30.293511,38.355221,3.786688875,1,0,0,2.006617215,0.014033263,1,5,0,0,0 0 0.050000000000000003,0 0 0.050000000000000003,0 0 0.050000000000000003,wrist_3_link,-1,0,0 0 0,0 0 0,,-0.11991847715073256 -1.3839992495987155 0.088047065812450739 -1.5385697092090047 0.042748939230873917 -0.027825072162713585,0.013528189959462403 0.025979013452572586 0.068898737013314698 0.051031943568401635 0.0045848879059923568 0.055160990798717169,-0.082865784270075418 -1.4380872350588594 0.29601880971023259 -1.305282341137195 0.12038255146091872 0.21035632597455606,0.20945991258901403 0.1850315732312719 0.088086941469415231 -0.069774879167755335 -0.15521132364125734 0.049842440448855309,-0.11832951027209722 -1.3850702273825539 0.092190709405185353 -1.5339605720701663 0.04327807357288576 -0.022044198965193461,0.1986208598294171 -0.13387222297979506 0.51795544909182634 0.57614214235480044 0.066141792751480549 0.72260914969001566,24.463017174880694 0.55129025575979351 30.11515319337682 3.9146039947527242 -0.6483771597595287 0.063044984514124491,0.3126452768975696 -44.248150801035081 -22.362570754769877 -2.8079013935594048 2.6263122993284043 -0.17023293379536852
ur,tetrapga,16.061155963,0.404031299,0.312421004,0.138926886,30.25002,37.992962,3.7812525,1,0,0,1.984379815,0.014881308,1,5,0,0,0 0 0.050000000000000003,0 0 0.050000000000000003,0 0 0.050000000000000003,wrist_3_link,-1,0,0 0 0,0 0 0,,-0.11964822553344683 -1.3825275869437772 0.089835179462117096 -1.5376521716331688 0.042632971551495077 -0.026857569475682231,0.0035766242014286871 0.042349051059289086 0.04177171377475216 0.018170905150298698 -0.0041725483638864781 0.018431103980939091,-0.074773532304030041 -1.4310193166085818 0.29928903434449566 -1.3080694319094539 0.11438152135702521 0.21220120693024905,0.21174470880588253 0.18285350140311984 0.082127909711585664 -0.075289917398629211 -0.15713535245449353 0.046184744872371501,-0.11602822885288552 -1.386123425773812 0.096911942454930303 -1.52932301201683 0.043790607028794747 -0.016281184886207598,0.28766017740146138 -0.13164979890724521 0.59015413121811822 0.57969500666704565 0.064066681988623184 0.7203767598732328,7.5418786228576913 4.8930906096584437 6.8003784837787631 0.49511625117686686 -0.064595590928046481 0.0032697503449439372,-0.14458478030383048 -41.460715190191877 -20.839032902559268 -2.4306050751984003 2.4909605384545728 -0.05685725701281541
ur,tetrapga,16.09924907,0.400466473,0.324621638,0.15237018,30.340482,38.038062,3.79256025,1,0,0,1.97903337,0.01831932,1,5,0,0,0 0 0.050000000000000003,0 0 0.050000000000000003,0 0 0.050000000000000003,wrist_3_link,-1,0,0 0 0,0 0 0,,-0.11907080799155151 -1.3814986282882649 0.092398494253826791 -1.5357677913568497 0.042726854672929443 -0.024733970014612579,0.016466913204618322 0.027750453390424711 0.069736170409987377 0.049626534053667161 0.0019765962039566963 0.055725960876695957,-0.066666771525096286 -1.4240973072672092 0.30230394140657174 -1.3110403447226953 0.10836205049434762 0.21389097546659416,0.21385879804570535 0.18054827019247338 0.076152892751954956 -0.080678079846244602 -0.15887685987461819 0.042528315919462843,-0.11722393366785187 -1.3824549167029319 0.096442624972768842 -1.531441222882159 0.042955736422334405 -0.019001655353635634,0.23085929046245504 -0.11953605183336284 0.50551633986775635 0.54082105933634361 0.028610218675620549 0.71653933262211833,27.982327413412925 3.5806022376630424 30.845185797470123 3.8471663099959326 -0.64407486935327518 0.061312323377360103,0.24735184195299098 -44.973435067061473 -22.855527072208588 -2.875044744177103 2.7046692165182975 -0.17196826094757256
ur,tetrapga,16.137351821,0.398700624,0.313843208,0.141890944,30.584919,38.626289,3.823114875,1,0,0,1.959652938,0.012671146,1,5,0,0,0 0 0.050000000000000003,0 0 0.050000000000000003,0 0 0.050000000000000003,wrist_3_link,-1,0,0 0 0,0 0 0,,-0.11873921352020765 -1.3799946199263546 0.094209772834483535 -1.5348773647912854 0.042554371558216231 -0.023750682506156754,0.0043546965698526728 0.043736875707925428 0.041176934322645783 0.016346025767797936 -0.0056787411918631046 0.017326782497468569,-0.05848029373992971 -1.4172641304334841 0.30509073190892444 -1.3142157462669153 0.10227786611469387 0.21544130894856728,0.21582098148292048 0.1780990276652229 0.070114975445111402 -0.08598312740878393 -0.16045190170633278 0.038843862436782395,-0.11457698913374591 -1.383369462226548 0.10106978144061315 -1.5270864030195164 0.043171292504385728 -0.013287303693652506,0.33086806676324587 -0.11431819045201376 0.57839455848053889 0.54435248283033322 0.026944510256415349 0.71429395749789115,8.8373699339436058 7.1441751161700742 7.8532825310987802 0.55733068767143445 -0.073792198240152818 0.0034320326675742877,-0.19406389428115745 -42.108852532493984 -21.283641593539983 -2.4901716963640865 2.5607825217027766 -0.053444865525719365
ur,tetrapga,16.176086109,0.395170436,0.324629801,0.156576274,30.260859,37.917601,3.782607375,1,0,0,1.953788517,0.024105352,1,5,0,0,0 0 0.050000000000000003,0 0 0.050000000000000003,0 0 0.050000000000000003,wrist_3_link,-1,0,0 0 0,0 0 0,,-0.11801333818262071 -1.3788277964137996 0.096870184201777287 -1.5330296099360541 0.042518739178767445 -0.021561997198547345,0.019219949840576733 0.029966121148175411 0.067901539617575987 0.045506055697683984 -0.0013628921744409685 0.053619027554673813,-0.050084534295749203 -1.4104161529311008 0.30768677657563376 -1.3176492175340313 0.096034643077327689 0.21687295303473855,0.21765760229047421 0.17546414193971596 0.063919605763906845 -0.091284323507453163 -0.1618805893458837 0.035073489350223558,-0.11591815934778441 -1.3796704183971624 0.10079531274403986 -1.5290006063049804 0.04244986808452695 -0.015893681912091166,0.26189735435453804 -0.10532774792035372 0.49064106778282102 0.50362545388420832 -0.0086088867800618585 0.70853941080702254,31.673290597757088 6.1056467912531165 31.372253983109005 3.768303400988831 -0.63740479300855268 0.059632681924755765,0.23125534020584837 -46.0285696710298 -23.486441132788855 -2.9426758853214778 2.8004288483068791 -0.16546663400227146
ur,tetrapga,16.214071043,0.393722865,0.315968193,0.145225241,30.386049,38.392729,3.798256125,1,0,0,1.93728417,0.0119912,1,5,0,0,0 0 0.050000000000000003,0 0 0.050000000000000003,0 0 0.050000000000000003,wrist_3_link,-1,0,0 0 0,0 0 0,,-0.11767385429577638 -1.3773308866297929 0.098554889678605817 -1.5322739217978911 0.042293694211120232 -0.020696603864334834,0.0048175444708539452 0.044955688987146573 0.041688547413298464 0.015717047796993976 -0.0066626153917594315 0.017209647709753709,-0.041785095843486247 -1.4038024567810348 0.30999855696035805 -1.3212138853075208 0.08986170457392921 0.21813464915647018,0.21930225217773217 0.172740271011879 0.057793396011922862 -0.096388123936837058 -0.16311162998147691 0.031354608055914716,-0.11293304389515725 -1.3804490095219759 0.1053082430843245 -1.5249437057692963 0.042371622943462015 -0.010243168675364275,0.37313943157839491 -0.097323890601685101 0.56411629253558104 0.50711256696051998 -0.0097806426331166641 0.70631415459086144,10.316548707371815 8.9361511514879641 8.7157953920300653 0.60521285270823344 -0.080013485574754753 0.0035820950691072624,-0.22447429939097674 -42.864250537418229 -21.783786117004524 -2.5636372811914043 2.6337061952310563 -0.053080565227233478
ur,tetrapga,16.252561938,0.390507656,0.325627746,0.159963454,30.324616,38.41253,3.790577,1,0,0,1.934844791,0.024466089,1,5,0,0,0 0 0.050000000000000003,0 0 0.050000000000000003,0 0 0.050000000000000003,wrist_3_link,-1,0,0 0 0,0 0 0,,-0.11688541339095641 -1.3760672019238311 0.10113955372462601 -1.5305899888247898 0.042138824620321959 -0.018608365258903171,0.022602640763205097 0.031659095322861056 0.068253033829665022 0.043666637241134863 -0.0041477028419075338 0.054027656862997139,-0.033314435629404934 -1.3972088820574804 0.31210286496075468 -1.3250218781171388 0.083562149069651093 0.21926868652632475,0.2208092419590954 0.16984095955516645 0.051539982391444146 -0.10145917164374824 -0.16418637390114307 0.027567463260120165,-0.11454732829213314 -1.3767941838592928 0.10493968436701774 -1.5268646070813356 0.041778212015550542 -0.013012763964215232,0.29226063735290919 -0.090872741932715093 0.47501633029896662 0.46567271793177956 -0.045076575596427061 0.69945016183599251,35.430016824637839 8.0718416927323577 31.476070772245027 3.6485859188867655 -0.62315714282638468 0.057578165077279371,0.16543827831480939 -46.809939887724795 -23.994518040813034 -3.0086219600698314 2.8783229752487074 -0.16671841497381834
ur,tetrapga,16.291049881,0.389136264,0.317805854,0.148167881,30.217788,37.957576,3.7772235,1,0,0,1.921635411,0.008007214,1,5,0,0,0 0 0.050000000000000003,0 0 0.050000000000000003,0 0 0.050000000000000003,wrist_3_link,-1,0,0 0 0,0 0 0,,-0.11647781691562424 -1.3745281709901649 0.10287655027719238 -1.5298349736818198 0.04186367241005641 -0.017699804454811001,0.0060704895084919197 0.04619142856716784 0.043285010488882739 0.015940062618465846 -0.0077496869936450191 0.018338418424739798,-0.024789540117486915 -1.390730055286588 0.31396554729602111 -1.329022716440492 0.077225071426555048 0.22025656784973971,0.22215408766525621 0.16680415521900305 0.04524682137827634 -0.10642358638943318 -0.16508643830565034 0.023764725129513588,-0.11123055377306644 -1.37743594445349 0.10932770571953465 -1.5231113559921929 0.041411608681357931 -0.0074354531218112693,0.41459681488333766 -0.080220074274668665 0.54850266906461376 0.46915638614284255 -0.045825416774076248 0.69716385530049529,11.929093869898939 10.168264011123627 9.319255646422425 0.63406185533737647 -0.082488856342760736 0.0036990510169531312,-0.29921174300864095 -43.483529838679715 -22.22518219062971 -2.6347808278933371 2.6984740615263973 -0.056555546029322556
ur,tetrapga,16.329111277,0.386059038,0.326132183,0.163672531,30.29064,38.296318,3.78633,1,0,0,1.917732249,0.029917452,1,5,0,0,0 0 0.050000000000000003,0 0 0.050000000000000003,0 0 0.050000000000000003,wrist_3_link,-1,0,0 0 0,0 0 0,,-0.11556965504206937 -1.3731813942302262 0.1054852088556997 -1.5282246628628624 0.04159386593370698 -0.015593586063788677,0.026025987439220008 0.033989624801862746 0.068788155102337545 0.041645101327023232 -0.0071104291751530931 0.054325687015380549,-0.016311283809345212 -1.3844405238397901 0.31556872075254416 -1.3331650502953969 0.070927446555100582 0.22108931363189793,0.22332341588358098 0.16366800581800828 0.038989463100797872 -0.11122383483642762 -0.16580425042729569 0.019991441183644335,-0.1129999960347684 -1.3737868495763148 0.10914816369775705 -1.5248144136806232 0.040946917742743193 -0.01008563281874671,0.32120737591262177 -0.075681918261083586 0.45786935525716888 0.42628114777990811 -0.080868523870473302 0.68849415563024574,39.294961012913113 9.3258194835558044 31.164273981358424 3.4942327546868523 -0.60217975796258139 0.055326487982678939,0.10053913313623752 -47.690216355719713 -24.550879701555289 -3.0793098493513753 2.9610174285166408 -0.16763056234406903
ur,tetrapga,16.367478194,0.384892938,0.319603087,0.15261669,30.303425,38.189179,3.787928125,1,0,0,1.906735147,0.005458021,1,5,0,0,0 0 0.050000000000000003,0 0 0.050000000000000003,0 0 0.050000000000000003,wrist_3_link,-1,0,0 0 0,0 0 0,,-0.11512954954246166 -1.3715705641416169 0.10722224789634065 -1.5275308288246494 0.04126314440299407 -0.014720388682843753,0.0062236985449776773 0.047898041364415056 0.043180920391432044 0.014511999771258416 -0.0089103589878574765 0.017338340980847418,-0.007723039760874433 -1.3782238336541059 0.31694316085796126 -1.3375233698795059 0.06455494335273862 0.22178319638358732,0.22433933237172171 0.1603753840712849 0.032653394377831081 -0.11594818783746774 -0.16635404877455012 0.016178052026555725,-0.10936338617529205 -1.3742880312383341 0.1133959002725244 -1.521376977891741 0.040298695870970208 -0.0045959956158476553,0.45457623243454426 -0.06264770775242369 0.53096707184591829 0.42967947361028191 -0.081027733971623411 0.68620465036238187,13.71841099569431 10.720160792732802 9.6186453666724709 0.63989095580764133 -0.080281540634001197 0.0037859967402651879,-0.26870594403908399 -44.615590559905286 -22.892503540519272 -2.7231622007757323 2.7883089673434398 -0.05347431672539571
ur,tetrapga,16.405763048,0.3820872,0.326165388,0.168049618,30.447867,38.238183,3.805983375,1,0,0,1.904428189,0.033310463,1,5,0,0,0 0 0.050000000000000003,0 0 0.050000000000000003,0 0 0.050000000000000003,wrist_3_link,-1,0,0 0 0,0 0 0,,-0.11413632209456843 -1.3701362135456114 0.10979240519349402 -1.5260480920536683 0.040878856856027559 -0.012665296694670669,0.028749650041541973 0.036172413434453418 0.067787932417692542 0.038419206831051982 -0.010023740435299008 0.0531014321061168,0.00088255001990822173 -1.3721488377819298 0.31807188996589314 -1.342050780241167 0.058178378788426903 0.22232961507554008,0.22518913084823566 0.15696107429577535 0.02630807104874466 -0.12054346559218708 -0.16672856167525382 0.012365953556352725,-0.11134793777989187 -1.3706237732639794 0.11330316149077645 -1.5229614291063793 0.039952295809742577 -0.0072565421298394356,0.34854803933457057 -0.060944964795996939 0.43884453716030314 0.38583286841111641 -0.11582013078562313 0.67609432060390429,43.327651125612398 10.072848816498503 30.614831728651442 3.3234316635224501 -0.57780302782402582 0.053055846561107019,0.087728953215503225 -48.816647975650085 -25.207442632549316 -3.1546153547678841 3.0539157371658661 -0.16385175641288718
ur,tetrapga,16.444099593,0.381105267,0.321548642,0.156287678,30.279679,37.99117,3.784959875,1,0,0,1.895415788,0.00230959,1,5,0,0,0 0 0.050000000000000003,0 0 0.050000000000000003,0 0 0.050000000000000003,wrist_3_link,-1,0,0 0 0,0 0 0,,-0.11364969956023291 -1.3684786480694862 0.11153944547506872 -1.5253926353625225 0.040498400643276054 -0.011796316558497704,0.0069584538731073103 0.049023894780536453 0.043677943874232864 0.01385886083112399 -0.0099514449775974165 0.017369389941258858,0.0095292005398990541 -1.36619904523937 0.3189583752471486 -1.3467582381794516 0.051782177046877612 0.22273044598043348,0.22587508295894501 0.15341609237026338 0.019937088479154385 -0.12502151902477115 -0.16692929743849932 0.0085448087788977042,-0.10740281794211294 -1.3709895544417021 0.11739411817686166 -1.5198481921953726 0.039029421740741407 -0.0018662243549450704,0.49313997972236567 -0.045722647215330953 0.51136958576065028 0.38915461387583822 -0.11535925862514608 0.67378972186179553,15.693258208583298 10.802377618163797 9.7202263425506086 0.63114853740448917 -0.075040642757953441 0.0038560960335270004,-0.29884434697686402 -45.494529335162952 -23.443151771025043 -2.801995335540596 2.8630388057322591 -0.053567817170467436
ur,tetrapga,16.48219625,0.378532034,0.326291728,0.171999229,30.388741,38.362769,3.798592625,1,0,0,1.893576115,0.036896988,1,5,0,0,0 0 0.050000000000000003,0 0 0.050000000000000003,0 0 0.050000000000000003,wrist_3_link,-1,0,0 0 0,0 0 0,,-0.11255769037847606 -1.3669693025348362 0.11408867433512832 -1.5240162183400987 0.040004597711233068 -0.0097640346843390711,0.031747092804202168 0.038190983867111346 0.067207911954039926 0.035646664582256307 -0.012830207509293012 0.05247387306086139,0.018144661803543252 -1.3604234524139787 0.31959712668319906 -1.3516039025841773 0.045421670840279281 0.22298362434067059,0.22639243240710144 0.14977119608057676 0.013594716092516128 -0.12934502613072607 -0.16695619269765977 0.0047466512005959697,-0.10956243895035256 -1.367339035802138 0.11743631787261055 -1.5212599707886103 0.038807282061873526 -0.0044670620725613622,0.37440642851543798 -0.046216658412724369 0.41845544218527997 0.34453094393604444 -0.14966445616994278 0.6621215764722137,47.401544513735622 10.210159637942001 29.683317586587737 3.1205312064128314 -0.54713870859991665 0.050566494402471893,0.038308384270123952 -49.805129475396825 -25.799884397704432 -3.2248219352732121 3.1378692189177997 -0.16191000590199245
ur,tetrapga,16.520665297,0.377694281,0.323505931,0.161317685,36.208312,44.102869,4.526039,1,0,0,1.866918675,0.001643838,1,5,0,0,0 0 0.050000000000000003,0 0 0.050000000000000003,0 0 0.050000000000000003,wrist_3_link,-1,0,0 0 0,0 0 0,,-0.11201787411896053 -1.3651573752949766 0.11592229836261446 -1.5233869003360034 0.039552020578699713 -0.0088835935340232028,0.0070282527096495904 0.050380073720055624 0.043549884220883704 0.01261667866760669 -0.010915740808247419 0.0165202619018552,0.026861140520479325 -1.3547346247486596 0.31999681830121474 -1.3566615474469446 0.039001293086211496 0.22309248160666711,0.22674800631605563 0.14597018156437375 0.0071847336414344893 -0.13357871944421512 -0.16680915411020081 0.00091341340824588736,-0.10716667638471503 -1.3665067937737032 0.12025989635184586 -1.5196359687667118 0.037920018003689118 -0.0014117109782605091,0.45293501874268743 -0.032323528143237308 0.44757352927916999 0.33593334944939413 -0.15745416457468797 0.65795210312897168,34.939577830658649 9.6517703925776903 19.858356754039534 1.8805650364588273 -0.31023660740958225 0.028117657515705476,-0.23802449266992198 -46.820755994458523 -24.197652700124877 -2.901951794667184 2.9597312203971313 -0.050954743614623155
ur,tetrapga,16.564868281,0.375152882,0.326427819,0.178892194,30.334085,38.155336,3.791760625,1,0,0,1.880117121,0.019136863,1,5,0,0,0 0 0.050000000000000003,0 0 0.050000000000000003,0 0 0.050000000000000003,wrist_3_link,-1,0,0 0 0,0 0 0,,-0.11065808807378721 -1.3634239714213789 0.11873669952163253 -1.5219687023702977 0.038880452887033519 -0.0066311352799172333,0.032093672194447594 0.039980979707533504 0.063618228192568266 0.030775326263216281 -0.014928853296105335 0.048380799857870804,0.03688933913284774 -1.3483814862893049 0.32015161377494811 -1.3626705836444606 0.031635478400105659 0.22303561805794947,0.22694895330492465 0.1414571951170725 -0.00018011262991452569 -0.13827444302531861 -0.16642482472829612 -0.0034847599004390137,-0.10746161889819567 -1.3636735708965189 0.12188738835648658 -1.5195779637296964 0.037400733026118675 -0.0014696807765470698,0.399558646948944 -0.031199934392496687 0.39383610435675498 0.29884233007514793 -0.18496498261435529 0.64518181292127041,52.147075068343213 9.8332688476312331 28.48834721432527 2.8902220093010804 -0.5114128458164966 0.047971363413523135,0.15087035072133403 -51.753252076907302 -26.833829168887064 -3.3365694309550236 3.2690410530969132 -0.14930165717398003
ur,tetrapga,16.603093276,0.374815585,0.326056725,0.168235465,36.356565,44.449477,4.544570625,1,0,0,1.856995919,0.001292761,1,5,0,0,0 0 0.050000000000000003,0 0 0.050000000000000003,0 0 0.050000000000000003,wrist_3_link,-1,0,0 0 0,0 0 0,,-0.11020546937026655 -1.3615229454681745 0.1204556621066796 -1.5214868588863606 0.038400062652053917 -0.005934825229954319,0.0063717121166098683 0.051125885595418204 0.042476105760615619 0.011005034795398931 -0.011472451851233773 0.01490302251177107,0.045564884445709684 -1.3430508480800198 0.320023107561627 -1.3680313158340662 0.02528323041985988 0.22282985962288943,0.22694331319320585 0.13743279621403814 -0.0065419567729160634 -0.14218511262623995 -0.16590764502660754 -0.0072792457917396488,-0.1049643099737195 -1.3627292600037513 0.12454963068959957 -1.5182110090182925 0.036361451956272862 0.0014249087159146421,0.48365427006395245 -0.016375227675546083 0.42226318225205933 0.29017528621698996 -0.19236823535167896 0.64089521489566714,38.660509650031372 8.7986831766099929 18.92832272037441 1.726635324727442 -0.28307535333336126 0.02667097106159793,-0.056512014446468584 -48.757365821433268 -25.235319817812808 -3.0343308200399406 3.0865427311838545 -0.0459844998796477
ur,tetrapga,16.647623208,0.373734759,0.323782527,0.141267625,36.167793,44.220453,4.520974125,1,0,0,1.851017243,0.009332219,1,5,0,0,0 0 0.050000000000000003,0 0 0.050000000000000003,0 0 0.050000000000000003,wrist_3_link,-1,0,0 0 0,0 0 0,,-0.10929424103437685 -1.3595390633520756 0.12275703209160166 -1.520605643262642 0.037733554339290189 -0.0044711374277084069,0.02132045725137063 0.047576914607014645 0.052383152342663414 0.017969594375580909 -0.016237126237906439 0.030594926387745532,0.055666669640210345 -1.3370378838637509 0.31956706458536871 -1.374460953529778 0.017912716456222715 0.22240755299302123,0.22672662705142449 0.13260682304734644 -0.013937005597031423 -0.14656033671757754 -0.16509034563514363 -0.011685122758588825,-0.10301627490067891 -1.3611694171198299 0.12700864667197936 -1.5172249736576213 0.035398438386765735 0.0035463029906589601,0.51412507542115904 -0.004406930239543555 0.41941441017234338 0.27291906035574287 -0.20613309512697336 0.6336771683194804,36.399991537509592 7.3447662751106897 16.717436141152362 1.5133215300310927 -0.25115452585326048 0.024746183933116749,-1.1539937424847153 -39.136644207222162 -21.19014381399063 -3.0845824923762848 2.2434068981816466 -0.21178519302333099
ur,tetrapga,16.691910273,0.373222562,0.331276934,0.143458472,36.02621,43.842409,4.50327625,1,0,0,1.850709003,0.014520421,1,5,0,0,0 0 0.050000000000000003,0 0 0.050000000000000003,0 0 0.050000000000000003,wrist_3_link,-1,0,0 0 0,0 0 0,,-0.10858440022475586 -1.3572865460052996 0.1249639008431196 -1.5199193485439793 0.037068799365654624 -0.0033524057914010551,0.019100992101004584 0.048736428089176366 0.05500649612890196 0.022730798595266874 -0.018252162802392141 0.042528858459547861,0.065698812054732603 -1.3312740295376475 0.31878743443831048 -1.3810443931479077 0.010623553584523139 0.2217933810733303,0.22628676554966928 0.12766518950243366 -0.021266012155565159 -0.15071391517950281 -0.16404996556096277 -0.016047155374485606,-0.10155516963685887 -1.3591790576581912 0.12926424766177311 -1.5165569919115793 0.034461890392029432 0.0051010733587929825,0.530645990732315 0.006115488046670399 0.40974673802795297 0.25189614865262616 -0.22146606052259304 0.62551559489550379,37.467340856890239 5.8640371456542244 15.50888483558739 1.3740780877875101 -0.22697968801278964 0.023433780162354204,11.409577306351935 -47.341295717215871 -17.412495874228227 1.5446362028405929 1.1850348635069707 5.7287299817006332
ur,tetrapga,16.735827219,0.372131862,0.327324501,0.187835691,36.051665,43.817158,4.506458125,1,0,0,1.849468403,0.023076075,1,5,0,0,0 0 0.050000000000000003,0 0 0.050000000000000003,0 0 0.050000000000000003,wrist_3_link,-1,0,0 0 0,0 0 0,,-0.10739440866468222 -1.3552670410382401 0.12740299038888558 -1.5190201438482218 0.036273379842146611 -0.0017092133207308852,0.023427237113367822 0.046747157657842417 0.05234630353441494 0.017993254249385041 -0.016374221850484171 0.031822670735067872,0.075623013464613351 -1.3257774402252986 0.31769451450930347 -1.3877500816716521 0.0034457035220941197 0.22099408689599781,0.22562978028398234 0.12263041881183318 -0.028499752155385128 -0.1546329796751531 -0.16279632279275155 -0.02034876021248487,-0.10010455226952893 -1.3571118449044475 0.13150425761939019 -1.5159587183319114 0.033468484117427075 0.0066227856938859461,0.54627961015520232 0.013900555471040188 0.39632982425760377 0.22873119349864612 -0.23739387495761871 0.61585695935686191,38.929351625071476 4.8358600729532446 14.685751276207572 1.2760087889882488 -0.21051744982526466 0.022829752975445917,0.33450670457960996 -54.332062166838114 -28.175353639209618 -3.4510829794435267 3.4363996186552725 -0.098237366144891425
ur,tetrapga,16.779739385,0.37097851,0.327390923,0.188720895,36.171212,44.223065,4.5214015,1,0,0,1.847499009,0.029586258,1,5,0,0,0 0 0.050000000000000003,0 0 0.050000000000000003,0 0 0.050000000000000003,wrist_3_link,-1,0,0 0 0,0 0 0,,-0.10594522469590145 -1.3533869857292657 0.12986148710172213 -1.5180900024130803 0.035419411200539964 9.3426518296663207e-05,0.028848490839043266 0.043715278222512755 0.052715781751056609 0.018633777407975508 -0.017565140861830721 0.0350590676647346,0.085512466213829574 -1.320505363455752 0.31628498231279972 -1.3946226710121112 -0.0036715096554422802 0.22000660174326653,0.22475340893061185 0.11746783953944248 -0.035690263855584346 -0.15834798024983962 -0.16132425002495163 -0.024621636799511196,-0.09852792202536062 -1.3550851152049939 0.13373331854129578 -1.5153891112697413 0.032416477162827702 0.0081977931064654026,0.56212080716932045 0.020537513982854649 0.38130577259245335 0.20440613784433742 -0.25343381201947729 0.60496087504676233,40.369874631115181 3.9896224065634751 13.851170796361309 1.1675110248547498 -0.19132736135614101 0.021768660175435869,0.13994946262045005 -54.419288337780927 -28.308134256604603 -3.4803226308595185 3.4571523827236916 -0.10820665521704953
ur,tetrapga,16.824025669,0.369968249,0.328034702,0.13578748,36.083126,43.761851,4.51039075,1,0,0,1.845576163,0.034430034,1,5,0,0,0 0 0.050000000000000003,0 0 0.050000000000000003,0 0 0.050000000000000003,wrist_3_link,-1,0,0 0 0,0 0 0,,-0.10438905738283187 -1.3514515154384847 0.13233059198888522 -1.5172126580011427 0.034497273098361085 0.0019022161742832282,0.033719294257729238 0.043002256625456432 0.054746801205275787 0.01982393308034874 -0.022603622957661756 0.044788746572814557,0.095442300829628318 -1.3154207411461438 0.31454475170218443 -1.4017144001939426 -0.010779051704357836 0.21882138086704964,0.22364793439618472 0.11213699499758163 -0.042890428871820575 -0.16188391093403215 -0.15962105501168891 -0.028897882081410982,-0.096838609784420632 -1.3530458179820022 0.13595754433769125 -1.5148655576047472 0.031302313534656345 0.0097952041102440015,0.57748498995945163 0.02781216746713485 0.36569863407509429 0.17941587883683835 -0.26932019949225616 0.59314993373371083,41.82812544395766 2.859474721628664 12.855610961117126 1.0446652129580518 -0.16838055277437922 0.020517213189114845,6.502508136971187 -44.790723142997194 -20.368122071970447 -1.3721148290278506 1.4627226331815422 2.9424365458546795
ur,tetrapga,16.867853811,0.369395317,0.327749517,0.188012612,36.312242,44.14085,4.53903025,1,0,0,1.844592148,0.033071223,1,5,0,0,0 0 0.050000000000000003,0 0 0.050000000000000003,0 0 0.050000000000000003,wrist_3_link,-1,0,0 0 0,0 0 0,,-0.10291072716604967 -1.3495564204084696 0.1346257122413117 -1.5164677172776138 0.03359087408184027 0.0035268159714048558,0.028263387483233392 0.045068816603089361 0.049790407895053922 0.015038803158830362 -0.018571257880808798 0.03143505499694059,0.10521640714065017 -1.3106237482523606 0.31250986326976343 -1.4088822790384368 -0.017734107339163783 0.21746276817452423,0.22233560747626405 0.10674420460497792 -0.049956628393266138 -0.16517077344337944 -0.15772241941859461 -0.03309290361300888,-0.095155386505848219 -1.3510161942860357 0.13808487750970538 -1.5144326631944804 0.030168066905151364 0.01130857036920661,0.58991024617336718 0.035615613650044307 0.3491561525254876 0.15424678083750246 -0.28481586288711774 0.58094504104777256,43.770710722328467 1.4220718702226633 11.951453759970892 0.94012915029048894 -0.14984948223149203 0.019964345080950865,-0.1594481960299845 -53.959905680528209 -28.201891752941776 -3.4650561576681866 3.4530845095538538 -0.096994137634599298
ur,tetrapga,16.91210153,0.369055256,0.327830573,0.189137622,36.058053,44.046289,4.507256625,1,0,0,1.845357762,0.033159873,1,5,0,0,0 0 0.050000000000000003,0 0 0.050000000000000003,0 0 0.050000000000000003,wrist_3_link,-1,0,0 0 0,0 0 0,,-0.1014139833834477 -1.347612153391335 0.13689917338008817 -1.5157829216143728 0.03263604743843318 0.0051300134296776599,0.029252777869203443 0.046435575242426495 0.049852304968213995 0.01395338715349935 -0.019664343044426796 0.031148782700030263,0.11502089938563463 -1.3060230895309877 0.31014281431979274 -1.4162601086554332 -0.024666653161155353 0.2159055434243892,0.22079152682654596 0.10118761400544095 -0.057021976885852831 -0.1682707705706448 -0.15559400190360018 -0.037286429567036261,-0.09346252802452365 -1.3489634906317534 0.14015417167246055 -1.5140760947750103 0.029002792809232833 0.012765571821562835,0.60276961501553949 0.043835400866505767 0.33276827844547252 0.12896220367702899 -0.29990804531992976 0.56828499026508772,45.553069291918881 -0.28512043044024704 10.798170956813044 0.80995164242901885 -0.12545778654350234 0.018983011005251856,-0.2478232532642437 -54.186608348473783 -28.370643328197275 -3.4871989186740393 3.4765032899425066 -0.096101711991408933
ur,tetrapga,16.956249315,0.368686449,0.32768575,0.142685346,36.167273,43.960867,4.520909125,1,0,0,1.845883063,0.035103451,1,5,0,0,0 0 0.050000000000000003,0 0 0.050000000000000003,0 0 0.050000000000000003,wrist_3_link,-1,0,0 0 0,0 0 0,,-0.099780251332671446 -1.345508192131768 0.1392886540821304 -1.5151202882773671 0.031568089887638352 0.0068161223838006969,0.035672528668031805 0.047416167241908939 0.053556692932119024 0.01468284053226852 -0.02657119073039832 0.042490675852905231,0.12473033263285359 -1.3016802245959813 0.3074712138171834 -1.4237530823239735 -0.031485069721855385 0.2141679102507032,0.21903277020697243 0.095537366408990812 -0.063994390077395019 -0.17114153341242441 -0.15326220437514651 -0.041424486468540279,-0.091691479206030796 -1.3468170879126835 0.14225337505028257 -1.5137690979172378 0.02777036987683263 0.014231343861806738,0.61623880907084316 0.052344183634635451 0.3164952716233862 0.10363670111884848 -0.31438393395037012 0.55506209489062142,47.046944688342649 -2.3156946567580636 9.3690837481307661 0.65549619833880179 -0.095471718439681219 0.017636343923751643,7.3539157982202141 -45.932992171570731 -21.402801889565808 -2.0309463992452947 1.2652016649121123 2.9326524072831184
ur,tetrapga,17.000285326,0.368691583,0.328083079,0.195107701,36.38189,44.549354,4.54773625,1,0,0,1.847796113,0.033210393,1,5,0,0,0 0 0.050000000000000003,0 0 0.050000000000000003,0 0 0.050000000000000003,wrist_3_link,-1,0,0 0 0,0 0 0,,-0.098187574642711606 -1.3434320628427541 0.14155112815025153 -1.5145563479139381 0.030514149496655582 0.0083621664654522435,0.030636233581744061 0.048962567794959291 0.049401437370744122 0.011566322558587878 -0.021464197871581197 0.029916430554193463,0.13433307698827945 -1.2975990692569983 0.30450156861173733 -1.4313484079372876 -0.038179177882410778 0.21225376984909081,0.21706292986005812 0.089801961046550083 -0.070864291734064611 -0.17378059900754234 -0.15073314154070874 -0.045502075599482175,-0.089926394106982666 -1.3446421002238576 0.14429434551607923 -1.513536249571227 0.026516030499406464 0.015629156700950941,0.62664160217356746 0.06030939423263032 0.29901173947652127 0.078309168045149258 -0.32827864841720567 0.54155019216518119,49.0064516555517 -4.479073658612319 8.087019932086811 0.52114377451267724 -0.071038343147041966 0.016952760465317247,-0.21361877459105472 -55.828021926677138 -29.266155110852139 -3.5971033031755724 3.5837906350042559 -0.092307198235662469
ur,tetrapga,17.044939265,0.368809079,0.327123732,0.149189866,36.014221,43.700462,4.501777625,1,0,0,1.85100271,0.03460748,1,5,0,0,0 0 0.050000000000000003,0 0 0.050000000000000003,0 0 0.050000000000000003,wrist_3_link,-1,0,0 0 0,0 0 0,,-0.09650722112741919 -1.3412274593233353 0.14387343659068436 -1.5140387787384284 0.029362356199000062 0.0099544256696426081,0.036765151616565427 0.04929519698732699 0.051742918546223288 0.010953573628316143 -0.028792056553328189 0.040401297578973268,0.14397714017638505 -1.2937206856340762 0.30118340981150998 -1.4391638413762582 -0.04484897086775376 0.21013062371273078,0.2148474579716215 0.08389111795192962 -0.077735715031043442 -0.17622476231219877 -0.14796577404342029 -0.049581641059684482,-0.088109182944359571 -1.3423903426118198 0.14633691071144478 -1.5133639702622257 0.025206369268153467 0.017011930209215567,0.63845308410516965 0.068054645222090787 0.2816274572578753 0.052942986575270592 -0.34160301013122413 0.52751737798984921,50.570997464268274 -6.8339523880998314 6.5301864843272952 0.35922165949648321 -0.039106213087410052 0.015626162012312577,7.7926310880148435 -47.031607869984327 -22.37847995721944 -2.5776212782911898 1.1725421995572276 2.8427405632523488
ur,tetrapga,17.088738168,0.369213398,0.328005761,0.199865786,36.187073,44.070199,4.523384125,1,0,0,1.854809428,0.031116917,1,5,0,0,0 0 0.050000000000000003,0 0 0.050000000000000003,0 0 0.050000000000000003,wrist_3_link,-1,0,0 0 0,0 0 0,,-0.094852059837749719 -1.3390808245182275 0.14606434804548341 -1.5136087471632189 0.028228285746608191 0.0114262787000039,0.031988031693218927 0.050291290564782841 0.047989532158359702 0.008972623472751946 -0.023003101417309789 0.028481344142124571,0.15333576824232359 -1.2901749049972184 0.29763290095633249 -1.4469306007573075 -0.051266713219982503 0.20787242826060939,0.21246317308776844 0.078006996773544252 -0.084374738122864459 -0.17839257427903149 -0.14505756159144298 -0.053524957954786345,-0.086301091933364771 -1.3401334840901571 0.14830741953986021 -1.5132638722777378 0.023883378338305939 0.018325382466833063,0.64744118221123492 0.075262434358297423 0.26334877017451475 0.027810804373050849 -0.35424364613436132 0.51328475152791597,52.519951669143175 -9.3049625994296417 5.084795559148664 0.21214378083189595 -0.012058625764938435 0.014875786595540196,-0.24417761415389805 -57.113584814893329 -29.979867949647485 -3.6833024813186057 3.6681952028301197 -0.087879238437984952
ur,tetrapga,17.132907665,0.369695599,0.326326649,0.154647932,36.195587,44.248062,4.524448375,1,0,0,1.859827073,0.031061676,1,5,0,0,0 0 0.050000000000000003,0 0 0.050000000000000003,0 0 0.050000000000000003,wrist_3_link,-1,0,0 0 0,0 0 0,,-0.093099611478679456 -1.3368048341740819 0.14831432055654847 -1.5132301192483382 0.026991765069547594 0.012945747088445389,0.038227557796420134 0.05102814693820918 0.050003262059876749 0.0073151775143051488 -0.030956264719036633 0.038433609655206077,0.1626631990508379 -1.2868619101882595 0.29376024006953683 -1.4548541187873107 -0.057605567574488238 0.20542157289502211,0.20984910308392013 0.07199293043196793 -0.090960901027524188 -0.1803461436346058 -0.14193520231514006 -0.057439292495147211,-0.084438335561396335 -1.3378093386121872 0.15027382687965515 -1.5132241460955966 0.022508078987746379 0.0196244760841452,0.65775201807822281 0.082477564991556965 0.24536960393135221 0.0028562084301724045 -0.36618658952254834 0.49861391331324695,54.046362583269683 -12.019765796194706 3.3694000603866439 0.041109954033577201 0.022127606038836622 0.013566239710322054,7.9294870448371171 -47.653142871738964 -23.197189774068647 -3.1242057211875363 1.090848373918675 2.6807908456312148
ur,tetrapga,17.177259789,0.370546701,0.327974883,0.2039082,36.09157,44.154012,4.51144625,1,0,0,1.867110021,0.028379933,1,5,0,0,0 0 0.050000000000000003,0 0 0.050000000000000003,0 0 0.050000000000000003,wrist_3_link,-1,0,0 0 0,0 0 0,,-0.091381748707656238 -1.334581465024135 0.15043916107848698 -1.5129309078203459 0.025780345843522883 0.014345083844446906,0.033270528575665696 0.051971680500242354 0.046819190932634522 0.0064552958289623335 -0.024515577245094969 0.027077913372944556,0.17190837164786815 -1.2838041754963396 0.28958143738969683 -1.4628919790361563 -0.063827715246890418 0.20278808524042147,0.20701491321886292 0.06587970358313773 -0.097456287107705222 -0.182070717092981 -0.13861359263310374 -0.061302805939371,-0.082588338356431285 -1.3354809889145003 0.15216866839581228 -1.5132536142570576 0.021123760978279504 0.020854194228848686,0.66521297226187404 0.089301612957601417 0.22652180209265238 -0.022010912385783562 -0.37755642966939068 0.48367678306907913,55.98898831644793 -14.870587554634483 1.7236225654242174 -0.12199609871538458 0.052418312389250626 0.012737179749339455,-0.31927693521038236 -58.189407074148221 -30.58623005563652 -3.7560217558921067 3.7383040666688814 -0.083544246875796091
ur,tetrapga,17.221526815,0.371435955,0.32573663,0.160658292,36.102462,43.845484,4.51280775,1,0,0,1.875047925,0.027626928,1,5,0,0,0 0 0.050000000000000003,0 0 0.050000000000000003,0 0 0.050000000000000003,wrist_3_link,-1,0,0 0 0,0 0 0,,-0.089572693221310035 -1.332217969894913 0.15262154600262001 -1.5126903383652517 0.024465171092039974 0.01578395301576711,0.039345054796858826 0.053091700026139298 0.048371640366889332 0.003732792868724512 -0.032957068955062029 0.036315776801375557,0.18100588265087683 -1.2810241811014336 0.28512615085954229 -1.4709854066013712 -0.069887004482039564 0.19999034394194937,0.20397974243354258 0.059710777415180834 -0.10381359556633903 -0.18355336348780371 -0.13511763011670433 -0.065088013698692063,-0.080688727070139521 -1.3330801394005833 0.15405888542186291 -1.5133449478084318 0.019689062290243267 0.022065833214043845,0.67397358984139388 0.096167500515432047 0.20797227783084504 -0.046621437159648546 -0.38817546811455855 0.46834494896699352,57.500549694161037 -17.984849078988098 -0.16633929084567445 -0.30368810173668265 0.089147475941922669 0.011442745871078269,8.0733155750473884 -48.473702927051818 -24.098743729353032 -3.6640021429102489 1.0316935761211781 2.5179238579312511
ur,tetrapga,17.265485791,0.372634915,0.32803636,0.20831352,36.214577,44.194149,4.526822125,1,0,0,1.884769709,0.023566805,1,5,0,0,0 0 0.050000000000000003,0 0 0.050000000000000003,0 0 0.050000000000000003,wrist_3_link,-1,0,0 0 0,0 0 0,,-0.087804842304805106 -1.329909290386649 0.15468227907552981 -1.5125200479901191 0.023182932195797302 0.017105634670438997,0.034320178265155349 0.053760734965964632 0.045651445227197468 0.0039704490206727205 -0.025894639127075052 0.025575132656070518,0.18990268322799256 -1.2785351125761855 0.28042625276581895 -1.4790822382188726 -0.075747150431916863 0.19704787119078146,0.20076452511353224 0.053524910589846486 -0.10999503358110392 -0.18478839201969838 -0.13147297120653623 -0.068772980845480017,-0.078808272872273988 -1.3306748195385556 0.15588033266400869 -1.5135000680632293 0.018251046465910102 0.023208478776650481,0.67981397689979028 0.10248691938257937 0.188718801914041 -0.070946270494255559 -0.39811884713877255 0.4528431043011325,59.407997916449418 -21.201130832867705 -1.9954219559187392 -0.48045317427809642 0.12227537495456239 0.010558480616528705,-0.37011011716413122 -59.400374487925546 -31.247027943094508 -3.834406040162321 3.8122360526033745 -0.078905536254758601
ur,tetrapga,17.309784878,0.374068275,0.327922565,0.20992562,36.067494,44.140335,4.50843675,1,0,0,1.896871964,0.020778515,1,5,0,0,0 0 0.050000000000000003,0 0 0.050000000000000003,0 0 0.050000000000000003,wrist_3_link,-1,0,0 0 0,0 0 0,,-0.086028426019888332 -1.3275685751232451 0.15670182595927568 -1.5124156579747714 0.021866048197153303 0.018392352606461687,0.035187959262348349 0.054601996031070597 0.045105566947678304 0.0027132377786556997 -0.026704244208700528 0.024996357507217598,0.19872091339005749 -1.2763030806157718 0.2754181671201073 -1.4872913318081737 -0.081486812134205597 0.19392047559765041,0.19732477865443979 0.047237742717563154 -0.11608427106993316 -0.18579267529104293 -0.12763162811315276 -0.072408201474856312,-0.076931005163487207 -1.3282525606220172 0.15764679294295439 -1.5137180311644798 0.01679933451322985 0.02429685988260516,0.68591803532424556 0.10864208861037088 0.16946420391402389 -0.095021018184947903 -0.4074016022877317 0.43705552388113444,61.126678086112001 -24.593701644846192 -3.9564865853209841 -0.66673158830585899 0.15890135833868282 0.0094547271657661677,-0.42925497690299608 -59.827424566034097 -31.488842957380371 -3.8623320071847047 3.8389869686363767 -0.077114256236988865
ur,tetrapga,17.354022332,0.375488865,0.325014492,0.170261062,36.24639,44.015239,4.53079875,1,0,0,1.909809863,0.019505761,1,5,0,0,0 0 0.050000000000000003,0 0 0.050000000000000003,0 0 0.050000000000000003,wrist_3_link,-1,0,0 0 0,0 0 0,,-0.084125380464574698 -1.3250670488393459 0.15879032745486626 -1.5123784614075348 0.02043362642894082 0.019719418086568179,0.041080212648340143 0.056373028426954623 0.046055768946955157 -0.0015081226140212759 -0.035729390653978933 0.033071062482144059,0.20737045076643509 -1.2743531449189063 0.27015110061748704 -1.4955280587629753 -0.087045053966202157 0.19063853282669635,0.19369317814347028 0.040912772252705717 -0.12201760405987495 -0.18655408725918704 -0.1236330388691724 -0.075956292710108189,-0.074988093760560176 -1.3257404301449043 0.1594214843610357 -1.5139983533661396 0.015289472773017388 0.025375336159955048,0.69251238168384766 0.11492182322216966 0.15036552026566968 -0.11876338501653799 -0.41587596225849344 0.4208996469210472,62.53229526620305 -28.292470869502129 -6.1046645148361431 -0.86352288991986503 0.19914976515003177 0.0081915032540560151,8.0455146404212883 -49.821795406653109 -25.53915933751739 -4.4555670693835054 1.0085894311114245 2.2112208855034297
ur,tetrapga,17.398138932,0.377248273,0.328340184,0.215051775,36.087726,44.130046,4.51096575,1,0,0,1.925112202,0.014962813,1,5,0,0,0 0 0.050000000000000003,0 0 0.050000000000000003,0 0 0.050000000000000003,wrist_3_link,-1,0,0 0 0,0 0 0,,-0.082293479025227961 -1.3226259555559854 0.16075529377036843 -1.512397275065182 0.019056269410061343 0.020920171604763487,0.035646743436052238 0.05649913351027875 0.043881825646229888 0.0003233504368378669 -0.027743959356868821 0.023234392811088002,0.21583210757290019 -1.2726880852525753 0.26464039014348323 -1.5037705143328859 -0.092408492605346157 0.18721110946485228,0.18987936304764794 0.034565766321827264 -0.12778105555581845 -0.18707268124906812 -0.11948996096584502 -0.079409439364027737,-0.073073274166162397 -1.3232198222385045 0.16113288391452932 -1.5143353975342388 0.01378348420368989 0.026384507192878284,0.69593902834145915 0.12042132649252821 0.13056185610340501 -0.14219791482226421 -0.42367336098118424 0.40459416381487712,64.380462749668283 -32.039467091718166 -8.2020683962867782 -1.0606044252394529 0.23647723597822734 0.007220874249141928,-0.43438755015205288 -61.297091187621845 -32.257766198665536 -3.9526240914447044 3.9212223644592683 -0.071682068616873096
ur,tetrapga,17.442346327,0.379065305,0.324770369,0.176430493,36.161798,43.918408,4.52022475,1,0,0,1.941977678,0.012471614,1,5,0,0,0 0 0.050000000000000003,0 0 0.050000000000000003,0 0 0.050000000000000003,wrist_3_link,-1,0,0 0 0,0 0 0,,-0.080385418016099733 -1.320045455384887 0.16275888828484836 -1.5124910190234828 0.017579425216032653 0.022140553383409936,0.041289490259313978 0.057972120064483136 0.043949516978227535 -0.0049465263181418485 -0.037076879547238858 0.030622420237373098,0.22413822451761406 -1.2713012120395377 0.25886681383378335 -1.5120475537566451 -0.097596309304050152 0.18362577110801345,0.18586900586958044 0.028173378828547719 -0.13339567841280497 -0.18735110016958911 -0.11518930453988462 -0.082780813920646734,-0.071123897518517609 -1.3206257163933222 0.16283355484622691 -1.5147350989775843 0.012236197657102085 0.027366428002605223,0.70068107157668358 0.12586530229669884 0.11095859331726105 -0.16523633734042753 -0.43065713159489838 0.38798721430763922,65.790231852246478 -36.037589909157383 -10.462956662957515 -1.263037611821741 0.27833290184182641 0.0059955517496485342,8.3373638025407217 -50.811940021523696 -26.464573961968654 -4.9829634644165708 0.9450325208346726 2.0888652084205717
ur,tetrapga,17.486337514,0.381166862,0.328477728,0.219423484,36.359584,44.264698,4.544948,1,0,0,1.961359422,0.007100771,1,5,0,0,0 0 0.050000000000000003,0 0 0.050000000000000003,0 0 0.050000000000000003,wrist_3_link,-1,0,0 0 0,0 0 0,,-0.078527793664655871 -1.3175402068507107 0.16464168677462721 -1.5126339318614639 0.016153828741132512 0.023253783097449254,0.036287701319503304 0.057772862263546901 0.042303442994050394 -0.0020760570529594459 -0.028673274300922293 0.021541246436250983,0.2322236702423249 -1.2702022210972537 0.25287872236397962 -1.5202910524153916 -0.10256688626164152 0.17991202728017613,0.18169470166649443 0.021787181051897048 -0.13881666935910145 -0.18738867115034896 -0.11076835234850486 -0.086044026433123713,-0.069204774981403983 -1.3180380845349782 0.16446473606601042 -1.515187501579454 0.010699304404086802 0.02828025845714896,0.70263382627284465 0.13060963587977659 0.090889406947923163 -0.18787326999120926 -0.43696359937881213 0.37126911339021479,67.566854669185858 -40.078124424922471 -12.708989047848146 -1.4710081119242193 0.3179720879377394 0.0049775558595932853,-0.47748817098982954 -62.551411015650046 -32.913522620954268 -4.0282550352039834 3.98890004669693 -0.066456948606024469
ur,tetrapga,17.530683295,0.383487811,0.328469971,0.220786308,36.20665,44.289384,4.52583125,1,0,0,1.983814661,0.002703327,1,5,0,0,0 0 0.050000000000000003,0 0 0.050000000000000003,0 0 0.050000000000000003,wrist_3_link,-1,0,0 0 0,0 0 0,,-0.076670199596479013 -1.31501007253552 0.1664786062848701 -1.5128407012147942 0.01470228036161016 0.024328485650072666,0.037013399911998902 0.058529080071470986 0.041644746133315882 -0.0033135289887127038 -0.029319428819913923 0.020875838157055168,0.24018440887296938 -1.2693791420520624 0.24660482417718066 -1.528597334030009 -0.10737766253563047 0.17602516327598791,0.17730560603013731 0.015331340203333006 -0.14410722854310618 -0.18718531672890382 -0.10617613438010907 -0.089237694675729673,-0.067298434189332748 -1.3154420549993044 0.16603856905797848 -1.5156952673852027 0.0091602175378744585 0.029138977786039549,0.70488163745109389 0.13525294199308099 0.070862235317279962 -0.21014574850980872 -0.44257185562175261 0.3543257165535923,69.141855718393032 -44.303552919207334 -15.053915583823958 -1.6823386639369922 0.36023247700209948 0.0038480290588742876,-0.54568013462130693 -62.925953665352608 -33.117946251116564 -4.0504682165474151 4.0088641601919903 -0.064397131582090594
ur,tetrapga,17.575037693,0.385791211,0.324708934,0.185423637,36.10066,43.811001,4.5125825,1,0,0,2.008044388,0.000569715,1,5,0,0,0 0 0.050000000000000003,0 0 0.050000000000000003,0 0 0.050000000000000003,wrist_3_link,-1,0,0 0 0,0 0 0,,-0.074692994755088463 -1.3123115082345767 0.16836992987986085 -1.513130897275236 0.013137003376425314 0.025425536509619949,0.042472593368330556 0.060902007497152723 0.041352758823211787 -0.0098663595526498442 -0.039067954362821428 0.027104080736710917,0.24794804646698046 -1.2688425473331548 0.24009901683401244 -1.5368908526963703 -0.11198278243474576 0.17199807097837491,0.17273813807185803 0.0088632070224044322 -0.14921777434914765 -0.18674055624270097 -0.10145410145953732 -0.092332522051509783,-0.065334798299754748 -1.3127558737095835 0.16761267004903835 -1.5162687108274029 0.0075699091619302449 0.029979025565208726,0.70761452155698279 0.1401134884196239 0.051052572514835637 -0.2319535621479818 -0.44733766190245527 0.33709605217237215,70.398895202528564 -48.856053890485398 -17.5521716341919 -1.8981108497892607 0.40519502054709666 0.0026658842383979831,8.0981015938093037 -52.08213094063376 -27.813545624461199 -5.6810061741389291 0.97553371969192781 1.7664122097965631
ur,tetrapga,17.618921907,0.388355311,0.32933703,0.225723234,36.147984,44.287494,4.518498,1,0,0,2.034736005,0.00722837,1,5,0,0,0 0 0.050000000000000003,0 0 0.050000000000000003,0 0 0.050000000000000003,wrist_3_link,-1,0,0 0 0,0 0 0,,-0.072800568210055899 -1.3096850355322724 0.17014790566413726 -1.5134509419500366 0.011645582597999013 0.026407994818097278,0.037014247768452198 0.060341553422681965 0.040384717874948017 -0.0054880867238634541 -0.029961724092446185 0.019010070455116181,0.25542624245589401 -1.268594094287276 0.23344312279313117 -1.545071830719472 -0.11633030117491588 0.16788078580905355,0.16804888380305205 0.0024598744391737199 -0.15409012168807146 -0.18606415379288804 -0.096662581708809966 -0.095293607736516378,-0.063409816690494752 -1.3100679655899883 0.16912722543930392 -1.5168857974797032 0.0059966233911941782 0.030752222274563902,0.70723332055132093 0.14406112886747505 0.030867197839510238 -0.25324638637293917 -0.45139031109630634 0.31983901036386231,72.068930188636671 -53.399289139977832 -20.042494866547063 -2.1237732904882178 0.44855716243761995 0.0015862343292188431,-0.55344124759648139 -64.387394436316754 -33.858485128928919 -4.1356903987498299 4.0824330960222532 -0.058644890058083377
ur,tetrapga,17.663314026,0.391019594,0.32501705,0.191780674,36.293108,44.034018,4.5366385,1,0,0,2.064570264,0.011495633,1,5,0,0,0 0 0.050000000000000003,0 0 0.050000000000000003,0 0 0.050000000000000003,wrist_3_link,-1,0,0 0 0,0 0 0,,-0.070842195611913683 -1.3069134992602227 0.17195430110605309 -1.5138575224225859 0.010058556435506325 0.027394575326102254,0.042176261865738134 0.062371848668480799 0.039218957431698995 -0.012994372770747959 -0.039878511499271005 0.024512848769943016,0.26277789746827018 -1.2686286198797432 0.2264968724061098 -1.5533120316934139 -0.12051166539611384 0.16358595212070953,0.16313786994947008 -0.0040141910684424673 -0.15882696082475534 -0.18514227749187243 -0.091702236250633923 -0.098183854057122336,-0.061460698757455634 -1.3073063686638582 0.17062723087876949 -1.5175642908075182 0.0043906660903912306 0.031492041038693172,0.70816342421857248 0.14804547015589184 0.010808450761375651 -0.27407885704674395 -0.4546154778698776 0.30233027979501181,73.308460011481571 -58.219569176243901 -22.636202533897077 -2.3437742562807689 0.49479018041378725 0.00045103706523436337,8.319848445723494 -53.143875265622228 -28.767101086150205 -6.1915183719265769 0.94263876832020976 1.6250332785700294
ur,tetrapga,17.707417261,0.393922299,0.329859517,0.230054816,36.112757,43.811138,4.514094625,1,0,0,2.097466755,0.018495191,1,5,0,0,0 0 0.050000000000000003,0 0 0.050000000000000003,0 0 0.050000000000000003,wrist_3_link,-1,0,0 0 0,0 0 0,,-0.068945686333151651 -1.3042287795648169 0.17364703407723606 -1.5142912258834551 0.0085389931053834588 0.028284008857018244,0.037238685466705217 0.061473935219242534 0.03872821267714522 -0.0076878363786681931 -0.030498607538026214 0.017210390737924703,0.26986222793364589 -1.2689473132332296 0.21939191833243549 -1.5614528866798174 -0.12444541018361849 0.15919437865238553,0.15809691556433475 -0.010435622499978195 -0.16333646215390257 -0.18399157653402584 -0.086668978845892641 -0.10094777615268195,-0.059551554886264763 -1.3045579068526167 0.17206135146594262 -1.518282957112419 0.0028074754691706093 0.032166222717786519,0.7064547073798606 0.15120840771510163 -0.0094726265075184453 -0.29439984586656176 -0.45716926608959185 0.28477472124135184,74.885378486496705 -63.030669025099776 -25.259502035830952 -2.5790111977344559 0.54020223710312099 -0.00066830382531319027,-0.58567616943213352 -65.681291937049537 -34.50822240085563 -4.2088280354955714 4.1443096044739374 -0.053092238397525193
ur,tetrapga,17.751337693,0.396815424,0.325414619,0.197496467,36.195565,43.929319,4.524445625,1,0,0,2.132648167,0.024579331,1,5,0,0,0 0 0.050000000000000003,0 0 0.050000000000000003,0 0 0.050000000000000003,wrist_3_link,-1,0,0 0 0,0 0 0,,-0.066974995533263651 -1.3013956103199336 0.17536666335250184 -1.5148166126844567 0.00692174145675586 0.029175366251775886,0.04236619001809247 0.06385039429244263 0.037202535434333779 -0.016000126863643459 -0.040618475127330578 0.022001356080172285,0.27669281801069234 -1.2695457749146968 0.21212313912325609 -1.5695044880564972 -0.12814009657404415 0.15470225817305516,0.15292152398660616 -0.016812973438369287 -0.16762752577781334 -0.18261519917564942 -0.081560178407875689 -0.10359105552938237,-0.057615183163080626 -1.3017403862180994 0.17347831096948893 -1.5190623577852689 0.0011937714285584064 0.032807570861404511,0.70601150583544647 0.15454654602196372 -0.029462054966663397 -0.31407161085387186 -0.45885462930060361 0.2670970470779136,76.019199420611841 -68.131805548310382 -27.957013362419165 -2.8032371515802303 0.58759286902783592 -0.0017492103478708486,8.1986980811028616 -53.997738208534429 -29.624470025537789 -6.6258033903677642 0.9665630590385712 1.4298760389709102
ur,tetrapga,17.795363258,0.399965447,0.325952925,0.200537995,36.02466,43.740231,4.5030825,1,0,0,2.171899126,0.032265893,1,5,0,0,0 0 0.050000000000000003,0 0 0.050000000000000003,0 0 0.050000000000000003,wrist_3_link,-1,0,0 0 0,0 0 0,,-0.065063346549907142 -1.2986434593143592 0.17697818433784307 -1.5153741484715035 0.0053586272588903453 0.029983354964912497,0.042719704456267507 0.065053212921652045 0.036504102461952161 -0.017443800889940471 -0.041047501139834131 0.020778334827723233,0.28330830960957321 -1.2704262580317793 0.20465230706477078 -1.5775096626459646 -0.13161646117029124 0.15008532612366979,0.14758337521433429 -0.023181070747876842 -0.17172398246746709 -0.18100719989664951 -0.076350511444126676 -0.10612874730055116,-0.055704670142107601 -1.2989308616344912 0.17483357882090825 -1.5198837432141685 -0.00040265043725901378 0.033390410043472318,0.70432433929828608 0.15763264146728145 -0.049333604094719437 -0.33318626072278701 -0.45985622262292375 0.24936839128922683,77.24332458206058 -73.344891791273241 -30.731327763445798 -3.0398898241730765 0.63543921805054937 -0.002845858699119787,7.9521655259813429 -54.503941168391066 -30.080699218329642 -6.7897156012113555 1.0314826100573287 1.3007751226893163
ur,tetrapga,17.8391702,0.403235182,0.331430456,0.236175597,36.086311,43.847832,4.510788875,1,0,0,2.214496353,0.040328406,1,5,0,0,0 0 0.050000000000000003,0 0 0.050000000000000003,0 0 0.050000000000000003,wrist_3_link,-1,0,0 0 0,0 0 0,,-0.063161528873278985 -1.2958488314388128 0.17856154419771894 -1.5159678849836919 0.0038039447472002358 0.030734606547582179,0.03737351104998738 0.063795674325481957 0.036703058783993152 -0.010771125085343078 -0.03119020283421492 0.014535943171411022,0.28965450087660027 -1.2715799815594808 0.19704411639118705 -1.5853998898918158 -0.13484612267823384 0.1453829129539933,0.14212761721650077 -0.029486240803065642 -0.17559196618036496 -0.17918303476034417 -0.071086595309741984 -0.10854020166467225,-0.053830819547501123 -1.2961110491951944 0.1761430355118711 -1.5207393637423627 -0.0019805161460044298 0.033915498564513501,0.70028499502402175 0.15984966768219575 -0.069315749680309319 -0.35169370542905276 -0.46014541262188008 0.23162378362328104,78.705772908844153 -78.553424037403659 -33.537895466535957 -3.2877074575677359 0.68362352284184125 -0.0039992326352662096,-0.65115794801585025 -67.538240940853029 -35.426339483249421 -4.3104854755138149 4.227548151189195 -0.04483934063485151
ur,tetrapga,17.883090597,0.406521255,0.327050673,0.206957878,36.245908,44.279115,4.5307385,1,0,0,2.260445565,0.047546142,1,5,0,0,0 0 0.050000000000000003,0 0 0.050000000000000003,0 0 0.050000000000000003,wrist_3_link,-1,0,0 0 0,0 0 0,,-0.061186656992570553 -1.2928959693283621 0.18016929868331982 -1.5166623365861165 0.002148583363027107 0.031482644631543447,0.042303786089688739 0.066622631675349736 0.03458794801180276 -0.020177037798985324 -0.0414154810251747 0.01817413221621178,0.29577413199847735 -1.2730131629999839 0.18925076969982882 -1.5932254604309262 -0.13785104323691141 0.14056481095273707,0.13651888344679369 -0.035769482921838076 -0.17925727145973461 -0.1771327360277242 -0.065736896687902779 -0.11084180830396421,-0.051926986245977164 -1.2932048234452207 0.1774438447153652 -1.5216572379515907 -0.0035924611209517182 0.034409256743093183,0.69771900300733369 0.16233572706971783 -0.089040297778782279 -0.36954847341888064 -0.45956184118288212 0.21377314313308904,79.702609473566966 -84.086461194408912 -36.395614816631642 -3.5191916325628672 0.73287190322516438 -0.0050052975559158512,7.957379062576365 -55.641207138969548 -31.043681772626314 -7.2261803770188635 1.0672032135828422 1.1238888353324512
ur,tetrapga,17.927478134,0.410111409,0.327794134,0.209961893,41.947724,49.781336,5.2434655,1,0,0,2.299837968,0.055771659,1,5,0,0,0 0 0.050000000000000003,0 0 0.050000000000000003,0 0 0.050000000000000003,wrist_3_link,-1,0,0 0 0,0 0 0,,-0.05928666343492188 -1.2900356015300039 0.18167083198426781 -1.5173730843923512 0.00056347337771256033 0.032147559821689813,0.042331750784416526 0.067546627386009001 0.033747196358009102 -0.021462571452892036 -0.041562002208622995 0.016873710417177105,0.30170555149620448 -1.2747409788069284 0.1812158347203153 -1.6010378534283174 -0.1406477317654288 0.13559541044167203,0.13071497567363438 -0.042073632400226317 -0.18274109212390466 -0.17483880196324869 -0.060265238766604515 -0.11304757419262791,-0.047459049764612446 -1.291119494644805 0.17771146455231507 -1.5236130323169335 -0.006208790421148495 0.035477376217977988,0.78848197232511197 0.16162791520144623 -0.098640872534476537 -0.37835409439406442 -0.45691411560785594 0.20419296315445534,64.765128504172537 -87.322567044068947 -36.624895421690624 -3.2539818014713329 0.70748767974397764 -0.0031711465677807171,7.7625581177722154 -56.195044848348516 -31.494283955310834 -7.3769822390340778 1.1293131504106859 1.0109883589622086
ur,tetrapga,17.97733266,0.414250304,0.328003202,0.211103861,34.911142,42.628808,4.36389275,1,0,0,2.368816777,0.041503845,1,5,0,0,0 0 0.050000000000000003,0 0 0.050000000000000003,0 0 0.050000000000000003,wrist_3_link,-1,0,0 0 0,0 0 0,,-0.057141230377617785 -1.2867318215783163 0.18333476054289688 -1.518250104731387 -0.0012577315952754717 0.032850397970838489,0.04626307577438777 0.069748156078050266 0.032414421273750001 -0.022967590040269849 -0.042821855923654673 0.01578492336230139,0.30805658986610557 -1.2770137500251102 0.17201333973791952 -1.6096847605685731 -0.14349762663555243 0.12990073058025001,0.12404116324312138 -0.049090485096243024 -0.18638497175271559 -0.17200111141874971 -0.054052243397417196 -0.11537818433934106,-0.046565651360928995 -1.2876192365713592 0.17953984748319524 -1.5241314121610854 -0.0073855203860410893 0.03561051090970329,0.71681108877326483 0.163302692525159 -0.12290813305133999 -0.39998045461562381 -0.45653242222863821 0.18082797691188107,76.604528882316629 -94.108375932075958 -42.069430884140687 -3.9739824610121377 0.81688459054155094 -0.0072973628468242261,3.9667957495330199 -59.579263585105764 -31.665579180918144 -3.9144189021526472 3.7603045017731755 -0.0076791843962666917
ur,tetrapga,18.020062571,0.417965322,0.334063189,0.246998011,39.579784,46.965693,4.947473,1,0,0,2.411878364,0.070409189,1,5,0,0,0 0 0.050000000000000003,0 0 0.050000000000000003,0 0 0.050000000000000003,wrist_3_link,-1,0,0 0 0,0 0 0,,-0.055323447178046464 -1.2838460518271202 0.18476109943595753 -1.5189940703660434 -0.0027670220162035655 0.033387208666761509,0.034962180687954161 0.064765668946448168 0.03312851986350146 -0.013721951273483907 -0.030201740480561422 0.010377495674630968,0.31323239123500479 -1.2792387845518998 0.16398655630013556 -1.6169784819215343 -0.14569262268976507 0.12493022200231142,0.11819682572317673 -0.055043700169654902 -0.18927791692348445 -0.16935320482901137 -0.048679258248430043 -0.1172500665517693,-0.042435150838493974 -1.2853962231918881 0.17974557637895316 -1.5261247951104491 -0.0098470714089663076 0.036416282623659563,0.78999368458929853 0.1599646491764069 -0.13744801155407815 -0.40971479976551661 -0.45202195192307476 0.17019965933646408,64.904459201614316 -97.399751519750268 -41.765209894232243 -3.6638264440669159 0.78749230927771974 -0.0045952725895053205,-0.52467537196781677 -70.929463439323627 -37.049701720143048 -4.4974793067503924 4.3734829245650637 -0.03203151202255583
ur,tetrapga,18.067123469,0.421205465,0.321853061,0.211929108,34.151727,41.73012,4.268965875,1,0,0,2.481129962,0.048266358,1,5,0,0,0 0 0.050000000000000003,0 0 0.050000000000000003,0 0 0.050000000000000003,wrist_3_link,-1,0,0 0 0,0 0 0,,-0.052568102872914788 -1.2807247805226307 0.1860482830463164 -1.5202425376873661 -0.0048572028950506713 0.034162152204103159,0.057811059511706141 0.064685339655933996 0.026165684360115005 -0.027787801901158486 -0.044271224231400869 0.014650316770531002,0.31864092627866114 -1.2819820724838693 0.15500883470900412 -1.6248753847039834 -0.14784344626448778 0.11936646058946421,0.11163440792519087 -0.061527546688071068 -0.19221455277994712 -0.16621139598412749 -0.042720295169034132 -0.11917540045591686,-0.041798232462050527 -1.2817818605923299 0.18159581885604437 -1.5266277964417494 -0.010949311078689537 0.036451332085919677,0.7129242992067315 0.15983015811617088 -0.16263885707380196 -0.43051625535522009 -0.4496467408351309 0.14526433400478861,77.120662278345137 -104.43944766714439 -47.553210697293792 -4.4230536810382493 0.90778150600708474 -0.0093484276714070249,2.0310004141567219 -59.179807753273963 -31.789366240660115 -4.1764981035403252 3.4866104570515706 0.0088243823646365627
ur,tetrapga,18.108956114,0.424737254,0.330087768,0.244317514,39.506036,46.907147,4.9382545,1,0,0,2.52286869,0.082660421,1,5,0,0,0 0 0.050000000000000003,0 0 0.050000000000000003,0 0 0.050000000000000003,wrist_3_link,-1,0,0 0 0,0 0 0,,-0.050508052303368564 -1.2781415604371207 0.18718513253874447 -1.5211211665748863 -0.0063615694784875882 0.034641614625972844,0.041818419134577241 0.06178541397867432 0.02872863735445216 -0.01738024960123254 -0.031876333057846928 0.0098375649798970698,0.32318701992687165 -1.2846752534834716 0.14691730846791251 -1.6317666018573227 -0.14951924380073828 0.11434738144848874,0.10569635624474102 -0.06722067740150954 -0.19460260366924362 -0.16322452466402307 -0.037395056496107512 -0.12076534454643623,-0.037716055946387481 -1.2796366789301401 0.18155785835904953 -1.5287686342379148 -0.01335628500543265 0.037074155965831981,0.78245393449907041 0.15438832792343821 -0.17941111470873361 -0.43968690786013276 -0.44423866584919974 0.13440665561237677,65.981078684162497 -107.57377734842282 -46.725958886491547 -4.0526955453132381 0.86686646060789641 -0.0058201667623489347,-1.1616712565754028 -70.102113224453205 -36.647627057979207 -4.4301858619292034 4.3103249566897848 -0.030315114114685571
ur,tetrapga,18.155965736,0.428096576,0.322427466,0.209035344,39.458062,46.830692,4.93225775,1,0,0,2.585364666,0.071394626,1,5,0,0,0 0 0.050000000000000003,0 0 0.050000000000000003,0 0 0.050000000000000003,wrist_3_link,-1,0,0 0 0,0 0 0,,-0.047687489943159307 -1.2751067681461599 0.18828661589613005 -1.5224906784595966 -0.0084221004478562556 0.035286853355315638,0.059170015813483537 0.064581771852698866 0.023063313815689178 -0.03046828595846738 -0.043911513263296932 0.011808860060344444,0.32799676573754061 -1.2879839916628324 0.13771092066065896 -1.6393567033118883 -0.1511360615988383 0.10863092265687108,0.098912888582294675 -0.07353203775863229 -0.19703362228718685 -0.15965537196300503 -0.031388487823334948 -0.12241393909758569,-0.033707597982802109 -1.2773328974386031 0.18168588947497877 -1.5307913768259149 -0.015651605248669313 0.037597133118464361,0.81266455784729152 0.14641297444275336 -0.19426978354261026 -0.44902894157245177 -0.44110829782884531 0.12122535065768375,60.445661400755128 -110.46478944643276 -48.350169189735652 -4.144727868296707 0.87686576454487675 -0.0062598119709090481,0.71062361379796357 -58.091583038260978 -31.355301565517948 -4.1066845127543274 3.4511414590786416 -0.022683781190494301
ur,tetrapga,18.202901641,0.432166635,0.324002737,0.234915773,34.074754,41.749743,4.25934425,1,0,0,2.677835111,0.080090635,1,5,0,0,0 0 0.050000000000000003,0 0 0.050000000000000003,0 0 0.050000000000000003,wrist_3_link,-1,0,0 0 0,0 0 0,,-0.045346075649458861 -1.2720852349700065 0.18948011118054089 -1.5236431080680184 -0.010182702187216459 0.035739535043009675,0.054211702680306402 0.06969367191654309 0.019902836661196983 -0.038930848992085244 -0.052117954589357092 0.013294241191267825,0.33247823615027816 -1.2915812517728071 0.12841127032859223 -1.6467623563145328 -0.15246828255272296 0.10284956526651387,0.09203087366584306 -0.07973481714287628 -0.19919152317405345 -0.15587327961806149 -0.025377789967467503 -0.1239125489221231,-0.03389126565396508 -1.273477211772434 0.18383646189766967 -1.5309742654130067 -0.016393230655871407 0.037412047154144895,0.70444639527067587 0.15398180398383804 -0.21831730376126718 -0.46962787075500811 -0.43450961724106518 0.092964134175984703,76.929599931871252 -120.39624722901979 -55.881348380918745 -5.0901440705058212 1.0444169540130717 -0.012212947752369894,13.071941572117822 -63.769270237518867 -35.237365971522877 -5.2866328539876122 3.2661875478028435 0.21228335386473418
ur,tetrapga,18.244723912,0.435381442,0.327569654,0.257401943,39.440411,46.929487,4.930051375,1,0,0,2.723485173,0.103612302,1,5,0,0,0 0 0.050000000000000003,0 0 0.050000000000000003,0 0 0.050000000000000003,wrist_3_link,-1,0,0 0 0,0 0 0,,-0.04287780104494144 -1.2693536176574629 0.19036564655084831 -1.5249050652019571 -0.011940741258995474 0.036181275599415051,0.053827834162914479 0.062969101639769001 0.022575989083171939 -0.025395396530389615 -0.036758784289327398 0.0090658579593128497,0.33619742726688884 -1.2950299541345562 0.12004444807049779 -1.6532077007895463 -0.15341757638782003 0.097641544125781479,0.085813178898810752 -0.085172479580307089 -0.20088567103652535 -0.15232454580149538 -0.020018973475019127 -0.12512260581234114,-0.030000528763413498 -1.2712802640759475 0.18356022083207249 -1.5332828693621607 -0.018696041909791388 0.037755558677426332,0.76717134228695838 0.14575614596796044 -0.23856715361148048 -0.47823800023956997 -0.42699170039237028 0.081400551495486945,66.863203131257933 -123.59491215736304 -54.458624332134889 -4.6501574967162336 0.98900390593720089 -0.0075933799679205015,-1.0374014266539859 -74.361917780547628 -38.610291385203595 -4.6164439725198463 4.5098223268584228 -0.027959078080655786
ur,tetrapga,18.291759944,0.43852261,0.322469957,0.210559198,39.718085,47.382634,4.964760625,1,0,0,2.791283037,0.095096279,1,5,0,0,0 0 0.050000000000000003,0 0 0.050000000000000003,0 0 0.050000000000000003,wrist_3_link,-1,0,0 0 0,0 0 0,,-0.039654351080039958 -1.2663530515297663 0.19115619893335764 -1.5265739767230893 -0.014094205154564908 0.036690613058328894,0.063648091777470675 0.061793810832032163 0.017648707725661111 -0.033129591177220002 -0.041648143237947889 0.0074018798326557994,0.34006754537724904 -1.2991778868613717 0.11055579181428854 -1.6602747902960435 -0.15421754909743587 0.091727020101322568,0.07873149141332117 -0.09118053596558183 -0.20253173892949458 -0.14813843590663645 -0.013998225058970304 -0.12634127815768431,-0.026068788925744036 -1.2689708472530361 0.18342045343536056 -1.5354961277549894 -0.020922529013771542 0.038031145629655316,0.79314942710326009 0.13470171079577467 -0.25484524025415189 -0.48631019407459342 -0.42211828659834705 0.067727919625417896,61.696045301525146 -126.38546815025435 -55.93818223469551 -4.7329399335820082 0.99707105714647781 -0.0079672716737267391,-2.4520381262336173 -59.007894760477939 -31.583879733758295 -3.9699126162022367 3.6032639012913847 -0.099174020397938989
ur,tetrapga,18.339249119,0.442916391,0.325440668,0.239312836,39.502062,47.115791,4.93775775,1,0,0,2.871366375,0.11740345,1,5,0,0,0 0 0.050000000000000003,0 0 0.050000000000000003,0 0 0.050000000000000003,wrist_3_link,-1,0,0 0 0,0 0 0,,-0.037312347708315395 -1.2634504595707674 0.19213578160338282 -1.527827042068248 -0.015764223488192643 0.036969630518701821,0.052389854544065785 0.068339858413664592 0.01469247200249558 -0.042081029775785199 -0.049848404695268626 0.0078406241580960736,0.34363492295313919 -1.3036495967231259 0.10090379861650818 -1.6672053915575855 -0.15473828633535508 0.085701000829695381,0.071494190054709653 -0.097123718696800684 -0.20391359057675593 -0.14370960371253069 -0.0079362439742676569 -0.12741783440015508,-0.022488259619349631 -1.2665807954840878 0.18342268792897112 -1.5375393331314284 -0.022958860258187483 0.038188267418492634,0.79892737525814206 0.12624435604937834 -0.27207469355018737 -0.49505959976808434 -0.41573845322861153 0.052812570821410096,59.756285733404482 -130.16508523002716 -57.899838586838825 -4.8740302728529121 1.0238350529204878 -0.0084518866317876938,12.236204826300309 -64.312192135060286 -35.896925378638912 -5.4350779418800812 3.3511543154440133 0.11406577222794567
ur,tetrapga,18.3864643,0.446801929,0.324163282,0.249997254,39.657834,47.384971,4.95722925,1,0,0,2.95423091,0.120025175,1,5,0,0,0 0 0.050000000000000003,0 0 0.050000000000000003,0 0 0.050000000000000003,wrist_3_link,-1,0,0 0 0,0 0 0,,-0.034592366899985245 -1.2603592185052366 0.19291881143487713 -1.5294357215466967 -0.017720020118633269 0.037270109588591414,0.063385180908536232 0.068414841306720126 0.010014395759150141 -0.047702989922749177 -0.053501317630738683 0.0076162748521312927,0.34683910053965511 -1.3083722670297175 0.091249062149495061 -1.6738828807370527 -0.15497122957782211 0.079662710226359304,0.064220038545710623 -0.10290292851133463 -0.20500721800734839 -0.13911227670446807 -0.0019364547778882499 -0.12833397617040151,-0.019126576577913192 -1.2640804210948358 0.18347444109207689 -1.5395443173440402 -0.024913404357343079 0.038254598480692681,0.79846373270460647 0.11812251806992426 -0.29028471417261592 -0.50386088860324163 -0.4080317667589996 0.036983814958561095,58.714255748715729 -134.43252351857382 -60.004250178252995 -5.0293143679041723 1.0545375616687076 -0.0089374669539636683,12.80193790737853 -68.010893451763877 -37.499588073224118 -5.5504942137768012 3.5789391836033886 0.086918259380553309
ur,tetrapga,18.433951396,0.450273716,0.321485398,0.251780517,39.595365,47.061994,4.949420625,1,0,0,3.03898804,0.115152594,1,5,0,0,0 0 0.050000000000000003,0 0 0.050000000000000003,0 0 0.050000000000000003,wrist_3_link,-1,0,0 0 0,0 0 0,,-0.031435642042155466 -1.2573771096607638 0.19347038934156671 -1.5312504668599409 -0.019786629388204347 0.037557280950166388,0.07015556794433217 0.064129061563816661 0.0053592603973248425 -0.049978558081266486 -0.053330404428224676 0.0063450639173786433,0.3497136046681304 -1.3133941282817667 0.081493338248767616 -1.6803754146402312 -0.15492063843364698 0.073549705225075437,0.056833552171461126 -0.10857770123967107 -0.20582441803611715 -0.13430123712661016 0.0040599751956099661 -0.12909954877912647,-0.015850831422277417 -1.2615300216540632 0.18349890194201535 -1.5415698610673632 -0.026825508032826531 0.038243995796072086,0.79412644021977663 0.10932144778541275 -0.30931577655633247 -0.5123757930493783 -0.39922467722619503 0.020465837249981446,58.135303693779733 -138.87950804913953 -62.160452129224538 -5.1912261205617174 1.0869609519215153 -0.0094307881512546866,11.410281550312646 -68.876798759903977 -37.76707754091251 -5.4868044038221342 3.6832773380721946 0.042356337372481789
ur,tetrapga,18.481116632,0.453525885,0.319244276,0.249597525,39.639984,47.163117,4.954998,1,0,0,3.12325831,0.114836167,1,5,0,0,0 0 0.050000000000000003,0 0 0.050000000000000003,0 0 0.050000000000000003,wrist_3_link,-1,0,0 0 0,0 0 0,,-0.028096277097129158 -1.254604967406896 0.1938210619014121 -1.5331489749663123 -0.021835578527653381 0.037793175833298526,0.072333804832091328 0.059783511141243688 0.0013724807970044951 -0.051196618964576883 -0.052123872422690863 0.0046612909455921881,0.35221993781568095 -1.3186453267580207 0.071771967744076098 -1.6865935646456931 -0.15458961927393652 0.067445815189788427,0.049435819379834114 -0.11407026030330106 -0.20635496728905262 -0.12934506721762062 0.0099677705272468026 -0.12970466918146298,-0.012616551369911399 -1.2589984710772051 0.18344957559847244 -1.5436276706520187 -0.028693948581005751 0.03815933981136177,0.78695518389638908 0.10003587688848453 -0.32873329167745097 -0.52037888874876304 -0.38949036556668726 0.0035061257456033799,57.841136177457088 -143.44585369868028 -64.341815131133814 -5.3559313112779607 1.1203664657538026 -0.0099104573694132874,10.367837366999666 -68.161464624792643 -37.439628698863089 -5.4248301885954788 3.6694554901071328 0.010286320903119872
ur,tetrapga,18.52838593,0.45677103,0.31871041,0.247246046,39.464755,46.833461,4.933094375,1,0,0,3.20993817,0.121588881,1,5,0,0,0 0 0.050000000000000003,0 0 0.050000000000000003,0 0 0.050000000000000003,wrist_3_link,-1,0,0 0 0,0 0 0,,-0.024721466033784636 -1.2519924563971829 0.19402003094315776 -1.5350928418378196 -0.023836949440202124 0.037963639884538859,0.072381371077554685 0.057305255193503955 -0.0014832613677354034 -0.052158641583641308 -0.050952117688159139 0.0028550393634510893,0.35438045255915507 -1.3241644971223909 0.06201068244360098 -1.6925868684280057 -0.15397963991312735 0.061303496831183323,0.041969153944153889 -0.11942435821176371 -0.20660555998222724 -0.12420864227753686 0.0158303545026964 -0.13015551549212268,-0.0094205620776103109 -1.2565207693526768 0.18330754041549488 -1.5457159014217337 -0.030511174186772027 0.038000553241006096,0.77777724480080512 0.090774756822727704 -0.34808112739927499 -0.52774224667173741 -0.37893442388207194 -0.013732698584973696,57.698708706476289 -148.18697475200889 -66.578623596190397 -5.5248704666034394 1.1549267184986582 -0.010378069843725336,9.8235888034848955 -67.29325784176217 -37.08690685686804 -5.3888905611038354 3.6343555112191765 -0.01577736410730779
ur,tetrapga,18.575288689,0.460005132,0.319775619,0.24664646,39.488819,47.040768,4.936102375,1,0,0,3.298157734,0.136262742,1,5,0,0,0 0 0.050000000000000003,0 0 0.050000000000000003,0 0 0.050000000000000003,wrist_3_link,-1,0,0 0 0,0 0 0,,-0.02136541577881753 -1.2494520228788264 0.19411885374157853 -1.537072374773254 -0.025794317059511809 0.038064513108101321,0.071705166894201464 0.056586638821691918 -0.0033342349962706087 -0.052994882282696346 -0.04993509418722579 0.0010023422774730329,0.35617430961654556 -1.3298873868284076 0.052319915162756199 -1.6982899473856914 -0.15310203636960376 0.055191367618889126,0.034516958692908981 -0.12458140073805041 -0.20657639568800168 -0.11895303543844753 0.021579851500290015 -0.13044872814557584,-0.0062694163708160618 -1.2540990628206212 0.18307417826255196 -1.5478298571347107 -0.032273105382943111 0.037767967341168593,0.76716989153744197 0.081814989209515188 -0.36702381056725042 -0.53435467190784081 -0.36764318476460606 -0.031071983332478084,57.620099275825964 -153.1292089097301 -68.886276600147283 -5.6986681169874149 1.1906016643466077 -0.010832161523422036,9.5280603907594141 -66.974953136449585 -36.996969070583532 -5.3881192849175932 3.6269545236370817 -0.040532366026511113
ur,tetrapga,18.622408948,0.463458009,0.322180552,0.247352895,39.459921,47.077782,4.932490125,1,0,0,3.391465508,0.156065571,1,5,0,0,0 0 0.050000000000000003,0 0 0.050000000000000003,0 0 0.050000000000000003,wrist_3_link,-1,0,0 0 0,0 0 0,,-0.018164254204762295 -1.2470209145797262 0.19414274741852852 -1.5390172667672246 -0.027647375698177719 0.038092929755943271,0.072076577546468498 0.057359355630297267 -0.0048026481064411992 -0.054428235735926006 -0.04957000548850269 -0.00086729788669281005,0.35762366761150099 -1.3358765846726766 0.042592127814766442 -1.7037676732001428 -0.15195060711344399 0.04904068342546556,0.0269953495955262 -0.12959999644152537 -0.20626919492918219 -0.11352235067737593 0.027278289954409275 -0.13058872048356901,-0.0031971662951047648 -1.2517434985589699 0.18275774208495754 -1.5499484843206552 -0.033962242717040139 0.037461824669617491,0.75574494181244556 0.073253400192979892 -0.38544730833862573 -0.54022184725840616 -0.35569621943489932 -0.048422909415392713,57.535099070452333 -158.27509855982277 -71.268838615771898 -5.8772075182195476 1.2272758356576796 -0.011271996451830461,9.2914306641186784 -67.083125110217225 -37.102934315911398 -5.4042484048768529 3.6452328559533171 -0.06526691163661269
ur,tetrapga,18.669567069,0.466836164,0.324321806,0.250111429,39.662687,47.210629,4.957835875,1,0,0,3.488897702,0.177176822,1,5,0,0,0 0 0.050000000000000003,0 0 0.050000000000000003,0 0 0.050000000000000003,wrist_3_link,-1,0,0 0 0,0 0 0,,-0.014842690379101442 -1.2444551942433795 0.19412083930127336 -1.541081402470071 -0.029549526048641174 0.038050707719158139,0.070531018227777034 0.057634031828788262 -0.0058725185387115018 -0.054808672662227352 -0.048313977607309516 -0.0027690897033844043,0.35871869033166054 -1.3421033956358537 0.0328775687881366 -1.7089902086597539 -0.15053144764670431 0.042882105383788505,0.019441487268512029 -0.13445354444245741 -0.20568402852319087 -0.10794510209473089 0.032893549008604264 -0.13057392078663765,-0.00016285043421888565 -1.2494034758468087 0.18237166520290929 -1.5520935335237451 -0.035603514228240783 0.037083449813715572,0.74321211029147793 0.064743329178227782 -0.40335639829020242 -0.5452274582646206 -0.34305633482233011 -0.065699452301607758,57.457571675732623 -163.58151855296342 -73.714971121447874 -6.0602934131543353 1.2648001456606985 -0.011709949401959879,9.1617880502184477 -67.84795086144095 -37.516714304477318 -5.4607540728575259 3.6963794044701359 -0.089778441045837098
ur,tetrapga,18.716848803,0.470343465,0.326030407,0.253059675,39.52584,47.166114,4.94073,1,0,0,3.590964315,0.199654351,1,5,0,0,0 0 0.050000000000000003,0 0 0.050000000000000003,0 0 0.050000000000000003,wrist_3_link,-1,0,0 0 0,0 0 0,,-0.011589456627256262 -1.2418896085054809 0.19404725041425017 -1.5431610088416983 -0.031400217735444255 0.037935474376019226,0.069012017233034434 0.057459509430558796 -0.007156083682538129 -0.055073748831186521 -0.046863731062564563 -0.004676564092851985,0.35945850817387737 -1.3485721846893006 0.023171807602432381 -1.7139591955575102 -0.14884499350110417 0.03671175184694573,0.011850362746611044 -0.1391440397255046 -0.2048199744929145 -0.10221972808944355 0.03842572351991657 -0.1304039205450595,0.002819274764517557 -1.247076673555223 0.18192391976524128 -1.5542553907217895 -0.037190803114918264 0.036633784961489085,0.72984709345706011 0.05604193205965366 -0.4208302176019022 -0.54937354614160827 -0.32976412628520158 -0.082833874125397888,57.373412412403717 -168.98771108344226 -76.194337847717975 -6.2452788071562964 1.302676066850454 -0.012136392802304413,8.9567594358226259 -68.72340397787957 -37.958951235774634 -5.5103610619707979 3.7574822342554768 -0.1141464628686748
ur,tetrapga,18.764086867,0.473948901,0.327281537,0.255428055,39.461989,46.807167,4.932748625,1,0,0,3.696895524,0.223391801,1,5,0,0,0 0 0.050000000000000003,0 0 0.050000000000000003,0 0 0.050000000000000003,wrist_3_link,-1,0,0 0 0,0 0 0,,-0.0084075863040652416 -1.2393468897808468 0.19391060370775812 -1.5452529379087978 -0.033192380206184292 0.037747074136033329,0.067583316489921844 0.056891500853091151 -0.0087812801401337473 -0.055508235825220194 -0.045469386519434253 -0.0065750668718847259,0.35983898069352088 -1.355252200851609 0.013522322504061211 -1.7186502952606233 -0.14690138614516779 0.030558778117423992,0.0042576769264022337 -0.1436487132459098 -0.20368135655356859 -0.096375660565559254 0.043845505786181453 -0.13007953602810446,0.0057393072604199329 -1.2447683635400986 0.18141744061343662 -1.5564259614496139 -0.038718164031394595 0.036114026874089468,0.71584347050298858 0.046983008979554888 -0.43789376724148404 -0.55264799149301536 -0.31587083053104159 -0.09976004766933258,57.265742187704227 -174.44032865187231 -78.681059425937178 -6.4299396753741389 1.340461318973144 -0.01254432111737352,8.895768400472825 -69.37391102131096 -38.31420825340615 -5.5613530674563663 3.8016457606767631 -0.13802618014388202
ur,tetrapga,18.810958995,0.47758277,0.328386333,0.257233209,39.425093,46.843943,4.928136625,1,0,0,3.805195362,0.249146009,1,5,0,0,0 0 0.050000000000000003,0 0 0.050000000000000003,0 0 0.050000000000000003,wrist_3_link,-1,0,0 0 0,0 0 0,,-0.0052840537875618668 -1.2368374214009645 0.1937003363463797 -1.5473631126695959 -0.034928119493679931 0.037485884617821867,0.066383875281252239 0.056181264277688076 -0.010511519494960197 -0.055959172570630003 -0.044053628527792529 -0.0084587806190680234,0.35986197170267881 -1.3620864757330595 0.0040070985023011856 -1.723029500584714 -0.14472245258851565 0.024472187359837201,-0.0032758890167949228 -0.14793378109066366 -0.20228184665389579 -0.09046393552939587 0.049108157332878287 -0.12960577403830895,0.0085943283157032743 -1.2424854621461319 0.1808522412088065 -1.5586004476550195 -0.040182187269465659 0.035525827150498401,0.70135766483974482 0.037520732449684589 -0.45449041733209794 -0.55502480021582556 -0.3014417966691289 -0.11639552000356587,57.121071336892371 -179.90086648892861 -81.158682499007242 -6.6130429709792828 1.3778727089437406 -0.012931946496752071,8.7505827748440659 -69.871115088123588 -38.584981368828039 -5.5970486412734317 3.8386769648769672 -0.16154882816745442
ur,tetrapga,18.857876635,0.481294179,0.329518366,0.258717205,39.467233,46.855953,4.933404125,1,0,0,3.917854345,0.275721677,1,5,0,0,0 0 0.050000000000000003,0 0 0.050000000000000003,0 0 0.050000000000000003,wrist_3_link,-1,0,0 0 0,0 0 0,,-0.002214158244807249 -1.2343637500194011 0.19341477026285939 -1.5494915007674668 -0.036606853753256868 0.037152501635085433,0.065205660975064458 0.055466988405043681 -0.012198764061178927 -0.056331857582986776 -0.042582664058748214 -0.010321699049828282,0.35953153398744386 -1.3691241074953844 -0.0054454134939858623 -1.7271330061444985 -0.14229724038640551 0.018405459902928328,-0.010807743396109562 -0.15203361781271871 -0.20061462715630818 -0.084443488697537067 0.054252156639334109 -0.12898100422341466,0.01138379370055762 -1.2402336249787829 0.18022825344847979 -1.5607751821163345 -0.041580439240395672 0.034870804583740228,0.68644837838766537 0.027676142027302047 -0.47057750313637925 -0.55649639814863172 -0.28651066890198279 -0.13271139858744302,56.935356702496577 -185.36142508023318 -83.626410396292755 -6.7946697401290805 1.4149218221613491 -0.013302944422632721,8.5509472102276334 -70.289856890897681 -38.807580741589959 -5.6228435014218121 3.8721705348627609 -0.18463123784550817
ur,tetrapga,18.904802958,0.485211809,0.330207807,0.278481347,39.546053,47.293272,4.943256625,1,0,0,4.034785614,0.303678738,1,5,0,0,0 0 0.050000000000000003,0 0 0.050000000000000003,0 0 0.050000000000000003,wrist_3_link,-1,0,0 0 0,0 0 0,,0.0006721073689582663 -1.232033865573672 0.19308460305275427 -1.5515216085785921 -0.0381446513063846 0.036772070934435193,0.060694865989690552 0.05258233894502836 -0.01085213435525354 -0.054661362570704135 -0.039899539182100846 -0.011426853058589329,0.35884794223518174 -1.3763509071700455 -0.014815236781271238 -1.7309525010030402 -0.13963324364855545 0.012370443108224469,-0.018323258821344356 -0.15593980481495542 -0.19868362388229305 -0.078328671826220261 0.059264593786927965 -0.12820661220945784,0.014071592754962274 -1.2380449198090491 0.17955318250848123 -1.5629188702668377 -0.042890860505220854 0.034156556530098525,0.67071508005263869 0.017345664897567743 -0.48614479287972467 -0.55713519224133712 -0.27117103126351827 -0.14869558032027957,56.800383365865009 -190.76126943802268 -86.100851497222237 -6.9788167901740019 1.4523854387413717 -0.013704731993391828,10.944536906384901 -67.929720708773857 -41.772202001770665 -12.274696634540305 1.4793941331518283 -1.155449771280999
ur,tetrapga,18.952167841,0.489085756,0.332651562,0.261050054,45.10746,52.565952,5.6384325,1,0,0,4.147480801,0.331791338,1,5,0,0,0 0 0.050000000000000003,0 0 0.050000000000000003,0 0 0.050000000000000003,wrist_3_link,-1,0,0 0 0,0 0 0,,0.0036495625289550476 -1.2296075827222599 0.19263939612407946 -1.5537179004653054 -0.039733025413699684 0.03628842307495634,0.06379938868033827 0.054809440794523677 -0.015529603378320149 -0.057504453690817484 -0.039987654403264239 -0.014114574808669549,0.35780092527633001 -1.3838263793742698 -0.02417449847396419 -1.7345146765936699 -0.13670916893410459 0.0063194284147100764,-0.025882198863605637 -0.15968064297114284 -0.19647088254019493 -0.072072242234200376 0.064180920663363242 -0.12727472347125457,0.018448216910165696 -1.2371289722315191 0.1770967242229449 -1.5662291774973007 -0.044590832788054299 0.03317176130338307,0.70992224234921597 -0.017339944654160815 -0.51152937388686659 -0.55755355761338032 -0.2618377090327933 -0.1564098183872516,49.425650012804866 -188.8271532092254 -82.621504499371426 -6.4827149452395574 1.3562055165990186 -0.00907878306486214,8.0870837664971305 -70.980097351482073 -39.157508101501094 -5.6520187478581647 3.9326166176480513 -0.22854192558756381
ur,tetrapga,19.004803409,0.493392528,0.335966072,0.252449282,39.495071,46.940833,4.936883875,1,0,0,4.298152407,0.326362563,1,5,0,0,0 0 0.050000000000000003,0 0 0.050000000000000003,0 0 0.050000000000000003,wrist_3_link,-1,0,0 0 0,0 0 0,,0.0069762989212271715 -1.2268723580378234 0.19204276238165358 -1.5562369755560002 -0.041466845998812139 0.035646495295248659,0.066419927375766144 0.055097163454785561 -0.016390252297355391 -0.054349494866695554 -0.035666175629147819 -0.015126565383302008,0.35621842423718159 -1.3923353987377298 -0.034444488341929556 -1.7381233448372939 -0.13319103876596997 -0.000348688260291768,-0.03423990118571911 -0.16359444094483319 -0.19370591573010573 -0.065032604950807385 0.069465672462418651 -0.12606395108429569,0.020942061527886063 -1.2347373187285575 0.17668911458587902 -1.5681740832371003 -0.045760761801038996 0.032397594008207652,0.67022801534777687 -0.021562505514031025 -0.5180148977987582 -0.55536952912739923 -0.24386571432263443 -0.17410634958629256,51.857511815588964 -196.05861685611998 -88.468467697240769 -7.1243940242703792 1.4757056724557556 -0.014106216201804446,3.0641962716914719 -74.603070834538812 -37.867392320535373 -4.3619143960595466 4.3024952064192519 0.044317912337291432
ur,tetrapga,19.051810492,0.497517509,0.334786352,0.295368667,39.443761,46.863358,4.930470125,1,0,0,4.42586311,0.369393302,1,5,0,0,0 0 0.050000000000000003,0 0 0.050000000000000003,0 0 0.050000000000000003,wrist_3_link,-1,0,0 0 0,0 0 0,,0.0097320703369923618 -1.2245714231884923 0.19154223493372033 -1.5583168971686812 -0.042851635753650363 0.035060835512703066,0.061596898576712737 0.053941742813646248 -0.02349017022309749 -0.064402679954112474 -0.041441733923877913 -0.018759818913206699,0.35443439422212802 -1.4001032779373983 -0.043486690678970659 -1.7410312424807097 -0.12981803791344229 -0.0062461184380086408,-0.041656623714477092 -0.16686869517549452 -0.19096899189677616 -0.058679598642217626 0.074017579856146973 -0.12482866149500461,0.023264612902528639 -1.2324114597111062 0.17615586910516848 -1.5701344545498093 -0.046836448405160075 0.031537978177810344,0.64063114797784082 -0.026951858244771771 -0.53081569706019116 -0.55308348020811349 -0.22537101526194236 -0.19067827650510494,53.350823035511091 -203.22629245937301 -91.722893600551501 -7.3687478160966755 1.5292864434398077 -0.014418881514812666,14.353288365502422 -79.006774233452234 -44.305300052421444 -6.7427975045593485 4.3135322273175518 -0.35127838178058823
ur,tetrapga,19.098767831,0.501102549,0.330194135,0.286455229,44.906676,52.619234,5.6133345,1,0,0,4.541045845,0.376775276,1,5,0,0,0 0 0.050000000000000003,0 0 0.050000000000000003,0 0 0.050000000000000003,wrist_3_link,-1,0,0 0 0,0 0 0,,0.012766452608338596 -1.2225019240679649 0.19062032607187521 -1.5606621631455917 -0.04429742463028729 0.034373505865391715,0.065219776045233893 0.042632572157877906 -0.024220927314703843 -0.058987892108672432 -0.03521640308274078 -0.018453358076321247,0.35230538841109038 -1.40801163732995 -0.052385045889504121 -1.7436366477573788 -0.12623884179478739 -0.012075964236295601,-0.049012064351227312 -0.16992733208471592 -0.1879876313693975 -0.052281696589703344 0.078398753267320542 -0.12345159777158989,0.027318500982969045 -1.2316893172559198 0.17350529693327013 -1.5733675290184466 -0.048237505999383846 0.030305951495695416,0.67076976709307168 -0.064568687266100905 -0.55732866359102728 -0.5521388643620313 -0.21480444703359611 -0.19830845663148117,47.28351639520298 -200.94717184025717 -88.013648757679391 -6.8655174364022518 1.4301779501113692 -0.0097101743347568562,9.7548310664821969 -71.805131551028353 -42.968284322307227 -11.61978889448892 2.1950217189783103 -1.5103226692270084
ur,tetrapga,19.151466779,0.504986794,0.333334317,0.248084234,39.688285,47.214248,4.961035625,1,0,0,4.696545174,0.366907758,1,5,0,0,0 0 0.050000000000000003,0 0 0.050000000000000003,0 0 0.050000000000000003,wrist_3_link,-1,0,0 0 0,0 0 0,,0.016250275977482815 -1.2203437177262442 0.18943613469361428 -1.5633496210242719 -0.045846202737030134 0.033491496696038424,0.067637125255187017 0.043950565832413191 -0.026259357706313619 -0.05569784580783952 -0.030579915812086477 -0.019833087554783253,0.3495065787110086 -1.417051511757534 -0.062197362324454025 -1.7462015585317918 -0.12198221496633428 -0.018537365401966061,-0.057192756394052309 -0.17310312231062575 -0.18435348427219964 -0.045052874028960299 0.083109110569600755 -0.12173843968841282,0.029573826632931142 -1.2293897812518071 0.17300080628141037 -1.5752349297542603 -0.049194459891825408 0.029377311517052029,0.62779774122708021 -0.067107984537259219 -0.56090001459543359 -0.54648472067594667 -0.1943474653099217 -0.21562828677363075,49.676620712980359 -208.87163226725221 -94.16318968512094 -7.5254403761623507 1.5562683183109223 -0.014823304667501057,2.0337689329181075 -73.678432553831954 -37.212635068955933 -4.2531802412113393 4.1556700475762796 0.058353295638852387
ur,tetrapga,19.198756905,0.508962256,0.334958498,0.292834307,39.489759,46.908923,4.936219875,1,0,0,4.831017389,0.424117975,1,5,0,0,0 0 0.050000000000000003,0 0 0.050000000000000003,0 0 0.050000000000000003,wrist_3_link,-1,0,0 0 0,0 0 0,,0.019013677800949307 -1.2184828498384963 0.18855151552624252 -1.5654775008931434 -0.047033427661211026 0.032725643203030425,0.060357941167669564 0.045965128255723103 -0.030795417923861753 -0.064403078702831532 -0.035637670625671261 -0.024044079035563638,0.34662984462330282 -1.4253002945397537 -0.07083328882118925 -1.7481780684598758 -0.11795587314604339 -0.024255079028856666,-0.064457678795240309 -0.17571815181439163 -0.1808387407098829 -0.038533814653106076 0.087142288128297968 -0.12005264012247291,0.031693853047573425 -1.2272301574537527 0.17232232381054166 -1.5771223611579868 -0.050045468818965155 0.028361879950637547,0.59500795801311712 -0.070888631741080121 -0.57076997756303804 -0.54084858318134588 -0.17390837565099354 -0.23156431397339203,51.181424494657897 -216.5925350994732 -97.638555052668153 -7.785111047537665 1.6127383447511452 -0.015111250462254698,12.794764802227363 -78.364986093526568 -43.925146117267218 -6.6400659316195743 4.3342442641536678 -0.4364728818389878
ur,tetrapga,19.245734585,0.512410215,0.333018198,0.265750611,45.029578,52.737461,5.62869725,1,0,0,4.946709273,0.441476653,1,5,0,0,0 0 0.050000000000000003,0 0 0.050000000000000003,0 0 0.050000000000000003,wrist_3_link,-1,0,0 0 0,0 0 0,,0.022061463494573701 -1.2166368600397297 0.18728495780536464 -1.5679432266757376 -0.048322995206142125 0.031797867993076587,0.064623669765150854 0.038926029832882077 -0.032347763209363521 -0.059835767112093513 -0.030164261729272994 -0.024183793220637836,0.34343380622721953 -1.4336117824713632 -0.079242113950568863 -1.7498357870956662 -0.11377169908095761 -0.02985285906472988,-0.071594589575073184 -0.17809296754722134 -0.17711563597376356 -0.032038598920167506 0.090960436895602043 -0.11824147998828319,0.035448329445967729 -1.2267962992793069 0.16941081398804309 -1.5802819605520835 -0.051131240139793331 0.02688214004798942,0.61981564534976386 -0.11128800035959205 -0.59772989263880727 -0.538373910667589 -0.16263506948829176 -0.23865480636050312,45.742993798429211 -213.86309121829316 -93.620702886163684 -7.2623096616888114 1.5076981221129382 -0.010246454673190986,6.3688367826479606 -73.673089768843965 -39.862591705872092 -5.5434012672922108 4.0989821879856407 -0.30959365277054474
ur,tetrapga,19.298557121,0.516611591,0.335282837,0.247567539,39.647547,47.162482,4.955943375,1,0,0,5.111274857,0.445930214,1,5,0,0,0 0 0.050000000000000003,0 0 0.050000000000000003,0 0 0.050000000000000003,wrist_3_link,-1,0,0 0 0,0 0 0,,0.025184796642787652 -1.2148137669244277 0.18595604267374782 -1.5704359356710025 -0.049540524405281144 0.030768198585433875,0.061402574223791993 0.039818379819381237 -0.030469219007462026 -0.054800572818245165 -0.02539495250793939 -0.024415570458692946,0.33944232245553058 -1.4430837947553661 -0.088481393157196261 -1.751335011683181 -0.10885858005523602 -0.03604141603441903,-0.079513967833490545 -0.18049465505603055 -0.17266111428113831 -0.024725385799245127 0.095021547311283316 -0.11604575408614361,0.037490349384838625 -1.2246913488078071 0.16876882651460898 -1.5820540798600251 -0.051858102916469612 0.025815577780146176,0.57598790519339582 -0.11133532780759095 -0.59728684395492138 -0.52920320612918292 -0.14056771963706052 -0.25475962103035832,47.855427571961819 -222.36639560856455 -100.04332373705489 -7.9368011331370676 1.6393123001074557 -0.015411867288542937,2.652391650604045 -73.280198378039131 -37.135130851938129 -4.2655453140469035 4.1091973181742674 0.057956630933695408
ur,tetrapga,19.34578938,0.520722536,0.339037248,0.29589566,44.886985,52.332106,5.610873125,1,0,0,5.23471469,0.511996547,1,5,0,0,0 0 0.050000000000000003,0 0 0.050000000000000003,0 0 0.050000000000000003,wrist_3_link,-1,0,0 0 0,0 0 0,,0.027750583541444458 -1.2130965910197993 0.18490496601061437 -1.5725301934072087 -0.050523807010128985 0.029826136003204634,0.056074968146410539 0.043448473957483538 -0.034201147932692529 -0.062943453765666069 -0.029699227232807754 -0.029263823948130072,0.33552151087399723 -1.4516548434575047 -0.096537844461696526 -1.752348449045241 -0.10428899972334321 -0.041473367647724454,-0.086491609140571815 -0.18239885152901714 -0.16844466353652671 -0.018188939265556443 0.098438194247405145 -0.11394277952722773,0.041013010386171916 -1.2244458786257177 0.16580145026678192 -1.5850680025069732 -0.05271982939638014 0.024222994502949513,0.5925164879564484 -0.15048431978069315 -0.62304923456205019 -0.5255510829585246 -0.1285641930017585 -0.26173789666977709,43.546514009896619 -219.96882602896119 -96.27518273431879 -7.439981224271448 1.5403958788578136 -0.010463321067844946,11.747736967154538 -79.483141208449524 -44.38434902673032 -6.6420088383247275 4.453804899585549 -0.52210307932126909
ur,tetrapga,19.398195096,0.524708318,0.337943109,0.256157225,39.649317,47.006529,4.956164625,1,0,0,5.397466591,0.492379135,1,5,0,0,0 0 0.050000000000000003,0 0 0.050000000000000003,0 0 0.050000000000000003,wrist_3_link,-1,0,0 0 0,0 0 0,,0.03094328793067528 -1.2111599575928327 0.18326603912536063 -1.5752804994455283 -0.051715196419072476 0.028530936904963559,0.06264549390681283 0.036527693829845956 -0.035196092268372593 -0.05531098400069339 -0.022206232203636728 -0.027567274547407743,0.33078866800748169 -1.4612630880494426 -0.10523731605047004 -1.7531119451942283 -0.099036207673633816 -0.047380220347621349,-0.094108830933504764 -0.18424028275390236 -0.16351704919723994 -0.010952957351616792 0.1019847820100485 -0.11145896956988345,0.042862481594367882 -1.2222985016315806 0.16521394001168149 -1.5867304748995816 -0.053308055285450899 0.023081879875473669,0.54586275874800738 -0.14676291260575525 -0.61920722051435217 -0.51366855885010931 -0.10492302972424636 -0.27726255115628917,45.702226106823616 -229.48180014645649 -103.10020955535057 -8.1386129030379717 1.6788477063806277 -0.015625390975138688,2.0890404385575323 -77.083096783526344 -38.423583787734287 -4.3583640620099686 4.1846814392808227 0.081414005925473987
ur,tetrapga,19.445269449,0.528637868,0.337839689,0.299594602,39.50416,46.892859,4.93802,1,0,0,5.537146123,0.553991786,1,5,0,0,0 0 0.050000000000000003,0 0 0.050000000000000003,0 0 0.050000000000000003,wrist_3_link,-1,0,0 0 0,0 0 0,,0.033509607275748469 -1.2096986884067682 0.1819744382319492 -1.5773943549625431 -0.052565841417124393 0.027470555113982918,0.055290931133832662 0.036422552672499248 -0.039440422397188368 -0.062046165923022277 -0.025321163330682499 -0.032298982364447636,0.32619987938000966 -1.4699701561708414 -0.11282629676529292 -1.7534750574940101 -0.094164801615469376 -0.052571950611812565,-0.10083064530159512 -0.18564924029724356 -0.15887481835683204 -0.0044792851512864447 0.10494577601885785 -0.1090963210595321,0.044599625581514431 -1.220326411771572 0.1644195808215676 -1.5884145908220169 -0.053779982019625083 0.02184987027446491,0.50942036543129177 -0.14723293982106142 -0.62306052456659144 -0.50226829647755766 -0.082185042975062336 -0.29114733600502973,47.06348642578557 -238.05470837440558 -106.91680571946638 -8.4208396905330467 1.7389923519755059 -0.015871287938519097,11.060781183055468 -81.186114546160752 -44.939190282846425 -6.6217994261760396 4.5658641189567248 -0.55895327631870373
ur,tetrapga,19.49223986,0.532250289,0.333228287,0.283984844,45.038506,52.661177,5.62981325,1,0,0,5.650589234,0.572813326,1,5,0,0,0 0 0.050000000000000003,0 0 0.050000000000000003,0 0 0.050000000000000003,wrist_3_link,-1,0,0 0 0,0 0 0,,0.036143797267466277 -1.2083877133557626 0.18038561185869051 -1.5796621287723744 -0.053402600026054597 0.026291927191006398,0.05598183296411928 0.026450223786916291 -0.037863196099650519 -0.055192457877658432 -0.019825560853342594 -0.030229453710611143,0.32130867442163441 -1.4787186429107444 -0.12017607556415984 -1.7535344246618394 -0.089170308430184211 -0.0576385163765211,-0.10741596491209435 -0.18682249115255123 -0.15404671711359635 0.0019446791550358567 0.1076832288208662 -0.1066182323838305,0.047744291432250438 -1.220375768117026 0.16121263211171555 -1.5912995141133162 -0.054294850507925381 0.020029227199880865,0.52520562335298449 -0.19271172550181653 -0.65033792442744542 -0.49737273167495383 -0.070255182783450956 -0.29698758544592052,42.750073643237428 -234.33947340547695 -102.44186460392417 -7.8794943495169827 1.6267635300621333 -0.010986513386611444,6.7622950521682412 -72.222933754101177 -42.597726554074711 -10.458290233624211 3.0894440729923502 -2.216861514955518
ur,tetrapga,19.544971205,0.536341998,0.33729028,0.244018088,39.444808,47.110422,4.930601,1,0,0,5.819556738,0.589861225,1,5,0,0,0 0 0.050000000000000003,0 0 0.050000000000000003,0 0 0.050000000000000003,wrist_3_link,-1,0,0 0 0,0 0 0,,0.039045303843948158 -1.2069859491486918 0.17857437407798793 -1.5821632245692134 -0.054216524556437086 0.024873894553673778,0.054932071724170028 0.031025970105751914 -0.036904539603508611 -0.050704342948747191 -0.015031379704545815 -0.030700911992245276,0.31545289036025809 -1.4885987354302932 -0.12815136887725184 -1.7532428951708545 -0.083416714725913235 -0.063184252688699843,-0.11465484425440635 -0.18786159274470712 -0.14840238893144486 0.0091017012138151256 0.11049274123532361 -0.1036968557688616,0.049428006354017472 -1.2185415666675952 0.16040801188391388 -1.5928747845917264 -0.054647117676957839 0.018758782420402634,0.48230783400523891 -0.18915669654402126 -0.64313211887150534 -0.48241800746194263 -0.046481119557455972 -0.31020154651950954,44.158252532993089 -243.46843878274845 -109.03641184966934 -8.5472521621685384 1.7610863279040707 -0.015998345724538759,0.94610784043155149 -73.673299052969014 -36.602713269163814 -4.1404547493584687 3.9052971737613262 0.090547329066083648
ur,tetrapga,19.592155916,0.540577671,0.340949655,0.297727141,45.029406,52.704396,5.62867575,1,0,0,5.939126095,0.668506754,1,5,0,0,0 0 0.050000000000000003,0 0 0.050000000000000003,0 0 0.050000000000000003,wrist_3_link,-1,0,0 0 0,0 0 0,,0.041269303439184758 -1.2056452779958431 0.17726574493980971 -1.5840977121123938 -0.054806018709476996 0.02369133452280453,0.047602022874499432 0.035836686717325435 -0.039140288089461031 -0.057459498668237845 -0.018297428064604295 -0.036412753507242462,0.30989301141146419 -1.4974798964704246 -0.13503069842241236 -1.7526635242825417 -0.078148615982501501 -0.068013073609917832,-0.12098587454884639 -0.18854132036896629 -0.14315954597152175 0.015445431601641036 0.1127658582926251 -0.10096178910844419,0.052340218835651708 -1.2187930143169798 0.15716662669878917 -1.5955879336485701 -0.054940668389789019 0.016850195505199363,0.49150647044717755 -0.23293553759365637 -0.66857550116823905 -0.47628564781003369 -0.034211067692445113 -0.31564465852839607,40.695044331812724 -240.07550972231888 -104.84348772023766 -8.0349494265998729 1.6549481189524295 -0.011078142071372154,9.6008757885108764 -80.828960806933537 -44.659071110286277 -6.5216699967122622 4.6124010576621259 -0.63982968249085559
ur,tetrapga,19.644935419,0.544875448,0.339061613,0.25590348,39.462243,47.055947,4.932780375,1,0,0,6.106600299,0.656572812,1,5,0,0,0 0 0.050000000000000003,0 0 0.050000000000000003,0 0 0.050000000000000003,wrist_3_link,-1,0,0 0 0,0 0 0,,0.043951800413045812 -1.2041063721093646 0.17536513598266507 -1.5866134969480792 -0.055488563787351154 0.022085317251456356,0.052495018205807251 0.029006957684606604 -0.04002433978791875 -0.050266872242517122 -0.011768499558793735 -0.033771849714731524,0.3033242973745241 -1.5074449837288206 -0.14242735125681982 -1.7516627875818753 -0.072135742207374134 -0.073258200300381854,-0.12789442734677062 -0.18902135194641545 -0.1370903912829641 0.022460695401594444 0.11503435582542768 -0.097771848186541555,0.053818618911859697 -1.2169250307751383 0.15645517594538952 -1.5970144502874191 -0.055154331796621034 0.015536746271618791,0.44693833671708155 -0.22545974709176131 -0.65763517677723504 -0.45876610871479878 -0.0095862681691561459 -0.32777896361281422,42.065849261263445 -250.06756797779789 -111.76071878972051 -8.7185845516559812 1.7943426769636099 -0.016018489942526682,1.6974738211970646 -77.840851595187814 -38.385522012887918 -4.3359747097147192 4.0698491747326813 0.099797627352728568
ur,tetrapga,19.692065715,0.548976364,0.339350018,0.302555795,39.468599,47.147003,4.933574875,1,0,0,6.246900212,0.725524826,1,5,0,0,0 0 0.050000000000000003,0 0 0.050000000000000003,0 0 0.050000000000000003,wrist_3_link,-1,0,0 0 0,0 0 0,,0.046103969145272622 -1.2029723345606449 0.17386387845673501 -1.5885351157420602 -0.055936112760316146 0.020787724610382471,0.046027495096100442 0.029381091417740177 -0.043503132915754861 -0.055791488370981183 -0.01372084606294717 -0.039172601466941091,0.29715442849925111 -1.5163587487118415 -0.14875728812908701 -1.7504582144439393 -0.066671325069118145 -0.07779685354082698,-0.1339011976153269 -0.18919984416702315 -0.13149746508985982 0.028642084996815455 0.11681191162381384 -0.094811105763906986,0.055174904918966081 -1.2152260739471814 0.15556579720533675 -1.5984322753583082 -0.055241406552615863 0.01414218156703546,0.41061891134077666 -0.22365235596358937 -0.6551949310800852 -0.4422079027143544 0.013546219094064133 -0.33841404827072574,42.935357549066147 -258.80028286360493 -115.62221880672578 -8.9997319389931114 1.8529010886558557 -0.016194038155607344,9.082747604653548 -83.004938800621858 -45.383369322350973 -6.5099815334979212 4.7441233186516882 -0.6672728318526282
ur,tetrapga,19.739289591,0.552770273,0.335732975,0.266864726,44.919025,52.320651,5.614878125,1,0,0,6.356590525,0.746054354,1,5,0,0,0 0 0.050000000000000003,0 0 0.050000000000000003,0 0 0.050000000000000003,wrist_3_link,-1,0,0 0 0,0 0 0,,0.048293081041767903 -1.2019763167258413 0.17205726890152478 -1.5906103831221643 -0.056346141447222942 0.01933515558464682,0.048643281259013245 0.021318724706840663 -0.045193214820362371 -0.051115982400573648 -0.0088473094567226539 -0.038013207227594853,0.29069213144373657 -1.525293070246927 -0.15483171861943454 -1.7489611078076723 -0.061117629069619379 -0.082202139079953343,-0.13975911787646264 -0.18914230669193521 -0.12573839227719305 0.034746930446436473 0.11835536209493061 -0.091742487591715494,0.057665653575504378 -1.2157641291456471 0.15216892586492223 -1.6009359212333598 -0.055177124481978097 0.012051002285706212,0.41887266267376766 -0.27428474841183564 -0.68228928834709546 -0.43517377194150414 0.025296614228598892 -0.34253831429441262,39.550930953074484 -253.90785763424762 -110.6868119612442 -8.4437174371067236 1.7341766373994747 -0.011431299904108464,4.0796483419447327 -75.88922108191673 -40.029708904253766 -5.3098158816492287 4.2339939788322738 -0.42459069871926403
ur,tetrapga,19.791686898,0.556974426,0.336337571,0.243461167,39.502082,46.87545,4.93776025,1,0,0,6.51967128,0.76850969,1,5,0,0,0 0 0.050000000000000003,0 0 0.050000000000000003,0 0 0.050000000000000003,wrist_3_link,-1,0,0 0 0,0 0 0,,0.050697294764282863 -1.2009673307522042 0.17004162300617964 -1.592825167280693 -0.056659219072765526 0.017662283246784569,0.044761201890853343 0.023162191928348484 -0.040465698652169549 -0.044343719676840546 -0.0046207107439795959 -0.035736973129378631,0.28320307408618883 -1.535195976983265 -0.16124894697120382 -1.7469654782246766 -0.05487732953111471 -0.086917513622265991,-0.14606231458867572 -0.18880233955803366 -0.1191775910425617 0.041404717652623158 0.11978674506526803 -0.088223283842031625,0.05895337805551152 -1.2142083223105187 0.15128862677782748 -1.6022306130326553 -0.055155360090740513 0.010638132533955763,0.37872758727540184 -0.26792473857393673 -0.66856087916340856 -0.41529896689568802 0.04903586283811228 -0.35196228713240418,40.228489708700899 -263.12203774700066 -117.16540238854594 -9.0785504789051625 1.8658310923859325 -0.016126347345982422,0.53117661111295433 -74.34753793010259 -36.519175071454015 -4.1163280041973849 3.7886409551761489 0.10547025299424106
ur,tetrapga,19.838635205,0.561267095,0.339653237,0.299057503,34.016818,41.545464,4.25210225,1,0,0,6.64964373,0.854782147,1,5,0,0,0 0 0.050000000000000003,0 0 0.050000000000000003,0 0 0.050000000000000003,wrist_3_link,-1,0,0 0 0,0 0 0,,0.052503017001389388 -1.1999699458697823 0.16856993244107621 -1.5945168266639771 -0.056845918500598447 0.016286697315514801,0.038169633398118352 0.028249159128453927 -0.041977642016526581 -0.049656456336989813 -0.0065106093837958984 -0.042123967014961509,0.27621671789236368 -1.5440479157788314 -0.16670329752350152 -1.7448837957795857 -0.049228442852719899 -0.090983489339494891,-0.15152745809994592 -0.18825205882807886 -0.1131563174755911 0.047256281612254321 0.12081605696446603 -0.084972481586245041,0.062297193218677882 -1.2171442401542054 0.14549814453734813 -1.6055720717165922 -0.054751947034753265 0.0078306355031273756,0.4179779514323273 -0.36699062276218813 -0.72381257102954688 -0.41768421803581074 0.050426453975245207 -0.35093852578919343,34.45980074537885 -245.63997280472992 -104.32254293682556 -7.7782326151979868 1.5890649964643047 -0.0066378353631579897,7.4787741152726142 -82.392070463059099 -44.858625482273396 -6.3456415798154922 4.7708052865746708 -0.7329415170383129
ur,tetrapga,19.880254108,0.564828401,0.331160547,0.266466188,39.596968,47.220123,4.949621,1,0,0,6.709787301,0.840415093,1,5,0,0,0 0 0.050000000000000003,0 0 0.050000000000000003,0 0 0.050000000000000003,wrist_3_link,-1,0,0 0 0,0 0 0,,0.0541540783076132 -1.199078458564107 0.16699499119292757 -1.5961878307229607 -0.056982104280909107 0.014884713846072782,0.037188240159462829 0.015308139681868149 -0.034261674439453847 -0.034535951828186605 -0.0022499458930458106 -0.028771858798338441,0.26981210909316306 -1.5518692181320497 -0.17129980570518294 -1.7428107983796264 -0.044184754177906578 -0.094458687134530123,-0.15622278904252951 -0.18757115219373677 -0.10771339345706087 0.052345916277364332 0.12152724132907934 -0.082017218495594582,0.063184765631331713 -1.2153513869134076 0.14533294051800219 -1.6063736904125847 -0.054702338495909761 0.0067141248938307726,0.36542028348813504 -0.340450506615115 -0.69243042969649948 -0.39346263575282492 0.075893405974897882 -0.3600058713389388,36.134549349476494 -258.54921105165232 -114.91530468281539 -8.8725652123411898 1.8211162538890591 -0.015795396706203002,-0.89244962535633476 -82.129256782131051 -39.96992818863589 -4.5353844844294144 4.0687719095957675 0.088712942621565816
ur,tetrapga,19.927546837,0.568805702,0.344247326,0.347525945,28.691856,36.129357,3.586482,1,0,0,6.861810337,0.931271976,1,5,0,0,0 0 0.050000000000000003,0 0 0.050000000000000003,0 0 0.050000000000000003,wrist_3_link,-1,0,0 0 0,0 0 0,,0.055963536053618208 -1.198219236413036 0.16517744636337187 -1.5980305126189105 -0.057043859091815738 0.013238204578064671,0.042203496021453762 0.025274126885554277 -0.056463337872872561 -0.058672402703021473 -0.0040850332148180809 -0.053719239161294501,0.26230115499152978 -1.5607174136450364 -0.17624543006380089 -1.7402007709033616 -0.038422772647404263 -0.098256537781500036,-0.16138230389368946 -0.1865785968515925 -0.10141705393243242 0.058009700562137979 0.12210487378411136 -0.078579338279638464,0.066365179727711152 -1.2188548159902295 0.13935947739379351 -1.6095391802179415 -0.054085867835921501 0.003841980637039753,0.39755354717668001 -0.43793069395951312 -0.74668754333125964 -0.39568985236140591 0.077058762334032707 -0.35902085509956694,31.541459967907592 -240.85643701750405 -102.23571834318741 -7.6063107165292223 1.5496733142037993 -0.0065141109250989723,11.261828160029268 -95.188015214110237 -52.128891724481775 -7.4900147975358777 5.6137257636483042 -0.9927484415817176
ur,tetrapga,19.963818741,0.571158256,0.33048959,0.285792443,39.549888,48.137252,4.943736,1,0,0,6.855173015,0.870364548,1,5,0,0,0 0 0.050000000000000003,0 0 0.050000000000000003,0 0 0.050000000000000003,wrist_3_link,-1,0,0 0 0,0 0 0,,0.057606163214874197 -1.197753452365369 0.16319732238563905 -1.5997778288702813 -0.057048881004533064 0.011673284705629842,0.046404619849197144 0.0023695280576506317 -0.05521062019442597 -0.044287464005794051 0.0012644534934579984 -0.039015400388466272,0.25637776118832478 -1.5674687375412428 -0.1798352759374563 -1.7380192820847926 -0.033988344393768161 -0.1010580878968371,-0.1652091633720664 -0.18566073493597299 -0.096513462513632922 0.062261956299892382 0.12238138389810925 -0.075887900381150841,0.066923256569931394 -1.2167750443269683 0.13965064077709063 -1.6100473781058138 -0.05400054204011951 0.0028648704752901903,0.34348112031029315 -0.39944955309130098 -0.70854425591865244 -0.36857227772257783 0.1032601881675517 -0.36687124280787764,33.031686544730007 -255.9987624954455 -113.43380842825407 -8.7141442364351924 1.7871812824908906 -0.015092097485419807,0.37673421882328739 -88.852797775139152 -42.868866446067329 -4.8043016072124374 4.3706147994668072 0.12016762662791436
